canonical_name,category,year,source_file,entity_raw,amount_current,section_name,table_index,row_index,in_series
Acquisition and maintenance of laboratory equipment,direct_rd,1993,1993 eli-etat-leg-memorial-1992-a100-fr-pdf.pdf,Acquisition et entretien de matériel de laboratoire,500000.0,Ministry of Higher Education and Research,0,232,False
Acquisition and maintenance of laboratory equipment,direct_rd,1995,1995 eli-etat-leg-memorial-1994-a114-fr-pdf.pdf,Acquisition et entretien de matériel de laboratoire.,72000000.0,Ministry of Higher Education and Research,0,284,False
Acquisition of Equipment and Software for Research Projects,innovation_instruments,1995,1995 eli-etat-leg-memorial-1994-a114-fr-pdf.pdf,Acquisition d'équipements et de logiciels informatiques dans l'intérêt de projets de recherche,360000.0,Ministry of Higher Education and Research,0,279,False
Acquisition of Equipment and Software for Research Projects,innovation_instruments,1996,1996 eli-etat-leg-memorial-1995-a98-fr-pdf.pdf,Acquisition d'équipements et de logiciels informatiques dans l'intérêt de projets de recherche.,320000.0,Scientific research and applied research,0,319,False
Acquisition of Equipment and Software for Research Projects,innovation_instruments,1998,1998 eli-etat-leg-memorial-1997-a98-fr-pdf.pdf,Acquisition d'équipements et de logiciels informatiques dans l'intérêt de projets de recherche,300000.0,Ministry of Higher Education and Research,0,366,False
Acquisition of Equipment and Software for Research Projects,innovation_instruments,1999,1999 eli-etat-leg-memorial-1998-a109-fr-pdf.pdf,Acquisition d'équipements et de logiciels informatiques dans l'intérêt de projets de recherche,300000.0,Scientific and Applied Research,0,404,False
Acquisition of Equipment and Software for Research Projects,innovation_instruments,2001,2001 eli-etat-leg-memorial-2000-a140-fr-pdf.pdf,Acquisition d'équipements et de logiciels informatiques dans l'intérêt de projets de recherche.,6197.0,Scientific Research and Applied Research,0,470,False
Acquisition of Laboratory Equipment,direct_rd,1996,1996 eli-etat-leg-memorial-1995-a98-fr-pdf.pdf,Acquisition d'appareils de laboratoire,5000000.0,Ministry of Higher Education and Research,0,323,False
"Acquisition of Reagents, Glassware, Instruments, Isotopes, Vaccines and SELUMS",direct_rd,1999,1999 eli-etat-leg-memorial-1998-a109-fr-pdf.pdf,"Acquisition de réactifs, verrerie, instruments, isotopes, vaccins et SELUMS",6000000.0,Ministry of Higher Education and Research,0,407,False
"Acquisition of Reagents, Glassware, Instruments, Isotopes, Vaccines and SEPUMS",direct_rd,1996,1996 eli-etat-leg-memorial-1995-a98-fr-pdf.pdf,"Acquisition de réactifs, verrerie, instruments, isotopes, vaccins et SEPUMS",5000000.0,Ministry of Higher Education and Research,0,322,False
"Acquisition of Reagents, Glassware, Instruments, Isotopes, Vaccines, and Serums",direct_rd,2002,2002 eli-etat-leg-memorial-2001-a148-fr-pdf.pdf,"Acquisition de réactifs, verrerie, instruments, isotopes, vaccins et sérums.",2187872.0,Ministry of Higher Education and Research,0,508,False
Acquisition of Software for Research Projects,innovation_instruments,1993,1993 eli-etat-leg-memorial-1992-a100-fr-pdf.pdf,Acquisition de logiciels dans l'intérêt de projets de recherche,400000.0,Ministry of Higher Education and Research,0,223,False
Acquisition of computer equipment for research projects,direct_rd,1993,1993 eli-etat-leg-memorial-1992-a100-fr-pdf.pdf,Acquisition d'équipements informatiques dans l'intérêt de projets de recherche,500000.0,Ministry of Higher Education and Research,0,222,False
Bacteriology and Parasitology Division: Chlamydia Trachomatis Screening Program in Luxembourg,direct_rd,2009,2009 eli-etat-leg-memorial-2008-a200-fr-pdf.pdf,Division de bactériologie et parasitologie: programme de dépistage de chlamydiatrachomatis au Luxembourg.,25000.0,Ministry of Higher Education and Research,0,740,False
CRP Gabriel Lippmann (Luxembourg),research_institute,2006,2006 eli-etat-leg-memorial-2005-a217-fr-pdf.pdf,Dotation au CRP Gabriel Lippmann pour la recherche,10000000.0,Ministry of Higher Education and Research,0,613,False
CRP Gabriel Lippmann (Luxembourg),research_institute,2011,budget-de-l-etat-2011.pdf,Subvention pour le CRP Gabriel Lippmann,4000000.0,Public Research Center Gabriel Lippmann,0,792,True
CRP Gabriel Lippmann (Luxembourg),research_institute,2014,budget-de-l-etat-2014.pdf,CRP Gabriel Lippmann: operational funding,,Ministry of Higher Education and Research,0,898,True
CRP Gabriel Lippmann (Luxembourg),research_institute,2014,budget-de-l-etat-2014.pdf,Mesures dans l'intérêt de l'accompagnement de la fusion du CRP Gabriel Lippmann et du CRP Henri Tudor: dépenses diverses.,1500000.0,Research and Innovation,0,929,True
Contribution to the Activities of the National Cancer Institute,direct_rd,2020,budget-de-l-Etat-2020.pdf,Participation aux frais des activités de l’Institut national du cancer,400000.0,Ministry of Higher Education and Research,0,1166,False
Contribution to the Costs of Organizing International Scientific Conferences,innovation_instruments,1993,1993 eli-etat-leg-memorial-1992-a100-fr-pdf.pdf,Participation aux frais d'organisation de conférences scientifiques internationales,500000.0,Scientific Research and Applied Research,0,219,False
Contribution to the Costs of Organizing International Scientific Conferences,innovation_instruments,1996,1996 eli-etat-leg-memorial-1995-a98-fr-pdf.pdf,Participation aux frais d'organisation de conférences scientifiques internationales,400000.0,Scientific research and applied research,0,310,False
Contribution to the Costs of Organizing International Scientific Conferences,innovation_instruments,1999,1999 eli-etat-leg-memorial-1998-a109-fr-pdf.pdf,Participation aux frais d'organisation de conférences scientifiques internationales,100000.0,Scientific and Applied Research,0,395,False
Contribution to the Costs of Organizing International Scientific Conferences,innovation_instruments,2001,2001 eli-etat-leg-memorial-2000-a140-fr-pdf.pdf,Participation aux frais d'organisation de conférences scientifiques internationales.,3718.0,Scientific and Applied Research,0,447,False
Contribution to the Costs of Transforming Biotech Buildings 1 and 2 and Acquisition of Initial Equipment,direct_rd,2024,budget-de-letat-2024.pdf,Participation aux frais de transformation des immeubles Biotech 1 et 2 et acquisition de 1er équipement.,2000000.0,Research and Higher Education,0,1311,False
Contribution to the Institute of Research and Innovation,innovation_instruments,2024,budget-de-letat-2024.pdf,Contribution à l'Institut de Recherche et d'Innovation,53000000.0,Research and Innovation,0,1285,False
Contribution to the Operating Costs of Research-Development Organizations,direct_rd,2007,2007 eli-etat-leg-memorial-2006-a236-fr-pdf.pdf,Participation aux frais de fonctionnement d'organismes de recherche-développement,253000.0,Ministry of Higher Education and Research,0,668,False
Contributions in the Interest of Applied Research and Innovation,innovation_instruments,1982,1982 eli-etat-leg-memorial-1981-a100-fr-pdf.pdf,Contributions dans l'intérêt de la recherche appliquée et de l’innovation,25000000.0,Ministry of Higher Education and Research,0,62,False
Contributions to International Research Projects and Programs,science_agency,1990,1990 eli-etat-leg-memorial-1989-a81-fr-pdf.pdf,Contributions à des projets et programmes de recherche internationaux et cotisations à des organismes internationaux,30000000.0,Scientific Research and Applied Research,0,164,False
Contributions to International Research Projects and Programs,science_agency,1992,1992 eli-etat-leg-memorial-1991-a83-fr-pdf.pdf,Contributions à des projets et programmes de recherche internationaux et cotisations à des organismes internationaux.,460000.0,Scientific Research and Applied Research,0,201,False
Contributions to International Research Projects and Programs,science_agency,1996,1996 eli-etat-leg-memorial-1995-a98-fr-pdf.pdf,Contributions à des projets et programmes de recherche internationaux et cotisations à des organismes internationaux.,290000.0,Scientific research and applied research,0,318,False
Contributions to International Research Projects and Programs,science_agency,1998,1998 eli-etat-leg-memorial-1997-a98-fr-pdf.pdf,Contributions à des projets et programmes de recherche internationaux et cotisations à des organismes internationaux.,155000.0,Ministry of Higher Education and Research,0,365,False
Contributions to International Research Projects and Programs,science_agency,1999,1999 eli-etat-leg-memorial-1998-a109-fr-pdf.pdf,Contributions à des projets et programmes de recherche internationaux et cotisations à des organismes internationaux,50000.0,Scientific and Applied Research,0,403,False
Contributions to International Research Projects and Programs,science_agency,2001,2001 eli-etat-leg-memorial-2000-a140-fr-pdf.pdf,Contributions à des projets et programmes de recherche internationaux et cotisations à des organismes internationaux.,2023718.0,Scientific and Applied Research,0,461,False
Contributions to International Research Projects and Programs,science_agency,2004,2004 eli-etat-leg-memorial-2003-a184-fr-pdf.pdf,Contributions à des projets et programmes de recherche internationaux et cotisations à des organismes internationaux.,3497546.0,Scientific and Applied Research,0,566,False
Contributions to International Research Projects and Programs,science_agency,2006,2006 eli-etat-leg-memorial-2005-a217-fr-pdf.pdf,Contributions à des projets et programmes de recherche internationaux et cotisations à des organismes internationaux.,5376500.0,Research and Innovation,0,620,False
Contributions to International Research Projects and Programs,science_agency,2009,2009 eli-etat-leg-memorial-2008-a200-fr-pdf.pdf,Contributions à des projets et programmes de recherche internationaux et cotisations à des organismes internationaux.,13100000.0,Ministry of Higher Education and Research,0,729,False
Contributions to international research networks,science_agency,1997,1997 eli-etat-leg-memorial-1996-a89-fr-pdf.pdf,Cotisations à des réseaux de recherche internationaux,74000.0,Ministry of Higher Education and Research,0,336,False
Contributions to international research networks,science_agency,2002,2002 eli-etat-leg-memorial-2001-a148-fr-pdf.pdf,Cotisations à des réseaux de recherche internationaux.,8800.0,General Expenses,0,484,False
Credits for research and technological development activities,direct_rd,1987,1987 eli-etat-leg-memorial-1986-a104-fr-pdf.pdf,Credits pour activités de recherche et de développement technologique,600000.0,Scientific Research and Applied Research,0,112,False
Division of Toxicological and Pharmaceutical Chemistry,direct_rd,1995,1995 eli-etat-leg-memorial-1994-a114-fr-pdf.pdf,Division de la chimie toxicologique et pharmaceutique: surveillance des drogués; acquisition de réactifs.,5000000.0,Ministry of Higher Education and Research,0,285,False
Endowment to the Virtual Knowledge Center on Europe,direct_rd,2004,2004 eli-etat-leg-memorial-2003-a184-fr-pdf.pdf,Dotation au Centre Virtuel de la Connaissance sur l'Europe.,1995000.0,Scientific and Applied Research,0,562,False
Environmental Impact Assessment: Applied Research Work; Study Costs; Indemnities,direct_rd,1985,1985 eli-etat-leg-memorial-1984-a111-fr-pdf.pdf,Evaluation d'impact sur l'environnement: travaux de recherche appliquée; frais d'études; indemnités.,2000000.0,Ministry of Environment,0,98,False
European Regional Development Fund (ERDF): Luxembourg's Contribution to the Interreg IVA Research Project,direct_rd,2010,budget-de-l-etat-2010.pdf,Fonds Européen de Développement Régional (FEDER): part du Luxembourg dans le projet de recherche Interreg IVA,40000.0,Ministry of Higher Education and Research,0,787,False
European Regional Development Fund (ERDF): Luxembourg's Contribution to the Interreg IVA Research Project,direct_rd,2011,budget-de-l-etat-2011.pdf,Fonds Européen de Développement Régional (FEDER): part du Luxembourg dans le projet de recherche Interreg IVA,40000.0,Ministry of Higher Education and Research,0,829,False
European Regional Development Fund (ERDF): Luxembourg's Contribution to the Interreg IVA Research Project,direct_rd,2012,budget-de-l-etat-2012.pdf,Fonds Européen de Développement Régional (FEDER): part du Luxembourg dans le projet de recherche Interreg IVA,40.0,Ministry of Higher Education and Research,0,860,False
European Regional Development Fund (ERDF): Luxembourg's Contribution to the Interreg IVA Research Project,direct_rd,2013,budget-de-l-etat-2013.pdf,Fonds Européen de Développement Régional (FEDER): part du Luxembourg dans le projet de recherche Interreg IVA,100.0,Ministry of Higher Education and Research,0,892,False
"Expenditures for research projects executed under Title I of the law of March 9, 1987",direct_rd,2002,2002 eli-etat-leg-memorial-2001-a148-fr-pdf.pdf,Dépenses pour projets de recherche exécutés au titre I de la loi du 9 mars 1987.,68293.0,Ministry of Higher Education and Research,0,480,False
FNR — Fonds National de la Recherche (Luxembourg),rd_agency,1990,1990 eli-etat-leg-memorial-1989-a81-fr-pdf.pdf,Subvention au Fonds National de la Recherche pour le financement de projets de recherche,17677000.0,Ministry of Higher Education and Research,0,169,False
FNR — Fonds National de la Recherche (Luxembourg),rd_agency,1990,1990 eli-etat-leg-memorial-1989-a81-fr-pdf.pdf,Subvention au Fonds National de la Recherche pour le financement de projets de recherche appliquée,8419000.0,Ministry of Higher Education and Research,0,170,False
FNR — Fonds National de la Recherche (Luxembourg),rd_agency,1993,1993 eli-etat-leg-memorial-1992-a100-fr-pdf.pdf,Fonds National de la Recherche: subventions pour la recherche,10000000.0,Ministry of Higher Education and Research,0,209,False
FNR — Fonds National de la Recherche (Luxembourg),rd_agency,1993,1993 eli-etat-leg-memorial-1992-a100-fr-pdf.pdf,Subvention au Fonds National de la Recherche,10000000.0,Ministry of Higher Education and Research,0,239,False
FNR — Fonds National de la Recherche (Luxembourg),rd_agency,1994,1994 eli-etat-leg-memorial-1993-a97-fr-pdf.pdf,Subvention au Fonds National de la Recherche,22500000.0,Ministry of Higher Education and Research,0,244,False
FNR — Fonds National de la Recherche (Luxembourg),rd_agency,1997,1997 eli-etat-leg-memorial-1996-a89-fr-pdf.pdf,Subvention au Fonds National de la Recherche,20000000.0,Ministry of Higher Education and Research,0,352,False
FNR — Fonds National de la Recherche (Luxembourg),rd_agency,2000,2000 eli-etat-leg-memorial-1999-a148-fr-pdf.pdf,Dotation au Fonds National de la Recherche.,124000000.0,Scientific and Applied Research,0,427,False
FNR — Fonds National de la Recherche (Luxembourg),rd_agency,2001,2001 eli-etat-leg-memorial-2000-a140-fr-pdf.pdf,Dotation au Fonds National de la Recherche.,5000000.0,Scientific and Applied Research,0,457,True
FNR — Fonds National de la Recherche (Luxembourg),rd_agency,2002,2002 eli-etat-leg-memorial-2001-a148-fr-pdf.pdf,Dotation au Fonds National de la Recherche.,7500000.0,Scientific Research and Applied Research,0,496,True
FNR — Fonds National de la Recherche (Luxembourg),rd_agency,2003,2003 eli-etat-leg-memorial-2002-a143-fr-pdf.pdf,Dotation au Fonds National de la Recherche.,7833900.0,Scientific Research and Applied Research,0,531,True
FNR — Fonds National de la Recherche (Luxembourg),rd_agency,2003,2003 eli-etat-leg-memorial-2002-a143-fr-pdf.pdf,Subvention au Fonds National de la Recherche,1000000.0,Ministry of Higher Education and Research,0,536,True
FNR — Fonds National de la Recherche (Luxembourg),rd_agency,2004,2004 eli-etat-leg-memorial-2003-a184-fr-pdf.pdf,Dotation au Fonds National de la Recherche.,11165000.0,Scientific and Applied Research,0,561,True
FNR — Fonds National de la Recherche (Luxembourg),rd_agency,2004,2004 eli-etat-leg-memorial-2003-a184-fr-pdf.pdf,Subvention pour le Fonds National de la Recherche,0.0,Ministry of Higher Education and Research,0,570,True
FNR — Fonds National de la Recherche (Luxembourg),rd_agency,2005,2005 eli-etat-leg-memorial-2004-a204-fr-pdf.pdf,Subvention au Fonds National de la Recherche,470000.0,Ministry of Higher Education and Research,0,581,True
FNR — Fonds National de la Recherche (Luxembourg),rd_agency,2005,2005 eli-etat-leg-memorial-2004-a204-fr-pdf.pdf,Dotation au Fonds National de la Recherche.,13090000.0,Scientific Research and Applied Research,0,590,True
FNR — Fonds National de la Recherche (Luxembourg),rd_agency,2005,2005 eli-etat-leg-memorial-2004-a204-fr-pdf.pdf,Dotation au Fonds National de la Recherche pour le financement de projets de recherche,,National Research Fund,0,604,True
FNR — Fonds National de la Recherche (Luxembourg),rd_agency,2006,2006 eli-etat-leg-memorial-2005-a217-fr-pdf.pdf,Dotation au Fonds National de la Recherche,39000000.0,Ministry of Higher Education and Research,0,610,True
FNR — Fonds National de la Recherche (Luxembourg),rd_agency,2006,2006 eli-etat-leg-memorial-2005-a217-fr-pdf.pdf,Dotation au Fonds National de la Recherche,14500000.0,Research and Innovation,0,616,True
FNR — Fonds National de la Recherche (Luxembourg),rd_agency,2006,2006 eli-etat-leg-memorial-2005-a217-fr-pdf.pdf,Subvention au Fonds National de la Recherche pour le financement de projets de recherche,,National Research Fund,0,631,True
FNR — Fonds National de la Recherche (Luxembourg),rd_agency,2007,2007 eli-etat-leg-memorial-2006-a236-fr-pdf.pdf,Subvention au Fonds National de la Recherche,60000000.0,Ministry of Higher Education and Research,0,644,True
FNR — Fonds National de la Recherche (Luxembourg),rd_agency,2007,2007 eli-etat-leg-memorial-2006-a236-fr-pdf.pdf,Dotation au Fonds National de la Recherche.,18000000.0,Research and Innovation,0,653,True
FNR — Fonds National de la Recherche (Luxembourg),rd_agency,2007,2007 eli-etat-leg-memorial-2006-a236-fr-pdf.pdf,Subvention au Fonds National de la Recherche,70000000.0,Ministry of Higher Education and Research,0,666,True
FNR — Fonds National de la Recherche (Luxembourg),rd_agency,2008,2008 eli-etat-leg-memorial-2007-a236-fr-pdf.pdf,Subvention pour le Fonds National de la Recherche,440000.0,National Research Fund,0,681,True
FNR — Fonds National de la Recherche (Luxembourg),rd_agency,2008,2008 eli-etat-leg-memorial-2007-a236-fr-pdf.pdf,Dotation au Fonds National de la Recherche. (Crédit non limitatif),22360000.0,Research and Innovation,0,685,True
FNR — Fonds National de la Recherche (Luxembourg),rd_agency,2009,2009 eli-etat-leg-memorial-2008-a200-fr-pdf.pdf,Dotation au Fonds National de la Recherche.,28200000.0,Ministry of Higher Education and Research,0,723,True
FNR — Fonds National de la Recherche (Luxembourg),rd_agency,2010,budget-de-l-etat-2010.pdf,Dotation au Fonds National de la Recherche.,40300000.0,Research and Innovation,0,760,True
FNR — Fonds National de la Recherche (Luxembourg),rd_agency,2011,budget-de-l-etat-2011.pdf,Fonds National de la Recherche (FNR) - Subvention,60000000.0,"Higher Education and Research, General Expenditures",0,789,True
FNR — Fonds National de la Recherche (Luxembourg),rd_agency,2011,budget-de-l-etat-2011.pdf,Dotation au Fonds National de la Recherche,35240000.0,Ministry of Higher Education and Research,0,802,True
FNR — Fonds National de la Recherche (Luxembourg),rd_agency,2012,budget-de-l-etat-2012.pdf,Dotation au Fonds National de la Recherche,45000000.0,Research and Innovation,0,836,True
FNR — Fonds National de la Recherche (Luxembourg),rd_agency,2013,budget-de-l-etat-2013.pdf,Dotation au Fonds National de la Recherche,52000000.0,Research and Innovation,0,864,True
FNR — Fonds National de la Recherche (Luxembourg),rd_agency,2013,budget-de-l-etat-2013.pdf,Dotation au Fonds National de la Recherche pour le financement de projets de recherche,631664.0,National Research Fund,0,885,True
FNR — Fonds National de la Recherche (Luxembourg),rd_agency,2013,budget-de-l-etat-2013.pdf,Part du fonds national de la recherche dans le financement de divers projets de recherche de l'Institut national de la statistique et des études économiques,100.0,Ministry of Higher Education and Research,0,893,True
FNR — Fonds National de la Recherche (Luxembourg),rd_agency,2014,budget-de-l-etat-2014.pdf,Fonds National de la Recherche: subvention,,Ministry of Higher Education and Research,0,895,True
FNR — Fonds National de la Recherche (Luxembourg),rd_agency,2014,budget-de-l-etat-2014.pdf,Dotation au Fonds National de la Recherche,52000000.0,Research and Innovation,0,920,True
FNR — Fonds National de la Recherche (Luxembourg),rd_agency,2014,budget-de-l-etat-2014.pdf,Part du fonds national de la recherche dans le financement de divers projets de recherche de l'Institut national de la statistique et des études économiques.,281028.0,Ministry of Higher Education and Research,0,953,True
FNR — Fonds National de la Recherche (Luxembourg),rd_agency,2015,budget-de-l-etat-2015.pdf,"Evaluation externe de l'Université, des centres de recherche publics et du Fonds national de la Recherche",167700.0,Higher Education and Research - General Expenditures,0,956,True
FNR — Fonds National de la Recherche (Luxembourg),rd_agency,2015,budget-de-l-etat-2015.pdf,Dotation au Fonds National de la Recherche,80000000.0,Research and Innovation,0,965,True
FNR — Fonds National de la Recherche (Luxembourg),rd_agency,2015,budget-de-l-etat-2015.pdf,Fonds National de la Recherche (FNR) - subvention.,,Ministry of Higher Education and Research,0,979,True
FNR — Fonds National de la Recherche (Luxembourg),rd_agency,2016,budget-de-l-etat-2016.pdf,Dotation au Fonds National de la Recherche,60000000.0,Research and Innovation,0,994,True
FNR — Fonds National de la Recherche (Luxembourg),rd_agency,2016,budget-de-l-etat-2016.pdf,Dotation pour le Fonds National de la Recherche,69000000.0,National Research Fund,0,1007,True
FNR — Fonds National de la Recherche (Luxembourg),rd_agency,2016,budget-de-l-etat-2016.pdf,Dotation au Fonds National de la Recherche (FNR),69000000.0,Research and Innovation,0,1014,True
FNR — Fonds National de la Recherche (Luxembourg),rd_agency,2017,budget-de-l-etat-2017.pdf,Dotation au Fonds National de la Recherche,64802060.0,Research and Innovation,0,1036,True
FNR — Fonds National de la Recherche (Luxembourg),rd_agency,2017,budget-de-l-etat-2017.pdf,Dotation au Fonds National de la Recherche,69000000.0,National Research Fund,0,1058,True
FNR — Fonds National de la Recherche (Luxembourg),rd_agency,2018,budget-de-l-etat-2018.pdf,Dotation au Fonds National de la Recherche.,64802060.0,Research and Innovation,0,1082,True
FNR — Fonds National de la Recherche (Luxembourg),rd_agency,2018,budget-de-l-etat-2018.pdf,Dotation au FNR pour la recherche,69000000.0,National Research Fund,0,1089,True
FNR — Fonds National de la Recherche (Luxembourg),rd_agency,2019,2019budget-de-l-Etat.pdf,Dotation au Fonds National de la Recherche.,64790000.0,Research and Innovation,0,1120,True
FNR — Fonds National de la Recherche (Luxembourg),rd_agency,2019,2019budget-de-l-Etat.pdf,Contribution to the Fonds National de la Recherche (FNR),69000000.0,Research and Innovation,0,1126,True
FNR — Fonds National de la Recherche (Luxembourg),rd_agency,2019,2019budget-de-l-Etat.pdf,Dotation au Fonds National de la Recherche (FNR),69000000.0,Research and Innovation,0,1139,True
FNR — Fonds National de la Recherche (Luxembourg),rd_agency,2020,budget-de-l-Etat-2020.pdf,"Evaluation externe de l'Université, des centres de recherche publics et du Fonds National de la Recherche",300000.0,Higher Education and Research - General Expenditures,0,1149,True
FNR — Fonds National de la Recherche (Luxembourg),rd_agency,2020,budget-de-l-Etat-2020.pdf,Dotation au Fonds National de la Recherche,66790000.0,Research and Innovation,0,1153,True
FNR — Fonds National de la Recherche (Luxembourg),rd_agency,2021,budget-de-l-Etat-2021.pdf,Dotation au Fonds National de la Recherche,66830000.0,Research and Innovation,0,1184,True
FNR — Fonds National de la Recherche (Luxembourg),rd_agency,2021,budget-de-l-Etat-2021.pdf,Fonds National de la Recherche (FNR) - dotation,69000000.0,Research and Innovation,0,1195,True
FNR — Fonds National de la Recherche (Luxembourg),rd_agency,2022,budget-de-l-Etat-2022.pdf,Dotation au Fonds National de la Recherche,69030000.0,Research and Innovation,0,1218,True
FNR — Fonds National de la Recherche (Luxembourg),rd_agency,2022,budget-de-l-Etat-2022.pdf,Dotation du Fonds National de la Recherche (FNR),69000000.0,Research and Innovation,0,1235,True
FNR — Fonds National de la Recherche (Luxembourg),rd_agency,2023,budget-de-l-etat-2023.pdf,Dotation au Fonds National de la Recherche,70000000.0,Research and Innovation,0,1246,True
FNR — Fonds National de la Recherche (Luxembourg),rd_agency,2023,budget-de-l-etat-2023.pdf,FNR dotation,69000000.0,Research and Innovation,0,1261,True
FNR — Fonds National de la Recherche (Luxembourg),rd_agency,2024,budget-de-letat-2024.pdf,Subvention au Fonds National de la Recherche,69000000.0,Research and Innovation,0,1276,True
FNR — Fonds National de la Recherche (Luxembourg),rd_agency,2024,budget-de-letat-2024.pdf,Dotation du Fonds National de la Recherche,69000000.0,Research and Innovation,0,1282,True
FNR — Fonds National de la Recherche (Luxembourg),rd_agency,2024,budget-de-letat-2024.pdf,Dotation au Fonds National de la Recherche,75000000.0,National Research Fund,0,1298,True
FNR — Fonds National de la Recherche (Luxembourg),rd_agency,2025,budget-de-letat-2025.pdf,Dotation au Fonds National de la Recherche,69000000.0,Research and Innovation,0,1315,True
FNR — Fonds National de la Recherche (Luxembourg),rd_agency,2025,budget-de-letat-2025.pdf,Dotation au Fonds national de la recherche.,80000000.0,National Research Fund,0,1333,True
Financial Contributions in Science and Technology in the Field of Agriculture,direct_rd,2018,budget-de-l-etat-2018.pdf,Contributions financières en matière de sciences et technologies dans le domaine de l'agriculture.,180000.0,Research and Innovation,0,1080,False
Financial Contributions in Science and Technology in the Field of Agriculture,direct_rd,2019,2019budget-de-l-Etat.pdf,Contributions financières en matière de sciences et technologies dans le domaine de l'agriculture.,180000.0,Research and Innovation,0,1117,False
Financial Contributions in the Interest of Public Research Centers,science_agency,1987,1987 eli-etat-leg-memorial-1986-a104-fr-pdf.pdf,Contributions financières dans l'intérêt des centres de recherche publics,500000.0,Scientific Research and Applied Research,0,115,False
Financial Contributions in the Interest of Public Research Centers,science_agency,1988,1988 eli-etat-leg-memorial-1987-a106-fr-pdf.pdf,Contributions financières dans l'intérêt des centres de recherche publics,800000.0,Scientific Research and Applied Research,0,136,False
Financial Contributions in the Interest of Public Research Centers,science_agency,1989,1989 eli-etat-leg-memorial-1988-a69-fr-pdf.pdf,Contributions financières dans l'intérêt des centres de recherche publics,500000.0,Scientific Research and Applied Research,0,146,False
Financial Contributions in the Interest of Public Research Centers,science_agency,1990,1990 eli-etat-leg-memorial-1989-a81-fr-pdf.pdf,Total Contributions financières dans l'intérêt des centres de recherche publics,4717000.0,Financial Contributions in the Interest of Public Research Centers,0,183,False
Financial Contributions in the Interest of Public Research Centers,science_agency,1994,1994 eli-etat-leg-memorial-1993-a97-fr-pdf.pdf,Contributions financières dans l'intérêt des centres de recherche publics,60000000.0,Scientific Research and Applied Research,0,259,False
Financial Contributions in the Interest of Public Research Centers,science_agency,1996,1996 eli-etat-leg-memorial-1995-a98-fr-pdf.pdf,Contributions financières dans l'intérêt des centres de recherche publics.,70000000.0,Scientific research and applied research,0,315,False
Financial Contributions in the Interest of Public Research Centers,science_agency,1998,1998 eli-etat-leg-memorial-1997-a98-fr-pdf.pdf,Contributions financières dans l'intérêt des centres de recherche publics,80000000.0,Ministry of Higher Education and Research,0,362,False
Financial Contributions in the Interest of Public Research Centers,science_agency,1999,1999 eli-etat-leg-memorial-1998-a109-fr-pdf.pdf,Contributions financières dans l'intérêt des centres de recherche publics,96000000.0,Scientific and Applied Research,0,401,False
Financial Contributions in the Interest of Public Research Centers,science_agency,2001,2001 eli-etat-leg-memorial-2000-a140-fr-pdf.pdf,Contributions financières dans l'intérêt des centres de recherche publics.,2486000.0,Scientific and Applied Research,0,456,False
Financial Contributions in the Interest of Public Research Centers,science_agency,2004,2004 eli-etat-leg-memorial-2003-a184-fr-pdf.pdf,Contributions financières dans l'intérêt des centres de recherche publics.,11500000.0,Scientific and Applied Research,0,560,False
Financial Contributions to Public Research Centers for Contracted Projects,direct_rd,1997,1997 eli-etat-leg-memorial-1996-a89-fr-pdf.pdf,Contributions financières aux centres de recherche publics dans l'intérêt de la réalisation de projets conventionnés au titre II de la loi du 9 mars 1987.,12650000.0,Ministry of Higher Education and Research,0,343,False
Financial Contributions to Public Research Centers for Contracted Projects,direct_rd,1997,1997 eli-etat-leg-memorial-1996-a89-fr-pdf.pdf,Contributions financières aux centres de recherche publics dans l'intérêt de la réalisation de projets conventionnés au titre II de la loi du 9 mars 1987 en vue de missions déterminées ayant fait l'objet d'une convention,8000000.0,Economy,0,350,False
Financial Contributions to Public Research Centers for Contracted Projects,direct_rd,1998,1998 eli-etat-leg-memorial-1997-a98-fr-pdf.pdf,Contributions financières aux centres de recherche publics dans l'intérêt de la réalisation de projets conventionnés,2500000.0,Directorate of Health,0,368,False
Financial Contributions to Public Research Centers for Contracted Projects,direct_rd,1998,1998 eli-etat-leg-memorial-1997-a98-fr-pdf.pdf,Contributions financières aux centres de recherche publics dans l'intérêt de la réalisation de projets conventionnés au titre II de la loi du 9 mars 1987 en vue de missions déterminées ayant fait l'objet d'une convention.,12000.0,Ministry of Higher Education and Research,0,374,False
Financial Contributions to Public Research Centers for Contracted Projects,direct_rd,1999,1999 eli-etat-leg-memorial-1998-a109-fr-pdf.pdf,Contributions financières aux centres de recherche publics dans l'intérêt de la réalisation de projets conventionnés au titre II de la loi du 9 mars 1987 en vue de missions déterminées ayant fait l'objet d'une convention.,5300.0,Ministry of Higher Education and Research,0,412,False
Financial Contributions to Public Research Centers for Contracted Projects,direct_rd,2001,2001 eli-etat-leg-memorial-2000-a140-fr-pdf.pdf,Contributions financières aux centres de recherche publics dans l'intérêt de la réalisation de projets conventionnés au titre II de la loi du 9 mars 1987 en vue de missions déterminées ayant fait l'objet d'une convention,60000.0,Ministry of Higher Education and Research,0,465,False
Financial Contributions to Public Research Centers for Contracted Projects,direct_rd,2003,2003 eli-etat-leg-memorial-2002-a143-fr-pdf.pdf,Contributions financières aux centres de recherche publics dans l'intérêt de la réalisation de projets conventionnés au titre Il de la loi du 9 mars 1987 en vue de missions déterminées ayant fait l'objet d'une conven.,40000.0,Economy,0,542,False
Financial Contributions to Various Public Research Centers,science_agency,2007,2007 eli-etat-leg-memorial-2006-a236-fr-pdf.pdf,Contributions financières à divers centres de recherche publics dans l'intérêt des centres de recherche publics.,24350000.0,Research and Innovation,0,650,False
Funding for Luxembourg Space Agency,science_agency,2022,budget-de-l-Etat-2022.pdf,Dotation Luxembourg Space Agency,5200000.0,Research and Innovation,0,1226,False
Funding for Luxembourg Space Agency,science_agency,2023,budget-de-l-etat-2023.pdf,Dotation Luxembourg Space Agency.,5690000.0,Ministry of Higher Education and Research,0,1253,False
Funding for Luxembourg Space Agency,science_agency,2024,budget-de-letat-2024.pdf,Dotation Luxembourg Space Agency,5790000.0,Funding for Luxembourg Space Agency,0,1312,False
Funding for Luxembourg Space Agency,science_agency,2025,budget-de-letat-2025.pdf,Dotation Luxembourg Space Agency.,5960000.0,Ministry of Higher Education and Research,0,1323,False
Funding for Research Programs and Projects,direct_rd,2009,2009 eli-etat-leg-memorial-2008-a200-fr-pdf.pdf,Financement des programmes et projets de recherche entrepris en collaboration avec les centres de recherche publics,130000.0,Ministry of Higher Education and Research,0,735,False
Funding for Research Programs and Projects,direct_rd,2009,2009 eli-etat-leg-memorial-2008-a200-fr-pdf.pdf,Financement des programmes et projets de recherche entrepris en collaboration avec les centres de recherche publics,248000.0,Ministry of Higher Education and Research,0,736,False
Funding for Research Programs and Projects,direct_rd,2009,2009 eli-etat-leg-memorial-2008-a200-fr-pdf.pdf,Financement des programmes et projets de recherche entrepris en collaboration avec les centres de recherche publics.,523000.0,Ministry of Higher Education and Research,0,742,False
Funding for Research Programs and Projects,direct_rd,2009,2009 eli-etat-leg-memorial-2008-a200-fr-pdf.pdf,Financement des programmes et projets de recherche entrepris en collaboration avec les centres de recherche publics.,223224.0,Ministry of Higher Education and Research,0,743,False
Funding for Research Programs and Projects,direct_rd,2010,budget-de-l-etat-2010.pdf,Financement des programmes et projets de recherche entrepris en collaboration avec les centres de recherche publics.,100000.0,Ministry of Higher Education and Research,0,770,False
Funding for Research Programs and Projects,direct_rd,2010,budget-de-l-etat-2010.pdf,Financement des programmes et projets de recherche entrepris en collaboration avec les centres de recherche publics,216000.0,Ministry of Higher Education and Research,0,772,False
Funding for Research Programs and Projects,direct_rd,2010,budget-de-l-etat-2010.pdf,Financement des programmes et projets de recherche entrepris en collaboration avec les centres de recherche publics.,717000.0,Ministry of Higher Education and Research,0,775,False
Funding for Research Programs and Projects,direct_rd,2010,budget-de-l-etat-2010.pdf,Financement des programmes et projets de recherche entrepris en collaboration avec les centres de recherche publics.,523000.0,Ministry of Higher Education and Research,0,777,False
Funding for Research Programs and Projects,direct_rd,2010,budget-de-l-etat-2010.pdf,Financement des programmes et projets de recherche entrepris en collaboration avec les centres de recherche publics.,237223.0,Ministry of Higher Education and Research,0,778,False
Funding for Research Programs and Projects,direct_rd,2011,budget-de-l-etat-2011.pdf,Financement des programmes et projets de recherche entrepris en collaboration avec les centres de recherche publics,257800.0,Ministry of Higher Education and Research,0,814,False
Funding for Research Programs and Projects,direct_rd,2011,budget-de-l-etat-2011.pdf,Financement des programmes et projets de recherche entrepris en collaboration avec les centres de recherche publics,412563.0,Ministry of Higher Education and Research,0,817,False
Funding for Research Programs and Projects,direct_rd,2011,budget-de-l-etat-2011.pdf,Financement des programmes et projets de recherche entrepris en collaboration avec les centres de recherche publics.,365000.0,Ministry of Higher Education and Research,0,819,False
Funding for Research Programs and Projects,direct_rd,2011,budget-de-l-etat-2011.pdf,Financement des programmes et projets de recherche entrepris en collaboration avec les centres de recherche publics.,189750.0,Ministry of Higher Education and Research,0,822,False
Funding for Research Programs and Projects,direct_rd,2011,budget-de-l-etat-2011.pdf,Financement des programmes et projets de recherche entrepris en collaboration avec les centres de recherche publics.,484000.0,MINISTRY OF HIGHER EDUCATION AND RESEARCH,0,825,False
Funding for Research Programs and Projects,direct_rd,2012,budget-de-l-etat-2012.pdf,Financement des programmes et projets de recherche entrepris en collaboration avec les centres de recherche publics,240000.0,Ministry of Higher Education and Research,0,847,False
Funding for Research Programs and Projects,direct_rd,2012,budget-de-l-etat-2012.pdf,Financement des programmes et projets de recherche entrepris en collaboration avec les centres de recherche publics,412000.0,Ministry of Higher Education and Research,0,848,False
Funding for Research Programs and Projects,direct_rd,2012,budget-de-l-etat-2012.pdf,Financement des programmes et projets de recherche entrepris en collaboration avec les centres de recherche publics.,480000.0,Ministry of Higher Education and Research,0,850,False
Funding for Research Programs and Projects,direct_rd,2012,budget-de-l-etat-2012.pdf,Financement des programmes et projets de recherche entrepris en collaboration avec les centres de recherche publics.,189750.0,Ministry of Higher Education and Research,0,851,False
Funding for Research Programs and Projects,direct_rd,2013,budget-de-l-etat-2013.pdf,Financement des programmes et projets de recherche entrepris en collaboration avec les centres de recherche publics,200000.0,Ministry of Higher Education and Research,0,879,False
Funding for Research Programs and Projects,direct_rd,2013,budget-de-l-etat-2013.pdf,Financement des programmes et projets de recherche entrepris en collaboration avec les centres de recherche publics,86250.0,Ministry of Higher Education and Research,0,880,False
Funding for Research Programs and Projects,direct_rd,2013,budget-de-l-etat-2013.pdf,Financement des programmes et projets de recherche entrepris en collaboration avec les centres de recherche publics.,480000.0,Viticulture,0,883,False
Funding for Research Programs and Projects,direct_rd,2014,budget-de-l-etat-2014.pdf,Financement des programmes et projets de recherche entrepris en collaboration avec les centres de recherche publics,115000.0,Ministry of Higher Education and Research,0,944,False
Funding for Research Programs and Projects,direct_rd,2014,budget-de-l-etat-2014.pdf,Financement des programmes et projets de recherche entrepris en collaboration avec les centres de recherche publics,190000.0,Viticulture,0,945,False
Funding for Research Programs and Projects,direct_rd,2014,budget-de-l-etat-2014.pdf,Financement des programmes et projets de recherche entrepris en collaboration avec les centres de recherche publics.,480000.0,Ministry of Higher Education and Research,0,947,False
Funding for Research Programs and Projects,direct_rd,2015,budget-de-l-etat-2015.pdf,Financement des programmes et projets de recherche entrepris en collaboration avec les centres de recherche publics,12750.0,Ministry of Higher Education and Research,0,971,False
Funding for Research Programs and Projects,direct_rd,2015,budget-de-l-etat-2015.pdf,Financement des programmes et projets de recherche entrepris en collaboration avec les centres de recherche publics.,500000.0,Ministry of Higher Education and Research,0,974,False
Funding for Research Programs and Projects,direct_rd,2015,budget-de-l-etat-2015.pdf,Financement des programmes et projets de recherche entrepris en collaboration avec les centres de recherche publics.,190000.0,Research and Innovation,0,975,False
Funding for Research Programs and Projects,direct_rd,2015,budget-de-l-etat-2015.pdf,Financement des programmes et projets de recherche entrepris en collaboration avec les centres de recherche publics.,461760.0,Research and Innovation,0,976,False
Funding for Research Programs and Projects,direct_rd,2016,budget-de-l-etat-2016.pdf,Financement des programmes et projets de recherche entrepris en collaboration avec les centres de recherche publics,137750.0,Service for Coordination of Research and Innovation,0,1006,False
Funding for Research Programs and Projects,direct_rd,2016,budget-de-l-etat-2016.pdf,Financement des programmes et projets de recherche entrepris en collaboration avec l'Université de Luxembourg,200000.0,Ministry of Higher Education and Research,0,1008,False
Funding for Research Programs and Projects,direct_rd,2016,budget-de-l-etat-2016.pdf,Financement des programmes et projets de recherche entrepris en collaboration avec les centres de recherche publics,92000.0,National Social Action Service,0,1009,False
Funding for Research Programs and Projects,direct_rd,2016,budget-de-l-etat-2016.pdf,Financement des programmes et projets de recherche entrepris en collaboration avec les centres de recherche publics,58500.0,National Family Benefits Fund,0,1010,False
Funding for Research Programs and Projects,direct_rd,2016,budget-de-l-etat-2016.pdf,Financement des programmes et projets de recherche entrepris en collaboration avec les centres de recherche publics.,600000.0,Research and Innovation,0,1012,False
Funding for Research Programs and Projects,direct_rd,2016,budget-de-l-etat-2016.pdf,Financement des programmes et projets de recherche entrepris en collaboration avec les centres de recherche publics.,190200.0,Viticulture,0,1018,False
Funding for Research Programs and Projects,direct_rd,2016,budget-de-l-etat-2016.pdf,Financement des programmes et projets de recherche entrepris en collaboration avec les centres de recherche publics.,448193.0,Environment: General Expenditures,0,1023,False
Funding for Research Programs and Projects,direct_rd,2017,budget-de-l-etat-2017.pdf,Financement des programmes et projets de recherche entrepris en collaboration avec les centres de recherche publics,112750.0,MINISTRY OF HIGHER EDUCATION AND RESEARCH,0,1052,False
Funding for Research Programs and Projects,direct_rd,2017,budget-de-l-etat-2017.pdf,Financement des programmes et projets de recherche entrepris en collaboration avec l'Université de Luxembourg,225000.0,Ministry of Higher Education and Research,0,1054,False
Funding for Research Programs and Projects,direct_rd,2017,budget-de-l-etat-2017.pdf,Financement des programmes et projets de recherche entrepris en collaboration avec les centres de recherche publics,92000.0,National Social Action Service,0,1055,False
Funding for Research Programs and Projects,direct_rd,2017,budget-de-l-etat-2017.pdf,Financement des programmes et projets de recherche entrepris en collaboration avec les centres de recherche publics,115000.0,Sports - General Expenses,0,1056,False
Funding for Research Programs and Projects,direct_rd,2017,budget-de-l-etat-2017.pdf,Financement des programmes et projets de recherche entrepris en collaboration avec les centres de recherche publics.,242100.0,Viticulture,0,1064,False
Funding for Research Programs and Projects,direct_rd,2017,budget-de-l-etat-2017.pdf,Financement des programmes et projets de recherche entrepris en collaboration avec les centres de recherche publics.,369000.0,Technical Services,0,1065,False
Funding for Research Programs and Projects,direct_rd,2017,budget-de-l-etat-2017.pdf,Financement des programmes et projets de recherche entrepris en collaboration avec les centres de recherche publics.,76000.0,Veterinary Services Administration,0,1066,False
Funding for Research Programs and Projects,direct_rd,2018,budget-de-l-etat-2018.pdf,Financement des programmes et projets de recherche entrepris en collaboration avec les centres de recherche publics,202000.0,Ministry of Higher Education and Research,0,1094,False
Funding for Research Programs and Projects,direct_rd,2018,budget-de-l-etat-2018.pdf,Financement des programmes et projets de recherche entrepris en collaboration avec l'Université du Luxembourg,300000.0,Ministry of Higher Education and Research,0,1095,False
Funding for Research Programs and Projects,direct_rd,2018,budget-de-l-etat-2018.pdf,Financement des programmes et projets de recherche entrepris en collaboration avec les centres de recherche publics,30000.0,Ministry of Higher Education and Research,0,1096,False
Funding for Research Programs and Projects,direct_rd,2018,budget-de-l-etat-2018.pdf,Financement des programmes et projets de recherche entrepris en collaboration avec les centres de recherche publics.,115000.0,Ministry of Higher Education and Research,0,1098,False
Funding for Research Programs and Projects,direct_rd,2018,budget-de-l-etat-2018.pdf,Financement des programmes et projets de recherche entrepris en collaboration avec les centres de recherche publics.,400500.0,Administration of Technical Services of Agriculture,0,1099,False
Funding for Research Programs and Projects,direct_rd,2018,budget-de-l-etat-2018.pdf,Financement des programmes et projets de recherche entrepris en collaboration avec les centres de recherche publics.,242100.0,Viticulture,0,1100,False
Funding for Research Programs and Projects,direct_rd,2018,budget-de-l-etat-2018.pdf,Financement des programmes et projets de recherche entrepris en collaboration avec les centres de recherche publics.,80000.0,Administration of Veterinary Services,0,1101,False
Funding for Research Programs and Projects,direct_rd,2019,2019budget-de-l-Etat.pdf,Financement des programmes et projets de recherche entrepris en collaboration avec l'Université du Luxembourg,150000.0,Higher Education and Research - General Expenditures,0,1110,False
Funding for Research Programs and Projects,direct_rd,2019,2019budget-de-l-Etat.pdf,Financement des programmes et projets de recherche entrepris en collaboration avec les centres de recherche publics.,528250.0,Ministry of Higher Education and Research,0,1130,False
Funding for Research Programs and Projects,direct_rd,2019,2019budget-de-l-Etat.pdf,Financement des programmes et projets de recherche entrepris en collaboration avec les centres de recherche publics.,50000.0,Integration,0,1131,False
Funding for Research Programs and Projects,direct_rd,2019,2019budget-de-l-Etat.pdf,"Financement des programmes et projets de recherche entrepris par l'association sans but lucratif 'Luxembourg Institute of Research in Orthopedics, Sports Medicine and Science' (LIROMS).",115000.0,Sports,0,1132,False
Funding for Research Programs and Projects,direct_rd,2019,2019budget-de-l-Etat.pdf,Financement des programmes et projets de recherche.,1695000.0,Ministry of Higher Education and Research,0,1133,False
Funding for Research Programs and Projects,direct_rd,2019,2019budget-de-l-Etat.pdf,Financement des programmes et projets de recherche entrepris en collaboration avec les centres de recherche publics.,100.0,Ministry of Higher Education and Research,0,1134,False
Funding for Research Programs and Projects,direct_rd,2019,2019budget-de-l-Etat.pdf,Financement des programmes et projets de recherche entrepris en collaboration avec les centres de recherche publics.,400000.0,Ministry of Higher Education and Research,0,1135,False
Funding for Research Programs and Projects,direct_rd,2019,2019budget-de-l-Etat.pdf,Financement des programmes et projets de recherche entrepris en collaboration avec les centres de recherche publics.,90200.0,Research and Innovation,0,1137,False
Funding for Research Programs and Projects,direct_rd,2020,budget-de-l-Etat-2020.pdf,Financement des programmes et projets de recherche entrepris en collaboration avec l'Université du Luxembourg,150000.0,Higher Education and Research - General Expenditures,0,1148,False
Funding for Research Programs and Projects,direct_rd,2020,budget-de-l-Etat-2020.pdf,Financement des programmes et projets de recherche entrepris en collaboration avec les centres de recherche publics.,1115000.0,Ministry of Higher Education and Research,0,1159,False
Funding for Research Programs and Projects,direct_rd,2020,budget-de-l-Etat-2020.pdf,Financement des programmes et projets de recherche entrepris en collaboration avec les centres de recherche publics,200000.0,Ministry of Higher Education and Research,0,1161,False
Funding for Research Programs and Projects,direct_rd,2020,budget-de-l-Etat-2020.pdf,Financement des programmes et projets de recherche.,1850000.0,Ministry of Health,0,1162,False
Funding for Research Programs and Projects,direct_rd,2020,budget-de-l-Etat-2020.pdf,Financement des programmes et projets de recherche entrepris en collaboration avec les centres de recherche publics.,207206.0,Ministry of Health,0,1164,False
Funding for Research Programs and Projects,direct_rd,2020,budget-de-l-Etat-2020.pdf,Financement des programmes et projets de recherche entrepris en collaboration avec les centres de recherche publics.,100.0,Viticulture,0,1169,False
Funding for Research Programs and Projects,direct_rd,2020,budget-de-l-Etat-2020.pdf,Financement des programmes et projets de recherche entrepris en collaboration avec les centres de recherche publics.,471000.0,Technical Services,0,1170,False
Funding for Research Programs and Projects,direct_rd,2020,budget-de-l-Etat-2020.pdf,Financement des programmes et projets de recherche entrepris en collaboration avec les centres de recherche publics.,97300.0,Veterinary Services Administration,0,1171,False
Funding for Research Programs and Projects,direct_rd,2021,budget-de-l-Etat-2021.pdf,Financement des programmes et projets de recherche entrepris en collaboration avec les centres de recherche publics.,330000.0,Integration,0,1194,False
Funding for Research Programs and Projects,direct_rd,2021,budget-de-l-Etat-2021.pdf,Financement des programmes et projets de recherche,2075000.0,Ministry of Higher Education and Research,0,1201,False
Funding for Research Programs and Projects,direct_rd,2021,budget-de-l-Etat-2021.pdf,Financement des programmes et projets de recherche entrepris en collaboration avec les centres de recherche publics.,100.0,Ministry of Higher Education and Research,0,1202,False
Funding for Research Programs and Projects,direct_rd,2021,budget-de-l-Etat-2021.pdf,Financement des programmes et projets de recherche entrepris en collaboration avec les centres de recherche publics.,242000.0,Ministry of Higher Education and Research,0,1203,False
Funding for Research Programs and Projects,direct_rd,2022,budget-de-l-Etat-2022.pdf,Financement des programmes et projets de recherche entrepris en collaboration avec l'Université du Luxembourg,205000.0,National Reception Office,0,1215,False
Funding for Research Programs and Projects,direct_rd,2022,budget-de-l-Etat-2022.pdf,Financement des programmes et projets de recherche entrepris en collaboration avec les centres de recherche publics.,150000.0,Integration,0,1233,False
Funding for Research Programs and Projects,direct_rd,2022,budget-de-l-Etat-2022.pdf,Financement des programmes et projets de recherche.,2075000.0,Directorate of Health,0,1236,False
Funding for Research Programs and Projects,direct_rd,2022,budget-de-l-Etat-2022.pdf,Financement des programmes et projets de recherche entrepris en collaboration avec les centres de recherche publics.,250000.0,Agriculture,0,1237,False
Funding for Research Programs and Projects,direct_rd,2023,budget-de-l-etat-2023.pdf,Financement des programmes et projets de recherche entrepris en collaboration avec l'Université du Luxembourg.,220000.0,Higher Education and Research - General Expenditures,0,1243,False
Funding for Research Programs and Projects,direct_rd,2023,budget-de-l-etat-2023.pdf,Financement des programmes et projets de recherche entrepris en collaboration avec les centres de recherche publics.,825000.0,Research and Innovation,0,1258,False
Funding for Research Programs and Projects,direct_rd,2023,budget-de-l-etat-2023.pdf,Financement des programmes et projets de recherche entrepris en collaboration avec les centres de recherche publics.,150000.0,Integration,0,1260,False
Funding for Research Programs and Projects,direct_rd,2023,budget-de-l-etat-2023.pdf,Financement des programmes et projets de recherche entrepris en collaboration avec les centres de recherche publics.,250000.0,Ministry of Higher Education and Research,0,1266,False
Funding for Research Programs and Projects,direct_rd,2024,budget-de-letat-2024.pdf,Financement des programmes et projets de recherche entrepris en collaboration avec les centres de recherche publics.,500000.0,Agriculture. - General Expenditures,0,1280,False
Funding for Research Programs and Projects,direct_rd,2024,budget-de-letat-2024.pdf,Financement des programmes et projets de recherche entrepris en collaboration avec les centres de recherche publics.,446973.0,Research and Innovation,0,1291,False
Funding for Research Programs and Projects,direct_rd,2024,budget-de-letat-2024.pdf,Financement des programmes et projets de recherche entrepris en collaboration avec les centres de recherche publics,150000.0,Ministry of Higher Education and Research,0,1295,False
Funding for Research Programs and Projects,direct_rd,2024,budget-de-letat-2024.pdf,Financement des programmes et projets de recherche,2612500.0,Directorate of Health,0,1305,False
Government Participation in the STRATEGICS Program,innovation_instruments,1996,1996 eli-etat-leg-memorial-1995-a98-fr-pdf.pdf,Participation du Gouvernement au programme STRATEGICS,7000000.0,Ministry of Higher Education and Research,0,291,False
Government Participation in the STRATEGICS Program,innovation_instruments,1997,1997 eli-etat-leg-memorial-1996-a89-fr-pdf.pdf,Participation du Gouvernement au programme STRATEGICS.,5000000.0,Ministry of Higher Education and Research,0,332,False
Government Participation in the STRATEGICS Program,innovation_instruments,2000,2000 eli-etat-leg-memorial-1999-a148-fr-pdf.pdf,Participation du Gouvernement au programme STRATEGICS,5000000.0,Ministry of Higher Education and Research,0,421,False
Grant to the Hospital Center of Luxembourg for Reimbursement of Research-Related Expenses,direct_rd,1983,1983 eli-etat-leg-memorial-1982-a109-fr-pdf.pdf,Subvention au centre hospitalier de Luxembourg à titre de remboursement de frais découlant de travaux de recherche,210000.0,Ministry of Higher Education and Research,0,71,False
Grants for Applied Research and Innovation,innovation_instruments,1982,1982 eli-etat-leg-memorial-1981-a100-fr-pdf.pdf,Subventions pour la recherche appliquée et l'innovation,10000000.0,Ministry of Higher Education and Research,0,61,False
Grants for the Development and Support of Medical Research at the Hospital,direct_rd,2020,budget-de-l-Etat-2020.pdf,Subventions en faveur du développement et le soutien de la recherche médicale à l'hôpital,200000.0,Ministry of Higher Education and Research,0,1165,False
Grants to Research Organizations,direct_rd,2003,2003 eli-etat-leg-memorial-2002-a143-fr-pdf.pdf,Subventions à des organismes de recherche,200000.0,Scientific and Applied Research,0,534,False
LIH / CRP Santé (Luxembourg),research_institute,2011,budget-de-l-etat-2011.pdf,Subvention pour le CRP Santé,7000000.0,Public Research Center of Health,0,793,True
LIH / CRP Santé (Luxembourg),research_institute,2014,budget-de-l-etat-2014.pdf,CRP Santé: operational funding,,Ministry of Higher Education and Research,0,899,True
LIH / CRP Santé (Luxembourg),research_institute,2015,budget-de-l-etat-2015.pdf,Contribution financière au 'Luxembourg Institute of Health (LIH)',31100000.0,Research and Innovation,0,967,True
LIH / CRP Santé (Luxembourg),research_institute,2016,budget-de-l-etat-2016.pdf,"Contribution financière au ""Luxembourg Institute of Health (LIH)"" dans l'intérêt de l'exécution de missions déterminées ayant fait l'objet d'une convention",31100000.0,Research and Innovation,0,997,True
LIH / CRP Santé (Luxembourg),research_institute,2016,budget-de-l-etat-2016.pdf,Contribution au Luxembourg Institute of Health (LIH),44000000.0,Research and Innovation,0,1017,True
LIH / CRP Santé (Luxembourg),research_institute,2017,budget-de-l-etat-2017.pdf,Contribution financière au 'Luxembourg Institute of Health (LIH)' dans l'intérêt de l'exécution de missions déterminées ayant fait l'objet d'une convention,30589780.0,Research and Innovation,0,1039,True
LIH / CRP Santé (Luxembourg),research_institute,2017,budget-de-l-etat-2017.pdf,Contribution au LIH,44000000.0,Luxembourg Institute of Health,0,1049,True
LIH / CRP Santé (Luxembourg),research_institute,2018,budget-de-l-etat-2018.pdf,Contribution financière au 'Luxembourg Institute of Health (LIH)' dans l'intérêt de l'exécution de missions déterminées ayant fait l'objet d'une convention.,30589780.0,Research and Innovation,0,1085,True
LIH / CRP Santé (Luxembourg),research_institute,2018,budget-de-l-etat-2018.pdf,Contribution to LIH for health research activities,44000000.0,Luxembourg Institute of Health,0,1092,True
LIH / CRP Santé (Luxembourg),research_institute,2019,2019budget-de-l-Etat.pdf,Contribution financière au 'Luxembourg Institute of Health (LIH)' dans l'intérêt de l'exécution de missions déterminées ayant fait l'objet d'une convention.,35850000.0,Research and Innovation,0,1123,True
LIH / CRP Santé (Luxembourg),research_institute,2019,2019budget-de-l-Etat.pdf,Contribution à l'Institut Luxembourgeois de Santé (LIH),44000000.0,Research and Innovation,0,1142,True
LIH / CRP Santé (Luxembourg),research_institute,2020,budget-de-l-Etat-2020.pdf,Contribution financière au 'Luxembourg Institute of Health (LIH)',38770000.0,Research and Innovation,0,1156,True
LIH / CRP Santé (Luxembourg),research_institute,2021,budget-de-l-Etat-2021.pdf,Contribution financière au Luxembourg Institute of Health (LIH),43260000.0,Research and Innovation,0,1187,True
LIH / CRP Santé (Luxembourg),research_institute,2021,budget-de-l-Etat-2021.pdf,Contribution to the Luxembourg Institute of Health (LIH),44000000.0,Research and Innovation,0,1198,True
LIH / CRP Santé (Luxembourg),research_institute,2022,budget-de-l-Etat-2022.pdf,Contribution au Luxembourg Institute of Health (LIH),44000000.0,Research and Innovation,0,1214,True
LIH / CRP Santé (Luxembourg),research_institute,2022,budget-de-l-Etat-2022.pdf,"Contribution financière au ""Luxembourg Institute of Health (LIH)"" dans l'intérêt de l'exécution de missions déterminées ayant fait l'objet d'une convention",44300000.0,Research and Innovation,0,1221,True
LIH / CRP Santé (Luxembourg),research_institute,2022,budget-de-l-Etat-2022.pdf,Contribution à LIH (Luxembourg Institute of Health),44000000.0,Research and Innovation,0,1224,True
LIH / CRP Santé (Luxembourg),research_institute,2022,budget-de-l-Etat-2022.pdf,Contribution to LIH,44000000.0,Research and Innovation,0,1231,True
LIH / CRP Santé (Luxembourg),research_institute,2023,budget-de-l-etat-2023.pdf,"Contribution financière au ""Luxembourg Institute of Health (LIH)"" dans l'intérêt de l'exécution de missions déterminées ayant fait l'objet d'une convention",44970000.0,Research and Innovation,0,1249,True
LIH / CRP Santé (Luxembourg),research_institute,2023,budget-de-l-etat-2023.pdf,Contribution au Luxembourg Institute of Health (LIH),44000000.0,Research and Innovation,0,1265,True
LIH / CRP Santé (Luxembourg),research_institute,2024,budget-de-letat-2024.pdf,Contribution au Luxembourg Institute of Health,44000000.0,Research and Innovation,0,1279,True
LIH / CRP Santé (Luxembourg),research_institute,2024,budget-de-letat-2024.pdf,Contribution financière au 'Luxembourg Institute of Health (LIH)' dans l'intérêt de l'exécution de missions déterminées ayant fait l'objet d'une convention,45970000.0,Luxembourg Institute of Health,0,1301,True
LIH / CRP Santé (Luxembourg),research_institute,2025,budget-de-letat-2025.pdf,Contribution au Luxembourg Institute of Health,44000000.0,Research and Innovation,0,1318,True
LIH / CRP Santé (Luxembourg),research_institute,2025,budget-de-letat-2025.pdf,Contribution financière au 'Luxembourg Institute of Health (LIH)' dans l'intérêt de l'exécution de missions déterminées ayant fait l'objet d'une convention.,48100000.0,Luxembourg Institute of Health,0,1336,True
LISER / CEPS-INSTEAD (Luxembourg),research_institute,2015,budget-de-l-etat-2015.pdf,Contribution financière au 'Luxembourg Institute of Social Economic Research (LISER)',10500000.0,Research and Innovation,0,968,True
LISER / CEPS-INSTEAD (Luxembourg),research_institute,2016,budget-de-l-etat-2016.pdf,"Contribution financière au ""Luxembourg Institute of Social Economic Research (LISER)"" dans l'intérêt de l'exécution de missions déterminées ayant fait l'objet d'une convention",10500000.0,Research and Innovation,0,995,True
LISER / CEPS-INSTEAD (Luxembourg),research_institute,2017,budget-de-l-etat-2017.pdf,Contribution financière au 'Luxembourg Institute of Social Economic Research (LISER)' dans l'intérêt de l'exécution de missions déterminées ayant fait l'objet d'une convention,10271690.0,Research and Innovation,0,1037,True
LISER / CEPS-INSTEAD (Luxembourg),research_institute,2017,budget-de-l-etat-2017.pdf,Contribution au LISER,14000000.0,Luxembourg Institute of Socio-Economic Research,0,1050,True
LISER / CEPS-INSTEAD (Luxembourg),research_institute,2018,budget-de-l-etat-2018.pdf,Contribution financière au 'Luxembourg Institute of Social Economic Research (LISER)' dans l'intérêt de l'exécution de missions déterminées ayant fait l'objet d'une convention.,10271690.0,Research and Innovation,0,1083,True
LISER / CEPS-INSTEAD (Luxembourg),research_institute,2018,budget-de-l-etat-2018.pdf,Contribution to LISER for research activities,14000000.0,Luxembourg Institute of Socio-Economic Research,0,1091,True
LISER / CEPS-INSTEAD (Luxembourg),research_institute,2019,2019budget-de-l-Etat.pdf,Contribution financière au 'Luxembourg Institute of Social Economic Research (LISER)' dans l'intérêt de l'exécution de missions déterminées ayant fait l'objet d'une convention.,11500000.0,Research and Innovation,0,1121,True
LISER / CEPS-INSTEAD (Luxembourg),research_institute,2019,2019budget-de-l-Etat.pdf,Contribution à l'Institut Luxembourgeois de Recherche Socio-Économique (LISER),14000000.0,Research and Innovation,0,1141,True
LISER / CEPS-INSTEAD (Luxembourg),research_institute,2020,budget-de-l-Etat-2020.pdf,Contribution financière au 'Luxembourg Institute of Social Economic Research (LISER)',11990000.0,Research and Innovation,0,1154,True
LISER / CEPS-INSTEAD (Luxembourg),research_institute,2021,budget-de-l-Etat-2021.pdf,Contribution financière au Luxembourg Institute of Social Economic Research (LISER),14000000.0,Research and Innovation,0,1185,True
LISER / CEPS-INSTEAD (Luxembourg),research_institute,2021,budget-de-l-Etat-2021.pdf,Contribution to the Luxembourg Institute of Socio-Economic Research (LISER),14000000.0,Research and Innovation,0,1197,True
LISER / CEPS-INSTEAD (Luxembourg),research_institute,2022,budget-de-l-Etat-2022.pdf,Contribution au Luxembourg Institute of Socio-Economic Research (LISER),14000000.0,Research and Innovation,0,1213,True
LISER / CEPS-INSTEAD (Luxembourg),research_institute,2022,budget-de-l-Etat-2022.pdf,"Contribution financière au ""Luxembourg Institute of Social Economic Research (LISER)"" dans l'intérêt de l'exécution de missions déterminées ayant fait l'objet d'une convention",14430000.0,Research and Innovation,0,1219,True
LISER / CEPS-INSTEAD (Luxembourg),research_institute,2022,budget-de-l-Etat-2022.pdf,Contribution à LISER (Luxembourg Institute of Socio-Economic Research),14000000.0,Research and Innovation,0,1222,True
LISER / CEPS-INSTEAD (Luxembourg),research_institute,2022,budget-de-l-Etat-2022.pdf,Contribution to LISER,14000000.0,Research and Innovation,0,1229,True
LISER / CEPS-INSTEAD (Luxembourg),research_institute,2023,budget-de-l-etat-2023.pdf,"Contribution financière au ""Luxembourg Institute of Socio-Economic Research (LISER)"" dans l'intérêt de l'exécution de missions déterminées ayant fait l'objet d'une convention",15210000.0,Research and Innovation,0,1247,True
LISER / CEPS-INSTEAD (Luxembourg),research_institute,2023,budget-de-l-etat-2023.pdf,Contribution au Luxembourg Institute of Socio-Economic Research (LISER),14000000.0,Research and Innovation,0,1264,True
LISER / CEPS-INSTEAD (Luxembourg),research_institute,2024,budget-de-letat-2024.pdf,Contribution au Luxembourg Institute of Socio-Economic Research,14000000.0,Research and Innovation,0,1278,True
LISER / CEPS-INSTEAD (Luxembourg),research_institute,2024,budget-de-letat-2024.pdf,Contribution financière au 'Luxembourg Institute of Socio-Economic Research (LISER)' dans l'intérêt de l'exécution de missions déterminées ayant fait l'objet d'une convention,15820000.0,Luxembourg Institute of Socio-Economic Research,0,1299,True
LISER / CEPS-INSTEAD (Luxembourg),research_institute,2025,budget-de-letat-2025.pdf,Contribution au Luxembourg Institute of Socio-Economic Research,14000000.0,Research and Innovation,0,1317,True
LISER / CEPS-INSTEAD (Luxembourg),research_institute,2025,budget-de-letat-2025.pdf,Contribution financière au 'Luxembourg Institute of Socio-Economic Research (LISER)' dans l'intérêt de l'exécution de missions déterminées ayant fait l'objet d'une convention.,17190000.0,Luxembourg Institute of Socio-Economic Research,0,1334,True
LIST / CRP Henri Tudor (Luxembourg),research_institute,1997,1997 eli-etat-leg-memorial-1996-a89-fr-pdf.pdf,Transfert au LIST pour la recherche,10000000.0,Ministry of Higher Education and Research,0,354,False
LIST / CRP Henri Tudor (Luxembourg),research_institute,2003,2003 eli-etat-leg-memorial-2002-a143-fr-pdf.pdf,Transfert au LIST pour projets de recherche,750000.0,Ministry of Higher Education and Research,0,538,False
LIST / CRP Henri Tudor (Luxembourg),research_institute,2006,2006 eli-etat-leg-memorial-2005-a217-fr-pdf.pdf,Dotation au CRP Henri Tudor pour la recherche,15000000.0,Ministry of Higher Education and Research,0,612,False
LIST / CRP Henri Tudor (Luxembourg),research_institute,2007,2007 eli-etat-leg-memorial-2006-a236-fr-pdf.pdf,Transfert au LIST (Luxembourg Institute of Science and Technology),15000000.0,Ministry of Higher Education and Research,0,646,False
LIST / CRP Henri Tudor (Luxembourg),research_institute,2007,2007 eli-etat-leg-memorial-2006-a236-fr-pdf.pdf,Dotation au CRP Henri Tudor,10000000.0,Ministry of Higher Education and Research,0,647,False
LIST / CRP Henri Tudor (Luxembourg),research_institute,2011,budget-de-l-etat-2011.pdf,Subvention pour le CRP Henri Tudor,5000000.0,Public Research Center Henri Tudor,0,791,True
LIST / CRP Henri Tudor (Luxembourg),research_institute,2012,budget-de-l-etat-2012.pdf,Participation financière de l'Etat aux frais de fonctionnement et aux frais relatifs aux missions confiées au CRTE- Centre de Ressources des Technologies pour l'Environnement (CRP HT-Centre de Recherche Public Henri Tudor).,631664.0,Ministry of Higher Education and Research,0,852,True
LIST / CRP Henri Tudor (Luxembourg),research_institute,2013,budget-de-l-etat-2013.pdf,Participation financière de l'Etat aux frais de fonctionnement et aux frais relatifs aux missions confiées au CRP Henri Tudor,631664.0,Public Research Centre Henri Tudor,0,886,True
LIST / CRP Henri Tudor (Luxembourg),research_institute,2014,budget-de-l-etat-2014.pdf,CRP Henri Tudor: operational funding,,Ministry of Higher Education and Research,0,897,True
LIST / CRP Henri Tudor (Luxembourg),research_institute,2014,budget-de-l-etat-2014.pdf,Mesures dans l'intérêt de l'accompagnement de la fusion du CRP Gabriel Lippmann et du CRP Henri Tudor: dépenses diverses.,1500000.0,Research and Innovation,0,929,True
LIST / CRP Henri Tudor (Luxembourg),research_institute,2015,budget-de-l-etat-2015.pdf,Contribution financière au 'Luxembourg Institute of Science and Technology (LIST)',39000000.0,Research and Innovation,0,966,True
LIST / CRP Henri Tudor (Luxembourg),research_institute,2016,budget-de-l-etat-2016.pdf,"Contribution financière au ""Luxembourg Institute of Science and Technology (LIST)"" dans l'intérêt de l'exécution de missions déterminées ayant fait l'objet d'une convention",39000000.0,Research and Innovation,0,996,True
LIST / CRP Henri Tudor (Luxembourg),research_institute,2016,budget-de-l-etat-2016.pdf,Contribution au Luxembourg Institute of Science and Technology (LIST),53000000.0,Research and Innovation,0,1016,True
LIST / CRP Henri Tudor (Luxembourg),research_institute,2016,budget-de-l-etat-2016.pdf,"Participation financière de l'Etat aux frais de fonctionnement et aux frais relatifs aux missions confiées au CRTE-Centre de Ressources des Technologies pour l'Environnement, Luxembourg Institute of Science and Technology « LIST » et Uni.lu.",1262664.0,Environment: General Expenditures,0,1022,True
LIST / CRP Henri Tudor (Luxembourg),research_institute,2017,budget-de-l-etat-2017.pdf,Contribution financière au 'Luxembourg Institute of Science and Technology (LIST)' dans l'intérêt de l'exécution de missions déterminées ayant fait l'objet d'une convention,41229900.0,Research and Innovation,0,1038,True
LIST / CRP Henri Tudor (Luxembourg),research_institute,2017,budget-de-l-etat-2017.pdf,Contribution au LIST,53000000.0,Luxembourg Institute of Science and Technology,0,1048,True
LIST / CRP Henri Tudor (Luxembourg),research_institute,2018,budget-de-l-etat-2018.pdf,Contribution financière au 'Luxembourg Institute of Science and Technology (LIST)' dans l'intérêt de l'exécution de missions déterminées ayant fait l'objet d'une convention.,41229900.0,Research and Innovation,0,1084,True
LIST / CRP Henri Tudor (Luxembourg),research_institute,2018,budget-de-l-etat-2018.pdf,Contribution to LIST for research activities,53000000.0,Luxembourg Institute of Science and Technology,0,1090,True
LIST / CRP Henri Tudor (Luxembourg),research_institute,2019,2019budget-de-l-Etat.pdf,Contribution financière au 'Luxembourg Institute of Science and Technology (LIST)' dans l'intérêt de l'exécution de missions déterminées ayant fait l'objet d'une convention.,45040000.0,Research and Innovation,0,1122,True
LIST / CRP Henri Tudor (Luxembourg),research_institute,2019,2019budget-de-l-Etat.pdf,Contribution à l'Institut Luxembourgeois de Science et de Technologie (LIST),53000000.0,Research and Innovation,0,1140,True
LIST / CRP Henri Tudor (Luxembourg),research_institute,2019,2019budget-de-l-Etat.pdf,"Participation financière de l'Etat aux frais de fonctionnement et aux frais relatifs aux missions confiées au CRTE-Centre de Ressources des Technologies pour l'Environnement, Luxembourg Institute of Science and Technology « LIST » et Uni.lu.",1300655.0,Research and Innovation,0,1143,True
LIST / CRP Henri Tudor (Luxembourg),research_institute,2020,budget-de-l-Etat-2020.pdf,Contribution financière au 'Luxembourg Institute of Science and Technology (LIST)',47770000.0,Research and Innovation,0,1155,True
LIST / CRP Henri Tudor (Luxembourg),research_institute,2021,budget-de-l-Etat-2021.pdf,Contribution financière au Luxembourg Institute of Science and Technology (LIST),51360000.0,Research and Innovation,0,1186,True
LIST / CRP Henri Tudor (Luxembourg),research_institute,2021,budget-de-l-Etat-2021.pdf,Contribution to the Luxembourg Institute of Science and Technology (LIST),53000000.0,Research and Innovation,0,1196,True
LIST / CRP Henri Tudor (Luxembourg),research_institute,2022,budget-de-l-Etat-2022.pdf,Contribution au Luxembourg Institute of Science and Technology (LIST),53000000.0,Research and Innovation,0,1212,True
LIST / CRP Henri Tudor (Luxembourg),research_institute,2022,budget-de-l-Etat-2022.pdf,"Contribution financière au ""Luxembourg Institute of Science and Technology (LIST)"" dans l'intérêt de l'exécution de missions déterminées ayant fait l'objet d'une convention",52940000.0,Research and Innovation,0,1220,True
LIST / CRP Henri Tudor (Luxembourg),research_institute,2022,budget-de-l-Etat-2022.pdf,Contribution à LIST (Luxembourg Institute of Science and Technology),53000000.0,Research and Innovation,0,1223,True
LIST / CRP Henri Tudor (Luxembourg),research_institute,2022,budget-de-l-Etat-2022.pdf,Contribution to LIST,53000000.0,Research and Innovation,0,1230,True
LIST / CRP Henri Tudor (Luxembourg),research_institute,2022,budget-de-l-Etat-2022.pdf,"Participation financière de l'Etat aux frais de fonctionnement et aux frais relatifs aux missions confiées au CRTE-Centre de Ressources des Technologies pour l'Environnement, Luxembourg Institute of Science and Technology « LIST » et Uni.lu.",15637.0,Environment,0,1238,True
LIST / CRP Henri Tudor (Luxembourg),research_institute,2023,budget-de-l-etat-2023.pdf,"Contribution financière au ""Luxembourg Institute of Science and Technology (LIST)"" dans l'intérêt de l'exécution de missions déterminées ayant fait l'objet d'une convention",53970000.0,Research and Innovation,0,1248,True
LIST / CRP Henri Tudor (Luxembourg),research_institute,2023,budget-de-l-etat-2023.pdf,Contribution au Luxembourg Institute of Science and Technology (LIST),53000000.0,Research and Innovation,0,1263,True
LIST / CRP Henri Tudor (Luxembourg),research_institute,2023,budget-de-l-etat-2023.pdf,"Participation financière de l'Etat aux frais de fonctionnement et aux frais relatifs aux missions confiées au CRTE-Centre de Ressources des Technologies pour l'Environnement, Luxembourg Institute of Science and Technology « LIST », Uni.lu et autres institutions de recherche.",1485000.0,Ministry of Higher Education and Research,0,1267,True
LIST / CRP Henri Tudor (Luxembourg),research_institute,2024,budget-de-letat-2024.pdf,Contribution au Luxembourg Institute of Science and Technology,53000000.0,Research and Innovation,0,1277,True
LIST / CRP Henri Tudor (Luxembourg),research_institute,2024,budget-de-letat-2024.pdf,"Participation financière de l'Etat aux frais de fonctionnement et aux frais relatifs aux missions confiées au CRTE-Centre de Ressources des Technologies pour l'Environnement, Luxembourg Institute of Science and Technology « LIST », Uni.lu et autres institutions de recherche.",1092000.0,Environment: General Expenditures,0,1292,True
LIST / CRP Henri Tudor (Luxembourg),research_institute,2024,budget-de-letat-2024.pdf,Contribution financière au 'Luxembourg Institute of Science and Technology (LIST)' dans l'intérêt de l'exécution de missions déterminées ayant fait l'objet d'une convention,55500000.0,Luxembourg Institute of Science and Technology,0,1300,True
LIST / CRP Henri Tudor (Luxembourg),research_institute,2025,budget-de-letat-2025.pdf,Contribution au Luxembourg Institute of Science and Technology,53000000.0,Research and Innovation,0,1316,True
LIST / CRP Henri Tudor (Luxembourg),research_institute,2025,budget-de-letat-2025.pdf,Contribution financière au 'Luxembourg Institute of Science and Technology (LIST)' dans l'intérêt de l'exécution de missions déterminées ayant fait l'objet d'une convention.,57700000.0,Luxembourg Institute of Science and Technology,0,1335,True
Luxembourg University Institute for Scientific Research: Subsidy and Various Expenses,science_agency,1985,1985 eli-etat-leg-memorial-1984-a111-fr-pdf.pdf,Institut universitaire luxembourgeois pour la recherche scientifique: subside et dépenses diverses,400000.0,Scientific Research and Applied Research,0,92,False
Measures and Interventions to Promote Innovation and Applied Research Activities,innovation_instruments,1983,1983 eli-etat-leg-memorial-1982-a109-fr-pdf.pdf,"Mesures et interventions destinées à favoriser les activités d'innovation et de recherche appliquée: subventions et participation à des dépenses, notamment aux frais de fonctionnement d'organismes luxembourgeois; dépenses directes dans le même but.",2000000.0,Ministry of Higher Education and Research,0,77,False
Measures and Interventions to Promote Innovation and Applied Research Activities,innovation_instruments,1984,1984 eli-etat-leg-memorial-1983-a111-fr-pdf.pdf,"Mesures et interventions destinées à favoriser les activités d'innovation et de recherche appliquée: subventions et participation à des dépenses, notamment aux frais de fonctionnement d'organismes luxembourgeois; dépenses directes dans le même but.",2000000.0,Ministry of Higher Education and Research,0,86,False
Measures and Interventions to Promote Innovation and Applied Research Activities,innovation_instruments,1985,1985 eli-etat-leg-memorial-1984-a111-fr-pdf.pdf,"Mesures et interventions destinées à favoriser les activités d'innovation et de recherche appliquée: subventions et participation à des dépenses, notamment aux frais de fonctionnement d'organismes luxembourgeois; études, expertises et dépenses directes dans le même but.",10000000.0,Ministry of Economy,0,100,False
Measures and Interventions to Promote Innovation and Applied Research Activities,innovation_instruments,1987,1987 eli-etat-leg-memorial-1986-a104-fr-pdf.pdf,"Mesures et interventions destinées à favoriser les activités d'innovation et de recherche appliquée: subventions et participation à des dépenses, notamment aux frais de fonctionnement d'organismes luxembourgeois; études, expertises et dépenses directes dans le même but.",,Ministry of Higher Education and Research,0,119,False
Measures and Interventions to Promote Innovation and Applied Research Activities,innovation_instruments,1988,1988 eli-etat-leg-memorial-1987-a106-fr-pdf.pdf,"Mesures et interventions destinées à favoriser les activités d'innovation et de recherche appliquée: subventions et participation à des dépenses, notamment aux frais de fonctionnement d'organismes luxembourgeois; études, expertises et dépenses directes dans le même but.",18000000.0,Ministry of Higher Education and Research,0,139,False
Measures and Interventions to Promote Innovation and Applied Research Activities,innovation_instruments,1990,1990 eli-etat-leg-memorial-1989-a81-fr-pdf.pdf,"Mesures et interventions destinées à favoriser les activités d'innovation et de recherche appliquée: subventions et participation à des dépenses, notamment aux frais de fonctionnement d'organismes luxembourgeois; études, expertises et dépenses directes dans le même but.",10000000.0,Ministry of Higher Education and Research,0,173,False
Measures and Interventions to Promote Innovation and Applied Research Activities,innovation_instruments,1991,1991 eli-etat-leg-memorial-1990-a71-fr-pdf.pdf,"Mesures et interventions destinées à favoriser les activités d'innovation et de recherche appliquée: subventions et participation à des dépenses, notamment aux frais de fonctionnement d'organismes luxembourgeois; études, expertises et dépenses directes dans le même but.",,Ministry of Higher Education and Research,0,194,False
Measures and Interventions to Promote Innovation and Applied Research Activities,innovation_instruments,1992,1992 eli-etat-leg-memorial-1991-a83-fr-pdf.pdf,"Mesures et interventions destinées à favoriser les activités d'innovation et de recherche appliquée: subventions et participation à des dépenses, notamment aux frais de fonctionnement d'organismes luxembourgeois; études, expertises et dépenses directes dans le même but.",16916000.0,Economy,0,207,False
Measures and Interventions to Promote Innovation and Applied Research Activities,innovation_instruments,1993,1993 eli-etat-leg-memorial-1992-a100-fr-pdf.pdf,"Mesures et interventions destinées à favoriser les activités d'innovation et de recherche appliquée: subventions et participation à des dépenses, notamment aux frais de fonctionnement d'organismes luxembourgeois; études, expertises et dépenses directes dans le même but.",2000000.0,Ministry of Higher Education and Research,0,237,False
Measures and Interventions to Promote Innovation and Applied Research Activities,innovation_instruments,1995,1995 eli-etat-leg-memorial-1994-a114-fr-pdf.pdf,"Mesures et interventions destinées à favoriser les activités d'innovation et de recherche appliquée: subventions et participation à des dépenses, notamment aux frais de fonctionnement d'organismes luxembourgeois, études, expertises et dépenses directes dans le même but",1250000.0,Ministry of Economy,0,288,False
Measures and Interventions to Promote Innovation and Applied Research Activities,innovation_instruments,1996,1996 eli-etat-leg-memorial-1995-a98-fr-pdf.pdf,"Mesures et interventions destinées à favoriser les activités d'innovation et de recherche appliquée: subventions et participation à des dépenses, notamment aux frais de fonctionnement d'organismes luxembourgeois, études, expertises et dépenses directes dans le même but",1750000.0,Ministry of Higher Education and Research,0,325,False
Measures and Interventions to Promote Innovation and Applied Research Activities,innovation_instruments,1997,1997 eli-etat-leg-memorial-1996-a89-fr-pdf.pdf,"Mesures et interventions destinées à favoriser les activités d'innovation et de recherche appliquée: subventions et participation à des dépenses, notamment aux frais de fonctionnement d'organismes luxembourgeois, études, expertises et dépenses directes dans le même but",10000000.0,Economy,0,349,False
Measures and Interventions to Promote Innovation and Applied Research Activities,innovation_instruments,1998,1998 eli-etat-leg-memorial-1997-a98-fr-pdf.pdf,"Mesures et interventions destinées à favoriser les activités d'innovation et de recherche appliquée: subventions et participation à des dépenses, notamment aux frais de fonctionnement d'organismes luxembourgeois et internationaux de recherche-développement et de transfert technologiques, études, expertises et dépenses directes dans le même but.",10000000.0,Ministry of Higher Education and Research,0,373,False
Measures and Interventions to Promote Innovation and Applied Research Activities,innovation_instruments,1999,1999 eli-etat-leg-memorial-1998-a109-fr-pdf.pdf,"Mesures et interventions destinées à favoriser les activités d'innovation et de recherche appliquée: participation à des dépenses, notamment aux frais de fonctionnement d'organismes luxembourgeois et internationaux de recherche-développement et de transfert technologiques, études, expertises et dépenses directes dans le même but.",9990.0,Ministry of Higher Education and Research,0,411,False
Measures and Interventions to Promote Innovation and Applied Research Activities,innovation_instruments,2001,2001 eli-etat-leg-memorial-2000-a140-fr-pdf.pdf,"Mesures et interventions destinées à favoriser les activités d'innovation et de recherche appliquée: participation à des dépenses, notamment aux frais de fonctionnement d'organismes luxembourgeois et internationaux de recherche-développement et de transfert technologiques, études, expertises et dépenses directes dans le même but.",165000.0,Ministry of Higher Education and Research,0,466,False
Measures and Interventions to Promote Innovation and Applied Research Activities,innovation_instruments,2003,2003 eli-etat-leg-memorial-2002-a143-fr-pdf.pdf,"Mesures et interventions destinées à favoriser les activités d'innovation et de recherche appliquée: participation à des dépenses, notamment aux frais de fonctionnement d'organismes luxembourgeois et internationaux de recherche-développement et de transfert technologiques, études, expertises et dépenses directes dans le même but.",230000.0,Economy,0,540,False
Measures and Interventions to Promote Innovation and Applied Research Activities,innovation_instruments,2005,2005 eli-etat-leg-memorial-2004-a204-fr-pdf.pdf,"Mesures et interventions destinées à favoriser les activités d'innovation et de recherche appliquée: participation à des dépenses, notamment aux frais de fonctionnement d'organismes luxembourgeois et internationaux de recherche-développement et de transfert technologiques, études, expertises et dépenses directes dans le même but.",240000.0,Ministry of Economy,0,599,False
Measures and Interventions to Promote Innovation and Applied Research Activities,innovation_instruments,2006,2006 eli-etat-leg-memorial-2005-a217-fr-pdf.pdf,Mesures et interventions destinées à favoriser les activités d'innovation et de recherche appliquée,220000.0,Ministry of Economy,0,632,False
Measures and Interventions to Promote Innovation and Applied Research Activities,innovation_instruments,2006,2006 eli-etat-leg-memorial-2005-a217-fr-pdf.pdf,Mesures et interventions destinées à favoriser les activités d'innovation et de recherche appliquée,249000.0,Ministry of Economy,0,633,False
Measures and Interventions to Promote Innovation and Applied Research Activities,innovation_instruments,2008,2008 eli-etat-leg-memorial-2007-a236-fr-pdf.pdf,"Mesures et interventions destinées à favoriser les activités d'innovation et de recherche appliquée: participation à des dépenses, notamment aux frais de fonctionnement d'organismes luxembourgeois et internationaux de recherche-développement et de transfert technologiques, études, expertises et dépenses directes dans le même but.",275000.0,Ministry of Economy,0,701,False
Measures and Interventions to Promote Innovation and Applied Research Activities,innovation_instruments,2009,2009 eli-etat-leg-memorial-2008-a200-fr-pdf.pdf,"Mesures et interventions destinées à favoriser les activités d'innovation et de recherche appliquée: participation à des dépenses, notamment aux frais de fonctionnement d'organismes luxembourgeois et internationaux de recherche-développement et de transfert technologiques, études, expertises et dépenses directes dans le même but.",2322000.0,Ministry of Economy,0,746,False
Measures and Interventions to Promote Innovation and Applied Research Activities,innovation_instruments,2010,budget-de-l-etat-2010.pdf,"Mesures et interventions destinées à favoriser les activités d'innovation et de recherche appliquée: participation à des dépenses, notamment aux frais de fonctionnement d'organismes luxembourgeois et internationaux de recherche-développement et de transfert technologiques, études, expertises et dépenses directes dans le même but.",150000.0,Ministry of Higher Education and Research,0,766,False
Measures and Interventions to Promote Innovation and Applied Research Activities,innovation_instruments,2011,budget-de-l-etat-2011.pdf,"Mesures et interventions destinées à favoriser les activités d'innovation et de recherche appliquée: participation à des dépenses, notamment aux frais de fonctionnement d'organismes luxembourgeois et internationaux de recherche-développement et de transfert technologiques, études, expertises et dépenses directes dans le même but",154000.0,Ministry of Higher Education and Research,0,807,False
Measures and Interventions to Promote Innovation and Applied Research Activities,innovation_instruments,2013,budget-de-l-etat-2013.pdf,"Mesures et interventions destinées à favoriser les activités d'innovation et de recherche appliquée: participation à des dépenses, notamment aux frais de fonctionnement d'organismes luxembourgeois et internationaux de recherche-développement et de transfert technologiques, études, expertises et dépenses directes dans le même but.",130000.0,Ministry of Higher Education and Research,0,871,False
Measures and Interventions to Promote Innovation and Applied Research Activities,innovation_instruments,2014,budget-de-l-etat-2014.pdf,"Mesures et interventions destinées à favoriser les activités d'innovation et de recherche appliquée: participation à des dépenses, notamment aux frais de fonctionnement d'organismes luxembourgeois et internationaux de recherche-développement et de transfert technologiques, études, expertises et dépenses directes dans le même but.",130000.0,Economy,0,931,False
Measures and Interventions to Promote Innovation and Applied Research Activities,innovation_instruments,2016,budget-de-l-etat-2016.pdf,"Mesures et interventions destinées à favoriser les activités d'innovation et de recherche appliquée: participation à des dépenses, notamment aux frais de fonctionnement d'organismes luxembourgeois et internationaux de recherche-développement et de transfert technologiques, études, expertises et dépenses directes dans le même but.",70000.0,Economy,0,999,False
"Measures for the promotion of research, technological development, and technology transfer",innovation_instruments,2004,2004 eli-etat-leg-memorial-2003-a184-fr-pdf.pdf,"Mesures dans l'intérêt de la promotion de la recherche, du développement technologique et du transfert de technologie.",52000.0,Scientific and Applied Research,0,563,False
Ministère de l'Enseignement Supérieur et de la Recherche (Luxembourg),rd_ministry,1975,1975 eli-etat-leg-memorial-1974-a92-fr-pdf.pdf,Ministère de l'Enseignement Supérieur et de la Recherche,10000000.0,Ministry of Higher Education and Research,0,0,False
Ministère de l'Enseignement Supérieur et de la Recherche (Luxembourg),rd_ministry,1976,1976 eli-etat-leg-memorial-1975-a89-fr-pdf.pdf,Ministère de l'Enseignement Supérieur et de la Recherche,150512000.0,Ministry of Higher Education and Research,0,6,False
Ministère de l'Enseignement Supérieur et de la Recherche (Luxembourg),rd_ministry,1977,1977 eli-etat-leg-memorial-1976-a79-fr-pdf.pdf,Ministère de l'Enseignement Supérieur et de la Recherche,25175000.0,Ministry of Higher Education and Research,0,11,False
Ministère de l'Enseignement Supérieur et de la Recherche (Luxembourg),rd_ministry,1978,1978 eli-etat-leg-memorial-1977-a77-fr-pdf.pdf,Ministère de l'Enseignement Supérieur et de la Recherche,60000000.0,Ministry of Higher Education and Research,0,25,False
Ministère de l'Enseignement Supérieur et de la Recherche (Luxembourg),rd_ministry,1979,1979 eli-etat-leg-memorial-1978-a86-fr-pdf.pdf,Ministère de l'Enseignement Supérieur et de la Recherche,15000000.0,Ministry of Higher Education and Research,0,29,False
Ministère de l'Enseignement Supérieur et de la Recherche (Luxembourg),rd_ministry,1980,1980 eli-etat-leg-memorial-1979-a95-fr-pdf.pdf,Ministère de l'Enseignement Supérieur et de la Recherche,0.0,Ministry of Higher Education and Research,0,36,False
Ministère de l'Enseignement Supérieur et de la Recherche (Luxembourg),rd_ministry,1980,1980 eli-etat-leg-memorial-1979-a95-fr-pdf.pdf,Ministère de l'Enseignement Supérieur et de la Recherche,12000000.0,Ministry of Higher Education and Research,0,41,False
Ministère de l'Enseignement Supérieur et de la Recherche (Luxembourg),rd_ministry,1981,1981 eli-etat-leg-memorial-1980-a84-fr-pdf.pdf,Ministère de l'Enseignement Supérieur et de la Recherche,0.0,Ministry of Higher Education and Research,0,44,False
Ministère de l'Enseignement Supérieur et de la Recherche (Luxembourg),rd_ministry,1982,1982 eli-etat-leg-memorial-1981-a100-fr-pdf.pdf,Ministère de l'Enseignement Supérieur et de la Recherche,318693000.0,Ministry of Higher Education and Research,0,50,False
Ministère de l'Enseignement Supérieur et de la Recherche (Luxembourg),rd_ministry,1982,1982 eli-etat-leg-memorial-1981-a100-fr-pdf.pdf,Ministère de l'Enseignement Supérieur et de la Recherche,33124000.0,Ministry of Higher Education and Research,0,55,False
Ministère de l'Enseignement Supérieur et de la Recherche (Luxembourg),rd_ministry,1982,1982 eli-etat-leg-memorial-1981-a100-fr-pdf.pdf,Ministère de l'Enseignement Supérieur et de la Recherche,,Ministry of Higher Education and Research,0,60,False
Ministère de l'Enseignement Supérieur et de la Recherche (Luxembourg),rd_ministry,1983,1983 eli-etat-leg-memorial-1982-a109-fr-pdf.pdf,Ministère de l'Enseignement Supérieur et de la Recherche,10000000.0,Ministry of Higher Education and Research,0,64,False
Ministère de l'Enseignement Supérieur et de la Recherche (Luxembourg),rd_ministry,1983,1983 eli-etat-leg-memorial-1982-a109-fr-pdf.pdf,Ministère de l'Enseignement Supérieur et de la Recherche,23960000.0,Ministry of Higher Education and Research,0,70,False
Ministère de l'Enseignement Supérieur et de la Recherche (Luxembourg),rd_ministry,1983,1983 eli-etat-leg-memorial-1982-a109-fr-pdf.pdf,Ministère de l'Enseignement Supérieur et de la Recherche,1985663000.0,Ministry of Higher Education and Research,0,74,False
Ministère de l'Enseignement Supérieur et de la Recherche (Luxembourg),rd_ministry,1984,1984 eli-etat-leg-memorial-1983-a111-fr-pdf.pdf,Ministère de l'Enseignement Supérieur et de la Recherche,41482000.0,Ministry of Higher Education and Research,0,78,False
Ministère de l'Enseignement Supérieur et de la Recherche (Luxembourg),rd_ministry,1984,1984 eli-etat-leg-memorial-1983-a111-fr-pdf.pdf,Ministère de l'Enseignement Supérieur et de la Recherche,244900000.0,Ministry of Higher Education and Research,0,83,False
Ministère de l'Enseignement Supérieur et de la Recherche (Luxembourg),rd_ministry,1985,1985 eli-etat-leg-memorial-1984-a111-fr-pdf.pdf,Ministère de l'Enseignement Supérieur et de la Recherche,126625000.0,Ministry of Higher Education and Research,0,87,False
Ministère de l'Enseignement Supérieur et de la Recherche (Luxembourg),rd_ministry,1985,1985 eli-etat-leg-memorial-1984-a111-fr-pdf.pdf,Ministère de l'Enseignement Supérieur et de la Recherche,25000000.0,Ministry of Higher Education and Research,0,94,False
Ministère de l'Enseignement Supérieur et de la Recherche (Luxembourg),rd_ministry,1985,1985 eli-etat-leg-memorial-1984-a111-fr-pdf.pdf,Ministère de l'Enseignement Supérieur et de la Recherche,,Ministry of Higher Education and Research,0,101,False
Ministère de l'Enseignement Supérieur et de la Recherche (Luxembourg),rd_ministry,1987,1987 eli-etat-leg-memorial-1986-a104-fr-pdf.pdf,Ministère de l'Enseignement Supérieur et de la Recherche,0.0,Ministry of Higher Education and Research,0,104,False
Ministère de l'Enseignement Supérieur et de la Recherche (Luxembourg),rd_ministry,1987,1987 eli-etat-leg-memorial-1986-a104-fr-pdf.pdf,Ministère de l'Enseignement Supérieur et de la Recherche,25000000.0,Ministry of Higher Education and Research,0,107,False
Ministère de l'Enseignement Supérieur et de la Recherche (Luxembourg),rd_ministry,1987,1987 eli-etat-leg-memorial-1986-a104-fr-pdf.pdf,Ministère de l'Enseignement Supérieur et de la Recherche,,Ministry of Higher Education and Research,0,117,False
Ministère de l'Enseignement Supérieur et de la Recherche (Luxembourg),rd_ministry,1988,1988 eli-etat-leg-memorial-1987-a106-fr-pdf.pdf,Ministère de l'Enseignement Supérieur et de la Recherche,26836000.0,Ministry of Higher Education and Research,0,120,False
Ministère de l'Enseignement Supérieur et de la Recherche (Luxembourg),rd_ministry,1988,1988 eli-etat-leg-memorial-1987-a106-fr-pdf.pdf,Ministère de l'Enseignement Supérieur et de la Recherche,130000000.0,Ministry of Higher Education and Research,0,137,False
Ministère de l'Enseignement Supérieur et de la Recherche (Luxembourg),rd_ministry,1989,1989 eli-etat-leg-memorial-1988-a69-fr-pdf.pdf,Ministère de l'Enseignement Supérieur et de la Recherche,32500000.0,Ministry of Higher Education and Research,0,140,False
Ministère de l'Enseignement Supérieur et de la Recherche (Luxembourg),rd_ministry,1989,1989 eli-etat-leg-memorial-1988-a69-fr-pdf.pdf,Ministère de l'Enseignement Supérieur et de la Recherche,45000000.0,Ministry of Higher Education and Research,0,148,False
Ministère de l'Enseignement Supérieur et de la Recherche (Luxembourg),rd_ministry,1989,1989 eli-etat-leg-memorial-1988-a69-fr-pdf.pdf,Ministère de l'Enseignement Supérieur et de la Recherche,10000000.0,Ministry of Higher Education and Research,0,152,False
Ministère de l'Enseignement Supérieur et de la Recherche (Luxembourg),rd_ministry,1989,1989 eli-etat-leg-memorial-1988-a69-fr-pdf.pdf,Ministère de l'Enseignement Supérieur et de la Recherche,0.0,Ministry of Higher Education and Research,0,157,False
Ministère de l'Enseignement Supérieur et de la Recherche (Luxembourg),rd_ministry,1990,1990 eli-etat-leg-memorial-1989-a81-fr-pdf.pdf,Ministère de l'Enseignement Supérieur et de la Recherche,140723000.0,Ministry of Higher Education and Research,0,160,False
Ministère de l'Enseignement Supérieur et de la Recherche (Luxembourg),rd_ministry,1990,1990 eli-etat-leg-memorial-1989-a81-fr-pdf.pdf,Ministère de l'Enseignement Supérieur et de la Recherche,1095093000.0,Ministry of Higher Education and Research,0,166,False
Ministère de l'Enseignement Supérieur et de la Recherche (Luxembourg),rd_ministry,1990,1990 eli-etat-leg-memorial-1989-a81-fr-pdf.pdf,Ministère de l'Enseignement Supérieur et de la Recherche,100000000.0,Ministry of Higher Education and Research,0,171,False
Ministère de l'Enseignement Supérieur et de la Recherche (Luxembourg),rd_ministry,1990,1990 eli-etat-leg-memorial-1989-a81-fr-pdf.pdf,Ministère de l'Enseignement Supérieur et de la Recherche,164477000.0,Ministry of Higher Education and Research,0,174,False
Ministère de l'Enseignement Supérieur et de la Recherche (Luxembourg),rd_ministry,1991,1991 eli-etat-leg-memorial-1990-a71-fr-pdf.pdf,Ministère de l'Enseignement Supérieur et de la Recherche,1495200000.0,Ministry of Higher Education and Research,0,184,False
Ministère de l'Enseignement Supérieur et de la Recherche (Luxembourg),rd_ministry,1991,1991 eli-etat-leg-memorial-1990-a71-fr-pdf.pdf,Ministère de l'Enseignement Supérieur et de la Recherche,339656000.0,Ministry of Higher Education and Research,0,188,False
Ministère de l'Enseignement Supérieur et de la Recherche (Luxembourg),rd_ministry,1991,1991 eli-etat-leg-memorial-1990-a71-fr-pdf.pdf,Ministère de l'Enseignement Supérieur et de la Recherche,420478000.0,Ministry of Higher Education and Research,0,192,False
Ministère de l'Enseignement Supérieur et de la Recherche (Luxembourg),rd_ministry,1992,1992 eli-etat-leg-memorial-1991-a83-fr-pdf.pdf,Ministère de l'Enseignement Supérieur et de la Recherche,208072000.0,Ministry of Higher Education and Research,0,195,False
Ministère de l'Enseignement Supérieur et de la Recherche (Luxembourg),rd_ministry,1992,1992 eli-etat-leg-memorial-1991-a83-fr-pdf.pdf,Ministère de l'Enseignement Supérieur et de la Recherche,0.0,Ministry of Higher Education and Research,0,202,False
Ministère de l'Enseignement Supérieur et de la Recherche (Luxembourg),rd_ministry,1993,1993 eli-etat-leg-memorial-1992-a100-fr-pdf.pdf,Ministère de l'Enseignement Supérieur et de la Recherche,30000000.0,Ministry of Higher Education and Research,0,208,False
Ministère de l'Enseignement Supérieur et de la Recherche (Luxembourg),rd_ministry,1993,1993 eli-etat-leg-memorial-1992-a100-fr-pdf.pdf,Ministère de l'Enseignement Supérieur et de la Recherche,94950000.0,Ministry of Higher Education and Research,0,221,False
Ministère de l'Enseignement Supérieur et de la Recherche (Luxembourg),rd_ministry,1993,1993 eli-etat-leg-memorial-1992-a100-fr-pdf.pdf,Ministère de l'Enseignement Supérieur et de la Recherche,334541000.0,Ministry of Higher Education and Research,0,227,False
Ministère de l'Enseignement Supérieur et de la Recherche (Luxembourg),rd_ministry,1993,1993 eli-etat-leg-memorial-1992-a100-fr-pdf.pdf,Ministère de l'Enseignement Supérieur et de la Recherche,,Ministry of Higher Education and Research,0,234,False
Ministère de l'Enseignement Supérieur et de la Recherche (Luxembourg),rd_ministry,1993,1993 eli-etat-leg-memorial-1992-a100-fr-pdf.pdf,Ministère de l'Enseignement Supérieur et de la Recherche,0.0,Ministry of Higher Education and Research,0,238,False
Ministère de l'Enseignement Supérieur et de la Recherche (Luxembourg),rd_ministry,1994,1994 eli-etat-leg-memorial-1993-a97-fr-pdf.pdf,Ministère de l'Enseignement Supérieur et de la Recherche,,Ministry of Higher Education and Research,0,243,False
Ministère de l'Enseignement Supérieur et de la Recherche (Luxembourg),rd_ministry,1994,1994 eli-etat-leg-memorial-1993-a97-fr-pdf.pdf,Ministère de l'Enseignement Supérieur et de la Recherche,1624490000.0,Ministry of Higher Education and Research,0,246,False
Ministère de l'Enseignement Supérieur et de la Recherche (Luxembourg),rd_ministry,1994,1994 eli-etat-leg-memorial-1993-a97-fr-pdf.pdf,Ministère de l'Enseignement Supérieur et de la Recherche,0.0,Ministry of Higher Education and Research,0,248,False
Ministère de l'Enseignement Supérieur et de la Recherche (Luxembourg),rd_ministry,1994,1994 eli-etat-leg-memorial-1993-a97-fr-pdf.pdf,Ministère de l'Enseignement Supérieur et de la Recherche,187200000.0,Ministry of Higher Education and Research,0,252,False
Ministère de l'Enseignement Supérieur et de la Recherche (Luxembourg),rd_ministry,1995,1995 eli-etat-leg-memorial-1994-a114-fr-pdf.pdf,Ministère de l'Enseignement Supérieur et de la Recherche,0.0,Ministry of Higher Education and Research,0,266,False
Ministère de l'Enseignement Supérieur et de la Recherche (Luxembourg),rd_ministry,1995,1995 eli-etat-leg-memorial-1994-a114-fr-pdf.pdf,Ministère de l'Enseignement Supérieur et de la Recherche,88381000.0,Ministry of Higher Education and Research,0,269,False
Ministère de l'Enseignement Supérieur et de la Recherche (Luxembourg),rd_ministry,1995,1995 eli-etat-leg-memorial-1994-a114-fr-pdf.pdf,Ministère de l'Enseignement Supérieur et de la Recherche,4500000.0,Ministry of Higher Education and Research,0,277,False
Ministère de l'Enseignement Supérieur et de la Recherche (Luxembourg),rd_ministry,1995,1995 eli-etat-leg-memorial-1994-a114-fr-pdf.pdf,Ministère de l'Enseignement Supérieur et de la Recherche,0.0,Ministry of Higher Education and Research,0,281,False
Ministère de l'Enseignement Supérieur et de la Recherche (Luxembourg),rd_ministry,1996,1996 eli-etat-leg-memorial-1995-a98-fr-pdf.pdf,Ministère de l'Enseignement Supérieur et de la Recherche,827836000.0,Ministry of Higher Education and Research,0,289,False
Ministère de l'Enseignement Supérieur et de la Recherche (Luxembourg),rd_ministry,1996,1996 eli-etat-leg-memorial-1995-a98-fr-pdf.pdf,Ministère de l'Enseignement Supérieur et de la Recherche,104597000.0,Ministry of Higher Education and Research,0,294,False
Ministère de l'Enseignement Supérieur et de la Recherche (Luxembourg),rd_ministry,1996,1996 eli-etat-leg-memorial-1995-a98-fr-pdf.pdf,MINISTÈRE DE L'ENSEIGNEMENT SUPÉRIEUR ET DE LA RECHERCHE,1110290000.0,MINISTRY OF HIGHER EDUCATION AND RESEARCH,0,298,False
Ministère de l'Enseignement Supérieur et de la Recherche (Luxembourg),rd_ministry,1996,1996 eli-etat-leg-memorial-1995-a98-fr-pdf.pdf,Ministère de l'Enseignement Supérieur et de la Recherche,393554000.0,Ministry of Higher Education and Research,0,320,False
Ministère de l'Enseignement Supérieur et de la Recherche (Luxembourg),rd_ministry,1996,1996 eli-etat-leg-memorial-1995-a98-fr-pdf.pdf,Ministère de l'Enseignement Supérieur et de la Recherche,109656000.0,Ministry of Higher Education and Research,0,324,False
Ministère de l'Enseignement Supérieur et de la Recherche (Luxembourg),rd_ministry,1997,1997 eli-etat-leg-memorial-1996-a89-fr-pdf.pdf,Ministère de l'Enseignement Supérieur et de la Recherche,0.0,Ministry of Higher Education and Research,0,329,False
Ministère de l'Enseignement Supérieur et de la Recherche (Luxembourg),rd_ministry,1997,1997 eli-etat-leg-memorial-1996-a89-fr-pdf.pdf,Ministère de l'Enseignement Supérieur et de la Recherche,0.0,Ministry of Higher Education and Research,0,335,False
Ministère de l'Enseignement Supérieur et de la Recherche (Luxembourg),rd_ministry,1997,1997 eli-etat-leg-memorial-1996-a89-fr-pdf.pdf,Ministère de l'Enseignement Supérieur et de la Recherche,,Ministry of Higher Education and Research,0,342,False
Ministère de l'Enseignement Supérieur et de la Recherche (Luxembourg),rd_ministry,1997,1997 eli-etat-leg-memorial-1996-a89-fr-pdf.pdf,Ministère de l'Enseignement Supérieur et de la Recherche,0.0,Ministry of Higher Education and Research,0,351,False
Ministère de l'Enseignement Supérieur et de la Recherche (Luxembourg),rd_ministry,1998,1998 eli-etat-leg-memorial-1997-a98-fr-pdf.pdf,Ministère de l'Enseignement Supérieur et de la Recherche,0.0,Ministry of Higher Education and Research,0,355,False
Ministère de l'Enseignement Supérieur et de la Recherche (Luxembourg),rd_ministry,1998,1998 eli-etat-leg-memorial-1997-a98-fr-pdf.pdf,Ministère de l'Enseignement Supérieur et de la Recherche,291339000.0,Ministry of Higher Education and Research,0,358,False
Ministère de l'Enseignement Supérieur et de la Recherche (Luxembourg),rd_ministry,1998,1998 eli-etat-leg-memorial-1997-a98-fr-pdf.pdf,Ministère de l'Enseignement Supérieur et de la Recherche,461873000.0,Ministry of Higher Education and Research,0,367,False
Ministère de l'Enseignement Supérieur et de la Recherche (Luxembourg),rd_ministry,1998,1998 eli-etat-leg-memorial-1997-a98-fr-pdf.pdf,Ministère de l'Enseignement Supérieur et de la Recherche,2256005000.0,Ministry of Higher Education and Research,0,372,False
Ministère de l'Enseignement Supérieur et de la Recherche (Luxembourg),rd_ministry,1999,1999 eli-etat-leg-memorial-1998-a109-fr-pdf.pdf,Ministère de l'Enseignement Supérieur et de la Recherche,931462000.0,Ministry of Higher Education and Research,0,376,False
Ministère de l'Enseignement Supérieur et de la Recherche (Luxembourg),rd_ministry,1999,1999 eli-etat-leg-memorial-1998-a109-fr-pdf.pdf,Ministère de l'Enseignement Supérieur et de la Recherche,1190000000.0,Ministry of Higher Education and Research,0,381,False
Ministère de l'Enseignement Supérieur et de la Recherche (Luxembourg),rd_ministry,1999,1999 eli-etat-leg-memorial-1998-a109-fr-pdf.pdf,Ministère de l'Enseignement Supérieur et de la Recherche,134544000.0,Ministry of Higher Education and Research,0,385,False
Ministère de l'Enseignement Supérieur et de la Recherche (Luxembourg),rd_ministry,1999,1999 eli-etat-leg-memorial-1998-a109-fr-pdf.pdf,Ministère de l'Enseignement Supérieur et de la Recherche,140000000.0,Ministry of Higher Education and Research,0,405,False
Ministère de l'Enseignement Supérieur et de la Recherche (Luxembourg),rd_ministry,1999,1999 eli-etat-leg-memorial-1998-a109-fr-pdf.pdf,Ministère de l'Enseignement Supérieur et de la Recherche,458695000.0,Ministry of Higher Education and Research,0,410,False
Ministère de l'Enseignement Supérieur et de la Recherche (Luxembourg),rd_ministry,1999,1999 eli-etat-leg-memorial-1998-a109-fr-pdf.pdf,Ministère de l'Enseignement Supérieur et de la Recherche,2151005000.0,Ministry of Higher Education and Research,0,414,False
Ministère de l'Enseignement Supérieur et de la Recherche (Luxembourg),rd_ministry,2000,2000 eli-etat-leg-memorial-1999-a148-fr-pdf.pdf,Ministère de l'Enseignement Supérieur et de la Recherche,1100000000.0,Ministry of Higher Education and Research,0,419,False
Ministère de l'Enseignement Supérieur et de la Recherche (Luxembourg),rd_ministry,2000,2000 eli-etat-leg-memorial-1999-a148-fr-pdf.pdf,Ministère de l'Enseignement Supérieur et de la Recherche,390313000.0,Ministry of Higher Education and Research,0,425,False
Ministère de l'Enseignement Supérieur et de la Recherche (Luxembourg),rd_ministry,2000,2000 eli-etat-leg-memorial-1999-a148-fr-pdf.pdf,Ministère de l'Enseignement Supérieur et de la Recherche,439249000.0,Ministry of Higher Education and Research,0,430,False
Ministère de l'Enseignement Supérieur et de la Recherche (Luxembourg),rd_ministry,2000,2000 eli-etat-leg-memorial-1999-a148-fr-pdf.pdf,Ministère de l'Enseignement Supérieur et de la Recherche,103366000.0,Ministry of Higher Education and Research,0,433,False
Ministère de l'Enseignement Supérieur et de la Recherche (Luxembourg),rd_ministry,2000,2000 eli-etat-leg-memorial-1999-a148-fr-pdf.pdf,Ministère de l'Enseignement Supérieur et de la Recherche,455000000.0,Ministry of Higher Education and Research,0,436,False
Ministère de l'Enseignement Supérieur et de la Recherche (Luxembourg),rd_ministry,2001,2001 eli-etat-leg-memorial-2000-a140-fr-pdf.pdf,Ministère de l'Enseignement Supérieur et de la Recherche,,Ministry of Higher Education and Research,0,439,False
Ministère de l'Enseignement Supérieur et de la Recherche (Luxembourg),rd_ministry,2001,2001 eli-etat-leg-memorial-2000-a140-fr-pdf.pdf,Ministère de l'Enseignement Supérieur et de la Recherche,30920000.0,Ministry of Higher Education and Research,0,444,False
Ministère de l'Enseignement Supérieur et de la Recherche (Luxembourg),rd_ministry,2001,2001 eli-etat-leg-memorial-2000-a140-fr-pdf.pdf,Ministère de l'Enseignement Supérieur et de la Recherche,0.0,Ministry of Higher Education and Research,0,462,False
Ministère de l'Enseignement Supérieur et de la Recherche (Luxembourg),rd_ministry,2001,2001 eli-etat-leg-memorial-2000-a140-fr-pdf.pdf,Ministère de l'Enseignement Supérieur et de la Recherche,15951320.0,Ministry of Higher Education and Research,0,467,False
Ministère de l'Enseignement Supérieur et de la Recherche (Luxembourg),rd_ministry,2002,2002 eli-etat-leg-memorial-2001-a148-fr-pdf.pdf,Ministère de l'Enseignement Supérieur et de la Recherche,,Ministry of Higher Education and Research,0,474,False
Ministère de l'Enseignement Supérieur et de la Recherche (Luxembourg),rd_ministry,2002,2002 eli-etat-leg-memorial-2001-a148-fr-pdf.pdf,Ministère de l'Enseignement Supérieur et de la Recherche,0.0,Ministry of Higher Education and Research,0,477,False
Ministère de l'Enseignement Supérieur et de la Recherche (Luxembourg),rd_ministry,2002,2002 eli-etat-leg-memorial-2001-a148-fr-pdf.pdf,Ministère de l'Enseignement Supérieur et de la Recherche,20815826.0,Ministry of Higher Education and Research,0,481,False
Ministère de l'Enseignement Supérieur et de la Recherche (Luxembourg),rd_ministry,2002,2002 eli-etat-leg-memorial-2001-a148-fr-pdf.pdf,Ministère de l'Enseignement Supérieur et de la Recherche,,Ministry of Higher Education and Research,0,487,False
Ministère de l'Enseignement Supérieur et de la Recherche (Luxembourg),rd_ministry,2002,2002 eli-etat-leg-memorial-2001-a148-fr-pdf.pdf,Ministère de l'Enseignement Supérieur et de la Recherche,2595127.0,Ministry of Higher Education and Research,0,497,False
Ministère de l'Enseignement Supérieur et de la Recherche (Luxembourg),rd_ministry,2002,2002 eli-etat-leg-memorial-2001-a148-fr-pdf.pdf,Ministère de l'Enseignement Supérieur et de la Recherche,10000000.0,Ministry of Higher Education and Research,0,509,False
Ministère de l'Enseignement Supérieur et de la Recherche (Luxembourg),rd_ministry,2003,2003 eli-etat-leg-memorial-2002-a143-fr-pdf.pdf,Ministère de l'Enseignement Supérieur et de la Recherche,,Ministry of Higher Education and Research,0,513,False
Ministère de l'Enseignement Supérieur et de la Recherche (Luxembourg),rd_ministry,2003,2003 eli-etat-leg-memorial-2002-a143-fr-pdf.pdf,Ministère de l'Enseignement Supérieur et de la Recherche,0.0,Ministry of Higher Education and Research,0,518,False
Ministère de l'Enseignement Supérieur et de la Recherche (Luxembourg),rd_ministry,2003,2003 eli-etat-leg-memorial-2002-a143-fr-pdf.pdf,Ministère de l'Enseignement Supérieur et de la Recherche,148504248.0,Ministry of Higher Education and Research,0,532,False
Ministère de l'Enseignement Supérieur et de la Recherche (Luxembourg),rd_ministry,2003,2003 eli-etat-leg-memorial-2002-a143-fr-pdf.pdf,Ministère de l'Enseignement Supérieur et de la Recherche,13770089.0,Ministry of Higher Education and Research,0,539,False
Ministère de l'Enseignement Supérieur et de la Recherche (Luxembourg),rd_ministry,2003,2003 eli-etat-leg-memorial-2002-a143-fr-pdf.pdf,Ministère de l'Enseignement Supérieur et de la Recherche,,Ministry of Higher Education and Research,0,544,False
Ministère de l'Enseignement Supérieur et de la Recherche (Luxembourg),rd_ministry,2004,2004 eli-etat-leg-memorial-2003-a184-fr-pdf.pdf,Ministère de l'Enseignement Supérieur et de la Recherche,,Ministry of Higher Education and Research,0,548,False
Ministère de l'Enseignement Supérieur et de la Recherche (Luxembourg),rd_ministry,2004,2004 eli-etat-leg-memorial-2003-a184-fr-pdf.pdf,Ministère de l'Enseignement Supérieur et de la Recherche,594962.0,Ministry of Higher Education and Research,0,551,False
Ministère de l'Enseignement Supérieur et de la Recherche (Luxembourg),rd_ministry,2004,2004 eli-etat-leg-memorial-2003-a184-fr-pdf.pdf,Ministère de l'Enseignement Supérieur et de la Recherche,160657882.0,Ministry of Higher Education and Research,0,558,False
Ministère de l'Enseignement Supérieur et de la Recherche (Luxembourg),rd_ministry,2004,2004 eli-etat-leg-memorial-2003-a184-fr-pdf.pdf,Ministère de l'Enseignement Supérieur et de la Recherche,0.0,Ministry of Higher Education and Research,0,569,False
Ministère de l'Enseignement Supérieur et de la Recherche (Luxembourg),rd_ministry,2004,2004 eli-etat-leg-memorial-2003-a184-fr-pdf.pdf,Ministère de l'Enseignement Supérieur et de la Recherche,110248.0,Ministry of Higher Education and Research,0,573,False
Ministère de l'Enseignement Supérieur et de la Recherche (Luxembourg),rd_ministry,2005,2005 eli-etat-leg-memorial-2004-a204-fr-pdf.pdf,Ministère de l'Enseignement Supérieur et de la Recherche,,Ministry of Higher Education and Research,0,580,False
Ministère de l'Enseignement Supérieur et de la Recherche (Luxembourg),rd_ministry,2005,2005 eli-etat-leg-memorial-2004-a204-fr-pdf.pdf,Ministère de l'Enseignement Supérieur et de la Recherche,185356615.0,Ministry of Higher Education and Research,0,584,False
Ministère de l'Enseignement Supérieur et de la Recherche (Luxembourg),rd_ministry,2005,2005 eli-etat-leg-memorial-2004-a204-fr-pdf.pdf,Ministère de l'Enseignement Supérieur et de la Recherche,14317074.0,Ministry of Higher Education and Research,0,600,False
Ministère de l'Enseignement Supérieur et de la Recherche (Luxembourg),rd_ministry,2006,2006 eli-etat-leg-memorial-2005-a217-fr-pdf.pdf,Ministère de l'Enseignement Supérieur et de la Recherche,,Ministry of Higher Education and Research,0,608,False
Ministère de l'Enseignement Supérieur et de la Recherche (Luxembourg),rd_ministry,2006,2006 eli-etat-leg-memorial-2005-a217-fr-pdf.pdf,Ministère de l'Enseignement Supérieur et de la Recherche,221557235.0,Ministry of Higher Education and Research,0,614,False
Ministère de l'Enseignement Supérieur et de la Recherche (Luxembourg),rd_ministry,2006,2006 eli-etat-leg-memorial-2005-a217-fr-pdf.pdf,Ministère de l'Enseignement Supérieur et de la Recherche,0.0,Ministry of Higher Education and Research,0,626,False
Ministère de l'Enseignement Supérieur et de la Recherche (Luxembourg),rd_ministry,2006,2006 eli-etat-leg-memorial-2005-a217-fr-pdf.pdf,Ministère de l'Enseignement Supérieur et de la Recherche,18264253.0,Ministry of Higher Education and Research,0,634,False
Ministère de l'Enseignement Supérieur et de la Recherche (Luxembourg),rd_ministry,2006,2006 eli-etat-leg-memorial-2005-a217-fr-pdf.pdf,Ministère de l'Enseignement Supérieur et de la Recherche,,Ministry of Higher Education and Research,0,641,False
Ministère de l'Enseignement Supérieur et de la Recherche (Luxembourg),rd_ministry,2007,2007 eli-etat-leg-memorial-2006-a236-fr-pdf.pdf,Ministère de l'Enseignement Supérieur et de la Recherche,4336.0,Ministry of Higher Education and Research,0,643,False
Ministère de l'Enseignement Supérieur et de la Recherche (Luxembourg),rd_ministry,2007,2007 eli-etat-leg-memorial-2006-a236-fr-pdf.pdf,Ministère de l'Enseignement Supérieur et de la Recherche,256058356.0,Ministry of Higher Education and Research,0,648,False
Ministère de l'Enseignement Supérieur et de la Recherche (Luxembourg),rd_ministry,2007,2007 eli-etat-leg-memorial-2006-a236-fr-pdf.pdf,Ministère de l'Enseignement Supérieur et de la Recherche,417618307.0,Ministry of Higher Education and Research,0,658,False
Ministère de l'Enseignement Supérieur et de la Recherche (Luxembourg),rd_ministry,2007,2007 eli-etat-leg-memorial-2006-a236-fr-pdf.pdf,Ministère de l'Enseignement Supérieur et de la Recherche,,Ministry of Higher Education and Research,0,661,False
Ministère de l'Enseignement Supérieur et de la Recherche (Luxembourg),rd_ministry,2007,2007 eli-etat-leg-memorial-2006-a236-fr-pdf.pdf,Ministère de l'Enseignement Supérieur et de la Recherche,17092233.0,Ministry of Higher Education and Research,0,670,False
Ministère de l'Enseignement Supérieur et de la Recherche (Luxembourg),rd_ministry,2008,2008 eli-etat-leg-memorial-2007-a236-fr-pdf.pdf,Ministère de l'Enseignement Supérieur et de la Recherche,,Ministry of Higher Education and Research,0,679,False
Ministère de l'Enseignement Supérieur et de la Recherche (Luxembourg),rd_ministry,2008,2008 eli-etat-leg-memorial-2007-a236-fr-pdf.pdf,Ministère de l'Enseignement Supérieur et de la Recherche,289334638.0,Ministry of Higher Education and Research,0,683,False
Ministère de l'Enseignement Supérieur et de la Recherche (Luxembourg),rd_ministry,2008,2008 eli-etat-leg-memorial-2007-a236-fr-pdf.pdf,Ministère de l'Enseignement Supérieur et de la Recherche,43870633.0,Ministry of Higher Education and Research,0,691,False
Ministère de l'Enseignement Supérieur et de la Recherche (Luxembourg),rd_ministry,2009,2009 eli-etat-leg-memorial-2008-a200-fr-pdf.pdf,Ministère de l'Enseignement Supérieur et de la Recherche,,Ministry of Higher Education and Research,0,712,False
Ministère de l'Enseignement Supérieur et de la Recherche (Luxembourg),rd_ministry,2009,2009 eli-etat-leg-memorial-2008-a200-fr-pdf.pdf,Ministère de l'Enseignement Supérieur et de la Recherche,283843.0,Ministry of Higher Education and Research,0,716,False
Ministère de l'Enseignement Supérieur et de la Recherche (Luxembourg),rd_ministry,2009,2009 eli-etat-leg-memorial-2008-a200-fr-pdf.pdf,Ministère de l'Enseignement Supérieur et de la Recherche,324942152.0,Ministry of Higher Education and Research,0,722,False
Ministère de l'Enseignement Supérieur et de la Recherche (Luxembourg),rd_ministry,2009,2009 eli-etat-leg-memorial-2008-a200-fr-pdf.pdf,Ministère de l'Enseignement Supérieur et de la Recherche,0.0,Ministry of Higher Education and Research,0,731,False
Ministère de l'Enseignement Supérieur et de la Recherche (Luxembourg),rd_ministry,2009,2009 eli-etat-leg-memorial-2008-a200-fr-pdf.pdf,Ministère de l'Enseignement Supérieur et de la Recherche,0.0,Ministry of Higher Education and Research,0,734,False
Ministère de l'Enseignement Supérieur et de la Recherche (Luxembourg),rd_ministry,2009,2009 eli-etat-leg-memorial-2008-a200-fr-pdf.pdf,Ministère de l'Enseignement Supérieur et de la Recherche,17592275.0,Ministry of Higher Education and Research,0,747,False
Ministère de l'Enseignement Supérieur et de la Recherche (Luxembourg),rd_ministry,2010,budget-de-l-etat-2010.pdf,Ministère de l'Enseignement Supérieur et de la Recherche,41594608.0,Ministry of Higher Education and Research,0,764,False
Ministère de l'Enseignement Supérieur et de la Recherche (Luxembourg),rd_ministry,2010,budget-de-l-etat-2010.pdf,Ministère de l'Enseignement Supérieur et de la Recherche,0.0,Ministry of Higher Education and Research,0,768,False
Ministère de l'Enseignement Supérieur et de la Recherche (Luxembourg),rd_ministry,2010,budget-de-l-etat-2010.pdf,Ministère de l'Enseignement Supérieur et de la Recherche,0.0,Ministry of Higher Education and Research,0,771,False
Ministère de l'Enseignement Supérieur et de la Recherche (Luxembourg),rd_ministry,2010,budget-de-l-etat-2010.pdf,Ministère de l'Enseignement Supérieur et de la Recherche,,Ministry of Higher Education and Research,0,774,False
Ministère de l'Enseignement Supérieur et de la Recherche (Luxembourg),rd_ministry,2010,budget-de-l-etat-2010.pdf,Ministère de l'Enseignement Supérieur et de la Recherche,,Ministry of Higher Education and Research,0,776,False
Ministère de l'Enseignement Supérieur et de la Recherche (Luxembourg),rd_ministry,2010,budget-de-l-etat-2010.pdf,Total des dépenses du ministère de l'enseignement supérieur et de la recherche,103700.0,Research and Innovation,0,779,False
Ministère de l'Enseignement Supérieur et de la Recherche (Luxembourg),rd_ministry,2011,budget-de-l-etat-2011.pdf,Ministère de l'Enseignement Supérieur et de la Recherche,,Ministry of Higher Education and Research,0,788,False
Ministère de l'Enseignement Supérieur et de la Recherche (Luxembourg),rd_ministry,2011,budget-de-l-etat-2011.pdf,Ministère de l'Enseignement Supérieur et de la Recherche,308389353.0,Ministry of Higher Education and Research,0,800,False
Ministère de l'Enseignement Supérieur et de la Recherche (Luxembourg),rd_ministry,2011,budget-de-l-etat-2011.pdf,Ministère de l'Enseignement Supérieur et de la Recherche,0.0,Ministry of Higher Education and Research,0,809,False
Ministère de l'Enseignement Supérieur et de la Recherche (Luxembourg),rd_ministry,2011,budget-de-l-etat-2011.pdf,Ministère de l'Enseignement Supérieur et de la Recherche,27500000.0,Ministry of Higher Education and Research,0,813,False
Ministère de l'Enseignement Supérieur et de la Recherche (Luxembourg),rd_ministry,2011,budget-de-l-etat-2011.pdf,Ministère de l'Enseignement Supérieur et de la Recherche,,Ministry of Higher Education and Research,0,821,False
Ministère de l'Enseignement Supérieur et de la Recherche (Luxembourg),rd_ministry,2012,budget-de-l-etat-2012.pdf,Ministère de l'Enseignement Supérieur et de la Recherche,57000000.0,Ministry of Higher Education and Research,0,830,False
Ministère de l'Enseignement Supérieur et de la Recherche (Luxembourg),rd_ministry,2012,budget-de-l-etat-2012.pdf,Ministère de l'Enseignement Supérieur et de la Recherche,372844135.0,Ministry of Higher Education and Research,0,834,False
Ministère de l'Enseignement Supérieur et de la Recherche (Luxembourg),rd_ministry,2012,budget-de-l-etat-2012.pdf,Ministère de l'Enseignement Supérieur et de la Recherche,524109779.0,Ministry of Higher Education and Research,0,842,False
Ministère de l'Enseignement Supérieur et de la Recherche (Luxembourg),rd_ministry,2012,budget-de-l-etat-2012.pdf,Ministère de l'Enseignement Supérieur et de la Recherche,286707003.0,Ministry of Higher Education and Research,0,845,False
Ministère de l'Enseignement Supérieur et de la Recherche (Luxembourg),rd_ministry,2012,budget-de-l-etat-2012.pdf,Ministère de l'Enseignement Supérieur et de la Recherche,,Ministry of Higher Education and Research,0,849,False
Ministère de l'Enseignement Supérieur et de la Recherche (Luxembourg),rd_ministry,2012,budget-de-l-etat-2012.pdf,Ministère de l'Enseignement Supérieur et de la Recherche,,Ministry of Higher Education and Research,0,857,False
Ministère de l'Enseignement Supérieur et de la Recherche (Luxembourg),rd_ministry,2013,budget-de-l-etat-2013.pdf,Ministère de l'Enseignement Supérieur et de la Recherche,376598883.0,Ministry of Higher Education and Research,0,861,False
Ministère de l'Enseignement Supérieur et de la Recherche (Luxembourg),rd_ministry,2013,budget-de-l-etat-2013.pdf,Ministère de l'Enseignement Supérieur et de la Recherche,20632782.0,Ministry of Higher Education and Research,0,869,False
Ministère de l'Enseignement Supérieur et de la Recherche (Luxembourg),rd_ministry,2013,budget-de-l-etat-2013.pdf,Ministère de l'Enseignement Supérieur et de la Recherche,,Ministry of Higher Education and Research,0,874,False
Ministère de l'Enseignement Supérieur et de la Recherche (Luxembourg),rd_ministry,2013,budget-de-l-etat-2013.pdf,Ministère de l'Enseignement Supérieur et de la Recherche,0.0,Ministry of Higher Education and Research,0,878,False
Ministère de l'Enseignement Supérieur et de la Recherche (Luxembourg),rd_ministry,2013,budget-de-l-etat-2013.pdf,Ministère de l'Enseignement Supérieur et de la Recherche,,Ministry of Higher Education and Research,0,881,False
Ministère de l'Enseignement Supérieur et de la Recherche (Luxembourg),rd_ministry,2014,budget-de-l-etat-2014.pdf,Ministère de l'Enseignement Supérieur et de la Recherche,,Ministry of Higher Education and Research,0,894,False
Ministère de l'Enseignement Supérieur et de la Recherche (Luxembourg),rd_ministry,2014,budget-de-l-etat-2014.pdf,Ministère de l'Enseignement Supérieur et de la Recherche,429700381.0,Ministry of Higher Education and Research,0,905,False
Ministère de l'Enseignement Supérieur et de la Recherche (Luxembourg),rd_ministry,2014,budget-de-l-etat-2014.pdf,Ministère de l'Enseignement Supérieur et de la Recherche,38719362.0,Ministry of Higher Education and Research,0,930,False
Ministère de l'Enseignement Supérieur et de la Recherche (Luxembourg),rd_ministry,2014,budget-de-l-etat-2014.pdf,Ministère de l'Enseignement Supérieur et de la Recherche,5284560.0,Ministry of Higher Education and Research,0,934,False
Ministère de l'Enseignement Supérieur et de la Recherche (Luxembourg),rd_ministry,2014,budget-de-l-etat-2014.pdf,Ministère de l'Enseignement Supérieur et de la Recherche,548013317.0,Ministry of Higher Education and Research,0,940,False
Ministère de l'Enseignement Supérieur et de la Recherche (Luxembourg),rd_ministry,2014,budget-de-l-etat-2014.pdf,Ministère de l'Enseignement Supérieur et de la Recherche,,Ministry of Higher Education and Research,0,943,False
Ministère de l'Enseignement Supérieur et de la Recherche (Luxembourg),rd_ministry,2014,budget-de-l-etat-2014.pdf,Total des dépenses du ministère de l'Enseignement supérieur et de la Recherche,7.1,Research and Innovation,0,950,False
Ministère de l'Enseignement Supérieur et de la Recherche (Luxembourg),rd_ministry,2015,budget-de-l-etat-2015.pdf,Ministère de l'Enseignement Supérieur et de la Recherche,423319360.0,Ministry of Higher Education and Research,0,962,False
Ministère de l'Enseignement Supérieur et de la Recherche (Luxembourg),rd_ministry,2015,budget-de-l-etat-2015.pdf,Ministère de l'Enseignement Supérieur et de la Recherche,,Ministry of Higher Education and Research,0,970,False
Ministère de l'Enseignement Supérieur et de la Recherche (Luxembourg),rd_ministry,2015,budget-de-l-etat-2015.pdf,Ministère de l'Enseignement Supérieur et de la Recherche,,Ministry of Higher Education and Research,0,973,False
Ministère de l'Enseignement Supérieur et de la Recherche (Luxembourg),rd_ministry,2015,budget-de-l-etat-2015.pdf,Ministère de l'Enseignement Supérieur et de la Recherche,600000000.0,Ministry of Higher Education and Research,0,977,False
Ministère de l'Enseignement Supérieur et de la Recherche (Luxembourg),rd_ministry,2015,budget-de-l-etat-2015.pdf,Total des dépenses du ministère de l'Enseignement supérieur et de la recherche,7000.0,Research and Innovation,0,982,False
Ministère de l'Enseignement Supérieur et de la Recherche (Luxembourg),rd_ministry,2016,budget-de-l-etat-2016.pdf,Enseignement supérieur et recherche,429132531.0,Higher Education and Research,0,992,False
Ministère de l'Enseignement Supérieur et de la Recherche (Luxembourg),rd_ministry,2016,budget-de-l-etat-2016.pdf,Ministère de l'Enseignement Supérieur et de la Recherche,,Ministry of Higher Education and Research,0,998,False
Ministère de l'Enseignement Supérieur et de la Recherche (Luxembourg),rd_ministry,2016,budget-de-l-etat-2016.pdf,Ministère de l'Enseignement Supérieur et de la Recherche,600000000.0,Ministry of Higher Education and Research,0,1003,False
Ministère de l'Enseignement Supérieur et de la Recherche (Luxembourg),rd_ministry,2016,budget-de-l-etat-2016.pdf,Ministère de l'Enseignement Supérieur et de la Recherche,600000000.0,Ministry of Higher Education and Research,0,1011,False
Ministère de l'Enseignement Supérieur et de la Recherche (Luxembourg),rd_ministry,2017,budget-de-l-etat-2017.pdf,Ministère de l'Enseignement Supérieur et de la Recherche,600000000.0,Ministry of Higher Education and Research,0,1024,False
Ministère de l'Enseignement Supérieur et de la Recherche (Luxembourg),rd_ministry,2017,budget-de-l-etat-2017.pdf,Enseignement supérieur et recherche,436111029.0,Higher Education and Research,0,1033,False
Ministère de l'Enseignement Supérieur et de la Recherche (Luxembourg),rd_ministry,2017,budget-de-l-etat-2017.pdf,Ministère de l'Enseignement Supérieur et de la Recherche,600000000.0,Ministry of Higher Education and Research,0,1045,False
Ministère de l'Enseignement Supérieur et de la Recherche (Luxembourg),rd_ministry,2017,budget-de-l-etat-2017.pdf,Ministère de l'Enseignement Supérieur et de la Recherche,,Ministry of Higher Education and Research,0,1053,False
Ministère de l'Enseignement Supérieur et de la Recherche (Luxembourg),rd_ministry,2017,budget-de-l-etat-2017.pdf,Ministère de l'Enseignement Supérieur et de la Recherche,600000000.0,Ministry of Higher Education and Research,0,1057,False
Ministère de l'Enseignement Supérieur et de la Recherche (Luxembourg),rd_ministry,2017,budget-de-l-etat-2017.pdf,Ministère de l'Enseignement Supérieur et de la Recherche,50900833.0,Ministry of Higher Education and Research,0,1063,False
Ministère de l'Enseignement Supérieur et de la Recherche (Luxembourg),rd_ministry,2018,budget-de-l-etat-2018.pdf,Ministère de l'Enseignement Supérieur et de la Recherche,,Ministry of Higher Education and Research,0,1070,False
Ministère de l'Enseignement Supérieur et de la Recherche (Luxembourg),rd_ministry,2018,budget-de-l-etat-2018.pdf,Enseignement supérieur et recherche,459269828.0,Higher Education and Research,0,1077,False
Ministère de l'Enseignement Supérieur et de la Recherche (Luxembourg),rd_ministry,2018,budget-de-l-etat-2018.pdf,Ministère de l'Enseignement Supérieur et de la Recherche,600000000.0,Ministry of Higher Education and Research,0,1086,False
Ministère de l'Enseignement Supérieur et de la Recherche (Luxembourg),rd_ministry,2018,budget-de-l-etat-2018.pdf,Ministère de l'Enseignement Supérieur et de la Recherche,600000000.0,Ministry of Higher Education and Research,0,1093,False
Ministère de l'Enseignement Supérieur et de la Recherche (Luxembourg),rd_ministry,2018,budget-de-l-etat-2018.pdf,Ministère de l'Enseignement Supérieur et de la Recherche,,Ministry of Higher Education and Research,0,1097,False
Ministère de l'Enseignement Supérieur et de la Recherche (Luxembourg),rd_ministry,2019,2019budget-de-l-Etat.pdf,Ministère de l'Enseignement Supérieur et de la Recherche,7344913.0,Ministry of Higher Education and Research,0,1109,False
Ministère de l'Enseignement Supérieur et de la Recherche (Luxembourg),rd_ministry,2019,2019budget-de-l-Etat.pdf,Ministère de l'Enseignement Supérieur et de la Recherche,496756120.0,Ministry of Higher Education and Research,0,1114,False
Ministère de l'Enseignement Supérieur et de la Recherche (Luxembourg),rd_ministry,2019,2019budget-de-l-Etat.pdf,Ministère de l'Enseignement Supérieur et de la Recherche,600000000.0,Ministry of Higher Education and Research,0,1124,False
Ministère de l'Enseignement Supérieur et de la Recherche (Luxembourg),rd_ministry,2019,2019budget-de-l-Etat.pdf,Ministère de l'Enseignement Supérieur et de la Recherche,9755511.0,Ministry of Higher Education and Research,0,1129,False
Ministère de l'Enseignement Supérieur et de la Recherche (Luxembourg),rd_ministry,2019,2019budget-de-l-Etat.pdf,Ministère de l'Enseignement Supérieur et de la Recherche,,Ministry of Higher Education and Research,0,1136,False
Ministère de l'Enseignement Supérieur et de la Recherche (Luxembourg),rd_ministry,2019,2019budget-de-l-Etat.pdf,Ministère de l'Enseignement Supérieur et de la Recherche,600000000.0,Ministry of Higher Education and Research,0,1138,False
Ministère de l'Enseignement Supérieur et de la Recherche (Luxembourg),rd_ministry,2020,budget-de-l-Etat-2020.pdf,Ministère de l'Enseignement Supérieur et de la Recherche,8068778.0,Ministry of Higher Education and Research,0,1147,False
Ministère de l'Enseignement Supérieur et de la Recherche (Luxembourg),rd_ministry,2020,budget-de-l-Etat-2020.pdf,Ministère de l'Enseignement Supérieur et de la Recherche,543347661.0,Ministry of Higher Education and Research,0,1150,False
Ministère de l'Enseignement Supérieur et de la Recherche (Luxembourg),rd_ministry,2020,budget-de-l-Etat-2020.pdf,Ministère de l'Enseignement Supérieur et de la Recherche,600000000.0,Ministry of Higher Education and Research,0,1157,False
Ministère de l'Enseignement Supérieur et de la Recherche (Luxembourg),rd_ministry,2020,budget-de-l-Etat-2020.pdf,Ministère de l'Enseignement Supérieur et de la Recherche,600000000.0,Ministry of Higher Education and Research,0,1160,False
Ministère de l'Enseignement Supérieur et de la Recherche (Luxembourg),rd_ministry,2020,budget-de-l-Etat-2020.pdf,Ministère de l'Enseignement Supérieur et de la Recherche,55351884.0,Ministry of Higher Education and Research,0,1168,False
Ministère de l'Enseignement Supérieur et de la Recherche (Luxembourg),rd_ministry,2020,budget-de-l-Etat-2020.pdf,Total des dépenses du ministère de l'Enseignement supérieur et de la recherche,4000.0,Research and Innovation,0,1173,False
Ministère de l'Enseignement Supérieur et de la Recherche (Luxembourg),rd_ministry,2021,budget-de-l-Etat-2021.pdf,Ministère de l'Enseignement supérieur et de la recherche,570790032.0,Ministry of Higher Education and Research,0,1181,False
Ministère de l'Enseignement Supérieur et de la Recherche (Luxembourg),rd_ministry,2021,budget-de-l-Etat-2021.pdf,Ministère de l'Enseignement Supérieur et de la Recherche,,Ministry of Higher Education and Research,0,1188,False
Ministère de l'Enseignement Supérieur et de la Recherche (Luxembourg),rd_ministry,2021,budget-de-l-Etat-2021.pdf,Ministère de l'Enseignement Supérieur et de la Recherche,600000000.0,Ministry of Higher Education and Research,0,1192,False
Ministère de l'Enseignement Supérieur et de la Recherche (Luxembourg),rd_ministry,2021,budget-de-l-Etat-2021.pdf,Ministère de l'Enseignement Supérieur et de la Recherche,,Ministry of Higher Education and Research,0,1200,False
Ministère de l'Enseignement Supérieur et de la Recherche (Luxembourg),rd_ministry,2021,budget-de-l-Etat-2021.pdf,Ministère de l'Enseignement Supérieur et de la Recherche,600000000.0,Ministry of Higher Education and Research,0,1204,False
Ministère de l'Enseignement Supérieur et de la Recherche (Luxembourg),rd_ministry,2022,budget-de-l-Etat-2022.pdf,Ministère de l'Enseignement Supérieur et de la Recherche,600000000.0,Ministry of Higher Education and Research,0,1210,False
Ministère de l'Enseignement Supérieur et de la Recherche (Luxembourg),rd_ministry,2022,budget-de-l-Etat-2022.pdf,Enseignement supérieur et recherche,602907676.0,Higher Education and Research,0,1216,False
Ministère de l'Enseignement Supérieur et de la Recherche (Luxembourg),rd_ministry,2022,budget-de-l-Etat-2022.pdf,Ministère de l'Enseignement Supérieur et de la Recherche,600000000.0,Ministry of Higher Education and Research,0,1227,False
Ministère de l'Enseignement Supérieur et de la Recherche (Luxembourg),rd_ministry,2023,budget-de-l-etat-2023.pdf,Ministère de l'Enseignement Supérieur et de la Recherche,600000000.0,Ministry of Higher Education and Research,0,1242,False
Ministère de l'Enseignement Supérieur et de la Recherche (Luxembourg),rd_ministry,2023,budget-de-l-etat-2023.pdf,Enseignement supérieur et recherche,625055404.0,Higher Education and Research,0,1244,False
Ministère de l'Enseignement Supérieur et de la Recherche (Luxembourg),rd_ministry,2023,budget-de-l-etat-2023.pdf,Ministère de l'Enseignement Supérieur et de la Recherche,600000000.0,Ministry of Higher Education and Research,0,1250,False
Ministère de l'Enseignement Supérieur et de la Recherche (Luxembourg),rd_ministry,2023,budget-de-l-etat-2023.pdf,Ministère de l'Enseignement Supérieur et de la Recherche,,Ministry of Higher Education and Research,0,1257,False
Ministère de l'Enseignement Supérieur et de la Recherche (Luxembourg),rd_ministry,2024,budget-de-letat-2024.pdf,Ministère de l'Enseignement Supérieur et de la Recherche,600000000.0,Ministry of Higher Education and Research,0,1274,False
Ministère de l'Enseignement Supérieur et de la Recherche (Luxembourg),rd_ministry,2024,budget-de-letat-2024.pdf,Ministère de l'Enseignement Supérieur et de la Recherche,600000000.0,Ministry of Higher Education and Research,0,1281,False
Ministère de l'Enseignement Supérieur et de la Recherche (Luxembourg),rd_ministry,2024,budget-de-letat-2024.pdf,Ministère de l'Enseignement Supérieur et de la Recherche,,Ministry of Higher Education and Research,0,1294,False
Ministère de l'Enseignement Supérieur et de la Recherche (Luxembourg),rd_ministry,2024,budget-de-letat-2024.pdf,Ministère de l'Enseignement Supérieur et de la Recherche,671290630.0,Ministry of Higher Education and Research,0,1302,False
Ministère de l'Enseignement Supérieur et de la Recherche (Luxembourg),rd_ministry,2025,budget-de-letat-2025.pdf,Ministère de l'Enseignement Supérieur et de la Recherche,600000000.0,Ministry of Higher Education and Research,0,1313,False
Ministère de l'Enseignement Supérieur et de la Recherche (Luxembourg),rd_ministry,2025,budget-de-letat-2025.pdf,Ministère de l'Enseignement Supérieur et de la Recherche,600000000.0,Ministry of Higher Education and Research,0,1319,False
Ministère de l'Enseignement Supérieur et de la Recherche (Luxembourg),rd_ministry,2025,budget-de-letat-2025.pdf,Ministère de l'Enseignement Supérieur et de la Recherche,693122777.0,Ministry of Higher Education and Research,0,1337,False
Natural History Museum: Research Expenses,direct_rd,1979,1979 eli-etat-leg-memorial-1978-a86-fr-pdf.pdf,Musée d'histoire naturelle: frais de recherche,200000.0,Ministry of Higher Education and Research,0,34,False
Participation in Demonstration Projects and Research Contracts,direct_rd,1999,1999 eli-etat-leg-memorial-1998-a109-fr-pdf.pdf,Mesures destinées à promouvoir une utilisation rationnelle de l'énergie et la réalisation d'économies d'énergie. - Participation à des projets de démonstration et contrats de recherches.,4000000.0,Ministry of Energy,0,417,False
Participation in Demonstration Projects and Research Contracts,direct_rd,2000,2000 eli-etat-leg-memorial-1999-a148-fr-pdf.pdf,Participation à des projets de démonstration et contrats de recherches.,1000000.0,Ministry of Higher Education and Research,0,438,False
Participation in Demonstration Projects and Research Contracts,direct_rd,2002,2002 eli-etat-leg-memorial-2001-a148-fr-pdf.pdf,Mesures destinées à promouvoir une utilisation rationnelle de l'énergie et la réalisation d'économies d’énergie. - Participation à des projets de démonstration et contrats de recherches.,24800.0,Ministry of Economy,0,512,False
Participation in Demonstration Projects and Research Contracts,direct_rd,2005,2005 eli-etat-leg-memorial-2004-a204-fr-pdf.pdf,Mesures destinées à promouvoir une utilisation rationnelle de l'énergie et la réalisation d'économies d'énergie. - Participation à des projets de démonstration et contrats de recherches.,38000.0,Ministry of Economy and Foreign Trade,0,607,False
Participation in Research Contracts Covering Basic Programs and Advanced Technology Areas,direct_rd,1980,1980 eli-etat-leg-memorial-1979-a95-fr-pdf.pdf,Participation à des contrats de recherches couvrant des programmes de base et des domaines de la technologie avancée: dépenses et subsides.,4000000.0,Ministry of Higher Education and Research,0,42,False
Participation in Research Contracts Covering Basic Programs and Advanced Technology Areas,direct_rd,1982,1982 eli-etat-leg-memorial-1981-a100-fr-pdf.pdf,Participation à des contrats de recherches couvrant des programmes de base et des domaines de la technologie avancée,5000000.0,Ministry of Higher Education and Research,0,63,False
Participation in Research Contracts Covering Basic Programs and Advanced Technology Areas,direct_rd,1985,1985 eli-etat-leg-memorial-1984-a111-fr-pdf.pdf,Participation à des contrats de recherches couvrant des programmes de base et des domaines de la technologie avancée: dépenses et subsides.,30000000.0,Ministry of Higher Education and Research,0,102,False
Participation in Research Contracts Covering Basic Programs and Advanced Technology Areas,direct_rd,1989,1989 eli-etat-leg-memorial-1988-a69-fr-pdf.pdf,"Participation à des contrats de recherches couvrant des programmes de base et des domaines de la technologie avancée: dépenses et subsides, (Sans distinction d'exercice)",3250000.0,Ministry of Higher Education and Research,0,158,False
Participation in Research Contracts Covering Basic Programs and Advanced Technology Areas,direct_rd,1999,1999 eli-etat-leg-memorial-1998-a109-fr-pdf.pdf,Participation à des contrats de recherches couvrant des programmes de base et des domaines de la technologie avancée,2200000.0,Ministry of Energy,0,416,False
Participation in research contracts covering basic programs and advanced technology fields,direct_rd,1990,1990 eli-etat-leg-memorial-1989-a81-fr-pdf.pdf,Participation in research contracts covering basic programs and advanced technology fields: expenses and subsidies,500000.0,Ministry of Higher Education and Research,0,177,False
Participation in the Costs of Resource Centers for Health Created with Public Research Centers,direct_rd,2002,2002 eli-etat-leg-memorial-2001-a148-fr-pdf.pdf,Participation aux frais de Centres de ressources pour la santé créés auprès de Centres de recherche publics.,698441.0,Ministry of Health,0,503,False
Participation in the Costs of Resource Centers for Health Created with Public Research Centers,direct_rd,2005,2005 eli-etat-leg-memorial-2004-a204-fr-pdf.pdf,Participation aux frais de Centres de ressources pour la santé créés auprès de Centres de recherche publics,770877.0,Ministry of Health,0,596,False
Participation in the Costs of Resource Centers for Health Created with Public Research Centers,direct_rd,2008,2008 eli-etat-leg-memorial-2007-a236-fr-pdf.pdf,Participation aux frais de Centres de ressources pour la santé créés auprès de Centres de recherche publics,580000.0,Ministry of Higher Education and Research,0,695,False
Participation in the Costs of Resource Centers for Health Created with Public Research Centers,direct_rd,2011,budget-de-l-etat-2011.pdf,Participation aux frais de Centres de ressources pour la santé créés auprès de Centres de recherche publics,725547.0,Ministry of Health,0,818,False
Participation in the Costs of Resource Centers for Health Created with Public Research Centers,direct_rd,2016,budget-de-l-etat-2016.pdf,Participation aux frais de Centres de ressources pour la santé créés auprès de Centres de recherche publics.,610000.0,Ministry of Health,0,1013,False
Participation in the Costs of a Health Resource Center,direct_rd,1998,1998 eli-etat-leg-memorial-1997-a98-fr-pdf.pdf,Participation aux frais d'un Centre de ressources pour la santé à créer auprès du Centre de recherche public de santé,5285000.0,Directorate of Health,0,370,False
Participation in the Operating Costs of Public Research Centers,direct_rd,2003,2003 eli-etat-leg-memorial-2002-a143-fr-pdf.pdf,Participation aux frais de fonctionnement des centres de recherche publics,120000.0,Scientific and Applied Research,0,535,False
Pedagogical Innovation: Research and Project Implementation,innovation_instruments,2011,budget-de-l-etat-2011.pdf,"Innovation pédagogique: recherche, conception et mise en oeuvre de projets",1388255.0,Ministry of Higher Education and Research,0,816,False
Pedagogical Innovation: Research and Project Implementation,innovation_instruments,2014,budget-de-l-etat-2014.pdf,"Innovation pédagogique: recherche, conception et mise en oeuvre de projets; indemnités pour services extraordinaires",413095.0,Service for the Coordination of Educational and Technological Research and Innovation,0,938,False
Pedagogical Innovation: Research and Project Implementation,innovation_instruments,2014,budget-de-l-etat-2014.pdf,"Innovation pédagogique: recherche, conception et mise en oeuvre de projets.",1110000.0,Service for the Coordination of Educational and Technological Research and Innovation,0,939,False
Promotion of scientific research in Luxembourg: publication expenses,direct_rd,1989,1989 eli-etat-leg-memorial-1988-a69-fr-pdf.pdf,Promotion de la recherche scientifique au Luxembourg: dépenses de publications,500000.0,Scientific Research and Applied Research,0,144,False
Promotion of technological development and innovation,innovation_instruments,2003,2003 eli-etat-leg-memorial-2002-a143-fr-pdf.pdf,"Promotion du développement technologique et de l'innovation, notamment par l'étude des concepts de pépinière d'entreprises, de centres d'accueil d'entreprises innovantes, de technopöles, de pôles de compétences technologiques (clusters): dépenses et frais connexes.",190000.0,Economy,0,543,False
Promotion of technological development and innovation,innovation_instruments,2007,2007 eli-etat-leg-memorial-2006-a236-fr-pdf.pdf,Promotion du développement technologique et de l'innovation,425000.0,Ministry of Higher Education and Research,0,669,False
Promotion of technological development and innovation,innovation_instruments,2008,2008 eli-etat-leg-memorial-2007-a236-fr-pdf.pdf,"Promotion du développement technologique et de l'innovation, notamment par l'étude et la mise en oeuvre des concepts de pépinière d'entreprises, de centres d'accueil d'entreprises innovantes, de technopôles, de 'clusters', de 'pôles' et de 'centres' de compétences technologiques: dépenses et frais connexes.",600000.0,Ministry of Economy,0,703,False
Research Grant,direct_rd,2003,2003 eli-etat-leg-memorial-2002-a143-fr-pdf.pdf,Subvention à la recherche,7500000.0,Ministry of Higher Education and Research,0,545,False
Research Grant,direct_rd,2007,2007 eli-etat-leg-memorial-2006-a236-fr-pdf.pdf,Subvention à la recherche en matière de gestion des eaux par des Centres de Recherche publics,225000.0,Ministry of Higher Education and Research,0,660,False
Research Program 'Technical Standardization for Reliable Use in the 'Smart ICT' Field,direct_rd,2017,budget-de-l-etat-2017.pdf,Programme de recherche 'Normalisation technique pour une utilisation fiable dans le domaine 'Smart ICT',210600.0,I.L.N.A.S.,0,1043,False
Research Program 'Technical Standardization for Reliable Use in the 'Smart ICT' Field,direct_rd,2019,2019budget-de-l-Etat.pdf,Programme de recherche 'Normalisation technique pour une utilisation fiable dans le domaine 'Smart ICT',210600.0,"Luxembourg Institute for Standardization, Accreditation, Security and Quality of Products and Services",0,1127,False
Research Program 'Technical Standardization for Reliable Use in the 'Smart ICT' Field,direct_rd,2021,budget-de-l-Etat-2021.pdf,Dotation de l'Etat à l'Université de Luxembourg: Programme de recherche 'Normalisation technique pour une utilisation fiable dans le domaine 'Smart ICT'.,210600.0,"Luxembourg Institute for Standardization, Accreditation, Safety and Quality of Products and Services",0,1191,False
Research Program 'Technical Standardization for Reliable Use in the 'Smart ICT' Field,direct_rd,2022,budget-de-l-Etat-2022.pdf,Dotation de l'Etat à l'Université de Luxembourg: Programme de recherche 'Normalisation technique pour une utilisation fiable dans le domaine 'Smart ICT',210600.0,Research and Innovation,0,1228,False
Research Program 'Technical Standardization for Reliable Use in the 'Smart ICT' Field,direct_rd,2023,budget-de-l-etat-2023.pdf,Dotation de l'Etat à l'Université de Luxembourg: Programme de recherche 'Normalisation technique pour une utilisation fiable dans le domaine 'Smart ICT'.,210600.0,Ministry of Higher Education and Research,0,1252,False
"Research Projects under Title 1 of the Law of March 9, 1987",direct_rd,1999,1999 eli-etat-leg-memorial-1998-a109-fr-pdf.pdf,Projets de recherche réalisés dans le cadre du titre 1 de la loi du 9.3.1987.,4642000.0,Ministry of Higher Education and Research,0,384,False
Research Training Grants,higher_education,1992,1992 eli-etat-leg-memorial-1991-a83-fr-pdf.pdf,Bourses de formation-recherche.,66000000.0,Scientific Research and Applied Research,0,200,False
Research Training Grants,higher_education,1994,1994 eli-etat-leg-memorial-1993-a97-fr-pdf.pdf,Bourses de formation-recherche.,265000.0,Scientific Research and Applied Research,0,257,False
Research Training Grants,higher_education,1995,1995 eli-etat-leg-memorial-1994-a114-fr-pdf.pdf,Bourses de formation-recherche.,75000000.0,Scientific Research and Applied Research,0,276,False
Research Training Grants,higher_education,1996,1996 eli-etat-leg-memorial-1995-a98-fr-pdf.pdf,Bourses de formation-recherche.,65000000.0,Scientific research and applied research,0,316,False
Research Training Grants,higher_education,1998,1998 eli-etat-leg-memorial-1997-a98-fr-pdf.pdf,Bourses de formation-recherche.,58000000.0,Ministry of Higher Education and Research,0,363,False
Research Training Grants,higher_education,2001,2001 eli-etat-leg-memorial-2000-a140-fr-pdf.pdf,Bourses de formation-recherche.,1586519.0,Scientific and Applied Research,0,459,False
Research Training Grants,higher_education,2004,2004 eli-etat-leg-memorial-2003-a184-fr-pdf.pdf,Bourses de formation-recherche.,3100000.0,Scientific and Applied Research,0,564,False
Research Training Grants,higher_education,2006,2006 eli-etat-leg-memorial-2005-a217-fr-pdf.pdf,Bourses de formation-recherche.,3300000.0,Research and Innovation,0,621,False
Research Training Grants,higher_education,2007,2007 eli-etat-leg-memorial-2006-a236-fr-pdf.pdf,Bourses de formation-recherche.,6300000.0,Research and Innovation,0,654,False
Research Work Conducted by the Luxembourg Hospital Center: Participation in Costs,direct_rd,1985,1985 eli-etat-leg-memorial-1984-a111-fr-pdf.pdf,Travaux de recherche effectués par le centre hospitalier de Luxembourg: participation aux frais,5000000.0,Ministry of Higher Education and Research,0,95,False
Research Work Conducted by the Luxembourg Hospital Center: Participation in Costs,direct_rd,1989,1989 eli-etat-leg-memorial-1988-a69-fr-pdf.pdf,Travaux de recherche effectués par le centre hospitalier de Luxembourg: participation aux frais,15000000.0,Ministry of Higher Education and Research,0,149,False
Research Work Conducted by the Luxembourg Hospital Center: Participation in Costs,direct_rd,1991,1991 eli-etat-leg-memorial-1990-a71-fr-pdf.pdf,Travaux de recherche effectués par le centre hospitalier de Luxembourg: participation aux frais,2700000.0,Ministry of Higher Education and Research,0,191,False
Research Work Conducted by the Luxembourg Hospital Center: Participation in Costs,direct_rd,1994,1994 eli-etat-leg-memorial-1993-a97-fr-pdf.pdf,Travaux de recherche effectués par le centre hospitalier de Luxembourg: participation aux frais,425000.0,Ministry of Higher Education and Research,0,260,False
Research Work Conducted by the Luxembourg Hospital Center: Participation in Costs,direct_rd,2002,2002 eli-etat-leg-memorial-2001-a148-fr-pdf.pdf,Travaux de recherche effectués par le centre hospitalier de Luxembourg: participation aux frais.,100000.0,Ministry of Health,0,502,False
Research Work Conducted by the Luxembourg Hospital Center: Participation in Costs,direct_rd,2007,2007 eli-etat-leg-memorial-2006-a236-fr-pdf.pdf,Travaux de recherche effectués par le centre hospitalier de Luxembourg: participation aux frais,180.0,Ministry of Higher Education and Research,0,663,False
Research Work Conducted by the Luxembourg Hospital Center: Participation in Costs,direct_rd,2008,2008 eli-etat-leg-memorial-2007-a236-fr-pdf.pdf,Travaux de recherche effectués par le centre hospitalier de Luxembourg: participation aux frais,100000.0,Ministry of Higher Education and Research,0,693,False
Research and Development Programme: Grants,direct_rd,1984,1984 eli-etat-leg-memorial-1983-a111-fr-pdf.pdf,Programme de recherche et de développement: subsides,1500000.0,Ministry of Higher Education and Research,0,80,False
Research and Development Programme: Grants,direct_rd,1985,1985 eli-etat-leg-memorial-1984-a111-fr-pdf.pdf,Programme de recherche et de développement: subsides,100000.0,Scientific Research and Applied Research,0,91,False
Research and Development Programmes: Grants,direct_rd,1983,1983 eli-etat-leg-memorial-1982-a109-fr-pdf.pdf,Programmes de recherches et de développement: subsides,1000000.0,Ministry of Higher Education and Research,0,67,False
Research and development project 'S.I.R.I.U.S',direct_rd,1992,1992 eli-etat-leg-memorial-1991-a83-fr-pdf.pdf,Projet de recherche et de développement 'S.I.R.I.U.S',500000.0,Ministry of Higher Education and Research,0,203,False
Research and development project 'S.I.R.I.U.S',direct_rd,1996,1996 eli-etat-leg-memorial-1995-a98-fr-pdf.pdf,Projet de recherche et de développement 'S.I.R.I.U.S' (système informatique des ressources d'information universitaires et scolaires): indemnités pour services de tiers.,380000.0,MINISTRY OF HIGHER EDUCATION AND RESEARCH,0,300,False
Research for Quality and Development of Information Technologies,direct_rd,2009,2009 eli-etat-leg-memorial-2008-a200-fr-pdf.pdf,Recherche pour la qualité et le développement des technologies de l'information,165000.0,Research for Quality and Development of Information Technologies,0,749,False
Research in Econometric Modeling,direct_rd,2006,2006 eli-etat-leg-memorial-2005-a217-fr-pdf.pdf,Recherche en matière de modélisation économétrique,7500.0,Ministry of Higher Education and Research,0,636,False
Research program concerning the Luxembourg econometric model,direct_rd,2001,2001 eli-etat-leg-memorial-2000-a140-fr-pdf.pdf,Programme de recherche concernant le modèle économétrique luxembourgeois,37500.0,Ministry of Higher Education and Research,0,464,False
Research project participation fees for 'Interaction of groundwater and river in the Alzette basin',direct_rd,2002,2002 eli-etat-leg-memorial-2001-a148-fr-pdf.pdf,"Frais de participation au projet de recherche ""Interaction nappe-rivière dans le bassin de l'Alzette""",300000.0,Ministry of Higher Education and Research,0,498,False
Scientific Research Center,science_agency,1993,1993 eli-etat-leg-memorial-1992-a100-fr-pdf.pdf,Centre de recherche scientifique: projets de recherche,6250000.0,Ministry of Higher Education and Research,0,211,False
Scientific Research Center,science_agency,1994,1994 eli-etat-leg-memorial-1993-a97-fr-pdf.pdf,Centre de recherche scientifique,7000000.0,Ministry of Higher Education and Research,0,249,False
Scientific Research Center,science_agency,1994,1994 eli-etat-leg-memorial-1993-a97-fr-pdf.pdf,Subsidies to associations collaborating with the scientific research center,1800000.0,Ministry of Higher Education and Research,0,251,False
Scientific Research: Acquisition of Equipment,direct_rd,1976,1976 eli-etat-leg-memorial-1975-a89-fr-pdf.pdf,Recherches scientifiques: acquisition d'appareils,400000.0,Ministry of Higher Education and Research,0,9,False
Scientific Research: Acquisition of Equipment,direct_rd,1978,1978 eli-etat-leg-memorial-1977-a77-fr-pdf.pdf,Recherches scientifiques: acquisition d'appareils,100000.0,Ministry of Higher Education and Research,0,27,False
Scientific Research: Acquisition of Equipment,direct_rd,1979,1979 eli-etat-leg-memorial-1978-a86-fr-pdf.pdf,Recherches scientifiques: acquisition d'appareils,100000.0,Ministry of Higher Education and Research,0,32,False
Scientific Research: Acquisition of Equipment,direct_rd,1980,1980 eli-etat-leg-memorial-1979-a95-fr-pdf.pdf,Recherches scientifiques: acquisition d'appareils,590000.0,Ministry of Higher Education and Research,0,37,False
Scientific Research: Acquisition of Equipment,direct_rd,1981,1981 eli-etat-leg-memorial-1980-a84-fr-pdf.pdf,Recherches scientifiques: acquisition d'appareils,2500000.0,Ministry of Higher Education and Research,0,46,False
Scientific Research: Acquisition of Equipment,direct_rd,1983,1983 eli-etat-leg-memorial-1982-a109-fr-pdf.pdf,Recherches scientifiques: acquisition d'appareils,500000.0,Ministry of Higher Education and Research,0,68,False
Scientific Research: Acquisition of Equipment,direct_rd,1984,1984 eli-etat-leg-memorial-1983-a111-fr-pdf.pdf,Recherches scientifiques: acquisition d'appareils,400000.0,Ministry of Higher Education and Research,0,81,False
"Scientific Works (Grand-Ducal Regulation of November 10, 1982)",direct_rd,1996,1996 eli-etat-leg-memorial-1995-a98-fr-pdf.pdf,Travaux à caractère scientifique (règlement grand-ducal du 10 novembre 1982),7000000.0,Ministry of Higher Education and Research,0,297,False
Scientific and Applied Research,direct_rd,1987,1987 eli-etat-leg-memorial-1986-a104-fr-pdf.pdf,Total for scientific and applied research,25000000.0,Scientific Research and Applied Research,0,108,False
Scientific and Applied Research,direct_rd,1988,1988 eli-etat-leg-memorial-1987-a106-fr-pdf.pdf,Total for scientific and applied research,26836000.0,Scientific Research and Applied Research,0,121,False
Scientific and Applied Research,direct_rd,1990,1990 eli-etat-leg-memorial-1989-a81-fr-pdf.pdf,Total des dépenses de recherche scientifique et recherche appliquée,30000000.0,Scientific Research and Applied Research,0,161,False
Scientific and Applied Research,direct_rd,1994,1994 eli-etat-leg-memorial-1993-a97-fr-pdf.pdf,Total for scientific and applied research,96000000.0,Scientific Research and Applied Research,0,253,False
Scientific and Applied Research,direct_rd,1995,1995 eli-etat-leg-memorial-1994-a114-fr-pdf.pdf,Recherche scientifique et recherche appliquée,450000.0,Ministry of Higher Education and Research,0,278,False
Scientific and Applied Research,direct_rd,1996,1996 eli-etat-leg-memorial-1995-a98-fr-pdf.pdf,Recherche scientifique et recherche appliquée,275784000.0,Scientific research and applied research,0,301,False
Scientific and Applied Research,direct_rd,1999,1999 eli-etat-leg-memorial-1998-a109-fr-pdf.pdf,Total for scientific and applied research,398606000.0,Scientific and Applied Research,0,386,False
Scientific research: various expenses,direct_rd,1975,1975 eli-etat-leg-memorial-1974-a92-fr-pdf.pdf,Recherches scientifiques: dépenses diverses,200000.0,Ministry of Higher Education and Research,0,1,False
Scientific research: various expenses,direct_rd,1976,1976 eli-etat-leg-memorial-1975-a89-fr-pdf.pdf,Recherches scientifiques: dépenses diverses,200000.0,Ministry of Higher Education and Research,0,7,False
Scientific research: various expenses,direct_rd,1979,1979 eli-etat-leg-memorial-1978-a86-fr-pdf.pdf,Recherches scientifiques: dépenses diverses,300000.0,Ministry of Higher Education and Research,0,30,False
Scientific research: various expenses,direct_rd,1982,1982 eli-etat-leg-memorial-1981-a100-fr-pdf.pdf,Recherches scientifiques: dépenses diverses,1600000.0,Ministry of Higher Education and Research,0,51,False
Scientific research: various expenses,direct_rd,1983,1983 eli-etat-leg-memorial-1982-a109-fr-pdf.pdf,Recherches scientifiques: dépenses diverses,300000.0,Ministry of Higher Education and Research,0,65,False
State Financial Contribution for Technoport Schlassgoart,innovation_instruments,1999,1999 eli-etat-leg-memorial-1998-a109-fr-pdf.pdf,Contribution financière de l'État dans l'intérêt de la mise en oeuvre du projet ((Technoport Schlassgoart)),195000000.0,Scientific and Applied Research,0,399,False
State Financial Participation to the Integrated BioBank of Luxembourg,direct_rd,2010,budget-de-l-etat-2010.pdf,Participation financière de l'Etat aux frais de fonctionnement de la Fondation 'Integrated BioBank of Luxembourg' chargée de la gestion de la 'Biobanque Luxembourg'.,16000000.0,Research and Innovation,0,759,False
State Financial Participation to the Integrated BioBank of Luxembourg,direct_rd,2014,budget-de-l-etat-2014.pdf,Participation financière de l'Etat aux frais de fonctionnement de la Fondation 'Integrated BioBank of Luxembourg',8000000.0,Research and Innovation,0,914,False
Subsidies to Associations for Activities in the Interest of Research and Technological Development,innovation_instruments,2014,budget-de-l-etat-2014.pdf,Subsides à des associations pour activités dans l'intérêt de la recherche et du développement technologique,1000.0,Research and Innovation,0,916,False
Subsidies to Associations for Activities in the Interest of Research and Technological Development,innovation_instruments,2015,budget-de-l-etat-2015.pdf,Subsides à des associations pour activités dans l'intérêt de la recherche et du développement technologique,200000.0,Research and Innovation,0,969,False
Subsidies to Individuals for Activities in the Interest of Research and Technological Development,innovation_instruments,1994,1994 eli-etat-leg-memorial-1993-a97-fr-pdf.pdf,Subsides à des particuliers pour activités dans l'intérêt de la recherche et du développement technologique,700000.0,Scientific Research and Applied Research,0,258,False
Subsidies to Individuals for Activities in the Interest of Research and Technological Development,innovation_instruments,1996,1996 eli-etat-leg-memorial-1995-a98-fr-pdf.pdf,Subsides à des particuliers pour activités dans l'intérêt de la recherche et du développement technologique.,100000.0,Scientific research and applied research,0,317,False
Subsidies to Individuals for Activities in the Interest of Research and Technological Development,innovation_instruments,1998,1998 eli-etat-leg-memorial-1997-a98-fr-pdf.pdf,Subsides à des particuliers pour activités dans l'intérêt de la recherche et du développement technologique,50000.0,Ministry of Higher Education and Research,0,364,False
Subsidies to Individuals for Activities in the Interest of Research and Technological Development,innovation_instruments,1999,1999 eli-etat-leg-memorial-1998-a109-fr-pdf.pdf,Subsides à des particuliers pour activités dans l'intérêt de la recherche et du développement technologique,70000.0,Scientific and Applied Research,0,402,False
Subsidies to Individuals for Activities in the Interest of Research and Technological Development,innovation_instruments,2001,2001 eli-etat-leg-memorial-2000-a140-fr-pdf.pdf,Subsides à des particuliers pour activités dans l'intérêt de la recherche et du développement technologique.,1735.0,Scientific and Applied Research,0,460,False
Subsidies to Individuals for Activities in the Interest of Research and Technological Development,innovation_instruments,2004,2004 eli-etat-leg-memorial-2003-a184-fr-pdf.pdf,Subsides à des particuliers pour activités dans l'intérêt de la recherche et du développement technologique.,1735.0,Scientific and Applied Research,0,565,False
Subsidy for Research in Social Sciences,direct_rd,1993,1993 eli-etat-leg-memorial-1992-a100-fr-pdf.pdf,Subvention pour la recherche en sciences sociales,2000000.0,Ministry of Higher Education and Research,0,242,False
Subsidy for the Development of Research Projects,direct_rd,1993,1993 eli-etat-leg-memorial-1992-a100-fr-pdf.pdf,Subvention pour le développement de projets de recherche,3000000.0,Ministry of Higher Education and Research,0,241,False
Subsidy for the operation of a technological resource center for hearing-impaired individuals,innovation_instruments,1997,1997 eli-etat-leg-memorial-1996-a89-fr-pdf.pdf,Subside dans l'intérêt du fonctionnement d'un centre de ressource technologique pour personnes malentendantes.,100000.0,Ministry of Higher Education and Research,0,346,False
Total Budget for Research and Innovation Activities,direct_rd,2024,budget-de-letat-2024.pdf,Total budget for research and innovation activities,140000000.0,Research and Innovation,0,1288,False
Total Budget for Scientific Research and Applied Research,direct_rd,1989,1989 eli-etat-leg-memorial-1988-a69-fr-pdf.pdf,Total budget for Scientific Research and Applied Research,25000000.0,Scientific Research and Applied Research,0,141,False
Total Expenditure of the Research and Innovation Program,innovation_instruments,2014,budget-de-l-etat-2014.pdf,Total des dépenses du programme Recherche et innovation,138937656.0,Research and Innovation,0,906,False
Total Expenditure of the Research and Innovation Program,innovation_instruments,2021,budget-de-l-Etat-2021.pdf,Total des dépenses du programme Recherche et innovation,27000.0,Research and Innovation,0,1206,False
Total Expenditure of the Research and Innovation Program,innovation_instruments,2022,budget-de-l-Etat-2022.pdf,Total des dépenses du programme Recherche et innovation,10000.0,Research and Innovation,0,1240,False
Total Expenditures for Research and Innovation Section,direct_rd,2016,budget-de-l-etat-2016.pdf,Total des dépenses de la section Recherche et innovation,155982700.0,Research and Innovation,0,993,False
Total Expenditures for Research and Innovation Section,direct_rd,2016,budget-de-l-etat-2016.pdf,Total des dépenses de la section Recherche et innovation,4000.0,Research and Innovation,0,1020,False
Total Expenditures for Research and Innovation Section,direct_rd,2017,budget-de-l-etat-2017.pdf,Total des dépenses de la section Recherche et innovation,4000.0,Research and Innovation,0,1068,False
Total Expenditures for Research and Innovation Section,direct_rd,2018,budget-de-l-etat-2018.pdf,Total des dépenses de la section Recherche et innovation,169513630.0,Research and Innovation,0,1078,False
Total Expenditures for Research and Innovation Section,direct_rd,2018,budget-de-l-etat-2018.pdf,Total des dépenses de la section Recherche et innovation,4000.0,Research and Innovation,0,1103,False
Total Expenditures for Research and Innovation Section,direct_rd,2019,2019budget-de-l-Etat.pdf,Total des dépenses de la section Recherche et innovation,4000.0,Research and Innovation,0,1145,False
Total Expenditures for Research and Innovation Section,direct_rd,2020,budget-de-l-Etat-2020.pdf,Total des dépenses de la section Recherche et innovation,181105375.0,Research and Innovation,0,1152,False
Total Expenditures for Research and Innovation Section,direct_rd,2022,budget-de-l-Etat-2022.pdf,Total des dépenses de la section Recherche et innovation,191551135.0,Research and Innovation,0,1217,False
Total Expenditures for Research and Innovation Section,direct_rd,2023,budget-de-l-etat-2023.pdf,Total des dépenses de la section Recherche et innovation,194583416.0,Research and Innovation,0,1245,False
Total Expenditures of the Research and Innovation Program,innovation_instruments,2007,2007 eli-etat-leg-memorial-2006-a236-fr-pdf.pdf,Total des dépenses du programme de recherche et innovation,6100.0,Research and Innovation,0,671,False
Total Research and Innovation Expenditures,direct_rd,2013,budget-de-l-etat-2013.pdf,Total des dépenses de recherche et d'innovation,146601606.0,Research and Innovation,0,863,False
University Research Activities Budget,higher_education,2018,budget-de-l-etat-2018.pdf,Budget for research activities at the University,220000000.0,University of Luxembourg,0,1087,False
University Research Activities Budget,higher_education,2024,budget-de-letat-2024.pdf,Total budget for research activities at the University of Luxembourg,220000000.0,University of Luxembourg,0,1287,False
Université du Luxembourg,higher_education,1993,1993 eli-etat-leg-memorial-1992-a100-fr-pdf.pdf,Subvention pour la recherche à l'Université du Luxembourg,5000000.0,Ministry of Higher Education and Research,0,240,False
Université du Luxembourg,higher_education,1994,1994 eli-etat-leg-memorial-1993-a97-fr-pdf.pdf,Dotation pour l'Université du Luxembourg,15000000.0,Ministry of Higher Education and Research,0,245,False
Université du Luxembourg,higher_education,1997,1997 eli-etat-leg-memorial-1996-a89-fr-pdf.pdf,Dotation pour l'Université du Luxembourg,15000000.0,Ministry of Higher Education and Research,0,353,False
Université du Luxembourg,higher_education,2003,2003 eli-etat-leg-memorial-2002-a143-fr-pdf.pdf,Dotation à l'Université du Luxembourg pour la recherche,500000.0,Ministry of Higher Education and Research,0,537,False
Université du Luxembourg,higher_education,2004,2004 eli-etat-leg-memorial-2003-a184-fr-pdf.pdf,Total des crédits pour l'Université du Luxembourg,,University of Luxembourg,0,567,True
Université du Luxembourg,higher_education,2004,2004 eli-etat-leg-memorial-2003-a184-fr-pdf.pdf,Contribution financière dans l'intérêt de l'établissement public 'Université du Luxembourg'.,20391507.0,University of Luxembourg,0,568,True
Université du Luxembourg,higher_education,2004,2004 eli-etat-leg-memorial-2003-a184-fr-pdf.pdf,Contribution de l'État à l'Université du Luxembourg,,University of Luxembourg,0,576,True
Université du Luxembourg,higher_education,2004,2004 eli-etat-leg-memorial-2003-a184-fr-pdf.pdf,Subvention pour la recherche à l'Université du Luxembourg,,University of Luxembourg,0,577,True
Université du Luxembourg,higher_education,2005,2005 eli-etat-leg-memorial-2004-a204-fr-pdf.pdf,Contribution financière dans l'intérêt de l'établissement public 'Université du Luxembourg'.,31238340.0,University of Luxembourg,0,592,True
Université du Luxembourg,higher_education,2005,2005 eli-etat-leg-memorial-2004-a204-fr-pdf.pdf,Contribution de l'Etat à l'Université du Luxembourg,957000.0,University of Luxembourg,0,593,True
Université du Luxembourg,higher_education,2005,2005 eli-etat-leg-memorial-2004-a204-fr-pdf.pdf,Contribution de l'Etat à l'Université du Luxembourg pour la recherche,,University of Luxembourg,0,603,True
Université du Luxembourg,higher_education,2006,2006 eli-etat-leg-memorial-2005-a217-fr-pdf.pdf,Subvention à l'Université du Luxembourg pour la recherche,12000000.0,Ministry of Higher Education and Research,0,611,True
Université du Luxembourg,higher_education,2006,2006 eli-etat-leg-memorial-2005-a217-fr-pdf.pdf,Total des dépenses de l'Université du Luxembourg,48696349.0,University of Luxembourg,0,622,True
Université du Luxembourg,higher_education,2006,2006 eli-etat-leg-memorial-2005-a217-fr-pdf.pdf,Contribution financière dans l'intérêt de l'établissement public 'Université du Luxembourg'.,44054340.0,University of Luxembourg,0,623,True
Université du Luxembourg,higher_education,2006,2006 eli-etat-leg-memorial-2005-a217-fr-pdf.pdf,Contribution de l'Etat à l'Université du Luxembourg pour la recherche,,University of Luxembourg,0,630,True
Université du Luxembourg,higher_education,2007,2007 eli-etat-leg-memorial-2006-a236-fr-pdf.pdf,Dotation à l'Université du Luxembourg,20000000.0,Ministry of Higher Education and Research,0,645,True
Université du Luxembourg,higher_education,2007,2007 eli-etat-leg-memorial-2006-a236-fr-pdf.pdf,Dotation dans l'intérêt du fonctionnement de l'Université du Luxembourg,400000.0,Ministry of Higher Education and Research,0,659,True
Université du Luxembourg,higher_education,2007,2007 eli-etat-leg-memorial-2006-a236-fr-pdf.pdf,Contribution de l'Etat à l'Université du Luxembourg pour la recherche,,University of Luxembourg,0,665,True
Université du Luxembourg,higher_education,2008,2008 eli-etat-leg-memorial-2007-a236-fr-pdf.pdf,Contribution to the University of Luxembourg for research activities,,University of Luxembourg,0,680,True
Université du Luxembourg,higher_education,2008,2008 eli-etat-leg-memorial-2007-a236-fr-pdf.pdf,Contribution financière dans l'intérêt de l'établissement public 'Université du Luxembourg'. (Crédit non limitatif et sans distinction d'exercice),58000000.0,University of Luxembourg,0,684,True
Université du Luxembourg,higher_education,2011,budget-de-l-etat-2011.pdf,Contribution de l'Etat à l'Université du Luxembourg pour la recherche,20000000.0,University of Luxembourg,0,790,True
Université du Luxembourg,higher_education,2011,budget-de-l-etat-2011.pdf,Contribution financière de l'Etat dans l'intérêt de l'établissement public 'Université du Luxembourg'.,87600000.0,University of Luxembourg,0,795,True
Université du Luxembourg,higher_education,2011,budget-de-l-etat-2011.pdf,Contribution financière de l'Etat à l'Université du Luxembourg dans l'intérêt de la mise en oeuvre du plan d'action 'Technologies de la santé'.,18423306.0,University of Luxembourg,0,797,True
Université du Luxembourg,higher_education,2013,budget-de-l-etat-2013.pdf,Total des dépenses de l'Université du Luxembourg,131375308.0,University of Luxembourg,0,862,True
Université du Luxembourg,higher_education,2013,budget-de-l-etat-2013.pdf,Contributions financières à la réalisation de travaux de recherche en matière de gestion des eaux par des Centres de Recherche publics et de l'Université du Luxembourg,475000.0,Ministry of Higher Education and Research,0,877,True
Université du Luxembourg,higher_education,2013,budget-de-l-etat-2013.pdf,Contribution de l'Etat à l'Université du Luxembourg pour la recherche,,University of Luxembourg,0,882,True
Université du Luxembourg,higher_education,2014,budget-de-l-etat-2014.pdf,Université du Luxembourg: contribution,,Ministry of Higher Education and Research,0,896,True
Université du Luxembourg,higher_education,2014,budget-de-l-etat-2014.pdf,Université du Luxembourg,131733443.0,University of Luxembourg,0,901,True
Université du Luxembourg,higher_education,2014,budget-de-l-etat-2014.pdf,Contribution financière de l'Etat dans l'intérêt de l'établissement public 'Université du Luxembourg'.,128694000.0,University of Luxembourg,0,903,True
Université du Luxembourg,higher_education,2014,budget-de-l-etat-2014.pdf,Convention avec l'Université du Luxembourg dans l'intérêt de l'organisation du stage pédagogique.,617000.0,Ministry of Higher Education and Research,0,941,True
Université du Luxembourg,higher_education,2014,budget-de-l-etat-2014.pdf,Dotation dans l'intérêt du fonctionnement de l'Université du Luxembourg.,393771.0,Ministry of Higher Education and Research,0,942,True
Université du Luxembourg,higher_education,2014,budget-de-l-etat-2014.pdf,Contributions financières à la réalisation de travaux de recherche en matière de gestion des eaux par des Centres de Recherche publics et de l'Université du Luxembourg.,485000.0,Ministry of Higher Education and Research,0,948,True
Université du Luxembourg,higher_education,2015,budget-de-l-etat-2015.pdf,Total budget for the University of Luxembourg,125453403.0,University of Luxembourg,0,957,True
Université du Luxembourg,higher_education,2015,budget-de-l-etat-2015.pdf,Total des dépenses de l'Université du Luxembourg,148297373.0,University of Luxembourg,0,963,True
Université du Luxembourg,higher_education,2016,budget-de-l-etat-2016.pdf,Contribution financière à l'Université du Luxembourg dans le cadre de la mise en oeuvre de la politique nationale de métrologie.,15000.0,I.L.N.A.S.,0,1002,True
Université du Luxembourg,higher_education,2016,budget-de-l-etat-2016.pdf,Total budget for the University of Luxembourg,220000000.0,University of Luxembourg,0,1004,True
Université du Luxembourg,higher_education,2016,budget-de-l-etat-2016.pdf,Contribution à l'Université du Luxembourg pour la recherche,220000000.0,Research and Innovation,0,1015,True
Université du Luxembourg,higher_education,2016,budget-de-l-etat-2016.pdf,"Participation financière de l'Etat aux frais de fonctionnement et aux frais relatifs aux missions confiées au CRTE-Centre de Ressources des Technologies pour l'Environnement, Luxembourg Institute of Science and Technology « LIST » et Uni.lu.",1262664.0,Environment: General Expenditures,0,1022,True
Université du Luxembourg,higher_education,2017,budget-de-l-etat-2017.pdf,Total des dépenses de l'Université du Luxembourg,160277700.0,University of Luxembourg,0,1034,True
Université du Luxembourg,higher_education,2017,budget-de-l-etat-2017.pdf,Contribution financière à l'Université du Luxembourg dans le cadre de la mise en oeuvre de la politique nationale de métrologie,15000.0,I.L.N.A.S.,0,1044,True
Université du Luxembourg,higher_education,2017,budget-de-l-etat-2017.pdf,Total budget for the University of Luxembourg,220000000.0,University of Luxembourg,0,1046,True
Université du Luxembourg,higher_education,2017,budget-de-l-etat-2017.pdf,Dotation à l'Université du Luxembourg pour la recherche,220000000.0,University of Luxembourg,0,1060,True
Université du Luxembourg,higher_education,2017,budget-de-l-etat-2017.pdf,Financement de projets de recherche à l'Université du Luxembourg,1000000.0,University of Luxembourg,0,1061,True
Université du Luxembourg,higher_education,2018,budget-de-l-etat-2018.pdf,Financement des programmes et projets de recherche entrepris en collaboration avec l'Université du Luxembourg,300000.0,Ministry of Higher Education and Research,0,1095,True
Université du Luxembourg,higher_education,2019,2019budget-de-l-Etat.pdf,Financement des programmes et projets de recherche entrepris en collaboration avec l'Université du Luxembourg,150000.0,Higher Education and Research - General Expenditures,0,1110,True
Université du Luxembourg,higher_education,2019,2019budget-de-l-Etat.pdf,Université du Luxembourg,194272107.0,University of Luxembourg,0,1111,True
Université du Luxembourg,higher_education,2019,2019budget-de-l-Etat.pdf,Contribution financière de l'Etat dans l'intérêt de l'établissement public 'Université du Luxembourg'.,184910000.0,University of Luxembourg,0,1112,True
Université du Luxembourg,higher_education,2019,2019budget-de-l-Etat.pdf,Contribution financière de l'Etat dans l'intérêt de la formation médicale au sein de l'Université du Luxembourg.,5331000.0,University of Luxembourg,0,1113,True
Université du Luxembourg,higher_education,2019,2019budget-de-l-Etat.pdf,Contribution financière à l'Université du Luxembourg dans le cadre de la mise en oeuvre de la politique nationale de Métrologie,15000.0,"Luxembourg Institute for Standardization, Accreditation, Security and Quality of Products and Services",0,1128,True
Université du Luxembourg,higher_education,2019,2019budget-de-l-Etat.pdf,"Participation financière de l'Etat aux frais de fonctionnement et aux frais relatifs aux missions confiées au CRTE-Centre de Ressources des Technologies pour l'Environnement, Luxembourg Institute of Science and Technology « LIST » et Uni.lu.",1300655.0,Research and Innovation,0,1143,True
Université du Luxembourg,higher_education,2020,budget-de-l-Etat-2020.pdf,Financement des programmes et projets de recherche entrepris en collaboration avec l'Université du Luxembourg,150000.0,Higher Education and Research - General Expenditures,0,1148,True
Université du Luxembourg,higher_education,2020,budget-de-l-Etat-2020.pdf,Total des dépenses de l'Université du Luxembourg,210926208.0,University of Luxembourg,0,1151,True
Université du Luxembourg,higher_education,2020,budget-de-l-Etat-2020.pdf,Projets de recherche avec l'Université du Luxembourg: élaboration et évaluation du test 'SKIL' et évaluation de projets pédagogiques mis en place par le Centre psycho-social et d'accompagnement scolaires.,81666.0,Ministry of Higher Education and Research,0,1158,True
Université du Luxembourg,higher_education,2021,budget-de-l-Etat-2021.pdf,Total des dépenses de l'Université du Luxembourg,231381395.0,University of Luxembourg,0,1182,True
Université du Luxembourg,higher_education,2021,budget-de-l-Etat-2021.pdf,Contribution financière à l'Université du Luxembourg dans le cadre de la mise en oeuvre de la politique nationale de Métrologie.,15000.0,"Luxembourg Institute for Standardization, Accreditation, Safety and Quality of Products and Services",0,1190,True
Université du Luxembourg,higher_education,2021,budget-de-l-Etat-2021.pdf,Projets de recherche avec l'Université du Luxembourg: élaboration et évaluation du test 'SKIL' et évaluation de projets pédagogiques mis en place par le Centre psycho-social et d'accompagnement scolaires.,73242.0,Ministry of Higher Education and Research,0,1193,True
Université du Luxembourg,higher_education,2022,budget-de-l-Etat-2022.pdf,Financement des programmes et projets de recherche entrepris en collaboration avec l'Université du Luxembourg,205000.0,National Reception Office,0,1215,True
Université du Luxembourg,higher_education,2022,budget-de-l-Etat-2022.pdf,Projets de recherche avec l'Université du Luxembourg: élaboration et évaluation du test 'SKIL' et évaluation de projets pédagogiques mis en place par le Centre psycho-social et d'accompagnement scolaires.,74938.0,Psycho-social and School Support Center,0,1232,True
Université du Luxembourg,higher_education,2022,budget-de-l-Etat-2022.pdf,"Participation financière de l'Etat aux frais de fonctionnement et aux frais relatifs aux missions confiées au CRTE-Centre de Ressources des Technologies pour l'Environnement, Luxembourg Institute of Science and Technology « LIST » et Uni.lu.",15637.0,Environment,0,1238,True
Université du Luxembourg,higher_education,2023,budget-de-l-etat-2023.pdf,Financement des programmes et projets de recherche entrepris en collaboration avec l'Université du Luxembourg.,220000.0,Higher Education and Research - General Expenditures,0,1243,True
Université du Luxembourg,higher_education,2023,budget-de-l-etat-2023.pdf,Projets de recherche avec l'Université du Luxembourg: élaboration et évaluation du test 'SKIL' et évaluation de projets pédagogiques mis en place par le Centre psycho-social et d'accompagnement scolaires.,76796.0,Psycho-social Center and School Support,0,1259,True
Université du Luxembourg,higher_education,2023,budget-de-l-etat-2023.pdf,Contribution à l'Université du Luxembourg pour la recherche,220000000.0,Research and Innovation,0,1262,True
Université du Luxembourg,higher_education,2023,budget-de-l-etat-2023.pdf,"Participation financière de l'Etat aux frais de fonctionnement et aux frais relatifs aux missions confiées au CRTE-Centre de Ressources des Technologies pour l'Environnement, Luxembourg Institute of Science and Technology « LIST », Uni.lu et autres institutions de recherche.",1485000.0,Ministry of Higher Education and Research,0,1267,True
Université du Luxembourg,higher_education,2024,budget-de-letat-2024.pdf,Total budget for research activities at the University of Luxembourg,220000000.0,University of Luxembourg,0,1287,True
Université du Luxembourg,higher_education,2024,budget-de-letat-2024.pdf,Projets de recherche avec l'Université du Luxembourg: élaboration et évaluation du test 'SKIL' et évaluation de projets pédagogiques,82485.0,Research and Innovation,0,1290,True
Université du Luxembourg,higher_education,2024,budget-de-letat-2024.pdf,"Participation financière de l'Etat aux frais de fonctionnement et aux frais relatifs aux missions confiées au CRTE-Centre de Ressources des Technologies pour l'Environnement, Luxembourg Institute of Science and Technology « LIST », Uni.lu et autres institutions de recherche.",1092000.0,Environment: General Expenditures,0,1292,True
Université du Luxembourg,higher_education,2024,budget-de-letat-2024.pdf,Contribution financière de l'Etat dans l'intérêt de l'établissement public 'Université du Luxembourg',238180000.0,University of Luxembourg,0,1303,True
Université du Luxembourg,higher_education,2024,budget-de-letat-2024.pdf,Contribution financière de l'Etat dans l'intérêt de la formation médicale au sein de l'Université du Luxembourg,9711000.0,University of Luxembourg,0,1304,True
Université du Luxembourg,higher_education,2025,budget-de-letat-2025.pdf,Projets de recherche avec l'Université du Luxembourg: élaboration et évaluation du test 'SKIL' et évaluation de projets pédagogiques mis en place par le Centre psycho-social et d'accompagnement scolaires,115245.0,Research and Innovation,0,1329,True
Université du Luxembourg,higher_education,2025,budget-de-letat-2025.pdf,Total des dépenses de l'Université du Luxembourg,264575601.0,University of Luxembourg,0,1338,True
Université du Luxembourg,higher_education,2025,budget-de-letat-2025.pdf,Contribution financière de l'Etat dans l'intérêt de l'établissement public 'Université du Luxembourg'.,249632000.0,University of Luxembourg,0,1339,True
Université du Luxembourg,higher_education,2025,budget-de-letat-2025.pdf,Contribution financière de l'Etat dans l'intérêt de la formation médicale et de formations de certaines professions de santé au sein de l'Université du Luxembourg.,9711000.0,University of Luxembourg,0,1340,True
Université du Luxembourg,higher_education,2025,budget-de-letat-2025.pdf,Bourses pour études supérieures à l'Université du Luxembourg en faveur d'étudiants ne remplissant pas les conditions d'études concernant l'aide financière de l'Etat pour études supérieures et de cas sociaux.,445000.0,University of Luxembourg,0,1341,True
"Water Purification, Protection and Management: Applied Research Work",direct_rd,1979,1979 eli-etat-leg-memorial-1978-a86-fr-pdf.pdf,"Epuration, protection et gestion des eaux: travaux de recherche appliquée",4500000.0,Ministry of Higher Education and Research,0,35,False
"Water Purification, Protection and Management: Applied Research Work",direct_rd,1980,1980 eli-etat-leg-memorial-1979-a95-fr-pdf.pdf,"Epuration, protection et gestion des eaux: travaux de recherche appliquée, frais d’études, honoraires, indemnités et dépenses diverses.",400000.0,Ministry of Higher Education and Research,0,40,False
"Water Purification, Protection and Management: Applied Research Work",direct_rd,1985,1985 eli-etat-leg-memorial-1984-a111-fr-pdf.pdf,"Epuration, protection et gestion des eaux: travaux de recherche appliquée; frais d'études, indemnités.",2000000.0,Ministry of Environment,0,97,False
