country,canonical_name,year,amount_total,amount_primary,n_acts,acts,additive_flag,currency,unit,category
Switzerland,Agroscope (federal agricultural research),2013,,,0,,gap,,,science_agency
Switzerland,Agroscope (federal agricultural research),2014,,,0,,gap,,,science_agency
Switzerland,Agroscope (federal agricultural research),2015,,,0,,gap,,,science_agency
Switzerland,Agroscope (federal agricultural research),2016,,,0,,gap,,,science_agency
Switzerland,Agroscope (federal agricultural research),2017,,,0,,gap,,,science_agency
Switzerland,Agroscope (federal agricultural research),2018,,,0,,gap,,,science_agency
Switzerland,Agroscope (federal agricultural research),2019,,,0,,gap,,,science_agency
Switzerland,Agroscope (federal agricultural research),2020,,,0,,gap,,,science_agency
Switzerland,Agroscope (federal agricultural research),2021,,,0,,gap,,,science_agency
Switzerland,Agroscope (federal agricultural research),2022,,,0,,gap,,,science_agency
Switzerland,Agroscope (federal agricultural research),2023,,,0,,gap,,,science_agency
Switzerland,Agroscope (federal agricultural research),2024,,,0,,gap,,,science_agency
Switzerland,Agroscope (federal agricultural research),2025,,,0,,gap,,,science_agency
Switzerland,Basic contributions to universities,1977,,,0,,gap,,,higher_education
Switzerland,Basic contributions to universities,1978,,,0,,gap,,,higher_education
Switzerland,Basic contributions to universities,1982,,,0,,gap,,,higher_education
Switzerland,Basic contributions to universities,1983,,,0,,gap,,,higher_education
Switzerland,Basic contributions to universities,1984,,,0,,gap,,,higher_education
Switzerland,Basic contributions to universities,1985,,,0,,gap,,,higher_education
Switzerland,Basic contributions to universities,1986,,,0,,gap,,,higher_education
Switzerland,Basic contributions to universities,1987,,,0,,gap,,,higher_education
Switzerland,Basic contributions to universities,1988,,,0,,gap,,,higher_education
Switzerland,Basic contributions to universities,1989,,,0,,gap,,,higher_education
Switzerland,Basic contributions to universities,1990,,,0,,gap,,,higher_education
Switzerland,Basic contributions to universities,1991,,,0,,gap,,,higher_education
Switzerland,Basic contributions to universities,1994,,,0,,gap,,,higher_education
Switzerland,Basic contributions to universities,1995,,,0,,gap,,,higher_education
Switzerland,Basic contributions to universities,1996,,,0,,gap,,,higher_education
Switzerland,Basic contributions to universities,1997,,,0,,gap,,,higher_education
Switzerland,Basic contributions to universities,1998,,,0,,gap,,,higher_education
Switzerland,Basic contributions to universities,1999,,,0,,gap,,,higher_education
Switzerland,Basic contributions to universities,2000,,,0,,gap,,,higher_education
Switzerland,Basic contributions to universities,2001,,,0,,gap,,,higher_education
Switzerland,Basic contributions to universities,2002,,,0,,gap,,,higher_education
Switzerland,Basic contributions to universities,2003,,,0,,gap,,,higher_education
Switzerland,Basic contributions to universities,2004,,,0,,gap,,,higher_education
Switzerland,Basic contributions to universities,2005,,,0,,gap,,,higher_education
Switzerland,Basic contributions to universities,2006,,,0,,gap,,,higher_education
Switzerland,Basic contributions to universities,2007,,,0,,gap,,,higher_education
Switzerland,Basic contributions to universities,2008,,,0,,gap,,,higher_education
Switzerland,Basic contributions to universities,2009,,,0,,gap,,,higher_education
Switzerland,Basic contributions to universities,2010,,,0,,gap,,,higher_education
Switzerland,Basic contributions to universities,2011,,,0,,gap,,,higher_education
Switzerland,Basic contributions to universities,2012,,,0,,gap,,,higher_education
Switzerland,Basic contributions to universities,2013,,,0,,gap,,,higher_education
Switzerland,Basic contributions to universities,2014,,,0,,gap,,,higher_education
Switzerland,Basic contributions to universities,2015,,,0,,gap,,,higher_education
Switzerland,Basic contributions to universities,2016,,,0,,gap,,,higher_education
Switzerland,Basic contributions to universities,2017,684431100.0,684431100.0,1,2017-VA3-d.pdf,single,CHF,franc,higher_education
Switzerland,Basic contributions to universities,2018,684449000.0,684449000.0,1,2018-VA3-d.pdf,single,CHF,franc,higher_education
Switzerland,Basic contributions to universities,2019,,,0,,gap,,,higher_education
Switzerland,Basic contributions to universities,2020,,,0,,gap,,,higher_education
Switzerland,Basic contributions to universities,2021,,,0,,gap,,,higher_education
Switzerland,Basic contributions to universities,2022,,,0,,gap,,,higher_education
Switzerland,Basic contributions to universities,2023,,,0,,gap,,,higher_education
Switzerland,Basic contributions to universities,2024,,,0,,gap,,,higher_education
Switzerland,Basic contributions to universities,2025,,,0,,gap,,,higher_education
Switzerland,Budget for Education and Research,1977,,,0,,gap,,,innovation_instruments
Switzerland,Budget for Education and Research,1978,,,0,,gap,,,innovation_instruments
Switzerland,Budget for Education and Research,1982,,,0,,gap,,,innovation_instruments
Switzerland,Budget for Education and Research,1983,,,0,,gap,,,innovation_instruments
Switzerland,Budget for Education and Research,1984,,,0,,gap,,,innovation_instruments
Switzerland,Budget for Education and Research,1985,,,0,,gap,,,innovation_instruments
Switzerland,Budget for Education and Research,1986,,,0,,gap,,,innovation_instruments
Switzerland,Budget for Education and Research,1987,,,0,,gap,,,innovation_instruments
Switzerland,Budget for Education and Research,1988,,,0,,gap,,,innovation_instruments
Switzerland,Budget for Education and Research,1989,,,0,,gap,,,innovation_instruments
Switzerland,Budget for Education and Research,1990,,,0,,gap,,,innovation_instruments
Switzerland,Budget for Education and Research,1991,,,0,,gap,,,innovation_instruments
Switzerland,Budget for Education and Research,1994,,,0,,gap,,,innovation_instruments
Switzerland,Budget for Education and Research,1995,,,0,,gap,,,innovation_instruments
Switzerland,Budget for Education and Research,1996,,,0,,gap,,,innovation_instruments
Switzerland,Budget for Education and Research,1997,,,0,,gap,,,innovation_instruments
Switzerland,Budget for Education and Research,1998,,,0,,gap,,,innovation_instruments
Switzerland,Budget for Education and Research,1999,,,0,,gap,,,innovation_instruments
Switzerland,Budget for Education and Research,2000,,,0,,gap,,,innovation_instruments
Switzerland,Budget for Education and Research,2001,,,0,,gap,,,innovation_instruments
Switzerland,Budget for Education and Research,2002,,,0,,gap,,,innovation_instruments
Switzerland,Budget for Education and Research,2003,,,0,,gap,,,innovation_instruments
Switzerland,Budget for Education and Research,2004,,,0,,gap,,,innovation_instruments
Switzerland,Budget for Education and Research,2005,,,0,,gap,,,innovation_instruments
Switzerland,Budget for Education and Research,2006,,,0,,gap,,,innovation_instruments
Switzerland,Budget for Education and Research,2007,,,0,,gap,,,innovation_instruments
Switzerland,Budget for Education and Research,2008,,,0,,gap,,,innovation_instruments
Switzerland,Budget for Education and Research,2009,,,0,,gap,,,innovation_instruments
Switzerland,Budget for Education and Research,2010,8314000.0,8314000.0,1,2010-VA3-d.pdf,single,CHF,franc,innovation_instruments
Switzerland,Budget for Education and Research,2011,,,0,,gap,,,innovation_instruments
Switzerland,Budget for Education and Research,2012,,,0,,gap,,,innovation_instruments
Switzerland,Budget for Education and Research,2013,9631200.0,9631200.0,1,2013-VA3-d.pdf,single,CHF,thousand,innovation_instruments
Switzerland,Budget for Education and Research,2014,21760900.0,21760900.0,1,2014-VA3-d.pdf,single,CHF,thousand,innovation_instruments
Switzerland,Budget for Education and Research,2015,,,0,,gap,,,innovation_instruments
Switzerland,Budget for Education and Research,2016,,,0,,gap,,,innovation_instruments
Switzerland,Budget for Education and Research,2017,,,0,,gap,,,innovation_instruments
Switzerland,Budget for Education and Research,2018,,,0,,gap,,,innovation_instruments
Switzerland,Budget for Education and Research,2019,,,0,,gap,,,innovation_instruments
Switzerland,Budget for Education and Research,2020,,,0,,gap,,,innovation_instruments
Switzerland,Budget for Education and Research,2021,,,0,,gap,,,innovation_instruments
Switzerland,Budget for Education and Research,2022,,,0,,gap,,,innovation_instruments
Switzerland,Budget for Education and Research,2023,,,0,,gap,,,innovation_instruments
Switzerland,Budget for Education and Research,2024,,,0,,gap,,,innovation_instruments
Switzerland,Budget for Education and Research,2025,,,0,,gap,,,innovation_instruments
Switzerland,CERN contribution (Swiss),1977,,,0,,gap,,,science_agency
Switzerland,CERN contribution (Swiss),1978,,,0,,gap,,,science_agency
Switzerland,CERN contribution (Swiss),1982,,,0,,gap,,,science_agency
Switzerland,CERN contribution (Swiss),1983,,,0,,gap,,,science_agency
Switzerland,CERN contribution (Swiss),1984,,,0,,gap,,,science_agency
Switzerland,CERN contribution (Swiss),1985,,,0,,gap,,,science_agency
Switzerland,CERN contribution (Swiss),1986,,,0,,gap,,,science_agency
Switzerland,CERN contribution (Swiss),1987,,,0,,gap,,,science_agency
Switzerland,CERN contribution (Swiss),1988,,,0,,gap,,,science_agency
Switzerland,CERN contribution (Swiss),1989,,,0,,gap,,,science_agency
Switzerland,CERN contribution (Swiss),1990,,,0,,gap,,,science_agency
Switzerland,CERN contribution (Swiss),1991,,,0,,gap,,,science_agency
Switzerland,CERN contribution (Swiss),1994,,,0,,gap,,,science_agency
Switzerland,CERN contribution (Swiss),1995,,,0,,gap,,,science_agency
Switzerland,CERN contribution (Swiss),1996,,,0,,gap,,,science_agency
Switzerland,CERN contribution (Swiss),1997,,,0,,gap,,,science_agency
Switzerland,CERN contribution (Swiss),1998,,,0,,gap,,,science_agency
Switzerland,CERN contribution (Swiss),1999,,,0,,gap,,,science_agency
Switzerland,CERN contribution (Swiss),2000,,,0,,gap,,,science_agency
Switzerland,CERN contribution (Swiss),2001,,,0,,gap,,,science_agency
Switzerland,CERN contribution (Swiss),2002,,,0,,gap,,,science_agency
Switzerland,CERN contribution (Swiss),2003,150000000.0,150000000.0,1,2003 V03_Botschaft.pdf,single,CHF,franc,science_agency
Switzerland,CERN contribution (Swiss),2004,150000000.0,150000000.0,2,2004 V04_Botschaft.pdf | 2004-VA3-d.pdf,restatement,CHF,franc,science_agency
Switzerland,CERN contribution (Swiss),2005,66559600.0,66559600.0,1,2005-VA3-d.pdf,single,CHF,franc,science_agency
Switzerland,CERN contribution (Swiss),2006,150000000.0,150000000.0,2,2006 CHE V06_Botschaft_V06-df.pdf | 2006-VA3-d.pdf,restatement,CHF,franc,science_agency
Switzerland,CERN contribution (Swiss),2007,150000000.0,150000000.0,1,2007-VA3-d.pdf,single,CHF,franc,science_agency
Switzerland,CERN contribution (Swiss),2008,150000000.0,150000000.0,1,2008-VA3-d.pdf,single,CHF,franc,science_agency
Switzerland,CERN contribution (Swiss),2009,150000000.0,150000000.0,1,2009-VA3-d.pdf,single,CHF,franc,science_agency
Switzerland,CERN contribution (Swiss),2010,150000000.0,150000000.0,1,2010-VA3-d.pdf,single,CHF,franc,science_agency
Switzerland,CERN contribution (Swiss),2011,150000000.0,150000000.0,1,2011-VA3-d.pdf,single,CHF,franc,science_agency
Switzerland,CERN contribution (Swiss),2012,150000000.0,150000000.0,1,2012-VA3-d.pdf,single,CHF,franc,science_agency
Switzerland,CERN contribution (Swiss),2013,150000000.0,150000000.0,1,2013-VA3-d.pdf,single,CHF,franc,science_agency
Switzerland,CERN contribution (Swiss),2014,150000000.0,150000000.0,1,2014-VA3-d.pdf,single,CHF,franc,science_agency
Switzerland,CERN contribution (Swiss),2015,150000000.0,150000000.0,1,2015-VA3-d.pdf,single,CHF,franc,science_agency
Switzerland,CERN contribution (Swiss),2016,44646200.0,44646200.0,1,2016-VA3-d.pdf,single,CHF,franc,science_agency
Switzerland,CERN contribution (Swiss),2017,43860000.0,43860000.0,1,2017-VA3-d.pdf,single,CHF,thousand,science_agency
Switzerland,CERN contribution (Swiss),2018,150000000.0,150000000.0,1,2018-VA3-d.pdf,single,CHF,franc,science_agency
Switzerland,CERN contribution (Swiss),2019,150000000.0,150000000.0,1,2019-VA3-d.pdf,single,CHF,franc,science_agency
Switzerland,CERN contribution (Swiss),2020,150000000.0,150000000.0,1,2020-VA_Band3-d.pdf,single,CHF,franc,science_agency
Switzerland,CERN contribution (Swiss),2021,150000000.0,150000000.0,1,2021-VA_Band3-d.pdf,single,CHF,franc,science_agency
Switzerland,CERN contribution (Swiss),2022,150000000.0,150000000.0,1,2022-VA_Band3-d.pdf,single,CHF,franc,science_agency
Switzerland,CERN contribution (Swiss),2023,150000000.0,150000000.0,1,2023-VA-Band3-d.pdf,single,CHF,franc,science_agency
Switzerland,CERN contribution (Swiss),2024,150000000.0,150000000.0,1,2024-VA-Band3-d.pdf,single,CHF,franc,science_agency
Switzerland,CERN contribution (Swiss),2025,150000000.0,150000000.0,1,2025-VA-Band3-d.pdf,single,CHF,franc,science_agency
Switzerland,Cancer Research Infrastructure Contribution,1977,,,0,,gap,,,direct_rd
Switzerland,Cancer Research Infrastructure Contribution,1978,,,0,,gap,,,direct_rd
Switzerland,Cancer Research Infrastructure Contribution,1982,,,0,,gap,,,direct_rd
Switzerland,Cancer Research Infrastructure Contribution,1983,,,0,,gap,,,direct_rd
Switzerland,Cancer Research Infrastructure Contribution,1984,,,0,,gap,,,direct_rd
Switzerland,Cancer Research Infrastructure Contribution,1985,,,0,,gap,,,direct_rd
Switzerland,Cancer Research Infrastructure Contribution,1986,,,0,,gap,,,direct_rd
Switzerland,Cancer Research Infrastructure Contribution,1987,,,0,,gap,,,direct_rd
Switzerland,Cancer Research Infrastructure Contribution,1988,,,0,,gap,,,direct_rd
Switzerland,Cancer Research Infrastructure Contribution,1989,,,0,,gap,,,direct_rd
Switzerland,Cancer Research Infrastructure Contribution,1990,,,0,,gap,,,direct_rd
Switzerland,Cancer Research Infrastructure Contribution,1991,,,0,,gap,,,direct_rd
Switzerland,Cancer Research Infrastructure Contribution,1994,,,0,,gap,,,direct_rd
Switzerland,Cancer Research Infrastructure Contribution,1995,,,0,,gap,,,direct_rd
Switzerland,Cancer Research Infrastructure Contribution,1996,,,0,,gap,,,direct_rd
Switzerland,Cancer Research Infrastructure Contribution,1997,,,0,,gap,,,direct_rd
Switzerland,Cancer Research Infrastructure Contribution,1998,,,0,,gap,,,direct_rd
Switzerland,Cancer Research Infrastructure Contribution,1999,,,0,,gap,,,direct_rd
Switzerland,Cancer Research Infrastructure Contribution,2000,,,0,,gap,,,direct_rd
Switzerland,Cancer Research Infrastructure Contribution,2001,,,0,,gap,,,direct_rd
Switzerland,Cancer Research Infrastructure Contribution,2002,,,0,,gap,,,direct_rd
Switzerland,Cancer Research Infrastructure Contribution,2003,,,0,,gap,,,direct_rd
Switzerland,Cancer Research Infrastructure Contribution,2004,13490000.0,13490000.0,1,2004-VA3-d.pdf,single,CHF,franc,direct_rd
Switzerland,Cancer Research Infrastructure Contribution,2005,,,0,,gap,,,direct_rd
Switzerland,Cancer Research Infrastructure Contribution,2006,,,0,,gap,,,direct_rd
Switzerland,Cancer Research Infrastructure Contribution,2007,,,0,,gap,,,direct_rd
Switzerland,Cancer Research Infrastructure Contribution,2008,,,0,,gap,,,direct_rd
Switzerland,Cancer Research Infrastructure Contribution,2009,,,0,,gap,,,direct_rd
Switzerland,Cancer Research Infrastructure Contribution,2010,,,0,,gap,,,direct_rd
Switzerland,Cancer Research Infrastructure Contribution,2011,,,0,,gap,,,direct_rd
Switzerland,Cancer Research Infrastructure Contribution,2012,,,0,,gap,,,direct_rd
Switzerland,Cancer Research Infrastructure Contribution,2013,,,0,,gap,,,direct_rd
Switzerland,Cancer Research Infrastructure Contribution,2014,,,0,,gap,,,direct_rd
Switzerland,Cancer Research Infrastructure Contribution,2015,,,0,,gap,,,direct_rd
Switzerland,Cancer Research Infrastructure Contribution,2016,,,0,,gap,,,direct_rd
Switzerland,Cancer Research Infrastructure Contribution,2017,,,0,,gap,,,direct_rd
Switzerland,Cancer Research Infrastructure Contribution,2018,,,0,,gap,,,direct_rd
Switzerland,Cancer Research Infrastructure Contribution,2019,,,0,,gap,,,direct_rd
Switzerland,Cancer Research Infrastructure Contribution,2020,,,0,,gap,,,direct_rd
Switzerland,Cancer Research Infrastructure Contribution,2021,,,0,,gap,,,direct_rd
Switzerland,Cancer Research Infrastructure Contribution,2022,,,0,,gap,,,direct_rd
Switzerland,Cancer Research Infrastructure Contribution,2023,,,0,,gap,,,direct_rd
Switzerland,Cancer Research Infrastructure Contribution,2024,,,0,,gap,,,direct_rd
Switzerland,Cancer Research Infrastructure Contribution,2025,,,0,,gap,,,direct_rd
Switzerland,Commitment Credits for Research and Development,1977,,,0,,gap,,,direct_rd
Switzerland,Commitment Credits for Research and Development,1978,,,0,,gap,,,direct_rd
Switzerland,Commitment Credits for Research and Development,1982,,,0,,gap,,,direct_rd
Switzerland,Commitment Credits for Research and Development,1983,,,0,,gap,,,direct_rd
Switzerland,Commitment Credits for Research and Development,1984,,,0,,gap,,,direct_rd
Switzerland,Commitment Credits for Research and Development,1985,,,0,,gap,,,direct_rd
Switzerland,Commitment Credits for Research and Development,1986,,,0,,gap,,,direct_rd
Switzerland,Commitment Credits for Research and Development,1987,,,0,,gap,,,direct_rd
Switzerland,Commitment Credits for Research and Development,1988,,,0,,gap,,,direct_rd
Switzerland,Commitment Credits for Research and Development,1989,,,0,,gap,,,direct_rd
Switzerland,Commitment Credits for Research and Development,1990,,,0,,gap,,,direct_rd
Switzerland,Commitment Credits for Research and Development,1991,,,0,,gap,,,direct_rd
Switzerland,Commitment Credits for Research and Development,1994,,,0,,gap,,,direct_rd
Switzerland,Commitment Credits for Research and Development,1995,,,0,,gap,,,direct_rd
Switzerland,Commitment Credits for Research and Development,1996,,,0,,gap,,,direct_rd
Switzerland,Commitment Credits for Research and Development,1997,,,0,,gap,,,direct_rd
Switzerland,Commitment Credits for Research and Development,1998,,,0,,gap,,,direct_rd
Switzerland,Commitment Credits for Research and Development,1999,,,0,,gap,,,direct_rd
Switzerland,Commitment Credits for Research and Development,2000,,,0,,gap,,,direct_rd
Switzerland,Commitment Credits for Research and Development,2001,,,0,,gap,,,direct_rd
Switzerland,Commitment Credits for Research and Development,2002,,,0,,gap,,,direct_rd
Switzerland,Commitment Credits for Research and Development,2003,,,0,,gap,,,direct_rd
Switzerland,Commitment Credits for Research and Development,2004,,,0,,gap,,,direct_rd
Switzerland,Commitment Credits for Research and Development,2005,,,0,,gap,,,direct_rd
Switzerland,Commitment Credits for Research and Development,2006,329000000.0,329000000.0,1,2006 CHE V06_Botschaft_V06-df.pdf,single,CHF,franc,direct_rd
Switzerland,Commitment Credits for Research and Development,2007,,,0,,gap,,,direct_rd
Switzerland,Commitment Credits for Research and Development,2008,,,0,,gap,,,direct_rd
Switzerland,Commitment Credits for Research and Development,2009,,,0,,gap,,,direct_rd
Switzerland,Commitment Credits for Research and Development,2010,,,0,,gap,,,direct_rd
Switzerland,Commitment Credits for Research and Development,2011,,,0,,gap,,,direct_rd
Switzerland,Commitment Credits for Research and Development,2012,,,0,,gap,,,direct_rd
Switzerland,Commitment Credits for Research and Development,2013,,,0,,gap,,,direct_rd
Switzerland,Commitment Credits for Research and Development,2014,,,0,,gap,,,direct_rd
Switzerland,Commitment Credits for Research and Development,2015,,,0,,gap,,,direct_rd
Switzerland,Commitment Credits for Research and Development,2016,,,0,,gap,,,direct_rd
Switzerland,Commitment Credits for Research and Development,2017,,,0,,gap,,,direct_rd
Switzerland,Commitment Credits for Research and Development,2018,,,0,,gap,,,direct_rd
Switzerland,Commitment Credits for Research and Development,2019,,,0,,gap,,,direct_rd
Switzerland,Commitment Credits for Research and Development,2020,,,0,,gap,,,direct_rd
Switzerland,Commitment Credits for Research and Development,2021,,,0,,gap,,,direct_rd
Switzerland,Commitment Credits for Research and Development,2022,,,0,,gap,,,direct_rd
Switzerland,Commitment Credits for Research and Development,2023,,,0,,gap,,,direct_rd
Switzerland,Commitment Credits for Research and Development,2024,,,0,,gap,,,direct_rd
Switzerland,Commitment Credits for Research and Development,2025,,,0,,gap,,,direct_rd
Switzerland,Contribution to ESA,1977,,,0,,gap,,,direct_rd
Switzerland,Contribution to ESA,1978,,,0,,gap,,,direct_rd
Switzerland,Contribution to ESA,1982,,,0,,gap,,,direct_rd
Switzerland,Contribution to ESA,1983,,,0,,gap,,,direct_rd
Switzerland,Contribution to ESA,1984,,,0,,gap,,,direct_rd
Switzerland,Contribution to ESA,1985,,,0,,gap,,,direct_rd
Switzerland,Contribution to ESA,1986,,,0,,gap,,,direct_rd
Switzerland,Contribution to ESA,1987,,,0,,gap,,,direct_rd
Switzerland,Contribution to ESA,1988,,,0,,gap,,,direct_rd
Switzerland,Contribution to ESA,1989,,,0,,gap,,,direct_rd
Switzerland,Contribution to ESA,1990,,,0,,gap,,,direct_rd
Switzerland,Contribution to ESA,1991,,,0,,gap,,,direct_rd
Switzerland,Contribution to ESA,1994,,,0,,gap,,,direct_rd
Switzerland,Contribution to ESA,1995,,,0,,gap,,,direct_rd
Switzerland,Contribution to ESA,1996,,,0,,gap,,,direct_rd
Switzerland,Contribution to ESA,1997,,,0,,gap,,,direct_rd
Switzerland,Contribution to ESA,1998,,,0,,gap,,,direct_rd
Switzerland,Contribution to ESA,1999,,,0,,gap,,,direct_rd
Switzerland,Contribution to ESA,2000,,,0,,gap,,,direct_rd
Switzerland,Contribution to ESA,2001,,,0,,gap,,,direct_rd
Switzerland,Contribution to ESA,2002,,,0,,gap,,,direct_rd
Switzerland,Contribution to ESA,2003,41000000.0,41000000.0,1,2003 V03_Botschaft.pdf,single,CHF,franc,direct_rd
Switzerland,Contribution to ESA,2004,,,0,,gap,,,direct_rd
Switzerland,Contribution to ESA,2005,,,0,,gap,,,direct_rd
Switzerland,Contribution to ESA,2006,,,0,,gap,,,direct_rd
Switzerland,Contribution to ESA,2007,,,0,,gap,,,direct_rd
Switzerland,Contribution to ESA,2008,,,0,,gap,,,direct_rd
Switzerland,Contribution to ESA,2009,,,0,,gap,,,direct_rd
Switzerland,Contribution to ESA,2010,,,0,,gap,,,direct_rd
Switzerland,Contribution to ESA,2011,,,0,,gap,,,direct_rd
Switzerland,Contribution to ESA,2012,,,0,,gap,,,direct_rd
Switzerland,Contribution to ESA,2013,,,0,,gap,,,direct_rd
Switzerland,Contribution to ESA,2014,,,0,,gap,,,direct_rd
Switzerland,Contribution to ESA,2015,,,0,,gap,,,direct_rd
Switzerland,Contribution to ESA,2016,,,0,,gap,,,direct_rd
Switzerland,Contribution to ESA,2017,,,0,,gap,,,direct_rd
Switzerland,Contribution to ESA,2018,,,0,,gap,,,direct_rd
Switzerland,Contribution to ESA,2019,182713000.0,182713000.0,1,2019-VA3-d.pdf,single,CHF,franc,direct_rd
Switzerland,Contribution to ESA,2020,,,0,,gap,,,direct_rd
Switzerland,Contribution to ESA,2021,,,0,,gap,,,direct_rd
Switzerland,Contribution to ESA,2022,190543000.0,190543000.0,1,2022-VA_Band3-d.pdf,single,CHF,thousand,direct_rd
Switzerland,Contribution to ESA,2023,,,0,,gap,,,direct_rd
Switzerland,Contribution to ESA,2024,,,0,,gap,,,direct_rd
Switzerland,Contribution to ESA,2025,,,0,,gap,,,direct_rd
Switzerland,Contribution to ESO,1977,,,0,,gap,,,direct_rd
Switzerland,Contribution to ESO,1978,,,0,,gap,,,direct_rd
Switzerland,Contribution to ESO,1982,,,0,,gap,,,direct_rd
Switzerland,Contribution to ESO,1983,,,0,,gap,,,direct_rd
Switzerland,Contribution to ESO,1984,,,0,,gap,,,direct_rd
Switzerland,Contribution to ESO,1985,,,0,,gap,,,direct_rd
Switzerland,Contribution to ESO,1986,,,0,,gap,,,direct_rd
Switzerland,Contribution to ESO,1987,,,0,,gap,,,direct_rd
Switzerland,Contribution to ESO,1988,,,0,,gap,,,direct_rd
Switzerland,Contribution to ESO,1989,,,0,,gap,,,direct_rd
Switzerland,Contribution to ESO,1990,,,0,,gap,,,direct_rd
Switzerland,Contribution to ESO,1991,,,0,,gap,,,direct_rd
Switzerland,Contribution to ESO,1994,,,0,,gap,,,direct_rd
Switzerland,Contribution to ESO,1995,,,0,,gap,,,direct_rd
Switzerland,Contribution to ESO,1996,,,0,,gap,,,direct_rd
Switzerland,Contribution to ESO,1997,,,0,,gap,,,direct_rd
Switzerland,Contribution to ESO,1998,,,0,,gap,,,direct_rd
Switzerland,Contribution to ESO,1999,,,0,,gap,,,direct_rd
Switzerland,Contribution to ESO,2000,,,0,,gap,,,direct_rd
Switzerland,Contribution to ESO,2001,,,0,,gap,,,direct_rd
Switzerland,Contribution to ESO,2002,,,0,,gap,,,direct_rd
Switzerland,Contribution to ESO,2003,,,0,,gap,,,direct_rd
Switzerland,Contribution to ESO,2004,,,0,,gap,,,direct_rd
Switzerland,Contribution to ESO,2005,,,0,,gap,,,direct_rd
Switzerland,Contribution to ESO,2006,6000000.0,6000000.0,1,2006 CHE V06_Botschaft_V06-df.pdf,single,CHF,franc,direct_rd
Switzerland,Contribution to ESO,2007,,,0,,gap,,,direct_rd
Switzerland,Contribution to ESO,2008,,,0,,gap,,,direct_rd
Switzerland,Contribution to ESO,2009,,,0,,gap,,,direct_rd
Switzerland,Contribution to ESO,2010,,,0,,gap,,,direct_rd
Switzerland,Contribution to ESO,2011,,,0,,gap,,,direct_rd
Switzerland,Contribution to ESO,2012,,,0,,gap,,,direct_rd
Switzerland,Contribution to ESO,2013,,,0,,gap,,,direct_rd
Switzerland,Contribution to ESO,2014,,,0,,gap,,,direct_rd
Switzerland,Contribution to ESO,2015,,,0,,gap,,,direct_rd
Switzerland,Contribution to ESO,2016,,,0,,gap,,,direct_rd
Switzerland,Contribution to ESO,2017,,,0,,gap,,,direct_rd
Switzerland,Contribution to ESO,2018,,,0,,gap,,,direct_rd
Switzerland,Contribution to ESO,2019,,,0,,gap,,,direct_rd
Switzerland,Contribution to ESO,2020,,,0,,gap,,,direct_rd
Switzerland,Contribution to ESO,2021,,,0,,gap,,,direct_rd
Switzerland,Contribution to ESO,2022,,,0,,gap,,,direct_rd
Switzerland,Contribution to ESO,2023,,,0,,gap,,,direct_rd
Switzerland,Contribution to ESO,2024,,,0,,gap,,,direct_rd
Switzerland,Contribution to ESO,2025,,,0,,gap,,,direct_rd
Switzerland,Contribution to EU Research Programs,1977,,,0,,gap,,,innovation_instruments
Switzerland,Contribution to EU Research Programs,1978,,,0,,gap,,,innovation_instruments
Switzerland,Contribution to EU Research Programs,1982,,,0,,gap,,,innovation_instruments
Switzerland,Contribution to EU Research Programs,1983,,,0,,gap,,,innovation_instruments
Switzerland,Contribution to EU Research Programs,1984,,,0,,gap,,,innovation_instruments
Switzerland,Contribution to EU Research Programs,1985,,,0,,gap,,,innovation_instruments
Switzerland,Contribution to EU Research Programs,1986,,,0,,gap,,,innovation_instruments
Switzerland,Contribution to EU Research Programs,1987,,,0,,gap,,,innovation_instruments
Switzerland,Contribution to EU Research Programs,1988,,,0,,gap,,,innovation_instruments
Switzerland,Contribution to EU Research Programs,1989,,,0,,gap,,,innovation_instruments
Switzerland,Contribution to EU Research Programs,1990,,,0,,gap,,,innovation_instruments
Switzerland,Contribution to EU Research Programs,1991,,,0,,gap,,,innovation_instruments
Switzerland,Contribution to EU Research Programs,1994,,,0,,gap,,,innovation_instruments
Switzerland,Contribution to EU Research Programs,1995,,,0,,gap,,,innovation_instruments
Switzerland,Contribution to EU Research Programs,1996,,,0,,gap,,,innovation_instruments
Switzerland,Contribution to EU Research Programs,1997,,,0,,gap,,,innovation_instruments
Switzerland,Contribution to EU Research Programs,1998,,,0,,gap,,,innovation_instruments
Switzerland,Contribution to EU Research Programs,1999,,,0,,gap,,,innovation_instruments
Switzerland,Contribution to EU Research Programs,2000,,,0,,gap,,,innovation_instruments
Switzerland,Contribution to EU Research Programs,2001,,,0,,gap,,,innovation_instruments
Switzerland,Contribution to EU Research Programs,2002,,,0,,gap,,,innovation_instruments
Switzerland,Contribution to EU Research Programs,2003,,,0,,gap,,,innovation_instruments
Switzerland,Contribution to EU Research Programs,2004,19000000.0,19000000.0,1,2004 V04_Botschaft.pdf,single,CHF,franc,innovation_instruments
Switzerland,Contribution to EU Research Programs,2005,,,0,,gap,,,innovation_instruments
Switzerland,Contribution to EU Research Programs,2006,,,0,,gap,,,innovation_instruments
Switzerland,Contribution to EU Research Programs,2007,,,0,,gap,,,innovation_instruments
Switzerland,Contribution to EU Research Programs,2008,,,0,,gap,,,innovation_instruments
Switzerland,Contribution to EU Research Programs,2009,,,0,,gap,,,innovation_instruments
Switzerland,Contribution to EU Research Programs,2010,,,0,,gap,,,innovation_instruments
Switzerland,Contribution to EU Research Programs,2011,,,0,,gap,,,innovation_instruments
Switzerland,Contribution to EU Research Programs,2012,,,0,,gap,,,innovation_instruments
Switzerland,Contribution to EU Research Programs,2013,,,0,,gap,,,innovation_instruments
Switzerland,Contribution to EU Research Programs,2014,,,0,,gap,,,innovation_instruments
Switzerland,Contribution to EU Research Programs,2015,,,0,,gap,,,innovation_instruments
Switzerland,Contribution to EU Research Programs,2016,,,0,,gap,,,innovation_instruments
Switzerland,Contribution to EU Research Programs,2017,,,0,,gap,,,innovation_instruments
Switzerland,Contribution to EU Research Programs,2018,,,0,,gap,,,innovation_instruments
Switzerland,Contribution to EU Research Programs,2019,,,0,,gap,,,innovation_instruments
Switzerland,Contribution to EU Research Programs,2020,,,0,,gap,,,innovation_instruments
Switzerland,Contribution to EU Research Programs,2021,,,0,,gap,,,innovation_instruments
Switzerland,Contribution to EU Research Programs,2022,,,0,,gap,,,innovation_instruments
Switzerland,Contribution to EU Research Programs,2023,,,0,,gap,,,innovation_instruments
Switzerland,Contribution to EU Research Programs,2024,,,0,,gap,,,innovation_instruments
Switzerland,Contribution to EU Research Programs,2025,,,0,,gap,,,innovation_instruments
Switzerland,Contribution to the National Research Programmes (NFP),1977,,,0,,gap,,,direct_rd
Switzerland,Contribution to the National Research Programmes (NFP),1978,,,0,,gap,,,direct_rd
Switzerland,Contribution to the National Research Programmes (NFP),1982,,,0,,gap,,,direct_rd
Switzerland,Contribution to the National Research Programmes (NFP),1983,,,0,,gap,,,direct_rd
Switzerland,Contribution to the National Research Programmes (NFP),1984,,,0,,gap,,,direct_rd
Switzerland,Contribution to the National Research Programmes (NFP),1985,,,0,,gap,,,direct_rd
Switzerland,Contribution to the National Research Programmes (NFP),1986,,,0,,gap,,,direct_rd
Switzerland,Contribution to the National Research Programmes (NFP),1987,,,0,,gap,,,direct_rd
Switzerland,Contribution to the National Research Programmes (NFP),1988,,,0,,gap,,,direct_rd
Switzerland,Contribution to the National Research Programmes (NFP),1989,,,0,,gap,,,direct_rd
Switzerland,Contribution to the National Research Programmes (NFP),1990,,,0,,gap,,,direct_rd
Switzerland,Contribution to the National Research Programmes (NFP),1991,,,0,,gap,,,direct_rd
Switzerland,Contribution to the National Research Programmes (NFP),1994,,,0,,gap,,,direct_rd
Switzerland,Contribution to the National Research Programmes (NFP),1995,,,0,,gap,,,direct_rd
Switzerland,Contribution to the National Research Programmes (NFP),1996,,,0,,gap,,,direct_rd
Switzerland,Contribution to the National Research Programmes (NFP),1997,,,0,,gap,,,direct_rd
Switzerland,Contribution to the National Research Programmes (NFP),1998,,,0,,gap,,,direct_rd
Switzerland,Contribution to the National Research Programmes (NFP),1999,,,0,,gap,,,direct_rd
Switzerland,Contribution to the National Research Programmes (NFP),2000,,,0,,gap,,,direct_rd
Switzerland,Contribution to the National Research Programmes (NFP),2001,,,0,,gap,,,direct_rd
Switzerland,Contribution to the National Research Programmes (NFP),2002,,,0,,gap,,,direct_rd
Switzerland,Contribution to the National Research Programmes (NFP),2003,,,0,,gap,,,direct_rd
Switzerland,Contribution to the National Research Programmes (NFP),2004,,,0,,gap,,,direct_rd
Switzerland,Contribution to the National Research Programmes (NFP),2005,,,0,,gap,,,direct_rd
Switzerland,Contribution to the National Research Programmes (NFP),2006,65000000.0,65000000.0,1,2006 CHE V06_Botschaft_V06-df.pdf,single,CHF,franc,direct_rd
Switzerland,Contribution to the National Research Programmes (NFP),2007,,,0,,gap,,,direct_rd
Switzerland,Contribution to the National Research Programmes (NFP),2008,,,0,,gap,,,direct_rd
Switzerland,Contribution to the National Research Programmes (NFP),2009,,,0,,gap,,,direct_rd
Switzerland,Contribution to the National Research Programmes (NFP),2010,,,0,,gap,,,direct_rd
Switzerland,Contribution to the National Research Programmes (NFP),2011,,,0,,gap,,,direct_rd
Switzerland,Contribution to the National Research Programmes (NFP),2012,,,0,,gap,,,direct_rd
Switzerland,Contribution to the National Research Programmes (NFP),2013,,,0,,gap,,,direct_rd
Switzerland,Contribution to the National Research Programmes (NFP),2014,,,0,,gap,,,direct_rd
Switzerland,Contribution to the National Research Programmes (NFP),2015,,,0,,gap,,,direct_rd
Switzerland,Contribution to the National Research Programmes (NFP),2016,,,0,,gap,,,direct_rd
Switzerland,Contribution to the National Research Programmes (NFP),2017,,,0,,gap,,,direct_rd
Switzerland,Contribution to the National Research Programmes (NFP),2018,,,0,,gap,,,direct_rd
Switzerland,Contribution to the National Research Programmes (NFP),2019,,,0,,gap,,,direct_rd
Switzerland,Contribution to the National Research Programmes (NFP),2020,,,0,,gap,,,direct_rd
Switzerland,Contribution to the National Research Programmes (NFP),2021,,,0,,gap,,,direct_rd
Switzerland,Contribution to the National Research Programmes (NFP),2022,,,0,,gap,,,direct_rd
Switzerland,Contribution to the National Research Programmes (NFP),2023,,,0,,gap,,,direct_rd
Switzerland,Contribution to the National Research Programmes (NFP),2024,,,0,,gap,,,direct_rd
Switzerland,Contribution to the National Research Programmes (NFP),2025,,,0,,gap,,,direct_rd
Switzerland,Contributions to ESA,1977,,,0,,gap,,,direct_rd
Switzerland,Contributions to ESA,1978,,,0,,gap,,,direct_rd
Switzerland,Contributions to ESA,1982,,,0,,gap,,,direct_rd
Switzerland,Contributions to ESA,1983,,,0,,gap,,,direct_rd
Switzerland,Contributions to ESA,1984,,,0,,gap,,,direct_rd
Switzerland,Contributions to ESA,1985,,,0,,gap,,,direct_rd
Switzerland,Contributions to ESA,1986,,,0,,gap,,,direct_rd
Switzerland,Contributions to ESA,1987,,,0,,gap,,,direct_rd
Switzerland,Contributions to ESA,1988,,,0,,gap,,,direct_rd
Switzerland,Contributions to ESA,1989,,,0,,gap,,,direct_rd
Switzerland,Contributions to ESA,1990,,,0,,gap,,,direct_rd
Switzerland,Contributions to ESA,1991,,,0,,gap,,,direct_rd
Switzerland,Contributions to ESA,1994,,,0,,gap,,,direct_rd
Switzerland,Contributions to ESA,1995,,,0,,gap,,,direct_rd
Switzerland,Contributions to ESA,1996,,,0,,gap,,,direct_rd
Switzerland,Contributions to ESA,1997,,,0,,gap,,,direct_rd
Switzerland,Contributions to ESA,1998,,,0,,gap,,,direct_rd
Switzerland,Contributions to ESA,1999,,,0,,gap,,,direct_rd
Switzerland,Contributions to ESA,2000,,,0,,gap,,,direct_rd
Switzerland,Contributions to ESA,2001,,,0,,gap,,,direct_rd
Switzerland,Contributions to ESA,2002,,,0,,gap,,,direct_rd
Switzerland,Contributions to ESA,2003,,,0,,gap,,,direct_rd
Switzerland,Contributions to ESA,2004,,,0,,gap,,,direct_rd
Switzerland,Contributions to ESA,2005,,,0,,gap,,,direct_rd
Switzerland,Contributions to ESA,2006,,,0,,gap,,,direct_rd
Switzerland,Contributions to ESA,2007,,,0,,gap,,,direct_rd
Switzerland,Contributions to ESA,2008,0.0,0.0,1,2008-VA3-d.pdf,single,CHF,thousand,direct_rd
Switzerland,Contributions to ESA,2009,0.0,0.0,1,2009-VA3-d.pdf,single,CHF,thousand,direct_rd
Switzerland,Contributions to ESA,2010,,,0,,gap,,,direct_rd
Switzerland,Contributions to ESA,2011,15000000.0,15000000.0,1,2011-VA3-d.pdf,single,CHF,franc,direct_rd
Switzerland,Contributions to ESA,2012,,,0,,gap,,,direct_rd
Switzerland,Contributions to ESA,2013,,,0,,gap,,,direct_rd
Switzerland,Contributions to ESA,2014,0.0,0.0,1,2014-VA3-d.pdf,single,CHF,thousand,direct_rd
Switzerland,Contributions to ESA,2015,,,0,,gap,,,direct_rd
Switzerland,Contributions to ESA,2016,,,0,,gap,,,direct_rd
Switzerland,Contributions to ESA,2017,0.0,0.0,1,2017-VA3-d.pdf,single,CHF,thousand,direct_rd
Switzerland,Contributions to ESA,2018,,,0,,gap,,,direct_rd
Switzerland,Contributions to ESA,2019,,,0,,gap,,,direct_rd
Switzerland,Contributions to ESA,2020,,,0,,gap,,,direct_rd
Switzerland,Contributions to ESA,2021,185133000.0,185133000.0,1,2021-VA_Band3-d.pdf,single,CHF,thousand,direct_rd
Switzerland,Contributions to ESA,2022,,,0,,gap,,,direct_rd
Switzerland,Contributions to ESA,2023,,,0,,gap,,,direct_rd
Switzerland,Contributions to ESA,2024,,,0,,gap,,,direct_rd
Switzerland,Contributions to ESA,2025,,,0,,gap,,,direct_rd
Switzerland,EPFL (Lausanne),1977,,,0,,gap,,,higher_education
Switzerland,EPFL (Lausanne),1978,,,0,,gap,,,higher_education
Switzerland,EPFL (Lausanne),1982,,,0,,gap,,,higher_education
Switzerland,EPFL (Lausanne),1983,,,0,,gap,,,higher_education
Switzerland,EPFL (Lausanne),1984,,,0,,gap,,,higher_education
Switzerland,EPFL (Lausanne),1985,,,0,,gap,,,higher_education
Switzerland,EPFL (Lausanne),1986,,,0,,gap,,,higher_education
Switzerland,EPFL (Lausanne),1987,,,0,,gap,,,higher_education
Switzerland,EPFL (Lausanne),1988,,,0,,gap,,,higher_education
Switzerland,EPFL (Lausanne),1989,,,0,,gap,,,higher_education
Switzerland,EPFL (Lausanne),1990,,,0,,gap,,,higher_education
Switzerland,EPFL (Lausanne),1991,,,0,,gap,,,higher_education
Switzerland,EPFL (Lausanne),1994,,,0,,gap,,,higher_education
Switzerland,EPFL (Lausanne),1995,,,0,,gap,,,higher_education
Switzerland,EPFL (Lausanne),1996,,,0,,gap,,,higher_education
Switzerland,EPFL (Lausanne),1997,,,0,,gap,,,higher_education
Switzerland,EPFL (Lausanne),1998,,,0,,gap,,,higher_education
Switzerland,EPFL (Lausanne),1999,,,0,,gap,,,higher_education
Switzerland,EPFL (Lausanne),2000,,,0,,gap,,,higher_education
Switzerland,EPFL (Lausanne),2001,,,0,,gap,,,higher_education
Switzerland,EPFL (Lausanne),2002,,,0,,gap,,,higher_education
Switzerland,EPFL (Lausanne),2003,,,0,,gap,,,higher_education
Switzerland,EPFL (Lausanne),2004,,,0,,gap,,,higher_education
Switzerland,EPFL (Lausanne),2005,,,0,,gap,,,higher_education
Switzerland,EPFL (Lausanne),2006,,,0,,gap,,,higher_education
Switzerland,EPFL (Lausanne),2007,,,0,,gap,,,higher_education
Switzerland,EPFL (Lausanne),2008,,,0,,gap,,,higher_education
Switzerland,EPFL (Lausanne),2009,,,0,,gap,,,higher_education
Switzerland,EPFL (Lausanne),2010,,,0,,gap,,,higher_education
Switzerland,EPFL (Lausanne),2011,,,0,,gap,,,higher_education
Switzerland,EPFL (Lausanne),2012,,,0,,gap,,,higher_education
Switzerland,EPFL (Lausanne),2013,,,0,,gap,,,higher_education
Switzerland,EPFL (Lausanne),2014,,,0,,gap,,,higher_education
Switzerland,EPFL (Lausanne),2015,,,0,,gap,,,higher_education
Switzerland,EPFL (Lausanne),2016,,,0,,gap,,,higher_education
Switzerland,EPFL (Lausanne),2017,,,0,,gap,,,higher_education
Switzerland,EPFL (Lausanne),2018,,,0,,gap,,,higher_education
Switzerland,EPFL (Lausanne),2019,,,0,,gap,,,higher_education
Switzerland,EPFL (Lausanne),2020,,,0,,gap,,,higher_education
Switzerland,EPFL (Lausanne),2021,,,0,,gap,,,higher_education
Switzerland,EPFL (Lausanne),2022,,,0,,gap,,,higher_education
Switzerland,EPFL (Lausanne),2023,,,0,,gap,,,higher_education
Switzerland,EPFL (Lausanne),2024,,,0,,gap,,,higher_education
Switzerland,EPFL (Lausanne),2025,,,0,,gap,,,higher_education
Switzerland,ESA contributions (Swiss),1977,,,0,,gap,,,science_agency
Switzerland,ESA contributions (Swiss),1978,,,0,,gap,,,science_agency
Switzerland,ESA contributions (Swiss),1982,,,0,,gap,,,science_agency
Switzerland,ESA contributions (Swiss),1983,,,0,,gap,,,science_agency
Switzerland,ESA contributions (Swiss),1984,,,0,,gap,,,science_agency
Switzerland,ESA contributions (Swiss),1985,,,0,,gap,,,science_agency
Switzerland,ESA contributions (Swiss),1986,,,0,,gap,,,science_agency
Switzerland,ESA contributions (Swiss),1987,,,0,,gap,,,science_agency
Switzerland,ESA contributions (Swiss),1988,,,0,,gap,,,science_agency
Switzerland,ESA contributions (Swiss),1989,,,0,,gap,,,science_agency
Switzerland,ESA contributions (Swiss),1990,,,0,,gap,,,science_agency
Switzerland,ESA contributions (Swiss),1991,,,0,,gap,,,science_agency
Switzerland,ESA contributions (Swiss),1994,,,0,,gap,,,science_agency
Switzerland,ESA contributions (Swiss),1995,,,0,,gap,,,science_agency
Switzerland,ESA contributions (Swiss),1996,,,0,,gap,,,science_agency
Switzerland,ESA contributions (Swiss),1997,,,0,,gap,,,science_agency
Switzerland,ESA contributions (Swiss),1998,,,0,,gap,,,science_agency
Switzerland,ESA contributions (Swiss),1999,,,0,,gap,,,science_agency
Switzerland,ESA contributions (Swiss),2000,,,0,,gap,,,science_agency
Switzerland,ESA contributions (Swiss),2001,,,0,,gap,,,science_agency
Switzerland,ESA contributions (Swiss),2002,,,0,,gap,,,science_agency
Switzerland,ESA contributions (Swiss),2003,,,0,,gap,,,science_agency
Switzerland,ESA contributions (Swiss),2004,44000000.0,44000000.0,1,2004 V04_Botschaft.pdf,single,CHF,franc,science_agency
Switzerland,ESA contributions (Swiss),2005,121230000.0,121230000.0,1,2005-VA3-d.pdf,single,CHF,franc,science_agency
Switzerland,ESA contributions (Swiss),2006,198722000.0,48000000.0,2,2006 CHE V06_Botschaft_V06-df.pdf | 2006-VA3-d.pdf,additive,CHF,franc,science_agency
Switzerland,ESA contributions (Swiss),2007,,,0,,gap,,,science_agency
Switzerland,ESA contributions (Swiss),2008,155990400.0,155990400.0,1,2008-VA3-d.pdf,single,CHF,franc,science_agency
Switzerland,ESA contributions (Swiss),2009,0.0,0.0,1,2009-VA3-d.pdf,single,CHF,thousand,science_agency
Switzerland,ESA contributions (Swiss),2010,145354900.0,145354900.0,1,2010-VA3-d.pdf,single,CHF,franc,science_agency
Switzerland,ESA contributions (Swiss),2011,150409700.0,150409700.0,1,2011-VA3-d.pdf,single,CHF,franc,science_agency
Switzerland,ESA contributions (Swiss),2012,145354900.0,145354900.0,1,2012-VA3-d.pdf,single,CHF,franc,science_agency
Switzerland,ESA contributions (Swiss),2013,153080820.0,153080820.0,1,2013-VA3-d.pdf,single,CHF,franc,science_agency
Switzerland,ESA contributions (Swiss),2014,0.0,0.0,1,2014-VA3-d.pdf,single,CHF,thousand,science_agency
Switzerland,ESA contributions (Swiss),2015,,,0,,gap,,,science_agency
Switzerland,ESA contributions (Swiss),2016,165653500.0,165653500.0,1,2016-VA3-d.pdf,single,CHF,franc,science_agency
Switzerland,ESA contributions (Swiss),2017,0.0,0.0,1,2017-VA3-d.pdf,single,CHF,thousand,science_agency
Switzerland,ESA contributions (Swiss),2018,,,0,,gap,,,science_agency
Switzerland,ESA contributions (Swiss),2019,,,0,,gap,,,science_agency
Switzerland,ESA contributions (Swiss),2020,182879000.0,182879000.0,1,2020-VA_Band3-d.pdf,single,CHF,thousand,science_agency
Switzerland,ESA contributions (Swiss),2021,185133000.0,185133000.0,1,2021-VA_Band3-d.pdf,single,CHF,thousand,science_agency
Switzerland,ESA contributions (Swiss),2022,0.0,0.0,1,2022-VA_Band3-d.pdf,single,CHF,thousand,science_agency
Switzerland,ESA contributions (Swiss),2023,,,0,,gap,,,science_agency
Switzerland,ESA contributions (Swiss),2024,,,0,,gap,,,science_agency
Switzerland,ESA contributions (Swiss),2025,,,0,,gap,,,science_agency
Switzerland,ETH Zürich,1977,,,0,,gap,,,higher_education
Switzerland,ETH Zürich,1978,,,0,,gap,,,higher_education
Switzerland,ETH Zürich,1982,,,0,,gap,,,higher_education
Switzerland,ETH Zürich,1983,,,0,,gap,,,higher_education
Switzerland,ETH Zürich,1984,,,0,,gap,,,higher_education
Switzerland,ETH Zürich,1985,,,0,,gap,,,higher_education
Switzerland,ETH Zürich,1986,,,0,,gap,,,higher_education
Switzerland,ETH Zürich,1987,,,0,,gap,,,higher_education
Switzerland,ETH Zürich,1988,,,0,,gap,,,higher_education
Switzerland,ETH Zürich,1989,,,0,,gap,,,higher_education
Switzerland,ETH Zürich,1990,,,0,,gap,,,higher_education
Switzerland,ETH Zürich,1991,,,0,,gap,,,higher_education
Switzerland,ETH Zürich,1994,,,0,,gap,,,higher_education
Switzerland,ETH Zürich,1995,,,0,,gap,,,higher_education
Switzerland,ETH Zürich,1996,,,0,,gap,,,higher_education
Switzerland,ETH Zürich,1997,,,0,,gap,,,higher_education
Switzerland,ETH Zürich,1998,,,0,,gap,,,higher_education
Switzerland,ETH Zürich,1999,,,0,,gap,,,higher_education
Switzerland,ETH Zürich,2000,,,0,,gap,,,higher_education
Switzerland,ETH Zürich,2001,,,0,,gap,,,higher_education
Switzerland,ETH Zürich,2002,,,0,,gap,,,higher_education
Switzerland,ETH Zürich,2003,,,0,,gap,,,higher_education
Switzerland,ETH Zürich,2004,,,0,,gap,,,higher_education
Switzerland,ETH Zürich,2005,,,0,,gap,,,higher_education
Switzerland,ETH Zürich,2006,,,0,,gap,,,higher_education
Switzerland,ETH Zürich,2007,,,0,,gap,,,higher_education
Switzerland,ETH Zürich,2008,,,0,,gap,,,higher_education
Switzerland,ETH Zürich,2009,,,0,,gap,,,higher_education
Switzerland,ETH Zürich,2010,,,0,,gap,,,higher_education
Switzerland,ETH Zürich,2011,,,0,,gap,,,higher_education
Switzerland,ETH Zürich,2012,,,0,,gap,,,higher_education
Switzerland,ETH Zürich,2013,,,0,,gap,,,higher_education
Switzerland,ETH Zürich,2014,,,0,,gap,,,higher_education
Switzerland,ETH Zürich,2015,,,0,,gap,,,higher_education
Switzerland,ETH Zürich,2016,,,0,,gap,,,higher_education
Switzerland,ETH Zürich,2017,,,0,,gap,,,higher_education
Switzerland,ETH Zürich,2018,,,0,,gap,,,higher_education
Switzerland,ETH Zürich,2019,,,0,,gap,,,higher_education
Switzerland,ETH Zürich,2020,,,0,,gap,,,higher_education
Switzerland,ETH Zürich,2021,,,0,,gap,,,higher_education
Switzerland,ETH Zürich,2022,,,0,,gap,,,higher_education
Switzerland,ETH Zürich,2023,,,0,,gap,,,higher_education
Switzerland,ETH Zürich,2024,,,0,,gap,,,higher_education
Switzerland,ETH Zürich,2025,,,0,,gap,,,higher_education
Switzerland,ETH-Bereich (ETH Domain block grant),1977,,,0,,gap,,,science_agency
Switzerland,ETH-Bereich (ETH Domain block grant),1978,,,0,,gap,,,science_agency
Switzerland,ETH-Bereich (ETH Domain block grant),1982,,,0,,gap,,,science_agency
Switzerland,ETH-Bereich (ETH Domain block grant),1983,,,0,,gap,,,science_agency
Switzerland,ETH-Bereich (ETH Domain block grant),1984,,,0,,gap,,,science_agency
Switzerland,ETH-Bereich (ETH Domain block grant),1985,,,0,,gap,,,science_agency
Switzerland,ETH-Bereich (ETH Domain block grant),1986,,,0,,gap,,,science_agency
Switzerland,ETH-Bereich (ETH Domain block grant),1987,,,0,,gap,,,science_agency
Switzerland,ETH-Bereich (ETH Domain block grant),1988,,,0,,gap,,,science_agency
Switzerland,ETH-Bereich (ETH Domain block grant),1989,,,0,,gap,,,science_agency
Switzerland,ETH-Bereich (ETH Domain block grant),1990,,,0,,gap,,,science_agency
Switzerland,ETH-Bereich (ETH Domain block grant),1991,,,0,,gap,,,science_agency
Switzerland,ETH-Bereich (ETH Domain block grant),1994,,,0,,gap,,,science_agency
Switzerland,ETH-Bereich (ETH Domain block grant),1995,,,0,,gap,,,science_agency
Switzerland,ETH-Bereich (ETH Domain block grant),1996,,,0,,gap,,,science_agency
Switzerland,ETH-Bereich (ETH Domain block grant),1997,,,0,,gap,,,science_agency
Switzerland,ETH-Bereich (ETH Domain block grant),1998,,,0,,gap,,,science_agency
Switzerland,ETH-Bereich (ETH Domain block grant),1999,,,0,,gap,,,science_agency
Switzerland,ETH-Bereich (ETH Domain block grant),2000,,,0,,gap,,,science_agency
Switzerland,ETH-Bereich (ETH Domain block grant),2001,,,0,,gap,,,science_agency
Switzerland,ETH-Bereich (ETH Domain block grant),2002,,,0,,gap,,,science_agency
Switzerland,ETH-Bereich (ETH Domain block grant),2003,3714600000.0,3714600000.0,1,2003 V03_Botschaft.pdf,single,CHF,franc,science_agency
Switzerland,ETH-Bereich (ETH Domain block grant),2004,3714600000.0,3714600000.0,2,2004 V04_Botschaft.pdf | 2004-VA3-d.pdf,restatement,CHF,franc,science_agency
Switzerland,ETH-Bereich (ETH Domain block grant),2005,3714600000.0,3714600000.0,1,2005-VA3-d.pdf,single,CHF,franc,science_agency
Switzerland,ETH-Bereich (ETH Domain block grant),2006,7494600000.0,3714600000.0,2,2006 CHE V06_Botschaft_V06-df.pdf | 2006-VA3-d.pdf,additive,CHF,franc,science_agency
Switzerland,ETH-Bereich (ETH Domain block grant),2007,3714600000.0,3714600000.0,1,2007-VA3-d.pdf,single,CHF,franc,science_agency
Switzerland,ETH-Bereich (ETH Domain block grant),2008,3714600000.0,3714600000.0,1,2008-VA3-d.pdf,single,CHF,franc,science_agency
Switzerland,ETH-Bereich (ETH Domain block grant),2009,3714600000.0,3714600000.0,1,2009-VA3-d.pdf,single,CHF,franc,science_agency
Switzerland,ETH-Bereich (ETH Domain block grant),2010,3700000000.0,3700000000.0,1,2010-VA3-d.pdf,single,CHF,franc,science_agency
Switzerland,ETH-Bereich (ETH Domain block grant),2011,3714600000.0,3714600000.0,1,2011-VA3-d.pdf,single,CHF,franc,science_agency
Switzerland,ETH-Bereich (ETH Domain block grant),2012,1984483331.0,1984483331.0,1,2012-VA3-d.pdf,single,CHF,franc,science_agency
Switzerland,ETH-Bereich (ETH Domain block grant),2013,3714600000.0,3714600000.0,1,2013-VA3-d.pdf,single,CHF,franc,science_agency
Switzerland,ETH-Bereich (ETH Domain block grant),2014,3714600000.0,3714600000.0,1,2014-VA3-d.pdf,single,CHF,franc,science_agency
Switzerland,ETH-Bereich (ETH Domain block grant),2015,3714600000.0,3714600000.0,1,2015-VA3-d.pdf,single,CHF,franc,science_agency
Switzerland,ETH-Bereich (ETH Domain block grant),2016,2529109000.0,2529109000.0,1,2016-VA3-d.pdf,single,CHF,franc,science_agency
Switzerland,ETH-Bereich (ETH Domain block grant),2017,2353300000.0,2353300000.0,1,2017-VA3-d.pdf,single,CHF,franc,science_agency
Switzerland,ETH-Bereich (ETH Domain block grant),2018,3714600000.0,3714600000.0,1,2018-VA3-d.pdf,single,CHF,franc,science_agency
Switzerland,ETH-Bereich (ETH Domain block grant),2019,3714600000.0,3714600000.0,1,2019-VA3-d.pdf,single,CHF,franc,science_agency
Switzerland,ETH-Bereich (ETH Domain block grant),2020,3714600000.0,3714600000.0,1,2020-VA_Band3-d.pdf,single,CHF,franc,science_agency
Switzerland,ETH-Bereich (ETH Domain block grant),2021,3714600000.0,3714600000.0,1,2021-VA_Band3-d.pdf,single,CHF,franc,science_agency
Switzerland,ETH-Bereich (ETH Domain block grant),2022,3714600000.0,3714600000.0,1,2022-VA_Band3-d.pdf,single,CHF,franc,science_agency
Switzerland,ETH-Bereich (ETH Domain block grant),2023,3714600000.0,3714600000.0,1,2023-VA-Band3-d.pdf,single,CHF,franc,science_agency
Switzerland,ETH-Bereich (ETH Domain block grant),2024,3714600000.0,3714600000.0,1,2024-VA-Band3-d.pdf,single,CHF,franc,science_agency
Switzerland,ETH-Bereich (ETH Domain block grant),2025,3714600000.0,3714600000.0,1,2025-VA-Band3-d.pdf,single,CHF,franc,science_agency
Switzerland,Eawag (Water Research Institute),1977,,,0,,gap,,,science_agency
Switzerland,Eawag (Water Research Institute),1978,,,0,,gap,,,science_agency
Switzerland,Eawag (Water Research Institute),1982,,,0,,gap,,,science_agency
Switzerland,Eawag (Water Research Institute),1983,,,0,,gap,,,science_agency
Switzerland,Eawag (Water Research Institute),1984,,,0,,gap,,,science_agency
Switzerland,Eawag (Water Research Institute),1985,,,0,,gap,,,science_agency
Switzerland,Eawag (Water Research Institute),1986,,,0,,gap,,,science_agency
Switzerland,Eawag (Water Research Institute),1987,,,0,,gap,,,science_agency
Switzerland,Eawag (Water Research Institute),1988,,,0,,gap,,,science_agency
Switzerland,Eawag (Water Research Institute),1989,,,0,,gap,,,science_agency
Switzerland,Eawag (Water Research Institute),1990,,,0,,gap,,,science_agency
Switzerland,Eawag (Water Research Institute),1991,,,0,,gap,,,science_agency
Switzerland,Eawag (Water Research Institute),1994,,,0,,gap,,,science_agency
Switzerland,Eawag (Water Research Institute),1995,,,0,,gap,,,science_agency
Switzerland,Eawag (Water Research Institute),1996,,,0,,gap,,,science_agency
Switzerland,Eawag (Water Research Institute),1997,,,0,,gap,,,science_agency
Switzerland,Eawag (Water Research Institute),1998,,,0,,gap,,,science_agency
Switzerland,Eawag (Water Research Institute),1999,,,0,,gap,,,science_agency
Switzerland,Eawag (Water Research Institute),2000,,,0,,gap,,,science_agency
Switzerland,Eawag (Water Research Institute),2001,,,0,,gap,,,science_agency
Switzerland,Eawag (Water Research Institute),2002,,,0,,gap,,,science_agency
Switzerland,Eawag (Water Research Institute),2003,,,0,,gap,,,science_agency
Switzerland,Eawag (Water Research Institute),2004,,,0,,gap,,,science_agency
Switzerland,Eawag (Water Research Institute),2005,,,0,,gap,,,science_agency
Switzerland,Eawag (Water Research Institute),2006,,,0,,gap,,,science_agency
Switzerland,Eawag (Water Research Institute),2007,,,0,,gap,,,science_agency
Switzerland,Eawag (Water Research Institute),2008,,,0,,gap,,,science_agency
Switzerland,Eawag (Water Research Institute),2009,,,0,,gap,,,science_agency
Switzerland,Eawag (Water Research Institute),2010,,,0,,gap,,,science_agency
Switzerland,Eawag (Water Research Institute),2011,,,0,,gap,,,science_agency
Switzerland,Eawag (Water Research Institute),2012,,,0,,gap,,,science_agency
Switzerland,Eawag (Water Research Institute),2013,,,0,,gap,,,science_agency
Switzerland,Eawag (Water Research Institute),2014,,,0,,gap,,,science_agency
Switzerland,Eawag (Water Research Institute),2015,,,0,,gap,,,science_agency
Switzerland,Eawag (Water Research Institute),2016,,,0,,gap,,,science_agency
Switzerland,Eawag (Water Research Institute),2017,,,0,,gap,,,science_agency
Switzerland,Eawag (Water Research Institute),2018,,,0,,gap,,,science_agency
Switzerland,Eawag (Water Research Institute),2019,,,0,,gap,,,science_agency
Switzerland,Eawag (Water Research Institute),2020,,,0,,gap,,,science_agency
Switzerland,Eawag (Water Research Institute),2021,,,0,,gap,,,science_agency
Switzerland,Eawag (Water Research Institute),2022,,,0,,gap,,,science_agency
Switzerland,Eawag (Water Research Institute),2023,,,0,,gap,,,science_agency
Switzerland,Eawag (Water Research Institute),2024,,,0,,gap,,,science_agency
Switzerland,Eawag (Water Research Institute),2025,,,0,,gap,,,science_agency
Switzerland,"Education, Research, Development, and Testing Programs",1977,,,0,,gap,,,direct_rd
Switzerland,"Education, Research, Development, and Testing Programs",1978,,,0,,gap,,,direct_rd
Switzerland,"Education, Research, Development, and Testing Programs",1982,,,0,,gap,,,direct_rd
Switzerland,"Education, Research, Development, and Testing Programs",1983,177350000.0,177350000.0,1,1983 10048861.pdf,single,CHF,franc,direct_rd
Switzerland,"Education, Research, Development, and Testing Programs",1984,,,0,,gap,,,direct_rd
Switzerland,"Education, Research, Development, and Testing Programs",1985,,,0,,gap,,,direct_rd
Switzerland,"Education, Research, Development, and Testing Programs",1986,,,0,,gap,,,direct_rd
Switzerland,"Education, Research, Development, and Testing Programs",1987,,,0,,gap,,,direct_rd
Switzerland,"Education, Research, Development, and Testing Programs",1988,,,0,,gap,,,direct_rd
Switzerland,"Education, Research, Development, and Testing Programs",1989,,,0,,gap,,,direct_rd
Switzerland,"Education, Research, Development, and Testing Programs",1990,,,0,,gap,,,direct_rd
Switzerland,"Education, Research, Development, and Testing Programs",1991,,,0,,gap,,,direct_rd
Switzerland,"Education, Research, Development, and Testing Programs",1994,,,0,,gap,,,direct_rd
Switzerland,"Education, Research, Development, and Testing Programs",1995,,,0,,gap,,,direct_rd
Switzerland,"Education, Research, Development, and Testing Programs",1996,,,0,,gap,,,direct_rd
Switzerland,"Education, Research, Development, and Testing Programs",1997,,,0,,gap,,,direct_rd
Switzerland,"Education, Research, Development, and Testing Programs",1998,,,0,,gap,,,direct_rd
Switzerland,"Education, Research, Development, and Testing Programs",1999,,,0,,gap,,,direct_rd
Switzerland,"Education, Research, Development, and Testing Programs",2000,,,0,,gap,,,direct_rd
Switzerland,"Education, Research, Development, and Testing Programs",2001,,,0,,gap,,,direct_rd
Switzerland,"Education, Research, Development, and Testing Programs",2002,,,0,,gap,,,direct_rd
Switzerland,"Education, Research, Development, and Testing Programs",2003,,,0,,gap,,,direct_rd
Switzerland,"Education, Research, Development, and Testing Programs",2004,,,0,,gap,,,direct_rd
Switzerland,"Education, Research, Development, and Testing Programs",2005,,,0,,gap,,,direct_rd
Switzerland,"Education, Research, Development, and Testing Programs",2006,,,0,,gap,,,direct_rd
Switzerland,"Education, Research, Development, and Testing Programs",2007,,,0,,gap,,,direct_rd
Switzerland,"Education, Research, Development, and Testing Programs",2008,,,0,,gap,,,direct_rd
Switzerland,"Education, Research, Development, and Testing Programs",2009,,,0,,gap,,,direct_rd
Switzerland,"Education, Research, Development, and Testing Programs",2010,,,0,,gap,,,direct_rd
Switzerland,"Education, Research, Development, and Testing Programs",2011,,,0,,gap,,,direct_rd
Switzerland,"Education, Research, Development, and Testing Programs",2012,,,0,,gap,,,direct_rd
Switzerland,"Education, Research, Development, and Testing Programs",2013,,,0,,gap,,,direct_rd
Switzerland,"Education, Research, Development, and Testing Programs",2014,,,0,,gap,,,direct_rd
Switzerland,"Education, Research, Development, and Testing Programs",2015,,,0,,gap,,,direct_rd
Switzerland,"Education, Research, Development, and Testing Programs",2016,,,0,,gap,,,direct_rd
Switzerland,"Education, Research, Development, and Testing Programs",2017,,,0,,gap,,,direct_rd
Switzerland,"Education, Research, Development, and Testing Programs",2018,,,0,,gap,,,direct_rd
Switzerland,"Education, Research, Development, and Testing Programs",2019,,,0,,gap,,,direct_rd
Switzerland,"Education, Research, Development, and Testing Programs",2020,,,0,,gap,,,direct_rd
Switzerland,"Education, Research, Development, and Testing Programs",2021,,,0,,gap,,,direct_rd
Switzerland,"Education, Research, Development, and Testing Programs",2022,,,0,,gap,,,direct_rd
Switzerland,"Education, Research, Development, and Testing Programs",2023,,,0,,gap,,,direct_rd
Switzerland,"Education, Research, Development, and Testing Programs",2024,,,0,,gap,,,direct_rd
Switzerland,"Education, Research, Development, and Testing Programs",2025,,,0,,gap,,,direct_rd
Switzerland,Empa (Federal Materials Testing Institute),1977,,,0,,gap,,,science_agency
Switzerland,Empa (Federal Materials Testing Institute),1978,,,0,,gap,,,science_agency
Switzerland,Empa (Federal Materials Testing Institute),1982,,,0,,gap,,,science_agency
Switzerland,Empa (Federal Materials Testing Institute),1983,,,0,,gap,,,science_agency
Switzerland,Empa (Federal Materials Testing Institute),1984,,,0,,gap,,,science_agency
Switzerland,Empa (Federal Materials Testing Institute),1985,,,0,,gap,,,science_agency
Switzerland,Empa (Federal Materials Testing Institute),1986,,,0,,gap,,,science_agency
Switzerland,Empa (Federal Materials Testing Institute),1987,,,0,,gap,,,science_agency
Switzerland,Empa (Federal Materials Testing Institute),1988,,,0,,gap,,,science_agency
Switzerland,Empa (Federal Materials Testing Institute),1989,,,0,,gap,,,science_agency
Switzerland,Empa (Federal Materials Testing Institute),1990,,,0,,gap,,,science_agency
Switzerland,Empa (Federal Materials Testing Institute),1991,,,0,,gap,,,science_agency
Switzerland,Empa (Federal Materials Testing Institute),1994,,,0,,gap,,,science_agency
Switzerland,Empa (Federal Materials Testing Institute),1995,,,0,,gap,,,science_agency
Switzerland,Empa (Federal Materials Testing Institute),1996,,,0,,gap,,,science_agency
Switzerland,Empa (Federal Materials Testing Institute),1997,,,0,,gap,,,science_agency
Switzerland,Empa (Federal Materials Testing Institute),1998,,,0,,gap,,,science_agency
Switzerland,Empa (Federal Materials Testing Institute),1999,,,0,,gap,,,science_agency
Switzerland,Empa (Federal Materials Testing Institute),2000,,,0,,gap,,,science_agency
Switzerland,Empa (Federal Materials Testing Institute),2001,,,0,,gap,,,science_agency
Switzerland,Empa (Federal Materials Testing Institute),2002,,,0,,gap,,,science_agency
Switzerland,Empa (Federal Materials Testing Institute),2003,,,0,,gap,,,science_agency
Switzerland,Empa (Federal Materials Testing Institute),2004,,,0,,gap,,,science_agency
Switzerland,Empa (Federal Materials Testing Institute),2005,,,0,,gap,,,science_agency
Switzerland,Empa (Federal Materials Testing Institute),2006,,,0,,gap,,,science_agency
Switzerland,Empa (Federal Materials Testing Institute),2007,,,0,,gap,,,science_agency
Switzerland,Empa (Federal Materials Testing Institute),2008,,,0,,gap,,,science_agency
Switzerland,Empa (Federal Materials Testing Institute),2009,,,0,,gap,,,science_agency
Switzerland,Empa (Federal Materials Testing Institute),2010,,,0,,gap,,,science_agency
Switzerland,Empa (Federal Materials Testing Institute),2011,,,0,,gap,,,science_agency
Switzerland,Empa (Federal Materials Testing Institute),2012,,,0,,gap,,,science_agency
Switzerland,Empa (Federal Materials Testing Institute),2013,,,0,,gap,,,science_agency
Switzerland,Empa (Federal Materials Testing Institute),2014,,,0,,gap,,,science_agency
Switzerland,Empa (Federal Materials Testing Institute),2015,,,0,,gap,,,science_agency
Switzerland,Empa (Federal Materials Testing Institute),2016,,,0,,gap,,,science_agency
Switzerland,Empa (Federal Materials Testing Institute),2017,,,0,,gap,,,science_agency
Switzerland,Empa (Federal Materials Testing Institute),2018,,,0,,gap,,,science_agency
Switzerland,Empa (Federal Materials Testing Institute),2019,,,0,,gap,,,science_agency
Switzerland,Empa (Federal Materials Testing Institute),2020,,,0,,gap,,,science_agency
Switzerland,Empa (Federal Materials Testing Institute),2021,,,0,,gap,,,science_agency
Switzerland,Empa (Federal Materials Testing Institute),2022,,,0,,gap,,,science_agency
Switzerland,Empa (Federal Materials Testing Institute),2023,,,0,,gap,,,science_agency
Switzerland,Empa (Federal Materials Testing Institute),2024,,,0,,gap,,,science_agency
Switzerland,Empa (Federal Materials Testing Institute),2025,,,0,,gap,,,science_agency
Switzerland,Environmental Research and Education,1977,,,0,,gap,,,direct_rd
Switzerland,Environmental Research and Education,1978,,,0,,gap,,,direct_rd
Switzerland,Environmental Research and Education,1982,,,0,,gap,,,direct_rd
Switzerland,Environmental Research and Education,1983,,,0,,gap,,,direct_rd
Switzerland,Environmental Research and Education,1984,,,0,,gap,,,direct_rd
Switzerland,Environmental Research and Education,1985,,,0,,gap,,,direct_rd
Switzerland,Environmental Research and Education,1986,,,0,,gap,,,direct_rd
Switzerland,Environmental Research and Education,1987,,,0,,gap,,,direct_rd
Switzerland,Environmental Research and Education,1988,,,0,,gap,,,direct_rd
Switzerland,Environmental Research and Education,1989,,,0,,gap,,,direct_rd
Switzerland,Environmental Research and Education,1990,,,0,,gap,,,direct_rd
Switzerland,Environmental Research and Education,1991,,,0,,gap,,,direct_rd
Switzerland,Environmental Research and Education,1994,,,0,,gap,,,direct_rd
Switzerland,Environmental Research and Education,1995,,,0,,gap,,,direct_rd
Switzerland,Environmental Research and Education,1996,,,0,,gap,,,direct_rd
Switzerland,Environmental Research and Education,1997,,,0,,gap,,,direct_rd
Switzerland,Environmental Research and Education,1998,,,0,,gap,,,direct_rd
Switzerland,Environmental Research and Education,1999,,,0,,gap,,,direct_rd
Switzerland,Environmental Research and Education,2000,,,0,,gap,,,direct_rd
Switzerland,Environmental Research and Education,2001,,,0,,gap,,,direct_rd
Switzerland,Environmental Research and Education,2002,,,0,,gap,,,direct_rd
Switzerland,Environmental Research and Education,2003,,,0,,gap,,,direct_rd
Switzerland,Environmental Research and Education,2004,,,0,,gap,,,direct_rd
Switzerland,Environmental Research and Education,2005,,,0,,gap,,,direct_rd
Switzerland,Environmental Research and Education,2006,,,0,,gap,,,direct_rd
Switzerland,Environmental Research and Education,2007,,,0,,gap,,,direct_rd
Switzerland,Environmental Research and Education,2008,,,0,,gap,,,direct_rd
Switzerland,Environmental Research and Education,2009,,,0,,gap,,,direct_rd
Switzerland,Environmental Research and Education,2010,,,0,,gap,,,direct_rd
Switzerland,Environmental Research and Education,2011,,,0,,gap,,,direct_rd
Switzerland,Environmental Research and Education,2012,,,0,,gap,,,direct_rd
Switzerland,Environmental Research and Education,2013,10162681.0,10162681.0,1,2013-VA3-d.pdf,single,CHF,franc,direct_rd
Switzerland,Environmental Research and Education,2014,,,0,,gap,,,direct_rd
Switzerland,Environmental Research and Education,2015,,,0,,gap,,,direct_rd
Switzerland,Environmental Research and Education,2016,,,0,,gap,,,direct_rd
Switzerland,Environmental Research and Education,2017,,,0,,gap,,,direct_rd
Switzerland,Environmental Research and Education,2018,,,0,,gap,,,direct_rd
Switzerland,Environmental Research and Education,2019,,,0,,gap,,,direct_rd
Switzerland,Environmental Research and Education,2020,,,0,,gap,,,direct_rd
Switzerland,Environmental Research and Education,2021,,,0,,gap,,,direct_rd
Switzerland,Environmental Research and Education,2022,,,0,,gap,,,direct_rd
Switzerland,Environmental Research and Education,2023,,,0,,gap,,,direct_rd
Switzerland,Environmental Research and Education,2024,,,0,,gap,,,direct_rd
Switzerland,Environmental Research and Education,2025,,,0,,gap,,,direct_rd
Switzerland,Expenditures for applied research,1977,,,0,,gap,,,direct_rd
Switzerland,Expenditures for applied research,1978,,,0,,gap,,,direct_rd
Switzerland,Expenditures for applied research,1982,,,0,,gap,,,direct_rd
Switzerland,Expenditures for applied research,1983,,,0,,gap,,,direct_rd
Switzerland,Expenditures for applied research,1984,,,0,,gap,,,direct_rd
Switzerland,Expenditures for applied research,1985,,,0,,gap,,,direct_rd
Switzerland,Expenditures for applied research,1986,,,0,,gap,,,direct_rd
Switzerland,Expenditures for applied research,1987,,,0,,gap,,,direct_rd
Switzerland,Expenditures for applied research,1988,,,0,,gap,,,direct_rd
Switzerland,Expenditures for applied research,1989,,,0,,gap,,,direct_rd
Switzerland,Expenditures for applied research,1990,,,0,,gap,,,direct_rd
Switzerland,Expenditures for applied research,1991,,,0,,gap,,,direct_rd
Switzerland,Expenditures for applied research,1994,,,0,,gap,,,direct_rd
Switzerland,Expenditures for applied research,1995,,,0,,gap,,,direct_rd
Switzerland,Expenditures for applied research,1996,,,0,,gap,,,direct_rd
Switzerland,Expenditures for applied research,1997,,,0,,gap,,,direct_rd
Switzerland,Expenditures for applied research,1998,,,0,,gap,,,direct_rd
Switzerland,Expenditures for applied research,1999,,,0,,gap,,,direct_rd
Switzerland,Expenditures for applied research,2000,,,0,,gap,,,direct_rd
Switzerland,Expenditures for applied research,2001,,,0,,gap,,,direct_rd
Switzerland,Expenditures for applied research,2002,,,0,,gap,,,direct_rd
Switzerland,Expenditures for applied research,2003,,,0,,gap,,,direct_rd
Switzerland,Expenditures for applied research,2004,,,0,,gap,,,direct_rd
Switzerland,Expenditures for applied research,2005,,,0,,gap,,,direct_rd
Switzerland,Expenditures for applied research,2006,723000000.0,723000000.0,1,2006 CHE V06_Botschaft_V06-df.pdf,single,CHF,franc,direct_rd
Switzerland,Expenditures for applied research,2007,,,0,,gap,,,direct_rd
Switzerland,Expenditures for applied research,2008,,,0,,gap,,,direct_rd
Switzerland,Expenditures for applied research,2009,,,0,,gap,,,direct_rd
Switzerland,Expenditures for applied research,2010,,,0,,gap,,,direct_rd
Switzerland,Expenditures for applied research,2011,,,0,,gap,,,direct_rd
Switzerland,Expenditures for applied research,2012,,,0,,gap,,,direct_rd
Switzerland,Expenditures for applied research,2013,,,0,,gap,,,direct_rd
Switzerland,Expenditures for applied research,2014,,,0,,gap,,,direct_rd
Switzerland,Expenditures for applied research,2015,,,0,,gap,,,direct_rd
Switzerland,Expenditures for applied research,2016,,,0,,gap,,,direct_rd
Switzerland,Expenditures for applied research,2017,,,0,,gap,,,direct_rd
Switzerland,Expenditures for applied research,2018,,,0,,gap,,,direct_rd
Switzerland,Expenditures for applied research,2019,,,0,,gap,,,direct_rd
Switzerland,Expenditures for applied research,2020,,,0,,gap,,,direct_rd
Switzerland,Expenditures for applied research,2021,,,0,,gap,,,direct_rd
Switzerland,Expenditures for applied research,2022,,,0,,gap,,,direct_rd
Switzerland,Expenditures for applied research,2023,,,0,,gap,,,direct_rd
Switzerland,Expenditures for applied research,2024,,,0,,gap,,,direct_rd
Switzerland,Expenditures for applied research,2025,,,0,,gap,,,direct_rd
Switzerland,Expenditures for fundamental research,1977,,,0,,gap,,,direct_rd
Switzerland,Expenditures for fundamental research,1978,,,0,,gap,,,direct_rd
Switzerland,Expenditures for fundamental research,1982,,,0,,gap,,,direct_rd
Switzerland,Expenditures for fundamental research,1983,,,0,,gap,,,direct_rd
Switzerland,Expenditures for fundamental research,1984,,,0,,gap,,,direct_rd
Switzerland,Expenditures for fundamental research,1985,,,0,,gap,,,direct_rd
Switzerland,Expenditures for fundamental research,1986,,,0,,gap,,,direct_rd
Switzerland,Expenditures for fundamental research,1987,,,0,,gap,,,direct_rd
Switzerland,Expenditures for fundamental research,1988,,,0,,gap,,,direct_rd
Switzerland,Expenditures for fundamental research,1989,,,0,,gap,,,direct_rd
Switzerland,Expenditures for fundamental research,1990,,,0,,gap,,,direct_rd
Switzerland,Expenditures for fundamental research,1991,,,0,,gap,,,direct_rd
Switzerland,Expenditures for fundamental research,1994,,,0,,gap,,,direct_rd
Switzerland,Expenditures for fundamental research,1995,,,0,,gap,,,direct_rd
Switzerland,Expenditures for fundamental research,1996,,,0,,gap,,,direct_rd
Switzerland,Expenditures for fundamental research,1997,,,0,,gap,,,direct_rd
Switzerland,Expenditures for fundamental research,1998,,,0,,gap,,,direct_rd
Switzerland,Expenditures for fundamental research,1999,,,0,,gap,,,direct_rd
Switzerland,Expenditures for fundamental research,2000,,,0,,gap,,,direct_rd
Switzerland,Expenditures for fundamental research,2001,,,0,,gap,,,direct_rd
Switzerland,Expenditures for fundamental research,2002,,,0,,gap,,,direct_rd
Switzerland,Expenditures for fundamental research,2003,,,0,,gap,,,direct_rd
Switzerland,Expenditures for fundamental research,2004,,,0,,gap,,,direct_rd
Switzerland,Expenditures for fundamental research,2005,,,0,,gap,,,direct_rd
Switzerland,Expenditures for fundamental research,2006,984000000.0,984000000.0,1,2006 CHE V06_Botschaft_V06-df.pdf,single,CHF,franc,direct_rd
Switzerland,Expenditures for fundamental research,2007,,,0,,gap,,,direct_rd
Switzerland,Expenditures for fundamental research,2008,,,0,,gap,,,direct_rd
Switzerland,Expenditures for fundamental research,2009,,,0,,gap,,,direct_rd
Switzerland,Expenditures for fundamental research,2010,,,0,,gap,,,direct_rd
Switzerland,Expenditures for fundamental research,2011,,,0,,gap,,,direct_rd
Switzerland,Expenditures for fundamental research,2012,,,0,,gap,,,direct_rd
Switzerland,Expenditures for fundamental research,2013,,,0,,gap,,,direct_rd
Switzerland,Expenditures for fundamental research,2014,,,0,,gap,,,direct_rd
Switzerland,Expenditures for fundamental research,2015,,,0,,gap,,,direct_rd
Switzerland,Expenditures for fundamental research,2016,,,0,,gap,,,direct_rd
Switzerland,Expenditures for fundamental research,2017,,,0,,gap,,,direct_rd
Switzerland,Expenditures for fundamental research,2018,,,0,,gap,,,direct_rd
Switzerland,Expenditures for fundamental research,2019,,,0,,gap,,,direct_rd
Switzerland,Expenditures for fundamental research,2020,,,0,,gap,,,direct_rd
Switzerland,Expenditures for fundamental research,2021,,,0,,gap,,,direct_rd
Switzerland,Expenditures for fundamental research,2022,,,0,,gap,,,direct_rd
Switzerland,Expenditures for fundamental research,2023,,,0,,gap,,,direct_rd
Switzerland,Expenditures for fundamental research,2024,,,0,,gap,,,direct_rd
Switzerland,Expenditures for fundamental research,2025,,,0,,gap,,,direct_rd
Switzerland,Federal Contributions to EU Research Programs,1977,,,0,,gap,,,direct_rd
Switzerland,Federal Contributions to EU Research Programs,1978,,,0,,gap,,,direct_rd
Switzerland,Federal Contributions to EU Research Programs,1982,,,0,,gap,,,direct_rd
Switzerland,Federal Contributions to EU Research Programs,1983,,,0,,gap,,,direct_rd
Switzerland,Federal Contributions to EU Research Programs,1984,,,0,,gap,,,direct_rd
Switzerland,Federal Contributions to EU Research Programs,1985,,,0,,gap,,,direct_rd
Switzerland,Federal Contributions to EU Research Programs,1986,,,0,,gap,,,direct_rd
Switzerland,Federal Contributions to EU Research Programs,1987,,,0,,gap,,,direct_rd
Switzerland,Federal Contributions to EU Research Programs,1988,,,0,,gap,,,direct_rd
Switzerland,Federal Contributions to EU Research Programs,1989,,,0,,gap,,,direct_rd
Switzerland,Federal Contributions to EU Research Programs,1990,,,0,,gap,,,direct_rd
Switzerland,Federal Contributions to EU Research Programs,1991,,,0,,gap,,,direct_rd
Switzerland,Federal Contributions to EU Research Programs,1994,,,0,,gap,,,direct_rd
Switzerland,Federal Contributions to EU Research Programs,1995,,,0,,gap,,,direct_rd
Switzerland,Federal Contributions to EU Research Programs,1996,,,0,,gap,,,direct_rd
Switzerland,Federal Contributions to EU Research Programs,1997,,,0,,gap,,,direct_rd
Switzerland,Federal Contributions to EU Research Programs,1998,,,0,,gap,,,direct_rd
Switzerland,Federal Contributions to EU Research Programs,1999,,,0,,gap,,,direct_rd
Switzerland,Federal Contributions to EU Research Programs,2000,,,0,,gap,,,direct_rd
Switzerland,Federal Contributions to EU Research Programs,2001,,,0,,gap,,,direct_rd
Switzerland,Federal Contributions to EU Research Programs,2002,,,0,,gap,,,direct_rd
Switzerland,Federal Contributions to EU Research Programs,2003,263000000.0,263000000.0,1,2003 V03_Botschaft.pdf,single,CHF,franc,direct_rd
Switzerland,Federal Contributions to EU Research Programs,2004,,,0,,gap,,,direct_rd
Switzerland,Federal Contributions to EU Research Programs,2005,,,0,,gap,,,direct_rd
Switzerland,Federal Contributions to EU Research Programs,2006,,,0,,gap,,,direct_rd
Switzerland,Federal Contributions to EU Research Programs,2007,,,0,,gap,,,direct_rd
Switzerland,Federal Contributions to EU Research Programs,2008,,,0,,gap,,,direct_rd
Switzerland,Federal Contributions to EU Research Programs,2009,,,0,,gap,,,direct_rd
Switzerland,Federal Contributions to EU Research Programs,2010,,,0,,gap,,,direct_rd
Switzerland,Federal Contributions to EU Research Programs,2011,,,0,,gap,,,direct_rd
Switzerland,Federal Contributions to EU Research Programs,2012,,,0,,gap,,,direct_rd
Switzerland,Federal Contributions to EU Research Programs,2013,,,0,,gap,,,direct_rd
Switzerland,Federal Contributions to EU Research Programs,2014,,,0,,gap,,,direct_rd
Switzerland,Federal Contributions to EU Research Programs,2015,,,0,,gap,,,direct_rd
Switzerland,Federal Contributions to EU Research Programs,2016,,,0,,gap,,,direct_rd
Switzerland,Federal Contributions to EU Research Programs,2017,,,0,,gap,,,direct_rd
Switzerland,Federal Contributions to EU Research Programs,2018,,,0,,gap,,,direct_rd
Switzerland,Federal Contributions to EU Research Programs,2019,,,0,,gap,,,direct_rd
Switzerland,Federal Contributions to EU Research Programs,2020,,,0,,gap,,,direct_rd
Switzerland,Federal Contributions to EU Research Programs,2021,,,0,,gap,,,direct_rd
Switzerland,Federal Contributions to EU Research Programs,2022,,,0,,gap,,,direct_rd
Switzerland,Federal Contributions to EU Research Programs,2023,,,0,,gap,,,direct_rd
Switzerland,Federal Contributions to EU Research Programs,2024,,,0,,gap,,,direct_rd
Switzerland,Federal Contributions to EU Research Programs,2025,,,0,,gap,,,direct_rd
Switzerland,Federal financing contribution,1977,,,0,,gap,,,innovation_instruments
Switzerland,Federal financing contribution,1978,,,0,,gap,,,innovation_instruments
Switzerland,Federal financing contribution,1982,,,0,,gap,,,innovation_instruments
Switzerland,Federal financing contribution,1983,,,0,,gap,,,innovation_instruments
Switzerland,Federal financing contribution,1984,,,0,,gap,,,innovation_instruments
Switzerland,Federal financing contribution,1985,,,0,,gap,,,innovation_instruments
Switzerland,Federal financing contribution,1986,,,0,,gap,,,innovation_instruments
Switzerland,Federal financing contribution,1987,,,0,,gap,,,innovation_instruments
Switzerland,Federal financing contribution,1988,,,0,,gap,,,innovation_instruments
Switzerland,Federal financing contribution,1989,,,0,,gap,,,innovation_instruments
Switzerland,Federal financing contribution,1990,,,0,,gap,,,innovation_instruments
Switzerland,Federal financing contribution,1991,,,0,,gap,,,innovation_instruments
Switzerland,Federal financing contribution,1994,,,0,,gap,,,innovation_instruments
Switzerland,Federal financing contribution,1995,,,0,,gap,,,innovation_instruments
Switzerland,Federal financing contribution,1996,,,0,,gap,,,innovation_instruments
Switzerland,Federal financing contribution,1997,,,0,,gap,,,innovation_instruments
Switzerland,Federal financing contribution,1998,,,0,,gap,,,innovation_instruments
Switzerland,Federal financing contribution,1999,,,0,,gap,,,innovation_instruments
Switzerland,Federal financing contribution,2000,,,0,,gap,,,innovation_instruments
Switzerland,Federal financing contribution,2001,,,0,,gap,,,innovation_instruments
Switzerland,Federal financing contribution,2002,,,0,,gap,,,innovation_instruments
Switzerland,Federal financing contribution,2003,,,0,,gap,,,innovation_instruments
Switzerland,Federal financing contribution,2004,,,0,,gap,,,innovation_instruments
Switzerland,Federal financing contribution,2005,,,0,,gap,,,innovation_instruments
Switzerland,Federal financing contribution,2006,,,0,,gap,,,innovation_instruments
Switzerland,Federal financing contribution,2007,7416100.0,7416100.0,1,2007-VA3-d.pdf,single,CHF,thousand,innovation_instruments
Switzerland,Federal financing contribution,2008,1793204000.0,1793204000.0,1,2008-VA3-d.pdf,single,CHF,franc,innovation_instruments
Switzerland,Federal financing contribution,2009,,,0,,gap,,,innovation_instruments
Switzerland,Federal financing contribution,2010,,,0,,gap,,,innovation_instruments
Switzerland,Federal financing contribution,2011,,,0,,gap,,,innovation_instruments
Switzerland,Federal financing contribution,2012,,,0,,gap,,,innovation_instruments
Switzerland,Federal financing contribution,2013,,,0,,gap,,,innovation_instruments
Switzerland,Federal financing contribution,2014,,,0,,gap,,,innovation_instruments
Switzerland,Federal financing contribution,2015,,,0,,gap,,,innovation_instruments
Switzerland,Federal financing contribution,2016,,,0,,gap,,,innovation_instruments
Switzerland,Federal financing contribution,2017,,,0,,gap,,,innovation_instruments
Switzerland,Federal financing contribution,2018,,,0,,gap,,,innovation_instruments
Switzerland,Federal financing contribution,2019,,,0,,gap,,,innovation_instruments
Switzerland,Federal financing contribution,2020,,,0,,gap,,,innovation_instruments
Switzerland,Federal financing contribution,2021,,,0,,gap,,,innovation_instruments
Switzerland,Federal financing contribution,2022,,,0,,gap,,,innovation_instruments
Switzerland,Federal financing contribution,2023,,,0,,gap,,,innovation_instruments
Switzerland,Federal financing contribution,2024,,,0,,gap,,,innovation_instruments
Switzerland,Federal financing contribution,2025,,,0,,gap,,,innovation_instruments
Switzerland,Federal funding contribution,1977,,,0,,gap,,,innovation_instruments
Switzerland,Federal funding contribution,1978,,,0,,gap,,,innovation_instruments
Switzerland,Federal funding contribution,1982,,,0,,gap,,,innovation_instruments
Switzerland,Federal funding contribution,1983,,,0,,gap,,,innovation_instruments
Switzerland,Federal funding contribution,1984,,,0,,gap,,,innovation_instruments
Switzerland,Federal funding contribution,1985,,,0,,gap,,,innovation_instruments
Switzerland,Federal funding contribution,1986,,,0,,gap,,,innovation_instruments
Switzerland,Federal funding contribution,1987,,,0,,gap,,,innovation_instruments
Switzerland,Federal funding contribution,1988,,,0,,gap,,,innovation_instruments
Switzerland,Federal funding contribution,1989,,,0,,gap,,,innovation_instruments
Switzerland,Federal funding contribution,1990,,,0,,gap,,,innovation_instruments
Switzerland,Federal funding contribution,1991,,,0,,gap,,,innovation_instruments
Switzerland,Federal funding contribution,1994,,,0,,gap,,,innovation_instruments
Switzerland,Federal funding contribution,1995,,,0,,gap,,,innovation_instruments
Switzerland,Federal funding contribution,1996,,,0,,gap,,,innovation_instruments
Switzerland,Federal funding contribution,1997,,,0,,gap,,,innovation_instruments
Switzerland,Federal funding contribution,1998,,,0,,gap,,,innovation_instruments
Switzerland,Federal funding contribution,1999,,,0,,gap,,,innovation_instruments
Switzerland,Federal funding contribution,2000,,,0,,gap,,,innovation_instruments
Switzerland,Federal funding contribution,2001,,,0,,gap,,,innovation_instruments
Switzerland,Federal funding contribution,2002,,,0,,gap,,,innovation_instruments
Switzerland,Federal funding contribution,2003,,,0,,gap,,,innovation_instruments
Switzerland,Federal funding contribution,2004,,,0,,gap,,,innovation_instruments
Switzerland,Federal funding contribution,2005,,,0,,gap,,,innovation_instruments
Switzerland,Federal funding contribution,2006,,,0,,gap,,,innovation_instruments
Switzerland,Federal funding contribution,2007,,,0,,gap,,,innovation_instruments
Switzerland,Federal funding contribution,2008,,,0,,gap,,,innovation_instruments
Switzerland,Federal funding contribution,2009,1874422000.0,1874422000.0,1,2009-VA3-d.pdf,single,CHF,franc,innovation_instruments
Switzerland,Federal funding contribution,2010,,,0,,gap,,,innovation_instruments
Switzerland,Federal funding contribution,2011,,,0,,gap,,,innovation_instruments
Switzerland,Federal funding contribution,2012,,,0,,gap,,,innovation_instruments
Switzerland,Federal funding contribution,2013,,,0,,gap,,,innovation_instruments
Switzerland,Federal funding contribution,2014,,,0,,gap,,,innovation_instruments
Switzerland,Federal funding contribution,2015,,,0,,gap,,,innovation_instruments
Switzerland,Federal funding contribution,2016,,,0,,gap,,,innovation_instruments
Switzerland,Federal funding contribution,2017,,,0,,gap,,,innovation_instruments
Switzerland,Federal funding contribution,2018,,,0,,gap,,,innovation_instruments
Switzerland,Federal funding contribution,2019,,,0,,gap,,,innovation_instruments
Switzerland,Federal funding contribution,2020,,,0,,gap,,,innovation_instruments
Switzerland,Federal funding contribution,2021,,,0,,gap,,,innovation_instruments
Switzerland,Federal funding contribution,2022,,,0,,gap,,,innovation_instruments
Switzerland,Federal funding contribution,2023,,,0,,gap,,,innovation_instruments
Switzerland,Federal funding contribution,2024,,,0,,gap,,,innovation_instruments
Switzerland,Federal funding contribution,2025,,,0,,gap,,,innovation_instruments
Switzerland,"For research, development, and testing programs",1977,,,0,,gap,,,direct_rd
Switzerland,"For research, development, and testing programs",1978,192000000.0,192000000.0,1,1978 10047250.pdf,single,CHF,franc,direct_rd
Switzerland,"For research, development, and testing programs",1982,,,0,,gap,,,direct_rd
Switzerland,"For research, development, and testing programs",1983,,,0,,gap,,,direct_rd
Switzerland,"For research, development, and testing programs",1984,339000000.0,339000000.0,1,1984 10103907.pdf,single,CHF,franc,direct_rd
Switzerland,"For research, development, and testing programs",1985,92500000.0,92500000.0,1,1985 10049519.pdf,single,CHF,franc,direct_rd
Switzerland,"For research, development, and testing programs",1986,287650000.0,287650000.0,1,1986 10049885.pdf,single,CHF,franc,direct_rd
Switzerland,"For research, development, and testing programs",1987,237150000.0,237150000.0,1,1987 10050239.pdf,single,CHF,franc,direct_rd
Switzerland,"For research, development, and testing programs",1988,263000000.0,263000000.0,1,1988 10050586.pdf,single,CHF,franc,direct_rd
Switzerland,"For research, development, and testing programs",1989,165000000.0,165000000.0,1,1989 10050924.pdf,single,CHF,franc,direct_rd
Switzerland,"For research, development, and testing programs",1990,,,0,,gap,,,direct_rd
Switzerland,"For research, development, and testing programs",1991,168400000.0,168400000.0,1,1991 10051659.pdf,single,CHF,franc,direct_rd
Switzerland,"For research, development, and testing programs",1994,62300000.0,62300000.0,1,1994 10052867.pdf,single,CHF,franc,direct_rd
Switzerland,"For research, development, and testing programs",1995,111200000.0,111200000.0,1,1995 10053317.pdf,single,CHF,franc,direct_rd
Switzerland,"For research, development, and testing programs",1996,224650000.0,224650000.0,1,1996 10053723.pdf,single,CHF,franc,direct_rd
Switzerland,"For research, development, and testing programs",1997,85300000.0,85300000.0,1,1997 10054128.pdf,single,CHF,franc,direct_rd
Switzerland,"For research, development, and testing programs",1998,139900000.0,139900000.0,1,1998 10054519.pdf,single,CHF,franc,direct_rd
Switzerland,"For research, development, and testing programs",1999,117400000.0,117400000.0,1,1999 10054891.pdf,single,CHF,franc,direct_rd
Switzerland,"For research, development, and testing programs",2000,265900000.0,265900000.0,1,2000 BBl-2000-136-DE.pdf,single,CHF,franc,direct_rd
Switzerland,"For research, development, and testing programs",2001,203000000.0,203000000.0,1,2001 fedlex-data-admin-ch-eli-fga-2001-31-de-pdf-a.pdf,single,CHF,franc,direct_rd
Switzerland,"For research, development, and testing programs",2002,,,0,,gap,,,direct_rd
Switzerland,"For research, development, and testing programs",2003,,,0,,gap,,,direct_rd
Switzerland,"For research, development, and testing programs",2004,,,0,,gap,,,direct_rd
Switzerland,"For research, development, and testing programs",2005,,,0,,gap,,,direct_rd
Switzerland,"For research, development, and testing programs",2006,,,0,,gap,,,direct_rd
Switzerland,"For research, development, and testing programs",2007,,,0,,gap,,,direct_rd
Switzerland,"For research, development, and testing programs",2008,,,0,,gap,,,direct_rd
Switzerland,"For research, development, and testing programs",2009,,,0,,gap,,,direct_rd
Switzerland,"For research, development, and testing programs",2010,,,0,,gap,,,direct_rd
Switzerland,"For research, development, and testing programs",2011,,,0,,gap,,,direct_rd
Switzerland,"For research, development, and testing programs",2012,,,0,,gap,,,direct_rd
Switzerland,"For research, development, and testing programs",2013,,,0,,gap,,,direct_rd
Switzerland,"For research, development, and testing programs",2014,,,0,,gap,,,direct_rd
Switzerland,"For research, development, and testing programs",2015,,,0,,gap,,,direct_rd
Switzerland,"For research, development, and testing programs",2016,,,0,,gap,,,direct_rd
Switzerland,"For research, development, and testing programs",2017,,,0,,gap,,,direct_rd
Switzerland,"For research, development, and testing programs",2018,,,0,,gap,,,direct_rd
Switzerland,"For research, development, and testing programs",2019,,,0,,gap,,,direct_rd
Switzerland,"For research, development, and testing programs",2020,,,0,,gap,,,direct_rd
Switzerland,"For research, development, and testing programs",2021,,,0,,gap,,,direct_rd
Switzerland,"For research, development, and testing programs",2022,,,0,,gap,,,direct_rd
Switzerland,"For research, development, and testing programs",2023,,,0,,gap,,,direct_rd
Switzerland,"For research, development, and testing programs",2024,,,0,,gap,,,direct_rd
Switzerland,"For research, development, and testing programs",2025,,,0,,gap,,,direct_rd
Switzerland,Full participation in the 7th Framework Programme,1977,,,0,,gap,,,direct_rd
Switzerland,Full participation in the 7th Framework Programme,1978,,,0,,gap,,,direct_rd
Switzerland,Full participation in the 7th Framework Programme,1982,,,0,,gap,,,direct_rd
Switzerland,Full participation in the 7th Framework Programme,1983,,,0,,gap,,,direct_rd
Switzerland,Full participation in the 7th Framework Programme,1984,,,0,,gap,,,direct_rd
Switzerland,Full participation in the 7th Framework Programme,1985,,,0,,gap,,,direct_rd
Switzerland,Full participation in the 7th Framework Programme,1986,,,0,,gap,,,direct_rd
Switzerland,Full participation in the 7th Framework Programme,1987,,,0,,gap,,,direct_rd
Switzerland,Full participation in the 7th Framework Programme,1988,,,0,,gap,,,direct_rd
Switzerland,Full participation in the 7th Framework Programme,1989,,,0,,gap,,,direct_rd
Switzerland,Full participation in the 7th Framework Programme,1990,,,0,,gap,,,direct_rd
Switzerland,Full participation in the 7th Framework Programme,1991,,,0,,gap,,,direct_rd
Switzerland,Full participation in the 7th Framework Programme,1994,,,0,,gap,,,direct_rd
Switzerland,Full participation in the 7th Framework Programme,1995,,,0,,gap,,,direct_rd
Switzerland,Full participation in the 7th Framework Programme,1996,,,0,,gap,,,direct_rd
Switzerland,Full participation in the 7th Framework Programme,1997,,,0,,gap,,,direct_rd
Switzerland,Full participation in the 7th Framework Programme,1998,,,0,,gap,,,direct_rd
Switzerland,Full participation in the 7th Framework Programme,1999,,,0,,gap,,,direct_rd
Switzerland,Full participation in the 7th Framework Programme,2000,,,0,,gap,,,direct_rd
Switzerland,Full participation in the 7th Framework Programme,2001,,,0,,gap,,,direct_rd
Switzerland,Full participation in the 7th Framework Programme,2002,,,0,,gap,,,direct_rd
Switzerland,Full participation in the 7th Framework Programme,2003,,,0,,gap,,,direct_rd
Switzerland,Full participation in the 7th Framework Programme,2004,,,0,,gap,,,direct_rd
Switzerland,Full participation in the 7th Framework Programme,2005,,,0,,gap,,,direct_rd
Switzerland,Full participation in the 7th Framework Programme,2006,,,0,,gap,,,direct_rd
Switzerland,Full participation in the 7th Framework Programme,2007,,,0,,gap,,,direct_rd
Switzerland,Full participation in the 7th Framework Programme,2008,,,0,,gap,,,direct_rd
Switzerland,Full participation in the 7th Framework Programme,2009,,,0,,gap,,,direct_rd
Switzerland,Full participation in the 7th Framework Programme,2010,,,0,,gap,,,direct_rd
Switzerland,Full participation in the 7th Framework Programme,2011,,,0,,gap,,,direct_rd
Switzerland,Full participation in the 7th Framework Programme,2012,,,0,,gap,,,direct_rd
Switzerland,Full participation in the 7th Framework Programme,2013,2456400.0,2456400.0,1,2013-VA3-d.pdf,single,CHF,thousand,direct_rd
Switzerland,Full participation in the 7th Framework Programme,2014,,,0,,gap,,,direct_rd
Switzerland,Full participation in the 7th Framework Programme,2015,,,0,,gap,,,direct_rd
Switzerland,Full participation in the 7th Framework Programme,2016,,,0,,gap,,,direct_rd
Switzerland,Full participation in the 7th Framework Programme,2017,,,0,,gap,,,direct_rd
Switzerland,Full participation in the 7th Framework Programme,2018,,,0,,gap,,,direct_rd
Switzerland,Full participation in the 7th Framework Programme,2019,,,0,,gap,,,direct_rd
Switzerland,Full participation in the 7th Framework Programme,2020,,,0,,gap,,,direct_rd
Switzerland,Full participation in the 7th Framework Programme,2021,,,0,,gap,,,direct_rd
Switzerland,Full participation in the 7th Framework Programme,2022,,,0,,gap,,,direct_rd
Switzerland,Full participation in the 7th Framework Programme,2023,,,0,,gap,,,direct_rd
Switzerland,Full participation in the 7th Framework Programme,2024,,,0,,gap,,,direct_rd
Switzerland,Full participation in the 7th Framework Programme,2025,,,0,,gap,,,direct_rd
Switzerland,Global Bilateral Scientific Cooperation,1977,,,0,,gap,,,innovation_instruments
Switzerland,Global Bilateral Scientific Cooperation,1978,,,0,,gap,,,innovation_instruments
Switzerland,Global Bilateral Scientific Cooperation,1982,,,0,,gap,,,innovation_instruments
Switzerland,Global Bilateral Scientific Cooperation,1983,,,0,,gap,,,innovation_instruments
Switzerland,Global Bilateral Scientific Cooperation,1984,,,0,,gap,,,innovation_instruments
Switzerland,Global Bilateral Scientific Cooperation,1985,,,0,,gap,,,innovation_instruments
Switzerland,Global Bilateral Scientific Cooperation,1986,,,0,,gap,,,innovation_instruments
Switzerland,Global Bilateral Scientific Cooperation,1987,,,0,,gap,,,innovation_instruments
Switzerland,Global Bilateral Scientific Cooperation,1988,,,0,,gap,,,innovation_instruments
Switzerland,Global Bilateral Scientific Cooperation,1989,,,0,,gap,,,innovation_instruments
Switzerland,Global Bilateral Scientific Cooperation,1990,,,0,,gap,,,innovation_instruments
Switzerland,Global Bilateral Scientific Cooperation,1991,,,0,,gap,,,innovation_instruments
Switzerland,Global Bilateral Scientific Cooperation,1994,,,0,,gap,,,innovation_instruments
Switzerland,Global Bilateral Scientific Cooperation,1995,,,0,,gap,,,innovation_instruments
Switzerland,Global Bilateral Scientific Cooperation,1996,,,0,,gap,,,innovation_instruments
Switzerland,Global Bilateral Scientific Cooperation,1997,,,0,,gap,,,innovation_instruments
Switzerland,Global Bilateral Scientific Cooperation,1998,,,0,,gap,,,innovation_instruments
Switzerland,Global Bilateral Scientific Cooperation,1999,,,0,,gap,,,innovation_instruments
Switzerland,Global Bilateral Scientific Cooperation,2000,,,0,,gap,,,innovation_instruments
Switzerland,Global Bilateral Scientific Cooperation,2001,,,0,,gap,,,innovation_instruments
Switzerland,Global Bilateral Scientific Cooperation,2002,,,0,,gap,,,innovation_instruments
Switzerland,Global Bilateral Scientific Cooperation,2003,,,0,,gap,,,innovation_instruments
Switzerland,Global Bilateral Scientific Cooperation,2004,,,0,,gap,,,innovation_instruments
Switzerland,Global Bilateral Scientific Cooperation,2005,,,0,,gap,,,innovation_instruments
Switzerland,Global Bilateral Scientific Cooperation,2006,,,0,,gap,,,innovation_instruments
Switzerland,Global Bilateral Scientific Cooperation,2007,,,0,,gap,,,innovation_instruments
Switzerland,Global Bilateral Scientific Cooperation,2008,5500000.0,5500000.0,1,2008-VA3-d.pdf,single,CHF,franc,innovation_instruments
Switzerland,Global Bilateral Scientific Cooperation,2009,,,0,,gap,,,innovation_instruments
Switzerland,Global Bilateral Scientific Cooperation,2010,,,0,,gap,,,innovation_instruments
Switzerland,Global Bilateral Scientific Cooperation,2011,,,0,,gap,,,innovation_instruments
Switzerland,Global Bilateral Scientific Cooperation,2012,,,0,,gap,,,innovation_instruments
Switzerland,Global Bilateral Scientific Cooperation,2013,,,0,,gap,,,innovation_instruments
Switzerland,Global Bilateral Scientific Cooperation,2014,,,0,,gap,,,innovation_instruments
Switzerland,Global Bilateral Scientific Cooperation,2015,,,0,,gap,,,innovation_instruments
Switzerland,Global Bilateral Scientific Cooperation,2016,,,0,,gap,,,innovation_instruments
Switzerland,Global Bilateral Scientific Cooperation,2017,,,0,,gap,,,innovation_instruments
Switzerland,Global Bilateral Scientific Cooperation,2018,,,0,,gap,,,innovation_instruments
Switzerland,Global Bilateral Scientific Cooperation,2019,,,0,,gap,,,innovation_instruments
Switzerland,Global Bilateral Scientific Cooperation,2020,,,0,,gap,,,innovation_instruments
Switzerland,Global Bilateral Scientific Cooperation,2021,,,0,,gap,,,innovation_instruments
Switzerland,Global Bilateral Scientific Cooperation,2022,,,0,,gap,,,innovation_instruments
Switzerland,Global Bilateral Scientific Cooperation,2023,,,0,,gap,,,innovation_instruments
Switzerland,Global Bilateral Scientific Cooperation,2024,,,0,,gap,,,innovation_instruments
Switzerland,Global Bilateral Scientific Cooperation,2025,,,0,,gap,,,innovation_instruments
Switzerland,Innosuisse / KTI (Swiss Innovation Agency),1977,,,0,,gap,,,innovation_instruments
Switzerland,Innosuisse / KTI (Swiss Innovation Agency),1978,,,0,,gap,,,innovation_instruments
Switzerland,Innosuisse / KTI (Swiss Innovation Agency),1982,,,0,,gap,,,innovation_instruments
Switzerland,Innosuisse / KTI (Swiss Innovation Agency),1983,,,0,,gap,,,innovation_instruments
Switzerland,Innosuisse / KTI (Swiss Innovation Agency),1984,,,0,,gap,,,innovation_instruments
Switzerland,Innosuisse / KTI (Swiss Innovation Agency),1985,,,0,,gap,,,innovation_instruments
Switzerland,Innosuisse / KTI (Swiss Innovation Agency),1986,,,0,,gap,,,innovation_instruments
Switzerland,Innosuisse / KTI (Swiss Innovation Agency),1987,,,0,,gap,,,innovation_instruments
Switzerland,Innosuisse / KTI (Swiss Innovation Agency),1988,,,0,,gap,,,innovation_instruments
Switzerland,Innosuisse / KTI (Swiss Innovation Agency),1989,,,0,,gap,,,innovation_instruments
Switzerland,Innosuisse / KTI (Swiss Innovation Agency),1990,,,0,,gap,,,innovation_instruments
Switzerland,Innosuisse / KTI (Swiss Innovation Agency),1991,,,0,,gap,,,innovation_instruments
Switzerland,Innosuisse / KTI (Swiss Innovation Agency),1994,,,0,,gap,,,innovation_instruments
Switzerland,Innosuisse / KTI (Swiss Innovation Agency),1995,,,0,,gap,,,innovation_instruments
Switzerland,Innosuisse / KTI (Swiss Innovation Agency),1996,,,0,,gap,,,innovation_instruments
Switzerland,Innosuisse / KTI (Swiss Innovation Agency),1997,,,0,,gap,,,innovation_instruments
Switzerland,Innosuisse / KTI (Swiss Innovation Agency),1998,,,0,,gap,,,innovation_instruments
Switzerland,Innosuisse / KTI (Swiss Innovation Agency),1999,,,0,,gap,,,innovation_instruments
Switzerland,Innosuisse / KTI (Swiss Innovation Agency),2000,,,0,,gap,,,innovation_instruments
Switzerland,Innosuisse / KTI (Swiss Innovation Agency),2001,8500000.0,8500000.0,1,2001 fedlex-data-admin-ch-eli-fga-2001-31-de-pdf-a.pdf,single,CHF,franc,innovation_instruments
Switzerland,Innosuisse / KTI (Swiss Innovation Agency),2002,,,0,,gap,,,innovation_instruments
Switzerland,Innosuisse / KTI (Swiss Innovation Agency),2003,300000000.0,300000000.0,1,2003 V03_Botschaft.pdf,single,CHF,franc,innovation_instruments
Switzerland,Innosuisse / KTI (Swiss Innovation Agency),2004,300000000.0,300000000.0,2,2004 V04_Botschaft.pdf | 2004-VA3-d.pdf,restatement,CHF,franc,innovation_instruments
Switzerland,Innosuisse / KTI (Swiss Innovation Agency),2005,300000000.0,300000000.0,1,2005-VA3-d.pdf,single,CHF,franc,innovation_instruments
Switzerland,Innosuisse / KTI (Swiss Innovation Agency),2006,300000000.0,300000000.0,2,2006 CHE V06_Botschaft_V06-df.pdf | 2006-VA3-d.pdf,restatement,CHF,franc,innovation_instruments
Switzerland,Innosuisse / KTI (Swiss Innovation Agency),2007,300000000.0,300000000.0,1,2007-VA3-d.pdf,single,CHF,franc,innovation_instruments
Switzerland,Innosuisse / KTI (Swiss Innovation Agency),2008,300000000.0,300000000.0,1,2008-VA3-d.pdf,single,CHF,franc,innovation_instruments
Switzerland,Innosuisse / KTI (Swiss Innovation Agency),2009,300000000.0,300000000.0,1,2009-VA3-d.pdf,single,CHF,franc,innovation_instruments
Switzerland,Innosuisse / KTI (Swiss Innovation Agency),2010,300000000.0,300000000.0,1,2010-VA3-d.pdf,single,CHF,franc,innovation_instruments
Switzerland,Innosuisse / KTI (Swiss Innovation Agency),2011,300000000.0,300000000.0,1,2011-VA3-d.pdf,single,CHF,franc,innovation_instruments
Switzerland,Innosuisse / KTI (Swiss Innovation Agency),2012,131520500.0,131520500.0,1,2012-VA3-d.pdf,single,CHF,franc,innovation_instruments
Switzerland,Innosuisse / KTI (Swiss Innovation Agency),2013,300000000.0,300000000.0,1,2013-VA3-d.pdf,single,CHF,franc,innovation_instruments
Switzerland,Innosuisse / KTI (Swiss Innovation Agency),2014,300000000.0,300000000.0,1,2014-VA3-d.pdf,single,CHF,franc,innovation_instruments
Switzerland,Innosuisse / KTI (Swiss Innovation Agency),2015,300000000.0,300000000.0,1,2015-VA3-d.pdf,single,CHF,franc,innovation_instruments
Switzerland,Innosuisse / KTI (Swiss Innovation Agency),2016,300000000.0,300000000.0,1,2016-VA3-d.pdf,single,CHF,franc,innovation_instruments
Switzerland,Innosuisse / KTI (Swiss Innovation Agency),2017,300000000.0,300000000.0,1,2017-VA3-d.pdf,single,CHF,franc,innovation_instruments
Switzerland,Innosuisse / KTI (Swiss Innovation Agency),2018,300000000.0,300000000.0,1,2018-VA3-d.pdf,single,CHF,franc,innovation_instruments
Switzerland,Innosuisse / KTI (Swiss Innovation Agency),2019,300000000.0,300000000.0,1,2019-VA3-d.pdf,single,CHF,franc,innovation_instruments
Switzerland,Innosuisse / KTI (Swiss Innovation Agency),2020,300000000.0,300000000.0,1,2020-VA_Band3-d.pdf,single,CHF,franc,innovation_instruments
Switzerland,Innosuisse / KTI (Swiss Innovation Agency),2021,300000000.0,300000000.0,1,2021-VA_Band3-d.pdf,single,CHF,franc,innovation_instruments
Switzerland,Innosuisse / KTI (Swiss Innovation Agency),2022,300000000.0,300000000.0,1,2022-VA_Band3-d.pdf,single,CHF,franc,innovation_instruments
Switzerland,Innosuisse / KTI (Swiss Innovation Agency),2023,300000000.0,300000000.0,1,2023-VA-Band3-d.pdf,single,CHF,franc,innovation_instruments
Switzerland,Innosuisse / KTI (Swiss Innovation Agency),2024,300000000.0,300000000.0,1,2024-VA-Band3-d.pdf,single,CHF,franc,innovation_instruments
Switzerland,Innosuisse / KTI (Swiss Innovation Agency),2025,300000000.0,300000000.0,1,2025-VA-Band3-d.pdf,single,CHF,franc,innovation_instruments
Switzerland,International Research,1977,,,0,,gap,,,direct_rd
Switzerland,International Research,1978,,,0,,gap,,,direct_rd
Switzerland,International Research,1982,,,0,,gap,,,direct_rd
Switzerland,International Research,1983,,,0,,gap,,,direct_rd
Switzerland,International Research,1984,,,0,,gap,,,direct_rd
Switzerland,International Research,1985,,,0,,gap,,,direct_rd
Switzerland,International Research,1986,,,0,,gap,,,direct_rd
Switzerland,International Research,1987,,,0,,gap,,,direct_rd
Switzerland,International Research,1988,,,0,,gap,,,direct_rd
Switzerland,International Research,1989,,,0,,gap,,,direct_rd
Switzerland,International Research,1990,,,0,,gap,,,direct_rd
Switzerland,International Research,1991,,,0,,gap,,,direct_rd
Switzerland,International Research,1994,,,0,,gap,,,direct_rd
Switzerland,International Research,1995,,,0,,gap,,,direct_rd
Switzerland,International Research,1996,,,0,,gap,,,direct_rd
Switzerland,International Research,1997,,,0,,gap,,,direct_rd
Switzerland,International Research,1998,,,0,,gap,,,direct_rd
Switzerland,International Research,1999,,,0,,gap,,,direct_rd
Switzerland,International Research,2000,,,0,,gap,,,direct_rd
Switzerland,International Research,2001,,,0,,gap,,,direct_rd
Switzerland,International Research,2002,,,0,,gap,,,direct_rd
Switzerland,International Research,2003,,,0,,gap,,,direct_rd
Switzerland,International Research,2004,,,0,,gap,,,direct_rd
Switzerland,International Research,2005,,,0,,gap,,,direct_rd
Switzerland,International Research,2006,,,0,,gap,,,direct_rd
Switzerland,International Research,2007,,,0,,gap,,,direct_rd
Switzerland,International Research,2008,,,0,,gap,,,direct_rd
Switzerland,International Research,2009,,,0,,gap,,,direct_rd
Switzerland,International Research,2010,600844800.0,600844800.0,1,2010-VA3-d.pdf,single,CHF,franc,direct_rd
Switzerland,International Research,2011,,,0,,gap,,,direct_rd
Switzerland,International Research,2012,713977500.0,713977500.0,1,2012-VA3-d.pdf,single,CHF,franc,direct_rd
Switzerland,International Research,2013,772883800.0,772883800.0,1,2013-VA3-d.pdf,single,CHF,franc,direct_rd
Switzerland,International Research,2014,,,0,,gap,,,direct_rd
Switzerland,International Research,2015,,,0,,gap,,,direct_rd
Switzerland,International Research,2016,,,0,,gap,,,direct_rd
Switzerland,International Research,2017,,,0,,gap,,,direct_rd
Switzerland,International Research,2018,,,0,,gap,,,direct_rd
Switzerland,International Research,2019,,,0,,gap,,,direct_rd
Switzerland,International Research,2020,,,0,,gap,,,direct_rd
Switzerland,International Research,2021,,,0,,gap,,,direct_rd
Switzerland,International Research,2022,,,0,,gap,,,direct_rd
Switzerland,International Research,2023,,,0,,gap,,,direct_rd
Switzerland,International Research,2024,,,0,,gap,,,direct_rd
Switzerland,International Research,2025,,,0,,gap,,,direct_rd
Switzerland,National Research and Innovation,1977,,,0,,gap,,,science_agency
Switzerland,National Research and Innovation,1978,,,0,,gap,,,science_agency
Switzerland,National Research and Innovation,1982,,,0,,gap,,,science_agency
Switzerland,National Research and Innovation,1983,,,0,,gap,,,science_agency
Switzerland,National Research and Innovation,1984,,,0,,gap,,,science_agency
Switzerland,National Research and Innovation,1985,,,0,,gap,,,science_agency
Switzerland,National Research and Innovation,1986,,,0,,gap,,,science_agency
Switzerland,National Research and Innovation,1987,,,0,,gap,,,science_agency
Switzerland,National Research and Innovation,1988,,,0,,gap,,,science_agency
Switzerland,National Research and Innovation,1989,,,0,,gap,,,science_agency
Switzerland,National Research and Innovation,1990,,,0,,gap,,,science_agency
Switzerland,National Research and Innovation,1991,,,0,,gap,,,science_agency
Switzerland,National Research and Innovation,1994,,,0,,gap,,,science_agency
Switzerland,National Research and Innovation,1995,,,0,,gap,,,science_agency
Switzerland,National Research and Innovation,1996,,,0,,gap,,,science_agency
Switzerland,National Research and Innovation,1997,,,0,,gap,,,science_agency
Switzerland,National Research and Innovation,1998,,,0,,gap,,,science_agency
Switzerland,National Research and Innovation,1999,,,0,,gap,,,science_agency
Switzerland,National Research and Innovation,2000,,,0,,gap,,,science_agency
Switzerland,National Research and Innovation,2001,,,0,,gap,,,science_agency
Switzerland,National Research and Innovation,2002,,,0,,gap,,,science_agency
Switzerland,National Research and Innovation,2003,,,0,,gap,,,science_agency
Switzerland,National Research and Innovation,2004,,,0,,gap,,,science_agency
Switzerland,National Research and Innovation,2005,,,0,,gap,,,science_agency
Switzerland,National Research and Innovation,2006,,,0,,gap,,,science_agency
Switzerland,National Research and Innovation,2007,,,0,,gap,,,science_agency
Switzerland,National Research and Innovation,2008,,,0,,gap,,,science_agency
Switzerland,National Research and Innovation,2009,,,0,,gap,,,science_agency
Switzerland,National Research and Innovation,2010,,,0,,gap,,,science_agency
Switzerland,National Research and Innovation,2011,,,0,,gap,,,science_agency
Switzerland,National Research and Innovation,2012,15000000.0,15000000.0,1,2012-VA3-d.pdf,single,CHF,franc,science_agency
Switzerland,National Research and Innovation,2013,,,0,,gap,,,science_agency
Switzerland,National Research and Innovation,2014,1019242416.0,1019242416.0,1,2014-VA3-d.pdf,single,CHF,franc,science_agency
Switzerland,National Research and Innovation,2015,1064582200.0,1064582200.0,1,2015-VA3-d.pdf,single,CHF,franc,science_agency
Switzerland,National Research and Innovation,2016,,,0,,gap,,,science_agency
Switzerland,National Research and Innovation,2017,,,0,,gap,,,science_agency
Switzerland,National Research and Innovation,2018,,,0,,gap,,,science_agency
Switzerland,National Research and Innovation,2019,,,0,,gap,,,science_agency
Switzerland,National Research and Innovation,2020,,,0,,gap,,,science_agency
Switzerland,National Research and Innovation,2021,,,0,,gap,,,science_agency
Switzerland,National Research and Innovation,2022,,,0,,gap,,,science_agency
Switzerland,National Research and Innovation,2023,,,0,,gap,,,science_agency
Switzerland,National Research and Innovation,2024,,,0,,gap,,,science_agency
Switzerland,National Research and Innovation,2025,,,0,,gap,,,science_agency
Switzerland,PSI (Paul Scherrer Institut),1988,,,0,,gap,,,science_agency
Switzerland,PSI (Paul Scherrer Institut),1989,,,0,,gap,,,science_agency
Switzerland,PSI (Paul Scherrer Institut),1990,,,0,,gap,,,science_agency
Switzerland,PSI (Paul Scherrer Institut),1991,,,0,,gap,,,science_agency
Switzerland,PSI (Paul Scherrer Institut),1994,,,0,,gap,,,science_agency
Switzerland,PSI (Paul Scherrer Institut),1995,,,0,,gap,,,science_agency
Switzerland,PSI (Paul Scherrer Institut),1996,,,0,,gap,,,science_agency
Switzerland,PSI (Paul Scherrer Institut),1997,,,0,,gap,,,science_agency
Switzerland,PSI (Paul Scherrer Institut),1998,,,0,,gap,,,science_agency
Switzerland,PSI (Paul Scherrer Institut),1999,,,0,,gap,,,science_agency
Switzerland,PSI (Paul Scherrer Institut),2000,,,0,,gap,,,science_agency
Switzerland,PSI (Paul Scherrer Institut),2001,,,0,,gap,,,science_agency
Switzerland,PSI (Paul Scherrer Institut),2002,,,0,,gap,,,science_agency
Switzerland,PSI (Paul Scherrer Institut),2003,,,0,,gap,,,science_agency
Switzerland,PSI (Paul Scherrer Institut),2004,,,0,,gap,,,science_agency
Switzerland,PSI (Paul Scherrer Institut),2005,,,0,,gap,,,science_agency
Switzerland,PSI (Paul Scherrer Institut),2006,,,0,,gap,,,science_agency
Switzerland,PSI (Paul Scherrer Institut),2007,,,0,,gap,,,science_agency
Switzerland,PSI (Paul Scherrer Institut),2008,,,0,,gap,,,science_agency
Switzerland,PSI (Paul Scherrer Institut),2009,,,0,,gap,,,science_agency
Switzerland,PSI (Paul Scherrer Institut),2010,,,0,,gap,,,science_agency
Switzerland,PSI (Paul Scherrer Institut),2011,,,0,,gap,,,science_agency
Switzerland,PSI (Paul Scherrer Institut),2012,,,0,,gap,,,science_agency
Switzerland,PSI (Paul Scherrer Institut),2013,,,0,,gap,,,science_agency
Switzerland,PSI (Paul Scherrer Institut),2014,,,0,,gap,,,science_agency
Switzerland,PSI (Paul Scherrer Institut),2015,,,0,,gap,,,science_agency
Switzerland,PSI (Paul Scherrer Institut),2016,,,0,,gap,,,science_agency
Switzerland,PSI (Paul Scherrer Institut),2017,,,0,,gap,,,science_agency
Switzerland,PSI (Paul Scherrer Institut),2018,,,0,,gap,,,science_agency
Switzerland,PSI (Paul Scherrer Institut),2019,,,0,,gap,,,science_agency
Switzerland,PSI (Paul Scherrer Institut),2020,,,0,,gap,,,science_agency
Switzerland,PSI (Paul Scherrer Institut),2021,,,0,,gap,,,science_agency
Switzerland,PSI (Paul Scherrer Institut),2022,,,0,,gap,,,science_agency
Switzerland,PSI (Paul Scherrer Institut),2023,,,0,,gap,,,science_agency
Switzerland,PSI (Paul Scherrer Institut),2024,,,0,,gap,,,science_agency
Switzerland,PSI (Paul Scherrer Institut),2025,,,0,,gap,,,science_agency
Switzerland,Research Contracts,1977,,,0,,gap,,,direct_rd
Switzerland,Research Contracts,1978,,,0,,gap,,,direct_rd
Switzerland,Research Contracts,1982,,,0,,gap,,,direct_rd
Switzerland,Research Contracts,1983,,,0,,gap,,,direct_rd
Switzerland,Research Contracts,1984,,,0,,gap,,,direct_rd
Switzerland,Research Contracts,1985,,,0,,gap,,,direct_rd
Switzerland,Research Contracts,1986,,,0,,gap,,,direct_rd
Switzerland,Research Contracts,1987,,,0,,gap,,,direct_rd
Switzerland,Research Contracts,1988,,,0,,gap,,,direct_rd
Switzerland,Research Contracts,1989,,,0,,gap,,,direct_rd
Switzerland,Research Contracts,1990,,,0,,gap,,,direct_rd
Switzerland,Research Contracts,1991,,,0,,gap,,,direct_rd
Switzerland,Research Contracts,1994,,,0,,gap,,,direct_rd
Switzerland,Research Contracts,1995,,,0,,gap,,,direct_rd
Switzerland,Research Contracts,1996,,,0,,gap,,,direct_rd
Switzerland,Research Contracts,1997,,,0,,gap,,,direct_rd
Switzerland,Research Contracts,1998,,,0,,gap,,,direct_rd
Switzerland,Research Contracts,1999,,,0,,gap,,,direct_rd
Switzerland,Research Contracts,2000,,,0,,gap,,,direct_rd
Switzerland,Research Contracts,2001,,,0,,gap,,,direct_rd
Switzerland,Research Contracts,2002,,,0,,gap,,,direct_rd
Switzerland,Research Contracts,2003,,,0,,gap,,,direct_rd
Switzerland,Research Contracts,2004,,,0,,gap,,,direct_rd
Switzerland,Research Contracts,2005,,,0,,gap,,,direct_rd
Switzerland,Research Contracts,2006,,,0,,gap,,,direct_rd
Switzerland,Research Contracts,2007,,,0,,gap,,,direct_rd
Switzerland,Research Contracts,2008,,,0,,gap,,,direct_rd
Switzerland,Research Contracts,2009,,,0,,gap,,,direct_rd
Switzerland,Research Contracts,2010,,,0,,gap,,,direct_rd
Switzerland,Research Contracts,2011,,,0,,gap,,,direct_rd
Switzerland,Research Contracts,2012,,,0,,gap,,,direct_rd
Switzerland,Research Contracts,2013,,,0,,gap,,,direct_rd
Switzerland,Research Contracts,2014,,,0,,gap,,,direct_rd
Switzerland,Research Contracts,2015,,,0,,gap,,,direct_rd
Switzerland,Research Contracts,2016,,,0,,gap,,,direct_rd
Switzerland,Research Contracts,2017,,,0,,gap,,,direct_rd
Switzerland,Research Contracts,2018,,,0,,gap,,,direct_rd
Switzerland,Research Contracts,2019,,,0,,gap,,,direct_rd
Switzerland,Research Contracts,2020,,,0,,gap,,,direct_rd
Switzerland,Research Contracts,2021,,,0,,gap,,,direct_rd
Switzerland,Research Contracts,2022,,,0,,gap,,,direct_rd
Switzerland,Research Contracts,2023,,,0,,gap,,,direct_rd
Switzerland,Research Contracts,2024,,,0,,gap,,,direct_rd
Switzerland,Research Contracts,2025,3750000.0,3750000.0,1,2025-VA-Band3-d.pdf,single,CHF,franc,direct_rd
Switzerland,Research Contributions,1977,,,0,,gap,,,direct_rd
Switzerland,Research Contributions,1978,,,0,,gap,,,direct_rd
Switzerland,Research Contributions,1982,,,0,,gap,,,direct_rd
Switzerland,Research Contributions,1983,,,0,,gap,,,direct_rd
Switzerland,Research Contributions,1984,,,0,,gap,,,direct_rd
Switzerland,Research Contributions,1985,,,0,,gap,,,direct_rd
Switzerland,Research Contributions,1986,,,0,,gap,,,direct_rd
Switzerland,Research Contributions,1987,,,0,,gap,,,direct_rd
Switzerland,Research Contributions,1988,,,0,,gap,,,direct_rd
Switzerland,Research Contributions,1989,,,0,,gap,,,direct_rd
Switzerland,Research Contributions,1990,,,0,,gap,,,direct_rd
Switzerland,Research Contributions,1991,,,0,,gap,,,direct_rd
Switzerland,Research Contributions,1994,,,0,,gap,,,direct_rd
Switzerland,Research Contributions,1995,,,0,,gap,,,direct_rd
Switzerland,Research Contributions,1996,,,0,,gap,,,direct_rd
Switzerland,Research Contributions,1997,,,0,,gap,,,direct_rd
Switzerland,Research Contributions,1998,,,0,,gap,,,direct_rd
Switzerland,Research Contributions,1999,,,0,,gap,,,direct_rd
Switzerland,Research Contributions,2000,,,0,,gap,,,direct_rd
Switzerland,Research Contributions,2001,,,0,,gap,,,direct_rd
Switzerland,Research Contributions,2002,,,0,,gap,,,direct_rd
Switzerland,Research Contributions,2003,,,0,,gap,,,direct_rd
Switzerland,Research Contributions,2004,,,0,,gap,,,direct_rd
Switzerland,Research Contributions,2005,,,0,,gap,,,direct_rd
Switzerland,Research Contributions,2006,,,0,,gap,,,direct_rd
Switzerland,Research Contributions,2007,,,0,,gap,,,direct_rd
Switzerland,Research Contributions,2008,,,0,,gap,,,direct_rd
Switzerland,Research Contributions,2009,,,0,,gap,,,direct_rd
Switzerland,Research Contributions,2010,494000000.0,494000000.0,1,2010-VA3-d.pdf,single,CHF,thousand,direct_rd
Switzerland,Research Contributions,2011,6873297.0,6873297.0,1,2011-VA3-d.pdf,single,CHF,franc,direct_rd
Switzerland,Research Contributions,2012,6257702.0,6257702.0,1,2012-VA3-d.pdf,single,CHF,franc,direct_rd
Switzerland,Research Contributions,2013,,,0,,gap,,,direct_rd
Switzerland,Research Contributions,2014,,,0,,gap,,,direct_rd
Switzerland,Research Contributions,2015,,,0,,gap,,,direct_rd
Switzerland,Research Contributions,2016,,,0,,gap,,,direct_rd
Switzerland,Research Contributions,2017,,,0,,gap,,,direct_rd
Switzerland,Research Contributions,2018,,,0,,gap,,,direct_rd
Switzerland,Research Contributions,2019,,,0,,gap,,,direct_rd
Switzerland,Research Contributions,2020,,,0,,gap,,,direct_rd
Switzerland,Research Contributions,2021,,,0,,gap,,,direct_rd
Switzerland,Research Contributions,2022,,,0,,gap,,,direct_rd
Switzerland,Research Contributions,2023,,,0,,gap,,,direct_rd
Switzerland,Research Contributions,2024,,,0,,gap,,,direct_rd
Switzerland,Research Contributions,2025,,,0,,gap,,,direct_rd
Switzerland,Research Projects,1977,,,0,,gap,,,direct_rd
Switzerland,Research Projects,1978,,,0,,gap,,,direct_rd
Switzerland,Research Projects,1982,,,0,,gap,,,direct_rd
Switzerland,Research Projects,1983,,,0,,gap,,,direct_rd
Switzerland,Research Projects,1984,,,0,,gap,,,direct_rd
Switzerland,Research Projects,1985,,,0,,gap,,,direct_rd
Switzerland,Research Projects,1986,,,0,,gap,,,direct_rd
Switzerland,Research Projects,1987,,,0,,gap,,,direct_rd
Switzerland,Research Projects,1988,,,0,,gap,,,direct_rd
Switzerland,Research Projects,1989,,,0,,gap,,,direct_rd
Switzerland,Research Projects,1990,,,0,,gap,,,direct_rd
Switzerland,Research Projects,1991,,,0,,gap,,,direct_rd
Switzerland,Research Projects,1994,,,0,,gap,,,direct_rd
Switzerland,Research Projects,1995,,,0,,gap,,,direct_rd
Switzerland,Research Projects,1996,,,0,,gap,,,direct_rd
Switzerland,Research Projects,1997,,,0,,gap,,,direct_rd
Switzerland,Research Projects,1998,,,0,,gap,,,direct_rd
Switzerland,Research Projects,1999,,,0,,gap,,,direct_rd
Switzerland,Research Projects,2000,,,0,,gap,,,direct_rd
Switzerland,Research Projects,2001,,,0,,gap,,,direct_rd
Switzerland,Research Projects,2002,,,0,,gap,,,direct_rd
Switzerland,Research Projects,2003,,,0,,gap,,,direct_rd
Switzerland,Research Projects,2004,,,0,,gap,,,direct_rd
Switzerland,Research Projects,2005,,,0,,gap,,,direct_rd
Switzerland,Research Projects,2006,,,0,,gap,,,direct_rd
Switzerland,Research Projects,2007,,,0,,gap,,,direct_rd
Switzerland,Research Projects,2008,,,0,,gap,,,direct_rd
Switzerland,Research Projects,2009,,,0,,gap,,,direct_rd
Switzerland,Research Projects,2010,1419747.0,1419747.0,1,2010-VA3-d.pdf,single,CHF,franc,direct_rd
Switzerland,Research Projects,2011,,,0,,gap,,,direct_rd
Switzerland,Research Projects,2012,,,0,,gap,,,direct_rd
Switzerland,Research Projects,2013,,,0,,gap,,,direct_rd
Switzerland,Research Projects,2014,,,0,,gap,,,direct_rd
Switzerland,Research Projects,2015,,,0,,gap,,,direct_rd
Switzerland,Research Projects,2016,,,0,,gap,,,direct_rd
Switzerland,Research Projects,2017,,,0,,gap,,,direct_rd
Switzerland,Research Projects,2018,,,0,,gap,,,direct_rd
Switzerland,Research Projects,2019,,,0,,gap,,,direct_rd
Switzerland,Research Projects,2020,,,0,,gap,,,direct_rd
Switzerland,Research Projects,2021,,,0,,gap,,,direct_rd
Switzerland,Research Projects,2022,,,0,,gap,,,direct_rd
Switzerland,Research Projects,2023,,,0,,gap,,,direct_rd
Switzerland,Research Projects,2024,,,0,,gap,,,direct_rd
Switzerland,Research Projects,2025,,,0,,gap,,,direct_rd
Switzerland,Research and Development (Supplementary Credit),1977,,,0,,gap,,,direct_rd
Switzerland,Research and Development (Supplementary Credit),1978,,,0,,gap,,,direct_rd
Switzerland,Research and Development (Supplementary Credit),1982,,,0,,gap,,,direct_rd
Switzerland,Research and Development (Supplementary Credit),1983,,,0,,gap,,,direct_rd
Switzerland,Research and Development (Supplementary Credit),1984,,,0,,gap,,,direct_rd
Switzerland,Research and Development (Supplementary Credit),1985,,,0,,gap,,,direct_rd
Switzerland,Research and Development (Supplementary Credit),1986,,,0,,gap,,,direct_rd
Switzerland,Research and Development (Supplementary Credit),1987,,,0,,gap,,,direct_rd
Switzerland,Research and Development (Supplementary Credit),1988,,,0,,gap,,,direct_rd
Switzerland,Research and Development (Supplementary Credit),1989,,,0,,gap,,,direct_rd
Switzerland,Research and Development (Supplementary Credit),1990,,,0,,gap,,,direct_rd
Switzerland,Research and Development (Supplementary Credit),1991,,,0,,gap,,,direct_rd
Switzerland,Research and Development (Supplementary Credit),1994,,,0,,gap,,,direct_rd
Switzerland,Research and Development (Supplementary Credit),1995,,,0,,gap,,,direct_rd
Switzerland,Research and Development (Supplementary Credit),1996,,,0,,gap,,,direct_rd
Switzerland,Research and Development (Supplementary Credit),1997,,,0,,gap,,,direct_rd
Switzerland,Research and Development (Supplementary Credit),1998,,,0,,gap,,,direct_rd
Switzerland,Research and Development (Supplementary Credit),1999,,,0,,gap,,,direct_rd
Switzerland,Research and Development (Supplementary Credit),2000,,,0,,gap,,,direct_rd
Switzerland,Research and Development (Supplementary Credit),2001,,,0,,gap,,,direct_rd
Switzerland,Research and Development (Supplementary Credit),2002,,,0,,gap,,,direct_rd
Switzerland,Research and Development (Supplementary Credit),2003,,,0,,gap,,,direct_rd
Switzerland,Research and Development (Supplementary Credit),2004,,,0,,gap,,,direct_rd
Switzerland,Research and Development (Supplementary Credit),2005,45000000.0,45000000.0,1,2005 BBl-2005-511-DE.pdf,single,CHF,franc,direct_rd
Switzerland,Research and Development (Supplementary Credit),2006,,,0,,gap,,,direct_rd
Switzerland,Research and Development (Supplementary Credit),2007,,,0,,gap,,,direct_rd
Switzerland,Research and Development (Supplementary Credit),2008,,,0,,gap,,,direct_rd
Switzerland,Research and Development (Supplementary Credit),2009,,,0,,gap,,,direct_rd
Switzerland,Research and Development (Supplementary Credit),2010,,,0,,gap,,,direct_rd
Switzerland,Research and Development (Supplementary Credit),2011,,,0,,gap,,,direct_rd
Switzerland,Research and Development (Supplementary Credit),2012,,,0,,gap,,,direct_rd
Switzerland,Research and Development (Supplementary Credit),2013,,,0,,gap,,,direct_rd
Switzerland,Research and Development (Supplementary Credit),2014,,,0,,gap,,,direct_rd
Switzerland,Research and Development (Supplementary Credit),2015,,,0,,gap,,,direct_rd
Switzerland,Research and Development (Supplementary Credit),2016,,,0,,gap,,,direct_rd
Switzerland,Research and Development (Supplementary Credit),2017,,,0,,gap,,,direct_rd
Switzerland,Research and Development (Supplementary Credit),2018,,,0,,gap,,,direct_rd
Switzerland,Research and Development (Supplementary Credit),2019,,,0,,gap,,,direct_rd
Switzerland,Research and Development (Supplementary Credit),2020,,,0,,gap,,,direct_rd
Switzerland,Research and Development (Supplementary Credit),2021,,,0,,gap,,,direct_rd
Switzerland,Research and Development (Supplementary Credit),2022,,,0,,gap,,,direct_rd
Switzerland,Research and Development (Supplementary Credit),2023,,,0,,gap,,,direct_rd
Switzerland,Research and Development (Supplementary Credit),2024,,,0,,gap,,,direct_rd
Switzerland,Research and Development (Supplementary Credit),2025,,,0,,gap,,,direct_rd
Switzerland,"Research, Development and Demonstration",1977,,,0,,gap,,,direct_rd
Switzerland,"Research, Development and Demonstration",1978,,,0,,gap,,,direct_rd
Switzerland,"Research, Development and Demonstration",1982,,,0,,gap,,,direct_rd
Switzerland,"Research, Development and Demonstration",1983,,,0,,gap,,,direct_rd
Switzerland,"Research, Development and Demonstration",1984,,,0,,gap,,,direct_rd
Switzerland,"Research, Development and Demonstration",1985,,,0,,gap,,,direct_rd
Switzerland,"Research, Development and Demonstration",1986,,,0,,gap,,,direct_rd
Switzerland,"Research, Development and Demonstration",1987,,,0,,gap,,,direct_rd
Switzerland,"Research, Development and Demonstration",1988,,,0,,gap,,,direct_rd
Switzerland,"Research, Development and Demonstration",1989,,,0,,gap,,,direct_rd
Switzerland,"Research, Development and Demonstration",1990,,,0,,gap,,,direct_rd
Switzerland,"Research, Development and Demonstration",1991,,,0,,gap,,,direct_rd
Switzerland,"Research, Development and Demonstration",1994,,,0,,gap,,,direct_rd
Switzerland,"Research, Development and Demonstration",1995,,,0,,gap,,,direct_rd
Switzerland,"Research, Development and Demonstration",1996,,,0,,gap,,,direct_rd
Switzerland,"Research, Development and Demonstration",1997,,,0,,gap,,,direct_rd
Switzerland,"Research, Development and Demonstration",1998,,,0,,gap,,,direct_rd
Switzerland,"Research, Development and Demonstration",1999,,,0,,gap,,,direct_rd
Switzerland,"Research, Development and Demonstration",2000,,,0,,gap,,,direct_rd
Switzerland,"Research, Development and Demonstration",2001,,,0,,gap,,,direct_rd
Switzerland,"Research, Development and Demonstration",2002,,,0,,gap,,,direct_rd
Switzerland,"Research, Development and Demonstration",2003,,,0,,gap,,,direct_rd
Switzerland,"Research, Development and Demonstration",2004,,,0,,gap,,,direct_rd
Switzerland,"Research, Development and Demonstration",2005,,,0,,gap,,,direct_rd
Switzerland,"Research, Development and Demonstration",2006,,,0,,gap,,,direct_rd
Switzerland,"Research, Development and Demonstration",2007,,,0,,gap,,,direct_rd
Switzerland,"Research, Development and Demonstration",2008,,,0,,gap,,,direct_rd
Switzerland,"Research, Development and Demonstration",2009,,,0,,gap,,,direct_rd
Switzerland,"Research, Development and Demonstration",2010,2100000.0,2100000.0,1,2010-VA3-d.pdf,single,CHF,franc,direct_rd
Switzerland,"Research, Development and Demonstration",2011,24103374.0,24103374.0,1,2011-VA3-d.pdf,single,CHF,franc,direct_rd
Switzerland,"Research, Development and Demonstration",2012,20853224.0,20853224.0,1,2012-VA3-d.pdf,single,CHF,franc,direct_rd
Switzerland,"Research, Development and Demonstration",2013,18917990.0,18917990.0,1,2013-VA3-d.pdf,single,CHF,franc,direct_rd
Switzerland,"Research, Development and Demonstration",2014,,,0,,gap,,,direct_rd
Switzerland,"Research, Development and Demonstration",2015,,,0,,gap,,,direct_rd
Switzerland,"Research, Development and Demonstration",2016,,,0,,gap,,,direct_rd
Switzerland,"Research, Development and Demonstration",2017,,,0,,gap,,,direct_rd
Switzerland,"Research, Development and Demonstration",2018,,,0,,gap,,,direct_rd
Switzerland,"Research, Development and Demonstration",2019,,,0,,gap,,,direct_rd
Switzerland,"Research, Development and Demonstration",2020,,,0,,gap,,,direct_rd
Switzerland,"Research, Development and Demonstration",2021,,,0,,gap,,,direct_rd
Switzerland,"Research, Development and Demonstration",2022,,,0,,gap,,,direct_rd
Switzerland,"Research, Development and Demonstration",2023,,,0,,gap,,,direct_rd
Switzerland,"Research, Development and Demonstration",2024,,,0,,gap,,,direct_rd
Switzerland,"Research, Development and Demonstration",2025,,,0,,gap,,,direct_rd
Switzerland,"SBFI / SERI (State Secretariat for Education, Research and Innovation)",2013,,,0,,gap,,,science_agency
Switzerland,"SBFI / SERI (State Secretariat for Education, Research and Innovation)",2014,,,0,,gap,,,science_agency
Switzerland,"SBFI / SERI (State Secretariat for Education, Research and Innovation)",2015,,,0,,gap,,,science_agency
Switzerland,"SBFI / SERI (State Secretariat for Education, Research and Innovation)",2016,,,0,,gap,,,science_agency
Switzerland,"SBFI / SERI (State Secretariat for Education, Research and Innovation)",2017,,,0,,gap,,,science_agency
Switzerland,"SBFI / SERI (State Secretariat for Education, Research and Innovation)",2018,,,0,,gap,,,science_agency
Switzerland,"SBFI / SERI (State Secretariat for Education, Research and Innovation)",2019,,,0,,gap,,,science_agency
Switzerland,"SBFI / SERI (State Secretariat for Education, Research and Innovation)",2020,,,0,,gap,,,science_agency
Switzerland,"SBFI / SERI (State Secretariat for Education, Research and Innovation)",2021,,,0,,gap,,,science_agency
Switzerland,"SBFI / SERI (State Secretariat for Education, Research and Innovation)",2022,,,0,,gap,,,science_agency
Switzerland,"SBFI / SERI (State Secretariat for Education, Research and Innovation)",2023,,,0,,gap,,,science_agency
Switzerland,"SBFI / SERI (State Secretariat for Education, Research and Innovation)",2024,,,0,,gap,,,science_agency
Switzerland,"SBFI / SERI (State Secretariat for Education, Research and Innovation)",2025,,,0,,gap,,,science_agency
Switzerland,SNF / SNSF (Swiss National Science Foundation),1977,,,0,,gap,,,science_agency
Switzerland,SNF / SNSF (Swiss National Science Foundation),1978,,,0,,gap,,,science_agency
Switzerland,SNF / SNSF (Swiss National Science Foundation),1982,,,0,,gap,,,science_agency
Switzerland,SNF / SNSF (Swiss National Science Foundation),1983,,,0,,gap,,,science_agency
Switzerland,SNF / SNSF (Swiss National Science Foundation),1984,,,0,,gap,,,science_agency
Switzerland,SNF / SNSF (Swiss National Science Foundation),1985,,,0,,gap,,,science_agency
Switzerland,SNF / SNSF (Swiss National Science Foundation),1986,,,0,,gap,,,science_agency
Switzerland,SNF / SNSF (Swiss National Science Foundation),1987,,,0,,gap,,,science_agency
Switzerland,SNF / SNSF (Swiss National Science Foundation),1988,,,0,,gap,,,science_agency
Switzerland,SNF / SNSF (Swiss National Science Foundation),1989,,,0,,gap,,,science_agency
Switzerland,SNF / SNSF (Swiss National Science Foundation),1990,,,0,,gap,,,science_agency
Switzerland,SNF / SNSF (Swiss National Science Foundation),1991,,,0,,gap,,,science_agency
Switzerland,SNF / SNSF (Swiss National Science Foundation),1994,,,0,,gap,,,science_agency
Switzerland,SNF / SNSF (Swiss National Science Foundation),1995,,,0,,gap,,,science_agency
Switzerland,SNF / SNSF (Swiss National Science Foundation),1996,,,0,,gap,,,science_agency
Switzerland,SNF / SNSF (Swiss National Science Foundation),1997,,,0,,gap,,,science_agency
Switzerland,SNF / SNSF (Swiss National Science Foundation),1998,,,0,,gap,,,science_agency
Switzerland,SNF / SNSF (Swiss National Science Foundation),1999,,,0,,gap,,,science_agency
Switzerland,SNF / SNSF (Swiss National Science Foundation),2000,,,0,,gap,,,science_agency
Switzerland,SNF / SNSF (Swiss National Science Foundation),2001,,,0,,gap,,,science_agency
Switzerland,SNF / SNSF (Swiss National Science Foundation),2002,,,0,,gap,,,science_agency
Switzerland,SNF / SNSF (Swiss National Science Foundation),2003,1100000000.0,1100000000.0,1,2003 V03_Botschaft.pdf,single,CHF,franc,science_agency
Switzerland,SNF / SNSF (Swiss National Science Foundation),2004,1100000000.0,1100000000.0,2,2004 V04_Botschaft.pdf | 2004-VA3-d.pdf,restatement,CHF,franc,science_agency
Switzerland,SNF / SNSF (Swiss National Science Foundation),2005,344836800.0,344836800.0,1,2005-VA3-d.pdf,single,CHF,franc,science_agency
Switzerland,SNF / SNSF (Swiss National Science Foundation),2006,1100000000.0,1100000000.0,2,2006 CHE V06_Botschaft_V06-df.pdf | 2006-VA3-d.pdf,restatement,CHF,franc,science_agency
Switzerland,SNF / SNSF (Swiss National Science Foundation),2007,1100000000.0,1100000000.0,1,2007-VA3-d.pdf,single,CHF,franc,science_agency
Switzerland,SNF / SNSF (Swiss National Science Foundation),2008,1100000000.0,1100000000.0,1,2008-VA3-d.pdf,single,CHF,franc,science_agency
Switzerland,SNF / SNSF (Swiss National Science Foundation),2009,1100000000.0,1100000000.0,1,2009-VA3-d.pdf,single,CHF,franc,science_agency
Switzerland,SNF / SNSF (Swiss National Science Foundation),2010,1100000000.0,1100000000.0,1,2010-VA3-d.pdf,single,CHF,franc,science_agency
Switzerland,SNF / SNSF (Swiss National Science Foundation),2011,1100000000.0,1100000000.0,1,2011-VA3-d.pdf,single,CHF,franc,science_agency
Switzerland,SNF / SNSF (Swiss National Science Foundation),2012,1100000000.0,1100000000.0,1,2012-VA3-d.pdf,single,CHF,franc,science_agency
Switzerland,SNF / SNSF (Swiss National Science Foundation),2013,1100000000.0,1100000000.0,1,2013-VA3-d.pdf,single,CHF,franc,science_agency
Switzerland,SNF / SNSF (Swiss National Science Foundation),2014,1100000000.0,1100000000.0,1,2014-VA3-d.pdf,single,CHF,franc,science_agency
Switzerland,SNF / SNSF (Swiss National Science Foundation),2015,1100000000.0,1100000000.0,1,2015-VA3-d.pdf,single,CHF,franc,science_agency
Switzerland,SNF / SNSF (Swiss National Science Foundation),2016,1112831300.0,1112831300.0,1,2016-VA3-d.pdf,single,CHF,franc,science_agency
Switzerland,SNF / SNSF (Swiss National Science Foundation),2017,1100000000.0,1100000000.0,1,2017-VA3-d.pdf,single,CHF,franc,science_agency
Switzerland,SNF / SNSF (Swiss National Science Foundation),2018,1100000000.0,1100000000.0,1,2018-VA3-d.pdf,single,CHF,franc,science_agency
Switzerland,SNF / SNSF (Swiss National Science Foundation),2019,1100000000.0,1100000000.0,1,2019-VA3-d.pdf,single,CHF,franc,science_agency
Switzerland,SNF / SNSF (Swiss National Science Foundation),2020,1100000000.0,1100000000.0,1,2020-VA_Band3-d.pdf,single,CHF,franc,science_agency
Switzerland,SNF / SNSF (Swiss National Science Foundation),2021,1100000000.0,1100000000.0,1,2021-VA_Band3-d.pdf,single,CHF,franc,science_agency
Switzerland,SNF / SNSF (Swiss National Science Foundation),2022,1100000000.0,1100000000.0,1,2022-VA_Band3-d.pdf,single,CHF,franc,science_agency
Switzerland,SNF / SNSF (Swiss National Science Foundation),2023,1100000000.0,1100000000.0,1,2023-VA-Band3-d.pdf,single,CHF,franc,science_agency
Switzerland,SNF / SNSF (Swiss National Science Foundation),2024,1100000000.0,1100000000.0,1,2024-VA-Band3-d.pdf,single,CHF,franc,science_agency
Switzerland,SNF / SNSF (Swiss National Science Foundation),2025,1100000000.0,1100000000.0,1,2025-VA-Band3-d.pdf,single,CHF,franc,science_agency
Switzerland,Swiss Science and Technology Council,1977,,,0,,gap,,,science_agency
Switzerland,Swiss Science and Technology Council,1978,,,0,,gap,,,science_agency
Switzerland,Swiss Science and Technology Council,1982,,,0,,gap,,,science_agency
Switzerland,Swiss Science and Technology Council,1983,,,0,,gap,,,science_agency
Switzerland,Swiss Science and Technology Council,1984,,,0,,gap,,,science_agency
Switzerland,Swiss Science and Technology Council,1985,,,0,,gap,,,science_agency
Switzerland,Swiss Science and Technology Council,1986,,,0,,gap,,,science_agency
Switzerland,Swiss Science and Technology Council,1987,,,0,,gap,,,science_agency
Switzerland,Swiss Science and Technology Council,1988,,,0,,gap,,,science_agency
Switzerland,Swiss Science and Technology Council,1989,,,0,,gap,,,science_agency
Switzerland,Swiss Science and Technology Council,1990,,,0,,gap,,,science_agency
Switzerland,Swiss Science and Technology Council,1991,,,0,,gap,,,science_agency
Switzerland,Swiss Science and Technology Council,1994,,,0,,gap,,,science_agency
Switzerland,Swiss Science and Technology Council,1995,,,0,,gap,,,science_agency
Switzerland,Swiss Science and Technology Council,1996,,,0,,gap,,,science_agency
Switzerland,Swiss Science and Technology Council,1997,,,0,,gap,,,science_agency
Switzerland,Swiss Science and Technology Council,1998,,,0,,gap,,,science_agency
Switzerland,Swiss Science and Technology Council,1999,,,0,,gap,,,science_agency
Switzerland,Swiss Science and Technology Council,2000,,,0,,gap,,,science_agency
Switzerland,Swiss Science and Technology Council,2001,,,0,,gap,,,science_agency
Switzerland,Swiss Science and Technology Council,2002,,,0,,gap,,,science_agency
Switzerland,Swiss Science and Technology Council,2003,,,0,,gap,,,science_agency
Switzerland,Swiss Science and Technology Council,2004,,,0,,gap,,,science_agency
Switzerland,Swiss Science and Technology Council,2005,,,0,,gap,,,science_agency
Switzerland,Swiss Science and Technology Council,2006,,,0,,gap,,,science_agency
Switzerland,Swiss Science and Technology Council,2007,,,0,,gap,,,science_agency
Switzerland,Swiss Science and Technology Council,2008,,,0,,gap,,,science_agency
Switzerland,Swiss Science and Technology Council,2009,,,0,,gap,,,science_agency
Switzerland,Swiss Science and Technology Council,2010,,,0,,gap,,,science_agency
Switzerland,Swiss Science and Technology Council,2011,,,0,,gap,,,science_agency
Switzerland,Swiss Science and Technology Council,2012,2362000.0,2362000.0,1,2012-VA3-d.pdf,single,CHF,franc,science_agency
Switzerland,Swiss Science and Technology Council,2013,,,0,,gap,,,science_agency
Switzerland,Swiss Science and Technology Council,2014,,,0,,gap,,,science_agency
Switzerland,Swiss Science and Technology Council,2015,,,0,,gap,,,science_agency
Switzerland,Swiss Science and Technology Council,2016,,,0,,gap,,,science_agency
Switzerland,Swiss Science and Technology Council,2017,,,0,,gap,,,science_agency
Switzerland,Swiss Science and Technology Council,2018,,,0,,gap,,,science_agency
Switzerland,Swiss Science and Technology Council,2019,,,0,,gap,,,science_agency
Switzerland,Swiss Science and Technology Council,2020,,,0,,gap,,,science_agency
Switzerland,Swiss Science and Technology Council,2021,,,0,,gap,,,science_agency
Switzerland,Swiss Science and Technology Council,2022,,,0,,gap,,,science_agency
Switzerland,Swiss Science and Technology Council,2023,,,0,,gap,,,science_agency
Switzerland,Swiss Science and Technology Council,2024,,,0,,gap,,,science_agency
Switzerland,Swiss Science and Technology Council,2025,,,0,,gap,,,science_agency
Switzerland,Total R&D Appropriations,1977,,,0,,gap,,,direct_rd
Switzerland,Total R&D Appropriations,1978,,,0,,gap,,,direct_rd
Switzerland,Total R&D Appropriations,1982,,,0,,gap,,,direct_rd
Switzerland,Total R&D Appropriations,1983,,,0,,gap,,,direct_rd
Switzerland,Total R&D Appropriations,1984,,,0,,gap,,,direct_rd
Switzerland,Total R&D Appropriations,1985,,,0,,gap,,,direct_rd
Switzerland,Total R&D Appropriations,1986,,,0,,gap,,,direct_rd
Switzerland,Total R&D Appropriations,1987,,,0,,gap,,,direct_rd
Switzerland,Total R&D Appropriations,1988,,,0,,gap,,,direct_rd
Switzerland,Total R&D Appropriations,1989,,,0,,gap,,,direct_rd
Switzerland,Total R&D Appropriations,1990,,,0,,gap,,,direct_rd
Switzerland,Total R&D Appropriations,1991,,,0,,gap,,,direct_rd
Switzerland,Total R&D Appropriations,1994,,,0,,gap,,,direct_rd
Switzerland,Total R&D Appropriations,1995,,,0,,gap,,,direct_rd
Switzerland,Total R&D Appropriations,1996,,,0,,gap,,,direct_rd
Switzerland,Total R&D Appropriations,1997,,,0,,gap,,,direct_rd
Switzerland,Total R&D Appropriations,1998,,,0,,gap,,,direct_rd
Switzerland,Total R&D Appropriations,1999,,,0,,gap,,,direct_rd
Switzerland,Total R&D Appropriations,2000,,,0,,gap,,,direct_rd
Switzerland,Total R&D Appropriations,2001,,,0,,gap,,,direct_rd
Switzerland,Total R&D Appropriations,2002,,,0,,gap,,,direct_rd
Switzerland,Total R&D Appropriations,2003,184000000.0,184000000.0,1,2003 V03_Botschaft.pdf,single,CHF,franc,direct_rd
Switzerland,Total R&D Appropriations,2004,,,0,,gap,,,direct_rd
Switzerland,Total R&D Appropriations,2005,,,0,,gap,,,direct_rd
Switzerland,Total R&D Appropriations,2006,,,0,,gap,,,direct_rd
Switzerland,Total R&D Appropriations,2007,,,0,,gap,,,direct_rd
Switzerland,Total R&D Appropriations,2008,,,0,,gap,,,direct_rd
Switzerland,Total R&D Appropriations,2009,,,0,,gap,,,direct_rd
Switzerland,Total R&D Appropriations,2010,,,0,,gap,,,direct_rd
Switzerland,Total R&D Appropriations,2011,,,0,,gap,,,direct_rd
Switzerland,Total R&D Appropriations,2012,,,0,,gap,,,direct_rd
Switzerland,Total R&D Appropriations,2013,,,0,,gap,,,direct_rd
Switzerland,Total R&D Appropriations,2014,,,0,,gap,,,direct_rd
Switzerland,Total R&D Appropriations,2015,,,0,,gap,,,direct_rd
Switzerland,Total R&D Appropriations,2016,,,0,,gap,,,direct_rd
Switzerland,Total R&D Appropriations,2017,,,0,,gap,,,direct_rd
Switzerland,Total R&D Appropriations,2018,,,0,,gap,,,direct_rd
Switzerland,Total R&D Appropriations,2019,,,0,,gap,,,direct_rd
Switzerland,Total R&D Appropriations,2020,,,0,,gap,,,direct_rd
Switzerland,Total R&D Appropriations,2021,,,0,,gap,,,direct_rd
Switzerland,Total R&D Appropriations,2022,,,0,,gap,,,direct_rd
Switzerland,Total R&D Appropriations,2023,,,0,,gap,,,direct_rd
Switzerland,Total R&D Appropriations,2024,,,0,,gap,,,direct_rd
Switzerland,Total R&D Appropriations,2025,,,0,,gap,,,direct_rd
Switzerland,Total budget for education and fundamental research,1977,,,0,,gap,,,higher_education
Switzerland,Total budget for education and fundamental research,1978,,,0,,gap,,,higher_education
Switzerland,Total budget for education and fundamental research,1982,,,0,,gap,,,higher_education
Switzerland,Total budget for education and fundamental research,1983,,,0,,gap,,,higher_education
Switzerland,Total budget for education and fundamental research,1984,,,0,,gap,,,higher_education
Switzerland,Total budget for education and fundamental research,1985,,,0,,gap,,,higher_education
Switzerland,Total budget for education and fundamental research,1986,,,0,,gap,,,higher_education
Switzerland,Total budget for education and fundamental research,1987,,,0,,gap,,,higher_education
Switzerland,Total budget for education and fundamental research,1988,,,0,,gap,,,higher_education
Switzerland,Total budget for education and fundamental research,1989,,,0,,gap,,,higher_education
Switzerland,Total budget for education and fundamental research,1990,,,0,,gap,,,higher_education
Switzerland,Total budget for education and fundamental research,1991,,,0,,gap,,,higher_education
Switzerland,Total budget for education and fundamental research,1994,,,0,,gap,,,higher_education
Switzerland,Total budget for education and fundamental research,1995,,,0,,gap,,,higher_education
Switzerland,Total budget for education and fundamental research,1996,,,0,,gap,,,higher_education
Switzerland,Total budget for education and fundamental research,1997,,,0,,gap,,,higher_education
Switzerland,Total budget for education and fundamental research,1998,,,0,,gap,,,higher_education
Switzerland,Total budget for education and fundamental research,1999,,,0,,gap,,,higher_education
Switzerland,Total budget for education and fundamental research,2000,,,0,,gap,,,higher_education
Switzerland,Total budget for education and fundamental research,2001,,,0,,gap,,,higher_education
Switzerland,Total budget for education and fundamental research,2002,,,0,,gap,,,higher_education
Switzerland,Total budget for education and fundamental research,2003,3868000000.0,3868000000.0,1,2003 V03_Botschaft.pdf,single,CHF,franc,higher_education
Switzerland,Total budget for education and fundamental research,2004,,,0,,gap,,,higher_education
Switzerland,Total budget for education and fundamental research,2005,,,0,,gap,,,higher_education
Switzerland,Total budget for education and fundamental research,2006,4062000000.0,4062000000.0,1,2006 CHE V06_Botschaft_V06-df.pdf,single,CHF,franc,higher_education
Switzerland,Total budget for education and fundamental research,2007,,,0,,gap,,,higher_education
Switzerland,Total budget for education and fundamental research,2008,,,0,,gap,,,higher_education
Switzerland,Total budget for education and fundamental research,2009,,,0,,gap,,,higher_education
Switzerland,Total budget for education and fundamental research,2010,,,0,,gap,,,higher_education
Switzerland,Total budget for education and fundamental research,2011,,,0,,gap,,,higher_education
Switzerland,Total budget for education and fundamental research,2012,,,0,,gap,,,higher_education
Switzerland,Total budget for education and fundamental research,2013,,,0,,gap,,,higher_education
Switzerland,Total budget for education and fundamental research,2014,,,0,,gap,,,higher_education
Switzerland,Total budget for education and fundamental research,2015,,,0,,gap,,,higher_education
Switzerland,Total budget for education and fundamental research,2016,,,0,,gap,,,higher_education
Switzerland,Total budget for education and fundamental research,2017,,,0,,gap,,,higher_education
Switzerland,Total budget for education and fundamental research,2018,,,0,,gap,,,higher_education
Switzerland,Total budget for education and fundamental research,2019,,,0,,gap,,,higher_education
Switzerland,Total budget for education and fundamental research,2020,,,0,,gap,,,higher_education
Switzerland,Total budget for education and fundamental research,2021,,,0,,gap,,,higher_education
Switzerland,Total budget for education and fundamental research,2022,,,0,,gap,,,higher_education
Switzerland,Total budget for education and fundamental research,2023,,,0,,gap,,,higher_education
Switzerland,Total budget for education and fundamental research,2024,,,0,,gap,,,higher_education
Switzerland,Total budget for education and fundamental research,2025,,,0,,gap,,,higher_education
Switzerland,"University funding, basic contributions",1977,,,0,,gap,,,higher_education
Switzerland,"University funding, basic contributions",1978,,,0,,gap,,,higher_education
Switzerland,"University funding, basic contributions",1982,,,0,,gap,,,higher_education
Switzerland,"University funding, basic contributions",1983,,,0,,gap,,,higher_education
Switzerland,"University funding, basic contributions",1984,,,0,,gap,,,higher_education
Switzerland,"University funding, basic contributions",1985,,,0,,gap,,,higher_education
Switzerland,"University funding, basic contributions",1986,,,0,,gap,,,higher_education
Switzerland,"University funding, basic contributions",1987,,,0,,gap,,,higher_education
Switzerland,"University funding, basic contributions",1988,,,0,,gap,,,higher_education
Switzerland,"University funding, basic contributions",1989,,,0,,gap,,,higher_education
Switzerland,"University funding, basic contributions",1990,,,0,,gap,,,higher_education
Switzerland,"University funding, basic contributions",1991,,,0,,gap,,,higher_education
Switzerland,"University funding, basic contributions",1994,,,0,,gap,,,higher_education
Switzerland,"University funding, basic contributions",1995,,,0,,gap,,,higher_education
Switzerland,"University funding, basic contributions",1996,,,0,,gap,,,higher_education
Switzerland,"University funding, basic contributions",1997,,,0,,gap,,,higher_education
Switzerland,"University funding, basic contributions",1998,,,0,,gap,,,higher_education
Switzerland,"University funding, basic contributions",1999,,,0,,gap,,,higher_education
Switzerland,"University funding, basic contributions",2000,,,0,,gap,,,higher_education
Switzerland,"University funding, basic contributions",2001,,,0,,gap,,,higher_education
Switzerland,"University funding, basic contributions",2002,,,0,,gap,,,higher_education
Switzerland,"University funding, basic contributions",2003,,,0,,gap,,,higher_education
Switzerland,"University funding, basic contributions",2004,,,0,,gap,,,higher_education
Switzerland,"University funding, basic contributions",2005,444272400.0,444272400.0,1,2005-VA3-d.pdf,single,CHF,franc,higher_education
Switzerland,"University funding, basic contributions",2006,,,0,,gap,,,higher_education
Switzerland,"University funding, basic contributions",2007,,,0,,gap,,,higher_education
Switzerland,"University funding, basic contributions",2008,,,0,,gap,,,higher_education
Switzerland,"University funding, basic contributions",2009,,,0,,gap,,,higher_education
Switzerland,"University funding, basic contributions",2010,,,0,,gap,,,higher_education
Switzerland,"University funding, basic contributions",2011,,,0,,gap,,,higher_education
Switzerland,"University funding, basic contributions",2012,,,0,,gap,,,higher_education
Switzerland,"University funding, basic contributions",2013,,,0,,gap,,,higher_education
Switzerland,"University funding, basic contributions",2014,,,0,,gap,,,higher_education
Switzerland,"University funding, basic contributions",2015,,,0,,gap,,,higher_education
Switzerland,"University funding, basic contributions",2016,,,0,,gap,,,higher_education
Switzerland,"University funding, basic contributions",2017,,,0,,gap,,,higher_education
Switzerland,"University funding, basic contributions",2018,,,0,,gap,,,higher_education
Switzerland,"University funding, basic contributions",2019,,,0,,gap,,,higher_education
Switzerland,"University funding, basic contributions",2020,,,0,,gap,,,higher_education
Switzerland,"University funding, basic contributions",2021,,,0,,gap,,,higher_education
Switzerland,"University funding, basic contributions",2022,,,0,,gap,,,higher_education
Switzerland,"University funding, basic contributions",2023,,,0,,gap,,,higher_education
Switzerland,"University funding, basic contributions",2024,,,0,,gap,,,higher_education
Switzerland,"University funding, basic contributions",2025,,,0,,gap,,,higher_education
Switzerland,"WSL (Forest, Snow and Landscape Research)",1977,,,0,,gap,,,science_agency
Switzerland,"WSL (Forest, Snow and Landscape Research)",1978,,,0,,gap,,,science_agency
Switzerland,"WSL (Forest, Snow and Landscape Research)",1982,,,0,,gap,,,science_agency
Switzerland,"WSL (Forest, Snow and Landscape Research)",1983,,,0,,gap,,,science_agency
Switzerland,"WSL (Forest, Snow and Landscape Research)",1984,,,0,,gap,,,science_agency
Switzerland,"WSL (Forest, Snow and Landscape Research)",1985,,,0,,gap,,,science_agency
Switzerland,"WSL (Forest, Snow and Landscape Research)",1986,,,0,,gap,,,science_agency
Switzerland,"WSL (Forest, Snow and Landscape Research)",1987,,,0,,gap,,,science_agency
Switzerland,"WSL (Forest, Snow and Landscape Research)",1988,,,0,,gap,,,science_agency
Switzerland,"WSL (Forest, Snow and Landscape Research)",1989,,,0,,gap,,,science_agency
Switzerland,"WSL (Forest, Snow and Landscape Research)",1990,,,0,,gap,,,science_agency
Switzerland,"WSL (Forest, Snow and Landscape Research)",1991,,,0,,gap,,,science_agency
Switzerland,"WSL (Forest, Snow and Landscape Research)",1994,,,0,,gap,,,science_agency
Switzerland,"WSL (Forest, Snow and Landscape Research)",1995,,,0,,gap,,,science_agency
Switzerland,"WSL (Forest, Snow and Landscape Research)",1996,,,0,,gap,,,science_agency
Switzerland,"WSL (Forest, Snow and Landscape Research)",1997,,,0,,gap,,,science_agency
Switzerland,"WSL (Forest, Snow and Landscape Research)",1998,,,0,,gap,,,science_agency
Switzerland,"WSL (Forest, Snow and Landscape Research)",1999,,,0,,gap,,,science_agency
Switzerland,"WSL (Forest, Snow and Landscape Research)",2000,,,0,,gap,,,science_agency
Switzerland,"WSL (Forest, Snow and Landscape Research)",2001,,,0,,gap,,,science_agency
Switzerland,"WSL (Forest, Snow and Landscape Research)",2002,,,0,,gap,,,science_agency
Switzerland,"WSL (Forest, Snow and Landscape Research)",2003,,,0,,gap,,,science_agency
Switzerland,"WSL (Forest, Snow and Landscape Research)",2004,,,0,,gap,,,science_agency
Switzerland,"WSL (Forest, Snow and Landscape Research)",2005,,,0,,gap,,,science_agency
Switzerland,"WSL (Forest, Snow and Landscape Research)",2006,,,0,,gap,,,science_agency
Switzerland,"WSL (Forest, Snow and Landscape Research)",2007,,,0,,gap,,,science_agency
Switzerland,"WSL (Forest, Snow and Landscape Research)",2008,,,0,,gap,,,science_agency
Switzerland,"WSL (Forest, Snow and Landscape Research)",2009,,,0,,gap,,,science_agency
Switzerland,"WSL (Forest, Snow and Landscape Research)",2010,,,0,,gap,,,science_agency
Switzerland,"WSL (Forest, Snow and Landscape Research)",2011,,,0,,gap,,,science_agency
Switzerland,"WSL (Forest, Snow and Landscape Research)",2012,,,0,,gap,,,science_agency
Switzerland,"WSL (Forest, Snow and Landscape Research)",2013,,,0,,gap,,,science_agency
Switzerland,"WSL (Forest, Snow and Landscape Research)",2014,,,0,,gap,,,science_agency
Switzerland,"WSL (Forest, Snow and Landscape Research)",2015,,,0,,gap,,,science_agency
Switzerland,"WSL (Forest, Snow and Landscape Research)",2016,,,0,,gap,,,science_agency
Switzerland,"WSL (Forest, Snow and Landscape Research)",2017,,,0,,gap,,,science_agency
Switzerland,"WSL (Forest, Snow and Landscape Research)",2018,,,0,,gap,,,science_agency
Switzerland,"WSL (Forest, Snow and Landscape Research)",2019,,,0,,gap,,,science_agency
Switzerland,"WSL (Forest, Snow and Landscape Research)",2020,,,0,,gap,,,science_agency
Switzerland,"WSL (Forest, Snow and Landscape Research)",2021,,,0,,gap,,,science_agency
Switzerland,"WSL (Forest, Snow and Landscape Research)",2022,,,0,,gap,,,science_agency
Switzerland,"WSL (Forest, Snow and Landscape Research)",2023,,,0,,gap,,,science_agency
Switzerland,"WSL (Forest, Snow and Landscape Research)",2024,,,0,,gap,,,science_agency
Switzerland,"WSL (Forest, Snow and Landscape Research)",2025,,,0,,gap,,,science_agency
Switzerland,X-FEL Free Electron Laser,1977,,,0,,gap,,,direct_rd
Switzerland,X-FEL Free Electron Laser,1978,,,0,,gap,,,direct_rd
Switzerland,X-FEL Free Electron Laser,1982,,,0,,gap,,,direct_rd
Switzerland,X-FEL Free Electron Laser,1983,,,0,,gap,,,direct_rd
Switzerland,X-FEL Free Electron Laser,1984,,,0,,gap,,,direct_rd
Switzerland,X-FEL Free Electron Laser,1985,,,0,,gap,,,direct_rd
Switzerland,X-FEL Free Electron Laser,1986,,,0,,gap,,,direct_rd
Switzerland,X-FEL Free Electron Laser,1987,,,0,,gap,,,direct_rd
Switzerland,X-FEL Free Electron Laser,1988,,,0,,gap,,,direct_rd
Switzerland,X-FEL Free Electron Laser,1989,,,0,,gap,,,direct_rd
Switzerland,X-FEL Free Electron Laser,1990,,,0,,gap,,,direct_rd
Switzerland,X-FEL Free Electron Laser,1991,,,0,,gap,,,direct_rd
Switzerland,X-FEL Free Electron Laser,1994,,,0,,gap,,,direct_rd
Switzerland,X-FEL Free Electron Laser,1995,,,0,,gap,,,direct_rd
Switzerland,X-FEL Free Electron Laser,1996,,,0,,gap,,,direct_rd
Switzerland,X-FEL Free Electron Laser,1997,,,0,,gap,,,direct_rd
Switzerland,X-FEL Free Electron Laser,1998,,,0,,gap,,,direct_rd
Switzerland,X-FEL Free Electron Laser,1999,,,0,,gap,,,direct_rd
Switzerland,X-FEL Free Electron Laser,2000,,,0,,gap,,,direct_rd
Switzerland,X-FEL Free Electron Laser,2001,,,0,,gap,,,direct_rd
Switzerland,X-FEL Free Electron Laser,2002,,,0,,gap,,,direct_rd
Switzerland,X-FEL Free Electron Laser,2003,,,0,,gap,,,direct_rd
Switzerland,X-FEL Free Electron Laser,2004,,,0,,gap,,,direct_rd
Switzerland,X-FEL Free Electron Laser,2005,,,0,,gap,,,direct_rd
Switzerland,X-FEL Free Electron Laser,2006,,,0,,gap,,,direct_rd
Switzerland,X-FEL Free Electron Laser,2007,,,0,,gap,,,direct_rd
Switzerland,X-FEL Free Electron Laser,2008,2150000.0,2150000.0,1,2008-VA3-d.pdf,single,CHF,franc,direct_rd
Switzerland,X-FEL Free Electron Laser,2009,,,0,,gap,,,direct_rd
Switzerland,X-FEL Free Electron Laser,2010,,,0,,gap,,,direct_rd
Switzerland,X-FEL Free Electron Laser,2011,,,0,,gap,,,direct_rd
Switzerland,X-FEL Free Electron Laser,2012,,,0,,gap,,,direct_rd
Switzerland,X-FEL Free Electron Laser,2013,,,0,,gap,,,direct_rd
Switzerland,X-FEL Free Electron Laser,2014,,,0,,gap,,,direct_rd
Switzerland,X-FEL Free Electron Laser,2015,,,0,,gap,,,direct_rd
Switzerland,X-FEL Free Electron Laser,2016,,,0,,gap,,,direct_rd
Switzerland,X-FEL Free Electron Laser,2017,,,0,,gap,,,direct_rd
Switzerland,X-FEL Free Electron Laser,2018,,,0,,gap,,,direct_rd
Switzerland,X-FEL Free Electron Laser,2019,,,0,,gap,,,direct_rd
Switzerland,X-FEL Free Electron Laser,2020,,,0,,gap,,,direct_rd
Switzerland,X-FEL Free Electron Laser,2021,,,0,,gap,,,direct_rd
Switzerland,X-FEL Free Electron Laser,2022,,,0,,gap,,,direct_rd
Switzerland,X-FEL Free Electron Laser,2023,,,0,,gap,,,direct_rd
Switzerland,X-FEL Free Electron Laser,2024,,,0,,gap,,,direct_rd
Switzerland,X-FEL Free Electron Laser,2025,,,0,,gap,,,direct_rd
