year,canonical_name,category,amount_local,unit,currency,item_type,source_file,page_number,pdf_path,full_text_cache,line_description_en,traceability_status,trace_method,trace_excerpt,series_notes
1976,BMBWF / Einzelplan 13 / UG 31 (total),rd_ministry,,,,,,,,,,covered_by_final_series,,,gap: no matching rows in this year
1976,CERN-Beitrag (Austria),direct_rd,100000000.0,schilling,ATS,line_item,1976_Austria.pdf,264,Data/input/finance_bills/Austria/1976_Austria.pdf,,Contribution to CERN,covered_by_final_series,,,
1976,ESA-Beitrag (Austria),direct_rd,,,,,,,,,,covered_by_final_series,,,gap: no matching rows in this year
1976,FFG (Forschungsfoerderungsgesellschaft),science_agency,,,,,,,,,,covered_by_final_series,,,gap: no matching rows in this year
1976,FWF (Fonds zur Forderung der wissenschaftlichen Forschung),science_agency,500000000.0,schilling,ATS,line_item,1976_Austria.pdf,264,Data/input/finance_bills/Austria/1976_Austria.pdf,,Austrian Science Fund (FWF),covered_by_final_series,,,Annual state appropriation — core basic research funder.
1976,Johannes Kepler Universitat Linz (JKU),higher_education,,,,,,,,,,covered_by_final_series,,,gap: no matching rows in this year
1976,Ludwig Boltzmann Gesellschaft,science_agency,,,,,,,,,,covered_by_final_series,,,gap: no matching rows in this year
1976,OAW (Osterreichische Akademie der Wissenschaften),science_agency,79303000.0,schilling,ATS,line_item,1976_Austria.pdf,40,Data/input/finance_bills/Austria/1976_Austria.pdf,,Funding Expenditures,covered_by_final_series,,,
1976,Technische Universitat Graz (TU Graz),higher_education,,,,,,,,,,covered_by_final_series,,,gap: no matching rows in this year
1976,Technische Universitat Wien (TU Wien),higher_education,,,,,,,,,,covered_by_final_series,,,gap: no matching rows in this year
1976,Universitat Graz (Karl-Franzens),higher_education,,,,,,,,,,covered_by_final_series,,,gap: no matching rows in this year
1976,Universitat Innsbruck,higher_education,,,,,,,,,,covered_by_final_series,,,gap: no matching rows in this year
1976,Universitat Wien,higher_education,,,,,,,,,,covered_by_final_series,,,gap: no matching rows in this year
1976,Universitat fur Bodenkultur Wien (BOKU),higher_education,,,,,,,,,,covered_by_final_series,,,gap: no matching rows in this year
1976,Universitaten (collective Austria),higher_education,3835051000.0,schilling,ATS,program_total,1976_Austria.pdf,40,Data/input/finance_bills/Austria/1976_Austria.pdf,,Total 142,covered_by_final_series,,,Collective Globalbudget line — use only when individual lines unavailable.
1976,Wirtschaftsuniversitat Wien (WU),higher_education,,,,,,,,,,covered_by_final_series,,,gap: no matching rows in this year
1977,BMBWF / Einzelplan 13 / UG 31 (total),rd_ministry,,,,,,,,,,covered_by_final_series,,,gap: no matching rows in this year
1977,CERN-Beitrag (Austria),direct_rd,,,,,,,,,,covered_by_final_series,,,gap: no matching rows in this year
1977,ESA-Beitrag (Austria),direct_rd,,,,,,,,,,covered_by_final_series,,,gap: no matching rows in this year
1977,FFG (Forschungsfoerderungsgesellschaft),science_agency,,,,,,,,,,covered_by_final_series,,,gap: no matching rows in this year
1977,FWF (Fonds zur Forderung der wissenschaftlichen Forschung),science_agency,,,,,,,,,,covered_by_final_series,,,gap: no matching rows in this year
1977,Johannes Kepler Universitat Linz (JKU),higher_education,,,,,,,,,,covered_by_final_series,,,gap: no matching rows in this year
1977,Ludwig Boltzmann Gesellschaft,science_agency,,,,,,,,,,covered_by_final_series,,,gap: no matching rows in this year
1977,OAW (Osterreichische Akademie der Wissenschaften),science_agency,,,,,,,,,,covered_by_final_series,,,gap: no matching rows in this year
1977,Technische Universitat Graz (TU Graz),higher_education,,,,,,,,,,covered_by_final_series,,,gap: no matching rows in this year
1977,Technische Universitat Wien (TU Wien),higher_education,,,,,,,,,,covered_by_final_series,,,gap: no matching rows in this year
1977,Universitat Graz (Karl-Franzens),higher_education,,,,,,,,,,covered_by_final_series,,,gap: no matching rows in this year
1977,Universitat Innsbruck,higher_education,,,,,,,,,,covered_by_final_series,,,gap: no matching rows in this year
1977,Universitat Wien,higher_education,,,,,,,,,,covered_by_final_series,,,gap: no matching rows in this year
1977,Universitat fur Bodenkultur Wien (BOKU),higher_education,,,,,,,,,,covered_by_final_series,,,gap: no matching rows in this year
1977,Universitaten (collective Austria),higher_education,4147370000.0,schilling,ATS,program_total,1977_Austria.pdf,39,Data/input/finance_bills/Austria/1977_Austria.pdf,,Total 142,covered_by_final_series,,,Collective Globalbudget line — use only when individual lines unavailable.
1977,Wirtschaftsuniversitat Wien (WU),higher_education,,,,,,,,,,covered_by_final_series,,,gap: no matching rows in this year
1978,BMBWF / Einzelplan 13 / UG 31 (total),rd_ministry,,,,,,,,,,covered_by_final_series,,,gap: no matching rows in this year
1978,CERN-Beitrag (Austria),direct_rd,,,,,,,,,,covered_by_final_series,,,gap: no matching rows in this year
1978,ESA-Beitrag (Austria),direct_rd,,,,,,,,,,covered_by_final_series,,,gap: no matching rows in this year
1978,FFG (Forschungsfoerderungsgesellschaft),science_agency,,,,,,,,,,covered_by_final_series,,,gap: no matching rows in this year
1978,FWF (Fonds zur Forderung der wissenschaftlichen Forschung),science_agency,,,,,,,,,,covered_by_final_series,,,gap: no matching rows in this year
1978,Johannes Kepler Universitat Linz (JKU),higher_education,,,,,,,,,,covered_by_final_series,,,gap: no matching rows in this year
1978,Ludwig Boltzmann Gesellschaft,science_agency,,,,,,,,,,covered_by_final_series,,,gap: no matching rows in this year
1978,OAW (Osterreichische Akademie der Wissenschaften),science_agency,84338000.0,schilling,ATS,line_item,1978_Austria.pdf,40,Data/input/finance_bills/Austria/1978_Austria.pdf,,Funding Expenditures,covered_by_final_series,,,
1978,Technische Universitat Graz (TU Graz),higher_education,,,,,,,,,,covered_by_final_series,,,gap: no matching rows in this year
1978,Technische Universitat Wien (TU Wien),higher_education,,,,,,,,,,covered_by_final_series,,,gap: no matching rows in this year
1978,Universitat Graz (Karl-Franzens),higher_education,,,,,,,,,,covered_by_final_series,,,gap: no matching rows in this year
1978,Universitat Innsbruck,higher_education,,,,,,,,,,covered_by_final_series,,,gap: no matching rows in this year
1978,Universitat Wien,higher_education,,,,,,,,,,covered_by_final_series,,,gap: no matching rows in this year
1978,Universitat fur Bodenkultur Wien (BOKU),higher_education,,,,,,,,,,covered_by_final_series,,,gap: no matching rows in this year
1978,Universitaten (collective Austria),higher_education,1398564000.0,schilling,ATS,program_total,1978_Austria.pdf,41,Data/input/finance_bills/Austria/1978_Austria.pdf,,Total 1420,covered_by_final_series,,,Collective Globalbudget line — use only when individual lines unavailable.
1978,Wirtschaftsuniversitat Wien (WU),higher_education,,,,,,,,,,covered_by_final_series,,,gap: no matching rows in this year
1979,BMBWF / Einzelplan 13 / UG 31 (total),rd_ministry,,,,,,,,,,covered_by_final_series,,,gap: no matching rows in this year
1979,CERN-Beitrag (Austria),direct_rd,,,,,,,,,,covered_by_final_series,,,gap: no matching rows in this year
1979,ESA-Beitrag (Austria),direct_rd,,,,,,,,,,covered_by_final_series,,,gap: no matching rows in this year
1979,FFG (Forschungsfoerderungsgesellschaft),science_agency,,,,,,,,,,covered_by_final_series,,,gap: no matching rows in this year
1979,FWF (Fonds zur Forderung der wissenschaftlichen Forschung),science_agency,,,,,,,,,,covered_by_final_series,,,gap: no matching rows in this year
1979,Johannes Kepler Universitat Linz (JKU),higher_education,,,,,,,,,,covered_by_final_series,,,gap: no matching rows in this year
1979,Ludwig Boltzmann Gesellschaft,science_agency,,,,,,,,,,covered_by_final_series,,,gap: no matching rows in this year
1979,OAW (Osterreichische Akademie der Wissenschaften),science_agency,112581000.0,schilling,ATS,program_total,1979_Austria.pdf,40,Data/input/finance_bills/Austria/1979_Austria.pdf,,Austrian Academy of Sciences,covered_by_final_series,,,
1979,Technische Universitat Graz (TU Graz),higher_education,,,,,,,,,,covered_by_final_series,,,gap: no matching rows in this year
1979,Technische Universitat Wien (TU Wien),higher_education,,,,,,,,,,covered_by_final_series,,,gap: no matching rows in this year
1979,Universitat Graz (Karl-Franzens),higher_education,,,,,,,,,,covered_by_final_series,,,gap: no matching rows in this year
1979,Universitat Innsbruck,higher_education,,,,,,,,,,covered_by_final_series,,,gap: no matching rows in this year
1979,Universitat Wien,higher_education,,,,,,,,,,covered_by_final_series,,,gap: no matching rows in this year
1979,Universitat fur Bodenkultur Wien (BOKU),higher_education,,,,,,,,,,covered_by_final_series,,,gap: no matching rows in this year
1979,Universitaten (collective Austria),higher_education,,,,,,,,,,covered_by_final_series,,,gap: no matching rows in this year
1979,Wirtschaftsuniversitat Wien (WU),higher_education,,,,,,,,,,covered_by_final_series,,,gap: no matching rows in this year
1980,BMBWF / Einzelplan 13 / UG 31 (total),rd_ministry,,,,,,,,,,covered_by_final_series,,,gap: no matching rows in this year
1980,CERN-Beitrag (Austria),direct_rd,,,,,,,,,,covered_by_final_series,,,gap: no matching rows in this year
1980,ESA-Beitrag (Austria),direct_rd,,,,,,,,,,covered_by_final_series,,,gap: no matching rows in this year
1980,FFG (Forschungsfoerderungsgesellschaft),science_agency,,,,,,,,,,covered_by_final_series,,,gap: no matching rows in this year
1980,FWF (Fonds zur Forderung der wissenschaftlichen Forschung),science_agency,,,,,,,,,,covered_by_final_series,,,gap: no matching rows in this year
1980,Johannes Kepler Universitat Linz (JKU),higher_education,,,,,,,,,,covered_by_final_series,,,gap: no matching rows in this year
1980,Ludwig Boltzmann Gesellschaft,science_agency,,,,,,,,,,covered_by_final_series,,,gap: no matching rows in this year
1980,OAW (Osterreichische Akademie der Wissenschaften),science_agency,104121000.0,schilling,ATS,line_item,1980_Austria.pdf,40,Data/input/finance_bills/Austria/1980_Austria.pdf,,Funding expenditures,covered_by_final_series,,,
1980,Technische Universitat Graz (TU Graz),higher_education,,,,,,,,,,covered_by_final_series,,,gap: no matching rows in this year
1980,Technische Universitat Wien (TU Wien),higher_education,,,,,,,,,,covered_by_final_series,,,gap: no matching rows in this year
1980,Universitat Graz (Karl-Franzens),higher_education,,,,,,,,,,covered_by_final_series,,,gap: no matching rows in this year
1980,Universitat Innsbruck,higher_education,,,,,,,,,,covered_by_final_series,,,gap: no matching rows in this year
1980,Universitat Wien,higher_education,,,,,,,,,,covered_by_final_series,,,gap: no matching rows in this year
1980,Universitat fur Bodenkultur Wien (BOKU),higher_education,,,,,,,,,,covered_by_final_series,,,gap: no matching rows in this year
1980,Universitaten (collective Austria),higher_education,,,,,,,,,,covered_by_final_series,,,gap: no matching rows in this year
1980,Wirtschaftsuniversitat Wien (WU),higher_education,,,,,,,,,,covered_by_final_series,,,gap: no matching rows in this year
1981,BMBWF / Einzelplan 13 / UG 31 (total),rd_ministry,,,,,,,,,,covered_by_final_series,,,gap: no matching rows in this year
1981,CERN-Beitrag (Austria),direct_rd,,,,,,,,,,covered_by_final_series,,,gap: no matching rows in this year
1981,ESA-Beitrag (Austria),direct_rd,,,,,,,,,,covered_by_final_series,,,gap: no matching rows in this year
1981,FFG (Forschungsfoerderungsgesellschaft),science_agency,,,,,,,,,,covered_by_final_series,,,gap: no matching rows in this year
1981,FWF (Fonds zur Forderung der wissenschaftlichen Forschung),science_agency,,,,,,,,,,covered_by_final_series,,,gap: no matching rows in this year
1981,Johannes Kepler Universitat Linz (JKU),higher_education,,,,,,,,,,covered_by_final_series,,,gap: no matching rows in this year
1981,Ludwig Boltzmann Gesellschaft,science_agency,,,,,,,,,,covered_by_final_series,,,gap: no matching rows in this year
1981,OAW (Osterreichische Akademie der Wissenschaften),science_agency,94221000.0,schilling,ATS,line_item,1981_Austria.pdf,40,Data/input/finance_bills/Austria/1981_Austria.pdf,,Funding Expenditures,covered_by_final_series,,,
1981,Technische Universitat Graz (TU Graz),higher_education,,,,,,,,,,covered_by_final_series,,,gap: no matching rows in this year
1981,Technische Universitat Wien (TU Wien),higher_education,,,,,,,,,,covered_by_final_series,,,gap: no matching rows in this year
1981,Universitat Graz (Karl-Franzens),higher_education,,,,,,,,,,covered_by_final_series,,,gap: no matching rows in this year
1981,Universitat Innsbruck,higher_education,,,,,,,,,,covered_by_final_series,,,gap: no matching rows in this year
1981,Universitat Wien,higher_education,,,,,,,,,,covered_by_final_series,,,gap: no matching rows in this year
1981,Universitat fur Bodenkultur Wien (BOKU),higher_education,,,,,,,,,,covered_by_final_series,,,gap: no matching rows in this year
1981,Universitaten (collective Austria),higher_education,5193065000.0,schilling,ATS,program_total,1981_Austria.pdf,40,Data/input/finance_bills/Austria/1981_Austria.pdf,,Total 1420,covered_by_final_series,,,Collective Globalbudget line — use only when individual lines unavailable.
1981,Wirtschaftsuniversitat Wien (WU),higher_education,,,,,,,,,,covered_by_final_series,,,gap: no matching rows in this year
1982,BMBWF / Einzelplan 13 / UG 31 (total),rd_ministry,,,,,,,,,,covered_by_final_series,,,gap: no matching rows in this year
1982,CERN-Beitrag (Austria),direct_rd,,,,,,,,,,covered_by_final_series,,,gap: no matching rows in this year
1982,ESA-Beitrag (Austria),direct_rd,,,,,,,,,,covered_by_final_series,,,gap: no matching rows in this year
1982,FFG (Forschungsfoerderungsgesellschaft),science_agency,,,,,,,,,,covered_by_final_series,,,gap: no matching rows in this year
1982,FWF (Fonds zur Forderung der wissenschaftlichen Forschung),science_agency,,,,,,,,,,covered_by_final_series,,,gap: no matching rows in this year
1982,Johannes Kepler Universitat Linz (JKU),higher_education,,,,,,,,,,covered_by_final_series,,,gap: no matching rows in this year
1982,Ludwig Boltzmann Gesellschaft,science_agency,,,,,,,,,,covered_by_final_series,,,gap: no matching rows in this year
1982,OAW (Osterreichische Akademie der Wissenschaften),science_agency,127545000.0,schilling,ATS,program_total,1982_Austria.pdf,42,Data/input/finance_bills/Austria/1982_Austria.pdf,,Funding Expenditures,covered_by_final_series,,,
1982,Technische Universitat Graz (TU Graz),higher_education,,,,,,,,,,covered_by_final_series,,,gap: no matching rows in this year
1982,Technische Universitat Wien (TU Wien),higher_education,,,,,,,,,,covered_by_final_series,,,gap: no matching rows in this year
1982,Universitat Graz (Karl-Franzens),higher_education,,,,,,,,,,covered_by_final_series,,,gap: no matching rows in this year
1982,Universitat Innsbruck,higher_education,,,,,,,,,,covered_by_final_series,,,gap: no matching rows in this year
1982,Universitat Wien,higher_education,,,,,,,,,,covered_by_final_series,,,gap: no matching rows in this year
1982,Universitat fur Bodenkultur Wien (BOKU),higher_education,,,,,,,,,,covered_by_final_series,,,gap: no matching rows in this year
1982,Universitaten (collective Austria),higher_education,,,,,,,,,,covered_by_final_series,,,gap: no matching rows in this year
1982,Wirtschaftsuniversitat Wien (WU),higher_education,,,,,,,,,,covered_by_final_series,,,gap: no matching rows in this year
1983,BMBWF / Einzelplan 13 / UG 31 (total),rd_ministry,,,,,,,,,,covered_by_final_series,,,gap: no matching rows in this year
1983,CERN-Beitrag (Austria),direct_rd,,,,,,,,,,covered_by_final_series,,,gap: no matching rows in this year
1983,ESA-Beitrag (Austria),direct_rd,,,,,,,,,,covered_by_final_series,,,gap: no matching rows in this year
1983,FFG (Forschungsfoerderungsgesellschaft),science_agency,94795000.0,schilling,ATS,line_item,1983_Austria.pdf,46,Data/input/finance_bills/Austria/1983_Austria.pdf,,Funding expenditures for the Research Promotion Fund for the Commercial Economy,covered_by_final_series,,,FFG created 2004 from merger of FFF + BIT + ASA. Pre-2004 match via 'fff' variant.
1983,FWF (Fonds zur Forderung der wissenschaftlichen Forschung),science_agency,430848000.0,schilling,ATS,line_item,1983_Austria.pdf,196,Data/input/finance_bills/Austria/1983_Austria.pdf,,Austrian Science Fund (FWF),covered_by_final_series,,,Annual state appropriation — core basic research funder.
1983,Johannes Kepler Universitat Linz (JKU),higher_education,,,,,,,,,,covered_by_final_series,,,gap: no matching rows in this year
1983,Ludwig Boltzmann Gesellschaft,science_agency,,,,,,,,,,covered_by_final_series,,,gap: no matching rows in this year
1983,OAW (Osterreichische Akademie der Wissenschaften),science_agency,430848000.0,schilling,ATS,line_item,1983_Austria.pdf,196,Data/input/finance_bills/Austria/1983_Austria.pdf,,Austrian Academy of Sciences,covered_by_final_series,,,
1983,Technische Universitat Graz (TU Graz),higher_education,,,,,,,,,,covered_by_final_series,,,gap: no matching rows in this year
1983,Technische Universitat Wien (TU Wien),higher_education,,,,,,,,,,covered_by_final_series,,,gap: no matching rows in this year
1983,Universitat Graz (Karl-Franzens),higher_education,,,,,,,,,,covered_by_final_series,,,gap: no matching rows in this year
1983,Universitat Innsbruck,higher_education,,,,,,,,,,covered_by_final_series,,,gap: no matching rows in this year
1983,Universitat Wien,higher_education,,,,,,,,,,covered_by_final_series,,,gap: no matching rows in this year
1983,Universitat fur Bodenkultur Wien (BOKU),higher_education,,,,,,,,,,covered_by_final_series,,,gap: no matching rows in this year
1983,Universitaten (collective Austria),higher_education,,,,,,,,,,covered_by_final_series,,,gap: no matching rows in this year
1983,Wirtschaftsuniversitat Wien (WU),higher_education,,,,,,,,,,covered_by_final_series,,,gap: no matching rows in this year
1984,BMBWF / Einzelplan 13 / UG 31 (total),rd_ministry,,,,,,,,,,covered_by_final_series,,,gap: no matching rows in this year
1984,CERN-Beitrag (Austria),direct_rd,5000000.0,schilling,ATS,line_item,1984_Austria.pdf,200,Data/input/finance_bills/Austria/1984_Austria.pdf,,Contribution to CERN,covered_by_final_series,,,
1984,ESA-Beitrag (Austria),direct_rd,,,,,,,,,,covered_by_final_series,,,gap: no matching rows in this year
1984,FFG (Forschungsfoerderungsgesellschaft),science_agency,500000000.0,schilling,ATS,line_item,1984_Austria.pdf,48,Data/input/finance_bills/Austria/1984_Austria.pdf,,Research Promotion Fund for Industry,covered_by_final_series,,,FFG created 2004 from merger of FFF + BIT + ASA. Pre-2004 match via 'fff' variant.
1984,FWF (Fonds zur Forderung der wissenschaftlichen Forschung),science_agency,201000000.0,schilling,ATS,line_item,1984_Austria.pdf,48,Data/input/finance_bills/Austria/1984_Austria.pdf,,Austrian Science Fund,covered_by_final_series,,,Annual state appropriation — core basic research funder.
1984,Johannes Kepler Universitat Linz (JKU),higher_education,,,,,,,,,,covered_by_final_series,,,gap: no matching rows in this year
1984,Ludwig Boltzmann Gesellschaft,science_agency,10000000.0,schilling,ATS,line_item,1984_Austria.pdf,200,Data/input/finance_bills/Austria/1984_Austria.pdf,,Ludwig Boltzmann Society,covered_by_final_series,,,
1984,OAW (Osterreichische Akademie der Wissenschaften),science_agency,71666000.0,schilling,ATS,line_item,1984_Austria.pdf,50,Data/input/finance_bills/Austria/1984_Austria.pdf,,Austrian Academy of Sciences and Research Institutes,covered_by_final_series,,,
1984,Technische Universitat Graz (TU Graz),higher_education,,,,,,,,,,covered_by_final_series,,,gap: no matching rows in this year
1984,Technische Universitat Wien (TU Wien),higher_education,,,,,,,,,,covered_by_final_series,,,gap: no matching rows in this year
1984,Universitat Graz (Karl-Franzens),higher_education,,,,,,,,,,covered_by_final_series,,,gap: no matching rows in this year
1984,Universitat Innsbruck,higher_education,,,,,,,,,,covered_by_final_series,,,gap: no matching rows in this year
1984,Universitat Wien,higher_education,,,,,,,,,,covered_by_final_series,,,gap: no matching rows in this year
1984,Universitat fur Bodenkultur Wien (BOKU),higher_education,,,,,,,,,,covered_by_final_series,,,gap: no matching rows in this year
1984,Universitaten (collective Austria),higher_education,4226640000.0000005,schilling,ATS,line_item,1984_Austria.pdf,50,Data/input/finance_bills/Austria/1984_Austria.pdf,,Universities,covered_by_final_series,,,Collective Globalbudget line — use only when individual lines unavailable.
1984,Wirtschaftsuniversitat Wien (WU),higher_education,,,,,,,,,,covered_by_final_series,,,gap: no matching rows in this year
1985,BMBWF / Einzelplan 13 / UG 31 (total),rd_ministry,,,,,,,,,,covered_by_final_series,,,gap: no matching rows in this year
1985,CERN-Beitrag (Austria),direct_rd,,,,,,,,,,covered_by_final_series,,,gap: no matching rows in this year
1985,ESA-Beitrag (Austria),direct_rd,,,,,,,,,,covered_by_final_series,,,gap: no matching rows in this year
1985,FFG (Forschungsfoerderungsgesellschaft),science_agency,120000000.0,schilling,ATS,line_item,1985_Austria.pdf,190,Data/input/finance_bills/Austria/1985_Austria.pdf,,Research Promotion Agency (FFG),covered_by_final_series,,,FFG created 2004 from merger of FFF + BIT + ASA. Pre-2004 match via 'fff' variant.
1985,FWF (Fonds zur Forderung der wissenschaftlichen Forschung),science_agency,200000000.0,schilling,ATS,line_item,1985_Austria.pdf,190,Data/input/finance_bills/Austria/1985_Austria.pdf,,Austrian Science Fund (FWF),covered_by_final_series,,,Annual state appropriation — core basic research funder.
1985,Johannes Kepler Universitat Linz (JKU),higher_education,,,,,,,,,,covered_by_final_series,,,gap: no matching rows in this year
1985,Ludwig Boltzmann Gesellschaft,science_agency,,,,,,,,,,covered_by_final_series,,,gap: no matching rows in this year
1985,OAW (Osterreichische Akademie der Wissenschaften),science_agency,50000000.0,schilling,ATS,line_item,1985_Austria.pdf,190,Data/input/finance_bills/Austria/1985_Austria.pdf,,Austrian Academy of Sciences (ÖAW),covered_by_final_series,,,
1985,Technische Universitat Graz (TU Graz),higher_education,,,,,,,,,,covered_by_final_series,,,gap: no matching rows in this year
1985,Technische Universitat Wien (TU Wien),higher_education,,,,,,,,,,covered_by_final_series,,,gap: no matching rows in this year
1985,Universitat Graz (Karl-Franzens),higher_education,,,,,,,,,,covered_by_final_series,,,gap: no matching rows in this year
1985,Universitat Innsbruck,higher_education,,,,,,,,,,covered_by_final_series,,,gap: no matching rows in this year
1985,Universitat Wien,higher_education,,,,,,,,,,covered_by_final_series,,,gap: no matching rows in this year
1985,Universitat fur Bodenkultur Wien (BOKU),higher_education,,,,,,,,,,covered_by_final_series,,,gap: no matching rows in this year
1985,Universitaten (collective Austria),higher_education,4663871000.0,schilling,ATS,line_item,1985_Austria.pdf,52,Data/input/finance_bills/Austria/1985_Austria.pdf,,Universities: Personnel Expenses,covered_by_final_series,,,Collective Globalbudget line — use only when individual lines unavailable.
1985,Wirtschaftsuniversitat Wien (WU),higher_education,,,,,,,,,,covered_by_final_series,,,gap: no matching rows in this year
1986,BMBWF / Einzelplan 13 / UG 31 (total),rd_ministry,,,,,,,,,,covered_by_final_series,,,gap: no matching rows in this year
1986,CERN-Beitrag (Austria),direct_rd,,,,,,,,,,covered_by_final_series,,,gap: no matching rows in this year
1986,ESA-Beitrag (Austria),direct_rd,,,,,,,,,,covered_by_final_series,,,gap: no matching rows in this year
1986,FFG (Forschungsfoerderungsgesellschaft),science_agency,,,,,,,,,,covered_by_final_series,,,gap: no matching rows in this year
1986,FWF (Fonds zur Forderung der wissenschaftlichen Forschung),science_agency,,,,,,,,,,covered_by_final_series,,,gap: no matching rows in this year
1986,Johannes Kepler Universitat Linz (JKU),higher_education,,,,,,,,,,covered_by_final_series,,,gap: no matching rows in this year
1986,Ludwig Boltzmann Gesellschaft,science_agency,,,,,,,,,,covered_by_final_series,,,gap: no matching rows in this year
1986,OAW (Osterreichische Akademie der Wissenschaften),science_agency,189251000.0,schilling,ATS,program_total,1986_Austria.pdf,50,Data/input/finance_bills/Austria/1986_Austria.pdf,,Funding expenditures,covered_by_final_series,,,
1986,Technische Universitat Graz (TU Graz),higher_education,,,,,,,,,,covered_by_final_series,,,gap: no matching rows in this year
1986,Technische Universitat Wien (TU Wien),higher_education,,,,,,,,,,covered_by_final_series,,,gap: no matching rows in this year
1986,Universitat Graz (Karl-Franzens),higher_education,,,,,,,,,,covered_by_final_series,,,gap: no matching rows in this year
1986,Universitat Innsbruck,higher_education,,,,,,,,,,covered_by_final_series,,,gap: no matching rows in this year
1986,Universitat Wien,higher_education,,,,,,,,,,covered_by_final_series,,,gap: no matching rows in this year
1986,Universitat fur Bodenkultur Wien (BOKU),higher_education,,,,,,,,,,covered_by_final_series,,,gap: no matching rows in this year
1986,Universitaten (collective Austria),higher_education,,,,,,,,,,covered_by_final_series,,,gap: no matching rows in this year
1986,Wirtschaftsuniversitat Wien (WU),higher_education,,,,,,,,,,covered_by_final_series,,,gap: no matching rows in this year
1988,BMBWF / Einzelplan 13 / UG 31 (total),rd_ministry,,,,,,,,,,covered_by_final_series,,,gap: no matching rows in this year
1988,CERN-Beitrag (Austria),direct_rd,,,,,,,,,,covered_by_final_series,,,gap: no matching rows in this year
1988,Christian Doppler Forschungsgesellschaft (CD-Labor),science_agency,,,,,,,,,,covered_by_final_series,,,gap: no matching rows in this year
1988,ESA-Beitrag (Austria),direct_rd,,,,,,,,,,covered_by_final_series,,,gap: no matching rows in this year
1988,FFG (Forschungsfoerderungsgesellschaft),science_agency,,,,,,,,,,covered_by_final_series,,,gap: no matching rows in this year
1988,FWF (Fonds zur Forderung der wissenschaftlichen Forschung),science_agency,82532000.0,schilling,ATS,line_item,1988_Austria.pdf,185,Data/input/finance_bills/Austria/1988_Austria.pdf,,Austrian Science Fund (FWF),covered_by_final_series,,,Annual state appropriation — core basic research funder.
1988,Johannes Kepler Universitat Linz (JKU),higher_education,,,,,,,,,,covered_by_final_series,,,gap: no matching rows in this year
1988,Ludwig Boltzmann Gesellschaft,science_agency,,,,,,,,,,covered_by_final_series,,,gap: no matching rows in this year
1988,OAW (Osterreichische Akademie der Wissenschaften),science_agency,47344000.0,schilling,ATS,line_item,1988_Austria.pdf,185,Data/input/finance_bills/Austria/1988_Austria.pdf,,Austrian Academy of Sciences (ÖAW),covered_by_final_series,,,
1988,Technische Universitat Graz (TU Graz),higher_education,,,,,,,,,,covered_by_final_series,,,gap: no matching rows in this year
1988,Technische Universitat Wien (TU Wien),higher_education,,,,,,,,,,covered_by_final_series,,,gap: no matching rows in this year
1988,Universitat Graz (Karl-Franzens),higher_education,,,,,,,,,,covered_by_final_series,,,gap: no matching rows in this year
1988,Universitat Innsbruck,higher_education,,,,,,,,,,covered_by_final_series,,,gap: no matching rows in this year
1988,Universitat Wien,higher_education,,,,,,,,,,covered_by_final_series,,,gap: no matching rows in this year
1988,Universitat fur Bodenkultur Wien (BOKU),higher_education,,,,,,,,,,covered_by_final_series,,,gap: no matching rows in this year
1988,Universitaten (collective Austria),higher_education,,,,,,,,,,covered_by_final_series,,,gap: no matching rows in this year
1988,Wirtschaftsuniversitat Wien (WU),higher_education,,,,,,,,,,covered_by_final_series,,,gap: no matching rows in this year
1989,BMBWF / Einzelplan 13 / UG 31 (total),rd_ministry,,,,,,,,,,covered_by_final_series,,,gap: no matching rows in this year
1989,CERN-Beitrag (Austria),direct_rd,,,,,,,,,,covered_by_final_series,,,gap: no matching rows in this year
1989,Christian Doppler Forschungsgesellschaft (CD-Labor),science_agency,,,,,,,,,,covered_by_final_series,,,gap: no matching rows in this year
1989,ESA-Beitrag (Austria),direct_rd,,,,,,,,,,covered_by_final_series,,,gap: no matching rows in this year
1989,FFG (Forschungsfoerderungsgesellschaft),science_agency,,,,,,,,,,covered_by_final_series,,,gap: no matching rows in this year
1989,FWF (Fonds zur Forderung der wissenschaftlichen Forschung),science_agency,,,,,,,,,,covered_by_final_series,,,gap: no matching rows in this year
1989,Johannes Kepler Universitat Linz (JKU),higher_education,,,,,,,,,,covered_by_final_series,,,gap: no matching rows in this year
1989,Ludwig Boltzmann Gesellschaft,science_agency,,,,,,,,,,covered_by_final_series,,,gap: no matching rows in this year
1989,OAW (Osterreichische Akademie der Wissenschaften),science_agency,147508000.0,schilling,ATS,line_item,1989_Austria.pdf,50,Data/input/finance_bills/Austria/1989_Austria.pdf,,Ausgaben nach Maßgabe zweckgebundener Einnahmen,covered_by_final_series,,,
1989,Technische Universitat Graz (TU Graz),higher_education,,,,,,,,,,covered_by_final_series,,,gap: no matching rows in this year
1989,Technische Universitat Wien (TU Wien),higher_education,,,,,,,,,,covered_by_final_series,,,gap: no matching rows in this year
1989,Universitat Graz (Karl-Franzens),higher_education,,,,,,,,,,covered_by_final_series,,,gap: no matching rows in this year
1989,Universitat Innsbruck,higher_education,,,,,,,,,,covered_by_final_series,,,gap: no matching rows in this year
1989,Universitat Wien,higher_education,,,,,,,,,,covered_by_final_series,,,gap: no matching rows in this year
1989,Universitat fur Bodenkultur Wien (BOKU),higher_education,,,,,,,,,,covered_by_final_series,,,gap: no matching rows in this year
1989,Universitaten (collective Austria),higher_education,0.0,schilling,ATS,line_item,1989_Austria.pdf,52,Data/input/finance_bills/Austria/1989_Austria.pdf,,Personnel expenses,covered_by_final_series,,,Collective Globalbudget line — use only when individual lines unavailable.
1989,Wirtschaftsuniversitat Wien (WU),higher_education,,,,,,,,,,covered_by_final_series,,,gap: no matching rows in this year
1990,BMBWF / Einzelplan 13 / UG 31 (total),rd_ministry,,,,,,,,,,covered_by_final_series,,,gap: no matching rows in this year
1990,CERN-Beitrag (Austria),direct_rd,2000000.0,schilling,ATS,line_item,1990_Austria.pdf,178,Data/input/finance_bills/Austria/1990_Austria.pdf,,Contribution to CERN,covered_by_final_series,,,
1990,Christian Doppler Forschungsgesellschaft (CD-Labor),science_agency,5000000.0,schilling,ATS,line_item,1990_Austria.pdf,178,Data/input/finance_bills/Austria/1990_Austria.pdf,,Christian Doppler Research Society (CD-Labor),covered_by_final_series,,,
1990,ESA-Beitrag (Austria),direct_rd,1500000.0,schilling,ATS,line_item,1990_Austria.pdf,178,Data/input/finance_bills/Austria/1990_Austria.pdf,,Contribution to ESA,covered_by_final_series,,,
1990,FFG (Forschungsfoerderungsgesellschaft),science_agency,,,,,,,,,,covered_by_final_series,,,gap: no matching rows in this year
1990,FWF (Fonds zur Forderung der wissenschaftlichen Forschung),science_agency,731285000.0,schilling,ATS,line_item,1990_Austria.pdf,181,Data/input/finance_bills/Austria/1990_Austria.pdf,,Austrian Science Fund (FWF),covered_by_final_series,,,Annual state appropriation — core basic research funder.
1990,Johannes Kepler Universitat Linz (JKU),higher_education,,,,,,,,,,covered_by_final_series,,,gap: no matching rows in this year
1990,Ludwig Boltzmann Gesellschaft,science_agency,10000000.0,schilling,ATS,line_item,1990_Austria.pdf,178,Data/input/finance_bills/Austria/1990_Austria.pdf,,Ludwig Boltzmann Society,covered_by_final_series,,,
1990,OAW (Osterreichische Akademie der Wissenschaften),science_agency,199757000.0,schilling,ATS,line_item,1990_Austria.pdf,181,Data/input/finance_bills/Austria/1990_Austria.pdf,,Austrian Academy of Sciences (ÖAW),covered_by_final_series,,,
1990,Technische Universitat Graz (TU Graz),higher_education,,,,,,,,,,covered_by_final_series,,,gap: no matching rows in this year
1990,Technische Universitat Wien (TU Wien),higher_education,,,,,,,,,,covered_by_final_series,,,gap: no matching rows in this year
1990,Universitat Graz (Karl-Franzens),higher_education,,,,,,,,,,covered_by_final_series,,,gap: no matching rows in this year
1990,Universitat Innsbruck,higher_education,,,,,,,,,,covered_by_final_series,,,gap: no matching rows in this year
1990,Universitat Wien,higher_education,,,,,,,,,,covered_by_final_series,,,gap: no matching rows in this year
1990,Universitat fur Bodenkultur Wien (BOKU),higher_education,,,,,,,,,,covered_by_final_series,,,gap: no matching rows in this year
1990,Universitaten (collective Austria),higher_education,315706000.0,schilling,ATS,line_item,1990_Austria.pdf,187,Data/input/finance_bills/Austria/1990_Austria.pdf,,Universities,covered_by_final_series,,,Collective Globalbudget line — use only when individual lines unavailable.
1990,Wirtschaftsuniversitat Wien (WU),higher_education,,,,,,,,,,covered_by_final_series,,,gap: no matching rows in this year
1991,BMBWF / Einzelplan 13 / UG 31 (total),rd_ministry,,,,,,,,,,covered_by_final_series,,,gap: no matching rows in this year
1991,CERN-Beitrag (Austria),direct_rd,124057000.0,schilling,ATS,line_item,1991_Austria_proposal.pdf,178,Data/input/finance_bills/Austria/1991_Austria_proposal.pdf,,Austrian contribution to CERN,covered_by_final_series,,,
1991,Christian Doppler Forschungsgesellschaft (CD-Labor),science_agency,,,,,,,,,,covered_by_final_series,,,gap: no matching rows in this year
1991,ESA-Beitrag (Austria),direct_rd,70000.0,schilling,ATS,line_item,1991_Austria_proposal.pdf,178,Data/input/finance_bills/Austria/1991_Austria_proposal.pdf,,Austrian contribution to ESA,covered_by_final_series,,,
1991,FFG (Forschungsfoerderungsgesellschaft),science_agency,,,,,,,,,,covered_by_final_series,,,gap: no matching rows in this year
1991,FWF (Fonds zur Forderung der wissenschaftlichen Forschung),science_agency,,,,,,,,,,covered_by_final_series,,,gap: no matching rows in this year
1991,Johannes Kepler Universitat Linz (JKU),higher_education,,,,,,,,,,covered_by_final_series,,,gap: no matching rows in this year
1991,Ludwig Boltzmann Gesellschaft,science_agency,,,,,,,,,,covered_by_final_series,,,gap: no matching rows in this year
1991,OAW (Osterreichische Akademie der Wissenschaften),science_agency,238090000.0,schilling,ATS,line_item,1991_Austria_proposal.pdf,48,Data/input/finance_bills/Austria/1991_Austria_proposal.pdf,,Grants,covered_by_final_series,,,
1991,Technische Universitat Graz (TU Graz),higher_education,,,,,,,,,,covered_by_final_series,,,gap: no matching rows in this year
1991,Technische Universitat Wien (TU Wien),higher_education,,,,,,,,,,covered_by_final_series,,,gap: no matching rows in this year
1991,Universitat Graz (Karl-Franzens),higher_education,,,,,,,,,,covered_by_final_series,,,gap: no matching rows in this year
1991,Universitat Innsbruck,higher_education,,,,,,,,,,covered_by_final_series,,,gap: no matching rows in this year
1991,Universitat Wien,higher_education,,,,,,,,,,covered_by_final_series,,,gap: no matching rows in this year
1991,Universitat fur Bodenkultur Wien (BOKU),higher_education,,,,,,,,,,covered_by_final_series,,,gap: no matching rows in this year
1991,Universitaten (collective Austria),higher_education,9214284000.0,schilling,ATS,line_item,1991_Austria_proposal.pdf,174,Data/input/finance_bills/Austria/1991_Austria_proposal.pdf,,Performance agreements for universities,covered_by_final_series,,,Collective Globalbudget line — use only when individual lines unavailable.
1991,Wirtschaftsuniversitat Wien (WU),higher_education,,,,,,,,,,covered_by_final_series,,,gap: no matching rows in this year
1992,BMBWF / Einzelplan 13 / UG 31 (total),rd_ministry,10624006000.0,schilling,ATS,section_total,1992_Austria.pdf,172,Data/input/finance_bills/Austria/1992_Austria.pdf,,Total,covered_by_final_series,,,Ministry name changed: BMWF → BMWV → BMBWK → BMWFW → BMBWF. Use as section total only if individual FWF/FFG/ÖAW lines unavailable.
1992,CERN-Beitrag (Austria),direct_rd,100000000.0,schilling,ATS,line_item,1992_Austria.pdf,172,Data/input/finance_bills/Austria/1992_Austria.pdf,,Contribution to CERN,covered_by_final_series,,,
1992,Christian Doppler Forschungsgesellschaft (CD-Labor),science_agency,150000000.0,schilling,ATS,line_item,1992_Austria.pdf,172,Data/input/finance_bills/Austria/1992_Austria.pdf,,Christian Doppler Research Society (CD-Labor),covered_by_final_series,,,
1992,ESA-Beitrag (Austria),direct_rd,50000000.0,schilling,ATS,line_item,1992_Austria.pdf,172,Data/input/finance_bills/Austria/1992_Austria.pdf,,Contribution to ESA,covered_by_final_series,,,
1992,FFG (Forschungsfoerderungsgesellschaft),science_agency,800000000.0,schilling,ATS,program_total,1992_Austria.pdf,172,Data/input/finance_bills/Austria/1992_Austria.pdf,,Research Promotion Fund for Industry (FFF),covered_by_final_series,,,FFG created 2004 from merger of FFF + BIT + ASA. Pre-2004 match via 'fff' variant.
1992,FWF (Fonds zur Forderung der wissenschaftlichen Forschung),science_agency,2000000.0,schilling,ATS,line_item,1992_Austria.pdf,172,Data/input/finance_bills/Austria/1992_Austria.pdf,,Austrian Science Fund (FWF),covered_by_final_series,,,Annual state appropriation — core basic research funder.
1992,Johannes Kepler Universitat Linz (JKU),higher_education,,,,,,,,,,covered_by_final_series,,,gap: no matching rows in this year
1992,Ludwig Boltzmann Gesellschaft,science_agency,,,,,,,,,,covered_by_final_series,,,gap: no matching rows in this year
1992,OAW (Osterreichische Akademie der Wissenschaften),science_agency,243090000.0,schilling,ATS,line_item,1992_Austria.pdf,48,Data/input/finance_bills/Austria/1992_Austria.pdf,,Grants,covered_by_final_series,,,
1992,Technische Universitat Graz (TU Graz),higher_education,,,,,,,,,,covered_by_final_series,,,gap: no matching rows in this year
1992,Technische Universitat Wien (TU Wien),higher_education,,,,,,,,,,covered_by_final_series,,,gap: no matching rows in this year
1992,Universitat Graz (Karl-Franzens),higher_education,,,,,,,,,,covered_by_final_series,,,gap: no matching rows in this year
1992,Universitat Innsbruck,higher_education,,,,,,,,,,covered_by_final_series,,,gap: no matching rows in this year
1992,Universitat Wien,higher_education,,,,,,,,,,covered_by_final_series,,,gap: no matching rows in this year
1992,Universitat fur Bodenkultur Wien (BOKU),higher_education,,,,,,,,,,covered_by_final_series,,,gap: no matching rows in this year
1992,Universitaten (collective Austria),higher_education,8064768000.0,schilling,ATS,line_item,1992_Austria.pdf,50,Data/input/finance_bills/Austria/1992_Austria.pdf,,Personnel Expenditures,covered_by_final_series,,,Collective Globalbudget line — use only when individual lines unavailable.
1992,Wirtschaftsuniversitat Wien (WU),higher_education,,,,,,,,,,covered_by_final_series,,,gap: no matching rows in this year
1993,BMBWF / Einzelplan 13 / UG 31 (total),rd_ministry,10759049000.0,schilling,ATS,section_total,1993_Austria.pdf,172,Data/input/finance_bills/Austria/1993_Austria.pdf,,Total,covered_by_final_series,,,Ministry name changed: BMWF → BMWV → BMBWK → BMWFW → BMBWF. Use as section total only if individual FWF/FFG/ÖAW lines unavailable.
1993,CERN-Beitrag (Austria),direct_rd,100000000.0,schilling,ATS,line_item,1993_Austria.pdf,90,Data/input/finance_bills/Austria/1993_Austria.pdf,,Contribution to CERN,covered_by_final_series,,,
1993,Christian Doppler Forschungsgesellschaft (CD-Labor),science_agency,,,,,,,,,,covered_by_final_series,,,gap: no matching rows in this year
1993,ESA-Beitrag (Austria),direct_rd,,,,,,,,,,covered_by_final_series,,,gap: no matching rows in this year
1993,FFG (Forschungsfoerderungsgesellschaft),science_agency,500000000.0,schilling,ATS,program_total,1993_Austria.pdf,90,Data/input/finance_bills/Austria/1993_Austria.pdf,,Research Promotion Fund for Industry (FFF),covered_by_final_series,,,FFG created 2004 from merger of FFF + BIT + ASA. Pre-2004 match via 'fff' variant.
1993,FWF (Fonds zur Forderung der wissenschaftlichen Forschung),science_agency,2000000.0,schilling,ATS,line_item,1993_Austria.pdf,90,Data/input/finance_bills/Austria/1993_Austria.pdf,,Austrian Science Fund (FWF),covered_by_final_series,,,Annual state appropriation — core basic research funder.
1993,Johannes Kepler Universitat Linz (JKU),higher_education,,,,,,,,,,covered_by_final_series,,,gap: no matching rows in this year
1993,Ludwig Boltzmann Gesellschaft,science_agency,,,,,,,,,,covered_by_final_series,,,gap: no matching rows in this year
1993,OAW (Osterreichische Akademie der Wissenschaften),science_agency,1500000.0,schilling,ATS,line_item,1993_Austria.pdf,90,Data/input/finance_bills/Austria/1993_Austria.pdf,,Austrian Academy of Sciences (ÖAW),covered_by_final_series,,,
1993,Technische Universitat Graz (TU Graz),higher_education,,,,,,,,,,covered_by_final_series,,,gap: no matching rows in this year
1993,Technische Universitat Wien (TU Wien),higher_education,,,,,,,,,,covered_by_final_series,,,gap: no matching rows in this year
1993,Universitat Graz (Karl-Franzens),higher_education,,,,,,,,,,covered_by_final_series,,,gap: no matching rows in this year
1993,Universitat Innsbruck,higher_education,,,,,,,,,,covered_by_final_series,,,gap: no matching rows in this year
1993,Universitat Wien,higher_education,,,,,,,,,,covered_by_final_series,,,gap: no matching rows in this year
1993,Universitat fur Bodenkultur Wien (BOKU),higher_education,,,,,,,,,,covered_by_final_series,,,gap: no matching rows in this year
1993,Universitaten (collective Austria),higher_education,8250475000.0,schilling,ATS,line_item,1993_Austria.pdf,51,Data/input/finance_bills/Austria/1993_Austria.pdf,,Universities,covered_by_final_series,,,Collective Globalbudget line — use only when individual lines unavailable.
1993,Wirtschaftsuniversitat Wien (WU),higher_education,,,,,,,,,,covered_by_final_series,,,gap: no matching rows in this year
1994,BMBWF / Einzelplan 13 / UG 31 (total),rd_ministry,,,,,,,,,,covered_by_final_series,,,gap: no matching rows in this year
1994,CERN-Beitrag (Austria),direct_rd,20000000.0,schilling,ATS,line_item,1994_Austria.pdf,124,Data/input/finance_bills/Austria/1994_Austria.pdf,,Contribution to CERN,covered_by_final_series,,,
1994,Christian Doppler Forschungsgesellschaft (CD-Labor),science_agency,50000000.0,schilling,ATS,line_item,1994_Austria.pdf,124,Data/input/finance_bills/Austria/1994_Austria.pdf,,Christian Doppler Research Society (CD-Labor),covered_by_final_series,,,
1994,ESA-Beitrag (Austria),direct_rd,,,,,,,,,,covered_by_final_series,,,gap: no matching rows in this year
1994,FFG (Forschungsfoerderungsgesellschaft),science_agency,200000000.0,schilling,ATS,program_total,1994_Austria.pdf,124,Data/input/finance_bills/Austria/1994_Austria.pdf,,Research Promotion Fund for Industry (FFF),covered_by_final_series,,,FFG created 2004 from merger of FFF + BIT + ASA. Pre-2004 match via 'fff' variant.
1994,FWF (Fonds zur Forderung der wissenschaftlichen Forschung),science_agency,300000000.0,schilling,ATS,line_item,1994_Austria.pdf,124,Data/input/finance_bills/Austria/1994_Austria.pdf,,Austrian Science Fund (FWF),covered_by_final_series,,,Annual state appropriation — core basic research funder.
1994,Johannes Kepler Universitat Linz (JKU),higher_education,,,,,,,,,,covered_by_final_series,,,gap: no matching rows in this year
1994,Ludwig Boltzmann Gesellschaft,science_agency,,,,,,,,,,covered_by_final_series,,,gap: no matching rows in this year
1994,OAW (Osterreichische Akademie der Wissenschaften),science_agency,150000000.0,schilling,ATS,line_item,1994_Austria.pdf,124,Data/input/finance_bills/Austria/1994_Austria.pdf,,Austrian Academy of Sciences (ÖAW),covered_by_final_series,,,
1994,Technische Universitat Graz (TU Graz),higher_education,,,,,,,,,,covered_by_final_series,,,gap: no matching rows in this year
1994,Technische Universitat Wien (TU Wien),higher_education,,,,,,,,,,covered_by_final_series,,,gap: no matching rows in this year
1994,Universitat Graz (Karl-Franzens),higher_education,,,,,,,,,,covered_by_final_series,,,gap: no matching rows in this year
1994,Universitat Innsbruck,higher_education,,,,,,,,,,covered_by_final_series,,,gap: no matching rows in this year
1994,Universitat Wien,higher_education,,,,,,,,,,covered_by_final_series,,,gap: no matching rows in this year
1994,Universitat fur Bodenkultur Wien (BOKU),higher_education,,,,,,,,,,covered_by_final_series,,,gap: no matching rows in this year
1994,Universitaten (collective Austria),higher_education,1266921000.0,schilling,ATS,program_total,1994_Austria.pdf,187,Data/input/finance_bills/Austria/1994_Austria.pdf,,Total 142,covered_by_final_series,,,Collective Globalbudget line — use only when individual lines unavailable.
1994,Wirtschaftsuniversitat Wien (WU),higher_education,,,,,,,,,,covered_by_final_series,,,gap: no matching rows in this year
1995,BMBWF / Einzelplan 13 / UG 31 (total),rd_ministry,,,,,,,,,,covered_by_final_series,,,gap: no matching rows in this year
1995,CERN-Beitrag (Austria),direct_rd,75000000.0,schilling,ATS,line_item,1995_Austria.pdf,192,Data/input/finance_bills/Austria/1995_Austria.pdf,,Contribution to CERN,covered_by_final_series,,,
1995,Christian Doppler Forschungsgesellschaft (CD-Labor),science_agency,100000000.0,schilling,ATS,line_item,1995_Austria.pdf,60,Data/input/finance_bills/Austria/1995_Austria.pdf,,Christian Doppler Research Society (CD-Labor),covered_by_final_series,,,
1995,ESA-Beitrag (Austria),direct_rd,,,,,,,,,,covered_by_final_series,,,gap: no matching rows in this year
1995,FFG (Forschungsfoerderungsgesellschaft),science_agency,300000000.0,schilling,ATS,program_total,1995_Austria.pdf,60,Data/input/finance_bills/Austria/1995_Austria.pdf,,Research Promotion Fund for Industry (FFF),covered_by_final_series,,,FFG created 2004 from merger of FFF + BIT + ASA. Pre-2004 match via 'fff' variant.
1995,FWF (Fonds zur Forderung der wissenschaftlichen Forschung),science_agency,500000000.0,schilling,ATS,line_item,1995_Austria.pdf,60,Data/input/finance_bills/Austria/1995_Austria.pdf,,Austrian Science Fund (FWF),covered_by_final_series,,,Annual state appropriation — core basic research funder.
1995,Johannes Kepler Universitat Linz (JKU),higher_education,,,,,,,,,,covered_by_final_series,,,gap: no matching rows in this year
1995,Ludwig Boltzmann Gesellschaft,science_agency,,,,,,,,,,covered_by_final_series,,,gap: no matching rows in this year
1995,OAW (Osterreichische Akademie der Wissenschaften),science_agency,200000000.0,schilling,ATS,line_item,1995_Austria.pdf,60,Data/input/finance_bills/Austria/1995_Austria.pdf,,Austrian Academy of Sciences (ÖAW),covered_by_final_series,,,
1995,Technische Universitat Graz (TU Graz),higher_education,,,,,,,,,,covered_by_final_series,,,gap: no matching rows in this year
1995,Technische Universitat Wien (TU Wien),higher_education,,,,,,,,,,covered_by_final_series,,,gap: no matching rows in this year
1995,Universitat Graz (Karl-Franzens),higher_education,,,,,,,,,,covered_by_final_series,,,gap: no matching rows in this year
1995,Universitat Innsbruck,higher_education,,,,,,,,,,covered_by_final_series,,,gap: no matching rows in this year
1995,Universitat Wien,higher_education,,,,,,,,,,covered_by_final_series,,,gap: no matching rows in this year
1995,Universitat fur Bodenkultur Wien (BOKU),higher_education,,,,,,,,,,covered_by_final_series,,,gap: no matching rows in this year
1995,Universitaten (collective Austria),higher_education,5472853000.0,schilling,ATS,line_item,1995_Austria.pdf,54,Data/input/finance_bills/Austria/1995_Austria.pdf,,Personnel Expenses,covered_by_final_series,,,Collective Globalbudget line — use only when individual lines unavailable.
1995,Wirtschaftsuniversitat Wien (WU),higher_education,,,,,,,,,,covered_by_final_series,,,gap: no matching rows in this year
1996,BMBWF / Einzelplan 13 / UG 31 (total),rd_ministry,30018400000.0,schilling,ATS,section_total,1996_Austria_proposal.pdf,553,Data/input/finance_bills/Austria/1996_Austria_proposal.pdf,,Total management,covered_by_final_series,,,Ministry name changed: BMWF → BMWV → BMBWK → BMWFW → BMBWF. Use as section total only if individual FWF/FFG/ÖAW lines unavailable.
1996,CERN-Beitrag (Austria),direct_rd,89000000.0,schilling,ATS,line_item,1996_Austria_proposal.pdf,196,Data/input/finance_bills/Austria/1996_Austria_proposal.pdf,,Contribution to CERN,covered_by_final_series,,,
1996,Christian Doppler Forschungsgesellschaft (CD-Labor),science_agency,20000000.0,schilling,ATS,line_item,1996_Austria_proposal.pdf,370,Data/input/finance_bills/Austria/1996_Austria_proposal.pdf,,Christian Doppler Research Society (CD-Labor),covered_by_final_series,,,
1996,ESA-Beitrag (Austria),direct_rd,,,,,,,,,,covered_by_final_series,,,gap: no matching rows in this year
1996,FFG (Forschungsfoerderungsgesellschaft),science_agency,120000000.0,schilling,ATS,program_total,1996_Austria_proposal.pdf,140,Data/input/finance_bills/Austria/1996_Austria_proposal.pdf,,Research Promotion Fund for Industry (FFF),covered_by_final_series,,,FFG created 2004 from merger of FFF + BIT + ASA. Pre-2004 match via 'fff' variant.
1996,FWF (Fonds zur Forderung der wissenschaftlichen Forschung),science_agency,475000000.0,schilling,ATS,line_item,1996_Austria_proposal.pdf,556,Data/input/finance_bills/Austria/1996_Austria_proposal.pdf,,Austrian Science Fund,covered_by_final_series,,,Annual state appropriation — core basic research funder.
1996,Johannes Kepler Universitat Linz (JKU),higher_education,,,,,,,,,,covered_by_final_series,,,gap: no matching rows in this year
1996,Ludwig Boltzmann Gesellschaft,science_agency,,,,,,,,,,covered_by_final_series,,,gap: no matching rows in this year
1996,OAW (Osterreichische Akademie der Wissenschaften),science_agency,380499000.0,schilling,ATS,verified_override,1996_Austria_proposal.pdf,58,Data/input/finance_bills/Austria/1996_Austria_proposal.pdf,,Förderungen,verified_against_original_file,,,verified against original Austria budget
1996,Technische Universitat Graz (TU Graz),higher_education,,,,,,,,,,covered_by_final_series,,,gap: no matching rows in this year
1996,Technische Universitat Wien (TU Wien),higher_education,,,,,,,,,,covered_by_final_series,,,gap: no matching rows in this year
1996,Universitat Graz (Karl-Franzens),higher_education,,,,,,,,,,covered_by_final_series,,,gap: no matching rows in this year
1996,Universitat Innsbruck,higher_education,,,,,,,,,,covered_by_final_series,,,gap: no matching rows in this year
1996,Universitat Wien,higher_education,,,,,,,,,,covered_by_final_series,,,gap: no matching rows in this year
1996,Universitat fur Bodenkultur Wien (BOKU),higher_education,,,,,,,,,,covered_by_final_series,,,gap: no matching rows in this year
1996,Universitaten (collective Austria),higher_education,9636022000.0,schilling,ATS,line_item,1996_Austria_proposal.pdf,60,Data/input/finance_bills/Austria/1996_Austria_proposal.pdf,,Personnel Expenses,covered_by_final_series,,,Collective Globalbudget line — use only when individual lines unavailable.
1996,Wirtschaftsuniversitat Wien (WU),higher_education,,,,,,,,,,covered_by_final_series,,,gap: no matching rows in this year
1997,BMBWF / Einzelplan 13 / UG 31 (total),rd_ministry,30150514000.0,schilling,ATS,section_total,1997_Austria_proposal.pdf,186,Data/input/finance_bills/Austria/1997_Austria_proposal.pdf,,Total,covered_by_final_series,,,Ministry name changed: BMWF → BMWV → BMBWK → BMWFW → BMBWF. Use as section total only if individual FWF/FFG/ÖAW lines unavailable.
1997,CERN-Beitrag (Austria),direct_rd,132000000.0,schilling,ATS,line_item,1997_Austria_proposal.pdf,189,Data/input/finance_bills/Austria/1997_Austria_proposal.pdf,,Contribution to CERN,covered_by_final_series,,,
1997,Christian Doppler Forschungsgesellschaft (CD-Labor),science_agency,50000000.0,schilling,ATS,line_item,1997_Austria_proposal.pdf,469,Data/input/finance_bills/Austria/1997_Austria_proposal.pdf,,Christian Doppler Research Society (CD-Labor),covered_by_final_series,,,
1997,ESA-Beitrag (Austria),direct_rd,132000000.0,schilling,ATS,line_item,1997_Austria_proposal.pdf,189,Data/input/finance_bills/Austria/1997_Austria_proposal.pdf,,Contribution to ESA,covered_by_final_series,,,
1997,FFG (Forschungsfoerderungsgesellschaft),science_agency,380000000.0,schilling,ATS,program_total,1997_Austria_proposal.pdf,189,Data/input/finance_bills/Austria/1997_Austria_proposal.pdf,,Research Promotion Fund for Industry (FFF),covered_by_final_series,,,FFG created 2004 from merger of FFF + BIT + ASA. Pre-2004 match via 'fff' variant.
1997,FWF (Fonds zur Forderung der wissenschaftlichen Forschung),science_agency,515000000.0,schilling,ATS,line_item,1997_Austria_proposal.pdf,189,Data/input/finance_bills/Austria/1997_Austria_proposal.pdf,,Austrian Science Fund (FWF),covered_by_final_series,,,Annual state appropriation — core basic research funder.
1997,Johannes Kepler Universitat Linz (JKU),higher_education,,,,,,,,,,covered_by_final_series,,,gap: no matching rows in this year
1997,Ludwig Boltzmann Gesellschaft,science_agency,,,,,,,,,,covered_by_final_series,,,gap: no matching rows in this year
1997,OAW (Osterreichische Akademie der Wissenschaften),science_agency,385000000.0,schilling,ATS,verified_override,1997_Austria_proposal.pdf,58,Data/input/finance_bills/Austria/1997_Austria_proposal.pdf,,Förderungen,verified_against_original_file,,,verified against original Austria budget
1997,Technische Universitat Graz (TU Graz),higher_education,,,,,,,,,,covered_by_final_series,,,gap: no matching rows in this year
1997,Technische Universitat Wien (TU Wien),higher_education,,,,,,,,,,covered_by_final_series,,,gap: no matching rows in this year
1997,Universitat Graz (Karl-Franzens),higher_education,,,,,,,,,,covered_by_final_series,,,gap: no matching rows in this year
1997,Universitat Innsbruck,higher_education,,,,,,,,,,covered_by_final_series,,,gap: no matching rows in this year
1997,Universitat Wien,higher_education,,,,,,,,,,covered_by_final_series,,,gap: no matching rows in this year
1997,Universitat fur Bodenkultur Wien (BOKU),higher_education,,,,,,,,,,covered_by_final_series,,,gap: no matching rows in this year
1997,Universitaten (collective Austria),higher_education,9668683000.0,schilling,ATS,line_item,1997_Austria_proposal.pdf,60,Data/input/finance_bills/Austria/1997_Austria_proposal.pdf,,Personnel Expenditures,covered_by_final_series,,,Collective Globalbudget line — use only when individual lines unavailable.
1997,Wirtschaftsuniversitat Wien (WU),higher_education,,,,,,,,,,covered_by_final_series,,,gap: no matching rows in this year
1998,BMBWF / Einzelplan 13 / UG 31 (total),rd_ministry,27854292000.0,schilling,ATS,section_total,1998_Austria.pdf,198,Data/input/finance_bills/Austria/1998_Austria.pdf,,Total,covered_by_final_series,,,Ministry name changed: BMWF → BMWV → BMBWK → BMWFW → BMBWF. Use as section total only if individual FWF/FFG/ÖAW lines unavailable.
1998,CERN-Beitrag (Austria),direct_rd,,,,,,,,,,covered_by_final_series,,,gap: no matching rows in this year
1998,Christian Doppler Forschungsgesellschaft (CD-Labor),science_agency,,,,,,,,,,covered_by_final_series,,,gap: no matching rows in this year
1998,ESA-Beitrag (Austria),direct_rd,,,,,,,,,,covered_by_final_series,,,gap: no matching rows in this year
1998,FFG (Forschungsfoerderungsgesellschaft),science_agency,,,,,,,,,,covered_by_final_series,,,gap: no matching rows in this year
1998,FWF (Fonds zur Forderung der wissenschaftlichen Forschung),science_agency,,,,,,,,,,covered_by_final_series,,,gap: no matching rows in this year
1998,Johannes Kepler Universitat Linz (JKU),higher_education,,,,,,,,,,covered_by_final_series,,,gap: no matching rows in this year
1998,Ludwig Boltzmann Gesellschaft,science_agency,,,,,,,,,,covered_by_final_series,,,gap: no matching rows in this year
1998,OAW (Osterreichische Akademie der Wissenschaften),science_agency,405000000.0,schilling,ATS,verified_override,1998_Austria.pdf,58,Data/input/finance_bills/Austria/1998_Austria.pdf,,Förderungen,verified_against_original_file,,,verified against original Austria budget
1998,Technische Universitat Graz (TU Graz),higher_education,,,,,,,,,,covered_by_final_series,,,gap: no matching rows in this year
1998,Technische Universitat Wien (TU Wien),higher_education,,,,,,,,,,covered_by_final_series,,,gap: no matching rows in this year
1998,Universitat Graz (Karl-Franzens),higher_education,,,,,,,,,,covered_by_final_series,,,gap: no matching rows in this year
1998,Universitat Innsbruck,higher_education,,,,,,,,,,covered_by_final_series,,,gap: no matching rows in this year
1998,Universitat Wien,higher_education,,,,,,,,,,covered_by_final_series,,,gap: no matching rows in this year
1998,Universitat fur Bodenkultur Wien (BOKU),higher_education,,,,,,,,,,covered_by_final_series,,,gap: no matching rows in this year
1998,Universitaten (collective Austria),higher_education,1266921000.0,schilling,ATS,program_total,1998_Austria.pdf,209,Data/input/finance_bills/Austria/1998_Austria.pdf,,Universities and Scientific Institutions,covered_by_final_series,,,Collective Globalbudget line — use only when individual lines unavailable.
1998,Wirtschaftsuniversitat Wien (WU),higher_education,,,,,,,,,,covered_by_final_series,,,gap: no matching rows in this year
1999,BMBWF / Einzelplan 13 / UG 31 (total),rd_ministry,28318290000.0,schilling,ATS,section_total,1999_Austria.pdf,204,Data/input/finance_bills/Austria/1999_Austria.pdf,,Total,covered_by_final_series,,,Ministry name changed: BMWF → BMWV → BMBWK → BMWFW → BMBWF. Use as section total only if individual FWF/FFG/ÖAW lines unavailable.
1999,CERN-Beitrag (Austria),direct_rd,20000000.0,schilling,ATS,line_item,1999_Austria.pdf,365-389,Data/input/finance_bills/Austria/1999_Austria.pdf,,Austrian contribution to CERN,covered_by_final_series,,,
1999,Christian Doppler Forschungsgesellschaft (CD-Labor),science_agency,50000000.0,schilling,ATS,line_item,1999_Austria.pdf,365-389,Data/input/finance_bills/Austria/1999_Austria.pdf,,Christian Doppler Research Society (CD-Labor),covered_by_final_series,,,
1999,ESA-Beitrag (Austria),direct_rd,15000000.0,schilling,ATS,line_item,1999_Austria.pdf,365-389,Data/input/finance_bills/Austria/1999_Austria.pdf,,Austrian contribution to ESA,covered_by_final_series,,,
1999,FFG (Forschungsfoerderungsgesellschaft),science_agency,,,,,,,,,,covered_by_final_series,,,gap: no matching rows in this year
1999,FWF (Fonds zur Forderung der wissenschaftlichen Forschung),science_agency,280000000.0,schilling,ATS,line_item,1999_Austria.pdf,365-389,Data/input/finance_bills/Austria/1999_Austria.pdf,,Austrian Science Fund (FWF),covered_by_final_series,,,Annual state appropriation — core basic research funder.
1999,Johannes Kepler Universitat Linz (JKU),higher_education,,,,,,,,,,covered_by_final_series,,,gap: no matching rows in this year
1999,Ludwig Boltzmann Gesellschaft,science_agency,,,,,,,,,,covered_by_final_series,,,gap: no matching rows in this year
1999,OAW (Osterreichische Akademie der Wissenschaften),science_agency,489000000.0,schilling,ATS,verified_override,1999_Austria.pdf,60,Data/input/finance_bills/Austria/1999_Austria.pdf,,Summe 1417,verified_against_original_file,,,verified against original Austria budget
1999,Technische Universitat Graz (TU Graz),higher_education,,,,,,,,,,covered_by_final_series,,,gap: no matching rows in this year
1999,Technische Universitat Wien (TU Wien),higher_education,,,,,,,,,,covered_by_final_series,,,gap: no matching rows in this year
1999,Universitat Graz (Karl-Franzens),higher_education,,,,,,,,,,covered_by_final_series,,,gap: no matching rows in this year
1999,Universitat Innsbruck,higher_education,,,,,,,,,,covered_by_final_series,,,gap: no matching rows in this year
1999,Universitat Wien,higher_education,,,,,,,,,,covered_by_final_series,,,gap: no matching rows in this year
1999,Universitat fur Bodenkultur Wien (BOKU),higher_education,,,,,,,,,,covered_by_final_series,,,gap: no matching rows in this year
1999,Universitaten (collective Austria),higher_education,10788684000.0,schilling,ATS,program_total,1999_Austria.pdf,60,Data/input/finance_bills/Austria/1999_Austria.pdf,,Total 1420...,covered_by_final_series,,,Collective Globalbudget line — use only when individual lines unavailable.
1999,Wirtschaftsuniversitat Wien (WU),higher_education,,,,,,,,,,covered_by_final_series,,,gap: no matching rows in this year
2000,BMBWF / Einzelplan 13 / UG 31 (total),rd_ministry,14060570000.0,schilling,ATS,section_total,2000_Austria.pdf,218,Data/input/finance_bills/Austria/2000_Austria.pdf,,Total,covered_by_final_series,,,Ministry name changed: BMWF → BMWV → BMBWK → BMWFW → BMBWF. Use as section total only if individual FWF/FFG/ÖAW lines unavailable.
2000,CERN-Beitrag (Austria),direct_rd,,,,,,,,,,covered_by_final_series,,,gap: no matching rows in this year
2000,Christian Doppler Forschungsgesellschaft (CD-Labor),science_agency,,,,,,,,,,covered_by_final_series,,,gap: no matching rows in this year
2000,ESA-Beitrag (Austria),direct_rd,,,,,,,,,,covered_by_final_series,,,gap: no matching rows in this year
2000,FFG (Forschungsfoerderungsgesellschaft),science_agency,530001000.0,schilling,ATS,line_item,2000_Austria.pdf,208,Data/input/finance_bills/Austria/2000_Austria.pdf,,Grants,covered_by_final_series,,,FFG created 2004 from merger of FFF + BIT + ASA. Pre-2004 match via 'fff' variant.
2000,FWF (Fonds zur Forderung der wissenschaftlichen Forschung),science_agency,405625000.0,schilling,ATS,line_item,2000_Austria.pdf,208,Data/input/finance_bills/Austria/2000_Austria.pdf,,Claims,covered_by_final_series,,,Annual state appropriation — core basic research funder.
2000,Johannes Kepler Universitat Linz (JKU),higher_education,,,,,,,,,,covered_by_final_series,,,gap: no matching rows in this year
2000,Ludwig Boltzmann Gesellschaft,science_agency,,,,,,,,,,covered_by_final_series,,,gap: no matching rows in this year
2000,OAW (Osterreichische Akademie der Wissenschaften),science_agency,,,,,,,,,,covered_by_final_series,,,gap: no matching rows in this year
2000,Technische Universitat Graz (TU Graz),higher_education,,,,,,,,,,covered_by_final_series,,,gap: no matching rows in this year
2000,Technische Universitat Wien (TU Wien),higher_education,,,,,,,,,,covered_by_final_series,,,gap: no matching rows in this year
2000,Universitat Graz (Karl-Franzens),higher_education,,,,,,,,,,covered_by_final_series,,,gap: no matching rows in this year
2000,Universitat Innsbruck,higher_education,,,,,,,,,,covered_by_final_series,,,gap: no matching rows in this year
2000,Universitat Wien,higher_education,,,,,,,,,,covered_by_final_series,,,gap: no matching rows in this year
2000,Universitat fur Bodenkultur Wien (BOKU),higher_education,,,,,,,,,,covered_by_final_series,,,gap: no matching rows in this year
2000,Universitaten (collective Austria),higher_education,1240535000.0,schilling,ATS,program_total,2000_Austria.pdf,237,Data/input/finance_bills/Austria/2000_Austria.pdf,,Facilities,covered_by_final_series,,,Collective Globalbudget line — use only when individual lines unavailable.
2000,Wirtschaftsuniversitat Wien (WU),higher_education,,,,,,,,,,covered_by_final_series,,,gap: no matching rows in this year
2001,BMBWF / Einzelplan 13 / UG 31 (total),rd_ministry,,,,,,,,,,covered_by_final_series,,,gap: no matching rows in this year
2001,CERN-Beitrag (Austria),direct_rd,20000000.0,schilling,ATS,line_item,2001_Austria.pdf,207,Data/input/finance_bills/Austria/2001_Austria.pdf,,Contribution to CERN,covered_by_final_series,,,
2001,Christian Doppler Forschungsgesellschaft (CD-Labor),science_agency,15000000.0,schilling,ATS,line_item,2001_Austria.pdf,207,Data/input/finance_bills/Austria/2001_Austria.pdf,,Christian Doppler Research Society (CD-Labor),covered_by_final_series,,,
2001,ESA-Beitrag (Austria),direct_rd,15000000.0,schilling,ATS,line_item,2001_Austria.pdf,207,Data/input/finance_bills/Austria/2001_Austria.pdf,,Contribution to ESA,covered_by_final_series,,,
2001,FFG (Forschungsfoerderungsgesellschaft),science_agency,560014000.0,schilling,ATS,line_item,2001_Austria.pdf,186,Data/input/finance_bills/Austria/2001_Austria.pdf,,Grants,covered_by_final_series,,,FFG created 2004 from merger of FFF + BIT + ASA. Pre-2004 match via 'fff' variant.
2001,FWF (Fonds zur Forderung der wissenschaftlichen Forschung),science_agency,569500000.0,schilling,ATS,line_item,2001_Austria.pdf,186,Data/input/finance_bills/Austria/2001_Austria.pdf,,Claims,covered_by_final_series,,,Annual state appropriation — core basic research funder.
2001,Johannes Kepler Universitat Linz (JKU),higher_education,,,,,,,,,,covered_by_final_series,,,gap: no matching rows in this year
2001,Ludwig Boltzmann Gesellschaft,science_agency,,,,,,,,,,covered_by_final_series,,,dropped after original-file audit: no clean institutional appropriation line
2001,OAW (Osterreichische Akademie der Wissenschaften),science_agency,50000000.0,schilling,ATS,line_item,2001_Austria.pdf,207,Data/input/finance_bills/Austria/2001_Austria.pdf,,Austrian Academy of Sciences (ÖAW),covered_by_final_series,,,
2001,Technische Universitat Graz (TU Graz),higher_education,,,,,,,,,,covered_by_final_series,,,gap: no matching rows in this year
2001,Technische Universitat Wien (TU Wien),higher_education,,,,,,,,,,covered_by_final_series,,,gap: no matching rows in this year
2001,Universitat Graz (Karl-Franzens),higher_education,,,,,,,,,,covered_by_final_series,,,gap: no matching rows in this year
2001,Universitat Innsbruck,higher_education,,,,,,,,,,covered_by_final_series,,,gap: no matching rows in this year
2001,Universitat Wien,higher_education,,,,,,,,,,covered_by_final_series,,,gap: no matching rows in this year
2001,Universitat fur Bodenkultur Wien (BOKU),higher_education,,,,,,,,,,covered_by_final_series,,,gap: no matching rows in this year
2001,Universitaten (collective Austria),higher_education,21806595000.0,schilling,ATS,program_total,2001_Austria.pdf,60,Data/input/finance_bills/Austria/2001_Austria.pdf,,Total 1420,covered_by_final_series,,,Collective Globalbudget line — use only when individual lines unavailable.
2001,Wirtschaftsuniversitat Wien (WU),higher_education,,,,,,,,,,covered_by_final_series,,,gap: no matching rows in this year
2002,BMBWF / Einzelplan 13 / UG 31 (total),rd_ministry,2364484000.0,euro,EUR,section_total,2002_Austria.pdf,186,Data/input/finance_bills/Austria/2002_Austria.pdf,,Total,covered_by_final_series,,,Ministry name changed: BMWF → BMWV → BMBWK → BMWFW → BMBWF. Use as section total only if individual FWF/FFG/ÖAW lines unavailable.
2002,CERN-Beitrag (Austria),direct_rd,,,,,,,,,,covered_by_final_series,,,gap: no matching rows in this year
2002,Christian Doppler Forschungsgesellschaft (CD-Labor),science_agency,,,,,,,,,,covered_by_final_series,,,gap: no matching rows in this year
2002,ESA-Beitrag (Austria),direct_rd,,,,,,,,,,covered_by_final_series,,,gap: no matching rows in this year
2002,FFG (Forschungsfoerderungsgesellschaft),science_agency,40698000.0,euro,EUR,line_item,2002_Austria.pdf,176,Data/input/finance_bills/Austria/2002_Austria.pdf,,Grants,covered_by_final_series,,,FFG created 2004 from merger of FFF + BIT + ASA. Pre-2004 match via 'fff' variant.
2002,FWF (Fonds zur Forderung der wissenschaftlichen Forschung),science_agency,792950000.0,euro,EUR,program_total,2002_Austria.pdf,190,Data/input/finance_bills/Austria/2002_Austria.pdf,,Austrian Science Fund (FWF),covered_by_final_series,,,Annual state appropriation — core basic research funder.
2002,Johannes Kepler Universitat Linz (JKU),higher_education,,,,,,,,,,covered_by_final_series,,,gap: no matching rows in this year
2002,Ludwig Boltzmann Gesellschaft,science_agency,,,,,,,,,,covered_by_final_series,,,gap: no matching rows in this year
2002,OAW (Osterreichische Akademie der Wissenschaften),science_agency,222928000.0,euro,EUR,line_item,2002_Austria.pdf,190,Data/input/finance_bills/Austria/2002_Austria.pdf,,Austrian Academy of Sciences (ÖAW),covered_by_final_series,,,
2002,Technische Universitat Graz (TU Graz),higher_education,,,,,,,,,,covered_by_final_series,,,gap: no matching rows in this year
2002,Technische Universitat Wien (TU Wien),higher_education,,,,,,,,,,covered_by_final_series,,,gap: no matching rows in this year
2002,Universitat Graz (Karl-Franzens),higher_education,,,,,,,,,,covered_by_final_series,,,gap: no matching rows in this year
2002,Universitat Innsbruck,higher_education,,,,,,,,,,covered_by_final_series,,,gap: no matching rows in this year
2002,Universitat Wien,higher_education,,,,,,,,,,covered_by_final_series,,,gap: no matching rows in this year
2002,Universitat fur Bodenkultur Wien (BOKU),higher_education,,,,,,,,,,covered_by_final_series,,,gap: no matching rows in this year
2002,Universitaten (collective Austria),higher_education,1605640000.0,euro,EUR,section_total,2002_Austria.pdf,64,Data/input/finance_bills/Austria/2002_Austria.pdf,,Total 142,covered_by_final_series,,,Collective Globalbudget line — use only when individual lines unavailable.
2002,Wirtschaftsuniversitat Wien (WU),higher_education,,,,,,,,,,covered_by_final_series,,,gap: no matching rows in this year
2003,BMBWF / Einzelplan 13 / UG 31 (total),rd_ministry,1630158000.0,euro,EUR,section_total,2003_Austria.pdf,66,Data/input/finance_bills/Austria/2003_Austria.pdf,,Total Expenditures,covered_by_final_series,,,Ministry name changed: BMWF → BMWV → BMBWK → BMWFW → BMBWF. Use as section total only if individual FWF/FFG/ÖAW lines unavailable.
2003,CERN-Beitrag (Austria),direct_rd,,,,,,,,,,covered_by_final_series,,,gap: no matching rows in this year
2003,Christian Doppler Forschungsgesellschaft (CD-Labor),science_agency,,,,,,,,,,covered_by_final_series,,,gap: no matching rows in this year
2003,ESA-Beitrag (Austria),direct_rd,,,,,,,,,,covered_by_final_series,,,gap: no matching rows in this year
2003,FFG (Forschungsfoerderungsgesellschaft),science_agency,57998000.0,euro,EUR,line_item,2003_Austria.pdf,162,Data/input/finance_bills/Austria/2003_Austria.pdf,,Grants,covered_by_final_series,,,FFG created 2004 from merger of FFF + BIT + ASA. Pre-2004 match via 'fff' variant.
2003,FWF (Fonds zur Forderung der wissenschaftlichen Forschung),science_agency,43862000.0,euro,EUR,line_item,2003_Austria.pdf,162,Data/input/finance_bills/Austria/2003_Austria.pdf,,Grants,covered_by_final_series,,,Annual state appropriation — core basic research funder.
2003,Johannes Kepler Universitat Linz (JKU),higher_education,,,,,,,,,,covered_by_final_series,,,gap: no matching rows in this year
2003,Ludwig Boltzmann Gesellschaft,science_agency,,,,,,,,,,covered_by_final_series,,,gap: no matching rows in this year
2003,OAW (Osterreichische Akademie der Wissenschaften),science_agency,35310000.0,euro,EUR,line_item,2003_Austria.pdf,64,Data/input/finance_bills/Austria/2003_Austria.pdf,,Grants,covered_by_final_series,,,
2003,Technische Universitat Graz (TU Graz),higher_education,,,,,,,,,,covered_by_final_series,,,gap: no matching rows in this year
2003,Technische Universitat Wien (TU Wien),higher_education,,,,,,,,,,covered_by_final_series,,,gap: no matching rows in this year
2003,Universitat Graz (Karl-Franzens),higher_education,,,,,,,,,,covered_by_final_series,,,gap: no matching rows in this year
2003,Universitat Innsbruck,higher_education,,,,,,,,,,covered_by_final_series,,,gap: no matching rows in this year
2003,Universitat Wien,higher_education,,,,,,,,,,covered_by_final_series,,,gap: no matching rows in this year
2003,Universitat fur Bodenkultur Wien (BOKU),higher_education,,,,,,,,,,covered_by_final_series,,,gap: no matching rows in this year
2003,Universitaten (collective Austria),higher_education,144505000.0,euro,EUR,program_total,2003_Austria.pdf,66,Data/input/finance_bills/Austria/2003_Austria.pdf,,Total 143,covered_by_final_series,,,Collective Globalbudget line — use only when individual lines unavailable.
2003,Wirtschaftsuniversitat Wien (WU),higher_education,,,,,,,,,,covered_by_final_series,,,gap: no matching rows in this year
2004,BMBWF / Einzelplan 13 / UG 31 (total),rd_ministry,,,,,,,,,,covered_by_final_series,,,gap: no matching rows in this year
2004,CERN-Beitrag (Austria),direct_rd,,,,,,,,,,covered_by_final_series,,,gap: no matching rows in this year
2004,Christian Doppler Forschungsgesellschaft (CD-Labor),science_agency,,,,,,,,,,covered_by_final_series,,,gap: no matching rows in this year
2004,ESA-Beitrag (Austria),direct_rd,,,,,,,,,,covered_by_final_series,,,gap: no matching rows in this year
2004,FFG (Forschungsfoerderungsgesellschaft),science_agency,58000000.0,euro,EUR,program_total,2004_Austria.pdf,164,Data/input/finance_bills/Austria/2004_Austria.pdf,,Technology and Research Promotion (commercial) /FFF,covered_by_final_series,,,FFG created 2004 from merger of FFF + BIT + ASA. Pre-2004 match via 'fff' variant.
2004,FWF (Fonds zur Forderung der wissenschaftlichen Forschung),science_agency,178686000.0,euro,EUR,line_item,2004_Austria.pdf,184,Data/input/finance_bills/Austria/2004_Austria.pdf,,Austrian Science Fund (FWF),covered_by_final_series,,,Annual state appropriation — core basic research funder.
2004,Johannes Kepler Universitat Linz (JKU),higher_education,,,,,,,,,,covered_by_final_series,,,gap: no matching rows in this year
2004,Ludwig Boltzmann Gesellschaft,science_agency,,,,,,,,,,covered_by_final_series,,,gap: no matching rows in this year
2004,Medizinische Universitat Wien (MedUni),higher_education,,,,,,,,,,covered_by_final_series,,,gap: no matching rows in this year
2004,OAW (Osterreichische Akademie der Wissenschaften),science_agency,359411000.0,euro,EUR,line_item,2004_Austria.pdf,184,Data/input/finance_bills/Austria/2004_Austria.pdf,,Austrian Academy of Sciences (ÖAW),covered_by_final_series,,,
2004,Technische Universitat Graz (TU Graz),higher_education,,,,,,,,,,covered_by_final_series,,,gap: no matching rows in this year
2004,Technische Universitat Wien (TU Wien),higher_education,,,,,,,,,,covered_by_final_series,,,gap: no matching rows in this year
2004,Universitat Graz (Karl-Franzens),higher_education,,,,,,,,,,covered_by_final_series,,,gap: no matching rows in this year
2004,Universitat Innsbruck,higher_education,,,,,,,,,,covered_by_final_series,,,gap: no matching rows in this year
2004,Universitat Wien,higher_education,,,,,,,,,,covered_by_final_series,,,gap: no matching rows in this year
2004,Universitat fur Bodenkultur Wien (BOKU),higher_education,,,,,,,,,,covered_by_final_series,,,gap: no matching rows in this year
2004,Universitaten (collective Austria),higher_education,,,,,,,,,,covered_by_final_series,,,gap: no matching rows in this year
2004,Wirtschaftsuniversitat Wien (WU),higher_education,,,,,,,,,,covered_by_final_series,,,gap: no matching rows in this year
2005,BMBWF / Einzelplan 13 / UG 31 (total),rd_ministry,,,,,,,,,,covered_by_final_series,,,gap: no matching rows in this year
2005,CERN-Beitrag (Austria),direct_rd,,,,,,,,,,covered_by_final_series,,,gap: no matching rows in this year
2005,Christian Doppler Forschungsgesellschaft (CD-Labor),science_agency,50000000.0,euro,EUR,line_item,2005 Anlagen COO_2026_100_2_151164.pdf,170,Data/input/finance_bills/Austria/2005 Anlagen COO_2026_100_2_151164.pdf,,Funds for the Christian Doppler Research Society (CD-Labor),covered_by_final_series,,,
2005,ESA-Beitrag (Austria),direct_rd,,,,,,,,,,covered_by_final_series,,,gap: no matching rows in this year
2005,FFG (Forschungsfoerderungsgesellschaft),science_agency,15718000.0,euro,EUR,program_total,2005 Anlagen COO_2026_100_2_151164.pdf,157,Data/input/finance_bills/Austria/2005 Anlagen COO_2026_100_2_151164.pdf,,Total 6530,covered_by_final_series,,,FFG created 2004 from merger of FFF + BIT + ASA. Pre-2004 match via 'fff' variant.
2005,FWF (Fonds zur Forderung der wissenschaftlichen Forschung),science_agency,280000000.0,euro,EUR,line_item,2005 Anlagen COO_2026_100_2_151164.pdf,170,Data/input/finance_bills/Austria/2005 Anlagen COO_2026_100_2_151164.pdf,,Funds for the Promotion of Scientific Research (FWF),covered_by_final_series,,,Annual state appropriation — core basic research funder.
2005,Johannes Kepler Universitat Linz (JKU),higher_education,,,,,,,,,,covered_by_final_series,,,gap: no matching rows in this year
2005,Ludwig Boltzmann Gesellschaft,science_agency,,,,,,,,,,covered_by_final_series,,,gap: no matching rows in this year
2005,Medizinische Universitat Wien (MedUni),higher_education,,,,,,,,,,covered_by_final_series,,,gap: no matching rows in this year
2005,OAW (Osterreichische Akademie der Wissenschaften),science_agency,25370000.0,euro,EUR,line_item,2005 Anlagen COO_2026_100_2_151164.pdf,62,Data/input/finance_bills/Austria/2005 Anlagen COO_2026_100_2_151164.pdf,,Funding,covered_by_final_series,,,
2005,Technische Universitat Graz (TU Graz),higher_education,,,,,,,,,,covered_by_final_series,,,gap: no matching rows in this year
2005,Technische Universitat Wien (TU Wien),higher_education,,,,,,,,,,covered_by_final_series,,,gap: no matching rows in this year
2005,Universitat Graz (Karl-Franzens),higher_education,,,,,,,,,,covered_by_final_series,,,gap: no matching rows in this year
2005,Universitat Innsbruck,higher_education,,,,,,,,,,covered_by_final_series,,,gap: no matching rows in this year
2005,Universitat Wien,higher_education,,,,,,,,,,covered_by_final_series,,,gap: no matching rows in this year
2005,Universitat fur Bodenkultur Wien (BOKU),higher_education,,,,,,,,,,covered_by_final_series,,,gap: no matching rows in this year
2005,Universitaten (collective Austria),higher_education,,,,,,,,,,covered_by_final_series,,,gap: no matching rows in this year
2005,Wirtschaftsuniversitat Wien (WU),higher_education,,,,,,,,,,covered_by_final_series,,,gap: no matching rows in this year
2006,BMBWF / Einzelplan 13 / UG 31 (total),rd_ministry,,,,,,,,,,covered_by_final_series,,,gap: no matching rows in this year
2006,CERN-Beitrag (Austria),direct_rd,,,,,,,,,,covered_by_final_series,,,gap: no matching rows in this year
2006,Christian Doppler Forschungsgesellschaft (CD-Labor),science_agency,,,,,,,,,,covered_by_final_series,,,gap: no matching rows in this year
2006,ESA-Beitrag (Austria),direct_rd,,,,,,,,,,covered_by_final_series,,,gap: no matching rows in this year
2006,FFG (Forschungsfoerderungsgesellschaft),science_agency,,,,,,,,,,covered_by_final_series,,,gap: no matching rows in this year
2006,FWF (Fonds zur Forderung der wissenschaftlichen Forschung),science_agency,612261000.0,euro,EUR,line_item,2006 Anlagen COO_2026_100_2_189726.pdf,170,Data/input/finance_bills/Austria/2006 Anlagen COO_2026_100_2_189726.pdf,,Austrian Science Fund (FWF),covered_by_final_series,,,Annual state appropriation — core basic research funder.
2006,IST Austria,science_agency,,,,,,,,,,covered_by_final_series,,,gap: no matching rows in this year
2006,Johannes Kepler Universitat Linz (JKU),higher_education,,,,,,,,,,covered_by_final_series,,,gap: no matching rows in this year
2006,Ludwig Boltzmann Gesellschaft,science_agency,,,,,,,,,,covered_by_final_series,,,gap: no matching rows in this year
2006,Medizinische Universitat Wien (MedUni),higher_education,,,,,,,,,,covered_by_final_series,,,gap: no matching rows in this year
2006,OAW (Osterreichische Akademie der Wissenschaften),science_agency,340384000.0,euro,EUR,line_item,2006 Anlagen COO_2026_100_2_189726.pdf,170,Data/input/finance_bills/Austria/2006 Anlagen COO_2026_100_2_189726.pdf,,Austrian Academy of Sciences (ÖAW),covered_by_final_series,,,
2006,Technische Universitat Graz (TU Graz),higher_education,,,,,,,,,,covered_by_final_series,,,gap: no matching rows in this year
2006,Technische Universitat Wien (TU Wien),higher_education,,,,,,,,,,covered_by_final_series,,,gap: no matching rows in this year
2006,Universitat Graz (Karl-Franzens),higher_education,,,,,,,,,,covered_by_final_series,,,gap: no matching rows in this year
2006,Universitat Innsbruck,higher_education,,,,,,,,,,covered_by_final_series,,,gap: no matching rows in this year
2006,Universitat Wien,higher_education,,,,,,,,,,covered_by_final_series,,,gap: no matching rows in this year
2006,Universitat fur Bodenkultur Wien (BOKU),higher_education,,,,,,,,,,covered_by_final_series,,,gap: no matching rows in this year
2006,Universitaten (collective Austria),higher_education,,,,,,,,,,covered_by_final_series,,,gap: no matching rows in this year
2006,Wirtschaftsuniversitat Wien (WU),higher_education,,,,,,,,,,covered_by_final_series,,,gap: no matching rows in this year
2007,BMBWF / Einzelplan 13 / UG 31 (total),rd_ministry,3501826000.0,euro,EUR,section_total,2007 Anlagen COO_2026_100_2_342682.pdf,170,Data/input/finance_bills/Austria/2007 Anlagen COO_2026_100_2_342682.pdf,,Total,covered_by_final_series,,,Ministry name changed: BMWF → BMWV → BMBWK → BMWFW → BMBWF. Use as section total only if individual FWF/FFG/ÖAW lines unavailable.
2007,CERN-Beitrag (Austria),direct_rd,,,,,,,,,,covered_by_final_series,,,gap: no matching rows in this year
2007,Christian Doppler Forschungsgesellschaft (CD-Labor),science_agency,,,,,,,,,,covered_by_final_series,,,gap: no matching rows in this year
2007,ESA-Beitrag (Austria),direct_rd,,,,,,,,,,covered_by_final_series,,,gap: no matching rows in this year
2007,FFG (Forschungsfoerderungsgesellschaft),science_agency,164190000.0,euro,EUR,program_total,2007 Anlagen COO_2026_100_2_342682.pdf,164,Data/input/finance_bills/Austria/2007 Anlagen COO_2026_100_2_342682.pdf,,Total 6538,covered_by_final_series,,,FFG created 2004 from merger of FFF + BIT + ASA. Pre-2004 match via 'fff' variant.
2007,FWF (Fonds zur Forderung der wissenschaftlichen Forschung),science_agency,235381000.0,euro,EUR,line_item,2007 Anlagen COO_2026_100_2_342682.pdf,174,Data/input/finance_bills/Austria/2007 Anlagen COO_2026_100_2_342682.pdf,,Austrian Science Fund,covered_by_final_series,,,Annual state appropriation — core basic research funder.
2007,IST Austria,science_agency,,,,,,,,,,covered_by_final_series,,,gap: no matching rows in this year
2007,Johannes Kepler Universitat Linz (JKU),higher_education,,,,,,,,,,covered_by_final_series,,,gap: no matching rows in this year
2007,Ludwig Boltzmann Gesellschaft,science_agency,,,,,,,,,,covered_by_final_series,,,gap: no matching rows in this year
2007,Medizinische Universitat Wien (MedUni),higher_education,,,,,,,,,,covered_by_final_series,,,gap: no matching rows in this year
2007,OAW (Osterreichische Akademie der Wissenschaften),science_agency,33225000.0,euro,EUR,line_item,2007 Anlagen COO_2026_100_2_342682.pdf,64,Data/input/finance_bills/Austria/2007 Anlagen COO_2026_100_2_342682.pdf,,Funding,covered_by_final_series,,,
2007,Technische Universitat Graz (TU Graz),higher_education,,,,,,,,,,covered_by_final_series,,,gap: no matching rows in this year
2007,Technische Universitat Wien (TU Wien),higher_education,,,,,,,,,,covered_by_final_series,,,gap: no matching rows in this year
2007,Universitat Graz (Karl-Franzens),higher_education,,,,,,,,,,covered_by_final_series,,,gap: no matching rows in this year
2007,Universitat Innsbruck,higher_education,,,,,,,,,,covered_by_final_series,,,gap: no matching rows in this year
2007,Universitat Wien,higher_education,,,,,,,,,,covered_by_final_series,,,gap: no matching rows in this year
2007,Universitat fur Bodenkultur Wien (BOKU),higher_education,,,,,,,,,,covered_by_final_series,,,gap: no matching rows in this year
2007,Universitaten (collective Austria),higher_education,,,,,,,,,,covered_by_final_series,,,gap: no matching rows in this year
2007,Wirtschaftsuniversitat Wien (WU),higher_education,,,,,,,,,,covered_by_final_series,,,gap: no matching rows in this year
2008,BMBWF / Einzelplan 13 / UG 31 (total),rd_ministry,3538832000.0,euro,EUR,section_total,2008 Anlagen COO_2026_100_2_342695.pdf,170,Data/input/finance_bills/Austria/2008 Anlagen COO_2026_100_2_342695.pdf,,Total,covered_by_final_series,,,Ministry name changed: BMWF → BMWV → BMBWK → BMWFW → BMBWF. Use as section total only if individual FWF/FFG/ÖAW lines unavailable.
2008,CERN-Beitrag (Austria),direct_rd,,,,,,,,,,covered_by_final_series,,,gap: no matching rows in this year
2008,Christian Doppler Forschungsgesellschaft (CD-Labor),science_agency,,,,,,,,,,covered_by_final_series,,,gap: no matching rows in this year
2008,ESA-Beitrag (Austria),direct_rd,,,,,,,,,,covered_by_final_series,,,gap: no matching rows in this year
2008,FFG (Forschungsfoerderungsgesellschaft),science_agency,110213000.0,euro,EUR,line_item,2008 Anlagen COO_2026_100_2_342695.pdf,164,Data/input/finance_bills/Austria/2008 Anlagen COO_2026_100_2_342695.pdf,,Expenditures,covered_by_final_series,,,FFG created 2004 from merger of FFF + BIT + ASA. Pre-2004 match via 'fff' variant.
2008,FWF (Fonds zur Forderung der wissenschaftlichen Forschung),science_agency,242380000.0,euro,EUR,line_item,2008 Anlagen COO_2026_100_2_342695.pdf,174,Data/input/finance_bills/Austria/2008 Anlagen COO_2026_100_2_342695.pdf,,Austrian Science Fund,covered_by_final_series,,,Annual state appropriation — core basic research funder.
2008,IST Austria,science_agency,,,,,,,,,,covered_by_final_series,,,gap: no matching rows in this year
2008,Johannes Kepler Universitat Linz (JKU),higher_education,,,,,,,,,,covered_by_final_series,,,gap: no matching rows in this year
2008,Ludwig Boltzmann Gesellschaft,science_agency,,,,,,,,,,covered_by_final_series,,,gap: no matching rows in this year
2008,Medizinische Universitat Wien (MedUni),higher_education,,,,,,,,,,covered_by_final_series,,,gap: no matching rows in this year
2008,OAW (Osterreichische Akademie der Wissenschaften),science_agency,33225000.0,euro,EUR,line_item,2008 Anlagen COO_2026_100_2_342695.pdf,62,Data/input/finance_bills/Austria/2008 Anlagen COO_2026_100_2_342695.pdf,,Funding,covered_by_final_series,,,
2008,Technische Universitat Graz (TU Graz),higher_education,,,,,,,,,,covered_by_final_series,,,gap: no matching rows in this year
2008,Technische Universitat Wien (TU Wien),higher_education,,,,,,,,,,covered_by_final_series,,,gap: no matching rows in this year
2008,Universitat Graz (Karl-Franzens),higher_education,,,,,,,,,,covered_by_final_series,,,gap: no matching rows in this year
2008,Universitat Innsbruck,higher_education,,,,,,,,,,covered_by_final_series,,,gap: no matching rows in this year
2008,Universitat Wien,higher_education,,,,,,,,,,covered_by_final_series,,,gap: no matching rows in this year
2008,Universitat fur Bodenkultur Wien (BOKU),higher_education,,,,,,,,,,covered_by_final_series,,,gap: no matching rows in this year
2008,Universitaten (collective Austria),higher_education,,,,,,,,,,covered_by_final_series,,,gap: no matching rows in this year
2008,Wirtschaftsuniversitat Wien (WU),higher_education,,,,,,,,,,covered_by_final_series,,,gap: no matching rows in this year
2009,AIT Austrian Institute of Technology,science_agency,,,,,,,,,,covered_by_final_series,,,gap: no matching rows in this year
2009,BMBWF / Einzelplan 13 / UG 31 (total),rd_ministry,3352170000.0,euro,EUR,section_total,2009 Anlagen COO_2026_100_2_539063.pdf,176,Data/input/finance_bills/Austria/2009 Anlagen COO_2026_100_2_539063.pdf,,Total,covered_by_final_series,,,Ministry name changed: BMWF → BMWV → BMBWK → BMWFW → BMBWF. Use as section total only if individual FWF/FFG/ÖAW lines unavailable.
2009,CERN-Beitrag (Austria),direct_rd,,,,,,,,,,covered_by_final_series,,,gap: no matching rows in this year
2009,Christian Doppler Forschungsgesellschaft (CD-Labor),science_agency,,,,,,,,,,covered_by_final_series,,,gap: no matching rows in this year
2009,ESA-Beitrag (Austria),direct_rd,,,,,,,,,,covered_by_final_series,,,gap: no matching rows in this year
2009,FFG (Forschungsfoerderungsgesellschaft),science_agency,113168000.0,euro,EUR,line_item,2009 Anlagen COO_2026_100_2_539063.pdf,114,Data/input/finance_bills/Austria/2009 Anlagen COO_2026_100_2_539063.pdf,,Expenditures,covered_by_final_series,,,FFG created 2004 from merger of FFF + BIT + ASA. Pre-2004 match via 'fff' variant.
2009,FWF (Fonds zur Forderung der wissenschaftlichen Forschung),science_agency,213332000.0,euro,EUR,line_item,2009 Anlagen COO_2026_100_2_539063.pdf,180,Data/input/finance_bills/Austria/2009 Anlagen COO_2026_100_2_539063.pdf,,Funding for FWF,covered_by_final_series,,,Annual state appropriation — core basic research funder.
2009,IST Austria,science_agency,,,,,,,,,,covered_by_final_series,,,gap: no matching rows in this year
2009,Johannes Kepler Universitat Linz (JKU),higher_education,,,,,,,,,,covered_by_final_series,,,gap: no matching rows in this year
2009,Ludwig Boltzmann Gesellschaft,science_agency,,,,,,,,,,covered_by_final_series,,,gap: no matching rows in this year
2009,Medizinische Universitat Wien (MedUni),higher_education,,,,,,,,,,covered_by_final_series,,,gap: no matching rows in this year
2009,OAW (Osterreichische Akademie der Wissenschaften),science_agency,,,,,,,,,,covered_by_final_series,,,gap: no matching rows in this year
2009,Technische Universitat Graz (TU Graz),higher_education,,,,,,,,,,covered_by_final_series,,,gap: no matching rows in this year
2009,Technische Universitat Wien (TU Wien),higher_education,,,,,,,,,,covered_by_final_series,,,gap: no matching rows in this year
2009,Universitat Graz (Karl-Franzens),higher_education,,,,,,,,,,covered_by_final_series,,,gap: no matching rows in this year
2009,Universitat Innsbruck,higher_education,,,,,,,,,,covered_by_final_series,,,gap: no matching rows in this year
2009,Universitat Wien,higher_education,,,,,,,,,,covered_by_final_series,,,gap: no matching rows in this year
2009,Universitat fur Bodenkultur Wien (BOKU),higher_education,,,,,,,,,,covered_by_final_series,,,gap: no matching rows in this year
2009,Universitaten (collective Austria),higher_education,,,,,,,,,,covered_by_final_series,,,gap: no matching rows in this year
2009,Wirtschaftsuniversitat Wien (WU),higher_education,,,,,,,,,,covered_by_final_series,,,gap: no matching rows in this year
2010,AIT Austrian Institute of Technology,science_agency,,,,,,,,,,covered_by_final_series,,,Formed 2009 from Arsenal Research.; dropped after original-file audit: no clean institutional appropriation line
2010,BMBWF / Einzelplan 13 / UG 31 (total),rd_ministry,3744002000.0,euro,EUR,section_total,2010 Anlagen COO_2026_100_2_539074.pdf,174,Data/input/finance_bills/Austria/2010 Anlagen COO_2026_100_2_539074.pdf,,Total,covered_by_final_series,,,Ministry name changed: BMWF → BMWV → BMBWK → BMWFW → BMBWF. Use as section total only if individual FWF/FFG/ÖAW lines unavailable.
2010,CERN-Beitrag (Austria),direct_rd,,,,,,,,,,covered_by_final_series,,,gap: no matching rows in this year
2010,Christian Doppler Forschungsgesellschaft (CD-Labor),science_agency,,,,,,,,,,covered_by_final_series,,,dropped after original-file audit: no clean institutional appropriation line
2010,ESA-Beitrag (Austria),direct_rd,,,,,,,,,,covered_by_final_series,,,gap: no matching rows in this year
2010,FFG (Forschungsfoerderungsgesellschaft),science_agency,117513000.0,euro,EUR,line_item,2010 Anlagen COO_2026_100_2_539074.pdf,114,Data/input/finance_bills/Austria/2010 Anlagen COO_2026_100_2_539074.pdf,,Aufwendungen,covered_by_final_series,,,FFG created 2004 from merger of FFF + BIT + ASA. Pre-2004 match via 'fff' variant.
2010,FWF (Fonds zur Forderung der wissenschaftlichen Forschung),science_agency,217642000.0,euro,EUR,line_item,2010 Anlagen COO_2026_100_2_539074.pdf,178,Data/input/finance_bills/Austria/2010 Anlagen COO_2026_100_2_539074.pdf,,Austrian Science Fund (FWF),covered_by_final_series,,,Annual state appropriation — core basic research funder.
2010,IST Austria,science_agency,,,,,,,,,,covered_by_final_series,,,Annual state grant from BMBWF.; dropped after original-file audit: no clean institutional appropriation line
2010,Johannes Kepler Universitat Linz (JKU),higher_education,,,,,,,,,,covered_by_final_series,,,gap: no matching rows in this year
2010,Ludwig Boltzmann Gesellschaft,science_agency,,,,,,,,,,covered_by_final_series,,,gap: no matching rows in this year
2010,Medizinische Universitat Wien (MedUni),higher_education,,,,,,,,,,covered_by_final_series,,,gap: no matching rows in this year
2010,OAW (Osterreichische Akademie der Wissenschaften),science_agency,339583000.0,euro,EUR,line_item,2010 Anlagen COO_2026_100_2_539074.pdf,178,Data/input/finance_bills/Austria/2010 Anlagen COO_2026_100_2_539074.pdf,,Austrian Academy of Sciences (ÖAW),covered_by_final_series,,,
2010,Technische Universitat Graz (TU Graz),higher_education,,,,,,,,,,covered_by_final_series,,,gap: no matching rows in this year
2010,Technische Universitat Wien (TU Wien),higher_education,,,,,,,,,,covered_by_final_series,,,gap: no matching rows in this year
2010,Universitat Graz (Karl-Franzens),higher_education,,,,,,,,,,covered_by_final_series,,,gap: no matching rows in this year
2010,Universitat Innsbruck,higher_education,,,,,,,,,,covered_by_final_series,,,gap: no matching rows in this year
2010,Universitat Wien,higher_education,,,,,,,,,,covered_by_final_series,,,gap: no matching rows in this year
2010,Universitat fur Bodenkultur Wien (BOKU),higher_education,,,,,,,,,,covered_by_final_series,,,gap: no matching rows in this year
2010,Universitaten (collective Austria),higher_education,2756088000.0,euro,EUR,line_item,2010 Anlagen COO_2026_100_2_539074.pdf,102,Data/input/finance_bills/Austria/2010 Anlagen COO_2026_100_2_539074.pdf,,Universities; Public Law Entities: Expenditures,covered_by_final_series,,,Collective Globalbudget line — use only when individual lines unavailable.
2010,Wirtschaftsuniversitat Wien (WU),higher_education,,,,,,,,,,covered_by_final_series,,,gap: no matching rows in this year
2011,AIT Austrian Institute of Technology,science_agency,,,,,,,,,,covered_by_final_series,,,gap: no matching rows in this year
2011,BMBWF / Einzelplan 13 / UG 31 (total),rd_ministry,7701700000.0,euro,EUR,section_total,2011 Anlagen COO_2026_100_2_642644.pdf,166,Data/input/finance_bills/Austria/2011 Anlagen COO_2026_100_2_642644.pdf,,Total,covered_by_final_series,,,Ministry name changed: BMWF → BMWV → BMBWK → BMWFW → BMBWF. Use as section total only if individual FWF/FFG/ÖAW lines unavailable.
2011,CERN-Beitrag (Austria),direct_rd,20000000.0,euro,EUR,line_item,2011 Anlagen COO_2026_100_2_642644.pdf,164,Data/input/finance_bills/Austria/2011 Anlagen COO_2026_100_2_642644.pdf,,Austrian contribution to CERN,covered_by_final_series,,,
2011,Christian Doppler Forschungsgesellschaft (CD-Labor),science_agency,20000000.0,euro,EUR,program_total,2011 Anlagen COO_2026_100_2_642644.pdf,164,Data/input/finance_bills/Austria/2011 Anlagen COO_2026_100_2_642644.pdf,,Christian Doppler Research Society (CD-Labor),covered_by_final_series,,,
2011,ESA-Beitrag (Austria),direct_rd,3000000.0,euro,EUR,line_item,2011 Anlagen COO_2026_100_2_642644.pdf,168,Data/input/finance_bills/Austria/2011 Anlagen COO_2026_100_2_642644.pdf,,Contribution to ESA,covered_by_final_series,,,
2011,FFG (Forschungsfoerderungsgesellschaft),science_agency,96900000.0,euro,EUR,line_item,2011 Anlagen COO_2026_100_2_642644.pdf,164,Data/input/finance_bills/Austria/2011 Anlagen COO_2026_100_2_642644.pdf,,Research Promotion Agency (FFG),covered_by_final_series,,,FFG created 2004 from merger of FFF + BIT + ASA. Pre-2004 match via 'fff' variant.
2011,FWF (Fonds zur Forderung der wissenschaftlichen Forschung),science_agency,458200000.0,euro,EUR,line_item,2011 Anlagen COO_2026_100_2_642644.pdf,168,Data/input/finance_bills/Austria/2011 Anlagen COO_2026_100_2_642644.pdf,,Austrian Science Fund,covered_by_final_series,,,Annual state appropriation — core basic research funder.
2011,IST Austria,science_agency,50000000.0,euro,EUR,line_item,2011 Anlagen COO_2026_100_2_642644.pdf,164,Data/input/finance_bills/Austria/2011 Anlagen COO_2026_100_2_642644.pdf,,Institute of Science and Technology Austria (ISTA),covered_by_final_series,,,Annual state grant from BMBWF.
2011,Johannes Kepler Universitat Linz (JKU),higher_education,,,,,,,,,,covered_by_final_series,,,gap: no matching rows in this year
2011,Ludwig Boltzmann Gesellschaft,science_agency,,,,,,,,,,covered_by_final_series,,,gap: no matching rows in this year
2011,Medizinische Universitat Wien (MedUni),higher_education,,,,,,,,,,covered_by_final_series,,,gap: no matching rows in this year
2011,OAW (Osterreichische Akademie der Wissenschaften),science_agency,50500000.0,euro,EUR,line_item,2011 Anlagen COO_2026_100_2_642644.pdf,102,Data/input/finance_bills/Austria/2011 Anlagen COO_2026_100_2_642644.pdf,,Grants,covered_by_final_series,,,
2011,Technische Universitat Graz (TU Graz),higher_education,,,,,,,,,,covered_by_final_series,,,gap: no matching rows in this year
2011,Technische Universitat Wien (TU Wien),higher_education,,,,,,,,,,covered_by_final_series,,,gap: no matching rows in this year
2011,Universitat Graz (Karl-Franzens),higher_education,,,,,,,,,,covered_by_final_series,,,gap: no matching rows in this year
2011,Universitat Innsbruck,higher_education,,,,,,,,,,covered_by_final_series,,,gap: no matching rows in this year
2011,Universitat Wien,higher_education,,,,,,,,,,covered_by_final_series,,,gap: no matching rows in this year
2011,Universitat fur Bodenkultur Wien (BOKU),higher_education,,,,,,,,,,covered_by_final_series,,,gap: no matching rows in this year
2011,Universitaten (collective Austria),higher_education,,,,,,,,,,covered_by_final_series,,,gap: no matching rows in this year
2011,Wirtschaftsuniversitat Wien (WU),higher_education,,,,,,,,,,covered_by_final_series,,,gap: no matching rows in this year
2012,AIT Austrian Institute of Technology,science_agency,,,,,,,,,,covered_by_final_series,,,gap: no matching rows in this year
2012,BMBWF / Einzelplan 13 / UG 31 (total),rd_ministry,3847532000.0,euro,EUR,section_total,2012 Anlagen COO_2026_100_2_717880.pdf,166,Data/input/finance_bills/Austria/2012 Anlagen COO_2026_100_2_717880.pdf,,Total,covered_by_final_series,,,Ministry name changed: BMWF → BMWV → BMBWK → BMWFW → BMBWF. Use as section total only if individual FWF/FFG/ÖAW lines unavailable.
2012,CERN-Beitrag (Austria),direct_rd,,,,,,,,,,covered_by_final_series,,,dropped after original-file audit: no clean institutional appropriation line
2012,Christian Doppler Forschungsgesellschaft (CD-Labor),science_agency,,,,,,,,,,covered_by_final_series,,,gap: no matching rows in this year
2012,ESA-Beitrag (Austria),direct_rd,,,,,,,,,,covered_by_final_series,,,dropped after original-file audit: no clean institutional appropriation line
2012,FFG (Forschungsfoerderungsgesellschaft),science_agency,,,,,,,,,,covered_by_final_series,,,FFG created 2004 from merger of FFF + BIT + ASA. Pre-2004 match via 'fff' variant.; dropped after original-file audit: no clean institutional appropriation line
2012,FWF (Fonds zur Forderung der wissenschaftlichen Forschung),science_agency,,,,,,,,,,covered_by_final_series,,,Annual state appropriation — core basic research funder.; dropped after original-file audit: no clean institutional appropriation line
2012,IST Austria,science_agency,,,,,,,,,,covered_by_final_series,,,gap: no matching rows in this year
2012,Johannes Kepler Universitat Linz (JKU),higher_education,,,,,,,,,,covered_by_final_series,,,gap: no matching rows in this year
2012,Ludwig Boltzmann Gesellschaft,science_agency,,,,,,,,,,covered_by_final_series,,,gap: no matching rows in this year
2012,Medizinische Universitat Wien (MedUni),higher_education,,,,,,,,,,covered_by_final_series,,,gap: no matching rows in this year
2012,OAW (Osterreichische Akademie der Wissenschaften),science_agency,81519000.0,euro,EUR,verified_override,2012 Anlagen COO_2026_100_2_717880.pdf,170,Data/input/finance_bills/Austria/2012 Anlagen COO_2026_100_2_717880.pdf,,Summe 3117,verified_against_original_file,,,verified against original Austria budget
2012,Technische Universitat Graz (TU Graz),higher_education,,,,,,,,,,covered_by_final_series,,,gap: no matching rows in this year
2012,Technische Universitat Wien (TU Wien),higher_education,,,,,,,,,,covered_by_final_series,,,gap: no matching rows in this year
2012,Universitat Graz (Karl-Franzens),higher_education,,,,,,,,,,covered_by_final_series,,,gap: no matching rows in this year
2012,Universitat Innsbruck,higher_education,,,,,,,,,,covered_by_final_series,,,gap: no matching rows in this year
2012,Universitat Wien,higher_education,,,,,,,,,,covered_by_final_series,,,gap: no matching rows in this year
2012,Universitat fur Bodenkultur Wien (BOKU),higher_education,,,,,,,,,,covered_by_final_series,,,gap: no matching rows in this year
2012,Universitaten (collective Austria),higher_education,605600000.0,euro,EUR,line_item,2012 Anlagen COO_2026_100_2_717880.pdf,179,Data/input/finance_bills/Austria/2012 Anlagen COO_2026_100_2_717880.pdf,,Offices of the Universities,covered_by_final_series,,,Collective Globalbudget line — use only when individual lines unavailable.
2012,Wirtschaftsuniversitat Wien (WU),higher_education,,,,,,,,,,covered_by_final_series,,,gap: no matching rows in this year
2013,AIT Austrian Institute of Technology,science_agency,,,,,,,,,,covered_by_final_series,,,gap: no matching rows in this year
2013,BMBWF / Einzelplan 13 / UG 31 (total),rd_ministry,4022015000.0,euro,EUR,section_total,2013 Anlagen COO_2026_100_2_820081.pdf,296,Data/input/finance_bills/Austria/2013 Anlagen COO_2026_100_2_820081.pdf,,Total Expenditures,covered_by_final_series,,,Ministry name changed: BMWF → BMWV → BMBWK → BMWFW → BMBWF. Use as section total only if individual FWF/FFG/ÖAW lines unavailable.
2013,CERN-Beitrag (Austria),direct_rd,,,,,,,,,,covered_by_final_series,,,gap: no matching rows in this year
2013,Christian Doppler Forschungsgesellschaft (CD-Labor),science_agency,,,,,,,,,,covered_by_final_series,,,gap: no matching rows in this year
2013,ESA-Beitrag (Austria),direct_rd,,,,,,,,,,covered_by_final_series,,,gap: no matching rows in this year
2013,FFG (Forschungsfoerderungsgesellschaft),science_agency,,,,,,,,,,covered_by_final_series,,,FFG created 2004 from merger of FFF + BIT + ASA. Pre-2004 match via 'fff' variant.; dropped after original-file audit: no clean institutional appropriation line
2013,FWF (Fonds zur Forderung der wissenschaftlichen Forschung),science_agency,,,,,,,,,,covered_by_final_series,,,Annual state appropriation — core basic research funder.; dropped after original-file audit: no clean institutional appropriation line
2013,IST Austria,science_agency,,,,,,,,,,covered_by_final_series,,,gap: no matching rows in this year
2013,Johannes Kepler Universitat Linz (JKU),higher_education,,,,,,,,,,covered_by_final_series,,,gap: no matching rows in this year
2013,Ludwig Boltzmann Gesellschaft,science_agency,,,,,,,,,,covered_by_final_series,,,gap: no matching rows in this year
2013,Medizinische Universitat Wien (MedUni),higher_education,,,,,,,,,,covered_by_final_series,,,gap: no matching rows in this year
2013,OAW (Osterreichische Akademie der Wissenschaften),science_agency,,,,,,,,,,covered_by_final_series,,,gap: no matching rows in this year
2013,Technische Universitat Graz (TU Graz),higher_education,,,,,,,,,,covered_by_final_series,,,gap: no matching rows in this year
2013,Technische Universitat Wien (TU Wien),higher_education,,,,,,,,,,covered_by_final_series,,,gap: no matching rows in this year
2013,Universitat Graz (Karl-Franzens),higher_education,,,,,,,,,,covered_by_final_series,,,gap: no matching rows in this year
2013,Universitat Innsbruck,higher_education,,,,,,,,,,covered_by_final_series,,,gap: no matching rows in this year
2013,Universitat Wien,higher_education,,,,,,,,,,covered_by_final_series,,,gap: no matching rows in this year
2013,Universitat fur Bodenkultur Wien (BOKU),higher_education,,,,,,,,,,covered_by_final_series,,,gap: no matching rows in this year
2013,Universitaten (collective Austria),higher_education,,,,,,,,,,covered_by_final_series,,,gap: no matching rows in this year
2013,Wirtschaftsuniversitat Wien (WU),higher_education,,,,,,,,,,covered_by_final_series,,,gap: no matching rows in this year
2014,AIT Austrian Institute of Technology,science_agency,,,,,,,,,,covered_by_final_series,,,gap: no matching rows in this year
2014,BMBWF / Einzelplan 13 / UG 31 (total),rd_ministry,4081398000.0,euro,EUR,section_total,2014 Anlagen COO_2026_100_2_999189.pdf,352,Data/input/finance_bills/Austria/2014 Anlagen COO_2026_100_2_999189.pdf,,Total,covered_by_final_series,,,Ministry name changed: BMWF → BMWV → BMBWK → BMWFW → BMBWF. Use as section total only if individual FWF/FFG/ÖAW lines unavailable.
2014,CERN-Beitrag (Austria),direct_rd,,,,,,,,,,covered_by_final_series,,,gap: no matching rows in this year
2014,Christian Doppler Forschungsgesellschaft (CD-Labor),science_agency,,,,,,,,,,covered_by_final_series,,,gap: no matching rows in this year
2014,ESA-Beitrag (Austria),direct_rd,,,,,,,,,,covered_by_final_series,,,gap: no matching rows in this year
2014,FFG (Forschungsfoerderungsgesellschaft),science_agency,,,,,,,,,,covered_by_final_series,,,FFG created 2004 from merger of FFF + BIT + ASA. Pre-2004 match via 'fff' variant.; dropped after original-file audit: no clean institutional appropriation line
2014,FWF (Fonds zur Forderung der wissenschaftlichen Forschung),science_agency,,,,,,,,,,covered_by_final_series,,,gap: no matching rows in this year
2014,IST Austria,science_agency,,,,,,,,,,covered_by_final_series,,,gap: no matching rows in this year
2014,Johannes Kepler Universitat Linz (JKU),higher_education,,,,,,,,,,covered_by_final_series,,,gap: no matching rows in this year
2014,Ludwig Boltzmann Gesellschaft,science_agency,,,,,,,,,,covered_by_final_series,,,gap: no matching rows in this year
2014,Medizinische Universitat Wien (MedUni),higher_education,,,,,,,,,,covered_by_final_series,,,gap: no matching rows in this year
2014,OAW (Osterreichische Akademie der Wissenschaften),science_agency,,,,,,,,,,covered_by_final_series,,,gap: no matching rows in this year
2014,Technische Universitat Graz (TU Graz),higher_education,,,,,,,,,,covered_by_final_series,,,gap: no matching rows in this year
2014,Technische Universitat Wien (TU Wien),higher_education,,,,,,,,,,covered_by_final_series,,,gap: no matching rows in this year
2014,Universitat Graz (Karl-Franzens),higher_education,,,,,,,,,,covered_by_final_series,,,gap: no matching rows in this year
2014,Universitat Innsbruck,higher_education,,,,,,,,,,covered_by_final_series,,,gap: no matching rows in this year
2014,Universitat Wien,higher_education,,,,,,,,,,covered_by_final_series,,,gap: no matching rows in this year
2014,Universitat fur Bodenkultur Wien (BOKU),higher_education,,,,,,,,,,covered_by_final_series,,,gap: no matching rows in this year
2014,Universitaten (collective Austria),higher_education,,,,,,,,,,covered_by_final_series,,,gap: no matching rows in this year
2014,Wirtschaftsuniversitat Wien (WU),higher_education,,,,,,,,,,covered_by_final_series,,,gap: no matching rows in this year
2015,AIT Austrian Institute of Technology,science_agency,,,,,,,,,,covered_by_final_series,,,gap: no matching rows in this year
2015,BMBWF / Einzelplan 13 / UG 31 (total),rd_ministry,4121788999.9999995,euro,EUR,section_total,2015 Anlagen COO_2026_100_2_999206.pdf,343,Data/input/finance_bills/Austria/2015 Anlagen COO_2026_100_2_999206.pdf,,Total,covered_by_final_series,,,Ministry name changed: BMWF → BMWV → BMBWK → BMWFW → BMBWF. Use as section total only if individual FWF/FFG/ÖAW lines unavailable.
2015,CERN-Beitrag (Austria),direct_rd,,,,,,,,,,covered_by_final_series,,,gap: no matching rows in this year
2015,Christian Doppler Forschungsgesellschaft (CD-Labor),science_agency,,,,,,,,,,covered_by_final_series,,,gap: no matching rows in this year
2015,ESA-Beitrag (Austria),direct_rd,,,,,,,,,,covered_by_final_series,,,gap: no matching rows in this year
2015,FFG (Forschungsfoerderungsgesellschaft),science_agency,,,,,,,,,,covered_by_final_series,,,FFG created 2004 from merger of FFF + BIT + ASA. Pre-2004 match via 'fff' variant.; dropped after original-file audit: no clean institutional appropriation line
2015,FWF (Fonds zur Forderung der wissenschaftlichen Forschung),science_agency,,,,,,,,,,covered_by_final_series,,,gap: no matching rows in this year
2015,IST Austria,science_agency,,,,,,,,,,covered_by_final_series,,,gap: no matching rows in this year
2015,Johannes Kepler Universitat Linz (JKU),higher_education,,,,,,,,,,covered_by_final_series,,,gap: no matching rows in this year
2015,Ludwig Boltzmann Gesellschaft,science_agency,,,,,,,,,,covered_by_final_series,,,gap: no matching rows in this year
2015,Medizinische Universitat Wien (MedUni),higher_education,,,,,,,,,,covered_by_final_series,,,gap: no matching rows in this year
2015,OAW (Osterreichische Akademie der Wissenschaften),science_agency,,,,,,,,,,covered_by_final_series,,,gap: no matching rows in this year
2015,Technische Universitat Graz (TU Graz),higher_education,,,,,,,,,,covered_by_final_series,,,gap: no matching rows in this year
2015,Technische Universitat Wien (TU Wien),higher_education,,,,,,,,,,covered_by_final_series,,,gap: no matching rows in this year
2015,Universitat Graz (Karl-Franzens),higher_education,,,,,,,,,,covered_by_final_series,,,gap: no matching rows in this year
2015,Universitat Innsbruck,higher_education,,,,,,,,,,covered_by_final_series,,,gap: no matching rows in this year
2015,Universitat Wien,higher_education,,,,,,,,,,covered_by_final_series,,,gap: no matching rows in this year
2015,Universitat fur Bodenkultur Wien (BOKU),higher_education,,,,,,,,,,covered_by_final_series,,,gap: no matching rows in this year
2015,Universitaten (collective Austria),higher_education,,,,,,,,,,covered_by_final_series,,,gap: no matching rows in this year
2015,Wirtschaftsuniversitat Wien (WU),higher_education,,,,,,,,,,covered_by_final_series,,,gap: no matching rows in this year
2016,AIT Austrian Institute of Technology,science_agency,,,,,,,,,,covered_by_final_series,,,gap: no matching rows in this year
2016,BMBWF / Einzelplan 13 / UG 31 (total),rd_ministry,4281287999.9999995,euro,EUR,section_total,2016 Anlagen COO_2026_100_2_1160018.pdf,350,Data/input/finance_bills/Austria/2016 Anlagen COO_2026_100_2_1160018.pdf,,Total,covered_by_final_series,,,Ministry name changed: BMWF → BMWV → BMBWK → BMWFW → BMBWF. Use as section total only if individual FWF/FFG/ÖAW lines unavailable.
2016,CERN-Beitrag (Austria),direct_rd,,,,,,,,,,covered_by_final_series,,,gap: no matching rows in this year
2016,Christian Doppler Forschungsgesellschaft (CD-Labor),science_agency,,,,,,,,,,covered_by_final_series,,,gap: no matching rows in this year
2016,ESA-Beitrag (Austria),direct_rd,,,,,,,,,,covered_by_final_series,,,gap: no matching rows in this year
2016,FFG (Forschungsfoerderungsgesellschaft),science_agency,,,,,,,,,,covered_by_final_series,,,gap: no matching rows in this year
2016,FWF (Fonds zur Forderung der wissenschaftlichen Forschung),science_agency,,,,,,,,,,covered_by_final_series,,,gap: no matching rows in this year
2016,IST Austria,science_agency,,,,,,,,,,covered_by_final_series,,,gap: no matching rows in this year
2016,Johannes Kepler Universitat Linz (JKU),higher_education,,,,,,,,,,covered_by_final_series,,,gap: no matching rows in this year
2016,Ludwig Boltzmann Gesellschaft,science_agency,,,,,,,,,,covered_by_final_series,,,gap: no matching rows in this year
2016,Medizinische Universitat Wien (MedUni),higher_education,,,,,,,,,,covered_by_final_series,,,gap: no matching rows in this year
2016,OAW (Osterreichische Akademie der Wissenschaften),science_agency,,,,,,,,,,covered_by_final_series,,,gap: no matching rows in this year
2016,Technische Universitat Graz (TU Graz),higher_education,,,,,,,,,,covered_by_final_series,,,gap: no matching rows in this year
2016,Technische Universitat Wien (TU Wien),higher_education,,,,,,,,,,covered_by_final_series,,,gap: no matching rows in this year
2016,Universitat Graz (Karl-Franzens),higher_education,,,,,,,,,,covered_by_final_series,,,gap: no matching rows in this year
2016,Universitat Innsbruck,higher_education,,,,,,,,,,covered_by_final_series,,,gap: no matching rows in this year
2016,Universitat Wien,higher_education,,,,,,,,,,covered_by_final_series,,,gap: no matching rows in this year
2016,Universitat fur Bodenkultur Wien (BOKU),higher_education,,,,,,,,,,covered_by_final_series,,,gap: no matching rows in this year
2016,Universitaten (collective Austria),higher_education,,,,,,,,,,covered_by_final_series,,,gap: no matching rows in this year
2016,Wirtschaftsuniversitat Wien (WU),higher_education,,,,,,,,,,covered_by_final_series,,,gap: no matching rows in this year
2017,AIT Austrian Institute of Technology,science_agency,,,,,,,,,,covered_by_final_series,,,gap: no matching rows in this year
2017,BMBWF / Einzelplan 13 / UG 31 (total),rd_ministry,4364024000.0,euro,EUR,section_total,2017 Anlagen COO_2026_100_2_1315468.pdf,352,Data/input/finance_bills/Austria/2017 Anlagen COO_2026_100_2_1315468.pdf,,Total,covered_by_final_series,,,Ministry name changed: BMWF → BMWV → BMBWK → BMWFW → BMBWF. Use as section total only if individual FWF/FFG/ÖAW lines unavailable.
2017,CERN-Beitrag (Austria),direct_rd,,,,,,,,,,covered_by_final_series,,,gap: no matching rows in this year
2017,Christian Doppler Forschungsgesellschaft (CD-Labor),science_agency,,,,,,,,,,covered_by_final_series,,,gap: no matching rows in this year
2017,ESA-Beitrag (Austria),direct_rd,,,,,,,,,,covered_by_final_series,,,gap: no matching rows in this year
2017,FFG (Forschungsfoerderungsgesellschaft),science_agency,,,,,,,,,,covered_by_final_series,,,FFG created 2004 from merger of FFF + BIT + ASA. Pre-2004 match via 'fff' variant.; dropped after original-file audit: no clean institutional appropriation line
2017,FWF (Fonds zur Forderung der wissenschaftlichen Forschung),science_agency,,,,,,,,,,covered_by_final_series,,,gap: no matching rows in this year
2017,IST Austria,science_agency,,,,,,,,,,covered_by_final_series,,,gap: no matching rows in this year
2017,Johannes Kepler Universitat Linz (JKU),higher_education,,,,,,,,,,covered_by_final_series,,,gap: no matching rows in this year
2017,Ludwig Boltzmann Gesellschaft,science_agency,,,,,,,,,,covered_by_final_series,,,gap: no matching rows in this year
2017,Medizinische Universitat Wien (MedUni),higher_education,,,,,,,,,,covered_by_final_series,,,gap: no matching rows in this year
2017,OAW (Osterreichische Akademie der Wissenschaften),science_agency,,,,,,,,,,covered_by_final_series,,,gap: no matching rows in this year
2017,Technische Universitat Graz (TU Graz),higher_education,,,,,,,,,,covered_by_final_series,,,gap: no matching rows in this year
2017,Technische Universitat Wien (TU Wien),higher_education,,,,,,,,,,covered_by_final_series,,,gap: no matching rows in this year
2017,Universitat Graz (Karl-Franzens),higher_education,,,,,,,,,,covered_by_final_series,,,gap: no matching rows in this year
2017,Universitat Innsbruck,higher_education,,,,,,,,,,covered_by_final_series,,,gap: no matching rows in this year
2017,Universitat Wien,higher_education,,,,,,,,,,covered_by_final_series,,,gap: no matching rows in this year
2017,Universitat fur Bodenkultur Wien (BOKU),higher_education,,,,,,,,,,covered_by_final_series,,,gap: no matching rows in this year
2017,Universitaten (collective Austria),higher_education,,,,,,,,,,covered_by_final_series,,,gap: no matching rows in this year
2017,Wirtschaftsuniversitat Wien (WU),higher_education,,,,,,,,,,covered_by_final_series,,,gap: no matching rows in this year
2018,AIT Austrian Institute of Technology,science_agency,,,,,,,,,,covered_by_final_series,,,gap: no matching rows in this year
2018,BMBWF / Einzelplan 13 / UG 31 (total),rd_ministry,4460084000.0,euro,EUR,section_total,2018 Anlagen COO_2026_100_2_1516380.pdf,368,Data/input/finance_bills/Austria/2018 Anlagen COO_2026_100_2_1516380.pdf,,Total Expenditures,covered_by_final_series,,,Ministry name changed: BMWF → BMWV → BMBWK → BMWFW → BMBWF. Use as section total only if individual FWF/FFG/ÖAW lines unavailable.
2018,CERN-Beitrag (Austria),direct_rd,,,,,,,,,,covered_by_final_series,,,gap: no matching rows in this year
2018,Christian Doppler Forschungsgesellschaft (CD-Labor),science_agency,,,,,,,,,,covered_by_final_series,,,gap: no matching rows in this year
2018,ESA-Beitrag (Austria),direct_rd,,,,,,,,,,covered_by_final_series,,,gap: no matching rows in this year
2018,FFG (Forschungsfoerderungsgesellschaft),science_agency,,,,,,,,,,covered_by_final_series,,,gap: no matching rows in this year
2018,FWF (Fonds zur Forderung der wissenschaftlichen Forschung),science_agency,,,,,,,,,,covered_by_final_series,,,Annual state appropriation — core basic research funder.; dropped after original-file audit: no clean institutional appropriation line
2018,IST Austria,science_agency,,,,,,,,,,covered_by_final_series,,,Annual state grant from BMBWF.; dropped after original-file audit: no clean institutional appropriation line
2018,Johannes Kepler Universitat Linz (JKU),higher_education,,,,,,,,,,covered_by_final_series,,,gap: no matching rows in this year
2018,Ludwig Boltzmann Gesellschaft,science_agency,,,,,,,,,,covered_by_final_series,,,gap: no matching rows in this year
2018,Medizinische Universitat Wien (MedUni),higher_education,,,,,,,,,,covered_by_final_series,,,gap: no matching rows in this year
2018,OAW (Osterreichische Akademie der Wissenschaften),science_agency,,,,,,,,,,covered_by_final_series,,,gap: no matching rows in this year
2018,Technische Universitat Graz (TU Graz),higher_education,,,,,,,,,,covered_by_final_series,,,gap: no matching rows in this year
2018,Technische Universitat Wien (TU Wien),higher_education,,,,,,,,,,covered_by_final_series,,,gap: no matching rows in this year
2018,Universitat Graz (Karl-Franzens),higher_education,,,,,,,,,,covered_by_final_series,,,gap: no matching rows in this year
2018,Universitat Innsbruck,higher_education,,,,,,,,,,covered_by_final_series,,,gap: no matching rows in this year
2018,Universitat Wien,higher_education,,,,,,,,,,covered_by_final_series,,,gap: no matching rows in this year
2018,Universitat fur Bodenkultur Wien (BOKU),higher_education,,,,,,,,,,covered_by_final_series,,,gap: no matching rows in this year
2018,Universitaten (collective Austria),higher_education,,,,,,,,,,covered_by_final_series,,,gap: no matching rows in this year
2018,Wirtschaftsuniversitat Wien (WU),higher_education,,,,,,,,,,covered_by_final_series,,,gap: no matching rows in this year
2019,AIT Austrian Institute of Technology,science_agency,,,,,,,,,,covered_by_final_series,,,gap: no matching rows in this year
2019,BMBWF / Einzelplan 13 / UG 31 (total),rd_ministry,4789900000.0,euro,EUR,section_total,2019 Anlagen COO_2026_100_2_1516401.pdf,358,Data/input/finance_bills/Austria/2019 Anlagen COO_2026_100_2_1516401.pdf,,Total,covered_by_final_series,,,Ministry name changed: BMWF → BMWV → BMBWK → BMWFW → BMBWF. Use as section total only if individual FWF/FFG/ÖAW lines unavailable.
2019,CERN-Beitrag (Austria),direct_rd,,,,,,,,,,covered_by_final_series,,,gap: no matching rows in this year
2019,Christian Doppler Forschungsgesellschaft (CD-Labor),science_agency,,,,,,,,,,covered_by_final_series,,,gap: no matching rows in this year
2019,ESA-Beitrag (Austria),direct_rd,,,,,,,,,,covered_by_final_series,,,gap: no matching rows in this year
2019,FFG (Forschungsfoerderungsgesellschaft),science_agency,,,,,,,,,,covered_by_final_series,,,FFG created 2004 from merger of FFF + BIT + ASA. Pre-2004 match via 'fff' variant.; dropped after original-file audit: no clean institutional appropriation line
2019,FWF (Fonds zur Forderung der wissenschaftlichen Forschung),science_agency,,,,,,,,,,covered_by_final_series,,,gap: no matching rows in this year
2019,IST Austria,science_agency,,,,,,,,,,covered_by_final_series,,,gap: no matching rows in this year
2019,Johannes Kepler Universitat Linz (JKU),higher_education,,,,,,,,,,covered_by_final_series,,,gap: no matching rows in this year
2019,Ludwig Boltzmann Gesellschaft,science_agency,,,,,,,,,,covered_by_final_series,,,gap: no matching rows in this year
2019,Medizinische Universitat Wien (MedUni),higher_education,,,,,,,,,,covered_by_final_series,,,gap: no matching rows in this year
2019,OAW (Osterreichische Akademie der Wissenschaften),science_agency,,,,,,,,,,covered_by_final_series,,,gap: no matching rows in this year
2019,Technische Universitat Graz (TU Graz),higher_education,,,,,,,,,,covered_by_final_series,,,gap: no matching rows in this year
2019,Technische Universitat Wien (TU Wien),higher_education,,,,,,,,,,covered_by_final_series,,,gap: no matching rows in this year
2019,Universitat Graz (Karl-Franzens),higher_education,,,,,,,,,,covered_by_final_series,,,gap: no matching rows in this year
2019,Universitat Innsbruck,higher_education,,,,,,,,,,covered_by_final_series,,,gap: no matching rows in this year
2019,Universitat Wien,higher_education,,,,,,,,,,covered_by_final_series,,,gap: no matching rows in this year
2019,Universitat fur Bodenkultur Wien (BOKU),higher_education,,,,,,,,,,covered_by_final_series,,,gap: no matching rows in this year
2019,Universitaten (collective Austria),higher_education,,,,,,,,,,covered_by_final_series,,,gap: no matching rows in this year
2019,Wirtschaftsuniversitat Wien (WU),higher_education,,,,,,,,,,covered_by_final_series,,,gap: no matching rows in this year
2020,AIT Austrian Institute of Technology,science_agency,,,,,,,,,,covered_by_final_series,,,gap: no matching rows in this year
2020,BMBWF / Einzelplan 13 / UG 31 (total),rd_ministry,5030550000.0,euro,EUR,section_total,2020 Anlagen COO_2026_100_2_1750563.pdf,362,Data/input/finance_bills/Austria/2020 Anlagen COO_2026_100_2_1750563.pdf,,Total,covered_by_final_series,,,Ministry name changed: BMWF → BMWV → BMBWK → BMWFW → BMBWF. Use as section total only if individual FWF/FFG/ÖAW lines unavailable.
2020,CERN-Beitrag (Austria),direct_rd,,,,,,,,,,covered_by_final_series,,,gap: no matching rows in this year
2020,Christian Doppler Forschungsgesellschaft (CD-Labor),science_agency,,,,,,,,,,covered_by_final_series,,,gap: no matching rows in this year
2020,ESA-Beitrag (Austria),direct_rd,,,,,,,,,,covered_by_final_series,,,gap: no matching rows in this year
2020,FFG (Forschungsfoerderungsgesellschaft),science_agency,,,,,,,,,,covered_by_final_series,,,gap: no matching rows in this year
2020,FWF (Fonds zur Forderung der wissenschaftlichen Forschung),science_agency,,,,,,,,,,covered_by_final_series,,,Annual state appropriation — core basic research funder.; dropped after original-file audit: no clean institutional appropriation line
2020,IST Austria,science_agency,,,,,,,,,,covered_by_final_series,,,gap: no matching rows in this year
2020,Johannes Kepler Universitat Linz (JKU),higher_education,,,,,,,,,,covered_by_final_series,,,gap: no matching rows in this year
2020,Ludwig Boltzmann Gesellschaft,science_agency,,,,,,,,,,covered_by_final_series,,,gap: no matching rows in this year
2020,Medizinische Universitat Wien (MedUni),higher_education,,,,,,,,,,covered_by_final_series,,,gap: no matching rows in this year
2020,OAW (Osterreichische Akademie der Wissenschaften),science_agency,,,,,,,,,,covered_by_final_series,,,gap: no matching rows in this year
2020,Technische Universitat Graz (TU Graz),higher_education,,,,,,,,,,covered_by_final_series,,,gap: no matching rows in this year
2020,Technische Universitat Wien (TU Wien),higher_education,,,,,,,,,,covered_by_final_series,,,gap: no matching rows in this year
2020,Universitat Graz (Karl-Franzens),higher_education,,,,,,,,,,covered_by_final_series,,,gap: no matching rows in this year
2020,Universitat Innsbruck,higher_education,,,,,,,,,,covered_by_final_series,,,gap: no matching rows in this year
2020,Universitat Wien,higher_education,,,,,,,,,,covered_by_final_series,,,gap: no matching rows in this year
2020,Universitat fur Bodenkultur Wien (BOKU),higher_education,,,,,,,,,,covered_by_final_series,,,gap: no matching rows in this year
2020,Universitaten (collective Austria),higher_education,,,,,,,,,,covered_by_final_series,,,gap: no matching rows in this year
2020,Wirtschaftsuniversitat Wien (WU),higher_education,,,,,,,,,,covered_by_final_series,,,gap: no matching rows in this year
2021,AIT Austrian Institute of Technology,science_agency,,,,,,,,,,covered_by_final_series,,,gap: no matching rows in this year
2021,BMBWF / Einzelplan 13 / UG 31 (total),rd_ministry,5262476000.0,euro,EUR,section_total,2021 Anlagen COO_2026_100_2_1814939.pdf,356,Data/input/finance_bills/Austria/2021 Anlagen COO_2026_100_2_1814939.pdf,,Total,covered_by_final_series,,,Ministry name changed: BMWF → BMWV → BMBWK → BMWFW → BMBWF. Use as section total only if individual FWF/FFG/ÖAW lines unavailable.
2021,CERN-Beitrag (Austria),direct_rd,,,,,,,,,,covered_by_final_series,,,gap: no matching rows in this year
2021,Christian Doppler Forschungsgesellschaft (CD-Labor),science_agency,,,,,,,,,,covered_by_final_series,,,gap: no matching rows in this year
2021,ESA-Beitrag (Austria),direct_rd,,,,,,,,,,covered_by_final_series,,,gap: no matching rows in this year
2021,FFG (Forschungsfoerderungsgesellschaft),science_agency,,,,,,,,,,covered_by_final_series,,,FFG created 2004 from merger of FFF + BIT + ASA. Pre-2004 match via 'fff' variant.; dropped after original-file audit: no clean institutional appropriation line
2021,FWF (Fonds zur Forderung der wissenschaftlichen Forschung),science_agency,,,,,,,,,,covered_by_final_series,,,Annual state appropriation — core basic research funder.; dropped after original-file audit: no clean institutional appropriation line
2021,IST Austria,science_agency,,,,,,,,,,covered_by_final_series,,,Annual state grant from BMBWF.; dropped after original-file audit: no clean institutional appropriation line
2021,Johannes Kepler Universitat Linz (JKU),higher_education,,,,,,,,,,covered_by_final_series,,,gap: no matching rows in this year
2021,Ludwig Boltzmann Gesellschaft,science_agency,,,,,,,,,,covered_by_final_series,,,gap: no matching rows in this year
2021,Medizinische Universitat Wien (MedUni),higher_education,,,,,,,,,,covered_by_final_series,,,gap: no matching rows in this year
2021,OAW (Osterreichische Akademie der Wissenschaften),science_agency,,,,,,,,,,covered_by_final_series,,,gap: no matching rows in this year
2021,Technische Universitat Graz (TU Graz),higher_education,,,,,,,,,,covered_by_final_series,,,gap: no matching rows in this year
2021,Technische Universitat Wien (TU Wien),higher_education,,,,,,,,,,covered_by_final_series,,,gap: no matching rows in this year
2021,Universitat Graz (Karl-Franzens),higher_education,,,,,,,,,,covered_by_final_series,,,gap: no matching rows in this year
2021,Universitat Innsbruck,higher_education,,,,,,,,,,covered_by_final_series,,,gap: no matching rows in this year
2021,Universitat Wien,higher_education,,,,,,,,,,covered_by_final_series,,,gap: no matching rows in this year
2021,Universitat fur Bodenkultur Wien (BOKU),higher_education,,,,,,,,,,covered_by_final_series,,,gap: no matching rows in this year
2021,Universitaten (collective Austria),higher_education,,,,,,,,,,covered_by_final_series,,,gap: no matching rows in this year
2021,Wirtschaftsuniversitat Wien (WU),higher_education,,,,,,,,,,covered_by_final_series,,,gap: no matching rows in this year
2022,AIT Austrian Institute of Technology,science_agency,,,,,,,,,,covered_by_final_series,,,gap: no matching rows in this year
2022,BMBWF / Einzelplan 13 / UG 31 (total),rd_ministry,5623584000.0,euro,EUR,section_total,2022 Anlagen_0001_244184DB_8F25_451C_846B_6C4C7BD15ADA.pdf,386,Data/input/finance_bills/Austria/2022 Anlagen_0001_244184DB_8F25_451C_846B_6C4C7BD15ADA.pdf,,Total,covered_by_final_series,,,Ministry name changed: BMWF → BMWV → BMBWK → BMWFW → BMBWF. Use as section total only if individual FWF/FFG/ÖAW lines unavailable.
2022,CERN-Beitrag (Austria),direct_rd,,,,,,,,,,covered_by_final_series,,,dropped after original-file audit: no clean institutional appropriation line
2022,Christian Doppler Forschungsgesellschaft (CD-Labor),science_agency,,,,,,,,,,covered_by_final_series,,,gap: no matching rows in this year
2022,ESA-Beitrag (Austria),direct_rd,,,,,,,,,,covered_by_final_series,,,dropped after original-file audit: no clean institutional appropriation line
2022,FFG (Forschungsfoerderungsgesellschaft),science_agency,,,,,,,,,,covered_by_final_series,,,FFG created 2004 from merger of FFF + BIT + ASA. Pre-2004 match via 'fff' variant.; dropped after original-file audit: no clean institutional appropriation line
2022,FWF (Fonds zur Forderung der wissenschaftlichen Forschung),science_agency,120000000.0,euro,EUR,verified_override,2022 Anlagen_0001_244184DB_8F25_451C_846B_6C4C7BD15ADA.pdf,383,Data/input/finance_bills/Austria/2022 Anlagen_0001_244184DB_8F25_451C_846B_6C4C7BD15ADA.pdf,,FWF - Fonds zur Förderung der wissenschaftlichen Forschung,verified_against_original_file,,,Annual state appropriation — core basic research funder.; verified against original Austria budget
2022,IST Austria,science_agency,25000000.0,euro,EUR,verified_override,2022 Anlagen_0001_244184DB_8F25_451C_846B_6C4C7BD15ADA.pdf,384,Data/input/finance_bills/Austria/2022 Anlagen_0001_244184DB_8F25_451C_846B_6C4C7BD15ADA.pdf,,IST Austria - Institute of Science and Technology Austria,verified_against_original_file,,,Annual state grant from BMBWF.; verified against original Austria budget
2022,Johannes Kepler Universitat Linz (JKU),higher_education,,,,,,,,,,covered_by_final_series,,,gap: no matching rows in this year
2022,Ludwig Boltzmann Gesellschaft,science_agency,,,,,,,,,,covered_by_final_series,,,gap: no matching rows in this year
2022,Medizinische Universitat Wien (MedUni),higher_education,,,,,,,,,,covered_by_final_series,,,gap: no matching rows in this year
2022,OAW (Osterreichische Akademie der Wissenschaften),science_agency,30000000.0,euro,EUR,verified_override,2022 Anlagen_0001_244184DB_8F25_451C_846B_6C4C7BD15ADA.pdf,384,Data/input/finance_bills/Austria/2022 Anlagen_0001_244184DB_8F25_451C_846B_6C4C7BD15ADA.pdf,,ÖAW - Österreichische Akademie der Wissenschaften,verified_against_original_file,,,verified against original Austria budget
2022,Technische Universitat Graz (TU Graz),higher_education,,,,,,,,,,covered_by_final_series,,,gap: no matching rows in this year
2022,Technische Universitat Wien (TU Wien),higher_education,,,,,,,,,,covered_by_final_series,,,gap: no matching rows in this year
2022,Universitat Graz (Karl-Franzens),higher_education,,,,,,,,,,covered_by_final_series,,,gap: no matching rows in this year
2022,Universitat Innsbruck,higher_education,,,,,,,,,,covered_by_final_series,,,gap: no matching rows in this year
2022,Universitat Wien,higher_education,,,,,,,,,,covered_by_final_series,,,gap: no matching rows in this year
2022,Universitat fur Bodenkultur Wien (BOKU),higher_education,,,,,,,,,,covered_by_final_series,,,gap: no matching rows in this year
2022,Universitaten (collective Austria),higher_education,,,,,,,,,,covered_by_final_series,,,gap: no matching rows in this year
2022,Wirtschaftsuniversitat Wien (WU),higher_education,,,,,,,,,,covered_by_final_series,,,gap: no matching rows in this year
2023,AIT Austrian Institute of Technology,science_agency,,,,,,,,,,covered_by_final_series,,,gap: no matching rows in this year
2023,BMBWF / Einzelplan 13 / UG 31 (total),rd_ministry,6088602000.0,euro,EUR,section_total,2023 Anlagen_0001_C4324C91_98E6_4FDE_B63A_4BFB9024E450.pdf,400,Data/input/finance_bills/Austria/2023 Anlagen_0001_C4324C91_98E6_4FDE_B63A_4BFB9024E450.pdf,,Total Expenditures,covered_by_final_series,,,Ministry name changed: BMWF → BMWV → BMBWK → BMWFW → BMBWF. Use as section total only if individual FWF/FFG/ÖAW lines unavailable.
2023,CERN-Beitrag (Austria),direct_rd,,,,,,,,,,covered_by_final_series,,,gap: no matching rows in this year
2023,Christian Doppler Forschungsgesellschaft (CD-Labor),science_agency,,,,,,,,,,covered_by_final_series,,,gap: no matching rows in this year
2023,ESA-Beitrag (Austria),direct_rd,,,,,,,,,,covered_by_final_series,,,gap: no matching rows in this year
2023,FFG (Forschungsfoerderungsgesellschaft),science_agency,70000000.0,euro,EUR,verified_override,2023 Anlagen_0001_C4324C91_98E6_4FDE_B63A_4BFB9024E450.pdf,452,Data/input/finance_bills/Austria/2023 Anlagen_0001_C4324C91_98E6_4FDE_B63A_4BFB9024E450.pdf,,FFG (Forschungsförderungsgesellschaft),verified_against_original_file,,,FFG created 2004 from merger of FFF + BIT + ASA. Pre-2004 match via 'fff' variant.; verified against original Austria budget
2023,FWF (Fonds zur Forderung der wissenschaftlichen Forschung),science_agency,100000000.0,euro,EUR,verified_override,2023 Anlagen_0001_C4324C91_98E6_4FDE_B63A_4BFB9024E450.pdf,452,Data/input/finance_bills/Austria/2023 Anlagen_0001_C4324C91_98E6_4FDE_B63A_4BFB9024E450.pdf,,FWF (Fonds zur Förderung der wissenschaftlichen Forschung),verified_against_original_file,,,Annual state appropriation — core basic research funder.; verified against original Austria budget
2023,IST Austria,science_agency,30000000.0,euro,EUR,verified_override,2023 Anlagen_0001_C4324C91_98E6_4FDE_B63A_4BFB9024E450.pdf,452,Data/input/finance_bills/Austria/2023 Anlagen_0001_C4324C91_98E6_4FDE_B63A_4BFB9024E450.pdf,,IST Austria (Institute of Science and Technology Austria),verified_against_original_file,,,Annual state grant from BMBWF.; verified against original Austria budget
2023,Johannes Kepler Universitat Linz (JKU),higher_education,,,,,,,,,,covered_by_final_series,,,gap: no matching rows in this year
2023,Ludwig Boltzmann Gesellschaft,science_agency,,,,,,,,,,covered_by_final_series,,,gap: no matching rows in this year
2023,Medizinische Universitat Wien (MedUni),higher_education,,,,,,,,,,covered_by_final_series,,,gap: no matching rows in this year
2023,OAW (Osterreichische Akademie der Wissenschaften),science_agency,50000000.0,euro,EUR,verified_override,2023 Anlagen_0001_C4324C91_98E6_4FDE_B63A_4BFB9024E450.pdf,452,Data/input/finance_bills/Austria/2023 Anlagen_0001_C4324C91_98E6_4FDE_B63A_4BFB9024E450.pdf,,ÖAW (Österreichische Akademie der Wissenschaften),verified_against_original_file,,,verified against original Austria budget
2023,Technische Universitat Graz (TU Graz),higher_education,,,,,,,,,,covered_by_final_series,,,gap: no matching rows in this year
2023,Technische Universitat Wien (TU Wien),higher_education,,,,,,,,,,covered_by_final_series,,,gap: no matching rows in this year
2023,Universitat Graz (Karl-Franzens),higher_education,,,,,,,,,,covered_by_final_series,,,gap: no matching rows in this year
2023,Universitat Innsbruck,higher_education,,,,,,,,,,covered_by_final_series,,,gap: no matching rows in this year
2023,Universitat Wien,higher_education,,,,,,,,,,covered_by_final_series,,,gap: no matching rows in this year
2023,Universitat fur Bodenkultur Wien (BOKU),higher_education,,,,,,,,,,covered_by_final_series,,,gap: no matching rows in this year
2023,Universitaten (collective Austria),higher_education,,,,,,,,,,covered_by_final_series,,,gap: no matching rows in this year
2023,Wirtschaftsuniversitat Wien (WU),higher_education,,,,,,,,,,covered_by_final_series,,,gap: no matching rows in this year
2024,AIT Austrian Institute of Technology,science_agency,,,,,,,,,,covered_by_final_series,,,gap: no matching rows in this year
2024,BMBWF / Einzelplan 13 / UG 31 (total),rd_ministry,6474242000.0,euro,EUR,section_total,2024 Anlagen_0001_D396E640_5C29_4BB7_ACC6_C42B39D0A249.pdf,412,Data/input/finance_bills/Austria/2024 Anlagen_0001_D396E640_5C29_4BB7_ACC6_C42B39D0A249.pdf,,Total Expenditures,covered_by_final_series,,,Ministry name changed: BMWF → BMWV → BMBWK → BMWFW → BMBWF. Use as section total only if individual FWF/FFG/ÖAW lines unavailable.
2024,CERN-Beitrag (Austria),direct_rd,,,,,,,,,,covered_by_final_series,,,gap: no matching rows in this year
2024,Christian Doppler Forschungsgesellschaft (CD-Labor),science_agency,,,,,,,,,,covered_by_final_series,,,gap: no matching rows in this year
2024,ESA-Beitrag (Austria),direct_rd,,,,,,,,,,covered_by_final_series,,,gap: no matching rows in this year
2024,FFG (Forschungsfoerderungsgesellschaft),science_agency,,,,,,,,,,covered_by_final_series,,,FFG created 2004 from merger of FFF + BIT + ASA. Pre-2004 match via 'fff' variant.; dropped after original-file audit: no clean institutional appropriation line
2024,FWF (Fonds zur Forderung der wissenschaftlichen Forschung),science_agency,,,,,,,,,,covered_by_final_series,,,Annual state appropriation — core basic research funder.; dropped after original-file audit: no clean institutional appropriation line
2024,IST Austria,science_agency,,,,,,,,,,covered_by_final_series,,,gap: no matching rows in this year
2024,Johannes Kepler Universitat Linz (JKU),higher_education,,,,,,,,,,covered_by_final_series,,,gap: no matching rows in this year
2024,Ludwig Boltzmann Gesellschaft,science_agency,,,,,,,,,,covered_by_final_series,,,gap: no matching rows in this year
2024,Medizinische Universitat Wien (MedUni),higher_education,,,,,,,,,,covered_by_final_series,,,gap: no matching rows in this year
2024,OAW (Osterreichische Akademie der Wissenschaften),science_agency,,,,,,,,,,covered_by_final_series,,,gap: no matching rows in this year
2024,Technische Universitat Graz (TU Graz),higher_education,,,,,,,,,,covered_by_final_series,,,gap: no matching rows in this year
2024,Technische Universitat Wien (TU Wien),higher_education,,,,,,,,,,covered_by_final_series,,,gap: no matching rows in this year
2024,Universitat Graz (Karl-Franzens),higher_education,,,,,,,,,,covered_by_final_series,,,gap: no matching rows in this year
2024,Universitat Innsbruck,higher_education,,,,,,,,,,covered_by_final_series,,,gap: no matching rows in this year
2024,Universitat Wien,higher_education,,,,,,,,,,covered_by_final_series,,,gap: no matching rows in this year
2024,Universitat fur Bodenkultur Wien (BOKU),higher_education,,,,,,,,,,covered_by_final_series,,,gap: no matching rows in this year
2024,Universitaten (collective Austria),higher_education,,,,,,,,,,covered_by_final_series,,,gap: no matching rows in this year
2024,Wirtschaftsuniversitat Wien (WU),higher_education,,,,,,,,,,covered_by_final_series,,,gap: no matching rows in this year
2025,AIT Austrian Institute of Technology,science_agency,,,,,,,,,,covered_by_final_series,,,gap: no matching rows in this year
2025,BMBWF / Einzelplan 13 / UG 31 (total),rd_ministry,7326309000.0,euro,EUR,section_total,2025 Anlagen_0001_60D0FD25_F712_413E_A4F6_F1E3DAA846F4.pdf,408,Data/input/finance_bills/Austria/2025 Anlagen_0001_60D0FD25_F712_413E_A4F6_F1E3DAA846F4.pdf,,Total Expenditures,covered_by_final_series,,,Ministry name changed: BMWF → BMWV → BMBWK → BMWFW → BMBWF. Use as section total only if individual FWF/FFG/ÖAW lines unavailable.
2025,CERN-Beitrag (Austria),direct_rd,,,,,,,,,,covered_by_final_series,,,gap: no matching rows in this year
2025,Christian Doppler Forschungsgesellschaft (CD-Labor),science_agency,,,,,,,,,,covered_by_final_series,,,gap: no matching rows in this year
2025,ESA-Beitrag (Austria),direct_rd,,,,,,,,,,covered_by_final_series,,,gap: no matching rows in this year
2025,FFG (Forschungsfoerderungsgesellschaft),science_agency,,,,,,,,,,covered_by_final_series,,,gap: no matching rows in this year
2025,FWF (Fonds zur Forderung der wissenschaftlichen Forschung),science_agency,,,,,,,,,,covered_by_final_series,,,gap: no matching rows in this year
2025,IST Austria,science_agency,,,,,,,,,,covered_by_final_series,,,gap: no matching rows in this year
2025,Johannes Kepler Universitat Linz (JKU),higher_education,,,,,,,,,,covered_by_final_series,,,gap: no matching rows in this year
2025,Ludwig Boltzmann Gesellschaft,science_agency,,,,,,,,,,covered_by_final_series,,,gap: no matching rows in this year
2025,Medizinische Universitat Wien (MedUni),higher_education,,,,,,,,,,covered_by_final_series,,,gap: no matching rows in this year
2025,OAW (Osterreichische Akademie der Wissenschaften),science_agency,,,,,,,,,,covered_by_final_series,,,gap: no matching rows in this year
2025,Technische Universitat Graz (TU Graz),higher_education,,,,,,,,,,covered_by_final_series,,,gap: no matching rows in this year
2025,Technische Universitat Wien (TU Wien),higher_education,,,,,,,,,,covered_by_final_series,,,gap: no matching rows in this year
2025,Universitat Graz (Karl-Franzens),higher_education,,,,,,,,,,covered_by_final_series,,,gap: no matching rows in this year
2025,Universitat Innsbruck,higher_education,,,,,,,,,,covered_by_final_series,,,gap: no matching rows in this year
2025,Universitat Wien,higher_education,,,,,,,,,,covered_by_final_series,,,gap: no matching rows in this year
2025,Universitat fur Bodenkultur Wien (BOKU),higher_education,,,,,,,,,,covered_by_final_series,,,gap: no matching rows in this year
2025,Universitaten (collective Austria),higher_education,,,,,,,,,,covered_by_final_series,,,gap: no matching rows in this year
2025,Wirtschaftsuniversitat Wien (WU),higher_education,,,,,,,,,,covered_by_final_series,,,gap: no matching rows in this year
2026,AIT Austrian Institute of Technology,science_agency,,,,,,,,,,covered_by_final_series,,,gap: no matching rows in this year
2026,BMBWF / Einzelplan 13 / UG 31 (total),rd_ministry,7355223000.0,euro,EUR,section_total,2026 Anlagen_0001_9EE68750_263F_48B5_901D_46FB19C42ED1.pdf,400,Data/input/finance_bills/Austria/2026 Anlagen_0001_9EE68750_263F_48B5_901D_46FB19C42ED1.pdf,,Total Expenditures,covered_by_final_series,,,Ministry name changed: BMWF → BMWV → BMBWK → BMWFW → BMBWF. Use as section total only if individual FWF/FFG/ÖAW lines unavailable.
2026,CERN-Beitrag (Austria),direct_rd,,,,,,,,,,covered_by_final_series,,,dropped after original-file audit: no clean institutional appropriation line
2026,Christian Doppler Forschungsgesellschaft (CD-Labor),science_agency,,,,,,,,,,covered_by_final_series,,,gap: no matching rows in this year
2026,ESA-Beitrag (Austria),direct_rd,,,,,,,,,,covered_by_final_series,,,dropped after original-file audit: no clean institutional appropriation line
2026,FFG (Forschungsfoerderungsgesellschaft),science_agency,,,,,,,,,,covered_by_final_series,,,FFG created 2004 from merger of FFF + BIT + ASA. Pre-2004 match via 'fff' variant.; dropped after original-file audit: no clean institutional appropriation line
2026,FWF (Fonds zur Forderung der wissenschaftlichen Forschung),science_agency,,,,,,,,,,covered_by_final_series,,,Annual state appropriation — core basic research funder.; dropped after original-file audit: no clean institutional appropriation line
2026,IST Austria,science_agency,,,,,,,,,,covered_by_final_series,,,Annual state grant from BMBWF.; dropped after original-file audit: no clean institutional appropriation line
2026,Johannes Kepler Universitat Linz (JKU),higher_education,,,,,,,,,,covered_by_final_series,,,gap: no matching rows in this year
2026,Ludwig Boltzmann Gesellschaft,science_agency,,,,,,,,,,covered_by_final_series,,,gap: no matching rows in this year
2026,Medizinische Universitat Wien (MedUni),higher_education,,,,,,,,,,covered_by_final_series,,,gap: no matching rows in this year
2026,OAW (Osterreichische Akademie der Wissenschaften),science_agency,,,,,,,,,,covered_by_final_series,,,dropped after original-file audit: no clean institutional appropriation line
2026,Technische Universitat Graz (TU Graz),higher_education,,,,,,,,,,covered_by_final_series,,,gap: no matching rows in this year
2026,Technische Universitat Wien (TU Wien),higher_education,,,,,,,,,,covered_by_final_series,,,gap: no matching rows in this year
2026,Universitat Graz (Karl-Franzens),higher_education,,,,,,,,,,covered_by_final_series,,,gap: no matching rows in this year
2026,Universitat Innsbruck,higher_education,,,,,,,,,,covered_by_final_series,,,gap: no matching rows in this year
2026,Universitat Wien,higher_education,,,,,,,,,,covered_by_final_series,,,gap: no matching rows in this year
2026,Universitat fur Bodenkultur Wien (BOKU),higher_education,,,,,,,,,,covered_by_final_series,,,gap: no matching rows in this year
2026,Universitaten (collective Austria),higher_education,,,,,,,,,,covered_by_final_series,,,gap: no matching rows in this year
2026,Wirtschaftsuniversitat Wien (WU),higher_education,,,,,,,,,,covered_by_final_series,,,gap: no matching rows in this year
