country,year,source_file,page_number,item_type,section_code,section_name,section_name_en,line_code,line_description,line_description_en,amount_local,amount_prior,unit,currency,rd_category,decision,confidence,llm_model,extraction_pass,notes
Spain,1979,pdf_5c53425c4de5__BOE-A-1979-para_1980.txt,0,section_total,,C. A. M. P. S. A...................................................................................................................................................,C. A. M. P. S. A...................................................................................................................................................,,C. A. M. P. S. A...................................................................................................................................................,C. A. M. P. S. A...................................................................................................................................................,1300000.0,,euro,EUR,unclear,review,0.5,docx_parser,docx_table,"Parsed from table 0, row 0"
Spain,1979,pdf_5c53425c4de5__BOE-A-1979-para_1980.txt,0,section_total,,CORRIENTES......................................................,CORRIENTES......................................................,,CORRIENTES......................................................,CORRIENTES......................................................,449139.0,,euro,EUR,unclear,review,0.5,docx_parser,docx_table,"Parsed from table 0, row 0"
Spain,1979,pdf_5c53425c4de5__BOE-A-1979-para_1980.txt,0,section_total,,DE CAPITAT......................................,DE CAPITAT......................................,,DE CAPITAT......................................,DE CAPITAT......................................,535239.0,,euro,EUR,unclear,review,0.5,docx_parser,docx_table,"Parsed from table 0, row 0"
Spain,1979,pdf_5c53425c4de5__BOE-A-1979-para_1980.txt,0,section_total,,DESIGNACION DE LOS INGRESOS,DESIGNACION DE LOS INGRESOS,,DESIGNACION DE LOS INGRESOS,DESIGNACION DE LOS INGRESOS,180000.0,,euro,EUR,unclear,review,0.5,docx_parser,docx_table,"Parsed from table 0, row 0"
Spain,1979,pdf_5c53425c4de5__BOE-A-1979-para_1980.txt,0,section_total,,DESIGNACION DE LOS KEOUBSOa,DESIGNACION DE LOS KEOUBSOa,,DESIGNACION DE LOS KEOUBSOa,DESIGNACION DE LOS KEOUBSOa,1972263.0,,euro,EUR,unclear,review,0.5,docx_parser,docx_table,"Parsed from table 0, row 0"
Spain,1979,pdf_5c53425c4de5__BOE-A-1979-para_1980.txt,0,section_total,,DESIGNACION1 DE LOS DECURSOS,DESIGNACION1 DE LOS DECURSOS,,DESIGNACION1 DE LOS DECURSOS,DESIGNACION1 DE LOS DECURSOS,372486.0,,euro,EUR,unclear,review,0.5,docx_parser,docx_table,"Parsed from table 0, row 0"
Spain,1979,pdf_5c53425c4de5__BOE-A-1979-para_1980.txt,0,section_total,,"DON JUAN CARLOS I, REY DE ESPAÑA","DON JUAN CARLOS I, REY DE ESPAÑA",,"DON JUAN CARLOS I, REY DE ESPAÑA","DON JUAN CARLOS I, REY DE ESPAÑA",1313664.0,,euro,EUR,unclear,review,0.5,docx_parser,docx_table,"Parsed from table 0, row 0"
Spain,1979,pdf_5c53425c4de5__BOE-A-1979-para_1980.txt,0,section_total,,EN CUENTAS DE,EN CUENTAS DE,,EN CUENTAS DE,EN CUENTAS DE,931674.0,,euro,EUR,unclear,review,0.5,docx_parser,docx_table,"Parsed from table 0, row 0"
Spain,1979,pdf_5c53425c4de5__BOE-A-1979-para_1980.txt,0,section_total,,EXPLICACION DE IOS RECUES03,EXPLICACION DE IOS RECUES03,,EXPLICACION DE IOS RECUES03,EXPLICACION DE IOS RECUES03,2424339.0,,euro,EUR,unclear,review,0.5,docx_parser,docx_table,"Parsed from table 0, row 0"
Spain,1979,pdf_5c53425c4de5__BOE-A-1979-para_1980.txt,0,section_total,,GASTOS POR OPERACIONES CORRIENTES.,GASTOS POR OPERACIONES CORRIENTES.,,GASTOS POR OPERACIONES CORRIENTES.,GASTOS POR OPERACIONES CORRIENTES.,454573.0,,euro,EUR,unclear,review,0.5,docx_parser,docx_table,"Parsed from table 0, row 0"
Spain,1979,pdf_5c53425c4de5__BOE-A-1979-para_1980.txt,0,section_total,,GASTOS POR OPERACIONES LE CAPITAL.,GASTOS POR OPERACIONES LE CAPITAL.,,GASTOS POR OPERACIONES LE CAPITAL.,GASTOS POR OPERACIONES LE CAPITAL.,1246591.0,,euro,EUR,unclear,review,0.5,docx_parser,docx_table,"Parsed from table 0, row 0"
Spain,1979,pdf_5c53425c4de5__BOE-A-1979-para_1980.txt,0,section_total,,II) OPERACIONES DE CAPITAL,II) OPERACIONES DE CAPITAL,,II) OPERACIONES DE CAPITAL,II) OPERACIONES DE CAPITAL,3844065.0,,euro,EUR,unclear,review,0.5,docx_parser,docx_table,"Parsed from table 0, row 0"
Spain,1979,pdf_5c53425c4de5__BOE-A-1979-para_1980.txt,0,section_total,,IV) ALMACENES,IV) ALMACENES,,IV) ALMACENES,IV) ALMACENES,1968696.0,,euro,EUR,unclear,review,0.5,docx_parser,docx_table,"Parsed from table 0, row 0"
Spain,1979,pdf_5c53425c4de5__BOE-A-1979-para_1980.txt,0,section_total,,OEGAUISJI03,OEGAUISJI03,,OEGAUISJI03,OEGAUISJI03,1142264.0000000002,,euro,EUR,unclear,review,0.5,docx_parser,docx_table,"Parsed from table 0, row 0"
Spain,1979,pdf_5c53425c4de5__BOE-A-1979-para_1980.txt,0,section_total,,ORGANISMOS,ORGANISMOS,,ORGANISMOS,ORGANISMOS,16124483.000000002,,euro,EUR,unclear,review,0.5,docx_parser,docx_table,"Parsed from table 0, row 0"
Spain,1979,pdf_5c53425c4de5__BOE-A-1979-para_1980.txt,0,section_total,,OTROS INGRESOS PATRIMONIALES...................................................................................................,OTROS INGRESOS PATRIMONIALES...................................................................................................,,OTROS INGRESOS PATRIMONIALES...................................................................................................,OTROS INGRESOS PATRIMONIALES...................................................................................................,25000.0,,euro,EUR,unclear,review,0.5,docx_parser,docx_table,"Parsed from table 0, row 0"
Spain,1979,pdf_5c53425c4de5__BOE-A-1979-para_1980.txt,0,section_total,,PRESIDENCIA DEL GOBIERNO,PRESIDENCIA DEL GOBIERNO,,PRESIDENCIA DEL GOBIERNO,PRESIDENCIA DEL GOBIERNO,30421400.0,,euro,EUR,unclear,review,0.6,docx_parser,docx_table,"Parsed from table 0, row 0"
Spain,1979,pdf_5c53425c4de5__BOE-A-1979-para_1980.txt,0,section_total,,PRESTACION DE SERVICIOS..................................................................... ...............................................,PRESTACION DE SERVICIOS..................................................................... ...............................................,,PRESTACION DE SERVICIOS..................................................................... ...............................................,PRESTACION DE SERVICIOS..................................................................... ...............................................,950000.0,,euro,EUR,unclear,review,0.5,docx_parser,docx_table,"Parsed from table 0, row 0"
Spain,1979,pdf_5c53425c4de5__BOE-A-1979-para_1980.txt,0,section_total,,PRODUCTOS DE CONCESIONES Y APROVECHAMIENTOS ESPECIALES..........................,PRODUCTOS DE CONCESIONES Y APROVECHAMIENTOS ESPECIALES..........................,,PRODUCTOS DE CONCESIONES Y APROVECHAMIENTOS ESPECIALES..........................,PRODUCTOS DE CONCESIONES Y APROVECHAMIENTOS ESPECIALES..........................,10000.0,,euro,EUR,unclear,review,0.5,docx_parser,docx_table,"Parsed from table 0, row 0"
Spain,1979,pdf_5c53425c4de5__BOE-A-1979-para_1980.txt,0,section_total,,PROYECTO DE PRESUPUESTO DE GASTOS Y DOTACIONES DEL SISTEMA DE LA SEGURIDAD SOCIAL PARA 1980,PROYECTO DE PRESUPUESTO DE GASTOS Y DOTACIONES DEL SISTEMA DE LA SEGURIDAD SOCIAL PARA 1980,,PROYECTO DE PRESUPUESTO DE GASTOS Y DOTACIONES DEL SISTEMA DE LA SEGURIDAD SOCIAL PARA 1980,PROYECTO DE PRESUPUESTO DE GASTOS Y DOTACIONES DEL SISTEMA DE LA SEGURIDAD SOCIAL PARA 1980,65544702.28,,euro,EUR,unclear,review,0.5,docx_parser,docx_table,"Parsed from table 0, row 0"
Spain,1979,pdf_5c53425c4de5__BOE-A-1979-para_1980.txt,0,section_total,,RENTA DE INMUEBLES..................................................................................................................................,RENTA DE INMUEBLES..................................................................................................................................,,RENTA DE INMUEBLES..................................................................................................................................,RENTA DE INMUEBLES..................................................................................................................................,25000.0,,euro,EUR,unclear,review,0.5,docx_parser,docx_table,"Parsed from table 0, row 0"
Spain,1979,pdf_5c53425c4de5__BOE-A-1979-para_1980.txt,0,section_total,,RESUMEN GENERAL POR CAPITULOS DE ES SECCION 13. MINISTERIO DE JUSTICIA,RESUMEN GENERAL POR CAPITULOS DE ES SECCION 13. MINISTERIO DE JUSTICIA,,RESUMEN GENERAL POR CAPITULOS DE ES SECCION 13. MINISTERIO DE JUSTICIA,RESUMEN GENERAL POR CAPITULOS DE ES SECCION 13. MINISTERIO DE JUSTICIA,2170447.0,,euro,EUR,unclear,review,0.5,docx_parser,docx_table,"Parsed from table 0, row 0"
Spain,1979,pdf_5c53425c4de5__BOE-A-1979-para_1980.txt,0,section_total,,RESUMEN GENERAL POR CAPITULOS DE IA SECCION 15. MINISTERIO DE HACIENDA,RESUMEN GENERAL POR CAPITULOS DE IA SECCION 15. MINISTERIO DE HACIENDA,,RESUMEN GENERAL POR CAPITULOS DE IA SECCION 15. MINISTERIO DE HACIENDA,RESUMEN GENERAL POR CAPITULOS DE IA SECCION 15. MINISTERIO DE HACIENDA,2827699.0,,euro,EUR,unclear,review,0.5,docx_parser,docx_table,"Parsed from table 0, row 0"
Spain,1979,pdf_5c53425c4de5__BOE-A-1979-para_1980.txt,0,section_total,,RESUMEN GENERAL POR CAPITULOS DE LA SECCION 01. CASA DE SU MAJESTAD EL REY,RESUMEN GENERAL POR CAPITULOS DE LA SECCION 01. CASA DE SU MAJESTAD EL REY,,RESUMEN GENERAL POR CAPITULOS DE LA SECCION 01. CASA DE SU MAJESTAD EL REY,RESUMEN GENERAL POR CAPITULOS DE LA SECCION 01. CASA DE SU MAJESTAD EL REY,182354.0,,euro,EUR,unclear,review,0.5,docx_parser,docx_table,"Parsed from table 0, row 0"
Spain,1979,pdf_5c53425c4de5__BOE-A-1979-para_1980.txt,0,section_total,,RESUMEN GENERAL POR CAPITULOS DE LA SECCION 02. CORTES GENERALES,RESUMEN GENERAL POR CAPITULOS DE LA SECCION 02. CORTES GENERALES,,RESUMEN GENERAL POR CAPITULOS DE LA SECCION 02. CORTES GENERALES,RESUMEN GENERAL POR CAPITULOS DE LA SECCION 02. CORTES GENERALES,2236528.0000000005,,euro,EUR,unclear,review,0.5,docx_parser,docx_table,"Parsed from table 0, row 0"
Spain,1979,pdf_5c53425c4de5__BOE-A-1979-para_1980.txt,0,section_total,,RESUMEN GENERAL POR CAPITULOS DE LA SECCION 03. TRIBUNAL DE CUENTAS,RESUMEN GENERAL POR CAPITULOS DE LA SECCION 03. TRIBUNAL DE CUENTAS,,RESUMEN GENERAL POR CAPITULOS DE LA SECCION 03. TRIBUNAL DE CUENTAS,RESUMEN GENERAL POR CAPITULOS DE LA SECCION 03. TRIBUNAL DE CUENTAS,424837.99999999994,,euro,EUR,unclear,review,0.5,docx_parser,docx_table,"Parsed from table 0, row 0"
Spain,1979,pdf_5c53425c4de5__BOE-A-1979-para_1980.txt,0,section_total,,RESUMEN GENERAL POR CAPITULOS DE LA SECCION 04. TRIBUNAL CONSTITUCIONAL,RESUMEN GENERAL POR CAPITULOS DE LA SECCION 04. TRIBUNAL CONSTITUCIONAL,,RESUMEN GENERAL POR CAPITULOS DE LA SECCION 04. TRIBUNAL CONSTITUCIONAL,RESUMEN GENERAL POR CAPITULOS DE LA SECCION 04. TRIBUNAL CONSTITUCIONAL,336200.0,,euro,EUR,unclear,review,0.5,docx_parser,docx_table,"Parsed from table 0, row 0"
Spain,1979,pdf_5c53425c4de5__BOE-A-1979-para_1980.txt,0,section_total,,RESUMEN GENERAL POR CAPITULOS DE LA SECCION 05. DEUDA PUBLICA,RESUMEN GENERAL POR CAPITULOS DE LA SECCION 05. DEUDA PUBLICA,,RESUMEN GENERAL POR CAPITULOS DE LA SECCION 05. DEUDA PUBLICA,RESUMEN GENERAL POR CAPITULOS DE LA SECCION 05. DEUDA PUBLICA,833000.0,,euro,EUR,unclear,review,0.5,docx_parser,docx_table,"Parsed from table 0, row 0"
Spain,1979,pdf_5c53425c4de5__BOE-A-1979-para_1980.txt,0,section_total,,RESUMEN GENERAL POR CAPITULOS DE LA SECCION 06. CLASES PASIVAS,RESUMEN GENERAL POR CAPITULOS DE LA SECCION 06. CLASES PASIVAS,,RESUMEN GENERAL POR CAPITULOS DE LA SECCION 06. CLASES PASIVAS,RESUMEN GENERAL POR CAPITULOS DE LA SECCION 06. CLASES PASIVAS,459003.0,,euro,EUR,unclear,review,0.5,docx_parser,docx_table,"Parsed from table 0, row 0"
Spain,1979,pdf_5c53425c4de5__BOE-A-1979-para_1980.txt,0,section_total,,RESUMEN GENERAL POR CAPITULOS DE LA SECCION 11. PRESIDENCIA DEL GOBIERNO,RESUMEN GENERAL POR CAPITULOS DE LA SECCION 11. PRESIDENCIA DEL GOBIERNO,,RESUMEN GENERAL POR CAPITULOS DE LA SECCION 11. PRESIDENCIA DEL GOBIERNO,RESUMEN GENERAL POR CAPITULOS DE LA SECCION 11. PRESIDENCIA DEL GOBIERNO,2721924.0,,euro,EUR,unclear,review,0.5,docx_parser,docx_table,"Parsed from table 0, row 0"
Spain,1979,pdf_5c53425c4de5__BOE-A-1979-para_1980.txt,0,section_total,,RESUMEN GENERAL POR CAPITULOS DE LA SECCION 12. MINISTERIO DE ASUNTOS EXTERIORES,RESUMEN GENERAL POR CAPITULOS DE LA SECCION 12. MINISTERIO DE ASUNTOS EXTERIORES,,RESUMEN GENERAL POR CAPITULOS DE LA SECCION 12. MINISTERIO DE ASUNTOS EXTERIORES,RESUMEN GENERAL POR CAPITULOS DE LA SECCION 12. MINISTERIO DE ASUNTOS EXTERIORES,1997205.9999999998,,euro,EUR,unclear,review,0.5,docx_parser,docx_table,"Parsed from table 0, row 0"
Spain,1979,pdf_5c53425c4de5__BOE-A-1979-para_1980.txt,0,section_total,,RESUMEN GENERAL POR CAPITULOS DE LA SECCION 16. MINISTERIO DEL INTERIOR,RESUMEN GENERAL POR CAPITULOS DE LA SECCION 16. MINISTERIO DEL INTERIOR,,RESUMEN GENERAL POR CAPITULOS DE LA SECCION 16. MINISTERIO DEL INTERIOR,RESUMEN GENERAL POR CAPITULOS DE LA SECCION 16. MINISTERIO DEL INTERIOR,800257.0000000002,,euro,EUR,unclear,review,0.6,docx_parser,docx_table,"Parsed from table 0, row 0"
Spain,1979,pdf_5c53425c4de5__BOE-A-1979-para_1980.txt,0,section_total,,RESUMEN GENERAL POR CAPITULOS DE LA SECCION 17. MINISTERIO DE OBRAS PUBLICAS Y URBANISMO,RESUMEN GENERAL POR CAPITULOS DE LA SECCION 17. MINISTERIO DE OBRAS PUBLICAS Y URBANISMO,,RESUMEN GENERAL POR CAPITULOS DE LA SECCION 17. MINISTERIO DE OBRAS PUBLICAS Y URBANISMO,RESUMEN GENERAL POR CAPITULOS DE LA SECCION 17. MINISTERIO DE OBRAS PUBLICAS Y URBANISMO,113547546.0,,euro,EUR,unclear,review,0.5,docx_parser,docx_table,"Parsed from table 0, row 0"
Spain,1979,pdf_5c53425c4de5__BOE-A-1979-para_1980.txt,0,section_total,,RESUMEN GENERAL POR CAPITULOS DE LA SECCION 18. MINISTERIO DE EDUCACION,RESUMEN GENERAL POR CAPITULOS DE LA SECCION 18. MINISTERIO DE EDUCACION,,RESUMEN GENERAL POR CAPITULOS DE LA SECCION 18. MINISTERIO DE EDUCACION,RESUMEN GENERAL POR CAPITULOS DE LA SECCION 18. MINISTERIO DE EDUCACION,267957.0,,euro,EUR,unclear,review,0.5,docx_parser,docx_table,"Parsed from table 0, row 0"
Spain,1979,pdf_5c53425c4de5__BOE-A-1979-para_1980.txt,0,section_total,,RESUMEN GENERAL POR CAPITULOS DE LA SECCION 19. TRABAJO,RESUMEN GENERAL POR CAPITULOS DE LA SECCION 19. TRABAJO,,RESUMEN GENERAL POR CAPITULOS DE LA SECCION 19. TRABAJO,RESUMEN GENERAL POR CAPITULOS DE LA SECCION 19. TRABAJO,1165298.0,,euro,EUR,unclear,review,0.5,docx_parser,docx_table,"Parsed from table 0, row 0"
Spain,1979,pdf_5c53425c4de5__BOE-A-1979-para_1980.txt,0,section_total,,RESUMEN GENERAL POR CAPITULOS DE LA SECCION 20. MINISTERIO DE INDUSTRIA Y ENERGIA,RESUMEN GENERAL POR CAPITULOS DE LA SECCION 20. MINISTERIO DE INDUSTRIA Y ENERGIA,,RESUMEN GENERAL POR CAPITULOS DE LA SECCION 20. MINISTERIO DE INDUSTRIA Y ENERGIA,RESUMEN GENERAL POR CAPITULOS DE LA SECCION 20. MINISTERIO DE INDUSTRIA Y ENERGIA,832237.0,,euro,EUR,unclear,review,0.6,docx_parser,docx_table,"Parsed from table 0, row 0"
Spain,1979,pdf_5c53425c4de5__BOE-A-1979-para_1980.txt,0,section_total,,RESUMEN GENERAL POR CAPITULOS DE LA SECCION 21. AGRICULTURA,RESUMEN GENERAL POR CAPITULOS DE LA SECCION 21. AGRICULTURA,,RESUMEN GENERAL POR CAPITULOS DE LA SECCION 21. AGRICULTURA,RESUMEN GENERAL POR CAPITULOS DE LA SECCION 21. AGRICULTURA,2512945.0,,euro,EUR,unclear,review,0.5,docx_parser,docx_table,"Parsed from table 0, row 0"
Spain,1979,pdf_5c53425c4de5__BOE-A-1979-para_1980.txt,0,section_total,,RESUMEN GENERAL POR CAPITULOS DE LA SECCION 22 MINISTERIO DE COMERCIO Y TURISMO,RESUMEN GENERAL POR CAPITULOS DE LA SECCION 22 MINISTERIO DE COMERCIO Y TURISMO,,RESUMEN GENERAL POR CAPITULOS DE LA SECCION 22 MINISTERIO DE COMERCIO Y TURISMO,RESUMEN GENERAL POR CAPITULOS DE LA SECCION 22 MINISTERIO DE COMERCIO Y TURISMO,4606600.999999999,,euro,EUR,unclear,review,0.5,docx_parser,docx_table,"Parsed from table 0, row 0"
Spain,1979,pdf_5c53425c4de5__BOE-A-1979-para_1980.txt,0,section_total,,RESUMEN GENERAL POR CAPITULOS DE LA SECCION 23. ECONOMIA,RESUMEN GENERAL POR CAPITULOS DE LA SECCION 23. ECONOMIA,,RESUMEN GENERAL POR CAPITULOS DE LA SECCION 23. ECONOMIA,RESUMEN GENERAL POR CAPITULOS DE LA SECCION 23. ECONOMIA,546954.0000000003,,euro,EUR,unclear,review,0.5,docx_parser,docx_table,"Parsed from table 0, row 0"
Spain,1979,pdf_5c53425c4de5__BOE-A-1979-para_1980.txt,0,section_total,,RESUMEN GENERAL POR CAPITULOS DE LA SECCION 24. TRANSPORTES Y COMUNICACIONES,RESUMEN GENERAL POR CAPITULOS DE LA SECCION 24. TRANSPORTES Y COMUNICACIONES,,RESUMEN GENERAL POR CAPITULOS DE LA SECCION 24. TRANSPORTES Y COMUNICACIONES,RESUMEN GENERAL POR CAPITULOS DE LA SECCION 24. TRANSPORTES Y COMUNICACIONES,2983279.9999999995,,euro,EUR,unclear,review,0.5,docx_parser,docx_table,"Parsed from table 0, row 0"
Spain,1979,pdf_5c53425c4de5__BOE-A-1979-para_1980.txt,0,section_total,,RESUMEN GENERAL POR CAPITULOS DE LA SECCION 26. MINISTERIO DE CULTURA,RESUMEN GENERAL POR CAPITULOS DE LA SECCION 26. MINISTERIO DE CULTURA,,RESUMEN GENERAL POR CAPITULOS DE LA SECCION 26. MINISTERIO DE CULTURA,RESUMEN GENERAL POR CAPITULOS DE LA SECCION 26. MINISTERIO DE CULTURA,4244360.999999999,,euro,EUR,unclear,review,0.5,docx_parser,docx_table,"Parsed from table 0, row 0"
Spain,1979,pdf_5c53425c4de5__BOE-A-1979-para_1980.txt,0,section_total,,RESUMEN GENERAL POR CAPITULOS DE LA SECCION 27. ADMINISTRACION TERRITORIAL,RESUMEN GENERAL POR CAPITULOS DE LA SECCION 27. ADMINISTRACION TERRITORIAL,,RESUMEN GENERAL POR CAPITULOS DE LA SECCION 27. ADMINISTRACION TERRITORIAL,RESUMEN GENERAL POR CAPITULOS DE LA SECCION 27. ADMINISTRACION TERRITORIAL,2038956.0,,euro,EUR,unclear,review,0.5,docx_parser,docx_table,"Parsed from table 0, row 0"
Spain,1979,pdf_5c53425c4de5__BOE-A-1979-para_1980.txt,0,section_total,,RESUMEN GENERAL POR CAPITULOS DE LA SECCION 28. MINISTERIO DE UNIVERSIDADES E INVESTIGACION,RESUMEN GENERAL POR CAPITULOS DE LA SECCION 28. MINISTERIO DE UNIVERSIDADES E INVESTIGACION,,RESUMEN GENERAL POR CAPITULOS DE LA SECCION 28. MINISTERIO DE UNIVERSIDADES E INVESTIGACION,RESUMEN GENERAL POR CAPITULOS DE LA SECCION 28. MINISTERIO DE UNIVERSIDADES E INVESTIGACION,2102005.0,,euro,EUR,unclear,review,0.5,docx_parser,docx_table,"Parsed from table 0, row 0"
Spain,1979,pdf_5c53425c4de5__BOE-A-1979-para_1980.txt,0,section_total,,RESUMEN GENERAL POR CAPITULOS DE LA SECCION 31. GASTOS DE DIVERSOS MINISTERIOS,RESUMEN GENERAL POR CAPITULOS DE LA SECCION 31. GASTOS DE DIVERSOS MINISTERIOS,,RESUMEN GENERAL POR CAPITULOS DE LA SECCION 31. GASTOS DE DIVERSOS MINISTERIOS,RESUMEN GENERAL POR CAPITULOS DE LA SECCION 31. GASTOS DE DIVERSOS MINISTERIOS,495611.0,,euro,EUR,unclear,review,0.5,docx_parser,docx_table,"Parsed from table 0, row 0"
Spain,1979,pdf_5c53425c4de5__BOE-A-1979-para_1980.txt,0,section_total,,RESUMEN GENERAL POR CAPITULOS DE LA SECCION 32. ENTES PREAUTONOMICOS Y AUTONOMICOS,RESUMEN GENERAL POR CAPITULOS DE LA SECCION 32. ENTES PREAUTONOMICOS Y AUTONOMICOS,,RESUMEN GENERAL POR CAPITULOS DE LA SECCION 32. ENTES PREAUTONOMICOS Y AUTONOMICOS,RESUMEN GENERAL POR CAPITULOS DE LA SECCION 32. ENTES PREAUTONOMICOS Y AUTONOMICOS,49000.0,,euro,EUR,unclear,review,0.5,docx_parser,docx_table,"Parsed from table 0, row 0"
Spain,1979,pdf_5c53425c4de5__BOE-A-1979-para_1980.txt,0,section_total,,RESUMEN GENERAL POR CAPITULOS DE LA SECCION CATORCE MINISTERIO DE DEFENSA ORGANISMOS AUTONOMOS ADMINISTRATIVOS,RESUMEN GENERAL POR CAPITULOS DE LA SECCION CATORCE MINISTERIO DE DEFENSA ORGANISMOS AUTONOMOS ADMINISTRATIVOS,,RESUMEN GENERAL POR CAPITULOS DE LA SECCION CATORCE MINISTERIO DE DEFENSA ORGANISMOS AUTONOMOS ADMINISTRATIVOS,RESUMEN GENERAL POR CAPITULOS DE LA SECCION CATORCE MINISTERIO DE DEFENSA ORGANISMOS AUTONOMOS ADMINISTRATIVOS,2390316.0,,euro,EUR,unclear,review,0.5,docx_parser,docx_table,"Parsed from table 0, row 0"
Spain,1979,pdf_5c53425c4de5__BOE-A-1979-para_1980.txt,0,section_total,,RESUMEN GENERAL POR CAPITULOS DE LA SECCION DIECINUEVE MINISTERIO DE TRABAJO ORGANISMOS AUTONOMOS ADMINISTRATIVOS,RESUMEN GENERAL POR CAPITULOS DE LA SECCION DIECINUEVE MINISTERIO DE TRABAJO ORGANISMOS AUTONOMOS ADMINISTRATIVOS,,RESUMEN GENERAL POR CAPITULOS DE LA SECCION DIECINUEVE MINISTERIO DE TRABAJO ORGANISMOS AUTONOMOS ADMINISTRATIVOS,RESUMEN GENERAL POR CAPITULOS DE LA SECCION DIECINUEVE MINISTERIO DE TRABAJO ORGANISMOS AUTONOMOS ADMINISTRATIVOS,2491813.0,,euro,EUR,unclear,review,0.5,docx_parser,docx_table,"Parsed from table 0, row 0"
Spain,1979,pdf_5c53425c4de5__BOE-A-1979-para_1980.txt,0,section_total,,RESUMEN GENERAL POR CAPITULOS DE LA SECCION VEINTISEIS MINISTERIO DE CULTURA ORGANISMOS AUTONOMOS ADMINISTRATIVOS,RESUMEN GENERAL POR CAPITULOS DE LA SECCION VEINTISEIS MINISTERIO DE CULTURA ORGANISMOS AUTONOMOS ADMINISTRATIVOS,,RESUMEN GENERAL POR CAPITULOS DE LA SECCION VEINTISEIS MINISTERIO DE CULTURA ORGANISMOS AUTONOMOS ADMINISTRATIVOS,RESUMEN GENERAL POR CAPITULOS DE LA SECCION VEINTISEIS MINISTERIO DE CULTURA ORGANISMOS AUTONOMOS ADMINISTRATIVOS,3312453.9999999995,,euro,EUR,unclear,review,0.5,docx_parser,docx_table,"Parsed from table 0, row 0"
Spain,1979,pdf_5c53425c4de5__BOE-A-1979-para_1980.txt,0,section_total,,RESUMEN GENERAL POR CAPITULOS DE PRESUPUESTOS DE LOS ORGANISMOS AUTONOMOS ADMINISTRATIVOS,RESUMEN GENERAL POR CAPITULOS DE PRESUPUESTOS DE LOS ORGANISMOS AUTONOMOS ADMINISTRATIVOS,,RESUMEN GENERAL POR CAPITULOS DE PRESUPUESTOS DE LOS ORGANISMOS AUTONOMOS ADMINISTRATIVOS,RESUMEN GENERAL POR CAPITULOS DE PRESUPUESTOS DE LOS ORGANISMOS AUTONOMOS ADMINISTRATIVOS,7519855.02,,euro,EUR,unclear,review,0.5,docx_parser,docx_table,"Parsed from table 0, row 0"
Spain,1979,pdf_5c53425c4de5__BOE-A-1979-para_1980.txt,0,section_total,,RESUMEN GENERAL POR CAPITULOS DEL ESTADO. LETRA A,RESUMEN GENERAL POR CAPITULOS DEL ESTADO. LETRA A,,RESUMEN GENERAL POR CAPITULOS DEL ESTADO. LETRA A,RESUMEN GENERAL POR CAPITULOS DEL ESTADO. LETRA A,5306975.089000001,,euro,EUR,unclear,review,0.5,docx_parser,docx_table,"Parsed from table 0, row 0"
Spain,1979,pdf_5c53425c4de5__BOE-A-1979-para_1980.txt,0,section_total,,RESUMEN GENERAL' POR CAPITULOS DE LA SECCION 25. SANIDAD Y SEGURIDAD SOCIAL,RESUMEN GENERAL' POR CAPITULOS DE LA SECCION 25. SANIDAD Y SEGURIDAD SOCIAL,,RESUMEN GENERAL' POR CAPITULOS DE LA SECCION 25. SANIDAD Y SEGURIDAD SOCIAL,RESUMEN GENERAL' POR CAPITULOS DE LA SECCION 25. SANIDAD Y SEGURIDAD SOCIAL,2600601.9999999995,,euro,EUR,unclear,review,0.6,docx_parser,docx_table,"Parsed from table 0, row 0"
Spain,1979,pdf_5c53425c4de5__BOE-A-1979-para_1980.txt,0,section_total,,RESUMEN GENERAL’ POR CAPITULOS DE LA SECCION SANIDAD Y SEGURIDAD SOCIAL. ORGANISMOS AUTONOMOS ADMINISTRATIVOS,RESUMEN GENERAL’ POR CAPITULOS DE LA SECCION SANIDAD Y SEGURIDAD SOCIAL. ORGANISMOS AUTONOMOS ADMINISTRATIVOS,,RESUMEN GENERAL’ POR CAPITULOS DE LA SECCION SANIDAD Y SEGURIDAD SOCIAL. ORGANISMOS AUTONOMOS ADMINISTRATIVOS,RESUMEN GENERAL’ POR CAPITULOS DE LA SECCION SANIDAD Y SEGURIDAD SOCIAL. ORGANISMOS AUTONOMOS ADMINISTRATIVOS,431159.0,,euro,EUR,unclear,review,0.5,docx_parser,docx_table,"Parsed from table 0, row 0"
Spain,1979,pdf_5c53425c4de5__BOE-A-1979-para_1980.txt,0,section_total,,RESÜMEÑ GENERAE POR CAPITÜEOS DE EA SECCION 14. DEFENSA,RESÜMEÑ GENERAE POR CAPITÜEOS DE EA SECCION 14. DEFENSA,,RESÜMEÑ GENERAE POR CAPITÜEOS DE EA SECCION 14. DEFENSA,RESÜMEÑ GENERAE POR CAPITÜEOS DE EA SECCION 14. DEFENSA,6615514.0,,euro,EUR,unclear,review,0.5,docx_parser,docx_table,"Parsed from table 0, row 0"
Spain,1979,pdf_5c53425c4de5__BOE-A-1979-para_1980.txt,0,section_total,,SOBRE CONSUMOS...................................................................................................................................,SOBRE CONSUMOS...................................................................................................................................,,SOBRE CONSUMOS...................................................................................................................................,SOBRE CONSUMOS...................................................................................................................................,720000.0,,euro,EUR,unclear,review,0.5,docx_parser,docx_table,"Parsed from table 0, row 0"
Spain,1979,pdf_5c53425c4de5__BOE-A-1979-para_1980.txt,0,section_total,,SOBRE EL CAPITAL.......................................................................................................................,SOBRE EL CAPITAL.......................................................................................................................,,SOBRE EL CAPITAL.......................................................................................................................,SOBRE EL CAPITAL.......................................................................................................................,250000.0,,euro,EUR,unclear,review,0.5,docx_parser,docx_table,"Parsed from table 0, row 0"
Spain,1979,pdf_5c53425c4de5__BOE-A-1979-para_1980.txt,0,section_total,,SOBRE LA RENTA...................................................................................................................................,SOBRE LA RENTA...................................................................................................................................,,SOBRE LA RENTA...................................................................................................................................,SOBRE LA RENTA...................................................................................................................................,80000.0,,euro,EUR,unclear,review,0.5,docx_parser,docx_table,"Parsed from table 0, row 0"
Spain,1979,pdf_5c53425c4de5__BOE-A-1979-para_1980.txt,0,section_total,,SOBRE TRAFICO EXTERIOR...............................................................................................................,SOBRE TRAFICO EXTERIOR...............................................................................................................,,SOBRE TRAFICO EXTERIOR...............................................................................................................,SOBRE TRAFICO EXTERIOR...............................................................................................................,20000.0,,euro,EUR,unclear,review,0.5,docx_parser,docx_table,"Parsed from table 0, row 0"
Spain,1979,pdf_5c53425c4de5__BOE-A-1979-para_1980.txt,0,section_total,,TOTAL DEL CATÍITOO 9........,TOTAL DEL CATÍITOO 9........,,TOTAL DEL CATÍITOO 9........,TOTAL DEL CATÍITOO 9........,37090.0,,euro,EUR,unclear,review,0.5,docx_parser,docx_table,"Parsed from table 0, row 0"
Spain,1979,pdf_5c53425c4de5__BOE-A-1979-para_1980.txt,0,section_total,,TOTAL ROTACIONES IGUAL A RECURSOS..,TOTAL ROTACIONES IGUAL A RECURSOS..,,TOTAL ROTACIONES IGUAL A RECURSOS..,TOTAL ROTACIONES IGUAL A RECURSOS..,1282286.9999999998,,euro,EUR,unclear,review,0.5,docx_parser,docx_table,"Parsed from table 0, row 0"
Spain,1979,pdf_5c53425c4de5__BOE-A-1979-para_1980.txt,0,section_total,,VARIACIONES EN CUENTAS LE ACTIVO...,VARIACIONES EN CUENTAS LE ACTIVO...,,VARIACIONES EN CUENTAS LE ACTIVO...,VARIACIONES EN CUENTAS LE ACTIVO...,286254.0,,euro,EUR,unclear,review,0.5,docx_parser,docx_table,"Parsed from table 0, row 0"
Spain,1979,pdf_5c53425c4de5__BOE-A-1979-para_1980.txt,0,section_total,,VENTA DE BIENES........__ ____________ ________________________ .................,VENTA DE BIENES........__ ____________ ________________________ .................,,VENTA DE BIENES........__ ____________ ________________________ .................,VENTA DE BIENES........__ ____________ ________________________ .................,600000.0,,euro,EUR,unclear,review,0.5,docx_parser,docx_table,"Parsed from table 0, row 0"
Spain,1980,pdf_9dfa50f1da03__BOE-A-1980-para_1981.txt,0,section_total,,A) OPERACIONES CORRIENTES,A) OPERACIONES CORRIENTES,,A) OPERACIONES CORRIENTES,A) OPERACIONES CORRIENTES,1935000.0,,euro,EUR,unclear,review,0.5,docx_parser,docx_table,"Parsed from table 0, row 0"
Spain,1980,pdf_9dfa50f1da03__BOE-A-1980-para_1981.txt,0,section_total,,ABO 19981.,ABO 19981.,,ABO 19981.,ABO 19981.,247000.0,,euro,EUR,unclear,review,0.5,docx_parser,docx_table,"Parsed from table 0, row 0"
Spain,1980,pdf_9dfa50f1da03__BOE-A-1980-para_1981.txt,0,section_total,,ANO.......1.981.. RESUMEN GENERAL POR CAPITULOS DE LA SECCION .....01.-....CASA DE S.M. EL REY... ................ ............ ....... ............,ANO.......1.981.. RESUMEN GENERAL POR CAPITULOS DE LA SECCION .....01.-....CASA DE S.M. EL REY... ................ ............ ....... ............,,ANO.......1.981.. RESUMEN GENERAL POR CAPITULOS DE LA SECCION .....01.-....CASA DE S.M. EL REY... ................ ............ ....... ............,ANO.......1.981.. RESUMEN GENERAL POR CAPITULOS DE LA SECCION .....01.-....CASA DE S.M. EL REY... ................ ............ ....... ............,436532.0,,euro,EUR,unclear,review,0.5,docx_parser,docx_table,"Parsed from table 0, row 0"
Spain,1980,pdf_9dfa50f1da03__BOE-A-1980-para_1981.txt,0,section_total,,ARO ..1-981,ARO ..1-981,,ARO ..1-981,ARO ..1-981,985400.0,,euro,EUR,unclear,review,0.5,docx_parser,docx_table,"Parsed from table 0, row 0"
Spain,1980,pdf_9dfa50f1da03__BOE-A-1980-para_1981.txt,0,section_total,,AÑO.... 1.981,AÑO.... 1.981,,AÑO.... 1.981,AÑO.... 1.981,318070.0,,euro,EUR,unclear,review,0.5,docx_parser,docx_table,"Parsed from table 0, row 0"
Spain,1980,pdf_9dfa50f1da03__BOE-A-1980-para_1981.txt,0,section_total,,AÑO.....1.981 RESUMEN GENERAL POR CAPITULOS DE LA SECCION  31.- GASTOS DE DIVERSOS MINISTERIOS . ............ .................................... .........................,AÑO.....1.981 RESUMEN GENERAL POR CAPITULOS DE LA SECCION  31.- GASTOS DE DIVERSOS MINISTERIOS . ............ .................................... .........................,,AÑO.....1.981 RESUMEN GENERAL POR CAPITULOS DE LA SECCION  31.- GASTOS DE DIVERSOS MINISTERIOS . ............ .................................... .........................,AÑO.....1.981 RESUMEN GENERAL POR CAPITULOS DE LA SECCION  31.- GASTOS DE DIVERSOS MINISTERIOS . ............ .................................... .........................,399566.00000000006,,euro,EUR,unclear,review,0.5,docx_parser,docx_table,"Parsed from table 0, row 0"
Spain,1980,pdf_9dfa50f1da03__BOE-A-1980-para_1981.txt,0,section_total,,CAPITULO S,CAPITULO S,,CAPITULO S,CAPITULO S,679882174.0,,euro,EUR,unclear,review,0.5,docx_parser,docx_table,"Parsed from table 0, row 0"
Spain,1980,pdf_9dfa50f1da03__BOE-A-1980-para_1981.txt,0,section_total,,CAPITULO | CAPITULO | CAPITULO | CAPITULO,CAPITULO | CAPITULO | CAPITULO | CAPITULO,,CAPITULO | CAPITULO | CAPITULO | CAPITULO,CAPITULO | CAPITULO | CAPITULO | CAPITULO,520308408.44000006,,euro,EUR,unclear,review,0.5,docx_parser,docx_table,"Parsed from table 0, row 0"
Spain,1980,pdf_9dfa50f1da03__BOE-A-1980-para_1981.txt,0,section_total,,"CAPITULO | CAPITULO |"" CAPITULO","CAPITULO | CAPITULO |"" CAPITULO",,"CAPITULO | CAPITULO |"" CAPITULO","CAPITULO | CAPITULO |"" CAPITULO",24432.123,,euro,EUR,unclear,review,0.5,docx_parser,docx_table,"Parsed from table 0, row 0"
Spain,1980,pdf_9dfa50f1da03__BOE-A-1980-para_1981.txt,0,section_total,,DIRECCION GENERAL DE ASUNTOS CONSULARES,DIRECCION GENERAL DE ASUNTOS CONSULARES,,DIRECCION GENERAL DE ASUNTOS CONSULARES,DIRECCION GENERAL DE ASUNTOS CONSULARES,73202.0,,euro,EUR,unclear,review,0.6,docx_parser,docx_table,"Parsed from table 0, row 0"
Spain,1980,pdf_9dfa50f1da03__BOE-A-1980-para_1981.txt,0,section_total,,DIRECCION GENERAL DE COOPERACION TECNICA IN - TERNACIONAL,DIRECCION GENERAL DE COOPERACION TECNICA IN - TERNACIONAL,,DIRECCION GENERAL DE COOPERACION TECNICA IN - TERNACIONAL,DIRECCION GENERAL DE COOPERACION TECNICA IN - TERNACIONAL,463244.0,,euro,EUR,unclear,review,0.6,docx_parser,docx_table,"Parsed from table 0, row 0"
Spain,1980,pdf_9dfa50f1da03__BOE-A-1980-para_1981.txt,0,section_total,,DIRECCION GENERAL DE LA OFICINA DE INFORMACION DIPLOMATICA,DIRECCION GENERAL DE LA OFICINA DE INFORMACION DIPLOMATICA,,DIRECCION GENERAL DE LA OFICINA DE INFORMACION DIPLOMATICA,DIRECCION GENERAL DE LA OFICINA DE INFORMACION DIPLOMATICA,49360.0,,euro,EUR,unclear,review,0.6,docx_parser,docx_table,"Parsed from table 0, row 0"
Spain,1980,pdf_9dfa50f1da03__BOE-A-1980-para_1981.txt,0,section_total,,DIRECCION GENERAL DE ORGANIZACION Y CONFEREN - CIAS INTERNACIONALES,DIRECCION GENERAL DE ORGANIZACION Y CONFEREN - CIAS INTERNACIONALES,,DIRECCION GENERAL DE ORGANIZACION Y CONFEREN - CIAS INTERNACIONALES,DIRECCION GENERAL DE ORGANIZACION Y CONFEREN - CIAS INTERNACIONALES,2839.0,,euro,EUR,unclear,review,0.5,docx_parser,docx_table,"Parsed from table 0, row 0"
Spain,1980,pdf_9dfa50f1da03__BOE-A-1980-para_1981.txt,0,section_total,,DIRECCION GENERAL DE POLITICA EXTERIOR PARA -,DIRECCION GENERAL DE POLITICA EXTERIOR PARA -,,DIRECCION GENERAL DE POLITICA EXTERIOR PARA -,DIRECCION GENERAL DE POLITICA EXTERIOR PARA -,2879.0,,euro,EUR,unclear,review,0.5,docx_parser,docx_table,"Parsed from table 0, row 0"
Spain,1980,pdf_9dfa50f1da03__BOE-A-1980-para_1981.txt,0,section_total,,DIRECCION GENERAL DE POLITICA EXTERIOR PARA - AFRICA Y ASIA CONTINENTAL,DIRECCION GENERAL DE POLITICA EXTERIOR PARA - AFRICA Y ASIA CONTINENTAL,,DIRECCION GENERAL DE POLITICA EXTERIOR PARA - AFRICA Y ASIA CONTINENTAL,DIRECCION GENERAL DE POLITICA EXTERIOR PARA - AFRICA Y ASIA CONTINENTAL,2879.0,,euro,EUR,unclear,review,0.5,docx_parser,docx_table,"Parsed from table 0, row 0"
Spain,1980,pdf_9dfa50f1da03__BOE-A-1980-para_1981.txt,0,section_total,,DIRECCION GENERAL DE POLITICA EXTERIOR PARA - AMERICA DEL NORTE Y PACIFICO,DIRECCION GENERAL DE POLITICA EXTERIOR PARA - AMERICA DEL NORTE Y PACIFICO,,DIRECCION GENERAL DE POLITICA EXTERIOR PARA - AMERICA DEL NORTE Y PACIFICO,DIRECCION GENERAL DE POLITICA EXTERIOR PARA - AMERICA DEL NORTE Y PACIFICO,11069.0,,euro,EUR,unclear,review,0.5,docx_parser,docx_table,"Parsed from table 0, row 0"
Spain,1980,pdf_9dfa50f1da03__BOE-A-1980-para_1981.txt,0,section_total,,DIRECCION GENERAL DE POLITICA EXTERIOR PARA - EUROPA Y ASUNTOS ATLANTICOS,DIRECCION GENERAL DE POLITICA EXTERIOR PARA - EUROPA Y ASUNTOS ATLANTICOS,,DIRECCION GENERAL DE POLITICA EXTERIOR PARA - EUROPA Y ASUNTOS ATLANTICOS,DIRECCION GENERAL DE POLITICA EXTERIOR PARA - EUROPA Y ASUNTOS ATLANTICOS,2879.0,,euro,EUR,unclear,review,0.5,docx_parser,docx_table,"Parsed from table 0, row 0"
Spain,1980,pdf_9dfa50f1da03__BOE-A-1980-para_1981.txt,0,section_total,,DIRECCION GENERAL DE RELACIONES CULTURALES,DIRECCION GENERAL DE RELACIONES CULTURALES,,DIRECCION GENERAL DE RELACIONES CULTURALES,DIRECCION GENERAL DE RELACIONES CULTURALES,168339.0,,euro,EUR,unclear,review,0.5,docx_parser,docx_table,"Parsed from table 0, row 0"
Spain,1980,pdf_9dfa50f1da03__BOE-A-1980-para_1981.txt,0,section_total,,DIRECCION GENERAL DE RELACIONES ECONOMICAS IN­ TERNACIONALES,DIRECCION GENERAL DE RELACIONES ECONOMICAS IN­ TERNACIONALES,,DIRECCION GENERAL DE RELACIONES ECONOMICAS IN­ TERNACIONALES,DIRECCION GENERAL DE RELACIONES ECONOMICAS IN­ TERNACIONALES,4126.0,,euro,EUR,unclear,review,0.5,docx_parser,docx_table,"Parsed from table 0, row 0"
Spain,1980,pdf_9dfa50f1da03__BOE-A-1980-para_1981.txt,0,section_total,,DIRECCION GENERAL DEL SERVICIO EXTERIOR,DIRECCION GENERAL DEL SERVICIO EXTERIOR,,DIRECCION GENERAL DEL SERVICIO EXTERIOR,DIRECCION GENERAL DEL SERVICIO EXTERIOR,33352.0,,euro,EUR,unclear,review,0.5,docx_parser,docx_table,"Parsed from table 0, row 0"
Spain,1980,pdf_9dfa50f1da03__BOE-A-1980-para_1981.txt,0,section_total,,DISPOSICION FINAL SEGUNDA,DISPOSICION FINAL SEGUNDA,,DISPOSICION FINAL SEGUNDA,DISPOSICION FINAL SEGUNDA,610000.0,,euro,EUR,unclear,review,0.5,docx_parser,docx_table,"Parsed from table 0, row 0"
Spain,1980,pdf_9dfa50f1da03__BOE-A-1980-para_1981.txt,0,section_total,,"DON JUAN CARLOS I, REY DE ESPAÑA","DON JUAN CARLOS I, REY DE ESPAÑA",,"DON JUAN CARLOS I, REY DE ESPAÑA","DON JUAN CARLOS I, REY DE ESPAÑA",1557968011.9999998,,euro,EUR,unclear,review,0.5,docx_parser,docx_table,"Parsed from table 0, row 0"
Spain,1980,pdf_9dfa50f1da03__BOE-A-1980-para_1981.txt,0,section_total,,"EACIENDE.,","EACIENDE.,",,"EACIENDE.,","EACIENDE.,",2872973352.0,,euro,EUR,unclear,review,0.5,docx_parser,docx_table,"Parsed from table 0, row 0"
Spain,1980,pdf_9dfa50f1da03__BOE-A-1980-para_1981.txt,0,section_total,,ESTADO LETRA A,ESTADO LETRA A,,ESTADO LETRA A,ESTADO LETRA A,697663963407.0339,,euro,EUR,unclear,review,0.5,docx_parser,docx_table,"Parsed from table 0, row 0"
Spain,1980,pdf_9dfa50f1da03__BOE-A-1980-para_1981.txt,0,section_total,,G3 SECRETARIA DE ESTADO PARA IAS CORPORACIONES,G3 SECRETARIA DE ESTADO PARA IAS CORPORACIONES,,G3 SECRETARIA DE ESTADO PARA IAS CORPORACIONES,G3 SECRETARIA DE ESTADO PARA IAS CORPORACIONES,1239703.0,,euro,EUR,unclear,review,0.6,docx_parser,docx_table,"Parsed from table 0, row 0"
Spain,1980,pdf_9dfa50f1da03__BOE-A-1980-para_1981.txt,0,section_total,,LO.297.932,LO.297.932,,LO.297.932,LO.297.932,1009759000.0,,euro,EUR,unclear,review,0.5,docx_parser,docx_table,"Parsed from table 0, row 0"
Spain,1980,pdf_9dfa50f1da03__BOE-A-1980-para_1981.txt,0,section_total,,MENISTEM DEL. INTERIO!,MENISTEM DEL. INTERIO!,,MENISTEM DEL. INTERIO!,MENISTEM DEL. INTERIO!,301628.00000000006,,euro,EUR,unclear,review,0.5,docx_parser,docx_table,"Parsed from table 0, row 0"
Spain,1980,pdf_9dfa50f1da03__BOE-A-1980-para_1981.txt,0,section_total,,"MINISTERIO, SECRETARIA DE ESTADO, SUBSECREEA - RIA Y SERVICIOS GENERALES","MINISTERIO, SECRETARIA DE ESTADO, SUBSECREEA - RIA Y SERVICIOS GENERALES",,"MINISTERIO, SECRETARIA DE ESTADO, SUBSECREEA - RIA Y SERVICIOS GENERALES","MINISTERIO, SECRETARIA DE ESTADO, SUBSECREEA - RIA Y SERVICIOS GENERALES",558645.0,,euro,EUR,unclear,review,0.6,docx_parser,docx_table,"Parsed from table 0, row 0"
Spain,1980,pdf_9dfa50f1da03__BOE-A-1980-para_1981.txt,0,section_total,,P52.249.359 | 523.258,P52.249.359 | 523.258,,P52.249.359 | 523.258,P52.249.359 | 523.258,215042735.0,,euro,EUR,unclear,review,0.5,docx_parser,docx_table,"Parsed from table 0, row 0"
Spain,1980,pdf_9dfa50f1da03__BOE-A-1980-para_1981.txt,0,section_total,,PITULO | CAPITULO | TOTAL,PITULO | CAPITULO | TOTAL,,PITULO | CAPITULO | TOTAL,PITULO | CAPITULO | TOTAL,100000.0,,euro,EUR,unclear,review,0.5,docx_parser,docx_table,"Parsed from table 0, row 0"
Spain,1980,pdf_9dfa50f1da03__BOE-A-1980-para_1981.txt,0,section_total,,RESUMEN GENERAL POR CAPITULOS DE LA SECCION,RESUMEN GENERAL POR CAPITULOS DE LA SECCION,,RESUMEN GENERAL POR CAPITULOS DE LA SECCION,RESUMEN GENERAL POR CAPITULOS DE LA SECCION,632280.0,,euro,EUR,unclear,review,0.5,docx_parser,docx_table,"Parsed from table 0, row 0"
Spain,1980,pdf_9dfa50f1da03__BOE-A-1980-para_1981.txt,0,section_total,,RESUMEN GENERAL POR CAPITULOS DE LA SECCION .,RESUMEN GENERAL POR CAPITULOS DE LA SECCION .,,RESUMEN GENERAL POR CAPITULOS DE LA SECCION .,RESUMEN GENERAL POR CAPITULOS DE LA SECCION .,200146000.0,,euro,EUR,unclear,review,0.5,docx_parser,docx_table,"Parsed from table 0, row 0"
Spain,1980,pdf_9dfa50f1da03__BOE-A-1980-para_1981.txt,0,section_total,,RESUMEN GENERAL POR CAPITULOS DE LA SECCION .............02.–CORTES GENERALES.........................................................................,RESUMEN GENERAL POR CAPITULOS DE LA SECCION .............02.–CORTES GENERALES.........................................................................,,RESUMEN GENERAL POR CAPITULOS DE LA SECCION .............02.–CORTES GENERALES.........................................................................,RESUMEN GENERAL POR CAPITULOS DE LA SECCION .............02.–CORTES GENERALES.........................................................................,2443631.0,,euro,EUR,unclear,review,0.5,docx_parser,docx_table,"Parsed from table 0, row 0"
Spain,1980,pdf_9dfa50f1da03__BOE-A-1980-para_1981.txt,0,section_total,,"RESUMEN GENERAL POR CAPITULOS DE LA SECCION ...........06.—DEUDA,.PUBLICA.......................................................................................................................................................","RESUMEN GENERAL POR CAPITULOS DE LA SECCION ...........06.—DEUDA,.PUBLICA.......................................................................................................................................................",,"RESUMEN GENERAL POR CAPITULOS DE LA SECCION ...........06.—DEUDA,.PUBLICA.......................................................................................................................................................","RESUMEN GENERAL POR CAPITULOS DE LA SECCION ...........06.—DEUDA,.PUBLICA.......................................................................................................................................................",715150.0,,euro,EUR,unclear,review,0.5,docx_parser,docx_table,"Parsed from table 0, row 0"
Spain,1980,pdf_9dfa50f1da03__BOE-A-1980-para_1981.txt,0,section_total,,RESUMEN GENERAL POR CAPITULOS DE LA SECCION .…210= MINTSTERIO. DE. AGRTCULIURA..,RESUMEN GENERAL POR CAPITULOS DE LA SECCION .…210= MINTSTERIO. DE. AGRTCULIURA..,,RESUMEN GENERAL POR CAPITULOS DE LA SECCION .…210= MINTSTERIO. DE. AGRTCULIURA..,RESUMEN GENERAL POR CAPITULOS DE LA SECCION .…210= MINTSTERIO. DE. AGRTCULIURA..,1477528.0000000002,,euro,EUR,unclear,review,0.5,docx_parser,docx_table,"Parsed from table 0, row 0"
Spain,1980,pdf_9dfa50f1da03__BOE-A-1980-para_1981.txt,0,section_total,,RESUMEN GENERAL POR CAPITULOS DE LA SECCION 7.,RESUMEN GENERAL POR CAPITULOS DE LA SECCION 7.,,RESUMEN GENERAL POR CAPITULOS DE LA SECCION 7.,RESUMEN GENERAL POR CAPITULOS DE LA SECCION 7.,729598.0000000001,,euro,EUR,unclear,review,0.6,docx_parser,docx_table,"Parsed from table 0, row 0"
Spain,1980,pdf_9dfa50f1da03__BOE-A-1980-para_1981.txt,0,section_total,,RESUMEN GENERAL POR CAPITULOS DE LA SECCION PRESIDENCIA_DEL GOBIERNO,RESUMEN GENERAL POR CAPITULOS DE LA SECCION PRESIDENCIA_DEL GOBIERNO,,RESUMEN GENERAL POR CAPITULOS DE LA SECCION PRESIDENCIA_DEL GOBIERNO,RESUMEN GENERAL POR CAPITULOS DE LA SECCION PRESIDENCIA_DEL GOBIERNO,4663008.0,,euro,EUR,unclear,review,0.5,docx_parser,docx_table,"Parsed from table 0, row 0"
Spain,1980,pdf_9dfa50f1da03__BOE-A-1980-para_1981.txt,0,section_total,,RESUMEN GENERAL POR CAPITULOS DES. PHESUPUESTO GENERAL. DEL.,RESUMEN GENERAL POR CAPITULOS DES. PHESUPUESTO GENERAL. DEL.,,RESUMEN GENERAL POR CAPITULOS DES. PHESUPUESTO GENERAL. DEL.,RESUMEN GENERAL POR CAPITULOS DES. PHESUPUESTO GENERAL. DEL.,190420464000.0,,euro,EUR,unclear,review,0.5,docx_parser,docx_table,"Parsed from table 0, row 0"
Spain,1980,pdf_9dfa50f1da03__BOE-A-1980-para_1981.txt,0,section_total,,RIO DE CULTURA,RIO DE CULTURA,,RIO DE CULTURA,RIO DE CULTURA,3649239.0,,euro,EUR,unclear,review,0.5,docx_parser,docx_table,"Parsed from table 0, row 0"
Spain,1980,pdf_9dfa50f1da03__BOE-A-1980-para_1981.txt,0,section_total,,SECRETARIA GENERAL TECNICA,SECRETARIA GENERAL TECNICA,,SECRETARIA GENERAL TECNICA,SECRETARIA GENERAL TECNICA,2879.0,,euro,EUR,unclear,review,0.5,docx_parser,docx_table,"Parsed from table 0, row 0"
Spain,1980,pdf_9dfa50f1da03__BOE-A-1980-para_1981.txt,0,section_total,,SERVICIOS.,SERVICIOS.,,SERVICIOS.,SERVICIOS.,142149.0,,euro,EUR,unclear,review,0.5,docx_parser,docx_table,"Parsed from table 0, row 0"
Spain,1980,pdf_9dfa50f1da03__BOE-A-1980-para_1981.txt,0,section_total,,TOTAL ...........,TOTAL ...........,,TOTAL ...........,TOTAL ...........,602000.0,,euro,EUR,unclear,review,0.5,docx_parser,docx_table,"Parsed from table 0, row 0"
Spain,1980,pdf_9dfa50f1da03__BOE-A-1980-para_1981.txt,0,section_total,,TOTAL ..............,TOTAL ..............,,TOTAL ..............,TOTAL ..............,1077005.0,,euro,EUR,unclear,review,0.5,docx_parser,docx_table,"Parsed from table 0, row 0"
Spain,1980,pdf_9dfa50f1da03__BOE-A-1980-para_1981.txt,0,section_total,,TOTAL DEL CAPITULO 9. TOTAL OPERACIONES CAPT,TOTAL DEL CAPITULO 9. TOTAL OPERACIONES CAPT,,TOTAL DEL CAPITULO 9. TOTAL OPERACIONES CAPT,TOTAL DEL CAPITULO 9. TOTAL OPERACIONES CAPT,5100.0,,euro,EUR,unclear,review,0.5,docx_parser,docx_table,"Parsed from table 0, row 0"
Spain,1980,pdf_9dfa50f1da03__BOE-A-1980-para_1981.txt,0,section_total,,TRAC ION TI,TRAC ION TI,,TRAC ION TI,TRAC ION TI,235141.0,,euro,EUR,unclear,review,0.5,docx_parser,docx_table,"Parsed from table 0, row 0"
Spain,1981,pdf_e7e7b04e582e__BOE-A-1981-para_1982.txt,0,section_total,,ACTIVIDADES ECONOMIDAS,ACTIVIDADES ECONOMIDAS,,ACTIVIDADES ECONOMIDAS,ACTIVIDADES ECONOMIDAS,16000.0,,euro,EUR,unclear,review,0.5,docx_parser,docx_table,"Parsed from table 0, row 0"
Spain,1981,pdf_e7e7b04e582e__BOE-A-1981-para_1982.txt,0,section_total,,AJOPERACIONES CORRIENTES,AJOPERACIONES CORRIENTES,,AJOPERACIONES CORRIENTES,AJOPERACIONES CORRIENTES,2829219000.0,,euro,EUR,unclear,review,0.5,docx_parser,docx_table,"Parsed from table 0, row 0"
Spain,1981,pdf_e7e7b04e582e__BOE-A-1981-para_1982.txt,0,section_total,,AJOPERACIONES CORRIENTES …,AJOPERACIONES CORRIENTES …,,AJOPERACIONES CORRIENTES …,AJOPERACIONES CORRIENTES …,6500.0,,euro,EUR,unclear,review,0.5,docx_parser,docx_table,"Parsed from table 0, row 0"
Spain,1981,pdf_e7e7b04e582e__BOE-A-1981-para_1982.txt,0,section_total,,ARTICULO 1 ACCION SOCIAL POR PRESTACIONES. NO REINTEGRABLES ACCION SOCIAL POR PRESTACIONES NO REINTEGRABLES,ARTICULO 1 ACCION SOCIAL POR PRESTACIONES. NO REINTEGRABLES ACCION SOCIAL POR PRESTACIONES NO REINTEGRABLES,,ARTICULO 1 ACCION SOCIAL POR PRESTACIONES. NO REINTEGRABLES ACCION SOCIAL POR PRESTACIONES NO REINTEGRABLES,ARTICULO 1 ACCION SOCIAL POR PRESTACIONES. NO REINTEGRABLES ACCION SOCIAL POR PRESTACIONES NO REINTEGRABLES,897879.0,,euro,EUR,unclear,review,0.5,docx_parser,docx_table,"Parsed from table 0, row 0"
Spain,1981,pdf_e7e7b04e582e__BOE-A-1981-para_1982.txt,0,section_total,,ARTICULO 12°= RETRIBUCIONES COMPLEMENTARIAS,ARTICULO 12°= RETRIBUCIONES COMPLEMENTARIAS,,ARTICULO 12°= RETRIBUCIONES COMPLEMENTARIAS,ARTICULO 12°= RETRIBUCIONES COMPLEMENTARIAS,733762229.0,,euro,EUR,unclear,review,0.5,docx_parser,docx_table,"Parsed from table 0, row 0"
Spain,1981,pdf_e7e7b04e582e__BOE-A-1981-para_1982.txt,0,section_total,,"ARTICULO 14,= REMUNERACIONES EN ESPECIE REMUNERACIONES EN ESPECIE","ARTICULO 14,= REMUNERACIONES EN ESPECIE REMUNERACIONES EN ESPECIE",,"ARTICULO 14,= REMUNERACIONES EN ESPECIE REMUNERACIONES EN ESPECIE","ARTICULO 14,= REMUNERACIONES EN ESPECIE REMUNERACIONES EN ESPECIE",370828.0,,euro,EUR,unclear,review,0.5,docx_parser,docx_table,"Parsed from table 0, row 0"
Spain,1981,pdf_e7e7b04e582e__BOE-A-1981-para_1982.txt,0,section_total,,ARTICULO 16.- PERSONAL EN REGIMEN LABORAL,ARTICULO 16.- PERSONAL EN REGIMEN LABORAL,,ARTICULO 16.- PERSONAL EN REGIMEN LABORAL,ARTICULO 16.- PERSONAL EN REGIMEN LABORAL,113216.0,,euro,EUR,unclear,review,0.5,docx_parser,docx_table,"Parsed from table 0, row 0"
Spain,1981,pdf_e7e7b04e582e__BOE-A-1981-para_1982.txt,0,section_total,,ARTICULO 23.- TRANSPORTES Y COMUNICACIONES,ARTICULO 23.- TRANSPORTES Y COMUNICACIONES,,ARTICULO 23.- TRANSPORTES Y COMUNICACIONES,ARTICULO 23.- TRANSPORTES Y COMUNICACIONES,1202766.0,,euro,EUR,unclear,review,0.5,docx_parser,docx_table,"Parsed from table 0, row 0"
Spain,1981,pdf_e7e7b04e582e__BOE-A-1981-para_1982.txt,0,section_total,,ARTICULO 25.— GASTOS ESPECIALES PARA FUNCIONAMIENTO SERVICIOS BANCO DE SANGRE . .,ARTICULO 25.— GASTOS ESPECIALES PARA FUNCIONAMIENTO SERVICIOS BANCO DE SANGRE . .,,ARTICULO 25.— GASTOS ESPECIALES PARA FUNCIONAMIENTO SERVICIOS BANCO DE SANGRE . .,ARTICULO 25.— GASTOS ESPECIALES PARA FUNCIONAMIENTO SERVICIOS BANCO DE SANGRE . .,1457108.0000000002,,euro,EUR,unclear,review,0.5,docx_parser,docx_table,"Parsed from table 0, row 0"
Spain,1981,pdf_e7e7b04e582e__BOE-A-1981-para_1982.txt,0,section_total,,"ARTICULO 26,- CONSERVACION Y REPARACION ORDINARIA DE INSTALACTONES CONSERVACION Y REPARACION ORDINARIA INSTALACICNES","ARTICULO 26,- CONSERVACION Y REPARACION ORDINARIA DE INSTALACTONES CONSERVACION Y REPARACION ORDINARIA INSTALACICNES",,"ARTICULO 26,- CONSERVACION Y REPARACION ORDINARIA DE INSTALACTONES CONSERVACION Y REPARACION ORDINARIA INSTALACICNES","ARTICULO 26,- CONSERVACION Y REPARACION ORDINARIA DE INSTALACTONES CONSERVACION Y REPARACION ORDINARIA INSTALACICNES",947683.0000000001,,euro,EUR,unclear,review,0.5,docx_parser,docx_table,"Parsed from table 0, row 0"
Spain,1981,pdf_e7e7b04e582e__BOE-A-1981-para_1982.txt,0,section_total,,ARTICULO 26.— CONSERVACION Y REPARACION ORDINARIA DE INSTALACIONES CONSERVACION Y REPARACIUN ORDINARIA INSTALACIONES,ARTICULO 26.— CONSERVACION Y REPARACION ORDINARIA DE INSTALACIONES CONSERVACION Y REPARACIUN ORDINARIA INSTALACIONES,,ARTICULO 26.— CONSERVACION Y REPARACION ORDINARIA DE INSTALACIONES CONSERVACION Y REPARACIUN ORDINARIA INSTALACIONES,ARTICULO 26.— CONSERVACION Y REPARACION ORDINARIA DE INSTALACIONES CONSERVACION Y REPARACIUN ORDINARIA INSTALACIONES,11272000.0,,euro,EUR,unclear,review,0.5,docx_parser,docx_table,"Parsed from table 0, row 0"
Spain,1981,pdf_e7e7b04e582e__BOE-A-1981-para_1982.txt,0,section_total,,ARTICULO 33.- DE DEPOSITOS DE DEPOSITOS 324,ARTICULO 33.- DE DEPOSITOS DE DEPOSITOS 324,,ARTICULO 33.- DE DEPOSITOS DE DEPOSITOS 324,ARTICULO 33.- DE DEPOSITOS DE DEPOSITOS 324,22963.0,,euro,EUR,unclear,review,0.5,docx_parser,docx_table,"Parsed from table 0, row 0"
Spain,1981,pdf_e7e7b04e582e__BOE-A-1981-para_1982.txt,0,section_total,,ARTICULO 53.— AMORTIZACION DE INSTALACIONES DE SERVICIOS SANITARIOS ASISTENCIALES,ARTICULO 53.— AMORTIZACION DE INSTALACIONES DE SERVICIOS SANITARIOS ASISTENCIALES,,ARTICULO 53.— AMORTIZACION DE INSTALACIONES DE SERVICIOS SANITARIOS ASISTENCIALES,ARTICULO 53.— AMORTIZACION DE INSTALACIONES DE SERVICIOS SANITARIOS ASISTENCIALES,46233.00000000001,,euro,EUR,unclear,review,0.5,docx_parser,docx_table,"Parsed from table 0, row 0"
Spain,1981,pdf_e7e7b04e582e__BOE-A-1981-para_1982.txt,0,section_total,,"ARTICULO 95.- AMORTIZACION PRESTAMOS RECIBIDOS A LARGO PLAZO DE ORGANISHOS AUTONOMUS COMERCIALES,INOUSTRIALES ,FINANCIEROS","ARTICULO 95.- AMORTIZACION PRESTAMOS RECIBIDOS A LARGO PLAZO DE ORGANISHOS AUTONOMUS COMERCIALES,INOUSTRIALES ,FINANCIEROS",,"ARTICULO 95.- AMORTIZACION PRESTAMOS RECIBIDOS A LARGO PLAZO DE ORGANISHOS AUTONOMUS COMERCIALES,INOUSTRIALES ,FINANCIEROS","ARTICULO 95.- AMORTIZACION PRESTAMOS RECIBIDOS A LARGO PLAZO DE ORGANISHOS AUTONOMUS COMERCIALES,INOUSTRIALES ,FINANCIEROS",10789574.0,,euro,EUR,unclear,review,0.5,docx_parser,docx_table,"Parsed from table 0, row 0"
Spain,1981,pdf_e7e7b04e582e__BOE-A-1981-para_1982.txt,0,section_total,,ARTICULOS 52 a 54. DOTACIONES A AMORTIZACIONES,ARTICULOS 52 a 54. DOTACIONES A AMORTIZACIONES,,ARTICULOS 52 a 54. DOTACIONES A AMORTIZACIONES,ARTICULOS 52 a 54. DOTACIONES A AMORTIZACIONES,2440940799126000.0,,euro,EUR,unclear,review,0.5,docx_parser,docx_table,"Parsed from table 0, row 0"
Spain,1981,pdf_e7e7b04e582e__BOE-A-1981-para_1982.txt,0,section_total,,BNES AOTIVOS #NES PASIVOS + SERVICIOS ¥,BNES AOTIVOS #NES PASIVOS + SERVICIOS ¥,,BNES AOTIVOS #NES PASIVOS + SERVICIOS ¥,BNES AOTIVOS #NES PASIVOS + SERVICIOS ¥,953143617.0000001,,euro,EUR,unclear,review,0.5,docx_parser,docx_table,"Parsed from table 0, row 0"
Spain,1981,pdf_e7e7b04e582e__BOE-A-1981-para_1982.txt,0,section_total,,CAPITULO 2.- COHPAA DE BlEnco CeRRALANES Y DE SERVICIOS ARTICULO: 21.- DOTACIONES ORDINARIAS PARA GASTOS DE OFICINA,CAPITULO 2.- COHPAA DE BlEnco CeRRALANES Y DE SERVICIOS ARTICULO: 21.- DOTACIONES ORDINARIAS PARA GASTOS DE OFICINA,,CAPITULO 2.- COHPAA DE BlEnco CeRRALANES Y DE SERVICIOS ARTICULO: 21.- DOTACIONES ORDINARIAS PARA GASTOS DE OFICINA,CAPITULO 2.- COHPAA DE BlEnco CeRRALANES Y DE SERVICIOS ARTICULO: 21.- DOTACIONES ORDINARIAS PARA GASTOS DE OFICINA,366839271895.0,,euro,EUR,unclear,review,0.5,docx_parser,docx_table,"Parsed from table 0, row 0"
Spain,1981,pdf_e7e7b04e582e__BOE-A-1981-para_1982.txt,0,section_total,,CAPITULO OCHO.—VARTACION DE ACFIVOS FINANCIELOS. CAPITULO NUEVE.—VARIACION DE L'ASIVOS MINANCIEROS,CAPITULO OCHO.—VARTACION DE ACFIVOS FINANCIELOS. CAPITULO NUEVE.—VARIACION DE L'ASIVOS MINANCIEROS,,CAPITULO OCHO.—VARTACION DE ACFIVOS FINANCIELOS. CAPITULO NUEVE.—VARIACION DE L'ASIVOS MINANCIEROS,CAPITULO OCHO.—VARTACION DE ACFIVOS FINANCIELOS. CAPITULO NUEVE.—VARIACION DE L'ASIVOS MINANCIEROS,180000.0,,euro,EUR,unclear,review,0.5,docx_parser,docx_table,"Parsed from table 0, row 0"
Spain,1981,pdf_e7e7b04e582e__BOE-A-1981-para_1982.txt,0,section_total,,CAPITULO | CAPITULO,CAPITULO | CAPITULO,,CAPITULO | CAPITULO,CAPITULO | CAPITULO,60000.0,,euro,EUR,unclear,review,0.5,docx_parser,docx_table,"Parsed from table 0, row 0"
Spain,1981,pdf_e7e7b04e582e__BOE-A-1981-para_1982.txt,0,section_total,,CAPITULO | CAPITULO | CAPITULO CAPITULO,CAPITULO | CAPITULO | CAPITULO CAPITULO,,CAPITULO | CAPITULO | CAPITULO CAPITULO,CAPITULO | CAPITULO | CAPITULO CAPITULO,9417277000.0,,euro,EUR,unclear,review,0.5,docx_parser,docx_table,"Parsed from table 0, row 0"
Spain,1981,pdf_e7e7b04e582e__BOE-A-1981-para_1982.txt,0,section_total,,"CAPITULO, CAPITULO: ‘CAPITULO CAPITULO CAPITULO .","CAPITULO, CAPITULO: ‘CAPITULO CAPITULO CAPITULO .",,"CAPITULO, CAPITULO: ‘CAPITULO CAPITULO CAPITULO .","CAPITULO, CAPITULO: ‘CAPITULO CAPITULO CAPITULO .",879287.0,,euro,EUR,unclear,review,0.5,docx_parser,docx_table,"Parsed from table 0, row 0"
Spain,1981,pdf_e7e7b04e582e__BOE-A-1981-para_1982.txt,0,section_total,,CORRIENTES,CORRIENTES,,CORRIENTES,CORRIENTES,1081420.0,,euro,EUR,unclear,review,0.5,docx_parser,docx_table,"Parsed from table 0, row 0"
Spain,1981,pdf_e7e7b04e582e__BOE-A-1981-para_1982.txt,0,section_total,,CUOTAS DE SEGURIDAD SOCIAL,CUOTAS DE SEGURIDAD SOCIAL,,CUOTAS DE SEGURIDAD SOCIAL,CUOTAS DE SEGURIDAD SOCIAL,652478247.0,,euro,EUR,unclear,review,0.5,docx_parser,docx_table,"Parsed from table 0, row 0"
Spain,1981,pdf_e7e7b04e582e__BOE-A-1981-para_1982.txt,0,section_total,,"DE PERSONAL 9.316.411 686.407 | 62:786.193 183,175 | 326.378.853","DE PERSONAL 9.316.411 686.407 | 62:786.193 183,175 | 326.378.853",,"DE PERSONAL 9.316.411 686.407 | 62:786.193 183,175 | 326.378.853","DE PERSONAL 9.316.411 686.407 | 62:786.193 183,175 | 326.378.853",267653.0,,euro,EUR,unclear,review,0.5,docx_parser,docx_table,"Parsed from table 0, row 0"
Spain,1981,pdf_e7e7b04e582e__BOE-A-1981-para_1982.txt,0,section_total,,DESIONACION DØ LOS INGRESOS,DESIONACION DØ LOS INGRESOS,,DESIONACION DØ LOS INGRESOS,DESIONACION DØ LOS INGRESOS,10000.0,,euro,EUR,unclear,review,0.5,docx_parser,docx_table,"Parsed from table 0, row 0"
Spain,1981,pdf_e7e7b04e582e__BOE-A-1981-para_1982.txt,0,section_total,,DIVIDENDOS Y PARTICIPACIONES EN BENEFICIOS. 107.068 .000,DIVIDENDOS Y PARTICIPACIONES EN BENEFICIOS. 107.068 .000,,DIVIDENDOS Y PARTICIPACIONES EN BENEFICIOS. 107.068 .000,DIVIDENDOS Y PARTICIPACIONES EN BENEFICIOS. 107.068 .000,15060000.0,,euro,EUR,unclear,review,0.5,docx_parser,docx_table,"Parsed from table 0, row 0"
Spain,1981,pdf_e7e7b04e582e__BOE-A-1981-para_1982.txt,0,section_total,,DON JUAN CARLOS I. REY DE ESPAÑA,DON JUAN CARLOS I. REY DE ESPAÑA,,DON JUAN CARLOS I. REY DE ESPAÑA,DON JUAN CARLOS I. REY DE ESPAÑA,686746195.9999999,,euro,EUR,unclear,review,0.5,docx_parser,docx_table,"Parsed from table 0, row 0"
Spain,1981,pdf_e7e7b04e582e__BOE-A-1981-para_1982.txt,0,section_total,,DOTACIONES EJERCICIO: 14.982,DOTACIONES EJERCICIO: 14.982,,DOTACIONES EJERCICIO: 14.982,DOTACIONES EJERCICIO: 14.982,391095.0,,euro,EUR,unclear,review,0.5,docx_parser,docx_table,"Parsed from table 0, row 0"
Spain,1981,pdf_e7e7b04e582e__BOE-A-1981-para_1982.txt,0,section_total,,"EÆRCICIO: 1,982","EÆRCICIO: 1,982",,"EÆRCICIO: 1,982","EÆRCICIO: 1,982",220159.0,,euro,EUR,unclear,review,0.5,docx_parser,docx_table,"Parsed from table 0, row 0"
Spain,1981,pdf_e7e7b04e582e__BOE-A-1981-para_1982.txt,0,section_total,,"INDEMNIZAC. POR BAREM ENTREGA DESPLAZe OTRAS INDEM.UNI,REGL »","INDEMNIZAC. POR BAREM ENTREGA DESPLAZe OTRAS INDEM.UNI,REGL »",,"INDEMNIZAC. POR BAREM ENTREGA DESPLAZe OTRAS INDEM.UNI,REGL »","INDEMNIZAC. POR BAREM ENTREGA DESPLAZe OTRAS INDEM.UNI,REGL »",78670.0,,euro,EUR,unclear,review,0.5,docx_parser,docx_table,"Parsed from table 0, row 0"
Spain,1981,pdf_e7e7b04e582e__BOE-A-1981-para_1982.txt,0,section_total,,INDEMNIZACIONES Y ENTREGAS UNICAS REGLAMENTARIAS,INDEMNIZACIONES Y ENTREGAS UNICAS REGLAMENTARIAS,,INDEMNIZACIONES Y ENTREGAS UNICAS REGLAMENTARIAS,INDEMNIZACIONES Y ENTREGAS UNICAS REGLAMENTARIAS,695191.0,,euro,EUR,unclear,review,0.5,docx_parser,docx_table,"Parsed from table 0, row 0"
Spain,1981,pdf_e7e7b04e582e__BOE-A-1981-para_1982.txt,0,section_total,,INI - 1973/13.000.,INI - 1973/13.000.,,INI - 1973/13.000.,INI - 1973/13.000.,11251.0,,euro,EUR,unclear,review,0.5,docx_parser,docx_table,"Parsed from table 0, row 0"
Spain,1981,pdf_e7e7b04e582e__BOE-A-1981-para_1982.txt,0,section_total,,INI - 1975/10.000.,INI - 1975/10.000.,,INI - 1975/10.000.,INI - 1975/10.000.,15325.0,,euro,EUR,unclear,review,0.5,docx_parser,docx_table,"Parsed from table 0, row 0"
Spain,1981,pdf_e7e7b04e582e__BOE-A-1981-para_1982.txt,0,section_total,,INI - 1976/10.000.,INI - 1976/10.000.,,INI - 1976/10.000.,INI - 1976/10.000.,15303.0,,euro,EUR,unclear,review,0.5,docx_parser,docx_table,"Parsed from table 0, row 0"
Spain,1981,pdf_e7e7b04e582e__BOE-A-1981-para_1982.txt,0,section_total,,INI - 1977/22 000.,INI - 1977/22 000.,,INI - 1977/22 000.,INI - 1977/22 000.,22000.0,,euro,EUR,unclear,review,0.5,docx_parser,docx_table,"Parsed from table 0, row 0"
Spain,1981,pdf_e7e7b04e582e__BOE-A-1981-para_1982.txt,0,section_total,,INI - 1978/28.000.,INI - 1978/28.000.,,INI - 1978/28.000.,INI - 1978/28.000.,28000.0,,euro,EUR,unclear,review,0.5,docx_parser,docx_table,"Parsed from table 0, row 0"
Spain,1981,pdf_e7e7b04e582e__BOE-A-1981-para_1982.txt,0,section_total,,INI - 1979/28.000.,INI - 1979/28.000.,,INI - 1979/28.000.,INI - 1979/28.000.,28000.0,,euro,EUR,unclear,review,0.5,docx_parser,docx_table,"Parsed from table 0, row 0"
Spain,1981,pdf_e7e7b04e582e__BOE-A-1981-para_1982.txt,0,section_total,,L42.010.660 (1583.,L42.010.660 (1583.,,L42.010.660 (1583.,L42.010.660 (1583.,182544.0,,euro,EUR,unclear,review,0.5,docx_parser,docx_table,"Parsed from table 0, row 0"
Spain,1981,pdf_e7e7b04e582e__BOE-A-1981-para_1982.txt,0,section_total,,LEOPOLDO CALVO-SOTELO Y BUSTELO,LEOPOLDO CALVO-SOTELO Y BUSTELO,,LEOPOLDO CALVO-SOTELO Y BUSTELO,LEOPOLDO CALVO-SOTELO Y BUSTELO,1000.0,,euro,EUR,unclear,review,0.5,docx_parser,docx_table,"Parsed from table 0, row 0"
Spain,1981,pdf_e7e7b04e582e__BOE-A-1981-para_1982.txt,0,section_total,,LIMPIEZA CALEFACCION VENTILACION ALUMBRADO Y OTROS GASTOS,LIMPIEZA CALEFACCION VENTILACION ALUMBRADO Y OTROS GASTOS,,LIMPIEZA CALEFACCION VENTILACION ALUMBRADO Y OTROS GASTOS,LIMPIEZA CALEFACCION VENTILACION ALUMBRADO Y OTROS GASTOS,19670.0,,euro,EUR,unclear,review,0.5,docx_parser,docx_table,"Parsed from table 0, row 0"
Spain,1981,pdf_e7e7b04e582e__BOE-A-1981-para_1982.txt,0,section_total,,MAR RE ARMES ERE HEE EOE HED Oe EE SAE PASEO ERD ERE REET HER HARE EH,MAR RE ARMES ERE HEE EOE HED Oe EE SAE PASEO ERD ERE REET HER HARE EH,,MAR RE ARMES ERE HEE EOE HED Oe EE SAE PASEO ERD ERE REET HER HARE EH,MAR RE ARMES ERE HEE EOE HED Oe EE SAE PASEO ERD ERE REET HER HARE EH,81996000.0,,euro,EUR,unclear,review,0.5,docx_parser,docx_table,"Parsed from table 0, row 0"
Spain,1981,pdf_e7e7b04e582e__BOE-A-1981-para_1982.txt,0,section_total,,OFERACIONES DE CAPITAL,OFERACIONES DE CAPITAL,,OFERACIONES DE CAPITAL,OFERACIONES DE CAPITAL,896406.0,,euro,EUR,unclear,review,0.5,docx_parser,docx_table,"Parsed from table 0, row 0"
Spain,1981,pdf_e7e7b04e582e__BOE-A-1981-para_1982.txt,0,section_total,,OPER AGI ni (OR BIÆNTES:,OPER AGI ni (OR BIÆNTES:,,OPER AGI ni (OR BIÆNTES:,OPER AGI ni (OR BIÆNTES:,5030155545000.0,,euro,EUR,unclear,review,0.5,docx_parser,docx_table,"Parsed from table 0, row 0"
Spain,1981,pdf_e7e7b04e582e__BOE-A-1981-para_1982.txt,0,section_total,,OPERACIONES CORKIENTES «5,OPERACIONES CORKIENTES «5,,OPERACIONES CORKIENTES «5,OPERACIONES CORKIENTES «5,633336.0,,euro,EUR,unclear,review,0.5,docx_parser,docx_table,"Parsed from table 0, row 0"
Spain,1981,pdf_e7e7b04e582e__BOE-A-1981-para_1982.txt,0,section_total,,OPERACIONES DE CAPITAL,OPERACIONES DE CAPITAL,,OPERACIONES DE CAPITAL,OPERACIONES DE CAPITAL,245656.0,,euro,EUR,unclear,review,0.5,docx_parser,docx_table,"Parsed from table 0, row 0"
Spain,1981,pdf_e7e7b04e582e__BOE-A-1981-para_1982.txt,0,section_total,,P LI © ACTON TOT. ART. Y CAP.,P LI © ACTON TOT. ART. Y CAP.,,P LI © ACTON TOT. ART. Y CAP.,P LI © ACTON TOT. ART. Y CAP.,2088.0,,euro,EUR,unclear,review,0.5,docx_parser,docx_table,"Parsed from table 0, row 0"
Spain,1981,pdf_e7e7b04e582e__BOE-A-1981-para_1982.txt,0,section_total,,PATIENTS 3.817.151 A) OPERACIONES CORRIENTES,PATIENTS 3.817.151 A) OPERACIONES CORRIENTES,,PATIENTS 3.817.151 A) OPERACIONES CORRIENTES,PATIENTS 3.817.151 A) OPERACIONES CORRIENTES,31767757.0,,euro,EUR,unclear,review,0.5,docx_parser,docx_table,"Parsed from table 0, row 0"
Spain,1981,pdf_e7e7b04e582e__BOE-A-1981-para_1982.txt,0,section_total,,PORMENOR DE GASTOS DUTACIONES,PORMENOR DE GASTOS DUTACIONES,,PORMENOR DE GASTOS DUTACIONES,PORMENOR DE GASTOS DUTACIONES,13399.0,,euro,EUR,unclear,review,0.5,docx_parser,docx_table,"Parsed from table 0, row 0"
Spain,1981,pdf_e7e7b04e582e__BOE-A-1981-para_1982.txt,0,section_total,,PORMENOR DE GASTOS Y DOTACIONES,PORMENOR DE GASTOS Y DOTACIONES,,PORMENOR DE GASTOS Y DOTACIONES,PORMENOR DE GASTOS Y DOTACIONES,144641430.99999997,,euro,EUR,unclear,review,0.5,docx_parser,docx_table,"Parsed from table 0, row 0"
Spain,1981,pdf_e7e7b04e582e__BOE-A-1981-para_1982.txt,0,section_total,,PREMIOS DE CONSTANCIA Y ANTIGUEDAD PAGAS EXTRAORDINARIAS,PREMIOS DE CONSTANCIA Y ANTIGUEDAD PAGAS EXTRAORDINARIAS,,PREMIOS DE CONSTANCIA Y ANTIGUEDAD PAGAS EXTRAORDINARIAS,PREMIOS DE CONSTANCIA Y ANTIGUEDAD PAGAS EXTRAORDINARIAS,3091.0,,euro,EUR,unclear,review,0.5,docx_parser,docx_table,"Parsed from table 0, row 0"
Spain,1981,pdf_e7e7b04e582e__BOE-A-1981-para_1982.txt,0,section_total,,PRES sECSRECUPERACION,PRES sECSRECUPERACION,,PRES sECSRECUPERACION,PRES sECSRECUPERACION,57702000.0,,euro,EUR,unclear,review,0.5,docx_parser,docx_table,"Parsed from table 0, row 0"
Spain,1981,pdf_e7e7b04e582e__BOE-A-1981-para_1982.txt,0,section_total,,PROTESIS Y VEHICULOS PARA INVALIDOS . 31.600 271.650,PROTESIS Y VEHICULOS PARA INVALIDOS . 31.600 271.650,,PROTESIS Y VEHICULOS PARA INVALIDOS . 31.600 271.650,PROTESIS Y VEHICULOS PARA INVALIDOS . 31.600 271.650,271650.0,,euro,EUR,unclear,review,0.5,docx_parser,docx_table,"Parsed from table 0, row 0"
Spain,1981,pdf_e7e7b04e582e__BOE-A-1981-para_1982.txt,0,section_total,,RESUMEN GENERAL POR CAPITULOS DE LOS OAGANTSMOS. AUTONOMOS. Al,RESUMEN GENERAL POR CAPITULOS DE LOS OAGANTSMOS. AUTONOMOS. Al,,RESUMEN GENERAL POR CAPITULOS DE LOS OAGANTSMOS. AUTONOMOS. Al,RESUMEN GENERAL POR CAPITULOS DE LOS OAGANTSMOS. AUTONOMOS. Al,2000.0,,euro,EUR,unclear,review,0.5,docx_parser,docx_table,"Parsed from table 0, row 0"
Spain,1981,pdf_e7e7b04e582e__BOE-A-1981-para_1982.txt,0,section_total,,RESUMEN GENERAL POR CAPITULOS DE LOS ORGANISMOS AUTONOMOS ADMINISTRATIVOS.,RESUMEN GENERAL POR CAPITULOS DE LOS ORGANISMOS AUTONOMOS ADMINISTRATIVOS.,,RESUMEN GENERAL POR CAPITULOS DE LOS ORGANISMOS AUTONOMOS ADMINISTRATIVOS.,RESUMEN GENERAL POR CAPITULOS DE LOS ORGANISMOS AUTONOMOS ADMINISTRATIVOS.,587444.0,,euro,EUR,unclear,review,0.5,docx_parser,docx_table,"Parsed from table 0, row 0"
Spain,1981,pdf_e7e7b04e582e__BOE-A-1981-para_1982.txt,0,section_total,,RRMENAUUUR TREN K OME SAHHHAHHREH SEEM CERNE REE EH,RRMENAUUUR TREN K OME SAHHHAHHREH SEEM CERNE REE EH,,RRMENAUUUR TREN K OME SAHHHAHHREH SEEM CERNE REE EH,RRMENAUUUR TREN K OME SAHHHAHHREH SEEM CERNE REE EH,2338825625.0,,euro,EUR,unclear,review,0.5,docx_parser,docx_table,"Parsed from table 0, row 0"
Spain,1981,pdf_e7e7b04e582e__BOE-A-1981-para_1982.txt,0,section_total,,SERVICIO 13.- PRESTACIONES ECONOMICAS REGIMEN AGRARIO,SERVICIO 13.- PRESTACIONES ECONOMICAS REGIMEN AGRARIO,,SERVICIO 13.- PRESTACIONES ECONOMICAS REGIMEN AGRARIO,SERVICIO 13.- PRESTACIONES ECONOMICAS REGIMEN AGRARIO,481700.99999999994,,euro,EUR,unclear,review,0.5,docx_parser,docx_table,"Parsed from table 0, row 0"
Spain,1981,pdf_e7e7b04e582e__BOE-A-1981-para_1982.txt,0,section_total,,TIE ‘WON—d 19P ‘O ‘4,TIE ‘WON—d 19P ‘O ‘4,,TIE ‘WON—d 19P ‘O ‘4,TIE ‘WON—d 19P ‘O ‘4,254000.0,,euro,EUR,unclear,review,0.5,docx_parser,docx_table,"Parsed from table 0, row 0"
Spain,1981,pdf_e7e7b04e582e__BOE-A-1981-para_1982.txt,0,section_total,,TOT. ART. Y CAP.,TOT. ART. Y CAP.,,TOT. ART. Y CAP.,TOT. ART. Y CAP.,493941951.99999994,,euro,EUR,unclear,review,0.5,docx_parser,docx_table,"Parsed from table 0, row 0"
Spain,1981,pdf_e7e7b04e582e__BOE-A-1981-para_1982.txt,0,section_total,,TOTAL CAPITULO,TOTAL CAPITULO,,TOTAL CAPITULO,TOTAL CAPITULO,817427.0,,euro,EUR,unclear,review,0.5,docx_parser,docx_table,"Parsed from table 0, row 0"
Spain,1981,pdf_e7e7b04e582e__BOE-A-1981-para_1982.txt,0,section_total,,TOTAL CONCEPTOS,TOTAL CONCEPTOS,,TOTAL CONCEPTOS,TOTAL CONCEPTOS,1865039.0,,euro,EUR,unclear,review,0.5,docx_parser,docx_table,"Parsed from table 0, row 0"
Spain,1981,pdf_e7e7b04e582e__BOE-A-1981-para_1982.txt,0,section_total,,TOTAL OPERACIONES CORRIEN,TOTAL OPERACIONES CORRIEN,,TOTAL OPERACIONES CORRIEN,TOTAL OPERACIONES CORRIEN,14694399450.0,,euro,EUR,unclear,review,0.5,docx_parser,docx_table,"Parsed from table 0, row 0"
Spain,1981,pdf_e7e7b04e582e__BOE-A-1981-para_1982.txt,0,section_total,,TOTAL OPÉRACIONES COFRIEN,TOTAL OPÉRACIONES COFRIEN,,TOTAL OPÉRACIONES COFRIEN,TOTAL OPÉRACIONES COFRIEN,137013176.0,,euro,EUR,unclear,review,0.5,docx_parser,docx_table,"Parsed from table 0, row 0"
Spain,1981,pdf_e7e7b04e582e__BOE-A-1981-para_1982.txt,0,section_total,,TOTAL TRANSF,TOTAL TRANSF,,TOTAL TRANSF,TOTAL TRANSF,77784.0,,euro,EUR,unclear,review,0.5,docx_parser,docx_table,"Parsed from table 0, row 0"
Spain,1981,pdf_e7e7b04e582e__BOE-A-1981-para_1982.txt,0,section_total,,TOTAL VAR. PASIVOS FINAN,TOTAL VAR. PASIVOS FINAN,,TOTAL VAR. PASIVOS FINAN,TOTAL VAR. PASIVOS FINAN,20242.0,,euro,EUR,unclear,review,0.5,docx_parser,docx_table,"Parsed from table 0, row 0"
Spain,1981,pdf_e7e7b04e582e__BOE-A-1981-para_1982.txt,0,section_total,,TOTAL VAR. ‘PA!,TOTAL VAR. ‘PA!,,TOTAL VAR. ‘PA!,TOTAL VAR. ‘PA!,504370.0,,euro,EUR,unclear,review,0.5,docx_parser,docx_table,"Parsed from table 0, row 0"
Spain,1981,pdf_e7e7b04e582e__BOE-A-1981-para_1982.txt,0,section_total,,TOTAL VAR» ACTIVOS FINANS,TOTAL VAR» ACTIVOS FINANS,,TOTAL VAR» ACTIVOS FINANS,TOTAL VAR» ACTIVOS FINANS,593638.0,,euro,EUR,unclear,review,0.5,docx_parser,docx_table,"Parsed from table 0, row 0"
Spain,1981,pdf_e7e7b04e582e__BOE-A-1981-para_1982.txt,0,section_total,,TOTALINGRESOS —,TOTALINGRESOS —,,TOTALINGRESOS —,TOTALINGRESOS —,41000.0,,euro,EUR,unclear,review,0.5,docx_parser,docx_table,"Parsed from table 0, row 0"
Spain,1981,pdf_e7e7b04e582e__BOE-A-1981-para_1982.txt,0,section_total,,TUM SHAEKREHRPER AHEAD TERR EH EOE RY,TUM SHAEKREHRPER AHEAD TERR EH EOE RY,,TUM SHAEKREHRPER AHEAD TERR EH EOE RY,TUM SHAEKREHRPER AHEAD TERR EH EOE RY,25000.0,,euro,EUR,unclear,review,0.5,docx_parser,docx_table,"Parsed from table 0, row 0"
Spain,1983,pdf_32901114f7b1__BOE-A-1983-34167-consolidado_para_1984.txt,0,section_total,,BOLETÍN OFICIAL DEL ESTADO LEGISLACIÓN CONSOLIDADA,BOLETÍN OFICIAL DEL ESTADO LEGISLACIÓN CONSOLIDADA,,BOLETÍN OFICIAL DEL ESTADO LEGISLACIÓN CONSOLIDADA,BOLETÍN OFICIAL DEL ESTADO LEGISLACIÓN CONSOLIDADA,68212000.0,,euro,EUR,unclear,review,0.5,docx_parser,docx_table,"Parsed from table 0, row 0"
Spain,1983,pdf_32901114f7b1__BOE-A-1983-34167-consolidado_para_1984.txt,0,section_total,,NORMAS RELATIVAS AL PRESUPUESTO DE LA SEGURIDAD SOCIAL,NORMAS RELATIVAS AL PRESUPUESTO DE LA SEGURIDAD SOCIAL,,NORMAS RELATIVAS AL PRESUPUESTO DE LA SEGURIDAD SOCIAL,NORMAS RELATIVAS AL PRESUPUESTO DE LA SEGURIDAD SOCIAL,100000.0,,euro,EUR,unclear,review,0.5,docx_parser,docx_table,"Parsed from table 0, row 0"
Spain,1984,pdf_e79d461a3494__BOE-A-1984-28337-consolidado_para_1985.txt,0,section_total,,A) CON EFECTOS DE 1 DE ENERO DE 1984,A) CON EFECTOS DE 1 DE ENERO DE 1984,,A) CON EFECTOS DE 1 DE ENERO DE 1984,A) CON EFECTOS DE 1 DE ENERO DE 1984,3883000.0,,euro,EUR,unclear,review,0.5,docx_parser,docx_table,"Parsed from table 0, row 0"
Spain,1984,pdf_e79d461a3494__BOE-A-1984-28337-consolidado_para_1985.txt,0,section_total,,BOLETÍN OFICIAL DEL ESTADO LEGISLACIÓN CONSOLIDADA,BOLETÍN OFICIAL DEL ESTADO LEGISLACIÓN CONSOLIDADA,,BOLETÍN OFICIAL DEL ESTADO LEGISLACIÓN CONSOLIDADA,BOLETÍN OFICIAL DEL ESTADO LEGISLACIÓN CONSOLIDADA,2897789000.0,,euro,EUR,unclear,review,0.5,docx_parser,docx_table,"Parsed from table 0, row 0"
Spain,1984,pdf_e79d461a3494__BOE-A-1984-28337-consolidado_para_1985.txt,0,section_total,,CAPÍTULO I,CAPÍTULO I,,CAPÍTULO I,CAPÍTULO I,4022279.9999999995,,euro,EUR,unclear,review,0.5,docx_parser,docx_table,"Parsed from table 0, row 0"
Spain,1984,pdf_e79d461a3494__BOE-A-1984-28337-consolidado_para_1985.txt,0,section_total,,CAPÍTULO II,CAPÍTULO II,,CAPÍTULO II,CAPÍTULO II,37043681000.0,,euro,EUR,unclear,review,0.5,docx_parser,docx_table,"Parsed from table 0, row 0"
Spain,1985,pdf_ac3a3ed79ac7__BOE-A-1985-26831-consolidado_para_1986.txt,0,section_total,,BOLETÍN OFICIAL DEL ESTADO LEGISLACIÓN CONSOLIDADA,BOLETÍN OFICIAL DEL ESTADO LEGISLACIÓN CONSOLIDADA,,BOLETÍN OFICIAL DEL ESTADO LEGISLACIÓN CONSOLIDADA,BOLETÍN OFICIAL DEL ESTADO LEGISLACIÓN CONSOLIDADA,22834124010.489,,euro,EUR,unclear,review,0.5,docx_parser,docx_table,"Parsed from table 0, row 0"
Spain,1985,pdf_ac3a3ed79ac7__BOE-A-1985-26831-consolidado_para_1986.txt,0,section_total,,CAPÍTULO II,CAPÍTULO II,,CAPÍTULO II,CAPÍTULO II,29523469000.0,,euro,EUR,unclear,review,0.5,docx_parser,docx_table,"Parsed from table 0, row 0"
Spain,1986,pdf_c9b3e2c0e4ca__BOE-A-1986-33382-consolidado_para_1987.txt,0,section_total,,ADMINISTRACIÓN DE JUSTICIA,ADMINISTRACIÓN DE JUSTICIA,,ADMINISTRACIÓN DE JUSTICIA,ADMINISTRACIÓN DE JUSTICIA,1775000.0,,euro,EUR,unclear,review,0.6,docx_parser,docx_table,"Parsed from table 0, row 0"
Spain,1986,pdf_c9b3e2c0e4ca__BOE-A-1986-33382-consolidado_para_1987.txt,0,section_total,,BOLETÍN OFICIAL DEL ESTADO LEGISLACIÓN CONSOLIDADA,BOLETÍN OFICIAL DEL ESTADO LEGISLACIÓN CONSOLIDADA,,BOLETÍN OFICIAL DEL ESTADO LEGISLACIÓN CONSOLIDADA,BOLETÍN OFICIAL DEL ESTADO LEGISLACIÓN CONSOLIDADA,13738664000.0,,euro,EUR,unclear,review,0.5,docx_parser,docx_table,"Parsed from table 0, row 0"
Spain,1986,pdf_c9b3e2c0e4ca__BOE-A-1986-33382-consolidado_para_1987.txt,0,section_total,,CAPITULO II,CAPITULO II,,CAPITULO II,CAPITULO II,44992035000.0,,euro,EUR,unclear,review,0.5,docx_parser,docx_table,"Parsed from table 0, row 0"
Spain,1987,pdf_c33f3503cfd5__BOE-A-1987-28404-consolidado_para_1988.txt,0,section_total,,ADMINISTRACION CIVIL Y MILITAR DEL ESTADO,ADMINISTRACION CIVIL Y MILITAR DEL ESTADO,,ADMINISTRACION CIVIL Y MILITAR DEL ESTADO,ADMINISTRACION CIVIL Y MILITAR DEL ESTADO,4797374.0,,euro,EUR,unclear,review,0.6,docx_parser,docx_table,"Parsed from table 0, row 0"
Spain,1987,pdf_c33f3503cfd5__BOE-A-1987-28404-consolidado_para_1988.txt,0,section_total,,ADMINISTRACION DE JUSTICIA,ADMINISTRACION DE JUSTICIA,,ADMINISTRACION DE JUSTICIA,ADMINISTRACION DE JUSTICIA,1925000.0,,euro,EUR,unclear,review,0.6,docx_parser,docx_table,"Parsed from table 0, row 0"
Spain,1987,pdf_c33f3503cfd5__BOE-A-1987-28404-consolidado_para_1988.txt,0,section_total,,BOLETÍN OFICIAL DEL ESTADO LEGISLACIÓN CONSOLIDADA,BOLETÍN OFICIAL DEL ESTADO LEGISLACIÓN CONSOLIDADA,,BOLETÍN OFICIAL DEL ESTADO LEGISLACIÓN CONSOLIDADA,BOLETÍN OFICIAL DEL ESTADO LEGISLACIÓN CONSOLIDADA,87417293000.0,,euro,EUR,unclear,review,0.5,docx_parser,docx_table,"Parsed from table 0, row 0"
Spain,1987,pdf_c33f3503cfd5__BOE-A-1987-28404-consolidado_para_1988.txt,0,section_total,,CAPITULO II,CAPITULO II,,CAPITULO II,CAPITULO II,1200.0,,euro,EUR,unclear,review,0.5,docx_parser,docx_table,"Parsed from table 0, row 0"
Spain,1987,pdf_c33f3503cfd5__BOE-A-1987-28404-consolidado_para_1988.txt,0,section_total,,CAPITULO VI,CAPITULO VI,,CAPITULO VI,CAPITULO VI,354000.0,,euro,EUR,unclear,review,0.5,docx_parser,docx_table,"Parsed from table 0, row 0"
Spain,1987,pdf_c33f3503cfd5__BOE-A-1987-28404-consolidado_para_1988.txt,0,section_total,,CORTES GENERALES,CORTES GENERALES,,CORTES GENERALES,CORTES GENERALES,942246.0,,euro,EUR,unclear,review,0.5,docx_parser,docx_table,"Parsed from table 0, row 0"
Spain,1988,pdf_c67a64b58842__1989_BOE-A-1988-29563-consolidado.txt,0,section_total,,BOLETÍN OFICIAL DEL ESTADO LEGISLACIÓN CONSOLIDADA,BOLETÍN OFICIAL DEL ESTADO LEGISLACIÓN CONSOLIDADA,,BOLETÍN OFICIAL DEL ESTADO LEGISLACIÓN CONSOLIDADA,BOLETÍN OFICIAL DEL ESTADO LEGISLACIÓN CONSOLIDADA,8175411.0,,euro,EUR,unclear,review,0.5,docx_parser,docx_table,"Parsed from table 0, row 0"
Spain,1988,pdf_c67a64b58842__1989_BOE-A-1988-29563-consolidado.txt,0,section_total,,FELIPE GONZÁLEZ MÁRQUEZ,FELIPE GONZÁLEZ MÁRQUEZ,,FELIPE GONZÁLEZ MÁRQUEZ,FELIPE GONZÁLEZ MÁRQUEZ,6384969.0,,euro,EUR,unclear,review,0.5,docx_parser,docx_table,"Parsed from table 0, row 0"
Spain,1988,pdf_c67a64b58842__BOE-A-1988-29563-consolidado_para_1989.txt,0,section_total,,ADMINISTRACION CIVIL Y MILITAR DEL ESTADO,ADMINISTRACION CIVIL Y MILITAR DEL ESTADO,,ADMINISTRACION CIVIL Y MILITAR DEL ESTADO,ADMINISTRACION CIVIL Y MILITAR DEL ESTADO,940476.0,,euro,EUR,unclear,review,0.6,docx_parser,docx_table,"Parsed from table 0, row 0"
Spain,1988,pdf_c67a64b58842__BOE-A-1988-29563-consolidado_para_1989.txt,0,section_total,,ADMINISTRACION DE JUSTICIA,ADMINISTRACION DE JUSTICIA,,ADMINISTRACION DE JUSTICIA,ADMINISTRACION DE JUSTICIA,1925000.0,,euro,EUR,unclear,review,0.6,docx_parser,docx_table,"Parsed from table 0, row 0"
Spain,1988,pdf_c67a64b58842__BOE-A-1988-29563-consolidado_para_1989.txt,0,section_total,,BOLETÍN OFICIAL DEL ESTADO LEGISLACIÓN CONSOLIDADA,BOLETÍN OFICIAL DEL ESTADO LEGISLACIÓN CONSOLIDADA,,BOLETÍN OFICIAL DEL ESTADO LEGISLACIÓN CONSOLIDADA,BOLETÍN OFICIAL DEL ESTADO LEGISLACIÓN CONSOLIDADA,99833000.0,,euro,EUR,unclear,review,0.5,docx_parser,docx_table,"Parsed from table 0, row 0"
Spain,1988,pdf_c67a64b58842__BOE-A-1988-29563-consolidado_para_1989.txt,0,section_total,,CAPITULO II,CAPITULO II,,CAPITULO II,CAPITULO II,1292500.0,,euro,EUR,unclear,review,0.5,docx_parser,docx_table,"Parsed from table 0, row 0"
Spain,1988,pdf_c67a64b58842__BOE-A-1988-29563-consolidado_para_1989.txt,0,section_total,,CAPITULO IV,CAPITULO IV,,CAPITULO IV,CAPITULO IV,100000.0,,euro,EUR,unclear,review,0.5,docx_parser,docx_table,"Parsed from table 0, row 0"
Spain,1988,pdf_c67a64b58842__BOE-A-1988-29563-consolidado_para_1989.txt,0,section_total,,CORTES GENERALES,CORTES GENERALES,,CORTES GENERALES,CORTES GENERALES,979935.0,,euro,EUR,unclear,review,0.5,docx_parser,docx_table,"Parsed from table 0, row 0"
Spain,1988,pdf_c67a64b58842__BOE-A-1988-29563-consolidado_para_1989.txt,0,section_total,,TRIBUNAL CONSTITUCIONAL,TRIBUNAL CONSTITUCIONAL,,TRIBUNAL CONSTITUCIONAL,TRIBUNAL CONSTITUCIONAL,236908.0,,euro,EUR,unclear,review,0.5,docx_parser,docx_table,"Parsed from table 0, row 0"
Spain,1990,pdf_4f55c7265018__BOE-A-1990-21614-consolidado-para_1991.txt,0,section_total,,ADMINISTRACIÓN CIVIL Y MILITAR DEL ESTADO,ADMINISTRACIÓN CIVIL Y MILITAR DEL ESTADO,,ADMINISTRACIÓN CIVIL Y MILITAR DEL ESTADO,ADMINISTRACIÓN CIVIL Y MILITAR DEL ESTADO,3505924.9999999995,,euro,EUR,unclear,review,0.6,docx_parser,docx_table,"Parsed from table 0, row 0"
Spain,1990,pdf_4f55c7265018__BOE-A-1990-21614-consolidado-para_1991.txt,0,section_total,,ADMINISTRACIÓN DE JUSTICIA,ADMINISTRACIÓN DE JUSTICIA,,ADMINISTRACIÓN DE JUSTICIA,ADMINISTRACIÓN DE JUSTICIA,1925000.0,,euro,EUR,unclear,review,0.6,docx_parser,docx_table,"Parsed from table 0, row 0"
Spain,1990,pdf_4f55c7265018__BOE-A-1990-21614-consolidado-para_1991.txt,0,section_total,,BOLETÍN OFICIAL DEL ESTADO LEGISLACIÓN CONSOLIDADA,BOLETÍN OFICIAL DEL ESTADO LEGISLACIÓN CONSOLIDADA,,BOLETÍN OFICIAL DEL ESTADO LEGISLACIÓN CONSOLIDADA,BOLETÍN OFICIAL DEL ESTADO LEGISLACIÓN CONSOLIDADA,23650125.0,,euro,EUR,unclear,review,0.5,docx_parser,docx_table,"Parsed from table 0, row 0"
Spain,1990,pdf_4f55c7265018__BOE-A-1990-21614-consolidado-para_1991.txt,0,section_total,,CAPÍTULO I,CAPÍTULO I,,CAPÍTULO I,CAPÍTULO I,550000.0,,euro,EUR,unclear,review,0.5,docx_parser,docx_table,"Parsed from table 0, row 0"
Spain,1990,pdf_4f55c7265018__BOE-A-1990-21614-consolidado-para_1991.txt,0,section_total,,CAPÍTULO II,CAPÍTULO II,,CAPÍTULO II,CAPÍTULO II,12088605000.0,,euro,EUR,unclear,review,0.5,docx_parser,docx_table,"Parsed from table 0, row 0"
Spain,1990,pdf_4f55c7265018__BOE-A-1990-21614-consolidado-para_1991.txt,0,section_total,,CORTES GENERALES,CORTES GENERALES,,CORTES GENERALES,CORTES GENERALES,917116.0,,euro,EUR,unclear,review,0.5,docx_parser,docx_table,"Parsed from table 0, row 0"
Spain,1990,pdf_4f55c7265018__BOE-A-1990-21614-consolidado-para_1991.txt,0,section_total,,TRIBUNAL CONSTITUCIONAL,TRIBUNAL CONSTITUCIONAL,,TRIBUNAL CONSTITUCIONAL,TRIBUNAL CONSTITUCIONAL,280298.0,,euro,EUR,unclear,review,0.5,docx_parser,docx_table,"Parsed from table 0, row 0"
Spain,1990,pdf_f6d556d6d9f0__BOE-A-1990-15347-consolidado_para_1990.txt,0,section_total,,ADMINISTRACION CIVIL Y MILITAR DEL ESTADO,ADMINISTRACION CIVIL Y MILITAR DEL ESTADO,,ADMINISTRACION CIVIL Y MILITAR DEL ESTADO,ADMINISTRACION CIVIL Y MILITAR DEL ESTADO,3285778.0000000005,,euro,EUR,unclear,review,0.6,docx_parser,docx_table,"Parsed from table 0, row 0"
Spain,1990,pdf_f6d556d6d9f0__BOE-A-1990-15347-consolidado_para_1990.txt,0,section_total,,ADMINISTRACION DE JUSTICIA,ADMINISTRACION DE JUSTICIA,,ADMINISTRACION DE JUSTICIA,ADMINISTRACION DE JUSTICIA,1925000.0,,euro,EUR,unclear,review,0.6,docx_parser,docx_table,"Parsed from table 0, row 0"
Spain,1990,pdf_f6d556d6d9f0__BOE-A-1990-15347-consolidado_para_1990.txt,0,section_total,,BOLETÍN OFICIAL DEL ESTADO LEGISLACIÓN CONSOLIDADA,BOLETÍN OFICIAL DEL ESTADO LEGISLACIÓN CONSOLIDADA,,BOLETÍN OFICIAL DEL ESTADO LEGISLACIÓN CONSOLIDADA,BOLETÍN OFICIAL DEL ESTADO LEGISLACIÓN CONSOLIDADA,77366000.0,,euro,EUR,unclear,review,0.5,docx_parser,docx_table,"Parsed from table 0, row 0"
Spain,1990,pdf_f6d556d6d9f0__BOE-A-1990-15347-consolidado_para_1990.txt,0,section_total,,CAPÍTULO II,CAPÍTULO II,,CAPÍTULO II,CAPÍTULO II,17497900000.0,,euro,EUR,unclear,review,0.5,docx_parser,docx_table,"Parsed from table 0, row 0"
Spain,1990,pdf_f6d556d6d9f0__BOE-A-1990-15347-consolidado_para_1990.txt,0,section_total,,CORTES GENERALES,CORTES GENERALES,,CORTES GENERALES,CORTES GENERALES,859528.0,,euro,EUR,unclear,review,0.5,docx_parser,docx_table,"Parsed from table 0, row 0"
Spain,1990,pdf_f6d556d6d9f0__BOE-A-1990-15347-consolidado_para_1990.txt,0,section_total,,FELIPE GONZÁLEZ MÁRQUEZ,FELIPE GONZÁLEZ MÁRQUEZ,,FELIPE GONZÁLEZ MÁRQUEZ,FELIPE GONZÁLEZ MÁRQUEZ,3727732.0,,euro,EUR,unclear,review,0.5,docx_parser,docx_table,"Parsed from table 0, row 0"
Spain,1990,pdf_f6d556d6d9f0__BOE-A-1990-15347-consolidado_para_1990.txt,0,section_total,,TRIBUNAL CONSTITUCIONAL,TRIBUNAL CONSTITUCIONAL,,TRIBUNAL CONSTITUCIONAL,TRIBUNAL CONSTITUCIONAL,262698.0,,euro,EUR,unclear,review,0.5,docx_parser,docx_table,"Parsed from table 0, row 0"
Spain,1991,pdf_302088a66dab__BOE-A-1991-30903-consolidado_para_1992.txt,0,section_total,,ADMINISTRACIÓN CIVIL Y MILITAR DEL ESTADO,ADMINISTRACIÓN CIVIL Y MILITAR DEL ESTADO,,ADMINISTRACIÓN CIVIL Y MILITAR DEL ESTADO,ADMINISTRACIÓN CIVIL Y MILITAR DEL ESTADO,2761572.0,,euro,EUR,unclear,review,0.6,docx_parser,docx_table,"Parsed from table 0, row 0"
Spain,1991,pdf_302088a66dab__BOE-A-1991-30903-consolidado_para_1992.txt,0,section_total,,ADMINISTRACIÓN DE JUSTICIA,ADMINISTRACIÓN DE JUSTICIA,,ADMINISTRACIÓN DE JUSTICIA,ADMINISTRACIÓN DE JUSTICIA,1925000.0,,euro,EUR,unclear,review,0.6,docx_parser,docx_table,"Parsed from table 0, row 0"
Spain,1991,pdf_302088a66dab__BOE-A-1991-30903-consolidado_para_1992.txt,0,section_total,,BOLETÍN OFICIAL DEL ESTADO LEGISLACIÓN CONSOLIDADA,BOLETÍN OFICIAL DEL ESTADO LEGISLACIÓN CONSOLIDADA,,BOLETÍN OFICIAL DEL ESTADO LEGISLACIÓN CONSOLIDADA,BOLETÍN OFICIAL DEL ESTADO LEGISLACIÓN CONSOLIDADA,7773700.999999999,,euro,EUR,unclear,review,0.5,docx_parser,docx_table,"Parsed from table 0, row 0"
Spain,1991,pdf_302088a66dab__BOE-A-1991-30903-consolidado_para_1992.txt,0,section_total,,CAPÍTULO II,CAPÍTULO II,,CAPÍTULO II,CAPÍTULO II,1992000.0,,euro,EUR,unclear,review,0.5,docx_parser,docx_table,"Parsed from table 0, row 0"
Spain,1991,pdf_302088a66dab__BOE-A-1991-30903-consolidado_para_1992.txt,0,section_total,,CAPÍTULO IV,CAPÍTULO IV,,CAPÍTULO IV,CAPÍTULO IV,1038693.0,,euro,EUR,unclear,review,0.5,docx_parser,docx_table,"Parsed from table 0, row 0"
Spain,1991,pdf_302088a66dab__BOE-A-1991-30903-consolidado_para_1992.txt,0,section_total,,CAPÍTULO V,CAPÍTULO V,,CAPÍTULO V,CAPÍTULO V,1373120.0,,euro,EUR,unclear,review,0.5,docx_parser,docx_table,"Parsed from table 0, row 0"
Spain,1991,pdf_302088a66dab__BOE-A-1991-30903-consolidado_para_1992.txt,0,section_total,,CAPÍTULO VIII,CAPÍTULO VIII,,CAPÍTULO VIII,CAPÍTULO VIII,537340.0,,euro,EUR,unclear,review,0.5,docx_parser,docx_table,"Parsed from table 0, row 0"
Spain,1991,pdf_302088a66dab__BOE-A-1991-30903-consolidado_para_1992.txt,0,section_total,,CAPÍTULOs I a VIII CAPÍTULO IX,CAPÍTULOs I a VIII CAPÍTULO IX,,CAPÍTULOs I a VIII CAPÍTULO IX,CAPÍTULOs I a VIII CAPÍTULO IX,5711516.000000001,,euro,EUR,unclear,review,0.5,docx_parser,docx_table,"Parsed from table 0, row 0"
Spain,1991,pdf_302088a66dab__BOE-A-1991-30903-consolidado_para_1992.txt,0,section_total,,CORTES GENERALES,CORTES GENERALES,,CORTES GENERALES,CORTES GENERALES,308058.0,,euro,EUR,unclear,review,0.5,docx_parser,docx_table,"Parsed from table 0, row 0"
Spain,1991,pdf_302088a66dab__BOE-A-1991-30903-consolidado_para_1992.txt,0,section_total,,CUADRO DE PORCENTAJES ANUALES PARA DETERMINAR EL INCREMENTO DEL,CUADRO DE PORCENTAJES ANUALES PARA DETERMINAR EL INCREMENTO DEL,,CUADRO DE PORCENTAJES ANUALES PARA DETERMINAR EL INCREMENTO DEL,CUADRO DE PORCENTAJES ANUALES PARA DETERMINAR EL INCREMENTO DEL,617000.0,,euro,EUR,unclear,review,0.5,docx_parser,docx_table,"Parsed from table 0, row 0"
Spain,1991,pdf_302088a66dab__BOE-A-1991-30903-consolidado_para_1992.txt,0,section_total,,"M + 0,1 + FRA","M + 0,1 + FRA",,"M + 0,1 + FRA","M + 0,1 + FRA",2000.0,,euro,EUR,unclear,review,0.5,docx_parser,docx_table,"Parsed from table 0, row 0"
Spain,1991,pdf_302088a66dab__BOE-A-1991-30903-consolidado_para_1992.txt,0,section_total,,"M + 0,20 (50%)","M + 0,20 (50%)",,"M + 0,20 (50%)","M + 0,20 (50%)",5999000.0,,euro,EUR,unclear,review,0.5,docx_parser,docx_table,"Parsed from table 0, row 0"
Spain,1991,pdf_302088a66dab__BOE-A-1991-30903-consolidado_para_1992.txt,0,section_total,,"TAR + 0,10","TAR + 0,10",,"TAR + 0,10","TAR + 0,10",7450053.0,,euro,EUR,unclear,review,0.5,docx_parser,docx_table,"Parsed from table 0, row 0"
Spain,1991,pdf_302088a66dab__BOE-A-1991-30903-consolidado_para_1992.txt,0,section_total,,TRIBUNAL CONSTITUCIONAL,TRIBUNAL CONSTITUCIONAL,,TRIBUNAL CONSTITUCIONAL,TRIBUNAL CONSTITUCIONAL,296274.0,,euro,EUR,unclear,review,0.5,docx_parser,docx_table,"Parsed from table 0, row 0"
Spain,1992,pdf_089562869f0a__BOE-A-1992-28826-consolidado_para_1993.txt,0,section_total,,ADMINISTRACION CIVIL Y MILITAR DEL ESTADO,ADMINISTRACION CIVIL Y MILITAR DEL ESTADO,,ADMINISTRACION CIVIL Y MILITAR DEL ESTADO,ADMINISTRACION CIVIL Y MILITAR DEL ESTADO,133760.0,,euro,EUR,unclear,review,0.6,docx_parser,docx_table,"Parsed from table 0, row 0"
Spain,1992,pdf_089562869f0a__BOE-A-1992-28826-consolidado_para_1993.txt,0,section_total,,ADMINISTRACION DE JUSTICIA,ADMINISTRACION DE JUSTICIA,,ADMINISTRACION DE JUSTICIA,ADMINISTRACION DE JUSTICIA,1925000.0,,euro,EUR,unclear,review,0.6,docx_parser,docx_table,"Parsed from table 0, row 0"
Spain,1992,pdf_089562869f0a__BOE-A-1992-28826-consolidado_para_1993.txt,0,section_total,,BOLETÍN OFICIAL DEL ESTADO LEGISLACIÓN CONSOLIDADA,BOLETÍN OFICIAL DEL ESTADO LEGISLACIÓN CONSOLIDADA,,BOLETÍN OFICIAL DEL ESTADO LEGISLACIÓN CONSOLIDADA,BOLETÍN OFICIAL DEL ESTADO LEGISLACIÓN CONSOLIDADA,45316802000.0,,euro,EUR,unclear,review,0.5,docx_parser,docx_table,"Parsed from table 0, row 0"
Spain,1992,pdf_089562869f0a__BOE-A-1992-28826-consolidado_para_1993.txt,0,section_total,,CAPITULO I,CAPITULO I,,CAPITULO I,CAPITULO I,1993000.0,,euro,EUR,unclear,review,0.5,docx_parser,docx_table,"Parsed from table 0, row 0"
Spain,1992,pdf_089562869f0a__BOE-A-1992-28826-consolidado_para_1993.txt,0,section_total,,CAPITULO II,CAPITULO II,,CAPITULO II,CAPITULO II,19611134000.0,,euro,EUR,unclear,review,0.5,docx_parser,docx_table,"Parsed from table 0, row 0"
Spain,1992,pdf_089562869f0a__BOE-A-1992-28826-consolidado_para_1993.txt,0,section_total,,CORTES GENERALES,CORTES GENERALES,,CORTES GENERALES,CORTES GENERALES,323769.0,,euro,EUR,unclear,review,0.5,docx_parser,docx_table,"Parsed from table 0, row 0"
Spain,1992,pdf_089562869f0a__BOE-A-1992-28826-consolidado_para_1993.txt,0,section_total,,FELIPE GONZALEZ MARQUEZ,FELIPE GONZALEZ MARQUEZ,,FELIPE GONZALEZ MARQUEZ,FELIPE GONZALEZ MARQUEZ,4969039.0,,euro,EUR,unclear,review,0.5,docx_parser,docx_table,"Parsed from table 0, row 0"
Spain,1992,pdf_089562869f0a__BOE-A-1992-28826-consolidado_para_1993.txt,0,section_total,,"LIBOR + 0,20","LIBOR + 0,20",,"LIBOR + 0,20","LIBOR + 0,20",1423383.0,,euro,EUR,unclear,review,0.5,docx_parser,docx_table,"Parsed from table 0, row 0"
Spain,1992,pdf_089562869f0a__BOE-A-1992-28826-consolidado_para_1993.txt,0,section_total,,TRIBUNAL CONSTITUCIONAL,TRIBUNAL CONSTITUCIONAL,,TRIBUNAL CONSTITUCIONAL,TRIBUNAL CONSTITUCIONAL,311384.0,,euro,EUR,unclear,review,0.5,docx_parser,docx_table,"Parsed from table 0, row 0"
Spain,1993,pdf_405cb10a8975__BOE-A-1993-31087-consolidado_para_1994.txt,0,section_total,,BOLETÍN OFICIAL DEL ESTADO LEGISLACIÓN CONSOLIDADA,BOLETÍN OFICIAL DEL ESTADO LEGISLACIÓN CONSOLIDADA,,BOLETÍN OFICIAL DEL ESTADO LEGISLACIÓN CONSOLIDADA,BOLETÍN OFICIAL DEL ESTADO LEGISLACIÓN CONSOLIDADA,69412145000.0,,euro,EUR,unclear,review,0.5,docx_parser,docx_table,"Parsed from table 0, row 0"
Spain,1993,pdf_405cb10a8975__BOE-A-1993-31087-consolidado_para_1994.txt,0,section_total,,CAPÍTULO I,CAPÍTULO I,,CAPÍTULO I,CAPÍTULO I,1994000.0,,euro,EUR,unclear,review,0.5,docx_parser,docx_table,"Parsed from table 0, row 0"
Spain,1993,pdf_405cb10a8975__BOE-A-1993-31087-consolidado_para_1994.txt,0,section_total,,CAPÍTULO II,CAPÍTULO II,,CAPÍTULO II,CAPÍTULO II,7373466000.0,,euro,EUR,unclear,review,0.5,docx_parser,docx_table,"Parsed from table 0, row 0"
Spain,1993,pdf_405cb10a8975__BOE-A-1993-31087-consolidado_para_1994.txt,0,section_total,,CAPÍTULO III,CAPÍTULO III,,CAPÍTULO III,CAPÍTULO III,1993000.0,,euro,EUR,unclear,review,0.5,docx_parser,docx_table,"Parsed from table 0, row 0"
Spain,1993,pdf_405cb10a8975__BOE-A-1993-31087-consolidado_para_1994.txt,0,section_total,,CAPÍTULO IV,CAPÍTULO IV,,CAPÍTULO IV,CAPÍTULO IV,1493800.0,,euro,EUR,unclear,review,0.5,docx_parser,docx_table,"Parsed from table 0, row 0"
Spain,1993,pdf_405cb10a8975__BOE-A-1993-31087-consolidado_para_1994.txt,0,section_total,,"MIBOR + 0,25 %","MIBOR + 0,25 %",,"MIBOR + 0,25 %","MIBOR + 0,25 %",30500.0,,euro,EUR,unclear,review,0.5,docx_parser,docx_table,"Parsed from table 0, row 0"
Spain,1994,pdf_fef25312ff9d__BOE-A-1994-28967-consolidado_para_1995.txt,0,section_total,,ADMINISTRACIÓN CIVIL Y MILITAR DEL ESTADO,ADMINISTRACIÓN CIVIL Y MILITAR DEL ESTADO,,ADMINISTRACIÓN CIVIL Y MILITAR DEL ESTADO,ADMINISTRACIÓN CIVIL Y MILITAR DEL ESTADO,171633.0,,euro,EUR,unclear,review,0.6,docx_parser,docx_table,"Parsed from table 0, row 0"
Spain,1994,pdf_fef25312ff9d__BOE-A-1994-28967-consolidado_para_1995.txt,0,section_total,,ADMINISTRACIÓN DE JUSTICIA,ADMINISTRACIÓN DE JUSTICIA,,ADMINISTRACIÓN DE JUSTICIA,ADMINISTRACIÓN DE JUSTICIA,2528993.0,,euro,EUR,unclear,review,0.6,docx_parser,docx_table,"Parsed from table 0, row 0"
Spain,1994,pdf_fef25312ff9d__BOE-A-1994-28967-consolidado_para_1995.txt,0,section_total,,ANEXO VIII,ANEXO VIII,,ANEXO VIII,ANEXO VIII,2327833.0,,euro,EUR,unclear,review,0.5,docx_parser,docx_table,"Parsed from table 0, row 0"
Spain,1994,pdf_fef25312ff9d__BOE-A-1994-28967-consolidado_para_1995.txt,0,section_total,,BOLETÍN OFICIAL DEL ESTADO LEGISLACIÓN CONSOLIDADA,BOLETÍN OFICIAL DEL ESTADO LEGISLACIÓN CONSOLIDADA,,BOLETÍN OFICIAL DEL ESTADO LEGISLACIÓN CONSOLIDADA,BOLETÍN OFICIAL DEL ESTADO LEGISLACIÓN CONSOLIDADA,16660000.0,,euro,EUR,unclear,review,0.5,docx_parser,docx_table,"Parsed from table 0, row 0"
Spain,1994,pdf_fef25312ff9d__BOE-A-1994-28967-consolidado_para_1995.txt,0,section_total,,CAPÍTULO I,CAPÍTULO I,,CAPÍTULO I,CAPÍTULO I,17472000.0,,euro,EUR,unclear,review,0.5,docx_parser,docx_table,"Parsed from table 0, row 0"
Spain,1994,pdf_fef25312ff9d__BOE-A-1994-28967-consolidado_para_1995.txt,0,section_total,,CAPÍTULO II,CAPÍTULO II,,CAPÍTULO II,CAPÍTULO II,1171000.0,,euro,EUR,unclear,review,0.5,docx_parser,docx_table,"Parsed from table 0, row 0"
Spain,1994,pdf_fef25312ff9d__BOE-A-1994-28967-consolidado_para_1995.txt,0,section_total,,CAPÍTULO III,CAPÍTULO III,,CAPÍTULO III,CAPÍTULO III,1994000.0,,euro,EUR,unclear,review,0.5,docx_parser,docx_table,"Parsed from table 0, row 0"
Spain,1994,pdf_fef25312ff9d__BOE-A-1994-28967-consolidado_para_1995.txt,0,section_total,,CAPÍTULO IV,CAPÍTULO IV,,CAPÍTULO IV,CAPÍTULO IV,1559600.0,,euro,EUR,unclear,review,0.5,docx_parser,docx_table,"Parsed from table 0, row 0"
Spain,1994,pdf_fef25312ff9d__BOE-A-1994-28967-consolidado_para_1995.txt,0,section_total,,FELIPE GONZALEZ MARQUEZ,FELIPE GONZALEZ MARQUEZ,,FELIPE GONZALEZ MARQUEZ,FELIPE GONZALEZ MARQUEZ,4686285.0,,euro,EUR,unclear,review,0.5,docx_parser,docx_table,"Parsed from table 0, row 0"
Spain,1994,pdf_fef25312ff9d__BOE-A-1994-28967-consolidado_para_1995.txt,0,section_total,,"LIBOR+0,30","LIBOR+0,30",,"LIBOR+0,30","LIBOR+0,30",30000.0,,euro,EUR,unclear,review,0.5,docx_parser,docx_table,"Parsed from table 0, row 0"
Spain,1994,pdf_fef25312ff9d__BOE-A-1994-28967-consolidado_para_1995.txt,0,section_total,,"LIBOR+0,55","LIBOR+0,55",,"LIBOR+0,55","LIBOR+0,55",16393.0,,euro,EUR,unclear,review,0.5,docx_parser,docx_table,"Parsed from table 0, row 0"
Spain,1994,pdf_fef25312ff9d__BOE-A-1994-28967-consolidado_para_1995.txt,0,section_total,,"MIBOR + 0,20 %","MIBOR + 0,20 %",,"MIBOR + 0,20 %","MIBOR + 0,20 %",15000.0,,euro,EUR,unclear,review,0.5,docx_parser,docx_table,"Parsed from table 0, row 0"
Spain,1996,pdf_d82ccd9d5dae__BOE-A-1996-29116-consolidado_para_1997.txt,0,section_total,,ADMINISTRACIÓN CIVIL Y MILITAR DEL ESTADO,ADMINISTRACIÓN CIVIL Y MILITAR DEL ESTADO,,ADMINISTRACIÓN CIVIL Y MILITAR DEL ESTADO,ADMINISTRACIÓN CIVIL Y MILITAR DEL ESTADO,183843.0,,euro,EUR,unclear,review,0.6,docx_parser,docx_table,"Parsed from table 0, row 0"
Spain,1996,pdf_d82ccd9d5dae__BOE-A-1996-29116-consolidado_para_1997.txt,0,section_total,,ADMINISTRACIÓN DE JUSTICIA,ADMINISTRACIÓN DE JUSTICIA,,ADMINISTRACIÓN DE JUSTICIA,ADMINISTRACIÓN DE JUSTICIA,1925000.0,,euro,EUR,unclear,review,0.6,docx_parser,docx_table,"Parsed from table 0, row 0"
Spain,1996,pdf_d82ccd9d5dae__BOE-A-1996-29116-consolidado_para_1997.txt,0,section_total,,BOLETÍN OFICIAL DEL ESTADO LEGISLACIÓN CONSOLIDADA,BOLETÍN OFICIAL DEL ESTADO LEGISLACIÓN CONSOLIDADA,,BOLETÍN OFICIAL DEL ESTADO LEGISLACIÓN CONSOLIDADA,BOLETÍN OFICIAL DEL ESTADO LEGISLACIÓN CONSOLIDADA,11405659.0,,euro,EUR,unclear,review,0.5,docx_parser,docx_table,"Parsed from table 0, row 0"
Spain,1996,pdf_d82ccd9d5dae__BOE-A-1996-29116-consolidado_para_1997.txt,0,section_total,,CAPÍTULO II,CAPÍTULO II,,CAPÍTULO II,CAPÍTULO II,575000.0,,euro,EUR,unclear,review,0.5,docx_parser,docx_table,"Parsed from table 0, row 0"
Spain,1996,pdf_d82ccd9d5dae__BOE-A-1996-29116-consolidado_para_1997.txt,0,section_total,,CAPÍTULO III,CAPÍTULO III,,CAPÍTULO III,CAPÍTULO III,1997000.0,,euro,EUR,unclear,review,0.5,docx_parser,docx_table,"Parsed from table 0, row 0"
Spain,1996,pdf_d82ccd9d5dae__BOE-A-1996-29116-consolidado_para_1997.txt,0,section_total,,CORTES GENERALES,CORTES GENERALES,,CORTES GENERALES,CORTES GENERALES,374734.99999999994,,euro,EUR,unclear,review,0.5,docx_parser,docx_table,"Parsed from table 0, row 0"
Spain,1996,pdf_d82ccd9d5dae__BOE-A-1996-29116-consolidado_para_1997.txt,0,section_total,,JOSÉ MARÍA AZNAR LÓPEZ,JOSÉ MARÍA AZNAR LÓPEZ,,JOSÉ MARÍA AZNAR LÓPEZ,JOSÉ MARÍA AZNAR LÓPEZ,6373963.0,,euro,EUR,unclear,review,0.5,docx_parser,docx_table,"Parsed from table 0, row 0"
Spain,1996,pdf_d82ccd9d5dae__BOE-A-1996-29116-consolidado_para_1997.txt,0,section_total,,TRIBUNAL CONSTITUCIONAL,TRIBUNAL CONSTITUCIONAL,,TRIBUNAL CONSTITUCIONAL,TRIBUNAL CONSTITUCIONAL,360398.0,,euro,EUR,unclear,review,0.5,docx_parser,docx_table,"Parsed from table 0, row 0"
Spain,1997,pdf_ac830a8ffdf7__BOE-A-1997-28052-consolidado_para_1998.txt,0,section_total,,BOLETÍN OFICIAL DEL ESTADO LEGISLACIÓN CONSOLIDADA,BOLETÍN OFICIAL DEL ESTADO LEGISLACIÓN CONSOLIDADA,,BOLETÍN OFICIAL DEL ESTADO LEGISLACIÓN CONSOLIDADA,BOLETÍN OFICIAL DEL ESTADO LEGISLACIÓN CONSOLIDADA,20107564.0,,euro,EUR,unclear,review,0.5,docx_parser,docx_table,"Parsed from table 0, row 0"
Spain,1997,pdf_ac830a8ffdf7__BOE-A-1997-28052-consolidado_para_1998.txt,0,section_total,,CAPÍTULO I,CAPÍTULO I,,CAPÍTULO I,CAPÍTULO I,17807000.0,,euro,EUR,unclear,review,0.5,docx_parser,docx_table,"Parsed from table 0, row 0"
Spain,1997,pdf_ac830a8ffdf7__BOE-A-1997-28052-consolidado_para_1998.txt,0,section_total,,CAPÍTULO II,CAPÍTULO II,,CAPÍTULO II,CAPÍTULO II,18798993000.0,,euro,EUR,unclear,review,0.5,docx_parser,docx_table,"Parsed from table 0, row 0"
Spain,1997,pdf_ac830a8ffdf7__BOE-A-1997-28052-consolidado_para_1998.txt,0,section_total,,CAPÍTULO III,CAPÍTULO III,,CAPÍTULO III,CAPÍTULO III,1998000.0,,euro,EUR,unclear,review,0.5,docx_parser,docx_table,"Parsed from table 0, row 0"
Spain,1997,pdf_ac830a8ffdf7__BOE-A-1997-28052-consolidado_para_1998.txt,0,section_total,,JOSÉ MARÍA AZNAR LÓPEZ,JOSÉ MARÍA AZNAR LÓPEZ,,JOSÉ MARÍA AZNAR LÓPEZ,JOSÉ MARÍA AZNAR LÓPEZ,909078.0,,euro,EUR,unclear,review,0.5,docx_parser,docx_table,"Parsed from table 0, row 0"
Spain,1998,pdf_eccae74df6b0__BOE-A-1998-30154-consolidado_para_1999.txt,0,section_total,,BOLETÍN OFICIAL DEL ESTADO LEGISLACIÓN CONSOLIDADA,BOLETÍN OFICIAL DEL ESTADO LEGISLACIÓN CONSOLIDADA,,BOLETÍN OFICIAL DEL ESTADO LEGISLACIÓN CONSOLIDADA,BOLETÍN OFICIAL DEL ESTADO LEGISLACIÓN CONSOLIDADA,19856159000.0,,euro,EUR,unclear,review,0.5,docx_parser,docx_table,"Parsed from table 0, row 0"
Spain,1998,pdf_eccae74df6b0__BOE-A-1998-30154-consolidado_para_1999.txt,0,section_total,,CAPÍTULO I,CAPÍTULO I,,CAPÍTULO I,CAPÍTULO I,1991000.0,,euro,EUR,unclear,review,0.5,docx_parser,docx_table,"Parsed from table 0, row 0"
Spain,1998,pdf_eccae74df6b0__BOE-A-1998-30154-consolidado_para_1999.txt,0,section_total,,CAPÍTULO II,CAPÍTULO II,,CAPÍTULO II,CAPÍTULO II,18590961000.0,,euro,EUR,unclear,review,0.5,docx_parser,docx_table,"Parsed from table 0, row 0"
Spain,1999,pdf_40240c209d25__BOE-A-1999-24785-consolidado_para_2000.txt,0,section_total,,BOLETÍN OFICIAL DEL ESTADO LEGISLACIÓN CONSOLIDADA,BOLETÍN OFICIAL DEL ESTADO LEGISLACIÓN CONSOLIDADA,,BOLETÍN OFICIAL DEL ESTADO LEGISLACIÓN CONSOLIDADA,BOLETÍN OFICIAL DEL ESTADO LEGISLACIÓN CONSOLIDADA,14450000.0,,euro,EUR,unclear,review,0.5,docx_parser,docx_table,"Parsed from table 0, row 0"
Spain,1999,pdf_40240c209d25__BOE-A-1999-24785-consolidado_para_2000.txt,0,section_total,,CAPÍTULO I,CAPÍTULO I,,CAPÍTULO I,CAPÍTULO I,3177000.0,,euro,EUR,unclear,review,0.5,docx_parser,docx_table,"Parsed from table 0, row 0"
Spain,1999,pdf_40240c209d25__BOE-A-1999-24785-consolidado_para_2000.txt,0,section_total,,JOSÉ MARÍA AZNAR LÓPEZ,JOSÉ MARÍA AZNAR LÓPEZ,,JOSÉ MARÍA AZNAR LÓPEZ,JOSÉ MARÍA AZNAR LÓPEZ,5639126.0,,euro,EUR,unclear,review,0.5,docx_parser,docx_table,"Parsed from table 0, row 0"
Spain,2000,pdf_454a1cecf608__BOE-A-2000-24265-consolidado_para_2001.txt,0,section_total,,BOLETÍN OFICIAL DEL ESTADO LEGISLACIÓN CONSOLIDADA,BOLETÍN OFICIAL DEL ESTADO LEGISLACIÓN CONSOLIDADA,,BOLETÍN OFICIAL DEL ESTADO LEGISLACIÓN CONSOLIDADA,BOLETÍN OFICIAL DEL ESTADO LEGISLACIÓN CONSOLIDADA,70103175468.02998,,euro,EUR,unclear,review,0.5,docx_parser,docx_table,"Parsed from table 0, row 0"
Spain,2000,pdf_454a1cecf608__BOE-A-2000-24265-consolidado_para_2001.txt,0,section_total,,C1 C2 C3 C4,C1 C2 C3 C4,,C1 C2 C3 C4,C1 C2 C3 C4,2815000.0,,euro,EUR,unclear,review,0.5,docx_parser,docx_table,"Parsed from table 0, row 0"
Spain,2000,pdf_454a1cecf608__BOE-A-2000-24265-consolidado_para_2001.txt,0,section_total,,CAPÍTULO I,CAPÍTULO I,,CAPÍTULO I,CAPÍTULO I,1215677.17,,euro,EUR,unclear,review,0.5,docx_parser,docx_table,"Parsed from table 0, row 0"
Spain,2000,pdf_454a1cecf608__BOE-A-2000-24265-consolidado_para_2001.txt,0,section_total,,CAPÍTULO III,CAPÍTULO III,,CAPÍTULO III,CAPÍTULO III,2001000.0,,euro,EUR,unclear,review,0.5,docx_parser,docx_table,"Parsed from table 0, row 0"
Spain,2000,pdf_454a1cecf608__BOE-A-2000-24265-consolidado_para_2001.txt,0,section_total,,JOSÉ MARÍA AZNAR LÓPEZ,JOSÉ MARÍA AZNAR LÓPEZ,,JOSÉ MARÍA AZNAR LÓPEZ,JOSÉ MARÍA AZNAR LÓPEZ,3414995.9999999995,,euro,EUR,unclear,review,0.5,docx_parser,docx_table,"Parsed from table 0, row 0"
Spain,2000,pdf_454a1cecf608__BOE-A-2000-24265-consolidado_para_2001.txt,0,section_total,,UNED . . . . . . . . . . . . . . . . . . .,UNED . . . . . . . . . . . . . . . . . . .,,UNED . . . . . . . . . . . . . . . . . . .,UNED . . . . . . . . . . . . . . . . . . .,34516.13,,euro,EUR,unclear,review,0.5,docx_parser,docx_table,"Parsed from table 0, row 0"
Spain,2001,pdf_672a3f976fee__BOE-A-2001-24964-consolidado_para_2002.txt,0,section_total,,BOLETÍN OFICIAL DEL ESTADO LEGISLACIÓN CONSOLIDADA,BOLETÍN OFICIAL DEL ESTADO LEGISLACIÓN CONSOLIDADA,,BOLETÍN OFICIAL DEL ESTADO LEGISLACIÓN CONSOLIDADA,BOLETÍN OFICIAL DEL ESTADO LEGISLACIÓN CONSOLIDADA,366631000.0,,euro,EUR,unclear,review,0.5,docx_parser,docx_table,"Parsed from table 0, row 0"
Spain,2001,pdf_672a3f976fee__BOE-A-2001-24964-consolidado_para_2002.txt,0,section_total,,C1 C2 C3 C4,C1 C2 C3 C4,,C1 C2 C3 C4,C1 C2 C3 C4,7477000.0,,euro,EUR,unclear,review,0.5,docx_parser,docx_table,"Parsed from table 0, row 0"
Spain,2001,pdf_672a3f976fee__BOE-A-2001-24964-consolidado_para_2002.txt,0,section_total,,C1 C2 C3 C4 C5,C1 C2 C3 C4 C5,,C1 C2 C3 C4 C5,C1 C2 C3 C4 C5,132000.0,,euro,EUR,unclear,review,0.5,docx_parser,docx_table,"Parsed from table 0, row 0"
Spain,2001,pdf_672a3f976fee__BOE-A-2001-24964-consolidado_para_2002.txt,0,section_total,,CAPÍTULO I,CAPÍTULO I,,CAPÍTULO I,CAPÍTULO I,1307295.29,,euro,EUR,unclear,review,0.5,docx_parser,docx_table,"Parsed from table 0, row 0"
Spain,2001,pdf_672a3f976fee__BOE-A-2001-24964-consolidado_para_2002.txt,0,section_total,,CAPÍTULO III,CAPÍTULO III,,CAPÍTULO III,CAPÍTULO III,2002000.0,,euro,EUR,unclear,review,0.5,docx_parser,docx_table,"Parsed from table 0, row 0"
Spain,2001,pdf_672a3f976fee__BOE-A-2001-24964-consolidado_para_2002.txt,0,section_total,,JOSE MARIA AZNAR LOPEZ,JOSE MARIA AZNAR LOPEZ,,JOSE MARIA AZNAR LOPEZ,JOSE MARIA AZNAR LOPEZ,104594079.02,,euro,EUR,unclear,review,0.5,docx_parser,docx_table,"Parsed from table 0, row 0"
Spain,2002,pdf_38a93e60b916__BOE-A-2002-25411-consolidado_para_2003.txt,0,section_total,,BOLETÍN OFICIAL DEL ESTADO LEGISLACIÓN CONSOLIDADA,BOLETÍN OFICIAL DEL ESTADO LEGISLACIÓN CONSOLIDADA,,BOLETÍN OFICIAL DEL ESTADO LEGISLACIÓN CONSOLIDADA,BOLETÍN OFICIAL DEL ESTADO LEGISLACIÓN CONSOLIDADA,6685779721.849998,,euro,EUR,unclear,review,0.5,docx_parser,docx_table,"Parsed from table 0, row 0"
Spain,2002,pdf_38a93e60b916__BOE-A-2002-25411-consolidado_para_2003.txt,0,section_total,,C1 C2 C3 C4,C1 C2 C3 C4,,C1 C2 C3 C4,C1 C2 C3 C4,7140000.0,,euro,EUR,unclear,review,0.5,docx_parser,docx_table,"Parsed from table 0, row 0"
Spain,2002,pdf_38a93e60b916__BOE-A-2002-25411-consolidado_para_2003.txt,0,section_total,,CAPÍTULO I,CAPÍTULO I,,CAPÍTULO I,CAPÍTULO I,54531000.0,,euro,EUR,unclear,review,0.5,docx_parser,docx_table,"Parsed from table 0, row 0"
Spain,2002,pdf_38a93e60b916__BOE-A-2002-25411-consolidado_para_2003.txt,0,section_total,,CAPÍTULO II,CAPÍTULO II,,CAPÍTULO II,CAPÍTULO II,64428754.9,,euro,EUR,unclear,review,0.5,docx_parser,docx_table,"Parsed from table 0, row 0"
Spain,2002,pdf_38a93e60b916__BOE-A-2002-25411-consolidado_para_2003.txt,0,section_total,,CAPÍTULO III,CAPÍTULO III,,CAPÍTULO III,CAPÍTULO III,2003000.0,,euro,EUR,unclear,review,0.5,docx_parser,docx_table,"Parsed from table 0, row 0"
Spain,2002,pdf_38a93e60b916__BOE-A-2002-25411-consolidado_para_2003.txt,0,section_total,,EDUCACIÓN INFANTIL,EDUCACIÓN INFANTIL,,EDUCACIÓN INFANTIL,EDUCACIÓN INFANTIL,38940.1,,euro,EUR,direct_rd,include,0.9,docx_parser,docx_table,"Parsed from table 0, row 0"
Spain,2002,pdf_38a93e60b916__BOE-A-2002-25411-consolidado_para_2003.txt,0,section_total,,EDUCACIÓN PRIMARIA,EDUCACIÓN PRIMARIA,,EDUCACIÓN PRIMARIA,EDUCACIÓN PRIMARIA,43547.85,,euro,EUR,unclear,review,0.6,docx_parser,docx_table,"Parsed from table 0, row 0"
Spain,2002,pdf_38a93e60b916__BOE-A-2002-25411-consolidado_para_2003.txt,0,section_total,,EDUCACIÓN SECUNDARIA OBLIGATORIA,EDUCACIÓN SECUNDARIA OBLIGATORIA,,EDUCACIÓN SECUNDARIA OBLIGATORIA,EDUCACIÓN SECUNDARIA OBLIGATORIA,58863.29,,euro,EUR,unclear,review,0.6,docx_parser,docx_table,"Parsed from table 0, row 0"
Spain,2002,pdf_38a93e60b916__BOE-A-2002-25411-consolidado_para_2003.txt,0,section_total,,JOSÉ MARÍA AZNAR LÓPEZ,JOSÉ MARÍA AZNAR LÓPEZ,,JOSÉ MARÍA AZNAR LÓPEZ,JOSÉ MARÍA AZNAR LÓPEZ,611463399.0100001,,euro,EUR,unclear,review,0.5,docx_parser,docx_table,"Parsed from table 0, row 0"
Spain,2003,pdf_f8334353fbb3__BOE-A-2003-21614-consolidado-para_2004.txt,0,section_total,,BOLETÍN OFICIAL DEL ESTADO LEGISLACIÓN CONSOLIDADA,BOLETÍN OFICIAL DEL ESTADO LEGISLACIÓN CONSOLIDADA,,BOLETÍN OFICIAL DEL ESTADO LEGISLACIÓN CONSOLIDADA,BOLETÍN OFICIAL DEL ESTADO LEGISLACIÓN CONSOLIDADA,2005000.0,,euro,EUR,unclear,review,0.5,docx_parser,docx_table,"Parsed from table 0, row 0"
Spain,2004,pdf_0e1ae27d7fee__BOE-A-2004-21688-consolidado_para_2005.txt,0,section_total,,BOLETÍN OFICIAL DEL ESTADO LEGISLACIÓN CONSOLIDADA,BOLETÍN OFICIAL DEL ESTADO LEGISLACIÓN CONSOLIDADA,,BOLETÍN OFICIAL DEL ESTADO LEGISLACIÓN CONSOLIDADA,BOLETÍN OFICIAL DEL ESTADO LEGISLACIÓN CONSOLIDADA,1103132000.0,,euro,EUR,unclear,review,0.5,docx_parser,docx_table,"Parsed from table 0, row 0"
Spain,2004,pdf_0e1ae27d7fee__BOE-A-2004-21688-consolidado_para_2005.txt,0,section_total,,C1 C2 C3 C4,C1 C2 C3 C4,,C1 C2 C3 C4,C1 C2 C3 C4,8592000.0,,euro,EUR,unclear,review,0.5,docx_parser,docx_table,"Parsed from table 0, row 0"
Spain,2004,pdf_0e1ae27d7fee__BOE-A-2004-21688-consolidado_para_2005.txt,0,section_total,,CAPÍTULO I,CAPÍTULO I,,CAPÍTULO I,CAPÍTULO I,66933000.0,,euro,EUR,unclear,review,0.5,docx_parser,docx_table,"Parsed from table 0, row 0"
Spain,2004,pdf_0e1ae27d7fee__BOE-A-2004-21688-consolidado_para_2005.txt,0,section_total,,CAPÍTULO II,CAPÍTULO II,,CAPÍTULO II,CAPÍTULO II,12833000.0,,euro,EUR,unclear,review,0.5,docx_parser,docx_table,"Parsed from table 0, row 0"
Spain,2004,pdf_0e1ae27d7fee__BOE-A-2004-21688-consolidado_para_2005.txt,0,section_total,,DOTACIONES,DOTACIONES,,DOTACIONES,DOTACIONES,242435567.75000003,,euro,EUR,unclear,review,0.5,docx_parser,docx_table,"Parsed from table 0, row 0"
Spain,2004,pdf_0e1ae27d7fee__BOE-A-2004-21688-consolidado_para_2005.txt,0,section_total,,EDUCACIÓN INFANTIL,EDUCACIÓN INFANTIL,,EDUCACIÓN INFANTIL,EDUCACIÓN INFANTIL,42436.02,,euro,EUR,direct_rd,include,0.9,docx_parser,docx_table,"Parsed from table 0, row 0"
Spain,2004,pdf_0e1ae27d7fee__BOE-A-2004-21688-consolidado_para_2005.txt,0,section_total,,EDUCACIÓN PRIMARIA,EDUCACIÓN PRIMARIA,,EDUCACIÓN PRIMARIA,EDUCACIÓN PRIMARIA,346116021.26,,euro,EUR,unclear,review,0.6,docx_parser,docx_table,"Parsed from table 0, row 0"
Spain,2004,pdf_0e1ae27d7fee__BOE-A-2004-21688-consolidado_para_2005.txt,0,section_total,,EDUCACIÓN SECUNDARIA OBLIGATORIA,EDUCACIÓN SECUNDARIA OBLIGATORIA,,EDUCACIÓN SECUNDARIA OBLIGATORIA,EDUCACIÓN SECUNDARIA OBLIGATORIA,68319.92,,euro,EUR,unclear,review,0.6,docx_parser,docx_table,"Parsed from table 0, row 0"
Spain,2004,pdf_0e1ae27d7fee__BOE-A-2004-21688-consolidado_para_2005.txt,0,section_total,,R.D. 1909/2000,R.D. 1909/2000,,R.D. 1909/2000,R.D. 1909/2000,678525000.0,,euro,EUR,unclear,review,0.5,docx_parser,docx_table,"Parsed from table 0, row 0"
Spain,2004,pdf_0e1ae27d7fee__BOE-A-2004-21688-consolidado_para_2005.txt,0,section_total,,R.D.1130/2003,R.D.1130/2003,,R.D.1130/2003,R.D.1130/2003,222700000.0,,euro,EUR,unclear,review,0.5,docx_parser,docx_table,"Parsed from table 0, row 0"
Spain,2005,pdf_284ad7c64b38__BOE-A-2005-21525-consolidado_para_2006.txt,0,section_total,,BACHILLERATO,BACHILLERATO,,BACHILLERATO,BACHILLERATO,52628.48,,euro,EUR,unclear,review,0.5,docx_parser,docx_table,"Parsed from table 0, row 0"
Spain,2005,pdf_284ad7c64b38__BOE-A-2005-21525-consolidado_para_2006.txt,0,section_total,,BOLETÍN OFICIAL DEL ESTADO LEGISLACIÓN CONSOLIDADA,BOLETÍN OFICIAL DEL ESTADO LEGISLACIÓN CONSOLIDADA,,BOLETÍN OFICIAL DEL ESTADO LEGISLACIÓN CONSOLIDADA,BOLETÍN OFICIAL DEL ESTADO LEGISLACIÓN CONSOLIDADA,3579934202.7599998,,euro,EUR,unclear,review,0.5,docx_parser,docx_table,"Parsed from table 0, row 0"
Spain,2005,pdf_284ad7c64b38__BOE-A-2005-21525-consolidado_para_2006.txt,0,section_total,,C1 C2 C3 C4,C1 C2 C3 C4,,C1 C2 C3 C4,C1 C2 C3 C4,1839000.0,,euro,EUR,unclear,review,0.5,docx_parser,docx_table,"Parsed from table 0, row 0"
Spain,2005,pdf_284ad7c64b38__BOE-A-2005-21525-consolidado_para_2006.txt,0,section_total,,CAPÍTULO I,CAPÍTULO I,,CAPÍTULO I,CAPÍTULO I,78272000.0,,euro,EUR,unclear,review,0.5,docx_parser,docx_table,"Parsed from table 0, row 0"
Spain,2005,pdf_284ad7c64b38__BOE-A-2005-21525-consolidado_para_2006.txt,0,section_total,,CAPÍTULO III,CAPÍTULO III,,CAPÍTULO III,CAPÍTULO III,2006000.0,,euro,EUR,unclear,review,0.5,docx_parser,docx_table,"Parsed from table 0, row 0"
Spain,2005,pdf_284ad7c64b38__BOE-A-2005-21525-consolidado_para_2006.txt,0,section_total,,CICLOS FORMATIVOS,CICLOS FORMATIVOS,,CICLOS FORMATIVOS,CICLOS FORMATIVOS,177172.16000000003,,euro,EUR,unclear,review,0.5,docx_parser,docx_table,"Parsed from table 0, row 0"
Spain,2005,pdf_284ad7c64b38__BOE-A-2005-21525-consolidado_para_2006.txt,0,section_total,,EDUCACIÓN ESPECIAL *,EDUCACIÓN ESPECIAL *,,EDUCACIÓN ESPECIAL *,EDUCACIÓN ESPECIAL *,32025.0,,euro,EUR,unclear,review,0.6,docx_parser,docx_table,"Parsed from table 0, row 0"
Spain,2005,pdf_284ad7c64b38__BOE-A-2005-21525-consolidado_para_2006.txt,0,section_total,,EDUCACIÓN INFANTIL,EDUCACIÓN INFANTIL,,EDUCACIÓN INFANTIL,EDUCACIÓN INFANTIL,3580.11,,euro,EUR,direct_rd,include,0.9,docx_parser,docx_table,"Parsed from table 0, row 0"
Spain,2005,pdf_284ad7c64b38__BOE-A-2005-21525-consolidado_para_2006.txt,0,section_total,,EDUCACIÓN INFANTIL Y PRIMARIA,EDUCACIÓN INFANTIL Y PRIMARIA,,EDUCACIÓN INFANTIL Y PRIMARIA,EDUCACIÓN INFANTIL Y PRIMARIA,31667.38,,euro,EUR,unclear,review,0.6,docx_parser,docx_table,"Parsed from table 0, row 0"
Spain,2005,pdf_284ad7c64b38__BOE-A-2005-21525-consolidado_para_2006.txt,0,section_total,,EDUCACIÓN PRIMARIA,EDUCACIÓN PRIMARIA,,EDUCACIÓN PRIMARIA,EDUCACIÓN PRIMARIA,3580.11,,euro,EUR,unclear,review,0.6,docx_parser,docx_table,"Parsed from table 0, row 0"
Spain,2005,pdf_284ad7c64b38__BOE-A-2005-21525-consolidado_para_2006.txt,0,section_total,,EDUCACIÓN SECUNDARIA OBLIGATORIA,EDUCACIÓN SECUNDARIA OBLIGATORIA,,EDUCACIÓN SECUNDARIA OBLIGATORIA,EDUCACIÓN SECUNDARIA OBLIGATORIA,38537.259999999995,,euro,EUR,unclear,review,0.6,docx_parser,docx_table,"Parsed from table 0, row 0"
Spain,2005,pdf_284ad7c64b38__BOE-A-2005-21525-consolidado_para_2006.txt,0,section_total,,IMPORTE TOTAL ANUAL,IMPORTE TOTAL ANUAL,,IMPORTE TOTAL ANUAL,IMPORTE TOTAL ANUAL,126520.79000000001,,euro,EUR,unclear,review,0.5,docx_parser,docx_table,"Parsed from table 0, row 0"
Spain,2005,pdf_284ad7c64b38__BOE-A-2005-21525-consolidado_para_2006.txt,0,section_total,,JOSÉ LUIS RODRÍGUEZ ZAPATERO,JOSÉ LUIS RODRÍGUEZ ZAPATERO,,JOSÉ LUIS RODRÍGUEZ ZAPATERO,JOSÉ LUIS RODRÍGUEZ ZAPATERO,7358155.78,,euro,EUR,unclear,review,0.5,docx_parser,docx_table,"Parsed from table 0, row 0"
Spain,2005,pdf_284ad7c64b38__BOE-A-2005-21525-consolidado_para_2006.txt,0,section_total,,PROGRAMAS DE GARANTÍA SOCIAL,PROGRAMAS DE GARANTÍA SOCIAL,,PROGRAMAS DE GARANTÍA SOCIAL,PROGRAMAS DE GARANTÍA SOCIAL,53723.240000000005,,euro,EUR,direct_rd,include,0.9,docx_parser,docx_table,"Parsed from table 0, row 0"
Spain,2005,pdf_284ad7c64b38__BOE-A-2005-21525-consolidado_para_2006.txt,0,section_total,,R.D. 1909/2000,R.D. 1909/2000,,R.D. 1909/2000,R.D. 1909/2000,1709630000.0,,euro,EUR,unclear,review,0.5,docx_parser,docx_table,"Parsed from table 0, row 0"
Spain,2006,pdf_44355390fa43__BOE-A-2006-22865-consolidado_para_2007.txt,0,section_total,,BOLETÍN OFICIAL DEL ESTADO LEGISLACIÓN CONSOLIDADA,BOLETÍN OFICIAL DEL ESTADO LEGISLACIÓN CONSOLIDADA,,BOLETÍN OFICIAL DEL ESTADO LEGISLACIÓN CONSOLIDADA,BOLETÍN OFICIAL DEL ESTADO LEGISLACIÓN CONSOLIDADA,1507718000.0,,euro,EUR,unclear,review,0.5,docx_parser,docx_table,"Parsed from table 0, row 0"
Spain,2006,pdf_44355390fa43__BOE-A-2006-22865-consolidado_para_2007.txt,0,section_total,,C1 C2 C3 C4,C1 C2 C3 C4,,C1 C2 C3 C4,C1 C2 C3 C4,76438000.0,,euro,EUR,unclear,review,0.5,docx_parser,docx_table,"Parsed from table 0, row 0"
Spain,2006,pdf_44355390fa43__BOE-A-2006-22865-consolidado_para_2007.txt,0,section_total,,JOSÉ LUIS RODRÍGUEZ ZAPATERO,JOSÉ LUIS RODRÍGUEZ ZAPATERO,,JOSÉ LUIS RODRÍGUEZ ZAPATERO,JOSÉ LUIS RODRÍGUEZ ZAPATERO,40370027.12,,euro,EUR,unclear,review,0.5,docx_parser,docx_table,"Parsed from table 0, row 0"
Spain,2007,pdf_d6123d9c01b4__BOE-A-2007-22295-consolidado_para_2008.txt,0,section_total,,ANEXO XVII,ANEXO XVII,,ANEXO XVII,ANEXO XVII,58202597.690000005,,euro,EUR,unclear,review,0.5,docx_parser,docx_table,"Parsed from table 0, row 0"
Spain,2007,pdf_d6123d9c01b4__BOE-A-2007-22295-consolidado_para_2008.txt,0,section_total,,ANEXO XVIII,ANEXO XVIII,,ANEXO XVIII,ANEXO XVIII,871000.0,,euro,EUR,unclear,review,0.5,docx_parser,docx_table,"Parsed from table 0, row 0"
Spain,2007,pdf_d6123d9c01b4__BOE-A-2007-22295-consolidado_para_2008.txt,0,section_total,,BOLETÍN OFICIAL DEL ESTADO LEGISLACIÓN CONSOLIDADA,BOLETÍN OFICIAL DEL ESTADO LEGISLACIÓN CONSOLIDADA,,BOLETÍN OFICIAL DEL ESTADO LEGISLACIÓN CONSOLIDADA,BOLETÍN OFICIAL DEL ESTADO LEGISLACIÓN CONSOLIDADA,1602484000.0,,euro,EUR,unclear,review,0.5,docx_parser,docx_table,"Parsed from table 0, row 0"
Spain,2007,pdf_d6123d9c01b4__BOE-A-2007-22295-consolidado_para_2008.txt,0,section_total,,C1 C2 C3 C4,C1 C2 C3 C4,,C1 C2 C3 C4,C1 C2 C3 C4,768660000.0,,euro,EUR,unclear,review,0.5,docx_parser,docx_table,"Parsed from table 0, row 0"
Spain,2007,pdf_d6123d9c01b4__BOE-A-2007-22295-consolidado_para_2008.txt,0,section_total,,CAPÍTULO I,CAPÍTULO I,,CAPÍTULO I,CAPÍTULO I,91433000.0,,euro,EUR,unclear,review,0.5,docx_parser,docx_table,"Parsed from table 0, row 0"
Spain,2007,pdf_d6123d9c01b4__BOE-A-2007-22295-consolidado_para_2008.txt,0,section_total,,CAPÍTULO II,CAPÍTULO II,,CAPÍTULO II,CAPÍTULO II,30699000.0,,euro,EUR,unclear,review,0.5,docx_parser,docx_table,"Parsed from table 0, row 0"
Spain,2007,pdf_d6123d9c01b4__BOE-A-2007-22295-consolidado_para_2008.txt,0,section_total,,CAPÍTULO III,CAPÍTULO III,,CAPÍTULO III,CAPÍTULO III,2008000.0,,euro,EUR,unclear,review,0.5,docx_parser,docx_table,"Parsed from table 0, row 0"
Spain,2007,pdf_d6123d9c01b4__BOE-A-2007-22295-consolidado_para_2008.txt,0,section_total,,GRUPO DE POBLACIÓN 1,GRUPO DE POBLACIÓN 1,,GRUPO DE POBLACIÓN 1,GRUPO DE POBLACIÓN 1,359241.96000000014,,euro,EUR,unclear,review,0.5,docx_parser,docx_table,"Parsed from table 0, row 0"
Spain,2007,pdf_d6123d9c01b4__BOE-A-2007-22295-consolidado_para_2008.txt,0,section_total,,GRUPO DE POBLACIÓN 2,GRUPO DE POBLACIÓN 2,,GRUPO DE POBLACIÓN 2,GRUPO DE POBLACIÓN 2,143570.76,,euro,EUR,unclear,review,0.5,docx_parser,docx_table,"Parsed from table 0, row 0"
Spain,2007,pdf_d6123d9c01b4__BOE-A-2007-22295-consolidado_para_2008.txt,0,section_total,,GRUPO DE POBLACIÓN 3,GRUPO DE POBLACIÓN 3,,GRUPO DE POBLACIÓN 3,GRUPO DE POBLACIÓN 3,136916.99999999997,,euro,EUR,unclear,review,0.5,docx_parser,docx_table,"Parsed from table 0, row 0"
Spain,2007,pdf_d6123d9c01b4__BOE-A-2007-22295-consolidado_para_2008.txt,0,section_total,,GRUPO DE POBLACIÓN 4,GRUPO DE POBLACIÓN 4,,GRUPO DE POBLACIÓN 4,GRUPO DE POBLACIÓN 4,69558.84,,euro,EUR,unclear,review,0.5,docx_parser,docx_table,"Parsed from table 0, row 0"
Spain,2007,pdf_d6123d9c01b4__BOE-A-2007-22295-consolidado_para_2008.txt,0,section_total,,GRUPO DE POBLACIÓN 5,GRUPO DE POBLACIÓN 5,,GRUPO DE POBLACIÓN 5,GRUPO DE POBLACIÓN 5,45372.479999999996,,euro,EUR,unclear,review,0.5,docx_parser,docx_table,"Parsed from table 0, row 0"
Spain,2007,pdf_d6123d9c01b4__BOE-A-2007-22295-consolidado_para_2008.txt,0,section_total,,JOSÉ LUIS RODRÍGUEZ ZAPATERO ANEXO I (ARTÍCULO 2.UNO),JOSÉ LUIS RODRÍGUEZ ZAPATERO ANEXO I (ARTÍCULO 2.UNO),,JOSÉ LUIS RODRÍGUEZ ZAPATERO ANEXO I (ARTÍCULO 2.UNO),JOSÉ LUIS RODRÍGUEZ ZAPATERO ANEXO I (ARTÍCULO 2.UNO),3957783.6600000006,,euro,EUR,unclear,review,0.5,docx_parser,docx_table,"Parsed from table 0, row 0"
Spain,2007,pdf_d6123d9c01b4__BOE-A-2007-22295-consolidado_para_2008.txt,0,section_total,,PROFESIONALES,PROFESIONALES,,PROFESIONALES,PROFESIONALES,19090000.0,,euro,EUR,unclear,review,0.5,docx_parser,docx_table,"Parsed from table 0, row 0"
Spain,2008,pdf_7c9137e75f77__BOE-A-2008-20744-consolidado_para_2009.txt,0,section_total,,ANEXO XVII,ANEXO XVII,,ANEXO XVII,ANEXO XVII,29000.0,,euro,EUR,unclear,review,0.5,docx_parser,docx_table,"Parsed from table 0, row 0"
Spain,2008,pdf_7c9137e75f77__BOE-A-2008-20744-consolidado_para_2009.txt,0,section_total,,BOLETÍN OFICIAL DEL ESTADO LEGISLACIÓN CONSOLIDADA,BOLETÍN OFICIAL DEL ESTADO LEGISLACIÓN CONSOLIDADA,,BOLETÍN OFICIAL DEL ESTADO LEGISLACIÓN CONSOLIDADA,BOLETÍN OFICIAL DEL ESTADO LEGISLACIÓN CONSOLIDADA,971043221.8199999,,euro,EUR,unclear,review,0.5,docx_parser,docx_table,"Parsed from table 0, row 0"
Spain,2008,pdf_7c9137e75f77__BOE-A-2008-20744-consolidado_para_2009.txt,0,section_total,,C1 C2 C3 C4,C1 C2 C3 C4,,C1 C2 C3 C4,C1 C2 C3 C4,198591000.0,,euro,EUR,unclear,review,0.5,docx_parser,docx_table,"Parsed from table 0, row 0"
Spain,2008,pdf_7c9137e75f77__BOE-A-2008-20744-consolidado_para_2009.txt,0,section_total,,CAPÍTULO I,CAPÍTULO I,,CAPÍTULO I,CAPÍTULO I,93260000.0,,euro,EUR,unclear,review,0.5,docx_parser,docx_table,"Parsed from table 0, row 0"
Spain,2008,pdf_7c9137e75f77__BOE-A-2008-20744-consolidado_para_2009.txt,0,section_total,,CAPÍTULO II,CAPÍTULO II,,CAPÍTULO II,CAPÍTULO II,24200.0,,euro,EUR,unclear,review,0.5,docx_parser,docx_table,"Parsed from table 0, row 0"
Spain,2008,pdf_7c9137e75f77__BOE-A-2008-20744-consolidado_para_2009.txt,0,section_total,,CAPÍTULO III,CAPÍTULO III,,CAPÍTULO III,CAPÍTULO III,2009000.0,,euro,EUR,unclear,review,0.5,docx_parser,docx_table,"Parsed from table 0, row 0"
Spain,2008,pdf_7c9137e75f77__BOE-A-2008-20744-consolidado_para_2009.txt,0,section_total,,CNAF UN 111,CNAF UN 111,,CNAF UN 111,CNAF UN 111,125000.0,,euro,EUR,unclear,review,0.5,docx_parser,docx_table,"Parsed from table 0, row 0"
Spain,2008,pdf_7c9137e75f77__BOE-A-2008-20744-consolidado_para_2009.txt,0,section_total,,"CNAF UN 126 1,12","CNAF UN 126 1,12",,"CNAF UN 126 1,12","CNAF UN 126 1,12",2476000.0,,euro,EUR,unclear,review,0.5,docx_parser,docx_table,"Parsed from table 0, row 0"
Spain,2008,pdf_7c9137e75f77__BOE-A-2008-20744-consolidado_para_2009.txt,0,section_total,,CNAF UN 24,CNAF UN 24,,CNAF UN 24,CNAF UN 24,13000.0,,euro,EUR,unclear,review,0.5,docx_parser,docx_table,"Parsed from table 0, row 0"
Spain,2008,pdf_7c9137e75f77__BOE-A-2008-20744-consolidado_para_2009.txt,0,section_total,,CNAF UN 47,CNAF UN 47,,CNAF UN 47,CNAF UN 47,115000.0,,euro,EUR,unclear,review,0.5,docx_parser,docx_table,"Parsed from table 0, row 0"
Spain,2008,pdf_7c9137e75f77__BOE-A-2008-20744-consolidado_para_2009.txt,0,section_total,,CNAF UN 88,CNAF UN 88,,CNAF UN 88,CNAF UN 88,230000.0,,euro,EUR,unclear,review,0.5,docx_parser,docx_table,"Parsed from table 0, row 0"
Spain,2008,pdf_7c9137e75f77__BOE-A-2008-20744-consolidado_para_2009.txt,0,section_total,,"III 521,77","III 521,77",,"III 521,77","III 521,77",52177000.0,,euro,EUR,unclear,review,0.5,docx_parser,docx_table,"Parsed from table 0, row 0"
Spain,2008,pdf_7c9137e75f77__BOE-A-2008-20744-consolidado_para_2009.txt,0,section_total,,JOSÉ LUIS RODRÍGUEZ ZAPATERO,JOSÉ LUIS RODRÍGUEZ ZAPATERO,,JOSÉ LUIS RODRÍGUEZ ZAPATERO,JOSÉ LUIS RODRÍGUEZ ZAPATERO,9069847.430000002,,euro,EUR,unclear,review,0.5,docx_parser,docx_table,"Parsed from table 0, row 0"
Spain,2008,pdf_7c9137e75f77__BOE-A-2008-20744-consolidado_para_2009.txt,0,section_total,,R.D.1909/2000,R.D.1909/2000,,R.D.1909/2000,R.D.1909/2000,818327000.0,,euro,EUR,unclear,review,0.5,docx_parser,docx_table,"Parsed from table 0, row 0"
Spain,2008,pdf_7c9137e75f77__BOE-A-2008-20744-consolidado_para_2009.txt,0,section_total,,TARIFA PARA LA COTIZACIÓN POR ACCIDENTES DE TRABAJO Y ENFERMEDADES PROFESIONALES,TARIFA PARA LA COTIZACIÓN POR ACCIDENTES DE TRABAJO Y ENFERMEDADES PROFESIONALES,,TARIFA PARA LA COTIZACIÓN POR ACCIDENTES DE TRABAJO Y ENFERMEDADES PROFESIONALES,TARIFA PARA LA COTIZACIÓN POR ACCIDENTES DE TRABAJO Y ENFERMEDADES PROFESIONALES,6985000.0,,euro,EUR,unclear,review,0.5,docx_parser,docx_table,"Parsed from table 0, row 0"
Spain,2009,pdf_671f62272acf__BOE-A-2009-20765-consolidado_para_2010.txt,0,section_total,,ANEXO X.BIS,ANEXO X.BIS,,ANEXO X.BIS,ANEXO X.BIS,36140.18000000001,,euro,EUR,unclear,review,0.5,docx_parser,docx_table,"Parsed from table 0, row 0"
Spain,2009,pdf_671f62272acf__BOE-A-2009-20765-consolidado_para_2010.txt,0,section_total,,APROBADO POR EL PLENO,APROBADO POR EL PLENO,,APROBADO POR EL PLENO,APROBADO POR EL PLENO,1376901.0999999999,,euro,EUR,unclear,review,0.5,docx_parser,docx_table,"Parsed from table 0, row 0"
Spain,2009,pdf_671f62272acf__BOE-A-2009-20765-consolidado_para_2010.txt,0,section_total,,BACHILLERATO.,BACHILLERATO.,,BACHILLERATO.,BACHILLERATO.,10696.77,,euro,EUR,unclear,review,0.5,docx_parser,docx_table,"Parsed from table 0, row 0"
Spain,2009,pdf_671f62272acf__BOE-A-2009-20765-consolidado_para_2010.txt,0,section_total,,BOLETÍN OFICIAL DEL ESTADO LEGISLACIÓN CONSOLIDADA,BOLETÍN OFICIAL DEL ESTADO LEGISLACIÓN CONSOLIDADA,,BOLETÍN OFICIAL DEL ESTADO LEGISLACIÓN CONSOLIDADA,BOLETÍN OFICIAL DEL ESTADO LEGISLACIÓN CONSOLIDADA,1055280700.0000002,,euro,EUR,unclear,review,0.5,docx_parser,docx_table,"Parsed from table 0, row 0"
Spain,2009,pdf_671f62272acf__BOE-A-2009-20765-consolidado_para_2010.txt,0,section_total,,C1 C2 C3 C4,C1 C2 C3 C4,,C1 C2 C3 C4,C1 C2 C3 C4,198591000.0,,euro,EUR,unclear,review,0.5,docx_parser,docx_table,"Parsed from table 0, row 0"
Spain,2009,pdf_671f62272acf__BOE-A-2009-20765-consolidado_para_2010.txt,0,section_total,,CAPÍTULO I,CAPÍTULO I,,CAPÍTULO I,CAPÍTULO I,104193000.0,,euro,EUR,unclear,review,0.5,docx_parser,docx_table,"Parsed from table 0, row 0"
Spain,2009,pdf_671f62272acf__BOE-A-2009-20765-consolidado_para_2010.txt,0,section_total,,CAPÍTULO III,CAPÍTULO III,,CAPÍTULO III,CAPÍTULO III,2010000.0,,euro,EUR,unclear,review,0.5,docx_parser,docx_table,"Parsed from table 0, row 0"
Spain,2009,pdf_671f62272acf__BOE-A-2009-20765-consolidado_para_2010.txt,0,section_total,,CICLOS FORMATIVOS.,CICLOS FORMATIVOS.,,CICLOS FORMATIVOS.,CICLOS FORMATIVOS.,151212.59,,euro,EUR,unclear,review,0.5,docx_parser,docx_table,"Parsed from table 0, row 0"
Spain,2009,pdf_671f62272acf__BOE-A-2009-20765-consolidado_para_2010.txt,0,section_total,,CNAF UN 111,CNAF UN 111,,CNAF UN 111,CNAF UN 111,125000.0,,euro,EUR,unclear,review,0.5,docx_parser,docx_table,"Parsed from table 0, row 0"
Spain,2009,pdf_671f62272acf__BOE-A-2009-20765-consolidado_para_2010.txt,0,section_total,,"CNAF UN 126 1,12","CNAF UN 126 1,12",,"CNAF UN 126 1,12","CNAF UN 126 1,12",2476000.0,,euro,EUR,unclear,review,0.5,docx_parser,docx_table,"Parsed from table 0, row 0"
Spain,2009,pdf_671f62272acf__BOE-A-2009-20765-consolidado_para_2010.txt,0,section_total,,CNAF UN 24,CNAF UN 24,,CNAF UN 24,CNAF UN 24,3444000.0,,euro,EUR,unclear,review,0.5,docx_parser,docx_table,"Parsed from table 0, row 0"
Spain,2009,pdf_671f62272acf__BOE-A-2009-20765-consolidado_para_2010.txt,0,section_total,,CNAF UN 47,CNAF UN 47,,CNAF UN 47,CNAF UN 47,115000.0,,euro,EUR,unclear,review,0.5,docx_parser,docx_table,"Parsed from table 0, row 0"
Spain,2009,pdf_671f62272acf__BOE-A-2009-20765-consolidado_para_2010.txt,0,section_total,,CNAF UN 88,CNAF UN 88,,CNAF UN 88,CNAF UN 88,7854000.0,,euro,EUR,unclear,review,0.5,docx_parser,docx_table,"Parsed from table 0, row 0"
Spain,2009,pdf_671f62272acf__BOE-A-2009-20765-consolidado_para_2010.txt,0,section_total,,EDUCACIÓN INFANTIL Y PRIMARIA.,EDUCACIÓN INFANTIL Y PRIMARIA.,,EDUCACIÓN INFANTIL Y PRIMARIA.,EDUCACIÓN INFANTIL Y PRIMARIA.,3937.15,,euro,EUR,unclear,review,0.5,docx_parser,docx_table,"Parsed from table 0, row 0"
Spain,2009,pdf_671f62272acf__BOE-A-2009-20765-consolidado_para_2010.txt,0,section_total,,EDUCACIÓN INFANTIL:,EDUCACIÓN INFANTIL:,,EDUCACIÓN INFANTIL:,EDUCACIÓN INFANTIL:,3937.15,,euro,EUR,unclear,review,0.5,docx_parser,docx_table,"Parsed from table 0, row 0"
Spain,2009,pdf_671f62272acf__BOE-A-2009-20765-consolidado_para_2010.txt,0,section_total,,EDUCACIÓN PRIMARIA:,EDUCACIÓN PRIMARIA:,,EDUCACIÓN PRIMARIA:,EDUCACIÓN PRIMARIA:,3937.15,,euro,EUR,unclear,review,0.5,docx_parser,docx_table,"Parsed from table 0, row 0"
Spain,2009,pdf_671f62272acf__BOE-A-2009-20765-consolidado_para_2010.txt,0,section_total,,EDUCACIÓN SECUNDARIA OBLIGATORIA.,EDUCACIÓN SECUNDARIA OBLIGATORIA.,,EDUCACIÓN SECUNDARIA OBLIGATORIA.,EDUCACIÓN SECUNDARIA OBLIGATORIA.,4631.74,,euro,EUR,unclear,review,0.5,docx_parser,docx_table,"Parsed from table 0, row 0"
Spain,2009,pdf_671f62272acf__BOE-A-2009-20765-consolidado_para_2010.txt,0,section_total,,ENMIENDAS APROBADAS POR LAS CORTES GENERALES A LOS ESTADOS DE AUTORIZACIÓN DE GASTOS DE LOS PRESUPUESTOS GENERALES DEL ESTADO PARA 2010,ENMIENDAS APROBADAS POR LAS CORTES GENERALES A LOS ESTADOS DE AUTORIZACIÓN DE GASTOS DE LOS PRESUPUESTOS GENERALES DEL ESTADO PARA 2010,,ENMIENDAS APROBADAS POR LAS CORTES GENERALES A LOS ESTADOS DE AUTORIZACIÓN DE GASTOS DE LOS PRESUPUESTOS GENERALES DEL ESTADO PARA 2010,ENMIENDAS APROBADAS POR LAS CORTES GENERALES A LOS ESTADOS DE AUTORIZACIÓN DE GASTOS DE LOS PRESUPUESTOS GENERALES DEL ESTADO PARA 2010,129007000.0,,euro,EUR,unclear,review,0.5,docx_parser,docx_table,"Parsed from table 0, row 0"
Spain,2009,pdf_671f62272acf__BOE-A-2009-20765-consolidado_para_2010.txt,0,section_total,,ETS 300 401.,ETS 300 401.,,ETS 300 401.,ETS 300 401.,125000.0,,euro,EUR,unclear,review,0.5,docx_parser,docx_table,"Parsed from table 0, row 0"
Spain,2009,pdf_671f62272acf__BOE-A-2009-20765-consolidado_para_2010.txt,0,section_total,,IMPORTE TOTAL ANUAL,IMPORTE TOTAL ANUAL,,IMPORTE TOTAL ANUAL,IMPORTE TOTAL ANUAL,139225.65,,euro,EUR,unclear,review,0.5,docx_parser,docx_table,"Parsed from table 0, row 0"
Spain,2009,pdf_671f62272acf__BOE-A-2009-20765-consolidado_para_2010.txt,0,section_total,,INAEM AGAO,INAEM AGAO,,INAEM AGAO,INAEM AGAO,353001000.0,,euro,EUR,unclear,review,0.6,docx_parser,docx_table,"Parsed from table 0, row 0"
Spain,2009,pdf_671f62272acf__BOE-A-2009-20765-consolidado_para_2010.txt,0,section_total,,JOSÉ LUIS RODRÍGUEZ ZAPATERO,JOSÉ LUIS RODRÍGUEZ ZAPATERO,,JOSÉ LUIS RODRÍGUEZ ZAPATERO,JOSÉ LUIS RODRÍGUEZ ZAPATERO,8248323.419999999,,euro,EUR,unclear,review,0.5,docx_parser,docx_table,"Parsed from table 0, row 0"
Spain,2009,pdf_671f62272acf__BOE-A-2009-20765-consolidado_para_2010.txt,0,section_total,,PROGRAMAS DE CUALIFICACIÓN PROFESIONAL INICIAL.,PROGRAMAS DE CUALIFICACIÓN PROFESIONAL INICIAL.,,PROGRAMAS DE CUALIFICACIÓN PROFESIONAL INICIAL.,PROGRAMAS DE CUALIFICACIÓN PROFESIONAL INICIAL.,59152.4,,euro,EUR,direct_rd,include,0.9,docx_parser,docx_table,"Parsed from table 0, row 0"
Spain,2009,pdf_671f62272acf__BOE-A-2009-20765-consolidado_para_2010.txt,0,section_total,,RD1909/2000,RD1909/2000,,RD1909/2000,RD1909/2000,2161997000.0,,euro,EUR,unclear,review,0.5,docx_parser,docx_table,"Parsed from table 0, row 0"
Spain,2009,pdf_671f62272acf__BOE-A-2009-20765-consolidado_para_2010.txt,0,section_total,,UNE ETS 300 744.,UNE ETS 300 744.,,UNE ETS 300 744.,UNE ETS 300 744.,13000.0,,euro,EUR,unclear,review,0.5,docx_parser,docx_table,"Parsed from table 0, row 0"
Spain,2010,pdf_da07ed91256d__2011_BOE-A-2010-19703-consolidado.txt,0,section_total,,BACHILLERATO,BACHILLERATO,,BACHILLERATO,BACHILLERATO,72349.59999999999,,euro,EUR,unclear,review,0.5,docx_parser,docx_table,"Parsed from table 0, row 0"
Spain,2010,pdf_da07ed91256d__2011_BOE-A-2010-19703-consolidado.txt,0,section_total,,BOLETÍN OFICIAL DEL ESTADO LEGISLACIÓN CONSOLIDADA,BOLETÍN OFICIAL DEL ESTADO LEGISLACIÓN CONSOLIDADA,,BOLETÍN OFICIAL DEL ESTADO LEGISLACIÓN CONSOLIDADA,BOLETÍN OFICIAL DEL ESTADO LEGISLACIÓN CONSOLIDADA,387337288.47999996,,euro,EUR,unclear,review,0.5,docx_parser,docx_table,"Parsed from table 0, row 0"
Spain,2010,pdf_da07ed91256d__2011_BOE-A-2010-19703-consolidado.txt,0,section_total,,C1 C2 C3 C4,C1 C2 C3 C4,,C1 C2 C3 C4,C1 C2 C3 C4,8017000.0,,euro,EUR,unclear,review,0.5,docx_parser,docx_table,"Parsed from table 0, row 0"
Spain,2010,pdf_da07ed91256d__2011_BOE-A-2010-19703-consolidado.txt,0,section_total,,CAPÍTULO I,CAPÍTULO I,,CAPÍTULO I,CAPÍTULO I,105235000.0,,euro,EUR,unclear,review,0.5,docx_parser,docx_table,"Parsed from table 0, row 0"
Spain,2010,pdf_da07ed91256d__2011_BOE-A-2010-19703-consolidado.txt,0,section_total,,CAPÍTULO II,CAPÍTULO II,,CAPÍTULO II,CAPÍTULO II,247204.32,,euro,EUR,unclear,review,0.5,docx_parser,docx_table,"Parsed from table 0, row 0"
Spain,2010,pdf_da07ed91256d__2011_BOE-A-2010-19703-consolidado.txt,0,section_total,,CICLOS FORMATIVOS,CICLOS FORMATIVOS,,CICLOS FORMATIVOS,CICLOS FORMATIVOS,173696.72,,euro,EUR,unclear,review,0.5,docx_parser,docx_table,"Parsed from table 0, row 0"
Spain,2010,pdf_da07ed91256d__2011_BOE-A-2010-19703-consolidado.txt,0,section_total,,CLASE DE PENSIÓN,CLASE DE PENSIÓN,,CLASE DE PENSIÓN,CLASE DE PENSIÓN,10851.4,,euro,EUR,unclear,review,0.5,docx_parser,docx_table,"Parsed from table 0, row 0"
Spain,2010,pdf_da07ed91256d__2011_BOE-A-2010-19703-consolidado.txt,0,section_total,,CNAF UN 111,CNAF UN 111,,CNAF UN 111,CNAF UN 111,125000.0,,euro,EUR,unclear,review,0.5,docx_parser,docx_table,"Parsed from table 0, row 0"
Spain,2010,pdf_da07ed91256d__2011_BOE-A-2010-19703-consolidado.txt,0,section_total,,"CNAF UN 126 1,12","CNAF UN 126 1,12",,"CNAF UN 126 1,12","CNAF UN 126 1,12",4641000.0,,euro,EUR,unclear,review,0.5,docx_parser,docx_table,"Parsed from table 0, row 0"
Spain,2010,pdf_da07ed91256d__2011_BOE-A-2010-19703-consolidado.txt,0,section_total,,CNAF UN 24,CNAF UN 24,,CNAF UN 24,CNAF UN 24,393738000.0,,euro,EUR,unclear,review,0.5,docx_parser,docx_table,"Parsed from table 0, row 0"
Spain,2010,pdf_da07ed91256d__2011_BOE-A-2010-19703-consolidado.txt,0,section_total,,CNAF UN 47,CNAF UN 47,,CNAF UN 47,CNAF UN 47,115000.0,,euro,EUR,unclear,review,0.5,docx_parser,docx_table,"Parsed from table 0, row 0"
Spain,2010,pdf_da07ed91256d__2011_BOE-A-2010-19703-consolidado.txt,0,section_total,,CNAF UN 88,CNAF UN 88,,CNAF UN 88,CNAF UN 88,7854000.0,,euro,EUR,unclear,review,0.5,docx_parser,docx_table,"Parsed from table 0, row 0"
Spain,2010,pdf_da07ed91256d__2011_BOE-A-2010-19703-consolidado.txt,0,section_total,,"COEFICIENTES A LAS TASAS DEL BUQUE, MERCANCÍA Y PASAJE","COEFICIENTES A LAS TASAS DEL BUQUE, MERCANCÍA Y PASAJE",,"COEFICIENTES A LAS TASAS DEL BUQUE, MERCANCÍA Y PASAJE","COEFICIENTES A LAS TASAS DEL BUQUE, MERCANCÍA Y PASAJE",4520000.0,,euro,EUR,unclear,review,0.5,docx_parser,docx_table,"Parsed from table 0, row 0"
Spain,2010,pdf_da07ed91256d__2011_BOE-A-2010-19703-consolidado.txt,0,section_total,,CON CÓNYUGE A CARGO,CON CÓNYUGE A CARGO,,CON CÓNYUGE A CARGO,CON CÓNYUGE A CARGO,18138.4,,euro,EUR,unclear,review,0.5,docx_parser,docx_table,"Parsed from table 0, row 0"
Spain,2010,pdf_da07ed91256d__2011_BOE-A-2010-19703-consolidado.txt,0,section_total,,CON CÓNYUGE NO A,CON CÓNYUGE NO A,,CON CÓNYUGE NO A,CON CÓNYUGE NO A,125399.40000000001,,euro,EUR,unclear,review,0.5,docx_parser,docx_table,"Parsed from table 0, row 0"
Spain,2010,pdf_da07ed91256d__2011_BOE-A-2010-19703-consolidado.txt,0,section_total,,"CUOTAS MENSUALES DE DERECHOS PASIVOS DE LOS FUNCIONARIOS CIVILES DEL ESTADO, DEL PERSONAL DE LAS FUERZAS ARMADAS, DE LOS MIEMBROS DE LAS CARRERAS JUDICIAL Y FISCAL, DE LOS DEL CUERPO DE SECRETARIOS JUDICIALES Y DE LOS CUERPOS AL SERVICIO DE LA ADMINISTRACIÓN DE JUSTICIA","CUOTAS MENSUALES DE DERECHOS PASIVOS DE LOS FUNCIONARIOS CIVILES DEL ESTADO, DEL PERSONAL DE LAS FUERZAS ARMADAS, DE LOS MIEMBROS DE LAS CARRERAS JUDICIAL Y FISCAL, DE LOS DEL CUERPO DE SECRETARIOS JUDICIALES Y DE LOS CUERPOS AL SERVICIO DE LA ADMINISTRACIÓN DE JUSTICIA",,"CUOTAS MENSUALES DE DERECHOS PASIVOS DE LOS FUNCIONARIOS CIVILES DEL ESTADO, DEL PERSONAL DE LAS FUERZAS ARMADAS, DE LOS MIEMBROS DE LAS CARRERAS JUDICIAL Y FISCAL, DE LOS DEL CUERPO DE SECRETARIOS JUDICIALES Y DE LOS CUERPOS AL SERVICIO DE LA ADMINISTRACIÓN DE JUSTICIA","CUOTAS MENSUALES DE DERECHOS PASIVOS DE LOS FUNCIONARIOS CIVILES DEL ESTADO, DEL PERSONAL DE LAS FUERZAS ARMADAS, DE LOS MIEMBROS DE LAS CARRERAS JUDICIAL Y FISCAL, DE LOS DEL CUERPO DE SECRETARIOS JUDICIALES Y DE LOS CUERPOS AL SERVICIO DE LA ADMINISTRACIÓN DE JUSTICIA",23168000.0,,euro,EUR,unclear,review,0.5,docx_parser,docx_table,"Parsed from table 0, row 0"
Spain,2010,pdf_da07ed91256d__2011_BOE-A-2010-19703-consolidado.txt,0,section_total,,EDUCACIÓN INFANTIL Y PRIMARIA,EDUCACIÓN INFANTIL Y PRIMARIA,,EDUCACIÓN INFANTIL Y PRIMARIA,EDUCACIÓN INFANTIL Y PRIMARIA,225802.54,,euro,EUR,unclear,review,0.6,docx_parser,docx_table,"Parsed from table 0, row 0"
Spain,2010,pdf_da07ed91256d__2011_BOE-A-2010-19703-consolidado.txt,0,section_total,,EDUCACIÓN SECUNDARIA OBLIGATORIA,EDUCACIÓN SECUNDARIA OBLIGATORIA,,EDUCACIÓN SECUNDARIA OBLIGATORIA,EDUCACIÓN SECUNDARIA OBLIGATORIA,44990.26,,euro,EUR,unclear,review,0.6,docx_parser,docx_table,"Parsed from table 0, row 0"
Spain,2010,pdf_da07ed91256d__2011_BOE-A-2010-19703-consolidado.txt,0,section_total,,ETS 300 401.,ETS 300 401.,,ETS 300 401.,ETS 300 401.,125000.0,,euro,EUR,unclear,review,0.5,docx_parser,docx_table,"Parsed from table 0, row 0"
Spain,2010,pdf_da07ed91256d__2011_BOE-A-2010-19703-consolidado.txt,0,section_total,,"FUNCIONARIOS CIVILES DEL ESTADO, AL INSTITUTO SOCIAL DE LAS FUERZAS ARMADAS Y A LA MUTUALIDAD GENERAL JUDICIAL","FUNCIONARIOS CIVILES DEL ESTADO, AL INSTITUTO SOCIAL DE LAS FUERZAS ARMADAS Y A LA MUTUALIDAD GENERAL JUDICIAL",,"FUNCIONARIOS CIVILES DEL ESTADO, AL INSTITUTO SOCIAL DE LAS FUERZAS ARMADAS Y A LA MUTUALIDAD GENERAL JUDICIAL","FUNCIONARIOS CIVILES DEL ESTADO, AL INSTITUTO SOCIAL DE LAS FUERZAS ARMADAS Y A LA MUTUALIDAD GENERAL JUDICIAL",7905000.0,,euro,EUR,unclear,review,0.5,docx_parser,docx_table,"Parsed from table 0, row 0"
Spain,2010,pdf_da07ed91256d__2011_BOE-A-2010-19703-consolidado.txt,0,section_total,,GRUPOS C y D TRAMOS PASAJEROS/MES € / PASAJERO,GRUPOS C y D TRAMOS PASAJEROS/MES € / PASAJERO,,GRUPOS C y D TRAMOS PASAJEROS/MES € / PASAJERO,GRUPOS C y D TRAMOS PASAJEROS/MES € / PASAJERO,4540000.0,,euro,EUR,unclear,review,0.5,docx_parser,docx_table,"Parsed from table 0, row 0"
Spain,2010,pdf_da07ed91256d__2011_BOE-A-2010-19703-consolidado.txt,0,section_total,,JOSÉ LUIS RODRÍGUEZ ZAPATERO,JOSÉ LUIS RODRÍGUEZ ZAPATERO,,JOSÉ LUIS RODRÍGUEZ ZAPATERO,JOSÉ LUIS RODRÍGUEZ ZAPATERO,2027224.2000000002,,euro,EUR,unclear,review,0.5,docx_parser,docx_table,"Parsed from table 0, row 0"
Spain,2010,pdf_da07ed91256d__2011_BOE-A-2010-19703-consolidado.txt,0,section_total,,TOTAL INGRESOS,TOTAL INGRESOS,,TOTAL INGRESOS,TOTAL INGRESOS,86450261.53,,euro,EUR,unclear,review,0.5,docx_parser,docx_table,"Parsed from table 0, row 0"
Spain,2010,pdf_da07ed91256d__2011_BOE-A-2010-19703-consolidado.txt,0,section_total,,TRAMOS DE PESO,TRAMOS DE PESO,,TRAMOS DE PESO,TRAMOS DE PESO,694999.0,,euro,EUR,unclear,review,0.5,docx_parser,docx_table,"Parsed from table 0, row 0"
Spain,2010,pdf_da07ed91256d__2011_BOE-A-2010-19703-consolidado.txt,0,section_total,,UNE ETS 300 744.,UNE ETS 300 744.,,UNE ETS 300 744.,UNE ETS 300 744.,13000.0,,euro,EUR,unclear,review,0.5,docx_parser,docx_table,"Parsed from table 0, row 0"
Spain,2010,pdf_da07ed91256d__2011_BOE-A-2010-19703-consolidado.txt,0,section_total,,UNE ETS 300 744. BOLETÍN OFICIAL DEL ESTADO LEGISLACIÓN CONSOLIDADA,UNE ETS 300 744. BOLETÍN OFICIAL DEL ESTADO LEGISLACIÓN CONSOLIDADA,,UNE ETS 300 744. BOLETÍN OFICIAL DEL ESTADO LEGISLACIÓN CONSOLIDADA,UNE ETS 300 744. BOLETÍN OFICIAL DEL ESTADO LEGISLACIÓN CONSOLIDADA,13000.0,,euro,EUR,unclear,review,0.5,docx_parser,docx_table,"Parsed from table 0, row 0"
Spain,2010,pdf_da07ed91256d__BOE-A-2010-19703-consolidado_para_2011.txt,0,section_total,,BOLETÍN OFICIAL DEL ESTADO LEGISLACIÓN CONSOLIDADA,BOLETÍN OFICIAL DEL ESTADO LEGISLACIÓN CONSOLIDADA,,BOLETÍN OFICIAL DEL ESTADO LEGISLACIÓN CONSOLIDADA,BOLETÍN OFICIAL DEL ESTADO LEGISLACIÓN CONSOLIDADA,84404.0,,euro,EUR,unclear,review,0.5,docx_parser,docx_table,"Parsed from table 0, row 0"
Spain,2010,pdf_da07ed91256d__BOE-A-2010-19703-consolidado_para_2011.txt,0,section_total,,C1 C2 C3 C4,C1 C2 C3 C4,,C1 C2 C3 C4,C1 C2 C3 C4,198591000.0,,euro,EUR,unclear,review,0.5,docx_parser,docx_table,"Parsed from table 0, row 0"
Spain,2010,pdf_da07ed91256d__BOE-A-2010-19703-consolidado_para_2011.txt,0,section_total,,EDUCACIÓN INFANTIL,EDUCACIÓN INFANTIL,,EDUCACIÓN INFANTIL,EDUCACIÓN INFANTIL,52431.11,,euro,EUR,direct_rd,include,0.9,docx_parser,docx_table,"Parsed from table 0, row 0"
Spain,2010,pdf_da07ed91256d__BOE-A-2010-19703-consolidado_para_2011.txt,0,section_total,,EDUCACIÓN PRIMARIA,EDUCACIÓN PRIMARIA,,EDUCACIÓN PRIMARIA,EDUCACIÓN PRIMARIA,52431.11,,euro,EUR,unclear,review,0.6,docx_parser,docx_table,"Parsed from table 0, row 0"
Spain,2010,pdf_da07ed91256d__BOE-A-2010-19703-consolidado_para_2011.txt,0,section_total,,EDUCACIÓN SECUNDARIA OBLIGATORIA,EDUCACIÓN SECUNDARIA OBLIGATORIA,,EDUCACIÓN SECUNDARIA OBLIGATORIA,EDUCACIÓN SECUNDARIA OBLIGATORIA,163590.08,,euro,EUR,unclear,review,0.6,docx_parser,docx_table,"Parsed from table 0, row 0"
Spain,2010,pdf_da07ed91256d__BOE-A-2010-19703-consolidado_para_2011.txt,0,section_total,,PROGRAMAS DE CUALIFICACIÓN PROFESIONAL INICIAL,PROGRAMAS DE CUALIFICACIÓN PROFESIONAL INICIAL,,PROGRAMAS DE CUALIFICACIÓN PROFESIONAL INICIAL,PROGRAMAS DE CUALIFICACIÓN PROFESIONAL INICIAL,56441.93,,euro,EUR,direct_rd,include,0.9,docx_parser,docx_table,"Parsed from table 0, row 0"
Spain,2010,pdf_da07ed91256d__BOE-A-2010-19703-consolidado_para_2011.txt,0,section_total,,R.D. 1909/2000,R.D. 1909/2000,,R.D. 1909/2000,R.D. 1909/2000,1164770000.0,,euro,EUR,unclear,review,0.5,docx_parser,docx_table,"Parsed from table 0, row 0"
Spain,2010,pdf_da07ed91256d__BOE-A-2010-19703-consolidado_para_2011.txt,0,section_total,,R.D.1130/03,R.D.1130/03,,R.D.1130/03,R.D.1130/03,582624034.23,,euro,EUR,unclear,review,0.5,docx_parser,docx_table,"Parsed from table 0, row 0"
Spain,2010,pdf_da07ed91256d__BOE-A-2010-19703-consolidado_para_2011.txt,0,section_total,,TOTAL GASTOS,TOTAL GASTOS,,TOTAL GASTOS,TOTAL GASTOS,13567.4,,euro,EUR,unclear,review,0.5,docx_parser,docx_table,"Parsed from table 0, row 0"
Spain,2012,pdf_783684f0792c__BOE-A-2012-15651-consolidado_para_2013.txt,0,section_total,,ADMINISTRACIÓN CIVIL Y MILITAR DEL ESTADO,ADMINISTRACIÓN CIVIL Y MILITAR DEL ESTADO,,ADMINISTRACIÓN CIVIL Y MILITAR DEL ESTADO,ADMINISTRACIÓN CIVIL Y MILITAR DEL ESTADO,164825000.0,,euro,EUR,unclear,review,0.6,docx_parser,docx_table,"Parsed from table 0, row 0"
Spain,2012,pdf_783684f0792c__BOE-A-2012-15651-consolidado_para_2013.txt,0,section_total,,ADMINISTRACIÓN DE JUSTICIA,ADMINISTRACIÓN DE JUSTICIA,,ADMINISTRACIÓN DE JUSTICIA,ADMINISTRACIÓN DE JUSTICIA,3250000.0,,euro,EUR,unclear,review,0.6,docx_parser,docx_table,"Parsed from table 0, row 0"
Spain,2012,pdf_783684f0792c__BOE-A-2012-15651-consolidado_para_2013.txt,0,section_total,,AUTORIDAD PORTUARIA,AUTORIDAD PORTUARIA,,AUTORIDAD PORTUARIA,AUTORIDAD PORTUARIA,32843000.0,,euro,EUR,unclear,review,0.6,docx_parser,docx_table,"Parsed from table 0, row 0"
Spain,2012,pdf_783684f0792c__BOE-A-2012-15651-consolidado_para_2013.txt,0,section_total,,BACHILLERATO,BACHILLERATO,,BACHILLERATO,BACHILLERATO,62187.67,,euro,EUR,unclear,review,0.5,docx_parser,docx_table,"Parsed from table 0, row 0"
Spain,2012,pdf_783684f0792c__BOE-A-2012-15651-consolidado_para_2013.txt,0,section_total,,BOLETÍN OFICIAL DEL ESTADO LEGISLACIÓN CONSOLIDADA,BOLETÍN OFICIAL DEL ESTADO LEGISLACIÓN CONSOLIDADA,,BOLETÍN OFICIAL DEL ESTADO LEGISLACIÓN CONSOLIDADA,BOLETÍN OFICIAL DEL ESTADO LEGISLACIÓN CONSOLIDADA,396288000.0,,euro,EUR,unclear,review,0.5,docx_parser,docx_table,"Parsed from table 0, row 0"
Spain,2012,pdf_783684f0792c__BOE-A-2012-15651-consolidado_para_2013.txt,0,section_total,,C1 C2 C3 C4,C1 C2 C3 C4,,C1 C2 C3 C4,C1 C2 C3 C4,195147000.0,,euro,EUR,unclear,review,0.5,docx_parser,docx_table,"Parsed from table 0, row 0"
Spain,2012,pdf_783684f0792c__BOE-A-2012-15651-consolidado_para_2013.txt,0,section_total,,CAPÍTULO I,CAPÍTULO I,,CAPÍTULO I,CAPÍTULO I,1655432.51,,euro,EUR,unclear,review,0.5,docx_parser,docx_table,"Parsed from table 0, row 0"
Spain,2012,pdf_783684f0792c__BOE-A-2012-15651-consolidado_para_2013.txt,0,section_total,,CAPÍTULO III,CAPÍTULO III,,CAPÍTULO III,CAPÍTULO III,2012000.0,,euro,EUR,unclear,review,0.5,docx_parser,docx_table,"Parsed from table 0, row 0"
Spain,2012,pdf_783684f0792c__BOE-A-2012-15651-consolidado_para_2013.txt,0,section_total,,CICLOS FORMATIVOS,CICLOS FORMATIVOS,,CICLOS FORMATIVOS,CICLOS FORMATIVOS,163517.94,,euro,EUR,unclear,review,0.5,docx_parser,docx_table,"Parsed from table 0, row 0"
Spain,2012,pdf_783684f0792c__BOE-A-2012-15651-consolidado_para_2013.txt,0,section_total,,CNAF UN 111,CNAF UN 111,,CNAF UN 111,CNAF UN 111,125000.0,,euro,EUR,unclear,review,0.5,docx_parser,docx_table,"Parsed from table 0, row 0"
Spain,2012,pdf_783684f0792c__BOE-A-2012-15651-consolidado_para_2013.txt,0,section_total,,"CNAF UN 126 1,12","CNAF UN 126 1,12",,"CNAF UN 126 1,12","CNAF UN 126 1,12",138925000.0,,euro,EUR,unclear,review,0.5,docx_parser,docx_table,"Parsed from table 0, row 0"
Spain,2012,pdf_783684f0792c__BOE-A-2012-15651-consolidado_para_2013.txt,0,section_total,,CNAF UN 40,CNAF UN 40,,CNAF UN 40,CNAF UN 40,5696000.0,,euro,EUR,unclear,review,0.5,docx_parser,docx_table,"Parsed from table 0, row 0"
Spain,2012,pdf_783684f0792c__BOE-A-2012-15651-consolidado_para_2013.txt,0,section_total,,CNAF UN 47,CNAF UN 47,,CNAF UN 47,CNAF UN 47,115000.0,,euro,EUR,unclear,review,0.5,docx_parser,docx_table,"Parsed from table 0, row 0"
Spain,2012,pdf_783684f0792c__BOE-A-2012-15651-consolidado_para_2013.txt,0,section_total,,CNAF UN 88,CNAF UN 88,,CNAF UN 88,CNAF UN 88,677000.0,,euro,EUR,unclear,review,0.5,docx_parser,docx_table,"Parsed from table 0, row 0"
Spain,2012,pdf_783684f0792c__BOE-A-2012-15651-consolidado_para_2013.txt,0,section_total,,CORTES GENERALES,CORTES GENERALES,,CORTES GENERALES,CORTES GENERALES,296451000.0,,euro,EUR,unclear,review,0.5,docx_parser,docx_table,"Parsed from table 0, row 0"
Spain,2012,pdf_783684f0792c__BOE-A-2012-15651-consolidado_para_2013.txt,0,section_total,,"CUOTAS MENSUALES DE DERECHOS PASIVOS DE LOS FUNCIONARIOS CIVILES DEL ESTADO, DEL PERSONAL DE LAS FUERZAS ARMADAS, DE LOS MIEMBROS DE LAS CARRERAS JUDICIAL Y FISCAL, DE LOS DEL CUERPO DE SECRETARIOS JUDICIALES Y DE LOS CUERPOS AL SERVICIO DE LA ADMINISTRACIÓN DE JUSTICIA","CUOTAS MENSUALES DE DERECHOS PASIVOS DE LOS FUNCIONARIOS CIVILES DEL ESTADO, DEL PERSONAL DE LAS FUERZAS ARMADAS, DE LOS MIEMBROS DE LAS CARRERAS JUDICIAL Y FISCAL, DE LOS DEL CUERPO DE SECRETARIOS JUDICIALES Y DE LOS CUERPOS AL SERVICIO DE LA ADMINISTRACIÓN DE JUSTICIA",,"CUOTAS MENSUALES DE DERECHOS PASIVOS DE LOS FUNCIONARIOS CIVILES DEL ESTADO, DEL PERSONAL DE LAS FUERZAS ARMADAS, DE LOS MIEMBROS DE LAS CARRERAS JUDICIAL Y FISCAL, DE LOS DEL CUERPO DE SECRETARIOS JUDICIALES Y DE LOS CUERPOS AL SERVICIO DE LA ADMINISTRACIÓN DE JUSTICIA","CUOTAS MENSUALES DE DERECHOS PASIVOS DE LOS FUNCIONARIOS CIVILES DEL ESTADO, DEL PERSONAL DE LAS FUERZAS ARMADAS, DE LOS MIEMBROS DE LAS CARRERAS JUDICIAL Y FISCAL, DE LOS DEL CUERPO DE SECRETARIOS JUDICIALES Y DE LOS CUERPOS AL SERVICIO DE LA ADMINISTRACIÓN DE JUSTICIA",23633000.0,,euro,EUR,unclear,review,0.5,docx_parser,docx_table,"Parsed from table 0, row 0"
Spain,2012,pdf_783684f0792c__BOE-A-2012-15651-consolidado_para_2013.txt,0,section_total,,EDUCACIÓN INFANTIL,EDUCACIÓN INFANTIL,,EDUCACIÓN INFANTIL,EDUCACIÓN INFANTIL,40602.81,,euro,EUR,direct_rd,include,0.9,docx_parser,docx_table,"Parsed from table 0, row 0"
Spain,2012,pdf_783684f0792c__BOE-A-2012-15651-consolidado_para_2013.txt,0,section_total,,EDUCACIÓN INFANTIL Y PRIMARIA,EDUCACIÓN INFANTIL Y PRIMARIA,,EDUCACIÓN INFANTIL Y PRIMARIA,EDUCACIÓN INFANTIL Y PRIMARIA,33337.01,,euro,EUR,unclear,review,0.6,docx_parser,docx_table,"Parsed from table 0, row 0"
Spain,2012,pdf_783684f0792c__BOE-A-2012-15651-consolidado_para_2013.txt,0,section_total,,EDUCACIÓN PRIMARIA,EDUCACIÓN PRIMARIA,,EDUCACIÓN PRIMARIA,EDUCACIÓN PRIMARIA,40602.81,,euro,EUR,unclear,review,0.6,docx_parser,docx_table,"Parsed from table 0, row 0"
Spain,2012,pdf_783684f0792c__BOE-A-2012-15651-consolidado_para_2013.txt,0,section_total,,EDUCACIÓN SECUNDARIA OBLIGATORIA,EDUCACIÓN SECUNDARIA OBLIGATORIA,,EDUCACIÓN SECUNDARIA OBLIGATORIA,EDUCACIÓN SECUNDARIA OBLIGATORIA,52032.9,,euro,EUR,unclear,review,0.6,docx_parser,docx_table,"Parsed from table 0, row 0"
Spain,2012,pdf_783684f0792c__BOE-A-2012-15651-consolidado_para_2013.txt,0,section_total,,ETS 300 401.,ETS 300 401.,,ETS 300 401.,ETS 300 401.,125000.0,,euro,EUR,unclear,review,0.5,docx_parser,docx_table,"Parsed from table 0, row 0"
Spain,2012,pdf_783684f0792c__BOE-A-2012-15651-consolidado_para_2013.txt,0,section_total,,"FUNCIONARIOS CIVILES DEL ESTADO, AL INSTITUTO SOCIAL DE LAS FUERZAS ARMADAS Y A LA MUTUALIDAD GENERAL JUDICIAL","FUNCIONARIOS CIVILES DEL ESTADO, AL INSTITUTO SOCIAL DE LAS FUERZAS ARMADAS Y A LA MUTUALIDAD GENERAL JUDICIAL",,"FUNCIONARIOS CIVILES DEL ESTADO, AL INSTITUTO SOCIAL DE LAS FUERZAS ARMADAS Y A LA MUTUALIDAD GENERAL JUDICIAL","FUNCIONARIOS CIVILES DEL ESTADO, AL INSTITUTO SOCIAL DE LAS FUERZAS ARMADAS Y A LA MUTUALIDAD GENERAL JUDICIAL",10348000.0,,euro,EUR,unclear,review,0.5,docx_parser,docx_table,"Parsed from table 0, row 0"
Spain,2012,pdf_783684f0792c__BOE-A-2012-15651-consolidado_para_2013.txt,0,section_total,,IMPORTE TOTAL ANUAL,IMPORTE TOTAL ANUAL,,IMPORTE TOTAL ANUAL,IMPORTE TOTAL ANUAL,132565.77,,euro,EUR,unclear,review,0.5,docx_parser,docx_table,"Parsed from table 0, row 0"
Spain,2012,pdf_783684f0792c__BOE-A-2012-15651-consolidado_para_2013.txt,0,section_total,,MARIANO RAJOY BREY,MARIANO RAJOY BREY,,MARIANO RAJOY BREY,MARIANO RAJOY BREY,83866.9,,euro,EUR,unclear,review,0.5,docx_parser,docx_table,"Parsed from table 0, row 0"
Spain,2012,pdf_783684f0792c__BOE-A-2012-15651-consolidado_para_2013.txt,0,section_total,,PROGRAMAS DE CUALIFICACIÓN PROFESIONAL INICIAL,PROGRAMAS DE CUALIFICACIÓN PROFESIONAL INICIAL,,PROGRAMAS DE CUALIFICACIÓN PROFESIONAL INICIAL,PROGRAMAS DE CUALIFICACIÓN PROFESIONAL INICIAL,58596.939999999995,,euro,EUR,direct_rd,include,0.9,docx_parser,docx_table,"Parsed from table 0, row 0"
Spain,2012,pdf_783684f0792c__BOE-A-2012-15651-consolidado_para_2013.txt,0,section_total,,TARIFA PARA LA COTIZACIÓN POR ACCIDENTES DE TRABAJO Y ENFERMEDADES PROFESIONALES,TARIFA PARA LA COTIZACIÓN POR ACCIDENTES DE TRABAJO Y ENFERMEDADES PROFESIONALES,,TARIFA PARA LA COTIZACIÓN POR ACCIDENTES DE TRABAJO Y ENFERMEDADES PROFESIONALES,TARIFA PARA LA COTIZACIÓN POR ACCIDENTES DE TRABAJO Y ENFERMEDADES PROFESIONALES,6190000.0,,euro,EUR,unclear,review,0.5,docx_parser,docx_table,"Parsed from table 0, row 0"
Spain,2012,pdf_783684f0792c__BOE-A-2012-15651-consolidado_para_2013.txt,0,section_total,,TOTAL INGRESOS,TOTAL INGRESOS,,TOTAL INGRESOS,TOTAL INGRESOS,2388923.3000000003,,euro,EUR,unclear,review,0.5,docx_parser,docx_table,"Parsed from table 0, row 0"
Spain,2012,pdf_783684f0792c__BOE-A-2012-15651-consolidado_para_2013.txt,0,section_total,,TRIBUNAL CONSTITUCIONAL,TRIBUNAL CONSTITUCIONAL,,TRIBUNAL CONSTITUCIONAL,TRIBUNAL CONSTITUCIONAL,80116.14,,euro,EUR,unclear,review,0.5,docx_parser,docx_table,"Parsed from table 0, row 0"
Spain,2012,pdf_783684f0792c__BOE-A-2012-15651-consolidado_para_2013.txt,0,section_total,,UNE ETS 300 744.,UNE ETS 300 744.,,UNE ETS 300 744.,UNE ETS 300 744.,13000.0,,euro,EUR,unclear,review,0.5,docx_parser,docx_table,"Parsed from table 0, row 0"
Spain,2013,pdf_9cff4a8a4e03__BOE-A-2013-13616-consolidado_para_2014.txt,0,section_total,,ADMINISTRACIÓN CIVIL Y MILITAR DEL ESTADO,ADMINISTRACIÓN CIVIL Y MILITAR DEL ESTADO,,ADMINISTRACIÓN CIVIL Y MILITAR DEL ESTADO,ADMINISTRACIÓN CIVIL Y MILITAR DEL ESTADO,165237000.0,,euro,EUR,unclear,review,0.6,docx_parser,docx_table,"Parsed from table 0, row 0"
Spain,2013,pdf_9cff4a8a4e03__BOE-A-2013-13616-consolidado_para_2014.txt,0,section_total,,ADMINISTRACIÓN DE JUSTICIA,ADMINISTRACIÓN DE JUSTICIA,,ADMINISTRACIÓN DE JUSTICIA,ADMINISTRACIÓN DE JUSTICIA,3250000.0,,euro,EUR,unclear,review,0.6,docx_parser,docx_table,"Parsed from table 0, row 0"
Spain,2013,pdf_9cff4a8a4e03__BOE-A-2013-13616-consolidado_para_2014.txt,0,section_total,,BACHILLERATO,BACHILLERATO,,BACHILLERATO,BACHILLERATO,62187.67,,euro,EUR,unclear,review,0.5,docx_parser,docx_table,"Parsed from table 0, row 0"
Spain,2013,pdf_9cff4a8a4e03__BOE-A-2013-13616-consolidado_para_2014.txt,0,section_total,,BOLETÍN OFICIAL DEL ESTADO LEGISLACIÓN CONSOLIDADA,BOLETÍN OFICIAL DEL ESTADO LEGISLACIÓN CONSOLIDADA,,BOLETÍN OFICIAL DEL ESTADO LEGISLACIÓN CONSOLIDADA,BOLETÍN OFICIAL DEL ESTADO LEGISLACIÓN CONSOLIDADA,866098000.0,,euro,EUR,unclear,review,0.5,docx_parser,docx_table,"Parsed from table 0, row 0"
Spain,2013,pdf_9cff4a8a4e03__BOE-A-2013-13616-consolidado_para_2014.txt,0,section_total,,C1 C2 C3 C4,C1 C2 C3 C4,,C1 C2 C3 C4,C1 C2 C3 C4,780588000.0,,euro,EUR,unclear,review,0.5,docx_parser,docx_table,"Parsed from table 0, row 0"
Spain,2013,pdf_9cff4a8a4e03__BOE-A-2013-13616-consolidado_para_2014.txt,0,section_total,,CAPÍTULO I,CAPÍTULO I,,CAPÍTULO I,CAPÍTULO I,118624000.0,,euro,EUR,unclear,review,0.5,docx_parser,docx_table,"Parsed from table 0, row 0"
Spain,2013,pdf_9cff4a8a4e03__BOE-A-2013-13616-consolidado_para_2014.txt,0,section_total,,CAPÍTULO II,CAPÍTULO II,,CAPÍTULO II,CAPÍTULO II,147166.92,,euro,EUR,unclear,review,0.5,docx_parser,docx_table,"Parsed from table 0, row 0"
Spain,2013,pdf_9cff4a8a4e03__BOE-A-2013-13616-consolidado_para_2014.txt,0,section_total,,CICLOS FORMATIVOS,CICLOS FORMATIVOS,,CICLOS FORMATIVOS,CICLOS FORMATIVOS,173696.72,,euro,EUR,unclear,review,0.5,docx_parser,docx_table,"Parsed from table 0, row 0"
Spain,2013,pdf_9cff4a8a4e03__BOE-A-2013-13616-consolidado_para_2014.txt,0,section_total,,CNAF UN 111,CNAF UN 111,,CNAF UN 111,CNAF UN 111,125000.0,,euro,EUR,unclear,review,0.5,docx_parser,docx_table,"Parsed from table 0, row 0"
Spain,2013,pdf_9cff4a8a4e03__BOE-A-2013-13616-consolidado_para_2014.txt,0,section_total,,CNAF UN 47,CNAF UN 47,,CNAF UN 47,CNAF UN 47,115000.0,,euro,EUR,unclear,review,0.5,docx_parser,docx_table,"Parsed from table 0, row 0"
Spain,2013,pdf_9cff4a8a4e03__BOE-A-2013-13616-consolidado_para_2014.txt,0,section_total,,CNAF UN 88,CNAF UN 88,,CNAF UN 88,CNAF UN 88,7854000.0,,euro,EUR,unclear,review,0.5,docx_parser,docx_table,"Parsed from table 0, row 0"
Spain,2013,pdf_9cff4a8a4e03__BOE-A-2013-13616-consolidado_para_2014.txt,0,section_total,,CORTES GENERALES,CORTES GENERALES,,CORTES GENERALES,CORTES GENERALES,336816000.0,,euro,EUR,unclear,review,0.5,docx_parser,docx_table,"Parsed from table 0, row 0"
Spain,2013,pdf_9cff4a8a4e03__BOE-A-2013-13616-consolidado_para_2014.txt,0,section_total,,EDUCACIÓN INFANTIL,EDUCACIÓN INFANTIL,,EDUCACIÓN INFANTIL,EDUCACIÓN INFANTIL,40257.7,,euro,EUR,direct_rd,include,0.9,docx_parser,docx_table,"Parsed from table 0, row 0"
Spain,2013,pdf_9cff4a8a4e03__BOE-A-2013-13616-consolidado_para_2014.txt,0,section_total,,EDUCACIÓN INFANTIL Y PRIMARIA,EDUCACIÓN INFANTIL Y PRIMARIA,,EDUCACIÓN INFANTIL Y PRIMARIA,EDUCACIÓN INFANTIL Y PRIMARIA,33337.01,,euro,EUR,unclear,review,0.6,docx_parser,docx_table,"Parsed from table 0, row 0"
Spain,2013,pdf_9cff4a8a4e03__BOE-A-2013-13616-consolidado_para_2014.txt,0,section_total,,EDUCACIÓN PRIMARIA,EDUCACIÓN PRIMARIA,,EDUCACIÓN PRIMARIA,EDUCACIÓN PRIMARIA,40257.7,,euro,EUR,unclear,review,0.6,docx_parser,docx_table,"Parsed from table 0, row 0"
Spain,2013,pdf_9cff4a8a4e03__BOE-A-2013-13616-consolidado_para_2014.txt,0,section_total,,EDUCACIÓN SECUNDARIA OBLIGATORIA,EDUCACIÓN SECUNDARIA OBLIGATORIA,,EDUCACIÓN SECUNDARIA OBLIGATORIA,EDUCACIÓN SECUNDARIA OBLIGATORIA,51591.87,,euro,EUR,unclear,review,0.6,docx_parser,docx_table,"Parsed from table 0, row 0"
Spain,2013,pdf_9cff4a8a4e03__BOE-A-2013-13616-consolidado_para_2014.txt,0,section_total,,ETS 300 401.,ETS 300 401.,,ETS 300 401.,ETS 300 401.,125000.0,,euro,EUR,unclear,review,0.5,docx_parser,docx_table,"Parsed from table 0, row 0"
Spain,2013,pdf_9cff4a8a4e03__BOE-A-2013-13616-consolidado_para_2014.txt,0,section_total,,IMPORTE TOTAL ANUAL,IMPORTE TOTAL ANUAL,,IMPORTE TOTAL ANUAL,IMPORTE TOTAL ANUAL,132565.77,,euro,EUR,unclear,review,0.5,docx_parser,docx_table,"Parsed from table 0, row 0"
Spain,2013,pdf_9cff4a8a4e03__BOE-A-2013-13616-consolidado_para_2014.txt,0,section_total,,MARIANO RAJOY BREY,MARIANO RAJOY BREY,,MARIANO RAJOY BREY,MARIANO RAJOY BREY,5412853.51,,euro,EUR,unclear,review,0.5,docx_parser,docx_table,"Parsed from table 0, row 0"
Spain,2013,pdf_9cff4a8a4e03__BOE-A-2013-13616-consolidado_para_2014.txt,0,section_total,,"N3.E 12.000.000,00 N3.F 15.000.000,00","N3.E 12.000.000,00 N3.F 15.000.000,00",,"N3.E 12.000.000,00 N3.F 15.000.000,00","N3.E 12.000.000,00 N3.F 15.000.000,00",754420.93,,euro,EUR,unclear,review,0.5,docx_parser,docx_table,"Parsed from table 0, row 0"
Spain,2013,pdf_9cff4a8a4e03__BOE-A-2013-13616-consolidado_para_2014.txt,0,section_total,,PROGRAMAS DE CUALIFICACIÓN PROFESIONAL INICIAL,PROGRAMAS DE CUALIFICACIÓN PROFESIONAL INICIAL,,PROGRAMAS DE CUALIFICACIÓN PROFESIONAL INICIAL,PROGRAMAS DE CUALIFICACIÓN PROFESIONAL INICIAL,58596.939999999995,,euro,EUR,direct_rd,include,0.9,docx_parser,docx_table,"Parsed from table 0, row 0"
Spain,2013,pdf_9cff4a8a4e03__BOE-A-2013-13616-consolidado_para_2014.txt,0,section_total,,TARIFA PARA LA COTIZACIÓN POR ACCIDENTES DE TRABAJO Y ENFERMEDADES PROFESIONALES,TARIFA PARA LA COTIZACIÓN POR ACCIDENTES DE TRABAJO Y ENFERMEDADES PROFESIONALES,,TARIFA PARA LA COTIZACIÓN POR ACCIDENTES DE TRABAJO Y ENFERMEDADES PROFESIONALES,TARIFA PARA LA COTIZACIÓN POR ACCIDENTES DE TRABAJO Y ENFERMEDADES PROFESIONALES,20380000.0,,euro,EUR,unclear,review,0.5,docx_parser,docx_table,"Parsed from table 0, row 0"
Spain,2013,pdf_9cff4a8a4e03__BOE-A-2013-13616-consolidado_para_2014.txt,0,section_total,,TOTAL INGRESOS,TOTAL INGRESOS,,TOTAL INGRESOS,TOTAL INGRESOS,1062287.71,,euro,EUR,unclear,review,0.5,docx_parser,docx_table,"Parsed from table 0, row 0"
Spain,2013,pdf_9cff4a8a4e03__BOE-A-2013-13616-consolidado_para_2014.txt,0,section_total,,TRIBUNAL CONSTITUCIONAL,TRIBUNAL CONSTITUCIONAL,,TRIBUNAL CONSTITUCIONAL,TRIBUNAL CONSTITUCIONAL,80316.44,,euro,EUR,unclear,review,0.5,docx_parser,docx_table,"Parsed from table 0, row 0"
Spain,2013,pdf_9cff4a8a4e03__BOE-A-2013-13616-consolidado_para_2014.txt,0,section_total,,UNE ETS 300 744.,UNE ETS 300 744.,,UNE ETS 300 744.,UNE ETS 300 744.,13000.0,,euro,EUR,unclear,review,0.5,docx_parser,docx_table,"Parsed from table 0, row 0"
Spain,2013,pdf_9cff4a8a4e03__BOE-A-2013-13616-consolidado_para_2014.txt,0,section_total,,VL1-VL2-VL3-VCM,VL1-VL2-VL3-VCM,,VL1-VL2-VL3-VCM,VL1-VL2-VL3-VCM,192372000.0,,euro,EUR,unclear,review,0.5,docx_parser,docx_table,"Parsed from table 0, row 0"
Spain,2014,pdf_44b2db0b1b0b__BOE-A-2014-13612-consolidado_para_2015.txt,0,section_total,,ADMINISTRACIÓN CIVIL Y MILITAR DEL ESTADO,ADMINISTRACIÓN CIVIL Y MILITAR DEL ESTADO,,ADMINISTRACIÓN CIVIL Y MILITAR DEL ESTADO,ADMINISTRACIÓN CIVIL Y MILITAR DEL ESTADO,165649000.0,,euro,EUR,unclear,review,0.6,docx_parser,docx_table,"Parsed from table 0, row 0"
Spain,2014,pdf_44b2db0b1b0b__BOE-A-2014-13612-consolidado_para_2015.txt,0,section_total,,ADMINISTRACIÓN DE JUSTICIA,ADMINISTRACIÓN DE JUSTICIA,,ADMINISTRACIÓN DE JUSTICIA,ADMINISTRACIÓN DE JUSTICIA,3250000.0,,euro,EUR,unclear,review,0.6,docx_parser,docx_table,"Parsed from table 0, row 0"
Spain,2014,pdf_44b2db0b1b0b__BOE-A-2014-13612-consolidado_para_2015.txt,0,section_total,,AUTORIDAD PORTUARIA,AUTORIDAD PORTUARIA,,AUTORIDAD PORTUARIA,AUTORIDAD PORTUARIA,4589000.0,,euro,EUR,unclear,review,0.6,docx_parser,docx_table,"Parsed from table 0, row 0"
Spain,2014,pdf_44b2db0b1b0b__BOE-A-2014-13612-consolidado_para_2015.txt,0,section_total,,BACHILLERATO,BACHILLERATO,,BACHILLERATO,BACHILLERATO,62187.67,,euro,EUR,unclear,review,0.5,docx_parser,docx_table,"Parsed from table 0, row 0"
Spain,2014,pdf_44b2db0b1b0b__BOE-A-2014-13612-consolidado_para_2015.txt,0,section_total,,BOLETÍN OFICIAL DEL ESTADO LEGISLACIÓN CONSOLIDADA,BOLETÍN OFICIAL DEL ESTADO LEGISLACIÓN CONSOLIDADA,,BOLETÍN OFICIAL DEL ESTADO LEGISLACIÓN CONSOLIDADA,BOLETÍN OFICIAL DEL ESTADO LEGISLACIÓN CONSOLIDADA,492048000.0,,euro,EUR,unclear,review,0.5,docx_parser,docx_table,"Parsed from table 0, row 0"
Spain,2014,pdf_44b2db0b1b0b__BOE-A-2014-13612-consolidado_para_2015.txt,0,section_total,,C1 C2 C3 C4,C1 C2 C3 C4,,C1 C2 C3 C4,C1 C2 C3 C4,198591000.0,,euro,EUR,unclear,review,0.5,docx_parser,docx_table,"Parsed from table 0, row 0"
Spain,2014,pdf_44b2db0b1b0b__BOE-A-2014-13612-consolidado_para_2015.txt,0,section_total,,CAPÍTULO I,CAPÍTULO I,,CAPÍTULO I,CAPÍTULO I,486000.0,,euro,EUR,unclear,review,0.5,docx_parser,docx_table,"Parsed from table 0, row 0"
Spain,2014,pdf_44b2db0b1b0b__BOE-A-2014-13612-consolidado_para_2015.txt,0,section_total,,CAPÍTULO II,CAPÍTULO II,,CAPÍTULO II,CAPÍTULO II,173275.08000000002,,euro,EUR,unclear,review,0.5,docx_parser,docx_table,"Parsed from table 0, row 0"
Spain,2014,pdf_44b2db0b1b0b__BOE-A-2014-13612-consolidado_para_2015.txt,0,section_total,,CICLOS FORMATIVOS,CICLOS FORMATIVOS,,CICLOS FORMATIVOS,CICLOS FORMATIVOS,98288.18,,euro,EUR,unclear,review,0.5,docx_parser,docx_table,"Parsed from table 0, row 0"
Spain,2014,pdf_44b2db0b1b0b__BOE-A-2014-13612-consolidado_para_2015.txt,0,section_total,,CNAF UN 111,CNAF UN 111,,CNAF UN 111,CNAF UN 111,125000.0,,euro,EUR,unclear,review,0.5,docx_parser,docx_table,"Parsed from table 0, row 0"
Spain,2014,pdf_44b2db0b1b0b__BOE-A-2014-13612-consolidado_para_2015.txt,0,section_total,,CNAF UN 40,CNAF UN 40,,CNAF UN 40,CNAF UN 40,158000.0,,euro,EUR,unclear,review,0.5,docx_parser,docx_table,"Parsed from table 0, row 0"
Spain,2014,pdf_44b2db0b1b0b__BOE-A-2014-13612-consolidado_para_2015.txt,0,section_total,,CNAF UN 47,CNAF UN 47,,CNAF UN 47,CNAF UN 47,115000.0,,euro,EUR,unclear,review,0.5,docx_parser,docx_table,"Parsed from table 0, row 0"
Spain,2014,pdf_44b2db0b1b0b__BOE-A-2014-13612-consolidado_para_2015.txt,0,section_total,,CNAF UN 88,CNAF UN 88,,CNAF UN 88,CNAF UN 88,118000.0,,euro,EUR,unclear,review,0.5,docx_parser,docx_table,"Parsed from table 0, row 0"
Spain,2014,pdf_44b2db0b1b0b__BOE-A-2014-13612-consolidado_para_2015.txt,0,section_total,,CORTES GENERALES,CORTES GENERALES,,CORTES GENERALES,CORTES GENERALES,297936000.0,,euro,EUR,unclear,review,0.5,docx_parser,docx_table,"Parsed from table 0, row 0"
Spain,2014,pdf_44b2db0b1b0b__BOE-A-2014-13612-consolidado_para_2015.txt,0,section_total,,"CUOTAS MENSUALES DE DERECHOS PASIVOS DE LOS FUNCIONARIOS CIVILES DEL ESTADO, DEL PERSONAL DE LAS FUERZAS ARMADAS, DE LOS MIEMBROS DE LAS CARRERAS JUDICIAL Y FISCAL, DE LOS DEL CUERPO DE SECRETARIOS JUDICIALES Y DE LOS CUERPOS AL SERVICIO DE LA ADMINISTRACIÓN DE JUSTICIA","CUOTAS MENSUALES DE DERECHOS PASIVOS DE LOS FUNCIONARIOS CIVILES DEL ESTADO, DEL PERSONAL DE LAS FUERZAS ARMADAS, DE LOS MIEMBROS DE LAS CARRERAS JUDICIAL Y FISCAL, DE LOS DEL CUERPO DE SECRETARIOS JUDICIALES Y DE LOS CUERPOS AL SERVICIO DE LA ADMINISTRACIÓN DE JUSTICIA",,"CUOTAS MENSUALES DE DERECHOS PASIVOS DE LOS FUNCIONARIOS CIVILES DEL ESTADO, DEL PERSONAL DE LAS FUERZAS ARMADAS, DE LOS MIEMBROS DE LAS CARRERAS JUDICIAL Y FISCAL, DE LOS DEL CUERPO DE SECRETARIOS JUDICIALES Y DE LOS CUERPOS AL SERVICIO DE LA ADMINISTRACIÓN DE JUSTICIA","CUOTAS MENSUALES DE DERECHOS PASIVOS DE LOS FUNCIONARIOS CIVILES DEL ESTADO, DEL PERSONAL DE LAS FUERZAS ARMADAS, DE LOS MIEMBROS DE LAS CARRERAS JUDICIAL Y FISCAL, DE LOS DEL CUERPO DE SECRETARIOS JUDICIALES Y DE LOS CUERPOS AL SERVICIO DE LA ADMINISTRACIÓN DE JUSTICIA",23752000.0,,euro,EUR,unclear,review,0.5,docx_parser,docx_table,"Parsed from table 0, row 0"
Spain,2014,pdf_44b2db0b1b0b__BOE-A-2014-13612-consolidado_para_2015.txt,0,section_total,,EDUCACIÓN INFANTIL,EDUCACIÓN INFANTIL,,EDUCACIÓN INFANTIL,EDUCACIÓN INFANTIL,3740.29,,euro,EUR,direct_rd,include,0.9,docx_parser,docx_table,"Parsed from table 0, row 0"
Spain,2014,pdf_44b2db0b1b0b__BOE-A-2014-13612-consolidado_para_2015.txt,0,section_total,,EDUCACIÓN INFANTIL Y PRIMARIA,EDUCACIÓN INFANTIL Y PRIMARIA,,EDUCACIÓN INFANTIL Y PRIMARIA,EDUCACIÓN INFANTIL Y PRIMARIA,33337.01,,euro,EUR,unclear,review,0.6,docx_parser,docx_table,"Parsed from table 0, row 0"
Spain,2014,pdf_44b2db0b1b0b__BOE-A-2014-13612-consolidado_para_2015.txt,0,section_total,,EDUCACIÓN PRIMARIA,EDUCACIÓN PRIMARIA,,EDUCACIÓN PRIMARIA,EDUCACIÓN PRIMARIA,3740.29,,euro,EUR,unclear,review,0.6,docx_parser,docx_table,"Parsed from table 0, row 0"
Spain,2014,pdf_44b2db0b1b0b__BOE-A-2014-13612-consolidado_para_2015.txt,0,section_total,,EDUCACIÓN SECUNDARIA OBLIGATORIA,EDUCACIÓN SECUNDARIA OBLIGATORIA,,EDUCACIÓN SECUNDARIA OBLIGATORIA,EDUCACIÓN SECUNDARIA OBLIGATORIA,40590.10999999999,,euro,EUR,unclear,review,0.6,docx_parser,docx_table,"Parsed from table 0, row 0"
Spain,2014,pdf_44b2db0b1b0b__BOE-A-2014-13612-consolidado_para_2015.txt,0,section_total,,ETS 300 401.,ETS 300 401.,,ETS 300 401.,ETS 300 401.,125000.0,,euro,EUR,unclear,review,0.5,docx_parser,docx_table,"Parsed from table 0, row 0"
Spain,2014,pdf_44b2db0b1b0b__BOE-A-2014-13612-consolidado_para_2015.txt,0,section_total,,FORMACIÓN PROFESIONAL BÁSICA,FORMACIÓN PROFESIONAL BÁSICA,,FORMACIÓN PROFESIONAL BÁSICA,FORMACIÓN PROFESIONAL BÁSICA,141161.78000000003,,euro,EUR,unclear,review,0.6,docx_parser,docx_table,"Parsed from table 0, row 0"
Spain,2014,pdf_44b2db0b1b0b__BOE-A-2014-13612-consolidado_para_2015.txt,0,section_total,,"FUNCIONARIOS CIVILES DEL ESTADO, AL INSTITUTO SOCIAL DE LAS FUERZAS ARMADAS Y A LA MUTUALIDAD GENERAL JUDICIAL","FUNCIONARIOS CIVILES DEL ESTADO, AL INSTITUTO SOCIAL DE LAS FUERZAS ARMADAS Y A LA MUTUALIDAD GENERAL JUDICIAL",,"FUNCIONARIOS CIVILES DEL ESTADO, AL INSTITUTO SOCIAL DE LAS FUERZAS ARMADAS Y A LA MUTUALIDAD GENERAL JUDICIAL","FUNCIONARIOS CIVILES DEL ESTADO, AL INSTITUTO SOCIAL DE LAS FUERZAS ARMADAS Y A LA MUTUALIDAD GENERAL JUDICIAL",10400000.0,,euro,EUR,unclear,review,0.5,docx_parser,docx_table,"Parsed from table 0, row 0"
Spain,2014,pdf_44b2db0b1b0b__BOE-A-2014-13612-consolidado_para_2015.txt,0,section_total,,IMPORTE TOTAL ANUAL.,IMPORTE TOTAL ANUAL.,,IMPORTE TOTAL ANUAL.,IMPORTE TOTAL ANUAL.,132565.77,,euro,EUR,unclear,review,0.5,docx_parser,docx_table,"Parsed from table 0, row 0"
Spain,2014,pdf_44b2db0b1b0b__BOE-A-2014-13612-consolidado_para_2015.txt,0,section_total,,MARIANO RAJOY BREY,MARIANO RAJOY BREY,,MARIANO RAJOY BREY,MARIANO RAJOY BREY,4839169.0,,euro,EUR,unclear,review,0.5,docx_parser,docx_table,"Parsed from table 0, row 0"
Spain,2014,pdf_44b2db0b1b0b__BOE-A-2014-13612-consolidado_para_2015.txt,0,section_total,,PROGRAMAS DE CUALIFICACIÓN PROFESIONAL INICIAL (3),PROGRAMAS DE CUALIFICACIÓN PROFESIONAL INICIAL (3),,PROGRAMAS DE CUALIFICACIÓN PROFESIONAL INICIAL (3),PROGRAMAS DE CUALIFICACIÓN PROFESIONAL INICIAL (3),56964.09,,euro,EUR,direct_rd,include,0.9,docx_parser,docx_table,"Parsed from table 0, row 0"
Spain,2014,pdf_44b2db0b1b0b__BOE-A-2014-13612-consolidado_para_2015.txt,0,section_total,,TRIBUNAL CONSTITUCIONAL,TRIBUNAL CONSTITUCIONAL,,TRIBUNAL CONSTITUCIONAL,TRIBUNAL CONSTITUCIONAL,80517.24,,euro,EUR,unclear,review,0.5,docx_parser,docx_table,"Parsed from table 0, row 0"
Spain,2014,pdf_44b2db0b1b0b__BOE-A-2014-13612-consolidado_para_2015.txt,0,section_total,,UNE ETS 300 744.,UNE ETS 300 744.,,UNE ETS 300 744.,UNE ETS 300 744.,13000.0,,euro,EUR,unclear,review,0.5,docx_parser,docx_table,"Parsed from table 0, row 0"
Spain,2015,pdf_1be7876fd2bf__2016_BOE-A-2015-11644-consolidado.txt,0,section_total,,ADMINISTRACIÓN CIVIL Y MILITAR DEL ESTADO,ADMINISTRACIÓN CIVIL Y MILITAR DEL ESTADO,,ADMINISTRACIÓN CIVIL Y MILITAR DEL ESTADO,ADMINISTRACIÓN CIVIL Y MILITAR DEL ESTADO,166063000.0,,euro,EUR,unclear,review,0.6,docx_parser,docx_table,"Parsed from table 0, row 0"
Spain,2015,pdf_1be7876fd2bf__2016_BOE-A-2015-11644-consolidado.txt,0,section_total,,ADMINISTRACIÓN DE JUSTICIA,ADMINISTRACIÓN DE JUSTICIA,,ADMINISTRACIÓN DE JUSTICIA,ADMINISTRACIÓN DE JUSTICIA,1925000.0,,euro,EUR,unclear,review,0.6,docx_parser,docx_table,"Parsed from table 0, row 0"
Spain,2015,pdf_1be7876fd2bf__2016_BOE-A-2015-11644-consolidado.txt,0,section_total,,BACHILLERATO,BACHILLERATO,,BACHILLERATO,BACHILLERATO,62809.54,,euro,EUR,unclear,review,0.5,docx_parser,docx_table,"Parsed from table 0, row 0"
Spain,2015,pdf_1be7876fd2bf__2016_BOE-A-2015-11644-consolidado.txt,0,section_total,,BOLETÍN OFICIAL DEL ESTADO LEGISLACIÓN CONSOLIDADA,BOLETÍN OFICIAL DEL ESTADO LEGISLACIÓN CONSOLIDADA,,BOLETÍN OFICIAL DEL ESTADO LEGISLACIÓN CONSOLIDADA,BOLETÍN OFICIAL DEL ESTADO LEGISLACIÓN CONSOLIDADA,149151250.52,,euro,EUR,unclear,review,0.5,docx_parser,docx_table,"Parsed from table 0, row 0"
Spain,2015,pdf_1be7876fd2bf__2016_BOE-A-2015-11644-consolidado.txt,0,section_total,,C1 C2 C3 C4,C1 C2 C3 C4,,C1 C2 C3 C4,C1 C2 C3 C4,1248399000.0,,euro,EUR,unclear,review,0.5,docx_parser,docx_table,"Parsed from table 0, row 0"
Spain,2015,pdf_1be7876fd2bf__2016_BOE-A-2015-11644-consolidado.txt,0,section_total,,C1 C2 C3 C4 C5,C1 C2 C3 C4 C5,,C1 C2 C3 C4 C5,C1 C2 C3 C4 C5,1273000.0,,euro,EUR,unclear,review,0.5,docx_parser,docx_table,"Parsed from table 0, row 0"
Spain,2015,pdf_1be7876fd2bf__2016_BOE-A-2015-11644-consolidado.txt,0,section_total,,CICLOS FORMATIVOS,CICLOS FORMATIVOS,,CICLOS FORMATIVOS,CICLOS FORMATIVOS,175433.68000000005,,euro,EUR,unclear,review,0.5,docx_parser,docx_table,"Parsed from table 0, row 0"
Spain,2015,pdf_1be7876fd2bf__2016_BOE-A-2015-11644-consolidado.txt,0,section_total,,CNAF UN 111,CNAF UN 111,,CNAF UN 111,CNAF UN 111,697000.0,,euro,EUR,unclear,review,0.5,docx_parser,docx_table,"Parsed from table 0, row 0"
Spain,2015,pdf_1be7876fd2bf__2016_BOE-A-2015-11644-consolidado.txt,0,section_total,,CNAF UN 47,CNAF UN 47,,CNAF UN 47,CNAF UN 47,115000.0,,euro,EUR,unclear,review,0.5,docx_parser,docx_table,"Parsed from table 0, row 0"
Spain,2015,pdf_1be7876fd2bf__2016_BOE-A-2015-11644-consolidado.txt,0,section_total,,CNAF UN 88,CNAF UN 88,,CNAF UN 88,CNAF UN 88,243000.0,,euro,EUR,unclear,review,0.5,docx_parser,docx_table,"Parsed from table 0, row 0"
Spain,2015,pdf_1be7876fd2bf__2016_BOE-A-2015-11644-consolidado.txt,0,section_total,,CORTES GENERALES,CORTES GENERALES,,CORTES GENERALES,CORTES GENERALES,298680000.0,,euro,EUR,unclear,review,0.5,docx_parser,docx_table,"Parsed from table 0, row 0"
Spain,2015,pdf_1be7876fd2bf__2016_BOE-A-2015-11644-consolidado.txt,0,section_total,,"CUOTAS MENSUALES DE DERECHOS PASIVOS DE LOS FUNCIONARIOS CIVILES DEL ESTADO, DEL PERSONAL DE LAS FUERZAS ARMADAS, DE LOS MIEMBROS DE LAS CARRERAS JUDICIAL Y FISCAL, DE LOS DEL CUERPO DE SECRETARIOS JUDICIALES Y DE LOS CUERPOS AL SERVICIO DE LA ADMINISTRACIÓN DE JUSTICIA","CUOTAS MENSUALES DE DERECHOS PASIVOS DE LOS FUNCIONARIOS CIVILES DEL ESTADO, DEL PERSONAL DE LAS FUERZAS ARMADAS, DE LOS MIEMBROS DE LAS CARRERAS JUDICIAL Y FISCAL, DE LOS DEL CUERPO DE SECRETARIOS JUDICIALES Y DE LOS CUERPOS AL SERVICIO DE LA ADMINISTRACIÓN DE JUSTICIA",,"CUOTAS MENSUALES DE DERECHOS PASIVOS DE LOS FUNCIONARIOS CIVILES DEL ESTADO, DEL PERSONAL DE LAS FUERZAS ARMADAS, DE LOS MIEMBROS DE LAS CARRERAS JUDICIAL Y FISCAL, DE LOS DEL CUERPO DE SECRETARIOS JUDICIALES Y DE LOS CUERPOS AL SERVICIO DE LA ADMINISTRACIÓN DE JUSTICIA","CUOTAS MENSUALES DE DERECHOS PASIVOS DE LOS FUNCIONARIOS CIVILES DEL ESTADO, DEL PERSONAL DE LAS FUERZAS ARMADAS, DE LOS MIEMBROS DE LAS CARRERAS JUDICIAL Y FISCAL, DE LOS DEL CUERPO DE SECRETARIOS JUDICIALES Y DE LOS CUERPOS AL SERVICIO DE LA ADMINISTRACIÓN DE JUSTICIA",23811000.0,,euro,EUR,unclear,review,0.5,docx_parser,docx_table,"Parsed from table 0, row 0"
Spain,2015,pdf_1be7876fd2bf__2016_BOE-A-2015-11644-consolidado.txt,0,section_total,,EDUCACIÓN INFANTIL,EDUCACIÓN INFANTIL,,EDUCACIÓN INFANTIL,EDUCACIÓN INFANTIL,3777.69,,euro,EUR,direct_rd,include,0.9,docx_parser,docx_table,"Parsed from table 0, row 0"
Spain,2015,pdf_1be7876fd2bf__2016_BOE-A-2015-11644-consolidado.txt,0,section_total,,EDUCACIÓN INFANTIL Y PRIMARIA,EDUCACIÓN INFANTIL Y PRIMARIA,,EDUCACIÓN INFANTIL Y PRIMARIA,EDUCACIÓN INFANTIL Y PRIMARIA,33670.380000000005,,euro,EUR,unclear,review,0.6,docx_parser,docx_table,"Parsed from table 0, row 0"
Spain,2015,pdf_1be7876fd2bf__2016_BOE-A-2015-11644-consolidado.txt,0,section_total,,EDUCACIÓN PRIMARIA,EDUCACIÓN PRIMARIA,,EDUCACIÓN PRIMARIA,EDUCACIÓN PRIMARIA,3777.69,,euro,EUR,unclear,review,0.6,docx_parser,docx_table,"Parsed from table 0, row 0"
Spain,2015,pdf_1be7876fd2bf__2016_BOE-A-2015-11644-consolidado.txt,0,section_total,,EDUCACIÓN SECUNDARIA OBLIGATORIA,EDUCACIÓN SECUNDARIA OBLIGATORIA,,EDUCACIÓN SECUNDARIA OBLIGATORIA,EDUCACIÓN SECUNDARIA OBLIGATORIA,40996.009999999995,,euro,EUR,unclear,review,0.6,docx_parser,docx_table,"Parsed from table 0, row 0"
Spain,2015,pdf_1be7876fd2bf__2016_BOE-A-2015-11644-consolidado.txt,0,section_total,,ETS 300 401.,ETS 300 401.,,ETS 300 401.,ETS 300 401.,125000.0,,euro,EUR,unclear,review,0.5,docx_parser,docx_table,"Parsed from table 0, row 0"
Spain,2015,pdf_1be7876fd2bf__2016_BOE-A-2015-11644-consolidado.txt,0,section_total,,FORMACIÓN PROFESIONAL BÁSICA,FORMACIÓN PROFESIONAL BÁSICA,,FORMACIÓN PROFESIONAL BÁSICA,FORMACIÓN PROFESIONAL BÁSICA,190085.11000000002,,euro,EUR,unclear,review,0.6,docx_parser,docx_table,"Parsed from table 0, row 0"
Spain,2015,pdf_1be7876fd2bf__2016_BOE-A-2015-11644-consolidado.txt,0,section_total,,"FUNCIONARIOS CIVILES DEL ESTADO, AL INSTITUTO SOCIAL DE LAS FUERZAS ARMADAS Y A LA MUTUALIDAD GENERAL JUDICIAL","FUNCIONARIOS CIVILES DEL ESTADO, AL INSTITUTO SOCIAL DE LAS FUERZAS ARMADAS Y A LA MUTUALIDAD GENERAL JUDICIAL",,"FUNCIONARIOS CIVILES DEL ESTADO, AL INSTITUTO SOCIAL DE LAS FUERZAS ARMADAS Y A LA MUTUALIDAD GENERAL JUDICIAL","FUNCIONARIOS CIVILES DEL ESTADO, AL INSTITUTO SOCIAL DE LAS FUERZAS ARMADAS Y A LA MUTUALIDAD GENERAL JUDICIAL",10425000.0,,euro,EUR,unclear,review,0.5,docx_parser,docx_table,"Parsed from table 0, row 0"
Spain,2015,pdf_1be7876fd2bf__2016_BOE-A-2015-11644-consolidado.txt,0,section_total,,IMPORTE TOTAL ANUAL,IMPORTE TOTAL ANUAL,,IMPORTE TOTAL ANUAL,IMPORTE TOTAL ANUAL,133891.44,,euro,EUR,unclear,review,0.5,docx_parser,docx_table,"Parsed from table 0, row 0"
Spain,2015,pdf_1be7876fd2bf__2016_BOE-A-2015-11644-consolidado.txt,0,section_total,,MARIANO RAJOY BREY,MARIANO RAJOY BREY,,MARIANO RAJOY BREY,MARIANO RAJOY BREY,1853001.81,,euro,EUR,unclear,review,0.5,docx_parser,docx_table,"Parsed from table 0, row 0"
Spain,2015,pdf_1be7876fd2bf__2016_BOE-A-2015-11644-consolidado.txt,0,section_total,,TRIBUNAL CONSTITUCIONAL,TRIBUNAL CONSTITUCIONAL,,TRIBUNAL CONSTITUCIONAL,TRIBUNAL CONSTITUCIONAL,3255.56,,euro,EUR,unclear,review,0.5,docx_parser,docx_table,"Parsed from table 0, row 0"
Spain,2015,pdf_1be7876fd2bf__2016_BOE-A-2015-11644-consolidado.txt,0,section_total,,UNE ETS 300 744.,UNE ETS 300 744.,,UNE ETS 300 744.,UNE ETS 300 744.,13000.0,,euro,EUR,unclear,review,0.5,docx_parser,docx_table,"Parsed from table 0, row 0"
Spain,2015,pdf_1be7876fd2bf__BOE-A-2015-11644-consolidado_para_2016.txt,0,section_total,,ADMINISTRACIÓN CIVIL Y MILITAR DEL ESTADO,ADMINISTRACIÓN CIVIL Y MILITAR DEL ESTADO,,ADMINISTRACIÓN CIVIL Y MILITAR DEL ESTADO,ADMINISTRACIÓN CIVIL Y MILITAR DEL ESTADO,97054.02,,euro,EUR,unclear,review,0.6,docx_parser,docx_table,"Parsed from table 0, row 0"
Spain,2015,pdf_1be7876fd2bf__BOE-A-2015-11644-consolidado_para_2016.txt,0,section_total,,ADMINISTRACIÓN DE JUSTICIA,ADMINISTRACIÓN DE JUSTICIA,,ADMINISTRACIÓN DE JUSTICIA,ADMINISTRACIÓN DE JUSTICIA,3250000.0,,euro,EUR,unclear,review,0.6,docx_parser,docx_table,"Parsed from table 0, row 0"
Spain,2015,pdf_1be7876fd2bf__BOE-A-2015-11644-consolidado_para_2016.txt,0,section_total,,BOLETÍN OFICIAL DEL ESTADO LEGISLACIÓN CONSOLIDADA,BOLETÍN OFICIAL DEL ESTADO LEGISLACIÓN CONSOLIDADA,,BOLETÍN OFICIAL DEL ESTADO LEGISLACIÓN CONSOLIDADA,BOLETÍN OFICIAL DEL ESTADO LEGISLACIÓN CONSOLIDADA,391213861.84000003,,euro,EUR,unclear,review,0.5,docx_parser,docx_table,"Parsed from table 0, row 0"
Spain,2015,pdf_1be7876fd2bf__BOE-A-2015-11644-consolidado_para_2016.txt,0,section_total,,CAPÍTULO II,CAPÍTULO II,,CAPÍTULO II,CAPÍTULO II,148638.72,,euro,EUR,unclear,review,0.5,docx_parser,docx_table,"Parsed from table 0, row 0"
Spain,2015,pdf_1be7876fd2bf__BOE-A-2015-11644-consolidado_para_2016.txt,0,section_total,,CORTES GENERALES,CORTES GENERALES,,CORTES GENERALES,CORTES GENERALES,140378.38999999998,,euro,EUR,unclear,review,0.5,docx_parser,docx_table,"Parsed from table 0, row 0"
Spain,2015,pdf_1be7876fd2bf__BOE-A-2015-11644-consolidado_para_2016.txt,0,section_total,,TRIBUNAL CONSTITUCIONAL,TRIBUNAL CONSTITUCIONAL,,TRIBUNAL CONSTITUCIONAL,TRIBUNAL CONSTITUCIONAL,80718.54000000001,,euro,EUR,unclear,review,0.5,docx_parser,docx_table,"Parsed from table 0, row 0"
Spain,2017,pdf_11685d6dbf4b__BOE-A-2017-7387-consolidado_para_2017.txt,0,section_total,,BACHILLERATO,BACHILLERATO,,BACHILLERATO,BACHILLERATO,63437.64,,euro,EUR,unclear,review,0.5,docx_parser,docx_table,"Parsed from table 0, row 0"
Spain,2017,pdf_11685d6dbf4b__BOE-A-2017-7387-consolidado_para_2017.txt,0,section_total,,BOLETÍN OFICIAL DEL ESTADO LEGISLACIÓN CONSOLIDADA,BOLETÍN OFICIAL DEL ESTADO LEGISLACIÓN CONSOLIDADA,,BOLETÍN OFICIAL DEL ESTADO LEGISLACIÓN CONSOLIDADA,BOLETÍN OFICIAL DEL ESTADO LEGISLACIÓN CONSOLIDADA,6732470498.0,,euro,EUR,unclear,review,0.5,docx_parser,docx_table,"Parsed from table 0, row 0"
Spain,2017,pdf_11685d6dbf4b__BOE-A-2017-7387-consolidado_para_2017.txt,0,section_total,,BONIFICACIONES 2017 (ART. 182),BONIFICACIONES 2017 (ART. 182),,BONIFICACIONES 2017 (ART. 182),BONIFICACIONES 2017 (ART. 182),29000.0,,euro,EUR,unclear,review,0.5,docx_parser,docx_table,"Parsed from table 0, row 0"
Spain,2017,pdf_11685d6dbf4b__BOE-A-2017-7387-consolidado_para_2017.txt,0,section_total,,C1 C2 C3 C4,C1 C2 C3 C4,,C1 C2 C3 C4,C1 C2 C3 C4,198591000.0,,euro,EUR,unclear,review,0.5,docx_parser,docx_table,"Parsed from table 0, row 0"
Spain,2017,pdf_11685d6dbf4b__BOE-A-2017-7387-consolidado_para_2017.txt,0,section_total,,CAPÍTULO II,CAPÍTULO II,,CAPÍTULO II,CAPÍTULO II,194182.31999999998,,euro,EUR,unclear,review,0.5,docx_parser,docx_table,"Parsed from table 0, row 0"
Spain,2017,pdf_11685d6dbf4b__BOE-A-2017-7387-consolidado_para_2017.txt,0,section_total,,CICLOS FORMATIVOS,CICLOS FORMATIVOS,,CICLOS FORMATIVOS,CICLOS FORMATIVOS,177188.02999999997,,euro,EUR,unclear,review,0.5,docx_parser,docx_table,"Parsed from table 0, row 0"
Spain,2017,pdf_11685d6dbf4b__BOE-A-2017-7387-consolidado_para_2017.txt,0,section_total,,CNAF UN 88,CNAF UN 88,,CNAF UN 88,CNAF UN 88,7854000.0,,euro,EUR,unclear,review,0.5,docx_parser,docx_table,"Parsed from table 0, row 0"
Spain,2017,pdf_11685d6dbf4b__BOE-A-2017-7387-consolidado_para_2017.txt,0,section_total,,EDUCACIÓN INFANTIL Y PRIMARIA,EDUCACIÓN INFANTIL Y PRIMARIA,,EDUCACIÓN INFANTIL Y PRIMARIA,EDUCACIÓN INFANTIL Y PRIMARIA,34007.090000000004,,euro,EUR,unclear,review,0.6,docx_parser,docx_table,"Parsed from table 0, row 0"
Spain,2017,pdf_11685d6dbf4b__BOE-A-2017-7387-consolidado_para_2017.txt,0,section_total,,EDUCACIÓN SECUNDARIA OBLIGATORIA,EDUCACIÓN SECUNDARIA OBLIGATORIA,,EDUCACIÓN SECUNDARIA OBLIGATORIA,EDUCACIÓN SECUNDARIA OBLIGATORIA,41405.979999999996,,euro,EUR,unclear,review,0.6,docx_parser,docx_table,"Parsed from table 0, row 0"
Spain,2017,pdf_11685d6dbf4b__BOE-A-2017-7387-consolidado_para_2017.txt,0,section_total,,ETS 300 401.,ETS 300 401.,,ETS 300 401.,ETS 300 401.,125000.0,,euro,EUR,unclear,review,0.5,docx_parser,docx_table,"Parsed from table 0, row 0"
Spain,2017,pdf_11685d6dbf4b__BOE-A-2017-7387-consolidado_para_2017.txt,0,section_total,,FORMACIÓN PROFESIONAL BÁSICA,FORMACIÓN PROFESIONAL BÁSICA,,FORMACIÓN PROFESIONAL BÁSICA,FORMACIÓN PROFESIONAL BÁSICA,191985.95999999996,,euro,EUR,unclear,review,0.6,docx_parser,docx_table,"Parsed from table 0, row 0"
Spain,2017,pdf_11685d6dbf4b__BOE-A-2017-7387-consolidado_para_2017.txt,0,section_total,,IMPORTE TOTAL ANUAL,IMPORTE TOTAL ANUAL,,IMPORTE TOTAL ANUAL,IMPORTE TOTAL ANUAL,83166.27999999998,,euro,EUR,unclear,review,0.5,docx_parser,docx_table,"Parsed from table 0, row 0"
Spain,2017,pdf_11685d6dbf4b__BOE-A-2017-7387-consolidado_para_2017.txt,0,section_total,,SEPI (1) (150.06),SEPI (1) (150.06),,SEPI (1) (150.06),SEPI (1) (150.06),525000.0,,euro,EUR,unclear,review,0.5,docx_parser,docx_table,"Parsed from table 0, row 0"
Spain,2017,pdf_11685d6dbf4b__BOE-A-2017-7387-consolidado_para_2017.txt,0,section_total,,TRAFICOSY SERVICIOS MARTNDS SENSBLES PRORTAROSO | ae CONOONES De APUCACON ESPECICAS,TRAFICOSY SERVICIOS MARTNDS SENSBLES PRORTAROSO | ae CONOONES De APUCACON ESPECICAS,,TRAFICOSY SERVICIOS MARTNDS SENSBLES PRORTAROSO | ae CONOONES De APUCACON ESPECICAS,TRAFICOSY SERVICIOS MARTNDS SENSBLES PRORTAROSO | ae CONOONES De APUCACON ESPECICAS,2018000.0,,euro,EUR,unclear,review,0.5,docx_parser,docx_table,"Parsed from table 0, row 0"
Spain,2017,pdf_11685d6dbf4b__BOE-A-2017-7387-consolidado_para_2017.txt,0,section_total,,TRIRCORY SERVES NME SENS | can TS TITI TT = =,TRIRCORY SERVES NME SENS | can TS TITI TT = =,,TRIRCORY SERVES NME SENS | can TS TITI TT = =,TRIRCORY SERVES NME SENS | can TS TITI TT = =,2018000.0,,euro,EUR,unclear,review,0.5,docx_parser,docx_table,"Parsed from table 0, row 0"
Spain,2018,pdf_393d42ef1759__BOE-A-2018-9268-consolidado_para_2018.txt,0,section_total,,ADMINISTRACIÓN CIVIL Y MILITAR DEL ESTADO,ADMINISTRACIÓN CIVIL Y MILITAR DEL ESTADO,,ADMINISTRACIÓN CIVIL Y MILITAR DEL ESTADO,ADMINISTRACIÓN CIVIL Y MILITAR DEL ESTADO,169148000.0,,euro,EUR,unclear,review,0.6,docx_parser,docx_table,"Parsed from table 0, row 0"
Spain,2018,pdf_393d42ef1759__BOE-A-2018-9268-consolidado_para_2018.txt,0,section_total,,ADMINISTRACIÓN DE JUSTICIA,ADMINISTRACIÓN DE JUSTICIA,,ADMINISTRACIÓN DE JUSTICIA,ADMINISTRACIÓN DE JUSTICIA,3250000.0,,euro,EUR,unclear,review,0.6,docx_parser,docx_table,"Parsed from table 0, row 0"
Spain,2018,pdf_393d42ef1759__BOE-A-2018-9268-consolidado_para_2018.txt,0,section_total,,"ADMINISTRATIVO, EMPRESARIAL Y FUNDACIONAL","ADMINISTRATIVO, EMPRESARIAL Y FUNDACIONAL",,"ADMINISTRATIVO, EMPRESARIAL Y FUNDACIONAL","ADMINISTRATIVO, EMPRESARIAL Y FUNDACIONAL",200000.0,,euro,EUR,unclear,review,0.5,docx_parser,docx_table,"Parsed from table 0, row 0"
Spain,2018,pdf_393d42ef1759__BOE-A-2018-9268-consolidado_para_2018.txt,0,section_total,,BACHILLERATO,BACHILLERATO,,BACHILLERATO,BACHILLERATO,64468.50000000001,,euro,EUR,unclear,review,0.5,docx_parser,docx_table,"Parsed from table 0, row 0"
Spain,2018,pdf_393d42ef1759__BOE-A-2018-9268-consolidado_para_2018.txt,0,section_total,,BOLETIN OFICIAL DEL ESTADO LEGISLACION CONSOLIDADA,BOLETIN OFICIAL DEL ESTADO LEGISLACION CONSOLIDADA,,BOLETIN OFICIAL DEL ESTADO LEGISLACION CONSOLIDADA,BOLETIN OFICIAL DEL ESTADO LEGISLACION CONSOLIDADA,7202723000.0,,euro,EUR,unclear,review,0.5,docx_parser,docx_table,"Parsed from table 0, row 0"
Spain,2018,pdf_393d42ef1759__BOE-A-2018-9268-consolidado_para_2018.txt,0,section_total,,C1 C2 C3 C4,C1 C2 C3 C4,,C1 C2 C3 C4,C1 C2 C3 C4,198591000.0,,euro,EUR,unclear,review,0.5,docx_parser,docx_table,"Parsed from table 0, row 0"
Spain,2018,pdf_393d42ef1759__BOE-A-2018-9268-consolidado_para_2018.txt,0,section_total,,CAPÍTULO II,CAPÍTULO II,,CAPÍTULO II,CAPÍTULO II,73085957.08,,euro,EUR,unclear,review,0.5,docx_parser,docx_table,"Parsed from table 0, row 0"
Spain,2018,pdf_393d42ef1759__BOE-A-2018-9268-consolidado_para_2018.txt,0,section_total,,CAPÍTULO III,CAPÍTULO III,,CAPÍTULO III,CAPÍTULO III,175000.0,,euro,EUR,unclear,review,0.5,docx_parser,docx_table,"Parsed from table 0, row 0"
Spain,2018,pdf_393d42ef1759__BOE-A-2018-9268-consolidado_para_2018.txt,0,section_total,,CICLOS FORMATIVOS,CICLOS FORMATIVOS,,CICLOS FORMATIVOS,CICLOS FORMATIVOS,208166.76,,euro,EUR,unclear,review,0.5,docx_parser,docx_table,"Parsed from table 0, row 0"
Spain,2018,pdf_393d42ef1759__BOE-A-2018-9268-consolidado_para_2018.txt,0,section_total,,CNAF UN 111,CNAF UN 111,,CNAF UN 111,CNAF UN 111,125000.0,,euro,EUR,unclear,review,0.5,docx_parser,docx_table,"Parsed from table 0, row 0"
Spain,2018,pdf_393d42ef1759__BOE-A-2018-9268-consolidado_para_2018.txt,0,section_total,,CNAF UN 47,CNAF UN 47,,CNAF UN 47,CNAF UN 47,115000.0,,euro,EUR,unclear,review,0.5,docx_parser,docx_table,"Parsed from table 0, row 0"
Spain,2018,pdf_393d42ef1759__BOE-A-2018-9268-consolidado_para_2018.txt,0,section_total,,CNAF UN 88,CNAF UN 88,,CNAF UN 88,CNAF UN 88,7854000.0,,euro,EUR,unclear,review,0.5,docx_parser,docx_table,"Parsed from table 0, row 0"
Spain,2018,pdf_393d42ef1759__BOE-A-2018-9268-consolidado_para_2018.txt,0,section_total,,CORTES GENERALES,CORTES GENERALES,,CORTES GENERALES,CORTES GENERALES,142985.76,,euro,EUR,unclear,review,0.5,docx_parser,docx_table,"Parsed from table 0, row 0"
Spain,2018,pdf_393d42ef1759__BOE-A-2018-9268-consolidado_para_2018.txt,0,section_total,,"DEUDA PUBLICA TOTAL 283.321,43","DEUDA PUBLICA TOTAL 283.321,43",,"DEUDA PUBLICA TOTAL 283.321,43","DEUDA PUBLICA TOTAL 283.321,43",132587.91999999998,,euro,EUR,unclear,review,0.5,docx_parser,docx_table,"Parsed from table 0, row 0"
Spain,2018,pdf_393d42ef1759__BOE-A-2018-9268-consolidado_para_2018.txt,0,section_total,,EDUCACIÓN INFANTIL,EDUCACIÓN INFANTIL,,EDUCACIÓN INFANTIL,EDUCACIÓN INFANTIL,3877.4700000000003,,euro,EUR,direct_rd,include,0.9,docx_parser,docx_table,"Parsed from table 0, row 0"
Spain,2018,pdf_393d42ef1759__BOE-A-2018-9268-consolidado_para_2018.txt,0,section_total,,EDUCACIÓN INFANTIL Y PRIMARIA,EDUCACIÓN INFANTIL Y PRIMARIA,,EDUCACIÓN INFANTIL Y PRIMARIA,EDUCACIÓN INFANTIL Y PRIMARIA,34559.7,,euro,EUR,unclear,review,0.6,docx_parser,docx_table,"Parsed from table 0, row 0"
Spain,2018,pdf_393d42ef1759__BOE-A-2018-9268-consolidado_para_2018.txt,0,section_total,,EDUCACIÓN PRIMARIA,EDUCACIÓN PRIMARIA,,EDUCACIÓN PRIMARIA,EDUCACIÓN PRIMARIA,3877.4700000000003,,euro,EUR,unclear,review,0.6,docx_parser,docx_table,"Parsed from table 0, row 0"
Spain,2018,pdf_393d42ef1759__BOE-A-2018-9268-consolidado_para_2018.txt,0,section_total,,EDUCACIÓN SECUNDARIA OBLIGATORIA,EDUCACIÓN SECUNDARIA OBLIGATORIA,,EDUCACIÓN SECUNDARIA OBLIGATORIA,EDUCACIÓN SECUNDARIA OBLIGATORIA,42078.83,,euro,EUR,unclear,review,0.6,docx_parser,docx_table,"Parsed from table 0, row 0"
Spain,2018,pdf_393d42ef1759__BOE-A-2018-9268-consolidado_para_2018.txt,0,section_total,,EJERCICIO PRESUPUESTARIO,EJERCICIO PRESUPUESTARIO,,EJERCICIO PRESUPUESTARIO,EJERCICIO PRESUPUESTARIO,645036.43,,euro,EUR,unclear,review,0.5,docx_parser,docx_table,"Parsed from table 0, row 0"
Spain,2018,pdf_393d42ef1759__BOE-A-2018-9268-consolidado_para_2018.txt,0,section_total,,ETS 300 401.,ETS 300 401.,,ETS 300 401.,ETS 300 401.,125000.0,,euro,EUR,unclear,review,0.5,docx_parser,docx_table,"Parsed from table 0, row 0"
Spain,2018,pdf_393d42ef1759__BOE-A-2018-9268-consolidado_para_2018.txt,0,section_total,,FORMACIÓN PROFESIONAL BÁSICA,FORMACIÓN PROFESIONAL BÁSICA,,FORMACIÓN PROFESIONAL BÁSICA,FORMACIÓN PROFESIONAL BÁSICA,122684.51000000002,,euro,EUR,unclear,review,0.6,docx_parser,docx_table,"Parsed from table 0, row 0"
Spain,2018,pdf_393d42ef1759__BOE-A-2018-9268-consolidado_para_2018.txt,0,section_total,,IMPORTE TOTAL ANUAL,IMPORTE TOTAL ANUAL,,IMPORTE TOTAL ANUAL,IMPORTE TOTAL ANUAL,137427.84,,euro,EUR,unclear,review,0.5,docx_parser,docx_table,"Parsed from table 0, row 0"
Spain,2018,pdf_393d42ef1759__BOE-A-2018-9268-consolidado_para_2018.txt,0,section_total,,INTERMEDIA,INTERMEDIA,,INTERMEDIA,INTERMEDIA,1864429000.0,,euro,EUR,unclear,review,0.5,docx_parser,docx_table,"Parsed from table 0, row 0"
Spain,2018,pdf_393d42ef1759__BOE-A-2018-9268-consolidado_para_2018.txt,0,section_total,,PASIVOS FINANCIEROS,PASIVOS FINANCIEROS,,PASIVOS FINANCIEROS,PASIVOS FINANCIEROS,863400.4199999999,,euro,EUR,unclear,review,0.5,docx_parser,docx_table,"Parsed from table 0, row 0"
Spain,2018,pdf_393d42ef1759__BOE-A-2018-9268-consolidado_para_2018.txt,0,section_total,,RESUMENES DE INGRESOS Y GASTOS,RESUMENES DE INGRESOS Y GASTOS,,RESUMENES DE INGRESOS Y GASTOS,RESUMENES DE INGRESOS Y GASTOS,2000.0,,euro,EUR,unclear,review,0.5,docx_parser,docx_table,"Parsed from table 0, row 0"
Spain,2018,pdf_393d42ef1759__BOE-A-2018-9268-consolidado_para_2018.txt,0,section_total,,SECCIÓN 17. MINISTERIO DE FOMENTO,SECCIÓN 17. MINISTERIO DE FOMENTO,,SECCIÓN 17. MINISTERIO DE FOMENTO,SECCIÓN 17. MINISTERIO DE FOMENTO,6057000.0,,euro,EUR,unclear,review,0.5,docx_parser,docx_table,"Parsed from table 0, row 0"
Spain,2018,pdf_393d42ef1759__BOE-A-2018-9268-consolidado_para_2018.txt,0,section_total,,TOTAL OPERACIONES FINANCIERAS,TOTAL OPERACIONES FINANCIERAS,,TOTAL OPERACIONES FINANCIERAS,TOTAL OPERACIONES FINANCIERAS,1668462.5799999998,,euro,EUR,unclear,review,0.5,docx_parser,docx_table,"Parsed from table 0, row 0"
Spain,2018,pdf_393d42ef1759__BOE-A-2018-9268-consolidado_para_2018.txt,0,section_total,,TRIBUNAL CONSTITUCIONAL,TRIBUNAL CONSTITUCIONAL,,TRIBUNAL CONSTITUCIONAL,TRIBUNAL CONSTITUCIONAL,82217.8,,euro,EUR,unclear,review,0.5,docx_parser,docx_table,"Parsed from table 0, row 0"
Spain,2018,pdf_393d42ef1759__BOE-A-2018-9268-consolidado_para_2018.txt,0,section_total,,UNE ETS 300 744.,UNE ETS 300 744.,,UNE ETS 300 744.,UNE ETS 300 744.,13000.0,,euro,EUR,unclear,review,0.5,docx_parser,docx_table,"Parsed from table 0, row 0"
Spain,2020,pdf_8d6fa2ff77bf__BOE-A-2020-17339-consolidado_para_2021.txt,0,section_total,,ADMINISTRACIÓN CIVIL Y MILITAR DEL ESTADO,ADMINISTRACIÓN CIVIL Y MILITAR DEL ESTADO,,ADMINISTRACIÓN CIVIL Y MILITAR DEL ESTADO,ADMINISTRACIÓN CIVIL Y MILITAR DEL ESTADO,175133000.0,,euro,EUR,unclear,review,0.6,docx_parser,docx_table,"Parsed from table 0, row 0"
Spain,2020,pdf_8d6fa2ff77bf__BOE-A-2020-17339-consolidado_para_2021.txt,0,section_total,,ADMINISTRACIÓN DE JUSTICIA,ADMINISTRACIÓN DE JUSTICIA,,ADMINISTRACIÓN DE JUSTICIA,ADMINISTRACIÓN DE JUSTICIA,3250000.0,,euro,EUR,unclear,review,0.6,docx_parser,docx_table,"Parsed from table 0, row 0"
Spain,2020,pdf_8d6fa2ff77bf__BOE-A-2020-17339-consolidado_para_2021.txt,0,section_total,,BACHILLERATO,BACHILLERATO,,BACHILLERATO,BACHILLERATO,79218.86,,euro,EUR,unclear,review,0.5,docx_parser,docx_table,"Parsed from table 0, row 0"
Spain,2020,pdf_8d6fa2ff77bf__BOE-A-2020-17339-consolidado_para_2021.txt,0,section_total,,BOLETÍN OFICIAL DEL ESTADO LEGISLACIÓN CONSOLIDADA,BOLETÍN OFICIAL DEL ESTADO LEGISLACIÓN CONSOLIDADA,,BOLETÍN OFICIAL DEL ESTADO LEGISLACIÓN CONSOLIDADA,BOLETÍN OFICIAL DEL ESTADO LEGISLACIÓN CONSOLIDADA,6732680792.0,,euro,EUR,unclear,review,0.5,docx_parser,docx_table,"Parsed from table 0, row 0"
Spain,2020,pdf_8d6fa2ff77bf__BOE-A-2020-17339-consolidado_para_2021.txt,0,section_total,,C1 C2 C3 C4,C1 C2 C3 C4,,C1 C2 C3 C4,C1 C2 C3 C4,983138000.0,,euro,EUR,unclear,review,0.5,docx_parser,docx_table,"Parsed from table 0, row 0"
Spain,2020,pdf_8d6fa2ff77bf__BOE-A-2020-17339-consolidado_para_2021.txt,0,section_total,,CAPÍTULO I,CAPÍTULO I,,CAPÍTULO I,CAPÍTULO I,3316850.0,,euro,EUR,unclear,review,0.5,docx_parser,docx_table,"Parsed from table 0, row 0"
Spain,2020,pdf_8d6fa2ff77bf__BOE-A-2020-17339-consolidado_para_2021.txt,0,section_total,,CAPÍTULO II,CAPÍTULO II,,CAPÍTULO II,CAPÍTULO II,188291.16000000003,,euro,EUR,unclear,review,0.5,docx_parser,docx_table,"Parsed from table 0, row 0"
Spain,2020,pdf_8d6fa2ff77bf__BOE-A-2020-17339-consolidado_para_2021.txt,0,section_total,,CAPÍTULO III,CAPÍTULO III,,CAPÍTULO III,CAPÍTULO III,24975000.0,,euro,EUR,unclear,review,0.5,docx_parser,docx_table,"Parsed from table 0, row 0"
Spain,2020,pdf_8d6fa2ff77bf__BOE-A-2020-17339-consolidado_para_2021.txt,0,section_total,,CICLOS FORMATIVOS,CICLOS FORMATIVOS,,CICLOS FORMATIVOS,CICLOS FORMATIVOS,219867.24000000002,,euro,EUR,unclear,review,0.5,docx_parser,docx_table,"Parsed from table 0, row 0"
Spain,2020,pdf_8d6fa2ff77bf__BOE-A-2020-17339-consolidado_para_2021.txt,0,section_total,,CNAF UN 111.,CNAF UN 111.,,CNAF UN 111.,CNAF UN 111.,125000.0,,euro,EUR,unclear,review,0.5,docx_parser,docx_table,"Parsed from table 0, row 0"
Spain,2020,pdf_8d6fa2ff77bf__BOE-A-2020-17339-consolidado_para_2021.txt,0,section_total,,CNAF UN 47.,CNAF UN 47.,,CNAF UN 47.,CNAF UN 47.,115000.0,,euro,EUR,unclear,review,0.5,docx_parser,docx_table,"Parsed from table 0, row 0"
Spain,2020,pdf_8d6fa2ff77bf__BOE-A-2020-17339-consolidado_para_2021.txt,0,section_total,,CNAF UN 88.,CNAF UN 88.,,CNAF UN 88.,CNAF UN 88.,118000.0,,euro,EUR,unclear,review,0.5,docx_parser,docx_table,"Parsed from table 0, row 0"
Spain,2020,pdf_8d6fa2ff77bf__BOE-A-2020-17339-consolidado_para_2021.txt,0,section_total,,CORTES GENERALES,CORTES GENERALES,,CORTES GENERALES,CORTES GENERALES,42001149.97,,euro,EUR,unclear,review,0.5,docx_parser,docx_table,"Parsed from table 0, row 0"
Spain,2020,pdf_8d6fa2ff77bf__BOE-A-2020-17339-consolidado_para_2021.txt,0,section_total,,EDUCACIÓN INFANTIL,EDUCACIÓN INFANTIL,,EDUCACIÓN INFANTIL,EDUCACIÓN INFANTIL,52270.829999999994,,euro,EUR,direct_rd,include,0.9,docx_parser,docx_table,"Parsed from table 0, row 0"
Spain,2020,pdf_8d6fa2ff77bf__BOE-A-2020-17339-consolidado_para_2021.txt,0,section_total,,EDUCACIÓN INFANTIL Y PRIMARIA,EDUCACIÓN INFANTIL Y PRIMARIA,,EDUCACIÓN INFANTIL Y PRIMARIA,EDUCACIÓN INFANTIL Y PRIMARIA,247241.5,,euro,EUR,unclear,review,0.6,docx_parser,docx_table,"Parsed from table 0, row 0"
Spain,2020,pdf_8d6fa2ff77bf__BOE-A-2020-17339-consolidado_para_2021.txt,0,section_total,,EDUCACIÓN PRIMARIA,EDUCACIÓN PRIMARIA,,EDUCACIÓN PRIMARIA,EDUCACIÓN PRIMARIA,52270.829999999994,,euro,EUR,unclear,review,0.6,docx_parser,docx_table,"Parsed from table 0, row 0"
Spain,2020,pdf_8d6fa2ff77bf__BOE-A-2020-17339-consolidado_para_2021.txt,0,section_total,,EDUCACIÓN SECUNDARIA OBLIGATORIA,EDUCACIÓN SECUNDARIA OBLIGATORIA,,EDUCACIÓN SECUNDARIA OBLIGATORIA,EDUCACIÓN SECUNDARIA OBLIGATORIA,163164.47,,euro,EUR,unclear,review,0.6,docx_parser,docx_table,"Parsed from table 0, row 0"
Spain,2020,pdf_8d6fa2ff77bf__BOE-A-2020-17339-consolidado_para_2021.txt,0,section_total,,ETS 300 401.,ETS 300 401.,,ETS 300 401.,ETS 300 401.,15000.0,,euro,EUR,unclear,review,0.5,docx_parser,docx_table,"Parsed from table 0, row 0"
Spain,2020,pdf_8d6fa2ff77bf__BOE-A-2020-17339-consolidado_para_2021.txt,0,section_total,,FORMACIÓN PROFESIONAL BÁSICA,FORMACIÓN PROFESIONAL BÁSICA,,FORMACIÓN PROFESIONAL BÁSICA,FORMACIÓN PROFESIONAL BÁSICA,207770.58,,euro,EUR,unclear,review,0.6,docx_parser,docx_table,"Parsed from table 0, row 0"
Spain,2020,pdf_8d6fa2ff77bf__BOE-A-2020-17339-consolidado_para_2021.txt,0,section_total,,FUNDACIONAL,FUNDACIONAL,,FUNDACIONAL,FUNDACIONAL,60000.0,,euro,EUR,unclear,review,0.5,docx_parser,docx_table,"Parsed from table 0, row 0"
Spain,2020,pdf_8d6fa2ff77bf__BOE-A-2020-17339-consolidado_para_2021.txt,0,section_total,,PASIVOS FINANCIEROS,PASIVOS FINANCIEROS,,PASIVOS FINANCIEROS,PASIVOS FINANCIEROS,921274.33,,euro,EUR,unclear,review,0.5,docx_parser,docx_table,"Parsed from table 0, row 0"
Spain,2020,pdf_8d6fa2ff77bf__BOE-A-2020-17339-consolidado_para_2021.txt,0,section_total,,PEDRO SÁNCHEZ PÉREZ-CASTEJÓN ANEXO I (1),PEDRO SÁNCHEZ PÉREZ-CASTEJÓN ANEXO I (1),,PEDRO SÁNCHEZ PÉREZ-CASTEJÓN ANEXO I (1),PEDRO SÁNCHEZ PÉREZ-CASTEJÓN ANEXO I (1),63364688.92,,euro,EUR,unclear,review,0.5,docx_parser,docx_table,"Parsed from table 0, row 0"
Spain,2020,pdf_8d6fa2ff77bf__BOE-A-2020-17339-consolidado_para_2021.txt,0,section_total,,RESUMENES DE INGRESOS Y GASTOS,RESUMENES DE INGRESOS Y GASTOS,,RESUMENES DE INGRESOS Y GASTOS,RESUMENES DE INGRESOS Y GASTOS,2000.0,,euro,EUR,unclear,review,0.5,docx_parser,docx_table,"Parsed from table 0, row 0"
Spain,2020,pdf_8d6fa2ff77bf__BOE-A-2020-17339-consolidado_para_2021.txt,0,section_total,,"SECCIÓN 17. MINISTERIO DE TRANSPORTES, MOVILIDAD Y AGENDA URBANA","SECCIÓN 17. MINISTERIO DE TRANSPORTES, MOVILIDAD Y AGENDA URBANA",,"SECCIÓN 17. MINISTERIO DE TRANSPORTES, MOVILIDAD Y AGENDA URBANA","SECCIÓN 17. MINISTERIO DE TRANSPORTES, MOVILIDAD Y AGENDA URBANA",150000.0,,euro,EUR,unclear,review,0.6,docx_parser,docx_table,"Parsed from table 0, row 0"
Spain,2020,pdf_8d6fa2ff77bf__BOE-A-2020-17339-consolidado_para_2021.txt,0,section_total,,SECCIÓN 23. MINISTERIO PARA LA TRANSICIÓN ECOLÓGICA Y EL RETO DEMOGRÁFICO,SECCIÓN 23. MINISTERIO PARA LA TRANSICIÓN ECOLÓGICA Y EL RETO DEMOGRÁFICO,,SECCIÓN 23. MINISTERIO PARA LA TRANSICIÓN ECOLÓGICA Y EL RETO DEMOGRÁFICO,SECCIÓN 23. MINISTERIO PARA LA TRANSICIÓN ECOLÓGICA Y EL RETO DEMOGRÁFICO,1600.0,,euro,EUR,unclear,review,0.6,docx_parser,docx_table,"Parsed from table 0, row 0"
Spain,2020,pdf_8d6fa2ff77bf__BOE-A-2020-17339-consolidado_para_2021.txt,0,section_total,,SECCIÓN 28. MINISTERIO DE CIENCIA E INNOVACIÓN,SECCIÓN 28. MINISTERIO DE CIENCIA E INNOVACIÓN,,SECCIÓN 28. MINISTERIO DE CIENCIA E INNOVACIÓN,SECCIÓN 28. MINISTERIO DE CIENCIA E INNOVACIÓN,2600.0,,euro,EUR,unclear,review,0.6,docx_parser,docx_table,"Parsed from table 0, row 0"
Spain,2020,pdf_8d6fa2ff77bf__BOE-A-2020-17339-consolidado_para_2021.txt,0,section_total,,TOTAL OPERACIONES FINANCIERAS,TOTAL OPERACIONES FINANCIERAS,,TOTAL OPERACIONES FINANCIERAS,TOTAL OPERACIONES FINANCIERAS,124045.27999999998,,euro,EUR,unclear,review,0.5,docx_parser,docx_table,"Parsed from table 0, row 0"
Spain,2020,pdf_8d6fa2ff77bf__BOE-A-2020-17339-consolidado_para_2021.txt,0,section_total,,"TRAFICOS Y SERVICIOS MARITIMOS SENSIBLES, PRIORITARIOS © ESTRATEGICOS","TRAFICOS Y SERVICIOS MARITIMOS SENSIBLES, PRIORITARIOS © ESTRATEGICOS",,"TRAFICOS Y SERVICIOS MARITIMOS SENSIBLES, PRIORITARIOS © ESTRATEGICOS","TRAFICOS Y SERVICIOS MARITIMOS SENSIBLES, PRIORITARIOS © ESTRATEGICOS",2020000.0,,euro,EUR,unclear,review,0.5,docx_parser,docx_table,"Parsed from table 0, row 0"
Spain,2020,pdf_8d6fa2ff77bf__BOE-A-2020-17339-consolidado_para_2021.txt,0,section_total,,TRIBUNAL CONSTITUCIONAL,TRIBUNAL CONSTITUCIONAL,,TRIBUNAL CONSTITUCIONAL,TRIBUNAL CONSTITUCIONAL,85127.36,,euro,EUR,unclear,review,0.5,docx_parser,docx_table,"Parsed from table 0, row 0"
Spain,2020,pdf_8d6fa2ff77bf__BOE-A-2020-17339-consolidado_para_2021.txt,0,section_total,,UNE ETS 300 744.,UNE ETS 300 744.,,UNE ETS 300 744.,UNE ETS 300 744.,13000.0,,euro,EUR,unclear,review,0.5,docx_parser,docx_table,"Parsed from table 0, row 0"
Spain,2021,pdf_5c0be4cc15ae__BOE-A-2021-21653-consolidado_para_2022.txt,0,section_total,,ADMINISTRACIÓN DE JUSTICIA,ADMINISTRACIÓN DE JUSTICIA,,ADMINISTRACIÓN DE JUSTICIA,ADMINISTRACIÓN DE JUSTICIA,650000.0,,euro,EUR,unclear,review,0.6,docx_parser,docx_table,"Parsed from table 0, row 0"
Spain,2021,pdf_5c0be4cc15ae__BOE-A-2021-21653-consolidado_para_2022.txt,0,section_total,,BACHILLERATO,BACHILLERATO,,BACHILLERATO,BACHILLERATO,80803.25,,euro,EUR,unclear,review,0.5,docx_parser,docx_table,"Parsed from table 0, row 0"
Spain,2021,pdf_5c0be4cc15ae__BOE-A-2021-21653-consolidado_para_2022.txt,0,section_total,,BOLETÍN OFICIAL DEL ESTADO LEGISLACIÓN CONSOLIDADA,BOLETÍN OFICIAL DEL ESTADO LEGISLACIÓN CONSOLIDADA,,BOLETÍN OFICIAL DEL ESTADO LEGISLACIÓN CONSOLIDADA,BOLETÍN OFICIAL DEL ESTADO LEGISLACIÓN CONSOLIDADA,21603540000.0,,euro,EUR,unclear,review,0.5,docx_parser,docx_table,"Parsed from table 0, row 0"
Spain,2021,pdf_5c0be4cc15ae__BOE-A-2021-21653-consolidado_para_2022.txt,0,section_total,,C1 C2 C3 C4,C1 C2 C3 C4,,C1 C2 C3 C4,C1 C2 C3 C4,202035000.0,,euro,EUR,unclear,review,0.5,docx_parser,docx_table,"Parsed from table 0, row 0"
Spain,2021,pdf_5c0be4cc15ae__BOE-A-2021-21653-consolidado_para_2022.txt,0,section_total,,CAPÍTULO II,CAPÍTULO II,,CAPÍTULO II,CAPÍTULO II,27264.000000000004,,euro,EUR,unclear,review,0.5,docx_parser,docx_table,"Parsed from table 0, row 0"
Spain,2021,pdf_5c0be4cc15ae__BOE-A-2021-21653-consolidado_para_2022.txt,0,section_total,,CICLOS FORMATIVOS,CICLOS FORMATIVOS,,CICLOS FORMATIVOS,CICLOS FORMATIVOS,167848.59,,euro,EUR,unclear,review,0.5,docx_parser,docx_table,"Parsed from table 0, row 0"
Spain,2021,pdf_5c0be4cc15ae__BOE-A-2021-21653-consolidado_para_2022.txt,0,section_total,,CNAF UN 111,CNAF UN 111,,CNAF UN 111,CNAF UN 111,697000.0,,euro,EUR,unclear,review,0.5,docx_parser,docx_table,"Parsed from table 0, row 0"
Spain,2021,pdf_5c0be4cc15ae__BOE-A-2021-21653-consolidado_para_2022.txt,0,section_total,,CNAF UN 47,CNAF UN 47,,CNAF UN 47,CNAF UN 47,115000.0,,euro,EUR,unclear,review,0.5,docx_parser,docx_table,"Parsed from table 0, row 0"
Spain,2021,pdf_5c0be4cc15ae__BOE-A-2021-21653-consolidado_para_2022.txt,0,section_total,,CNAF UN 88,CNAF UN 88,,CNAF UN 88,CNAF UN 88,118000.0,,euro,EUR,unclear,review,0.5,docx_parser,docx_table,"Parsed from table 0, row 0"
Spain,2021,pdf_5c0be4cc15ae__BOE-A-2021-21653-consolidado_para_2022.txt,0,section_total,,"DIRECCION GENERAL DE LA INDUSTRIA ALIMENTARIA 3.025,00","DIRECCION GENERAL DE LA INDUSTRIA ALIMENTARIA 3.025,00",,"DIRECCION GENERAL DE LA INDUSTRIA ALIMENTARIA 3.025,00","DIRECCION GENERAL DE LA INDUSTRIA ALIMENTARIA 3.025,00",48787.56,,euro,EUR,unclear,review,0.6,docx_parser,docx_table,"Parsed from table 0, row 0"
Spain,2021,pdf_5c0be4cc15ae__BOE-A-2021-21653-consolidado_para_2022.txt,0,section_total,,"DIRECCION GENERAL DE LA INDUSTRIA ALIMENTARIA 31.719,88","DIRECCION GENERAL DE LA INDUSTRIA ALIMENTARIA 31.719,88",,"DIRECCION GENERAL DE LA INDUSTRIA ALIMENTARIA 31.719,88","DIRECCION GENERAL DE LA INDUSTRIA ALIMENTARIA 31.719,88",131609.42,,euro,EUR,unclear,review,0.5,docx_parser,docx_table,"Parsed from table 0, row 0"
Spain,2021,pdf_5c0be4cc15ae__BOE-A-2021-21653-consolidado_para_2022.txt,0,section_total,,"DIRECCION GENERAL DE LA INDUSTRIA ALIMENTARIA 536,00","DIRECCION GENERAL DE LA INDUSTRIA ALIMENTARIA 536,00",,"DIRECCION GENERAL DE LA INDUSTRIA ALIMENTARIA 536,00","DIRECCION GENERAL DE LA INDUSTRIA ALIMENTARIA 536,00",77892.47,,euro,EUR,unclear,review,0.6,docx_parser,docx_table,"Parsed from table 0, row 0"
Spain,2021,pdf_5c0be4cc15ae__BOE-A-2021-21653-consolidado_para_2022.txt,0,section_total,,"DIRECCION GENERAL DE LA INDUSTRIA ALIMENTARIA 6.305,54","DIRECCION GENERAL DE LA INDUSTRIA ALIMENTARIA 6.305,54",,"DIRECCION GENERAL DE LA INDUSTRIA ALIMENTARIA 6.305,54","DIRECCION GENERAL DE LA INDUSTRIA ALIMENTARIA 6.305,54",1680.31,,euro,EUR,unclear,review,0.5,docx_parser,docx_table,"Parsed from table 0, row 0"
Spain,2021,pdf_5c0be4cc15ae__BOE-A-2021-21653-consolidado_para_2022.txt,0,section_total,,EDUCACIÓN INFANTIL,EDUCACIÓN INFANTIL,,EDUCACIÓN INFANTIL,EDUCACIÓN INFANTIL,49138.92,,euro,EUR,direct_rd,include,0.9,docx_parser,docx_table,"Parsed from table 0, row 0"
Spain,2021,pdf_5c0be4cc15ae__BOE-A-2021-21653-consolidado_para_2022.txt,0,section_total,,EDUCACIÓN INFANTIL Y PRIMARIA,EDUCACIÓN INFANTIL Y PRIMARIA,,EDUCACIÓN INFANTIL Y PRIMARIA,EDUCACIÓN INFANTIL Y PRIMARIA,252186.33000000002,,euro,EUR,unclear,review,0.6,docx_parser,docx_table,"Parsed from table 0, row 0"
Spain,2021,pdf_5c0be4cc15ae__BOE-A-2021-21653-consolidado_para_2022.txt,0,section_total,,EDUCACIÓN PRIMARIA,EDUCACIÓN PRIMARIA,,EDUCACIÓN PRIMARIA,EDUCACIÓN PRIMARIA,49138.92,,euro,EUR,unclear,review,0.6,docx_parser,docx_table,"Parsed from table 0, row 0"
Spain,2021,pdf_5c0be4cc15ae__BOE-A-2021-21653-consolidado_para_2022.txt,0,section_total,,EDUCACIÓN SECUNDARIA OBLIGATORIA,EDUCACIÓN SECUNDARIA OBLIGATORIA,,EDUCACIÓN SECUNDARIA OBLIGATORIA,EDUCACIÓN SECUNDARIA OBLIGATORIA,191987.94999999998,,euro,EUR,unclear,review,0.6,docx_parser,docx_table,"Parsed from table 0, row 0"
Spain,2021,pdf_5c0be4cc15ae__BOE-A-2021-21653-consolidado_para_2022.txt,0,section_total,,EJERCICIO PRESUPUESTARIO,EJERCICIO PRESUPUESTARIO,,EJERCICIO PRESUPUESTARIO,EJERCICIO PRESUPUESTARIO,28060.0,,euro,EUR,unclear,review,0.5,docx_parser,docx_table,"Parsed from table 0, row 0"
Spain,2021,pdf_5c0be4cc15ae__BOE-A-2021-21653-consolidado_para_2022.txt,0,section_total,,ETS 300 401.,ETS 300 401.,,ETS 300 401.,ETS 300 401.,15000.0,,euro,EUR,unclear,review,0.5,docx_parser,docx_table,"Parsed from table 0, row 0"
Spain,2021,pdf_5c0be4cc15ae__BOE-A-2021-21653-consolidado_para_2022.txt,0,section_total,,FORMACIÓN PROFESIONAL BÁSICA,FORMACIÓN PROFESIONAL BÁSICA,,FORMACIÓN PROFESIONAL BÁSICA,FORMACIÓN PROFESIONAL BÁSICA,211925.98,,euro,EUR,unclear,review,0.6,docx_parser,docx_table,"Parsed from table 0, row 0"
Spain,2021,pdf_5c0be4cc15ae__BOE-A-2021-21653-consolidado_para_2022.txt,0,section_total,,FUNDACIONAL,FUNDACIONAL,,FUNDACIONAL,FUNDACIONAL,100000.0,,euro,EUR,unclear,review,0.5,docx_parser,docx_table,"Parsed from table 0, row 0"
Spain,2021,pdf_5c0be4cc15ae__BOE-A-2021-21653-consolidado_para_2022.txt,0,section_total,,INTERMEDIA,INTERMEDIA,,INTERMEDIA,INTERMEDIA,1285812000.0,,euro,EUR,unclear,review,0.5,docx_parser,docx_table,"Parsed from table 0, row 0"
Spain,2021,pdf_5c0be4cc15ae__BOE-A-2021-21653-consolidado_para_2022.txt,0,section_total,,"INVESTIGACION, DESARROLLO, INNOVACION Y DIGITALIZACION 17.046,83","INVESTIGACION, DESARROLLO, INNOVACION Y DIGITALIZACION 17.046,83",,"INVESTIGACION, DESARROLLO, INNOVACION Y DIGITALIZACION 17.046,83","INVESTIGACION, DESARROLLO, INNOVACION Y DIGITALIZACION 17.046,83",17862.27,,euro,EUR,direct_rd,include,0.9,docx_parser,docx_table,"Parsed from table 0, row 0"
Spain,2021,pdf_5c0be4cc15ae__BOE-A-2021-21653-consolidado_para_2022.txt,0,section_total,,"INVESTIGACION, DESARROLLO, INNOVACION Y DIGITALIZACION 261.193,94","INVESTIGACION, DESARROLLO, INNOVACION Y DIGITALIZACION 261.193,94",,"INVESTIGACION, DESARROLLO, INNOVACION Y DIGITALIZACION 261.193,94","INVESTIGACION, DESARROLLO, INNOVACION Y DIGITALIZACION 261.193,94",2063.22,,euro,EUR,science_agency,include,0.9,docx_parser,docx_table,"Parsed from table 0, row 0"
Spain,2021,pdf_5c0be4cc15ae__BOE-A-2021-21653-consolidado_para_2022.txt,0,section_total,,"INVESTIGACION, DESARROLLO, INNOVACION Y DIGITALIZACION 3.717.842,73 7.338.469,07","INVESTIGACION, DESARROLLO, INNOVACION Y DIGITALIZACION 3.717.842,73 7.338.469,07",,"INVESTIGACION, DESARROLLO, INNOVACION Y DIGITALIZACION 3.717.842,73 7.338.469,07","INVESTIGACION, DESARROLLO, INNOVACION Y DIGITALIZACION 3.717.842,73 7.338.469,07",292820.94,,euro,EUR,science_agency,include,0.9,docx_parser,docx_table,"Parsed from table 0, row 0"
Spain,2021,pdf_5c0be4cc15ae__BOE-A-2021-21653-consolidado_para_2022.txt,0,section_total,,"MINISTERIO DE TRANSPORTES, MOVILIDAD Y AGENDA","MINISTERIO DE TRANSPORTES, MOVILIDAD Y AGENDA",,"MINISTERIO DE TRANSPORTES, MOVILIDAD Y AGENDA","MINISTERIO DE TRANSPORTES, MOVILIDAD Y AGENDA",8646.83,,euro,EUR,unclear,review,0.6,docx_parser,docx_table,"Parsed from table 0, row 0"
Spain,2021,pdf_5c0be4cc15ae__BOE-A-2021-21653-consolidado_para_2022.txt,0,section_total,,"OTRAS ACTUACIONES DE CARACTER ECONOMICO 17.178,36 ORGANOS CONSTITUCIONALES, GOBIERNO Y OTROS SERVICIOS DE CARACTER GENERAL 208,64 323.829,22 ADMINISTRACION FINANCIERA Y TRIBUTARIA TRANSFERENCIAS A OTRAS ADMINISTRACIONES","OTRAS ACTUACIONES DE CARACTER ECONOMICO 17.178,36 ORGANOS CONSTITUCIONALES, GOBIERNO Y OTROS SERVICIOS DE CARACTER GENERAL 208,64 323.829,22 ADMINISTRACION FINANCIERA Y TRIBUTARIA TRANSFERENCIAS A OTRAS ADMINISTRACIONES",,"OTRAS ACTUACIONES DE CARACTER ECONOMICO 17.178,36 ORGANOS CONSTITUCIONALES, GOBIERNO Y OTROS SERVICIOS DE CARACTER GENERAL 208,64 323.829,22 ADMINISTRACION FINANCIERA Y TRIBUTARIA TRANSFERENCIAS A OTRAS ADMINISTRACIONES","OTRAS ACTUACIONES DE CARACTER ECONOMICO 17.178,36 ORGANOS CONSTITUCIONALES, GOBIERNO Y OTROS SERVICIOS DE CARACTER GENERAL 208,64 323.829,22 ADMINISTRACION FINANCIERA Y TRIBUTARIA TRANSFERENCIAS A OTRAS ADMINISTRACIONES",186099590.0,,euro,EUR,unclear,review,0.5,docx_parser,docx_table,"Parsed from table 0, row 0"
Spain,2021,pdf_5c0be4cc15ae__BOE-A-2021-21653-consolidado_para_2022.txt,0,section_total,,"OTRAS ACTUACIONES DE CARACTER ECONOMICO 7.503,06 ORGANOS CONSTITUCIONALES, GOBIERNO Y OTROS 312.276,54 SERVICIOS DE CARACTER GENERAL 22.611.615,56 ADMINISTRACION FINANCIERA Y TRIBUTARIA 62,13 1.527.388,74 TRANSFERENCIAS A OTRAS ADMINISTRACIONES","OTRAS ACTUACIONES DE CARACTER ECONOMICO 7.503,06 ORGANOS CONSTITUCIONALES, GOBIERNO Y OTROS 312.276,54 SERVICIOS DE CARACTER GENERAL 22.611.615,56 ADMINISTRACION FINANCIERA Y TRIBUTARIA 62,13 1.527.388,74 TRANSFERENCIAS A OTRAS ADMINISTRACIONES",,"OTRAS ACTUACIONES DE CARACTER ECONOMICO 7.503,06 ORGANOS CONSTITUCIONALES, GOBIERNO Y OTROS 312.276,54 SERVICIOS DE CARACTER GENERAL 22.611.615,56 ADMINISTRACION FINANCIERA Y TRIBUTARIA 62,13 1.527.388,74 TRANSFERENCIAS A OTRAS ADMINISTRACIONES","OTRAS ACTUACIONES DE CARACTER ECONOMICO 7.503,06 ORGANOS CONSTITUCIONALES, GOBIERNO Y OTROS 312.276,54 SERVICIOS DE CARACTER GENERAL 22.611.615,56 ADMINISTRACION FINANCIERA Y TRIBUTARIA 62,13 1.527.388,74 TRANSFERENCIAS A OTRAS ADMINISTRACIONES",239072.26,,euro,EUR,unclear,review,0.5,docx_parser,docx_table,"Parsed from table 0, row 0"
Spain,2021,pdf_5c0be4cc15ae__BOE-A-2021-21653-consolidado_para_2022.txt,0,section_total,,PASIVOS FINANCIEROS,PASIVOS FINANCIEROS,,PASIVOS FINANCIEROS,PASIVOS FINANCIEROS,889209.7999999999,,euro,EUR,unclear,review,0.5,docx_parser,docx_table,"Parsed from table 0, row 0"
Spain,2021,pdf_5c0be4cc15ae__BOE-A-2021-21653-consolidado_para_2022.txt,0,section_total,,PEDRO SÁNCHEZ PÉREZ-CASTEJÓN ANEXO I(1),PEDRO SÁNCHEZ PÉREZ-CASTEJÓN ANEXO I(1),,PEDRO SÁNCHEZ PÉREZ-CASTEJÓN ANEXO I(1),PEDRO SÁNCHEZ PÉREZ-CASTEJÓN ANEXO I(1),472713.26,,euro,EUR,unclear,review,0.5,docx_parser,docx_table,"Parsed from table 0, row 0"
Spain,2021,pdf_5c0be4cc15ae__BOE-A-2021-21653-consolidado_para_2022.txt,0,section_total,,SECCIÓN 23. MINISTERIO PARA LA TRANSICIÓN ECOLÓGICA Y EL RETO DEMOGRÁFICO,SECCIÓN 23. MINISTERIO PARA LA TRANSICIÓN ECOLÓGICA Y EL RETO DEMOGRÁFICO,,SECCIÓN 23. MINISTERIO PARA LA TRANSICIÓN ECOLÓGICA Y EL RETO DEMOGRÁFICO,SECCIÓN 23. MINISTERIO PARA LA TRANSICIÓN ECOLÓGICA Y EL RETO DEMOGRÁFICO,2765000.0,,euro,EUR,unclear,review,0.6,docx_parser,docx_table,"Parsed from table 0, row 0"
Spain,2021,pdf_5c0be4cc15ae__BOE-A-2021-21653-consolidado_para_2022.txt,0,section_total,,SECCIÓN 27. MINISTERIO DE ASUNTOS ECONÓMICOS Y TRANSFORMACIÓN,SECCIÓN 27. MINISTERIO DE ASUNTOS ECONÓMICOS Y TRANSFORMACIÓN,,SECCIÓN 27. MINISTERIO DE ASUNTOS ECONÓMICOS Y TRANSFORMACIÓN,SECCIÓN 27. MINISTERIO DE ASUNTOS ECONÓMICOS Y TRANSFORMACIÓN,5000.0,,euro,EUR,unclear,review,0.6,docx_parser,docx_table,"Parsed from table 0, row 0"
Spain,2021,pdf_5c0be4cc15ae__BOE-A-2021-21653-consolidado_para_2022.txt,0,section_total,,SECCIÓN 28. MINISTERIO DE CIENCIA E INNOVACIÓN,SECCIÓN 28. MINISTERIO DE CIENCIA E INNOVACIÓN,,SECCIÓN 28. MINISTERIO DE CIENCIA E INNOVACIÓN,SECCIÓN 28. MINISTERIO DE CIENCIA E INNOVACIÓN,1000.0,,euro,EUR,unclear,review,0.6,docx_parser,docx_table,"Parsed from table 0, row 0"
Spain,2021,pdf_5c0be4cc15ae__BOE-A-2021-21653-consolidado_para_2022.txt,0,section_total,,"SEGURIDAD SOCIAL 136.344.725,25 940.923,24 INGRESOS DE LA SEGURIDAD SOCIAL","SEGURIDAD SOCIAL 136.344.725,25 940.923,24 INGRESOS DE LA SEGURIDAD SOCIAL",,"SEGURIDAD SOCIAL 136.344.725,25 940.923,24 INGRESOS DE LA SEGURIDAD SOCIAL","SEGURIDAD SOCIAL 136.344.725,25 940.923,24 INGRESOS DE LA SEGURIDAD SOCIAL",940923.24,,euro,EUR,unclear,review,0.5,docx_parser,docx_table,"Parsed from table 0, row 0"
Spain,2021,pdf_5c0be4cc15ae__BOE-A-2021-21653-consolidado_para_2022.txt,0,section_total,,"TOTAL 142.707.371,10 3.922.840,00 8.918.526,48","TOTAL 142.707.371,10 3.922.840,00 8.918.526,48",,"TOTAL 142.707.371,10 3.922.840,00 8.918.526,48","TOTAL 142.707.371,10 3.922.840,00 8.918.526,48",506673.60000000003,,euro,EUR,unclear,review,0.5,docx_parser,docx_table,"Parsed from table 0, row 0"
Spain,2021,pdf_5c0be4cc15ae__BOE-A-2021-21653-consolidado_para_2022.txt,0,section_total,,"TOTAL 220.581,98","TOTAL 220.581,98",,"TOTAL 220.581,98","TOTAL 220.581,98",1184554.15,,euro,EUR,unclear,review,0.5,docx_parser,docx_table,"Parsed from table 0, row 0"
Spain,2021,pdf_5c0be4cc15ae__BOE-A-2021-21653-consolidado_para_2022.txt,0,section_total,,TOTAL CONSOLIDADO,TOTAL CONSOLIDADO,,TOTAL CONSOLIDADO,TOTAL CONSOLIDADO,2314636.95,,euro,EUR,unclear,review,0.5,docx_parser,docx_table,"Parsed from table 0, row 0"
Spain,2021,pdf_5c0be4cc15ae__BOE-A-2021-21653-consolidado_para_2022.txt,0,section_total,,UNE ETS 300 744.,UNE ETS 300 744.,,UNE ETS 300 744.,UNE ETS 300 744.,13000.0,,euro,EUR,unclear,review,0.5,docx_parser,docx_table,"Parsed from table 0, row 0"
Spain,2022,pdf_ac598306305c__BOE-A-2022-22128-consolidado_para_2023.txt,0,section_total,,A-2023-26452,A-2023-26452,,A-2023-26452,A-2023-26452,72319.45,,euro,EUR,unclear,review,0.5,docx_parser,docx_table,"Parsed from table 0, row 0"
Spain,2022,pdf_ac598306305c__BOE-A-2022-22128-consolidado_para_2023.txt,0,section_total,,ASTURIAS (RAM).,ASTURIAS (RAM).,,ASTURIAS (RAM).,ASTURIAS (RAM).,14123.0,,euro,EUR,unclear,review,0.5,docx_parser,docx_table,"Parsed from table 0, row 0"
Spain,2022,pdf_ac598306305c__BOE-A-2022-22128-consolidado_para_2023.txt,0,section_total,,BACHILLERATO,BACHILLERATO,,BACHILLERATO,BACHILLERATO,84041.31,,euro,EUR,unclear,review,0.5,docx_parser,docx_table,"Parsed from table 0, row 0"
Spain,2022,pdf_ac598306305c__BOE-A-2022-22128-consolidado_para_2023.txt,0,section_total,,BAHÍA DE ALGECIRAS.,BAHÍA DE ALGECIRAS.,,BAHÍA DE ALGECIRAS.,BAHÍA DE ALGECIRAS.,200000.0,,euro,EUR,unclear,review,0.5,docx_parser,docx_table,"Parsed from table 0, row 0"
Spain,2022,pdf_ac598306305c__BOE-A-2022-22128-consolidado_para_2023.txt,0,section_total,,BAHÍA DE CÁDIZ.,BAHÍA DE CÁDIZ.,,BAHÍA DE CÁDIZ.,BAHÍA DE CÁDIZ.,218000.0,,euro,EUR,unclear,review,0.5,docx_parser,docx_table,"Parsed from table 0, row 0"
Spain,2022,pdf_ac598306305c__BOE-A-2022-22128-consolidado_para_2023.txt,0,section_total,,BARCELONA.,BARCELONA.,,BARCELONA.,BARCELONA.,404174.0,,euro,EUR,unclear,review,0.5,docx_parser,docx_table,"Parsed from table 0, row 0"
Spain,2022,pdf_ac598306305c__BOE-A-2022-22128-consolidado_para_2023.txt,0,section_total,,BOLETÍN OFICIAL DEL ESTADO LEGISLACIÓN CONSOLIDADA,BOLETÍN OFICIAL DEL ESTADO LEGISLACIÓN CONSOLIDADA,,BOLETÍN OFICIAL DEL ESTADO LEGISLACIÓN CONSOLIDADA,BOLETÍN OFICIAL DEL ESTADO LEGISLACIÓN CONSOLIDADA,2073195000.0,,euro,EUR,unclear,review,0.5,docx_parser,docx_table,"Parsed from table 0, row 0"
Spain,2022,pdf_ac598306305c__BOE-A-2022-22128-consolidado_para_2023.txt,0,section_total,,C1 C2 C3 C4,C1 C2 C3 C4,,C1 C2 C3 C4,C1 C2 C3 C4,783338000.0,,euro,EUR,unclear,review,0.5,docx_parser,docx_table,"Parsed from table 0, row 0"
Spain,2022,pdf_ac598306305c__BOE-A-2022-22128-consolidado_para_2023.txt,0,section_total,,CANTABRIA (RAM).,CANTABRIA (RAM).,,CANTABRIA (RAM).,CANTABRIA (RAM).,6778.0,,euro,EUR,unclear,review,0.5,docx_parser,docx_table,"Parsed from table 0, row 0"
Spain,2022,pdf_ac598306305c__BOE-A-2022-22128-consolidado_para_2023.txt,0,section_total,,CAPÍTULO I,CAPÍTULO I,,CAPÍTULO I,CAPÍTULO I,193468.48,,euro,EUR,unclear,review,0.5,docx_parser,docx_table,"Parsed from table 0, row 0"
Spain,2022,pdf_ac598306305c__BOE-A-2022-22128-consolidado_para_2023.txt,0,section_total,,CAPÍTULO II,CAPÍTULO II,,CAPÍTULO II,CAPÍTULO II,81994631.54,,euro,EUR,unclear,review,0.5,docx_parser,docx_table,"Parsed from table 0, row 0"
Spain,2022,pdf_ac598306305c__BOE-A-2022-22128-consolidado_para_2023.txt,0,section_total,,CARTAGENA.,CARTAGENA.,,CARTAGENA.,CARTAGENA.,189000.0,,euro,EUR,unclear,review,0.5,docx_parser,docx_table,"Parsed from table 0, row 0"
Spain,2022,pdf_ac598306305c__BOE-A-2022-22128-consolidado_para_2023.txt,0,section_total,,CASTELLÓN.,CASTELLÓN.,,CASTELLÓN.,CASTELLÓN.,330000.0,,euro,EUR,unclear,review,0.5,docx_parser,docx_table,"Parsed from table 0, row 0"
Spain,2022,pdf_ac598306305c__BOE-A-2022-22128-consolidado_para_2023.txt,0,section_total,,CICLOS FORMATIVOS,CICLOS FORMATIVOS,,CICLOS FORMATIVOS,CICLOS FORMATIVOS,325223.93,,euro,EUR,unclear,review,0.5,docx_parser,docx_table,"Parsed from table 0, row 0"
Spain,2022,pdf_ac598306305c__BOE-A-2022-22128-consolidado_para_2023.txt,0,section_total,,CNAF UN 111,CNAF UN 111,,CNAF UN 111,CNAF UN 111,697000.0,,euro,EUR,unclear,review,0.5,docx_parser,docx_table,"Parsed from table 0, row 0"
Spain,2022,pdf_ac598306305c__BOE-A-2022-22128-consolidado_para_2023.txt,0,section_total,,CNAF UN 47,CNAF UN 47,,CNAF UN 47,CNAF UN 47,115000.0,,euro,EUR,unclear,review,0.5,docx_parser,docx_table,"Parsed from table 0, row 0"
Spain,2022,pdf_ac598306305c__BOE-A-2022-22128-consolidado_para_2023.txt,0,section_total,,CNAF UN 88,CNAF UN 88,,CNAF UN 88,CNAF UN 88,243000.0,,euro,EUR,unclear,review,0.5,docx_parser,docx_table,"Parsed from table 0, row 0"
Spain,2022,pdf_ac598306305c__BOE-A-2022-22128-consolidado_para_2023.txt,0,section_total,,EDIFICACION,EDIFICACION,,EDIFICACION,EDIFICACION,17122500.0,,euro,EUR,unclear,review,0.5,docx_parser,docx_table,"Parsed from table 0, row 0"
Spain,2022,pdf_ac598306305c__BOE-A-2022-22128-consolidado_para_2023.txt,0,section_total,,EDUCACIÓN INFANTIL Y PRIMARIA,EDUCACIÓN INFANTIL Y PRIMARIA,,EDUCACIÓN INFANTIL Y PRIMARIA,EDUCACIÓN INFANTIL Y PRIMARIA,262292.33,,euro,EUR,unclear,review,0.6,docx_parser,docx_table,"Parsed from table 0, row 0"
Spain,2022,pdf_ac598306305c__BOE-A-2022-22128-consolidado_para_2023.txt,0,section_total,,EDUCACIÓN INFANTIL.,EDUCACIÓN INFANTIL.,,EDUCACIÓN INFANTIL.,EDUCACIÓN INFANTIL.,48376.99,,euro,EUR,direct_rd,include,0.9,docx_parser,docx_table,"Parsed from table 0, row 0"
Spain,2022,pdf_ac598306305c__BOE-A-2022-22128-consolidado_para_2023.txt,0,section_total,,EDUCACIÓN PRIMARIA.,EDUCACIÓN PRIMARIA.,,EDUCACIÓN PRIMARIA.,EDUCACIÓN PRIMARIA.,48376.99,,euro,EUR,direct_rd,include,0.9,docx_parser,docx_table,"Parsed from table 0, row 0"
Spain,2022,pdf_ac598306305c__BOE-A-2022-22128-consolidado_para_2023.txt,0,section_total,,EDUCACIÓN SECUNDARIA OBLIGATORIA,EDUCACIÓN SECUNDARIA OBLIGATORIA,,EDUCACIÓN SECUNDARIA OBLIGATORIA,EDUCACIÓN SECUNDARIA OBLIGATORIA,151955.94,,euro,EUR,unclear,review,0.6,docx_parser,docx_table,"Parsed from table 0, row 0"
Spain,2022,pdf_ac598306305c__BOE-A-2022-22128-consolidado_para_2023.txt,0,section_total,,ESTACIONES CATEGORÍA 6.,ESTACIONES CATEGORÍA 6.,,ESTACIONES CATEGORÍA 6.,ESTACIONES CATEGORÍA 6.,4898000.0,,euro,EUR,unclear,review,0.5,docx_parser,docx_table,"Parsed from table 0, row 0"
Spain,2022,pdf_ac598306305c__BOE-A-2022-22128-consolidado_para_2023.txt,0,section_total,,ETS 300 401.,ETS 300 401.,,ETS 300 401.,ETS 300 401.,15000.0,,euro,EUR,unclear,review,0.5,docx_parser,docx_table,"Parsed from table 0, row 0"
Spain,2022,pdf_ac598306305c__BOE-A-2022-22128-consolidado_para_2023.txt,0,section_total,,FERROL-SAN CIBRAO.,FERROL-SAN CIBRAO.,,FERROL-SAN CIBRAO.,FERROL-SAN CIBRAO.,531000.0,,euro,EUR,unclear,review,0.5,docx_parser,docx_table,"Parsed from table 0, row 0"
Spain,2022,pdf_ac598306305c__BOE-A-2022-22128-consolidado_para_2023.txt,0,section_total,,FORMACIÓN PROFESIONAL BÁSICA,FORMACIÓN PROFESIONAL BÁSICA,,FORMACIÓN PROFESIONAL BÁSICA,FORMACIÓN PROFESIONAL BÁSICA,220418.62999999998,,euro,EUR,unclear,review,0.6,docx_parser,docx_table,"Parsed from table 0, row 0"
Spain,2022,pdf_ac598306305c__BOE-A-2022-22128-consolidado_para_2023.txt,0,section_total,,FUNDACIONAL,FUNDACIONAL,,FUNDACIONAL,FUNDACIONAL,500000.0,,euro,EUR,unclear,review,0.5,docx_parser,docx_table,"Parsed from table 0, row 0"
Spain,2022,pdf_ac598306305c__BOE-A-2022-22128-consolidado_para_2023.txt,0,section_total,,IMPORTE TOTAL ANUAL.,IMPORTE TOTAL ANUAL.,,IMPORTE TOTAL ANUAL.,IMPORTE TOTAL ANUAL.,87892.87999999999,,euro,EUR,unclear,review,0.5,docx_parser,docx_table,"Parsed from table 0, row 0"
Spain,2022,pdf_ac598306305c__BOE-A-2022-22128-consolidado_para_2023.txt,0,section_total,,INTERMEDIA.,INTERMEDIA.,,INTERMEDIA.,INTERMEDIA.,1864429000.0,,euro,EUR,unclear,review,0.5,docx_parser,docx_table,"Parsed from table 0, row 0"
Spain,2022,pdf_ac598306305c__BOE-A-2022-22128-consolidado_para_2023.txt,0,section_total,,LAS PALMAS.,LAS PALMAS.,,LAS PALMAS.,LAS PALMAS.,300000.0,,euro,EUR,unclear,review,0.5,docx_parser,docx_table,"Parsed from table 0, row 0"
Spain,2022,pdf_ac598306305c__BOE-A-2022-22128-consolidado_para_2023.txt,0,section_total,,LEÓN (RAM).,LEÓN (RAM).,,LEÓN (RAM).,LEÓN (RAM).,3203.0,,euro,EUR,unclear,review,0.5,docx_parser,docx_table,"Parsed from table 0, row 0"
Spain,2022,pdf_ac598306305c__BOE-A-2022-22128-consolidado_para_2023.txt,0,section_total,,LÍNEAS NO A,LÍNEAS NO A,,LÍNEAS NO A,LÍNEAS NO A,12724000.0,,euro,EUR,unclear,review,0.5,docx_parser,docx_table,"Parsed from table 0, row 0"
Spain,2022,pdf_ac598306305c__BOE-A-2022-22128-consolidado_para_2023.txt,0,section_total,,MARÍN Y RÍA DE PONTEVEDRA.,MARÍN Y RÍA DE PONTEVEDRA.,,MARÍN Y RÍA DE PONTEVEDRA.,MARÍN Y RÍA DE PONTEVEDRA.,706000.0,,euro,EUR,unclear,review,0.5,docx_parser,docx_table,"Parsed from table 0, row 0"
Spain,2022,pdf_ac598306305c__BOE-A-2022-22128-consolidado_para_2023.txt,0,section_total,,MURCIA (RAM).,MURCIA (RAM).,,MURCIA (RAM).,MURCIA (RAM).,1808.0,,euro,EUR,unclear,review,0.5,docx_parser,docx_table,"Parsed from table 0, row 0"
Spain,2022,pdf_ac598306305c__BOE-A-2022-22128-consolidado_para_2023.txt,0,section_total,,PASIVOS FINANCIEROS,PASIVOS FINANCIEROS,,PASIVOS FINANCIEROS,PASIVOS FINANCIEROS,1003189.9600000001,,euro,EUR,unclear,review,0.5,docx_parser,docx_table,"Parsed from table 0, row 0"
Spain,2022,pdf_ac598306305c__BOE-A-2022-22128-consolidado_para_2023.txt,0,section_total,,PEDRO SÁNCHEZ PÉREZ-CASTEJÓN BOLETÍN OFICIAL DEL ESTADO LEGISLACIÓN CONSOLIDADA,PEDRO SÁNCHEZ PÉREZ-CASTEJÓN BOLETÍN OFICIAL DEL ESTADO LEGISLACIÓN CONSOLIDADA,,PEDRO SÁNCHEZ PÉREZ-CASTEJÓN BOLETÍN OFICIAL DEL ESTADO LEGISLACIÓN CONSOLIDADA,PEDRO SÁNCHEZ PÉREZ-CASTEJÓN BOLETÍN OFICIAL DEL ESTADO LEGISLACIÓN CONSOLIDADA,37955416.85999999,,euro,EUR,unclear,review,0.5,docx_parser,docx_table,"Parsed from table 0, row 0"
Spain,2022,pdf_ac598306305c__BOE-A-2022-22128-consolidado_para_2023.txt,0,section_total,,S.C. DE TENERIFE.,S.C. DE TENERIFE.,,S.C. DE TENERIFE.,S.C. DE TENERIFE.,100000.0,,euro,EUR,unclear,review,0.5,docx_parser,docx_table,"Parsed from table 0, row 0"
Spain,2022,pdf_ac598306305c__BOE-A-2022-22128-consolidado_para_2023.txt,0,section_total,,SAN SEBASTIÁN.,SAN SEBASTIÁN.,,SAN SEBASTIÁN.,SAN SEBASTIÁN.,16832.0,,euro,EUR,unclear,review,0.5,docx_parser,docx_table,"Parsed from table 0, row 0"
Spain,2022,pdf_ac598306305c__BOE-A-2022-22128-consolidado_para_2023.txt,0,section_total,,SANTA CRUZ DE TENERIFE.,SANTA CRUZ DE TENERIFE.,,SANTA CRUZ DE TENERIFE.,SANTA CRUZ DE TENERIFE.,200000.0,,euro,EUR,unclear,review,0.5,docx_parser,docx_table,"Parsed from table 0, row 0"
Spain,2022,pdf_ac598306305c__BOE-A-2022-22128-consolidado_para_2023.txt,0,section_total,,SANTANDER.,SANTANDER.,,SANTANDER.,SANTANDER.,320000.0,,euro,EUR,unclear,review,0.5,docx_parser,docx_table,"Parsed from table 0, row 0"
Spain,2022,pdf_ac598306305c__BOE-A-2022-22128-consolidado_para_2023.txt,0,section_total,,"SECCIÓN 20. MINISTERIO DE INDUSTRIA, COMERCIO Y TURISMO","SECCIÓN 20. MINISTERIO DE INDUSTRIA, COMERCIO Y TURISMO",,"SECCIÓN 20. MINISTERIO DE INDUSTRIA, COMERCIO Y TURISMO","SECCIÓN 20. MINISTERIO DE INDUSTRIA, COMERCIO Y TURISMO",76000.0,,euro,EUR,unclear,review,0.6,docx_parser,docx_table,"Parsed from table 0, row 0"
Spain,2022,pdf_ac598306305c__BOE-A-2022-22128-consolidado_para_2023.txt,0,section_total,,TARRAGONA.,TARRAGONA.,,TARRAGONA.,TARRAGONA.,530000.0,,euro,EUR,unclear,review,0.5,docx_parser,docx_table,"Parsed from table 0, row 0"
Spain,2022,pdf_ac598306305c__BOE-A-2022-22128-consolidado_para_2023.txt,0,section_total,,TOTAL OPERACIONES FINANCIERAS,TOTAL OPERACIONES FINANCIERAS,,TOTAL OPERACIONES FINANCIERAS,TOTAL OPERACIONES FINANCIERAS,461217.3,,euro,EUR,unclear,review,0.5,docx_parser,docx_table,"Parsed from table 0, row 0"
Spain,2022,pdf_ac598306305c__BOE-A-2022-22128-consolidado_para_2023.txt,0,section_total,,UNE ETS 300 744.,UNE ETS 300 744.,,UNE ETS 300 744.,UNE ETS 300 744.,13000.0,,euro,EUR,unclear,review,0.5,docx_parser,docx_table,"Parsed from table 0, row 0"
Spain,2022,pdf_ac598306305c__BOE-A-2022-22128-consolidado_para_2023.txt,0,section_total,,VILAGARCÍA.,VILAGARCÍA.,,VILAGARCÍA.,VILAGARCÍA.,452000.0,,euro,EUR,unclear,review,0.5,docx_parser,docx_table,"Parsed from table 0, row 0"
Spain,2022,pdf_ac598306305c__BOE-A-2022-22128-consolidado_para_2023.txt,0,section_total,,VIZCAYA (RAM).,VIZCAYA (RAM).,,VIZCAYA (RAM).,VIZCAYA (RAM).,1943.0,,euro,EUR,unclear,review,0.5,docx_parser,docx_table,"Parsed from table 0, row 0"
Spain,2022,pdf_b3b136e3553c__2023_BOE-A-2022-22128.txt,0,section_total,,ABOGACÍA GENERAL DEL ESTADO-DIRECCIÓN DEL SERVICIO JURIDICO DEL ESTADO,ABOGACÍA GENERAL DEL ESTADO-DIRECCIÓN DEL SERVICIO JURIDICO DEL ESTADO,,ABOGACÍA GENERAL DEL ESTADO-DIRECCIÓN DEL SERVICIO JURIDICO DEL ESTADO,ABOGACÍA GENERAL DEL ESTADO-DIRECCIÓN DEL SERVICIO JURIDICO DEL ESTADO,2028000.0,,euro,EUR,unclear,review,0.6,docx_parser,docx_table,"Parsed from table 0, row 0"
Spain,2022,pdf_b3b136e3553c__2023_BOE-A-2022-22128.txt,0,section_total,,ACCESO A LA VIVIENDA Y FOMENTO DE LA EDIFICACIÓN,ACCESO A LA VIVIENDA Y FOMENTO DE LA EDIFICACIÓN,,ACCESO A LA VIVIENDA Y FOMENTO DE LA EDIFICACIÓN,ACCESO A LA VIVIENDA Y FOMENTO DE LA EDIFICACIÓN,22500000.0,,euro,EUR,unclear,review,0.5,docx_parser,docx_table,"Parsed from table 0, row 0"
Spain,2022,pdf_b3b136e3553c__2023_BOE-A-2022-22128.txt,0,section_total,,ACTIVOS FINANCIEROS,ACTIVOS FINANCIEROS,,ACTIVOS FINANCIEROS,ACTIVOS FINANCIEROS,99639000.0,,euro,EUR,unclear,review,0.5,docx_parser,docx_table,"Parsed from table 0, row 0"
Spain,2022,pdf_b3b136e3553c__2023_BOE-A-2022-22128.txt,0,section_total,,ADMINISTRACIÓN DE JUSTICIA,ADMINISTRACIÓN DE JUSTICIA,,ADMINISTRACIÓN DE JUSTICIA,ADMINISTRACIÓN DE JUSTICIA,1025000.0,,euro,EUR,unclear,review,0.6,docx_parser,docx_table,"Parsed from table 0, row 0"
Spain,2022,pdf_b3b136e3553c__2023_BOE-A-2022-22128.txt,0,section_total,,ADMINISTRACIÓN FINANCIERA Y TRIBUTARIA,ADMINISTRACIÓN FINANCIERA Y TRIBUTARIA,,ADMINISTRACIÓN FINANCIERA Y TRIBUTARIA,ADMINISTRACIÓN FINANCIERA Y TRIBUTARIA,6213000.0,,euro,EUR,unclear,review,0.6,docx_parser,docx_table,"Parsed from table 0, row 0"
Spain,2022,pdf_b3b136e3553c__2023_BOE-A-2022-22128.txt,0,section_total,,AGENCIA DE INFORMACIÓN Y CONTROL ALIMENTARIOS,AGENCIA DE INFORMACIÓN Y CONTROL ALIMENTARIOS,,AGENCIA DE INFORMACIÓN Y CONTROL ALIMENTARIOS,AGENCIA DE INFORMACIÓN Y CONTROL ALIMENTARIOS,60021102.0,,euro,EUR,unclear,review,0.6,docx_parser,docx_table,"Parsed from table 0, row 0"
Spain,2022,pdf_b3b136e3553c__2023_BOE-A-2022-22128.txt,0,section_total,,AGENCIA ESPAÑOLA DE COOPERACIÓN INTERNACIONAL PARA EL DESARROLLO,AGENCIA ESPAÑOLA DE COOPERACIÓN INTERNACIONAL PARA EL DESARROLLO,,AGENCIA ESPAÑOLA DE COOPERACIÓN INTERNACIONAL PARA EL DESARROLLO,AGENCIA ESPAÑOLA DE COOPERACIÓN INTERNACIONAL PARA EL DESARROLLO,8600000.0,,euro,EUR,unclear,review,0.6,docx_parser,docx_table,"Parsed from table 0, row 0"
Spain,2022,pdf_b3b136e3553c__2023_BOE-A-2022-22128.txt,0,section_total,,AGENCIA ESPAÑOLA DE MEDICAMENTOS Y PRODUCTOS SANITARIOS,AGENCIA ESPAÑOLA DE MEDICAMENTOS Y PRODUCTOS SANITARIOS,,AGENCIA ESPAÑOLA DE MEDICAMENTOS Y PRODUCTOS SANITARIOS,AGENCIA ESPAÑOLA DE MEDICAMENTOS Y PRODUCTOS SANITARIOS,8000000.0,,euro,EUR,science_agency,include,0.9,docx_parser,docx_table,"Parsed from table 0, row 0"
Spain,2022,pdf_b3b136e3553c__2023_BOE-A-2022-22128.txt,0,section_total,,AGENCIA ESPAÑOLA DE PROTECCIÓN DE DATOS,AGENCIA ESPAÑOLA DE PROTECCIÓN DE DATOS,,AGENCIA ESPAÑOLA DE PROTECCIÓN DE DATOS,AGENCIA ESPAÑOLA DE PROTECCIÓN DE DATOS,35159000.0,,euro,EUR,unclear,review,0.6,docx_parser,docx_table,"Parsed from table 0, row 0"
Spain,2022,pdf_b3b136e3553c__2023_BOE-A-2022-22128.txt,0,section_total,,AGENCIA ESPAÑOLA DE SEGURIDAD ALIMENTARIA Y,AGENCIA ESPAÑOLA DE SEGURIDAD ALIMENTARIA Y,,AGENCIA ESPAÑOLA DE SEGURIDAD ALIMENTARIA Y,AGENCIA ESPAÑOLA DE SEGURIDAD ALIMENTARIA Y,40000000.0,,euro,EUR,unclear,review,0.6,docx_parser,docx_table,"Parsed from table 0, row 0"
Spain,2022,pdf_b3b136e3553c__2023_BOE-A-2022-22128.txt,0,section_total,,AGENCIA ESTATAL BOLETÍN OFICIAL DEL ESTADO,AGENCIA ESTATAL BOLETÍN OFICIAL DEL ESTADO,,AGENCIA ESTATAL BOLETÍN OFICIAL DEL ESTADO,AGENCIA ESTATAL BOLETÍN OFICIAL DEL ESTADO,14000000.0,,euro,EUR,unclear,review,0.5,docx_parser,docx_table,"Parsed from table 0, row 0"
Spain,2022,pdf_b3b136e3553c__2023_BOE-A-2022-22128.txt,0,section_total,,AGENCIA ESTATAL COMISIÓN ESPAÑOLA PARA LA LUCHA ANTIDOPAJE EN EL DEPORTE,AGENCIA ESTATAL COMISIÓN ESPAÑOLA PARA LA LUCHA ANTIDOPAJE EN EL DEPORTE,,AGENCIA ESTATAL COMISIÓN ESPAÑOLA PARA LA LUCHA ANTIDOPAJE EN EL DEPORTE,AGENCIA ESTATAL COMISIÓN ESPAÑOLA PARA LA LUCHA ANTIDOPAJE EN EL DEPORTE,71287000.0,,euro,EUR,unclear,review,0.6,docx_parser,docx_table,"Parsed from table 0, row 0"
Spain,2022,pdf_b3b136e3553c__2023_BOE-A-2022-22128.txt,0,section_total,,AGENCIA ESTATAL DE ADMINISTRACIÓN TRIBUTARIA,AGENCIA ESTATAL DE ADMINISTRACIÓN TRIBUTARIA,,AGENCIA ESTATAL DE ADMINISTRACIÓN TRIBUTARIA,AGENCIA ESTATAL DE ADMINISTRACIÓN TRIBUTARIA,73297000.0,,euro,EUR,unclear,review,0.6,docx_parser,docx_table,"Parsed from table 0, row 0"
Spain,2022,pdf_b3b136e3553c__2023_BOE-A-2022-22128.txt,0,section_total,,AGENCIA ESTATAL DE INVESTIGACIÓN,AGENCIA ESTATAL DE INVESTIGACIÓN,,AGENCIA ESTATAL DE INVESTIGACIÓN,AGENCIA ESTATAL DE INVESTIGACIÓN,30016012.7,,euro,EUR,science_agency,include,0.9,docx_parser,docx_table,"Parsed from table 0, row 0"
Spain,2022,pdf_b3b136e3553c__2023_BOE-A-2022-22128.txt,0,section_total,,AGENCIA ESTATAL DE METEOROLOGÍA,AGENCIA ESTATAL DE METEOROLOGÍA,,AGENCIA ESTATAL DE METEOROLOGÍA,AGENCIA ESTATAL DE METEOROLOGÍA,10023302.0,,euro,EUR,science_agency,include,0.9,docx_parser,docx_table,"Parsed from table 0, row 0"
Spain,2022,pdf_b3b136e3553c__2023_BOE-A-2022-22128.txt,0,section_total,,AGENCIA ESTATAL DE SEGURIDAD AÉREA,AGENCIA ESTATAL DE SEGURIDAD AÉREA,,AGENCIA ESTATAL DE SEGURIDAD AÉREA,AGENCIA ESTATAL DE SEGURIDAD AÉREA,1023308.1799999999,,euro,EUR,science_agency,include,0.9,docx_parser,docx_table,"Parsed from table 0, row 0"
Spain,2022,pdf_b3b136e3553c__2023_BOE-A-2022-22128.txt,0,section_total,,AGENCIA ESTATAL DE SEGURIDAD FERROVIARIA,AGENCIA ESTATAL DE SEGURIDAD FERROVIARIA,,AGENCIA ESTATAL DE SEGURIDAD FERROVIARIA,AGENCIA ESTATAL DE SEGURIDAD FERROVIARIA,10487000.0,,euro,EUR,science_agency,include,0.9,docx_parser,docx_table,"Parsed from table 0, row 0"
Spain,2022,pdf_b3b136e3553c__2023_BOE-A-2022-22128.txt,0,section_total,,AGENCIA NACIONAL DE EVALUACIÓN DE LA CALIDAD Y ACREDITACIÓN,AGENCIA NACIONAL DE EVALUACIÓN DE LA CALIDAD Y ACREDITACIÓN,,AGENCIA NACIONAL DE EVALUACIÓN DE LA CALIDAD Y ACREDITACIÓN,AGENCIA NACIONAL DE EVALUACIÓN DE LA CALIDAD Y ACREDITACIÓN,95002000.0,,euro,EUR,science_agency,include,0.9,docx_parser,docx_table,"Parsed from table 0, row 0"
Spain,2022,pdf_b3b136e3553c__2023_BOE-A-2022-22128.txt,0,section_total,,APORTACIONES AL MUTUALISMO ADMINISTRATIVO,APORTACIONES AL MUTUALISMO ADMINISTRATIVO,,APORTACIONES AL MUTUALISMO ADMINISTRATIVO,APORTACIONES AL MUTUALISMO ADMINISTRATIVO,98330.95,,euro,EUR,unclear,review,0.5,docx_parser,docx_table,"Parsed from table 0, row 0"
Spain,2022,pdf_b3b136e3553c__2023_BOE-A-2022-22128.txt,0,section_total,,AUTORIDAD INDEPENDIENTE DE RESPONSABILIDAD,AUTORIDAD INDEPENDIENTE DE RESPONSABILIDAD,,AUTORIDAD INDEPENDIENTE DE RESPONSABILIDAD,AUTORIDAD INDEPENDIENTE DE RESPONSABILIDAD,16015302.0,,euro,EUR,unclear,review,0.5,docx_parser,docx_table,"Parsed from table 0, row 0"
Spain,2022,pdf_b3b136e3553c__2023_BOE-A-2022-22128.txt,0,section_total,,BAHÍA DE CÁDIZ.,BAHÍA DE CÁDIZ.,,BAHÍA DE CÁDIZ.,BAHÍA DE CÁDIZ.,288000.0,,euro,EUR,unclear,review,0.5,docx_parser,docx_table,"Parsed from table 0, row 0"
Spain,2022,pdf_b3b136e3553c__2023_BOE-A-2022-22128.txt,0,section_total,,BIBLIOTECA NACIONAL DE ESPAÑA,BIBLIOTECA NACIONAL DE ESPAÑA,,BIBLIOTECA NACIONAL DE ESPAÑA,BIBLIOTECA NACIONAL DE ESPAÑA,66141104.99999999,,euro,EUR,unclear,review,0.6,docx_parser,docx_table,"Parsed from table 0, row 0"
Spain,2022,pdf_b3b136e3553c__2023_BOE-A-2022-22128.txt,0,section_total,,BOLETÍN OFICIAL DEL ESTADO,BOLETÍN OFICIAL DEL ESTADO,,BOLETÍN OFICIAL DEL ESTADO,BOLETÍN OFICIAL DEL ESTADO,27313310000.0,,euro,EUR,unclear,review,0.5,docx_parser,docx_table,"Parsed from table 0, row 0"
Spain,2022,pdf_b3b136e3553c__2023_BOE-A-2022-22128.txt,0,section_total,,"BONOS, OBLIGACIONES Y OTRAS DEUDAS","BONOS, OBLIGACIONES Y OTRAS DEUDAS",,"BONOS, OBLIGACIONES Y OTRAS DEUDAS","BONOS, OBLIGACIONES Y OTRAS DEUDAS",12050.0,,euro,EUR,unclear,review,0.5,docx_parser,docx_table,"Parsed from table 0, row 0"
Spain,2022,pdf_b3b136e3553c__2023_BOE-A-2022-22128.txt,0,section_total,,CAPÍTULO II,CAPÍTULO II,,CAPÍTULO II,CAPÍTULO II,163834961.84,,euro,EUR,unclear,review,0.5,docx_parser,docx_table,"Parsed from table 0, row 0"
Spain,2022,pdf_b3b136e3553c__2023_BOE-A-2022-22128.txt,0,section_total,,CAPÍTULO III,CAPÍTULO III,,CAPÍTULO III,CAPÍTULO III,896760.0,,euro,EUR,unclear,review,0.5,docx_parser,docx_table,"Parsed from table 0, row 0"
Spain,2022,pdf_b3b136e3553c__2023_BOE-A-2022-22128.txt,0,section_total,,CASA DE SU MAJESTAD EL REY,CASA DE SU MAJESTAD EL REY,,CASA DE SU MAJESTAD EL REY,CASA DE SU MAJESTAD EL REY,8431.150000000001,,euro,EUR,unclear,review,0.5,docx_parser,docx_table,"Parsed from table 0, row 0"
Spain,2022,pdf_b3b136e3553c__2023_BOE-A-2022-22128.txt,0,section_total,,CENTRO DE ESTUDIOS JURÍDICOS,CENTRO DE ESTUDIOS JURÍDICOS,,CENTRO DE ESTUDIOS JURÍDICOS,CENTRO DE ESTUDIOS JURÍDICOS,1313102.0,,euro,EUR,unclear,review,0.6,docx_parser,docx_table,"Parsed from table 0, row 0"
Spain,2022,pdf_b3b136e3553c__2023_BOE-A-2022-22128.txt,0,section_total,,CENTRO DE ESTUDIOS POLÍTICOS Y CONSTITUCIONALES,CENTRO DE ESTUDIOS POLÍTICOS Y CONSTITUCIONALES,,CENTRO DE ESTUDIOS POLÍTICOS Y CONSTITUCIONALES,CENTRO DE ESTUDIOS POLÍTICOS Y CONSTITUCIONALES,33500000.0,,euro,EUR,science_agency,include,0.9,docx_parser,docx_table,"Parsed from table 0, row 0"
Spain,2022,pdf_b3b136e3553c__2023_BOE-A-2022-22128.txt,0,section_total,,CENTRO DE ESTUDIOS Y EXPERIMENTACIÓN DE OBRAS PÚBLICAS,CENTRO DE ESTUDIOS Y EXPERIMENTACIÓN DE OBRAS PÚBLICAS,,CENTRO DE ESTUDIOS Y EXPERIMENTACIÓN DE OBRAS PÚBLICAS,CENTRO DE ESTUDIOS Y EXPERIMENTACIÓN DE OBRAS PÚBLICAS,31989102.0,,euro,EUR,science_agency,include,0.9,docx_parser,docx_table,"Parsed from table 0, row 0"
Spain,2022,pdf_b3b136e3553c__2023_BOE-A-2022-22128.txt,0,section_total,,"CENTRO DE INVESTIGACIONES ENERGÉTICAS, MEDIOAMBIENTALES Y TECNOLÓGICAS","CENTRO DE INVESTIGACIONES ENERGÉTICAS, MEDIOAMBIENTALES Y TECNOLÓGICAS",,"CENTRO DE INVESTIGACIONES ENERGÉTICAS, MEDIOAMBIENTALES Y TECNOLÓGICAS","CENTRO DE INVESTIGACIONES ENERGÉTICAS, MEDIOAMBIENTALES Y TECNOLÓGICAS",55422225.65,,euro,EUR,science_agency,include,0.9,docx_parser,docx_table,"Parsed from table 0, row 0"
Spain,2022,pdf_b3b136e3553c__2023_BOE-A-2022-22128.txt,0,section_total,,CENTRO DE INVESTIGACIONES SOCIOLÓGICAS,CENTRO DE INVESTIGACIONES SOCIOLÓGICAS,,CENTRO DE INVESTIGACIONES SOCIOLÓGICAS,CENTRO DE INVESTIGACIONES SOCIOLÓGICAS,25825103.0,,euro,EUR,science_agency,include,0.9,docx_parser,docx_table,"Parsed from table 0, row 0"
Spain,2022,pdf_b3b136e3553c__2023_BOE-A-2022-22128.txt,0,section_total,,CENTRO ESPAÑOL DE METROLOGÍA,CENTRO ESPAÑOL DE METROLOGÍA,,CENTRO ESPAÑOL DE METROLOGÍA,CENTRO ESPAÑOL DE METROLOGÍA,25282104.0,,euro,EUR,science_agency,include,0.9,docx_parser,docx_table,"Parsed from table 0, row 0"
Spain,2022,pdf_b3b136e3553c__2023_BOE-A-2022-22128.txt,0,section_total,,CENTRO NACIONAL DE INFORMACIÓN GEOGRÁFICA,CENTRO NACIONAL DE INFORMACIÓN GEOGRÁFICA,,CENTRO NACIONAL DE INFORMACIÓN GEOGRÁFICA,CENTRO NACIONAL DE INFORMACIÓN GEOGRÁFICA,4100000.0,,euro,EUR,science_agency,include,0.9,docx_parser,docx_table,"Parsed from table 0, row 0"
Spain,2022,pdf_b3b136e3553c__2023_BOE-A-2022-22128.txt,0,section_total,,CENTRO NACIONAL DE INTELIGENCIA,CENTRO NACIONAL DE INTELIGENCIA,,CENTRO NACIONAL DE INTELIGENCIA,CENTRO NACIONAL DE INTELIGENCIA,30000000.0,,euro,EUR,unclear,review,0.5,docx_parser,docx_table,"Parsed from table 0, row 0"
Spain,2022,pdf_b3b136e3553c__2023_BOE-A-2022-22128.txt,0,section_total,,CENTRO UNIVERSITARIO DE FORMACIÓN DE LA POLICÍA NACIONAL,CENTRO UNIVERSITARIO DE FORMACIÓN DE LA POLICÍA NACIONAL,,CENTRO UNIVERSITARIO DE FORMACIÓN DE LA POLICÍA NACIONAL,CENTRO UNIVERSITARIO DE FORMACIÓN DE LA POLICÍA NACIONAL,92210000.0,,euro,EUR,unclear,review,0.6,docx_parser,docx_table,"Parsed from table 0, row 0"
Spain,2022,pdf_b3b136e3553c__2023_BOE-A-2022-22128.txt,0,section_total,,CICLOS FORMATIVOS,CICLOS FORMATIVOS,,CICLOS FORMATIVOS,CICLOS FORMATIVOS,166866.13,,euro,EUR,unclear,review,0.5,docx_parser,docx_table,"Parsed from table 0, row 0"
Spain,2022,pdf_b3b136e3553c__2023_BOE-A-2022-22128.txt,0,section_total,,CLASES PASIVAS,CLASES PASIVAS,,CLASES PASIVAS,CLASES PASIVAS,7010.0,,euro,EUR,unclear,review,0.5,docx_parser,docx_table,"Parsed from table 0, row 0"
Spain,2022,pdf_b3b136e3553c__2023_BOE-A-2022-22128.txt,0,section_total,,CNAF UN 111,CNAF UN 111,,CNAF UN 111,CNAF UN 111,697000.0,,euro,EUR,unclear,review,0.5,docx_parser,docx_table,"Parsed from table 0, row 0"
Spain,2022,pdf_b3b136e3553c__2023_BOE-A-2022-22128.txt,0,section_total,,CNAF UN 40,CNAF UN 40,,CNAF UN 40,CNAF UN 40,33000.0,,euro,EUR,unclear,review,0.5,docx_parser,docx_table,"Parsed from table 0, row 0"
Spain,2022,pdf_b3b136e3553c__2023_BOE-A-2022-22128.txt,0,section_total,,CNAF UN 47,CNAF UN 47,,CNAF UN 47,CNAF UN 47,305000.0,,euro,EUR,unclear,review,0.5,docx_parser,docx_table,"Parsed from table 0, row 0"
Spain,2022,pdf_b3b136e3553c__2023_BOE-A-2022-22128.txt,0,section_total,,CNAF UN 88,CNAF UN 88,,CNAF UN 88,CNAF UN 88,977000.0,,euro,EUR,unclear,review,0.5,docx_parser,docx_table,"Parsed from table 0, row 0"
Spain,2022,pdf_b3b136e3553c__2023_BOE-A-2022-22128.txt,0,section_total,,COMISIONADO PARA EL MERCADO DE TABACOS,COMISIONADO PARA EL MERCADO DE TABACOS,,COMISIONADO PARA EL MERCADO DE TABACOS,COMISIONADO PARA EL MERCADO DE TABACOS,9018193.99,,euro,EUR,unclear,review,0.6,docx_parser,docx_table,"Parsed from table 0, row 0"
Spain,2022,pdf_b3b136e3553c__2023_BOE-A-2022-22128.txt,0,section_total,,COMISIÓN NACIONAL DE LOS MERCADOS Y LA COMPETENCIA,COMISIÓN NACIONAL DE LOS MERCADOS Y LA COMPETENCIA,,COMISIÓN NACIONAL DE LOS MERCADOS Y LA COMPETENCIA,COMISIÓN NACIONAL DE LOS MERCADOS Y LA COMPETENCIA,29885947.14,,euro,EUR,unclear,review,0.5,docx_parser,docx_table,"Parsed from table 0, row 0"
Spain,2022,pdf_b3b136e3553c__2023_BOE-A-2022-22128.txt,0,section_total,,CONFEDERACIÓN HIDROGRÁFICA DEL CANTÁBRICO,CONFEDERACIÓN HIDROGRÁFICA DEL CANTÁBRICO,,CONFEDERACIÓN HIDROGRÁFICA DEL CANTÁBRICO,CONFEDERACIÓN HIDROGRÁFICA DEL CANTÁBRICO,15123103.0,,euro,EUR,unclear,review,0.6,docx_parser,docx_table,"Parsed from table 0, row 0"
Spain,2022,pdf_b3b136e3553c__2023_BOE-A-2022-22128.txt,0,section_total,,CONFEDERACIÓN HIDROGRÁFICA DEL DUERO,CONFEDERACIÓN HIDROGRÁFICA DEL DUERO,,CONFEDERACIÓN HIDROGRÁFICA DEL DUERO,CONFEDERACIÓN HIDROGRÁFICA DEL DUERO,78152669.27,,euro,EUR,unclear,review,0.6,docx_parser,docx_table,"Parsed from table 0, row 0"
Spain,2022,pdf_b3b136e3553c__2023_BOE-A-2022-22128.txt,0,section_total,,CONFEDERACIÓN HIDROGRÁFICA DEL EBRO,CONFEDERACIÓN HIDROGRÁFICA DEL EBRO,,CONFEDERACIÓN HIDROGRÁFICA DEL EBRO,CONFEDERACIÓN HIDROGRÁFICA DEL EBRO,91552000.0,,euro,EUR,unclear,review,0.6,docx_parser,docx_table,"Parsed from table 0, row 0"
Spain,2022,pdf_b3b136e3553c__2023_BOE-A-2022-22128.txt,0,section_total,,CONFEDERACIÓN HIDROGRÁFICA DEL GUADALQUIVIR,CONFEDERACIÓN HIDROGRÁFICA DEL GUADALQUIVIR,,CONFEDERACIÓN HIDROGRÁFICA DEL GUADALQUIVIR,CONFEDERACIÓN HIDROGRÁFICA DEL GUADALQUIVIR,25024458.45,,euro,EUR,unclear,review,0.5,docx_parser,docx_table,"Parsed from table 0, row 0"
Spain,2022,pdf_b3b136e3553c__2023_BOE-A-2022-22128.txt,0,section_total,,CONFEDERACIÓN HIDROGRÁFICA DEL GUADIANA,CONFEDERACIÓN HIDROGRÁFICA DEL GUADIANA,,CONFEDERACIÓN HIDROGRÁFICA DEL GUADIANA,CONFEDERACIÓN HIDROGRÁFICA DEL GUADIANA,5018692.82,,euro,EUR,unclear,review,0.6,docx_parser,docx_table,"Parsed from table 0, row 0"
Spain,2022,pdf_b3b136e3553c__2023_BOE-A-2022-22128.txt,0,section_total,,CONFEDERACIÓN HIDROGRÁFICA DEL JÚCAR,CONFEDERACIÓN HIDROGRÁFICA DEL JÚCAR,,CONFEDERACIÓN HIDROGRÁFICA DEL JÚCAR,CONFEDERACIÓN HIDROGRÁFICA DEL JÚCAR,60015434.309999995,,euro,EUR,unclear,review,0.6,docx_parser,docx_table,"Parsed from table 0, row 0"
Spain,2022,pdf_b3b136e3553c__2023_BOE-A-2022-22128.txt,0,section_total,,CONFEDERACIÓN HIDROGRÁFICA DEL MIÑO-SIL,CONFEDERACIÓN HIDROGRÁFICA DEL MIÑO-SIL,,CONFEDERACIÓN HIDROGRÁFICA DEL MIÑO-SIL,CONFEDERACIÓN HIDROGRÁFICA DEL MIÑO-SIL,9043000.0,,euro,EUR,unclear,review,0.6,docx_parser,docx_table,"Parsed from table 0, row 0"
Spain,2022,pdf_b3b136e3553c__2023_BOE-A-2022-22128.txt,0,section_total,,CONFEDERACIÓN HIDROGRÁFICA DEL SEGURA,CONFEDERACIÓN HIDROGRÁFICA DEL SEGURA,,CONFEDERACIÓN HIDROGRÁFICA DEL SEGURA,CONFEDERACIÓN HIDROGRÁFICA DEL SEGURA,12688181.14,,euro,EUR,unclear,review,0.6,docx_parser,docx_table,"Parsed from table 0, row 0"
Spain,2022,pdf_b3b136e3553c__2023_BOE-A-2022-22128.txt,0,section_total,,CONFEDERACIÓN HIDROGRÁFICA DEL TAJO,CONFEDERACIÓN HIDROGRÁFICA DEL TAJO,,CONFEDERACIÓN HIDROGRÁFICA DEL TAJO,CONFEDERACIÓN HIDROGRÁFICA DEL TAJO,71802000.0,,euro,EUR,unclear,review,0.6,docx_parser,docx_table,"Parsed from table 0, row 0"
Spain,2022,pdf_b3b136e3553c__2023_BOE-A-2022-22128.txt,0,section_total,,CONGRESO DE LOS DIPUTADOS,CONGRESO DE LOS DIPUTADOS,,CONGRESO DE LOS DIPUTADOS,CONGRESO DE LOS DIPUTADOS,39281782.019999996,,euro,EUR,unclear,review,0.5,docx_parser,docx_table,"Parsed from table 0, row 0"
Spain,2022,pdf_b3b136e3553c__2023_BOE-A-2022-22128.txt,0,section_total,,CONSEJO DE ADMINISTRACIÓN DEL PATRIMONIO,CONSEJO DE ADMINISTRACIÓN DEL PATRIMONIO,,CONSEJO DE ADMINISTRACIÓN DEL PATRIMONIO,CONSEJO DE ADMINISTRACIÓN DEL PATRIMONIO,50001213.54,,euro,EUR,unclear,review,0.6,docx_parser,docx_table,"Parsed from table 0, row 0"
Spain,2022,pdf_b3b136e3553c__2023_BOE-A-2022-22128.txt,0,section_total,,CONSEJO DE ESTADO,CONSEJO DE ESTADO,,CONSEJO DE ESTADO,CONSEJO DE ESTADO,23301010.0,,euro,EUR,unclear,review,0.5,docx_parser,docx_table,"Parsed from table 0, row 0"
Spain,2022,pdf_b3b136e3553c__2023_BOE-A-2022-22128.txt,0,section_total,,CONSEJO DE SEGURIDAD NUCLEAR,CONSEJO DE SEGURIDAD NUCLEAR,,CONSEJO DE SEGURIDAD NUCLEAR,CONSEJO DE SEGURIDAD NUCLEAR,42128205.07,,euro,EUR,unclear,review,0.6,docx_parser,docx_table,"Parsed from table 0, row 0"
Spain,2022,pdf_b3b136e3553c__2023_BOE-A-2022-22128.txt,0,section_total,,CONSEJO DE TRANSPARENCIA Y BUEN GOBIERNO,CONSEJO DE TRANSPARENCIA Y BUEN GOBIERNO,,CONSEJO DE TRANSPARENCIA Y BUEN GOBIERNO,CONSEJO DE TRANSPARENCIA Y BUEN GOBIERNO,5400000.0,,euro,EUR,unclear,review,0.6,docx_parser,docx_table,"Parsed from table 0, row 0"
Spain,2022,pdf_b3b136e3553c__2023_BOE-A-2022-22128.txt,0,section_total,,CONSEJO ECONÓMICO Y SOCIAL,CONSEJO ECONÓMICO Y SOCIAL,,CONSEJO ECONÓMICO Y SOCIAL,CONSEJO ECONÓMICO Y SOCIAL,4194000.0,,euro,EUR,unclear,review,0.6,docx_parser,docx_table,"Parsed from table 0, row 0"
Spain,2022,pdf_b3b136e3553c__2023_BOE-A-2022-22128.txt,0,section_total,,CONSEJO GENERAL DEL PODER JUDICIAL,CONSEJO GENERAL DEL PODER JUDICIAL,,CONSEJO GENERAL DEL PODER JUDICIAL,CONSEJO GENERAL DEL PODER JUDICIAL,57923010.0,,euro,EUR,unclear,review,0.6,docx_parser,docx_table,"Parsed from table 0, row 0"
Spain,2022,pdf_b3b136e3553c__2023_BOE-A-2022-22128.txt,0,section_total,,CONSEJO SUPERIOR DE DEPORTES,CONSEJO SUPERIOR DE DEPORTES,,CONSEJO SUPERIOR DE DEPORTES,CONSEJO SUPERIOR DE DEPORTES,64275107.0,,euro,EUR,unclear,review,0.6,docx_parser,docx_table,"Parsed from table 0, row 0"
Spain,2022,pdf_b3b136e3553c__2023_BOE-A-2022-22128.txt,0,section_total,,CONSEJO SUPERIOR DE INVESTIGACIONES CIENTÍFICAS,CONSEJO SUPERIOR DE INVESTIGACIONES CIENTÍFICAS,,CONSEJO SUPERIOR DE INVESTIGACIONES CIENTÍFICAS,CONSEJO SUPERIOR DE INVESTIGACIONES CIENTÍFICAS,32855303.0,,euro,EUR,science_agency,include,0.9,docx_parser,docx_table,"Parsed from table 0, row 0"
Spain,2022,pdf_b3b136e3553c__2023_BOE-A-2022-22128.txt,0,section_total,,CONTRATACIÓN CENTRALIZADA,CONTRATACIÓN CENTRALIZADA,,CONTRATACIÓN CENTRALIZADA,CONTRATACIÓN CENTRALIZADA,327061.69999999995,,euro,EUR,unclear,review,0.6,docx_parser,docx_table,"Parsed from table 0, row 0"
Spain,2022,pdf_b3b136e3553c__2023_BOE-A-2022-22128.txt,0,section_total,,CORTES GENERALES,CORTES GENERALES,,CORTES GENERALES,CORTES GENERALES,39984221.54,,euro,EUR,unclear,review,0.5,docx_parser,docx_table,"Parsed from table 0, row 0"
Spain,2022,pdf_b3b136e3553c__2023_BOE-A-2022-22128.txt,0,section_total,,CUARTEL GENERAL DEL EMAD,CUARTEL GENERAL DEL EMAD,,CUARTEL GENERAL DEL EMAD,CUARTEL GENERAL DEL EMAD,75914.8,,euro,EUR,unclear,review,0.5,docx_parser,docx_table,"Parsed from table 0, row 0"
Spain,2022,pdf_b3b136e3553c__2023_BOE-A-2022-22128.txt,0,section_total,,DEFENSOR DEL PUEBLO,DEFENSOR DEL PUEBLO,,DEFENSOR DEL PUEBLO,DEFENSOR DEL PUEBLO,16470000.0,,euro,EUR,unclear,review,0.5,docx_parser,docx_table,"Parsed from table 0, row 0"
Spain,2022,pdf_b3b136e3553c__2023_BOE-A-2022-22128.txt,0,section_total,,DELEGACIÓN DEL GOBIERNO CONTRA LA VIOLENCIA,DELEGACIÓN DEL GOBIERNO CONTRA LA VIOLENCIA,,DELEGACIÓN DEL GOBIERNO CONTRA LA VIOLENCIA,DELEGACIÓN DEL GOBIERNO CONTRA LA VIOLENCIA,79539.87,,euro,EUR,unclear,review,0.6,docx_parser,docx_table,"Parsed from table 0, row 0"
Spain,2022,pdf_b3b136e3553c__2023_BOE-A-2022-22128.txt,0,section_total,,DELEGACIÓN DEL GOBIERNO PARA EL PLAN NACIONAL SOBRE DROGAS,DELEGACIÓN DEL GOBIERNO PARA EL PLAN NACIONAL SOBRE DROGAS,,DELEGACIÓN DEL GOBIERNO PARA EL PLAN NACIONAL SOBRE DROGAS,DELEGACIÓN DEL GOBIERNO PARA EL PLAN NACIONAL SOBRE DROGAS,60979000.0,,euro,EUR,unclear,review,0.6,docx_parser,docx_table,"Parsed from table 0, row 0"
Spain,2022,pdf_b3b136e3553c__2023_BOE-A-2022-22128.txt,0,section_total,,DEUDA PÚBLICA,DEUDA PÚBLICA,,DEUDA PÚBLICA,DEUDA PÚBLICA,6000000.0,,euro,EUR,unclear,review,0.5,docx_parser,docx_table,"Parsed from table 0, row 0"
Spain,2022,pdf_b3b136e3553c__2023_BOE-A-2022-22128.txt,0,section_total,,DEUDAS ASUMIDAS,DEUDAS ASUMIDAS,,DEUDAS ASUMIDAS,DEUDAS ASUMIDAS,93422.17,,euro,EUR,unclear,review,0.5,docx_parser,docx_table,"Parsed from table 0, row 0"
Spain,2022,pdf_b3b136e3553c__2023_BOE-A-2022-22128.txt,0,section_total,,DIRECCIÓN GENERAL DE AGENDA URBANA Y ARQUITECTURA,DIRECCIÓN GENERAL DE AGENDA URBANA Y ARQUITECTURA,,DIRECCIÓN GENERAL DE AGENDA URBANA Y ARQUITECTURA,DIRECCIÓN GENERAL DE AGENDA URBANA Y ARQUITECTURA,40517180.0,,euro,EUR,unclear,review,0.6,docx_parser,docx_table,"Parsed from table 0, row 0"
Spain,2022,pdf_b3b136e3553c__2023_BOE-A-2022-22128.txt,0,section_total,,DIRECCIÓN GENERAL DE ANÁLISIS MACROECONÓMICO,DIRECCIÓN GENERAL DE ANÁLISIS MACROECONÓMICO,,DIRECCIÓN GENERAL DE ANÁLISIS MACROECONÓMICO,DIRECCIÓN GENERAL DE ANÁLISIS MACROECONÓMICO,2100000.0,,euro,EUR,unclear,review,0.6,docx_parser,docx_table,"Parsed from table 0, row 0"
Spain,2022,pdf_b3b136e3553c__2023_BOE-A-2022-22128.txt,0,section_total,,DIRECCIÓN GENERAL DE AVIACIÓN CIVIL,DIRECCIÓN GENERAL DE AVIACIÓN CIVIL,,DIRECCIÓN GENERAL DE AVIACIÓN CIVIL,DIRECCIÓN GENERAL DE AVIACIÓN CIVIL,592995.36,,euro,EUR,unclear,review,0.6,docx_parser,docx_table,"Parsed from table 0, row 0"
Spain,2022,pdf_b3b136e3553c__2023_BOE-A-2022-22128.txt,0,section_total,,"DIRECCIÓN GENERAL DE BIODIVERSIDAD, BOSQUES Y DESERTIFICACIÓN","DIRECCIÓN GENERAL DE BIODIVERSIDAD, BOSQUES Y DESERTIFICACIÓN",,"DIRECCIÓN GENERAL DE BIODIVERSIDAD, BOSQUES Y DESERTIFICACIÓN","DIRECCIÓN GENERAL DE BIODIVERSIDAD, BOSQUES Y DESERTIFICACIÓN",212520.09,,euro,EUR,unclear,review,0.6,docx_parser,docx_table,"Parsed from table 0, row 0"
Spain,2022,pdf_b3b136e3553c__2023_BOE-A-2022-22128.txt,0,section_total,,DIRECCIÓN GENERAL DE CALIDAD Y EVALUACIÓN,DIRECCIÓN GENERAL DE CALIDAD Y EVALUACIÓN,,DIRECCIÓN GENERAL DE CALIDAD Y EVALUACIÓN,DIRECCIÓN GENERAL DE CALIDAD Y EVALUACIÓN,27390.440000000002,,euro,EUR,unclear,review,0.6,docx_parser,docx_table,"Parsed from table 0, row 0"
Spain,2022,pdf_b3b136e3553c__2023_BOE-A-2022-22128.txt,0,section_total,,DIRECCIÓN GENERAL DE CARRETERAS,DIRECCIÓN GENERAL DE CARRETERAS,,DIRECCIÓN GENERAL DE CARRETERAS,DIRECCIÓN GENERAL DE CARRETERAS,487924.35,,euro,EUR,unclear,review,0.6,docx_parser,docx_table,"Parsed from table 0, row 0"
Spain,2022,pdf_b3b136e3553c__2023_BOE-A-2022-22128.txt,0,section_total,,DIRECCIÓN GENERAL DE CARTERA COMÚN DE SERVICIOS DEL SISTEMA NACIONAL DE SALUD Y,DIRECCIÓN GENERAL DE CARTERA COMÚN DE SERVICIOS DEL SISTEMA NACIONAL DE SALUD Y,,DIRECCIÓN GENERAL DE CARTERA COMÚN DE SERVICIOS DEL SISTEMA NACIONAL DE SALUD Y,DIRECCIÓN GENERAL DE CARTERA COMÚN DE SERVICIOS DEL SISTEMA NACIONAL DE SALUD Y,453739.10000000003,,euro,EUR,unclear,review,0.6,docx_parser,docx_table,"Parsed from table 0, row 0"
Spain,2022,pdf_b3b136e3553c__2023_BOE-A-2022-22128.txt,0,section_total,,DIRECCIÓN GENERAL DE COMERCIO INTERNACIONAL E INVERSIONES,DIRECCIÓN GENERAL DE COMERCIO INTERNACIONAL E INVERSIONES,,DIRECCIÓN GENERAL DE COMERCIO INTERNACIONAL E INVERSIONES,DIRECCIÓN GENERAL DE COMERCIO INTERNACIONAL E INVERSIONES,53520070.0,,euro,EUR,unclear,review,0.6,docx_parser,docx_table,"Parsed from table 0, row 0"
Spain,2022,pdf_b3b136e3553c__2023_BOE-A-2022-22128.txt,0,section_total,,DIRECCIÓN GENERAL DE CONSUMO,DIRECCIÓN GENERAL DE CONSUMO,,DIRECCIÓN GENERAL DE CONSUMO,DIRECCIÓN GENERAL DE CONSUMO,508405.13,,euro,EUR,unclear,review,0.6,docx_parser,docx_table,"Parsed from table 0, row 0"
Spain,2022,pdf_b3b136e3553c__2023_BOE-A-2022-22128.txt,0,section_total,,DIRECCIÓN GENERAL DE COSTES DE PERSONAL,DIRECCIÓN GENERAL DE COSTES DE PERSONAL,,DIRECCIÓN GENERAL DE COSTES DE PERSONAL,DIRECCIÓN GENERAL DE COSTES DE PERSONAL,823000.0,,euro,EUR,unclear,review,0.6,docx_parser,docx_table,"Parsed from table 0, row 0"
Spain,2022,pdf_b3b136e3553c__2023_BOE-A-2022-22128.txt,0,section_total,,DIRECCIÓN GENERAL DE DERECHOS DE LA INFANCIA Y DE LA ADOLESCENCIA,DIRECCIÓN GENERAL DE DERECHOS DE LA INFANCIA Y DE LA ADOLESCENCIA,,DIRECCIÓN GENERAL DE DERECHOS DE LA INFANCIA Y DE LA ADOLESCENCIA,DIRECCIÓN GENERAL DE DERECHOS DE LA INFANCIA Y DE LA ADOLESCENCIA,5200000.0,,euro,EUR,unclear,review,0.6,docx_parser,docx_table,"Parsed from table 0, row 0"
Spain,2022,pdf_b3b136e3553c__2023_BOE-A-2022-22128.txt,0,section_total,,DIRECCIÓN GENERAL DE DERECHOS DE LAS PERSONAS CON DISCAPACIDAD,DIRECCIÓN GENERAL DE DERECHOS DE LAS PERSONAS CON DISCAPACIDAD,,DIRECCIÓN GENERAL DE DERECHOS DE LAS PERSONAS CON DISCAPACIDAD,DIRECCIÓN GENERAL DE DERECHOS DE LAS PERSONAS CON DISCAPACIDAD,31000.51,,euro,EUR,unclear,review,0.6,docx_parser,docx_table,"Parsed from table 0, row 0"
Spain,2022,pdf_b3b136e3553c__2023_BOE-A-2022-22128.txt,0,section_total,,DIRECCIÓN GENERAL DE DERECHOS DE LOS,DIRECCIÓN GENERAL DE DERECHOS DE LOS,,DIRECCIÓN GENERAL DE DERECHOS DE LOS,DIRECCIÓN GENERAL DE DERECHOS DE LOS,56810500.0,,euro,EUR,unclear,review,0.5,docx_parser,docx_table,"Parsed from table 0, row 0"
Spain,2022,pdf_b3b136e3553c__2023_BOE-A-2022-22128.txt,0,section_total,,"DIRECCIÓN GENERAL DE DESARROLLO RURAL, INNOVACIÓN Y FORMACIÓN AGROALIMENTARIA","DIRECCIÓN GENERAL DE DESARROLLO RURAL, INNOVACIÓN Y FORMACIÓN AGROALIMENTARIA",,"DIRECCIÓN GENERAL DE DESARROLLO RURAL, INNOVACIÓN Y FORMACIÓN AGROALIMENTARIA","DIRECCIÓN GENERAL DE DESARROLLO RURAL, INNOVACIÓN Y FORMACIÓN AGROALIMENTARIA",346260.66,,euro,EUR,unclear,review,0.6,docx_parser,docx_table,"Parsed from table 0, row 0"
Spain,2022,pdf_b3b136e3553c__2023_BOE-A-2022-22128.txt,0,section_total,,DIRECCIÓN GENERAL DE DIVERSIDAD FAMILIAR Y SERVICIOS SOCIALES,DIRECCIÓN GENERAL DE DIVERSIDAD FAMILIAR Y SERVICIOS SOCIALES,,DIRECCIÓN GENERAL DE DIVERSIDAD FAMILIAR Y SERVICIOS SOCIALES,DIRECCIÓN GENERAL DE DIVERSIDAD FAMILIAR Y SERVICIOS SOCIALES,343165.22,,euro,EUR,unclear,review,0.6,docx_parser,docx_table,"Parsed from table 0, row 0"
Spain,2022,pdf_b3b136e3553c__2023_BOE-A-2022-22128.txt,0,section_total,,DIRECCIÓN GENERAL DE EVALUACIÓN Y COOPERACIÓN TERRITORIAL,DIRECCIÓN GENERAL DE EVALUACIÓN Y COOPERACIÓN TERRITORIAL,,DIRECCIÓN GENERAL DE EVALUACIÓN Y COOPERACIÓN TERRITORIAL,DIRECCIÓN GENERAL DE EVALUACIÓN Y COOPERACIÓN TERRITORIAL,639427.26,,euro,EUR,unclear,review,0.6,docx_parser,docx_table,"Parsed from table 0, row 0"
Spain,2022,pdf_b3b136e3553c__2023_BOE-A-2022-22128.txt,0,section_total,,DIRECCIÓN GENERAL DE INDUSTRIA Y DE LA PEQUEÑA Y MEDIANA EMPRESA,DIRECCIÓN GENERAL DE INDUSTRIA Y DE LA PEQUEÑA Y MEDIANA EMPRESA,,DIRECCIÓN GENERAL DE INDUSTRIA Y DE LA PEQUEÑA Y MEDIANA EMPRESA,DIRECCIÓN GENERAL DE INDUSTRIA Y DE LA PEQUEÑA Y MEDIANA EMPRESA,416291.27,,euro,EUR,unclear,review,0.6,docx_parser,docx_table,"Parsed from table 0, row 0"
Spain,2022,pdf_b3b136e3553c__2023_BOE-A-2022-22128.txt,0,section_total,,"DIRECCIÓN GENERAL DE INDUSTRIAS CULTURALES, PROPIEDAD INTELECTUAL Y COOPERACIÓN","DIRECCIÓN GENERAL DE INDUSTRIAS CULTURALES, PROPIEDAD INTELECTUAL Y COOPERACIÓN",,"DIRECCIÓN GENERAL DE INDUSTRIAS CULTURALES, PROPIEDAD INTELECTUAL Y COOPERACIÓN","DIRECCIÓN GENERAL DE INDUSTRIAS CULTURALES, PROPIEDAD INTELECTUAL Y COOPERACIÓN",97848.20000000001,,euro,EUR,unclear,review,0.6,docx_parser,docx_table,"Parsed from table 0, row 0"
Spain,2022,pdf_b3b136e3553c__2023_BOE-A-2022-22128.txt,0,section_total,,DIRECCIÓN GENERAL DE LA COSTA Y DEL MAR,DIRECCIÓN GENERAL DE LA COSTA Y DEL MAR,,DIRECCIÓN GENERAL DE LA COSTA Y DEL MAR,DIRECCIÓN GENERAL DE LA COSTA Y DEL MAR,95000000.0,,euro,EUR,unclear,review,0.6,docx_parser,docx_table,"Parsed from table 0, row 0"
Spain,2022,pdf_b3b136e3553c__2023_BOE-A-2022-22128.txt,0,section_total,,DIRECCIÓN GENERAL DE LA GUARDIA CIVIL,DIRECCIÓN GENERAL DE LA GUARDIA CIVIL,,DIRECCIÓN GENERAL DE LA GUARDIA CIVIL,DIRECCIÓN GENERAL DE LA GUARDIA CIVIL,3640000.0,,euro,EUR,unclear,review,0.6,docx_parser,docx_table,"Parsed from table 0, row 0"
Spain,2022,pdf_b3b136e3553c__2023_BOE-A-2022-22128.txt,0,section_total,,DIRECCIÓN GENERAL DE LA INDUSTRIA ALIMENTARIA,DIRECCIÓN GENERAL DE LA INDUSTRIA ALIMENTARIA,,DIRECCIÓN GENERAL DE LA INDUSTRIA ALIMENTARIA,DIRECCIÓN GENERAL DE LA INDUSTRIA ALIMENTARIA,43021080.0,,euro,EUR,unclear,review,0.6,docx_parser,docx_table,"Parsed from table 0, row 0"
Spain,2022,pdf_b3b136e3553c__2023_BOE-A-2022-22128.txt,0,section_total,,DIRECCIÓN GENERAL DE LA POLICÍA,DIRECCIÓN GENERAL DE LA POLICÍA,,DIRECCIÓN GENERAL DE LA POLICÍA,DIRECCIÓN GENERAL DE LA POLICÍA,25016040.0,,euro,EUR,unclear,review,0.5,docx_parser,docx_table,"Parsed from table 0, row 0"
Spain,2022,pdf_b3b136e3553c__2023_BOE-A-2022-22128.txt,0,section_total,,DIRECCIÓN GENERAL DE MARINA MERCANTE,DIRECCIÓN GENERAL DE MARINA MERCANTE,,DIRECCIÓN GENERAL DE MARINA MERCANTE,DIRECCIÓN GENERAL DE MARINA MERCANTE,1659700.4400000002,,euro,EUR,unclear,review,0.6,docx_parser,docx_table,"Parsed from table 0, row 0"
Spain,2022,pdf_b3b136e3553c__2023_BOE-A-2022-22128.txt,0,section_total,,DIRECCIÓN GENERAL DE ORDENACIÓN DEL JUEGO,DIRECCIÓN GENERAL DE ORDENACIÓN DEL JUEGO,,DIRECCIÓN GENERAL DE ORDENACIÓN DEL JUEGO,DIRECCIÓN GENERAL DE ORDENACIÓN DEL JUEGO,33832.15,,euro,EUR,unclear,review,0.5,docx_parser,docx_table,"Parsed from table 0, row 0"
Spain,2022,pdf_b3b136e3553c__2023_BOE-A-2022-22128.txt,0,section_total,,DIRECCIÓN GENERAL DE ORDENACIÓN PESQUERA Y ACUICULTURA,DIRECCIÓN GENERAL DE ORDENACIÓN PESQUERA Y ACUICULTURA,,DIRECCIÓN GENERAL DE ORDENACIÓN PESQUERA Y ACUICULTURA,DIRECCIÓN GENERAL DE ORDENACIÓN PESQUERA Y ACUICULTURA,99845500.0,,euro,EUR,unclear,review,0.6,docx_parser,docx_table,"Parsed from table 0, row 0"
Spain,2022,pdf_b3b136e3553c__2023_BOE-A-2022-22128.txt,0,section_total,,DIRECCIÓN GENERAL DE ORDENACIÓN PROFESIONAL,DIRECCIÓN GENERAL DE ORDENACIÓN PROFESIONAL,,DIRECCIÓN GENERAL DE ORDENACIÓN PROFESIONAL,DIRECCIÓN GENERAL DE ORDENACIÓN PROFESIONAL,600000.0,,euro,EUR,unclear,review,0.6,docx_parser,docx_table,"Parsed from table 0, row 0"
Spain,2022,pdf_b3b136e3553c__2023_BOE-A-2022-22128.txt,0,section_total,,DIRECCIÓN GENERAL DE PATRIMONIO CULTURAL Y BELLAS ARTES,DIRECCIÓN GENERAL DE PATRIMONIO CULTURAL Y BELLAS ARTES,,DIRECCIÓN GENERAL DE PATRIMONIO CULTURAL Y BELLAS ARTES,DIRECCIÓN GENERAL DE PATRIMONIO CULTURAL Y BELLAS ARTES,3751168.17,,euro,EUR,unclear,review,0.6,docx_parser,docx_table,"Parsed from table 0, row 0"
Spain,2022,pdf_b3b136e3553c__2023_BOE-A-2022-22128.txt,0,section_total,,DIRECCIÓN GENERAL DE PESCA SOSTENIBLE,DIRECCIÓN GENERAL DE PESCA SOSTENIBLE,,DIRECCIÓN GENERAL DE PESCA SOSTENIBLE,DIRECCIÓN GENERAL DE PESCA SOSTENIBLE,30000000.0,,euro,EUR,unclear,review,0.5,docx_parser,docx_table,"Parsed from table 0, row 0"
Spain,2022,pdf_b3b136e3553c__2023_BOE-A-2022-22128.txt,0,section_total,,DIRECCIÓN GENERAL DE PLANIFICACIÓN DE LA INVESTIGACIÓN,DIRECCIÓN GENERAL DE PLANIFICACIÓN DE LA INVESTIGACIÓN,,DIRECCIÓN GENERAL DE PLANIFICACIÓN DE LA INVESTIGACIÓN,DIRECCIÓN GENERAL DE PLANIFICACIÓN DE LA INVESTIGACIÓN,224505.09,,euro,EUR,science_agency,include,0.9,docx_parser,docx_table,"Parsed from table 0, row 0"
Spain,2022,pdf_b3b136e3553c__2023_BOE-A-2022-22128.txt,0,section_total,,DIRECCIÓN GENERAL DE PLANIFICACIÓN Y EVALUACIÓN DE LA RED FERROVIARIA,DIRECCIÓN GENERAL DE PLANIFICACIÓN Y EVALUACIÓN DE LA RED FERROVIARIA,,DIRECCIÓN GENERAL DE PLANIFICACIÓN Y EVALUACIÓN DE LA RED FERROVIARIA,DIRECCIÓN GENERAL DE PLANIFICACIÓN Y EVALUACIÓN DE LA RED FERROVIARIA,310754.0,,euro,EUR,unclear,review,0.6,docx_parser,docx_table,"Parsed from table 0, row 0"
Spain,2022,pdf_b3b136e3553c__2023_BOE-A-2022-22128.txt,0,section_total,,DIRECCIÓN GENERAL DE PLANIFICACIÓN Y GESTIÓN,DIRECCIÓN GENERAL DE PLANIFICACIÓN Y GESTIÓN,,DIRECCIÓN GENERAL DE PLANIFICACIÓN Y GESTIÓN,DIRECCIÓN GENERAL DE PLANIFICACIÓN Y GESTIÓN,10800000.0,,euro,EUR,unclear,review,0.6,docx_parser,docx_table,"Parsed from table 0, row 0"
Spain,2022,pdf_b3b136e3553c__2023_BOE-A-2022-22128.txt,0,section_total,,DIRECCIÓN GENERAL DE POLÍTICA COMERCIAL,DIRECCIÓN GENERAL DE POLÍTICA COMERCIAL,,DIRECCIÓN GENERAL DE POLÍTICA COMERCIAL,DIRECCIÓN GENERAL DE POLÍTICA COMERCIAL,88015.79,,euro,EUR,unclear,review,0.6,docx_parser,docx_table,"Parsed from table 0, row 0"
Spain,2022,pdf_b3b136e3553c__2023_BOE-A-2022-22128.txt,0,section_total,,DIRECCIÓN GENERAL DE POLÍTICA ECONÓMICA,DIRECCIÓN GENERAL DE POLÍTICA ECONÓMICA,,DIRECCIÓN GENERAL DE POLÍTICA ECONÓMICA,DIRECCIÓN GENERAL DE POLÍTICA ECONÓMICA,449000.0,,euro,EUR,unclear,review,0.6,docx_parser,docx_table,"Parsed from table 0, row 0"
Spain,2022,pdf_b3b136e3553c__2023_BOE-A-2022-22128.txt,0,section_total,,DIRECCIÓN GENERAL DE POLÍTICA ENERGÉTICA Y,DIRECCIÓN GENERAL DE POLÍTICA ENERGÉTICA Y,,DIRECCIÓN GENERAL DE POLÍTICA ENERGÉTICA Y,DIRECCIÓN GENERAL DE POLÍTICA ENERGÉTICA Y,30139.949999999997,,euro,EUR,unclear,review,0.6,docx_parser,docx_table,"Parsed from table 0, row 0"
Spain,2022,pdf_b3b136e3553c__2023_BOE-A-2022-22128.txt,0,section_total,,DIRECCIÓN GENERAL DE POLÍTICAS CONTRA LA DESPOBLACIÓN,DIRECCIÓN GENERAL DE POLÍTICAS CONTRA LA DESPOBLACIÓN,,DIRECCIÓN GENERAL DE POLÍTICAS CONTRA LA DESPOBLACIÓN,DIRECCIÓN GENERAL DE POLÍTICAS CONTRA LA DESPOBLACIÓN,95235000.0,,euro,EUR,unclear,review,0.6,docx_parser,docx_table,"Parsed from table 0, row 0"
Spain,2022,pdf_b3b136e3553c__2023_BOE-A-2022-22128.txt,0,section_total,,DIRECCIÓN GENERAL DE PRESUPUESTOS,DIRECCIÓN GENERAL DE PRESUPUESTOS,,DIRECCIÓN GENERAL DE PRESUPUESTOS,DIRECCIÓN GENERAL DE PRESUPUESTOS,1763000.0,,euro,EUR,unclear,review,0.6,docx_parser,docx_table,"Parsed from table 0, row 0"
Spain,2022,pdf_b3b136e3553c__2023_BOE-A-2022-22128.txt,0,section_total,,DIRECCIÓN GENERAL DE PRODUCCIONES Y MERCADOS AGRARIOS,DIRECCIÓN GENERAL DE PRODUCCIONES Y MERCADOS AGRARIOS,,DIRECCIÓN GENERAL DE PRODUCCIONES Y MERCADOS AGRARIOS,DIRECCIÓN GENERAL DE PRODUCCIONES Y MERCADOS AGRARIOS,58454.270000000004,,euro,EUR,unclear,review,0.6,docx_parser,docx_table,"Parsed from table 0, row 0"
Spain,2022,pdf_b3b136e3553c__2023_BOE-A-2022-22128.txt,0,section_total,,DIRECCIÓN GENERAL DE PROGRAMACIÓN ECONÓMICA Y PRESUPUESTOS,DIRECCIÓN GENERAL DE PROGRAMACIÓN ECONÓMICA Y PRESUPUESTOS,,DIRECCIÓN GENERAL DE PROGRAMACIÓN ECONÓMICA Y PRESUPUESTOS,DIRECCIÓN GENERAL DE PROGRAMACIÓN ECONÓMICA Y PRESUPUESTOS,1000000.0,,euro,EUR,unclear,review,0.6,docx_parser,docx_table,"Parsed from table 0, row 0"
Spain,2022,pdf_b3b136e3553c__2023_BOE-A-2022-22128.txt,0,section_total,,DIRECCIÓN GENERAL DE RACIONALIZACIÓN Y CENTRALIZACIÓN DE LA CONTRATACIÓN,DIRECCIÓN GENERAL DE RACIONALIZACIÓN Y CENTRALIZACIÓN DE LA CONTRATACIÓN,,DIRECCIÓN GENERAL DE RACIONALIZACIÓN Y CENTRALIZACIÓN DE LA CONTRATACIÓN,DIRECCIÓN GENERAL DE RACIONALIZACIÓN Y CENTRALIZACIÓN DE LA CONTRATACIÓN,317071.7,,euro,EUR,unclear,review,0.6,docx_parser,docx_table,"Parsed from table 0, row 0"
Spain,2022,pdf_b3b136e3553c__2023_BOE-A-2022-22128.txt,0,section_total,,DIRECCIÓN GENERAL DE SALUD DIGITAL Y SISTEMAS DE INFORMACIÓN PARA EL SISTEMA NACIONAL DE SALUD,DIRECCIÓN GENERAL DE SALUD DIGITAL Y SISTEMAS DE INFORMACIÓN PARA EL SISTEMA NACIONAL DE SALUD,,DIRECCIÓN GENERAL DE SALUD DIGITAL Y SISTEMAS DE INFORMACIÓN PARA EL SISTEMA NACIONAL DE SALUD,DIRECCIÓN GENERAL DE SALUD DIGITAL Y SISTEMAS DE INFORMACIÓN PARA EL SISTEMA NACIONAL DE SALUD,86104000.0,,euro,EUR,unclear,review,0.6,docx_parser,docx_table,"Parsed from table 0, row 0"
Spain,2022,pdf_b3b136e3553c__2023_BOE-A-2022-22128.txt,0,section_total,,DIRECCIÓN GENERAL DE SALUD PÚBLICA,DIRECCIÓN GENERAL DE SALUD PÚBLICA,,DIRECCIÓN GENERAL DE SALUD PÚBLICA,DIRECCIÓN GENERAL DE SALUD PÚBLICA,717513.71,,euro,EUR,unclear,review,0.6,docx_parser,docx_table,"Parsed from table 0, row 0"
Spain,2022,pdf_b3b136e3553c__2023_BOE-A-2022-22128.txt,0,section_total,,DIRECCIÓN GENERAL DE SANIDAD DE LA PRODUCCIÓN AGRARIA,DIRECCIÓN GENERAL DE SANIDAD DE LA PRODUCCIÓN AGRARIA,,DIRECCIÓN GENERAL DE SANIDAD DE LA PRODUCCIÓN AGRARIA,DIRECCIÓN GENERAL DE SANIDAD DE LA PRODUCCIÓN AGRARIA,14021070.0,,euro,EUR,unclear,review,0.6,docx_parser,docx_table,"Parsed from table 0, row 0"
Spain,2022,pdf_b3b136e3553c__2023_BOE-A-2022-22128.txt,0,section_total,,DIRECCIÓN GENERAL DE SEGURIDAD JURÍDICA Y FE,DIRECCIÓN GENERAL DE SEGURIDAD JURÍDICA Y FE,,DIRECCIÓN GENERAL DE SEGURIDAD JURÍDICA Y FE,DIRECCIÓN GENERAL DE SEGURIDAD JURÍDICA Y FE,1515837.1199999999,,euro,EUR,unclear,review,0.6,docx_parser,docx_table,"Parsed from table 0, row 0"
Spain,2022,pdf_b3b136e3553c__2023_BOE-A-2022-22128.txt,0,section_total,,DIRECCIÓN GENERAL DE SEGUROS Y FONDOS DE,DIRECCIÓN GENERAL DE SEGUROS Y FONDOS DE,,DIRECCIÓN GENERAL DE SEGUROS Y FONDOS DE,DIRECCIÓN GENERAL DE SEGUROS Y FONDOS DE,38198.11,,euro,EUR,unclear,review,0.5,docx_parser,docx_table,"Parsed from table 0, row 0"
Spain,2022,pdf_b3b136e3553c__2023_BOE-A-2022-22128.txt,0,section_total,,DIRECCIÓN GENERAL DE SERVICIOS,DIRECCIÓN GENERAL DE SERVICIOS,,DIRECCIÓN GENERAL DE SERVICIOS,DIRECCIÓN GENERAL DE SERVICIOS,1527493.2899999998,,euro,EUR,unclear,review,0.6,docx_parser,docx_table,"Parsed from table 0, row 0"
Spain,2022,pdf_b3b136e3553c__2023_BOE-A-2022-22128.txt,0,section_total,,DIRECCIÓN GENERAL DE SERVICIOS E INSPECCIÓN,DIRECCIÓN GENERAL DE SERVICIOS E INSPECCIÓN,,DIRECCIÓN GENERAL DE SERVICIOS E INSPECCIÓN,DIRECCIÓN GENERAL DE SERVICIOS E INSPECCIÓN,21040.0,,euro,EUR,unclear,review,0.6,docx_parser,docx_table,"Parsed from table 0, row 0"
Spain,2022,pdf_b3b136e3553c__2023_BOE-A-2022-22128.txt,0,section_total,,DIRECCIÓN GENERAL DE TRANSPORTE TERRESTRE,DIRECCIÓN GENERAL DE TRANSPORTE TERRESTRE,,DIRECCIÓN GENERAL DE TRANSPORTE TERRESTRE,DIRECCIÓN GENERAL DE TRANSPORTE TERRESTRE,673788.0,,euro,EUR,unclear,review,0.6,docx_parser,docx_table,"Parsed from table 0, row 0"
Spain,2022,pdf_b3b136e3553c__2023_BOE-A-2022-22128.txt,0,section_total,,DIRECCIÓN GENERAL DE TRIBUTOS,DIRECCIÓN GENERAL DE TRIBUTOS,,DIRECCIÓN GENERAL DE TRIBUTOS,DIRECCIÓN GENERAL DE TRIBUTOS,3431000.0,,euro,EUR,unclear,review,0.6,docx_parser,docx_table,"Parsed from table 0, row 0"
Spain,2022,pdf_b3b136e3553c__2023_BOE-A-2022-22128.txt,0,section_total,,DIRECCIÓN GENERAL DE VIVIENDA Y SUELO,DIRECCIÓN GENERAL DE VIVIENDA Y SUELO,,DIRECCIÓN GENERAL DE VIVIENDA Y SUELO,DIRECCIÓN GENERAL DE VIVIENDA Y SUELO,17196423.12,,euro,EUR,unclear,review,0.6,docx_parser,docx_table,"Parsed from table 0, row 0"
Spain,2022,pdf_b3b136e3553c__2023_BOE-A-2022-22128.txt,0,section_total,,DIRECCIÓN GENERAL DEL AGUA,DIRECCIÓN GENERAL DEL AGUA,,DIRECCIÓN GENERAL DEL AGUA,DIRECCIÓN GENERAL DEL AGUA,150186.99999999997,,euro,EUR,unclear,review,0.6,docx_parser,docx_table,"Parsed from table 0, row 0"
Spain,2022,pdf_b3b136e3553c__2023_BOE-A-2022-22128.txt,0,section_total,,DIRECCIÓN GENERAL DEL CATASTRO,DIRECCIÓN GENERAL DEL CATASTRO,,DIRECCIÓN GENERAL DEL CATASTRO,DIRECCIÓN GENERAL DEL CATASTRO,5151796.22,,euro,EUR,unclear,review,0.6,docx_parser,docx_table,"Parsed from table 0, row 0"
Spain,2022,pdf_b3b136e3553c__2023_BOE-A-2022-22128.txt,0,section_total,,DIRECCIÓN GENERAL DEL INSTITUTO GEOGRÁFICO,DIRECCIÓN GENERAL DEL INSTITUTO GEOGRÁFICO,,DIRECCIÓN GENERAL DEL INSTITUTO GEOGRÁFICO,DIRECCIÓN GENERAL DEL INSTITUTO GEOGRÁFICO,37190.63,,euro,EUR,science_agency,include,0.9,docx_parser,docx_table,"Parsed from table 0, row 0"
Spain,2022,pdf_b3b136e3553c__2023_BOE-A-2022-22128.txt,0,section_total,,DIRECCIÓN GENERAL DEL LIBRO Y FOMENTO DE LA,DIRECCIÓN GENERAL DEL LIBRO Y FOMENTO DE LA,,DIRECCIÓN GENERAL DEL LIBRO Y FOMENTO DE LA,DIRECCIÓN GENERAL DEL LIBRO Y FOMENTO DE LA,32404.05,,euro,EUR,unclear,review,0.5,docx_parser,docx_table,"Parsed from table 0, row 0"
Spain,2022,pdf_b3b136e3553c__2023_BOE-A-2022-22128.txt,0,section_total,,DIRECCIÓN GENERAL DEL PATRIMONIO DEL ESTADO,DIRECCIÓN GENERAL DEL PATRIMONIO DEL ESTADO,,DIRECCIÓN GENERAL DEL PATRIMONIO DEL ESTADO,DIRECCIÓN GENERAL DEL PATRIMONIO DEL ESTADO,9006684.440000001,,euro,EUR,unclear,review,0.6,docx_parser,docx_table,"Parsed from table 0, row 0"
Spain,2022,pdf_b3b136e3553c__2023_BOE-A-2022-22128.txt,0,section_total,,DIRECCIÓN GENERAL FONDOS COMUNITARIOS. RELACIONES FINANCIERAS CON LA UNIÓN EUROPEA,DIRECCIÓN GENERAL FONDOS COMUNITARIOS. RELACIONES FINANCIERAS CON LA UNIÓN EUROPEA,,DIRECCIÓN GENERAL FONDOS COMUNITARIOS. RELACIONES FINANCIERAS CON LA UNIÓN EUROPEA,DIRECCIÓN GENERAL FONDOS COMUNITARIOS. RELACIONES FINANCIERAS CON LA UNIÓN EUROPEA,170000.0,,euro,EUR,unclear,review,0.5,docx_parser,docx_table,"Parsed from table 0, row 0"
Spain,2022,pdf_b3b136e3553c__2023_BOE-A-2022-22128.txt,0,section_total,,DIRECCIÓN Y SERVICIOS GENERALES DE SEGURIDAD SOCIAL Y PROTECCIÓN SOCIAL,DIRECCIÓN Y SERVICIOS GENERALES DE SEGURIDAD SOCIAL Y PROTECCIÓN SOCIAL,,DIRECCIÓN Y SERVICIOS GENERALES DE SEGURIDAD SOCIAL Y PROTECCIÓN SOCIAL,DIRECCIÓN Y SERVICIOS GENERALES DE SEGURIDAD SOCIAL Y PROTECCIÓN SOCIAL,1000000.0,,euro,EUR,unclear,review,0.6,docx_parser,docx_table,"Parsed from table 0, row 0"
Spain,2022,pdf_b3b136e3553c__2023_BOE-A-2022-22128.txt,0,section_total,,EDUCACIÓN INFANTIL,EDUCACIÓN INFANTIL,,EDUCACIÓN INFANTIL,EDUCACIÓN INFANTIL,51108.09,,euro,EUR,direct_rd,include,0.9,docx_parser,docx_table,"Parsed from table 0, row 0"
Spain,2022,pdf_b3b136e3553c__2023_BOE-A-2022-22128.txt,0,section_total,,EDUCACIÓN PRIMARIA,EDUCACIÓN PRIMARIA,,EDUCACIÓN PRIMARIA,EDUCACIÓN PRIMARIA,51108.09,,euro,EUR,unclear,review,0.6,docx_parser,docx_table,"Parsed from table 0, row 0"
Spain,2022,pdf_b3b136e3553c__2023_BOE-A-2022-22128.txt,0,section_total,,EDUCACIÓN SECUNDARIA OBLIGATORIA,EDUCACIÓN SECUNDARIA OBLIGATORIA,,EDUCACIÓN SECUNDARIA OBLIGATORIA,EDUCACIÓN SECUNDARIA OBLIGATORIA,161717.55,,euro,EUR,unclear,review,0.6,docx_parser,docx_table,"Parsed from table 0, row 0"
Spain,2022,pdf_b3b136e3553c__2023_BOE-A-2022-22128.txt,0,section_total,,EJERCICIO PRESUPUESTARIO,EJERCICIO PRESUPUESTARIO,,EJERCICIO PRESUPUESTARIO,EJERCICIO PRESUPUESTARIO,95004746.71000001,,euro,EUR,unclear,review,0.5,docx_parser,docx_table,"Parsed from table 0, row 0"
Spain,2022,pdf_b3b136e3553c__2023_BOE-A-2022-22128.txt,0,section_total,,EJÉRCITO DE TIERRA,EJÉRCITO DE TIERRA,,EJÉRCITO DE TIERRA,EJÉRCITO DE TIERRA,44545734.669999994,,euro,EUR,unclear,review,0.5,docx_parser,docx_table,"Parsed from table 0, row 0"
Spain,2022,pdf_b3b136e3553c__2023_BOE-A-2022-22128.txt,0,section_total,,EJÉRCITO DEL AIRE,EJÉRCITO DEL AIRE,,EJÉRCITO DEL AIRE,EJÉRCITO DEL AIRE,4664500.0,,euro,EUR,unclear,review,0.5,docx_parser,docx_table,"Parsed from table 0, row 0"
Spain,2022,pdf_b3b136e3553c__2023_BOE-A-2022-22128.txt,0,section_total,,ENAJENACION DE INVERSIONES REALES,ENAJENACION DE INVERSIONES REALES,,ENAJENACION DE INVERSIONES REALES,ENAJENACION DE INVERSIONES REALES,77000000.0,,euro,EUR,unclear,review,0.5,docx_parser,docx_table,"Parsed from table 0, row 0"
Spain,2022,pdf_b3b136e3553c__2023_BOE-A-2022-22128.txt,0,section_total,,ENTIDAD ESTATAL DE SEGUROS AGRARIOS,ENTIDAD ESTATAL DE SEGUROS AGRARIOS,,ENTIDAD ESTATAL DE SEGUROS AGRARIOS,ENTIDAD ESTATAL DE SEGUROS AGRARIOS,57124000.0,,euro,EUR,unclear,review,0.6,docx_parser,docx_table,"Parsed from table 0, row 0"
Spain,2022,pdf_b3b136e3553c__2023_BOE-A-2022-22128.txt,0,section_total,,"ENTIDADES DEL SECTOR PÚBLICO ADMINISTRATIVO, EMPRESARIAL Y FUNDACIONAL","ENTIDADES DEL SECTOR PÚBLICO ADMINISTRATIVO, EMPRESARIAL Y FUNDACIONAL",,"ENTIDADES DEL SECTOR PÚBLICO ADMINISTRATIVO, EMPRESARIAL Y FUNDACIONAL","ENTIDADES DEL SECTOR PÚBLICO ADMINISTRATIVO, EMPRESARIAL Y FUNDACIONAL",500000.0,,euro,EUR,unclear,review,0.5,docx_parser,docx_table,"Parsed from table 0, row 0"
Spain,2022,pdf_b3b136e3553c__2023_BOE-A-2022-22128.txt,0,section_total,,ESTACIONES CATEGORÍA 6.,ESTACIONES CATEGORÍA 6.,,ESTACIONES CATEGORÍA 6.,ESTACIONES CATEGORÍA 6.,4898000.0,,euro,EUR,unclear,review,0.5,docx_parser,docx_table,"Parsed from table 0, row 0"
Spain,2022,pdf_b3b136e3553c__2023_BOE-A-2022-22128.txt,0,section_total,,FONDO DE CONTINGENCIA,FONDO DE CONTINGENCIA,,FONDO DE CONTINGENCIA,FONDO DE CONTINGENCIA,35010.0,,euro,EUR,unclear,review,0.5,docx_parser,docx_table,"Parsed from table 0, row 0"
Spain,2022,pdf_b3b136e3553c__2023_BOE-A-2022-22128.txt,0,section_total,,FONDO DE GARANTÍA SALARIAL,FONDO DE GARANTÍA SALARIAL,,FONDO DE GARANTÍA SALARIAL,FONDO DE GARANTÍA SALARIAL,75500000.0,,euro,EUR,unclear,review,0.6,docx_parser,docx_table,"Parsed from table 0, row 0"
Spain,2022,pdf_b3b136e3553c__2023_BOE-A-2022-22128.txt,0,section_total,,FONDO ESPAÑOL DE GARANTÍA AGRARIA,FONDO ESPAÑOL DE GARANTÍA AGRARIA,,FONDO ESPAÑOL DE GARANTÍA AGRARIA,FONDO ESPAÑOL DE GARANTÍA AGRARIA,10000000.0,,euro,EUR,unclear,review,0.6,docx_parser,docx_table,"Parsed from table 0, row 0"
Spain,2022,pdf_b3b136e3553c__2023_BOE-A-2022-22128.txt,0,section_total,,FONDOS DE COMPENSACIÓN INTERTERRITORIAL,FONDOS DE COMPENSACIÓN INTERTERRITORIAL,,FONDOS DE COMPENSACIÓN INTERTERRITORIAL,FONDOS DE COMPENSACIÓN INTERTERRITORIAL,582430.0,,euro,EUR,unclear,review,0.6,docx_parser,docx_table,"Parsed from table 0, row 0"
Spain,2022,pdf_b3b136e3553c__2023_BOE-A-2022-22128.txt,0,section_total,,FORMACIÓN PROFESIONAL BÁSICA,FORMACIÓN PROFESIONAL BÁSICA,,FORMACIÓN PROFESIONAL BÁSICA,FORMACIÓN PROFESIONAL BÁSICA,103077.09999999999,,euro,EUR,unclear,review,0.6,docx_parser,docx_table,"Parsed from table 0, row 0"
Spain,2022,pdf_b3b136e3553c__2023_BOE-A-2022-22128.txt,0,section_total,,GASTOS CORRIENTES EN BIENES Y SERVICIOS,GASTOS CORRIENTES EN BIENES Y SERVICIOS,,GASTOS CORRIENTES EN BIENES Y SERVICIOS,GASTOS CORRIENTES EN BIENES Y SERVICIOS,325465163.74,,euro,EUR,unclear,review,0.5,docx_parser,docx_table,"Parsed from table 0, row 0"
Spain,2022,pdf_b3b136e3553c__2023_BOE-A-2022-22128.txt,0,section_total,,GASTOS DE PERSONAL,GASTOS DE PERSONAL,,GASTOS DE PERSONAL,GASTOS DE PERSONAL,212294382.66,,euro,EUR,unclear,review,0.5,docx_parser,docx_table,"Parsed from table 0, row 0"
Spain,2022,pdf_b3b136e3553c__2023_BOE-A-2022-22128.txt,0,section_total,,GASTOS FINANCIEROS,GASTOS FINANCIEROS,,GASTOS FINANCIEROS,GASTOS FINANCIEROS,143940000.0,,euro,EUR,unclear,review,0.5,docx_parser,docx_table,"Parsed from table 0, row 0"
Spain,2022,pdf_b3b136e3553c__2023_BOE-A-2022-22128.txt,0,section_total,,GERENCIA DE INFRAESTRUCTURAS Y EQUIPAMIENTO DE LA SEGURIDAD DEL ESTADO,GERENCIA DE INFRAESTRUCTURAS Y EQUIPAMIENTO DE LA SEGURIDAD DEL ESTADO,,GERENCIA DE INFRAESTRUCTURAS Y EQUIPAMIENTO DE LA SEGURIDAD DEL ESTADO,GERENCIA DE INFRAESTRUCTURAS Y EQUIPAMIENTO DE LA SEGURIDAD DEL ESTADO,1016103.0,,euro,EUR,unclear,review,0.6,docx_parser,docx_table,"Parsed from table 0, row 0"
Spain,2022,pdf_b3b136e3553c__2023_BOE-A-2022-22128.txt,0,section_total,,GERENCIA DE INFRAESTRUCTURAS Y EQUIPAMIENTOS DE CULTURA,GERENCIA DE INFRAESTRUCTURAS Y EQUIPAMIENTOS DE CULTURA,,GERENCIA DE INFRAESTRUCTURAS Y EQUIPAMIENTOS DE CULTURA,GERENCIA DE INFRAESTRUCTURAS Y EQUIPAMIENTOS DE CULTURA,2724106.0,,euro,EUR,unclear,review,0.6,docx_parser,docx_table,"Parsed from table 0, row 0"
Spain,2022,pdf_b3b136e3553c__2023_BOE-A-2022-22128.txt,0,section_total,,"GESTIÓN Y ADMINISTRACIÓN DE LA INCLUSIÓN, DE LA SEGURIDAD SOCIAL Y DE LA MIGRACIÓN","GESTIÓN Y ADMINISTRACIÓN DE LA INCLUSIÓN, DE LA SEGURIDAD SOCIAL Y DE LA MIGRACIÓN",,"GESTIÓN Y ADMINISTRACIÓN DE LA INCLUSIÓN, DE LA SEGURIDAD SOCIAL Y DE LA MIGRACIÓN","GESTIÓN Y ADMINISTRACIÓN DE LA INCLUSIÓN, DE LA SEGURIDAD SOCIAL Y DE LA MIGRACIÓN",937193.62,,euro,EUR,unclear,review,0.6,docx_parser,docx_table,"Parsed from table 0, row 0"
Spain,2022,pdf_b3b136e3553c__2023_BOE-A-2022-22128.txt,0,section_total,,GESTIÓN Y ADMINISTRACIÓN DE TRABAJO Y ECONOMÍA SOCIAL,GESTIÓN Y ADMINISTRACIÓN DE TRABAJO Y ECONOMÍA SOCIAL,,GESTIÓN Y ADMINISTRACIÓN DE TRABAJO Y ECONOMÍA SOCIAL,GESTIÓN Y ADMINISTRACIÓN DE TRABAJO Y ECONOMÍA SOCIAL,193468.48,,euro,EUR,unclear,review,0.6,docx_parser,docx_table,"Parsed from table 0, row 0"
Spain,2022,pdf_b3b136e3553c__2023_BOE-A-2022-22128.txt,0,section_total,,IMPUESTOS DIRECTOS Y COTIZACIONES SOCIALES,IMPUESTOS DIRECTOS Y COTIZACIONES SOCIALES,,IMPUESTOS DIRECTOS Y COTIZACIONES SOCIALES,IMPUESTOS DIRECTOS Y COTIZACIONES SOCIALES,240838.92,,euro,EUR,unclear,review,0.5,docx_parser,docx_table,"Parsed from table 0, row 0"
Spain,2022,pdf_b3b136e3553c__2023_BOE-A-2022-22128.txt,0,section_total,,INDUSTRIA Y ENERGÍA,INDUSTRIA Y ENERGÍA,,INDUSTRIA Y ENERGÍA,INDUSTRIA Y ENERGÍA,355717.58,,euro,EUR,unclear,review,0.6,docx_parser,docx_table,"Parsed from table 0, row 0"
Spain,2022,pdf_b3b136e3553c__2023_BOE-A-2022-22128.txt,0,section_total,,INFRAESTRUCTURAS Y ECOSISTEMAS RESILIENTES,INFRAESTRUCTURAS Y ECOSISTEMAS RESILIENTES,,INFRAESTRUCTURAS Y ECOSISTEMAS RESILIENTES,INFRAESTRUCTURAS Y ECOSISTEMAS RESILIENTES,35500.0,,euro,EUR,unclear,review,0.6,docx_parser,docx_table,"Parsed from table 0, row 0"
Spain,2022,pdf_b3b136e3553c__2023_BOE-A-2022-22128.txt,0,section_total,,INGRESOS DE LA SEGURIDAD SOCIAL,INGRESOS DE LA SEGURIDAD SOCIAL,,INGRESOS DE LA SEGURIDAD SOCIAL,INGRESOS DE LA SEGURIDAD SOCIAL,463027.31999999995,,euro,EUR,unclear,review,0.5,docx_parser,docx_table,"Parsed from table 0, row 0"
Spain,2022,pdf_b3b136e3553c__2023_BOE-A-2022-22128.txt,0,section_total,,INGRESOS DEL ESTADO,INGRESOS DEL ESTADO,,INGRESOS DEL ESTADO,INGRESOS DEL ESTADO,106200.0,,euro,EUR,unclear,review,0.6,docx_parser,docx_table,"Parsed from table 0, row 0"
Spain,2022,pdf_b3b136e3553c__2023_BOE-A-2022-22128.txt,0,section_total,,INGRESOS PATRIMONIALES,INGRESOS PATRIMONIALES,,INGRESOS PATRIMONIALES,INGRESOS PATRIMONIALES,218622000.0,,euro,EUR,unclear,review,0.5,docx_parser,docx_table,"Parsed from table 0, row 0"
Spain,2022,pdf_b3b136e3553c__2023_BOE-A-2022-22128.txt,0,section_total,,INSTITUTO CERVANTES,INSTITUTO CERVANTES,,INSTITUTO CERVANTES,INSTITUTO CERVANTES,67569629.31,,euro,EUR,unclear,review,0.6,docx_parser,docx_table,"Parsed from table 0, row 0"
Spain,2022,pdf_b3b136e3553c__2023_BOE-A-2022-22128.txt,0,section_total,,INSTITUTO DE CONTABILIDAD Y AUDITORÍA DE,INSTITUTO DE CONTABILIDAD Y AUDITORÍA DE,,INSTITUTO DE CONTABILIDAD Y AUDITORÍA DE,INSTITUTO DE CONTABILIDAD Y AUDITORÍA DE,81041000.0,,euro,EUR,unclear,review,0.6,docx_parser,docx_table,"Parsed from table 0, row 0"
Spain,2022,pdf_b3b136e3553c__2023_BOE-A-2022-22128.txt,0,section_total,,INSTITUTO DE ESTUDIOS FISCALES,INSTITUTO DE ESTUDIOS FISCALES,,INSTITUTO DE ESTUDIOS FISCALES,INSTITUTO DE ESTUDIOS FISCALES,39634102.0,,euro,EUR,science_agency,include,0.9,docx_parser,docx_table,"Parsed from table 0, row 0"
Spain,2022,pdf_b3b136e3553c__2023_BOE-A-2022-22128.txt,0,section_total,,INSTITUTO DE LA CINEMATOGRAFÍA Y DE LAS ARTES AUDIOVISUALES,INSTITUTO DE LA CINEMATOGRAFÍA Y DE LAS ARTES AUDIOVISUALES,,INSTITUTO DE LA CINEMATOGRAFÍA Y DE LAS ARTES AUDIOVISUALES,INSTITUTO DE LA CINEMATOGRAFÍA Y DE LAS ARTES AUDIOVISUALES,51924104.0,,euro,EUR,unclear,review,0.6,docx_parser,docx_table,"Parsed from table 0, row 0"
Spain,2022,pdf_b3b136e3553c__2023_BOE-A-2022-22128.txt,0,section_total,,INSTITUTO DE LA JUVENTUD,INSTITUTO DE LA JUVENTUD,,INSTITUTO DE LA JUVENTUD,INSTITUTO DE LA JUVENTUD,5036032.970000001,,euro,EUR,unclear,review,0.6,docx_parser,docx_table,"Parsed from table 0, row 0"
Spain,2022,pdf_b3b136e3553c__2023_BOE-A-2022-22128.txt,0,section_total,,INSTITUTO DE LAS MUJERES,INSTITUTO DE LAS MUJERES,,INSTITUTO DE LAS MUJERES,INSTITUTO DE LAS MUJERES,46500000.0,,euro,EUR,unclear,review,0.6,docx_parser,docx_table,"Parsed from table 0, row 0"
Spain,2022,pdf_b3b136e3553c__2023_BOE-A-2022-22128.txt,0,section_total,,INSTITUTO DE SALUD CARLOS III,INSTITUTO DE SALUD CARLOS III,,INSTITUTO DE SALUD CARLOS III,INSTITUTO DE SALUD CARLOS III,22600000.0,,euro,EUR,science_agency,include,0.9,docx_parser,docx_table,"Parsed from table 0, row 0"
Spain,2022,pdf_b3b136e3553c__2023_BOE-A-2022-22128.txt,0,section_total,,INSTITUTO DE TURISMO DE ESPAÑA,INSTITUTO DE TURISMO DE ESPAÑA,,INSTITUTO DE TURISMO DE ESPAÑA,INSTITUTO DE TURISMO DE ESPAÑA,13436000.0,,euro,EUR,unclear,review,0.6,docx_parser,docx_table,"Parsed from table 0, row 0"
Spain,2022,pdf_b3b136e3553c__2023_BOE-A-2022-22128.txt,0,section_total,,"INSTITUTO DE VIVIENDA, INFRAESTRUCTURA Y EQUIPAMIENTO DE LA DEFENSA","INSTITUTO DE VIVIENDA, INFRAESTRUCTURA Y EQUIPAMIENTO DE LA DEFENSA",,"INSTITUTO DE VIVIENDA, INFRAESTRUCTURA Y EQUIPAMIENTO DE LA DEFENSA","INSTITUTO DE VIVIENDA, INFRAESTRUCTURA Y EQUIPAMIENTO DE LA DEFENSA",13014113.0,,euro,EUR,unclear,review,0.6,docx_parser,docx_table,"Parsed from table 0, row 0"
Spain,2022,pdf_b3b136e3553c__2023_BOE-A-2022-22128.txt,0,section_total,,INSTITUTO NACIONAL DE ADMINISTRACIÓN PÚBLICA,INSTITUTO NACIONAL DE ADMINISTRACIÓN PÚBLICA,,INSTITUTO NACIONAL DE ADMINISTRACIÓN PÚBLICA,INSTITUTO NACIONAL DE ADMINISTRACIÓN PÚBLICA,17215104.0,,euro,EUR,unclear,review,0.6,docx_parser,docx_table,"Parsed from table 0, row 0"
Spain,2022,pdf_b3b136e3553c__2023_BOE-A-2022-22128.txt,0,section_total,,INSTITUTO NACIONAL DE ESTADÍSTICA,INSTITUTO NACIONAL DE ESTADÍSTICA,,INSTITUTO NACIONAL DE ESTADÍSTICA,INSTITUTO NACIONAL DE ESTADÍSTICA,51860312.46,,euro,EUR,science_agency,include,0.9,docx_parser,docx_table,"Parsed from table 0, row 0"
Spain,2022,pdf_b3b136e3553c__2023_BOE-A-2022-22128.txt,0,section_total,,INSTITUTO NACIONAL DE LAS ARTES ESCÉNICAS Y DE LA MÚSICA,INSTITUTO NACIONAL DE LAS ARTES ESCÉNICAS Y DE LA MÚSICA,,INSTITUTO NACIONAL DE LAS ARTES ESCÉNICAS Y DE LA MÚSICA,INSTITUTO NACIONAL DE LAS ARTES ESCÉNICAS Y DE LA MÚSICA,43172000.0,,euro,EUR,science_agency,include,0.9,docx_parser,docx_table,"Parsed from table 0, row 0"
Spain,2022,pdf_b3b136e3553c__2023_BOE-A-2022-22128.txt,0,section_total,,"INSTITUTO NACIONAL DE SEGURIDAD Y SALUD EN EL TRABAJO, O.A., M.P.","INSTITUTO NACIONAL DE SEGURIDAD Y SALUD EN EL TRABAJO, O.A., M.P.",,"INSTITUTO NACIONAL DE SEGURIDAD Y SALUD EN EL TRABAJO, O.A., M.P.","INSTITUTO NACIONAL DE SEGURIDAD Y SALUD EN EL TRABAJO, O.A., M.P.",51100000.0,,euro,EUR,unclear,review,0.6,docx_parser,docx_table,"Parsed from table 0, row 0"
Spain,2022,pdf_b3b136e3553c__2023_BOE-A-2022-22128.txt,0,section_total,,INSTITUTO NACIONAL DE TÉCNICA AEROESPACIAL ESTEBAN TERRADAS,INSTITUTO NACIONAL DE TÉCNICA AEROESPACIAL ESTEBAN TERRADAS,,INSTITUTO NACIONAL DE TÉCNICA AEROESPACIAL ESTEBAN TERRADAS,INSTITUTO NACIONAL DE TÉCNICA AEROESPACIAL ESTEBAN TERRADAS,31078288.349999998,,euro,EUR,science_agency,include,0.9,docx_parser,docx_table,"Parsed from table 0, row 0"
Spain,2022,pdf_b3b136e3553c__2023_BOE-A-2022-22128.txt,0,section_total,,INSTITUTO PARA LA TRANSICIÓN JUSTA,INSTITUTO PARA LA TRANSICIÓN JUSTA,,INSTITUTO PARA LA TRANSICIÓN JUSTA,INSTITUTO PARA LA TRANSICIÓN JUSTA,92946353.49,,euro,EUR,unclear,review,0.6,docx_parser,docx_table,"Parsed from table 0, row 0"
Spain,2022,pdf_b3b136e3553c__2023_BOE-A-2022-22128.txt,0,section_total,,INSTITUTO SOCIAL DE LAS FUERZAS ARMADAS,INSTITUTO SOCIAL DE LAS FUERZAS ARMADAS,,INSTITUTO SOCIAL DE LAS FUERZAS ARMADAS,INSTITUTO SOCIAL DE LAS FUERZAS ARMADAS,20658475.99,,euro,EUR,unclear,review,0.5,docx_parser,docx_table,"Parsed from table 0, row 0"
Spain,2022,pdf_b3b136e3553c__2023_BOE-A-2022-22128.txt,0,section_total,,INTERMEDIA.,INTERMEDIA.,,INTERMEDIA.,INTERMEDIA.,669332000.0,,euro,EUR,unclear,review,0.5,docx_parser,docx_table,"Parsed from table 0, row 0"
Spain,2022,pdf_b3b136e3553c__2023_BOE-A-2022-22128.txt,0,section_total,,INTERVENCIÓN GENERAL DE LA ADMINISTRACIÓN DEL ESTADO,INTERVENCIÓN GENERAL DE LA ADMINISTRACIÓN DEL ESTADO,,INTERVENCIÓN GENERAL DE LA ADMINISTRACIÓN DEL ESTADO,INTERVENCIÓN GENERAL DE LA ADMINISTRACIÓN DEL ESTADO,133885.24000000002,,euro,EUR,unclear,review,0.5,docx_parser,docx_table,"Parsed from table 0, row 0"
Spain,2022,pdf_b3b136e3553c__2023_BOE-A-2022-22128.txt,0,section_total,,INVERSIONES REALES,INVERSIONES REALES,,INVERSIONES REALES,INVERSIONES REALES,157228357.3,,euro,EUR,unclear,review,0.5,docx_parser,docx_table,"Parsed from table 0, row 0"
Spain,2022,pdf_b3b136e3553c__2023_BOE-A-2022-22128.txt,0,section_total,,"INVESTIGACIÓN, DESARROLLO, INNOVACIÓN Y DIGITALIZACIÓN","INVESTIGACIÓN, DESARROLLO, INNOVACIÓN Y DIGITALIZACIÓN",,"INVESTIGACIÓN, DESARROLLO, INNOVACIÓN Y DIGITALIZACIÓN","INVESTIGACIÓN, DESARROLLO, INNOVACIÓN Y DIGITALIZACIÓN",260508.94,,euro,EUR,science_agency,include,0.9,docx_parser,docx_table,"Parsed from table 0, row 0"
Spain,2022,pdf_b3b136e3553c__2023_BOE-A-2022-22128.txt,0,section_total,,JEFATURA CENTRAL DE TRÁFICO,JEFATURA CENTRAL DE TRÁFICO,,JEFATURA CENTRAL DE TRÁFICO,JEFATURA CENTRAL DE TRÁFICO,59847102.0,,euro,EUR,unclear,review,0.6,docx_parser,docx_table,"Parsed from table 0, row 0"
Spain,2022,pdf_b3b136e3553c__2023_BOE-A-2022-22128.txt,0,section_total,,JUNTA ELECTORAL CENTRAL,JUNTA ELECTORAL CENTRAL,,JUNTA ELECTORAL CENTRAL,JUNTA ELECTORAL CENTRAL,47877000.0,,euro,EUR,unclear,review,0.6,docx_parser,docx_table,"Parsed from table 0, row 0"
Spain,2022,pdf_b3b136e3553c__2023_BOE-A-2022-22128.txt,0,section_total,,LA VIOLENCIA DE GÉNERO,LA VIOLENCIA DE GÉNERO,,LA VIOLENCIA DE GÉNERO,LA VIOLENCIA DE GÉNERO,410555.61,,euro,EUR,unclear,review,0.5,docx_parser,docx_table,"Parsed from table 0, row 0"
Spain,2022,pdf_b3b136e3553c__2023_BOE-A-2022-22128.txt,0,section_total,,LETRAS DEL TESORO,LETRAS DEL TESORO,,LETRAS DEL TESORO,LETRAS DEL TESORO,6040.0,,euro,EUR,unclear,review,0.5,docx_parser,docx_table,"Parsed from table 0, row 0"
Spain,2022,pdf_b3b136e3553c__2023_BOE-A-2022-22128.txt,0,section_total,,LÍNEAS NO A,LÍNEAS NO A,,LÍNEAS NO A,LÍNEAS NO A,71133000.0,,euro,EUR,unclear,review,0.5,docx_parser,docx_table,"Parsed from table 0, row 0"
Spain,2022,pdf_b3b136e3553c__2023_BOE-A-2022-22128.txt,0,section_total,,LÍNEAS TIPO A,LÍNEAS TIPO A,,LÍNEAS TIPO A,LÍNEAS TIPO A,84066000.0,,euro,EUR,unclear,review,0.5,docx_parser,docx_table,"Parsed from table 0, row 0"
Spain,2022,pdf_b3b136e3553c__2023_BOE-A-2022-22128.txt,0,section_total,,LÍNEAS TIPO DISTINTO DE A,LÍNEAS TIPO DISTINTO DE A,,LÍNEAS TIPO DISTINTO DE A,LÍNEAS TIPO DISTINTO DE A,180930000.0,,euro,EUR,unclear,review,0.5,docx_parser,docx_table,"Parsed from table 0, row 0"
Spain,2022,pdf_b3b136e3553c__2023_BOE-A-2022-22128.txt,0,section_total,,MANCOMUNIDAD DE LOS CANALES DEL TAIBILLA,MANCOMUNIDAD DE LOS CANALES DEL TAIBILLA,,MANCOMUNIDAD DE LOS CANALES DEL TAIBILLA,MANCOMUNIDAD DE LOS CANALES DEL TAIBILLA,62013348.0,,euro,EUR,unclear,review,0.6,docx_parser,docx_table,"Parsed from table 0, row 0"
Spain,2022,pdf_b3b136e3553c__2023_BOE-A-2022-22128.txt,0,section_total,,MECANISMO DE RECUPERACIÓN Y RESILIENCIA,MECANISMO DE RECUPERACIÓN Y RESILIENCIA,,MECANISMO DE RECUPERACIÓN Y RESILIENCIA,MECANISMO DE RECUPERACIÓN Y RESILIENCIA,50000000.0,,euro,EUR,unclear,review,0.6,docx_parser,docx_table,"Parsed from table 0, row 0"
Spain,2022,pdf_b3b136e3553c__2023_BOE-A-2022-22128.txt,0,section_total,,"MINISTERIO DE AGRICULTURA, PESCA Y ALIMENTACIÓN","MINISTERIO DE AGRICULTURA, PESCA Y ALIMENTACIÓN",,"MINISTERIO DE AGRICULTURA, PESCA Y ALIMENTACIÓN","MINISTERIO DE AGRICULTURA, PESCA Y ALIMENTACIÓN",13549000.0,,euro,EUR,unclear,review,0.6,docx_parser,docx_table,"Parsed from table 0, row 0"
Spain,2022,pdf_b3b136e3553c__2023_BOE-A-2022-22128.txt,0,section_total,,MINISTERIO DE ASUNTOS ECONÓMICOS Y TRANSFORMACIÓN DIGITAL,MINISTERIO DE ASUNTOS ECONÓMICOS Y TRANSFORMACIÓN DIGITAL,,MINISTERIO DE ASUNTOS ECONÓMICOS Y TRANSFORMACIÓN DIGITAL,MINISTERIO DE ASUNTOS ECONÓMICOS Y TRANSFORMACIÓN DIGITAL,29885947.14,,euro,EUR,unclear,review,0.6,docx_parser,docx_table,"Parsed from table 0, row 0"
Spain,2022,pdf_b3b136e3553c__2023_BOE-A-2022-22128.txt,0,section_total,,"MINISTERIO DE ASUNTOS EXTERIORES, UNIÓN EUROPEA Y COOPERACIÓN","MINISTERIO DE ASUNTOS EXTERIORES, UNIÓN EUROPEA Y COOPERACIÓN",,"MINISTERIO DE ASUNTOS EXTERIORES, UNIÓN EUROPEA Y COOPERACIÓN","MINISTERIO DE ASUNTOS EXTERIORES, UNIÓN EUROPEA Y COOPERACIÓN",72090934.87,,euro,EUR,unclear,review,0.6,docx_parser,docx_table,"Parsed from table 0, row 0"
Spain,2022,pdf_b3b136e3553c__2023_BOE-A-2022-22128.txt,0,section_total,,MINISTERIO DE CIENCIA E INNOVACIÓN,MINISTERIO DE CIENCIA E INNOVACIÓN,,MINISTERIO DE CIENCIA E INNOVACIÓN,MINISTERIO DE CIENCIA E INNOVACIÓN,36032240.14,,euro,EUR,unclear,review,0.6,docx_parser,docx_table,"Parsed from table 0, row 0"
Spain,2022,pdf_b3b136e3553c__2023_BOE-A-2022-22128.txt,0,section_total,,MINISTERIO DE CONSUMO,MINISTERIO DE CONSUMO,,MINISTERIO DE CONSUMO,MINISTERIO DE CONSUMO,40031101.0,,euro,EUR,unclear,review,0.6,docx_parser,docx_table,"Parsed from table 0, row 0"
Spain,2022,pdf_b3b136e3553c__2023_BOE-A-2022-22128.txt,0,section_total,,MINISTERIO DE CULTURA Y DEPORTE,MINISTERIO DE CULTURA Y DEPORTE,,MINISTERIO DE CULTURA Y DEPORTE,MINISTERIO DE CULTURA Y DEPORTE,61039989.77,,euro,EUR,unclear,review,0.6,docx_parser,docx_table,"Parsed from table 0, row 0"
Spain,2022,pdf_b3b136e3553c__2023_BOE-A-2022-22128.txt,0,section_total,,MINISTERIO DE DEFENSA,MINISTERIO DE DEFENSA,,MINISTERIO DE DEFENSA,MINISTERIO DE DEFENSA,57834101.0,,euro,EUR,unclear,review,0.6,docx_parser,docx_table,"Parsed from table 0, row 0"
Spain,2022,pdf_b3b136e3553c__2023_BOE-A-2022-22128.txt,0,section_total,,MINISTERIO DE DERECHOS SOCIALES Y AGENDA 2030,MINISTERIO DE DERECHOS SOCIALES Y AGENDA 2030,,MINISTERIO DE DERECHOS SOCIALES Y AGENDA 2030,MINISTERIO DE DERECHOS SOCIALES Y AGENDA 2030,25044811.880000003,,euro,EUR,unclear,review,0.6,docx_parser,docx_table,"Parsed from table 0, row 0"
Spain,2022,pdf_b3b136e3553c__2023_BOE-A-2022-22128.txt,0,section_total,,MINISTERIO DE EDUCACIÓN Y FORMACIÓN PROFESIONAL,MINISTERIO DE EDUCACIÓN Y FORMACIÓN PROFESIONAL,,MINISTERIO DE EDUCACIÓN Y FORMACIÓN PROFESIONAL,MINISTERIO DE EDUCACIÓN Y FORMACIÓN PROFESIONAL,33335936.629999995,,euro,EUR,unclear,review,0.6,docx_parser,docx_table,"Parsed from table 0, row 0"
Spain,2022,pdf_b3b136e3553c__2023_BOE-A-2022-22128.txt,0,section_total,,MINISTERIO DE HACIENDA Y FUNCIÓN PÚBLICA,MINISTERIO DE HACIENDA Y FUNCIÓN PÚBLICA,,MINISTERIO DE HACIENDA Y FUNCIÓN PÚBLICA,MINISTERIO DE HACIENDA Y FUNCIÓN PÚBLICA,74797000.0,,euro,EUR,unclear,review,0.6,docx_parser,docx_table,"Parsed from table 0, row 0"
Spain,2022,pdf_b3b136e3553c__2023_BOE-A-2022-22128.txt,0,section_total,,MINISTERIO DE IGUALDAD,MINISTERIO DE IGUALDAD,,MINISTERIO DE IGUALDAD,MINISTERIO DE IGUALDAD,46500000.0,,euro,EUR,unclear,review,0.6,docx_parser,docx_table,"Parsed from table 0, row 0"
Spain,2022,pdf_b3b136e3553c__2023_BOE-A-2022-22128.txt,0,section_total,,"MINISTERIO DE INCLUSIÓN, SEGURIDAD SOCIAL Y MIGRACIONES","MINISTERIO DE INCLUSIÓN, SEGURIDAD SOCIAL Y MIGRACIONES",,"MINISTERIO DE INCLUSIÓN, SEGURIDAD SOCIAL Y MIGRACIONES","MINISTERIO DE INCLUSIÓN, SEGURIDAD SOCIAL Y MIGRACIONES",27060731.64,,euro,EUR,unclear,review,0.6,docx_parser,docx_table,"Parsed from table 0, row 0"
Spain,2022,pdf_b3b136e3553c__2023_BOE-A-2022-22128.txt,0,section_total,,"MINISTERIO DE INDUSTRIA, COMERCIO Y TURISMO","MINISTERIO DE INDUSTRIA, COMERCIO Y TURISMO",,"MINISTERIO DE INDUSTRIA, COMERCIO Y TURISMO","MINISTERIO DE INDUSTRIA, COMERCIO Y TURISMO",22935141.33,,euro,EUR,unclear,review,0.6,docx_parser,docx_table,"Parsed from table 0, row 0"
Spain,2022,pdf_b3b136e3553c__2023_BOE-A-2022-22128.txt,0,section_total,,MINISTERIO DE JUSTICIA,MINISTERIO DE JUSTICIA,,MINISTERIO DE JUSTICIA,MINISTERIO DE JUSTICIA,35172301.0,,euro,EUR,unclear,review,0.6,docx_parser,docx_table,"Parsed from table 0, row 0"
Spain,2022,pdf_b3b136e3553c__2023_BOE-A-2022-22128.txt,0,section_total,,"MINISTERIO DE LA PRESIDENCIA, RELACIONES CON LAS CORTES Y MEMORIA DEMOCRÁTICA","MINISTERIO DE LA PRESIDENCIA, RELACIONES CON LAS CORTES Y MEMORIA DEMOCRÁTICA",,"MINISTERIO DE LA PRESIDENCIA, RELACIONES CON LAS CORTES Y MEMORIA DEMOCRÁTICA","MINISTERIO DE LA PRESIDENCIA, RELACIONES CON LAS CORTES Y MEMORIA DEMOCRÁTICA",50001637.64,,euro,EUR,unclear,review,0.6,docx_parser,docx_table,"Parsed from table 0, row 0"
Spain,2022,pdf_b3b136e3553c__2023_BOE-A-2022-22128.txt,0,section_total,,MINISTERIO DE POLÍTICA TERRITORIAL,MINISTERIO DE POLÍTICA TERRITORIAL,,MINISTERIO DE POLÍTICA TERRITORIAL,MINISTERIO DE POLÍTICA TERRITORIAL,589629.27,,euro,EUR,unclear,review,0.6,docx_parser,docx_table,"Parsed from table 0, row 0"
Spain,2022,pdf_b3b136e3553c__2023_BOE-A-2022-22128.txt,0,section_total,,MINISTERIO DE SANIDAD,MINISTERIO DE SANIDAD,,MINISTERIO DE SANIDAD,MINISTERIO DE SANIDAD,24755000.0,,euro,EUR,unclear,review,0.6,docx_parser,docx_table,"Parsed from table 0, row 0"
Spain,2022,pdf_b3b136e3553c__2023_BOE-A-2022-22128.txt,0,section_total,,MINISTERIO DE TRABAJO Y ECONOMÍA SOCIAL,MINISTERIO DE TRABAJO Y ECONOMÍA SOCIAL,,MINISTERIO DE TRABAJO Y ECONOMÍA SOCIAL,MINISTERIO DE TRABAJO Y ECONOMÍA SOCIAL,44824991.779999994,,euro,EUR,unclear,review,0.6,docx_parser,docx_table,"Parsed from table 0, row 0"
Spain,2022,pdf_b3b136e3553c__2023_BOE-A-2022-22128.txt,0,section_total,,"MINISTERIO DE TRANSPORTES, MOVILIDAD Y AGENDA","MINISTERIO DE TRANSPORTES, MOVILIDAD Y AGENDA",,"MINISTERIO DE TRANSPORTES, MOVILIDAD Y AGENDA","MINISTERIO DE TRANSPORTES, MOVILIDAD Y AGENDA",36089101.0,,euro,EUR,unclear,review,0.6,docx_parser,docx_table,"Parsed from table 0, row 0"
Spain,2022,pdf_b3b136e3553c__2023_BOE-A-2022-22128.txt,0,section_total,,MINISTERIO DE UNIVERSIDADES,MINISTERIO DE UNIVERSIDADES,,MINISTERIO DE UNIVERSIDADES,MINISTERIO DE UNIVERSIDADES,4696101.0,,euro,EUR,unclear,review,0.6,docx_parser,docx_table,"Parsed from table 0, row 0"
Spain,2022,pdf_b3b136e3553c__2023_BOE-A-2022-22128.txt,0,section_total,,MINISTERIO DEL INTERIOR,MINISTERIO DEL INTERIOR,,MINISTERIO DEL INTERIOR,MINISTERIO DEL INTERIOR,60847101.0,,euro,EUR,unclear,review,0.6,docx_parser,docx_table,"Parsed from table 0, row 0"
Spain,2022,pdf_b3b136e3553c__2023_BOE-A-2022-22128.txt,0,section_total,,MINISTERIO PARA LA TRANSICIÓN ECOLÓGICA Y EL RETO DEMOGRÁFICO,MINISTERIO PARA LA TRANSICIÓN ECOLÓGICA Y EL RETO DEMOGRÁFICO,,MINISTERIO PARA LA TRANSICIÓN ECOLÓGICA Y EL RETO DEMOGRÁFICO,MINISTERIO PARA LA TRANSICIÓN ECOLÓGICA Y EL RETO DEMOGRÁFICO,47171452.129999995,,euro,EUR,unclear,review,0.6,docx_parser,docx_table,"Parsed from table 0, row 0"
Spain,2022,pdf_b3b136e3553c__2023_BOE-A-2022-22128.txt,0,section_total,,MINISTERIO Y SERVICIOS GENERALES,MINISTERIO Y SERVICIOS GENERALES,,MINISTERIO Y SERVICIOS GENERALES,MINISTERIO Y SERVICIOS GENERALES,172331.91,,euro,EUR,unclear,review,0.6,docx_parser,docx_table,"Parsed from table 0, row 0"
Spain,2022,pdf_b3b136e3553c__2023_BOE-A-2022-22128.txt,0,section_total,,MINISTERIO Y SUBSECRETARÍA,MINISTERIO Y SUBSECRETARÍA,,MINISTERIO Y SUBSECRETARÍA,MINISTERIO Y SUBSECRETARÍA,18814020.0,,euro,EUR,unclear,review,0.6,docx_parser,docx_table,"Parsed from table 0, row 0"
Spain,2022,pdf_b3b136e3553c__2023_BOE-A-2022-22128.txt,0,section_total,,"MINISTERIO, SUBSECRETARÍA Y SERVICIOS","MINISTERIO, SUBSECRETARÍA Y SERVICIOS",,"MINISTERIO, SUBSECRETARÍA Y SERVICIOS","MINISTERIO, SUBSECRETARÍA Y SERVICIOS",78240000.0,,euro,EUR,unclear,review,0.5,docx_parser,docx_table,"Parsed from table 0, row 0"
Spain,2022,pdf_b3b136e3553c__2023_BOE-A-2022-22128.txt,0,section_total,,MUSEO NACIONAL CENTRO DE ARTE REINA SOFÍA,MUSEO NACIONAL CENTRO DE ARTE REINA SOFÍA,,MUSEO NACIONAL CENTRO DE ARTE REINA SOFÍA,MUSEO NACIONAL CENTRO DE ARTE REINA SOFÍA,32324303.0,,euro,EUR,science_agency,include,0.9,docx_parser,docx_table,"Parsed from table 0, row 0"
Spain,2022,pdf_b3b136e3553c__2023_BOE-A-2022-22128.txt,0,section_total,,MUSEO NACIONAL DEL PRADO,MUSEO NACIONAL DEL PRADO,,MUSEO NACIONAL DEL PRADO,MUSEO NACIONAL DEL PRADO,19524302.0,,euro,EUR,unclear,review,0.5,docx_parser,docx_table,"Parsed from table 0, row 0"
Spain,2022,pdf_b3b136e3553c__2023_BOE-A-2022-22128.txt,0,section_total,,MUTUALIDAD GENERAL DE FUNCIONARIOS CIVILES DEL ESTADO,MUTUALIDAD GENERAL DE FUNCIONARIOS CIVILES DEL ESTADO,,MUTUALIDAD GENERAL DE FUNCIONARIOS CIVILES DEL ESTADO,MUTUALIDAD GENERAL DE FUNCIONARIOS CIVILES DEL ESTADO,83082084.46,,euro,EUR,unclear,review,0.5,docx_parser,docx_table,"Parsed from table 0, row 0"
Spain,2022,pdf_b3b136e3553c__2023_BOE-A-2022-22128.txt,0,section_total,,MUTUALIDAD GENERAL JUDICIAL,MUTUALIDAD GENERAL JUDICIAL,,MUTUALIDAD GENERAL JUDICIAL,MUTUALIDAD GENERAL JUDICIAL,19500000.0,,euro,EUR,unclear,review,0.5,docx_parser,docx_table,"Parsed from table 0, row 0"
Spain,2022,pdf_b3b136e3553c__2023_BOE-A-2022-22128.txt,0,section_total,,OBLIGACIONES DIVERSAS,OBLIGACIONES DIVERSAS,,OBLIGACIONES DIVERSAS,OBLIGACIONES DIVERSAS,2500000.0,,euro,EUR,unclear,review,0.5,docx_parser,docx_table,"Parsed from table 0, row 0"
Spain,2022,pdf_b3b136e3553c__2023_BOE-A-2022-22128.txt,0,section_total,,OFICINA ESPAÑOLA DE PATENTES Y MARCAS,OFICINA ESPAÑOLA DE PATENTES Y MARCAS,,OFICINA ESPAÑOLA DE PATENTES Y MARCAS,OFICINA ESPAÑOLA DE PATENTES Y MARCAS,7395103.0,,euro,EUR,unclear,review,0.6,docx_parser,docx_table,"Parsed from table 0, row 0"
Spain,2022,pdf_b3b136e3553c__2023_BOE-A-2022-22128.txt,0,section_total,,OFICINA ESPAÑOLA DEL CAMBIO CLIMÁTICO,OFICINA ESPAÑOLA DEL CAMBIO CLIMÁTICO,,OFICINA ESPAÑOLA DEL CAMBIO CLIMÁTICO,OFICINA ESPAÑOLA DEL CAMBIO CLIMÁTICO,22251110.0,,euro,EUR,unclear,review,0.6,docx_parser,docx_table,"Parsed from table 0, row 0"
Spain,2022,pdf_b3b136e3553c__2023_BOE-A-2022-22128.txt,0,section_total,,ORGANISMO ESTATAL INSPECCIÓN DE TRABAJO Y SEGURIDAD SOCIAL,ORGANISMO ESTATAL INSPECCIÓN DE TRABAJO Y SEGURIDAD SOCIAL,,ORGANISMO ESTATAL INSPECCIÓN DE TRABAJO Y SEGURIDAD SOCIAL,ORGANISMO ESTATAL INSPECCIÓN DE TRABAJO Y SEGURIDAD SOCIAL,7555104.0,,euro,EUR,unclear,review,0.6,docx_parser,docx_table,"Parsed from table 0, row 0"
Spain,2022,pdf_b3b136e3553c__2023_BOE-A-2022-22128.txt,0,section_total,,ORGANIZACIÓN NACIONAL DE TRASPLANTES,ORGANIZACIÓN NACIONAL DE TRASPLANTES,,ORGANIZACIÓN NACIONAL DE TRASPLANTES,ORGANIZACIÓN NACIONAL DE TRASPLANTES,24755000.0,,euro,EUR,science_agency,include,0.9,docx_parser,docx_table,"Parsed from table 0, row 0"
Spain,2022,pdf_b3b136e3553c__2023_BOE-A-2022-22128.txt,0,section_total,,OTRAS ACTUACIONES DE CARÁCTER ECONÓMICO,OTRAS ACTUACIONES DE CARÁCTER ECONÓMICO,,OTRAS ACTUACIONES DE CARÁCTER ECONÓMICO,OTRAS ACTUACIONES DE CARÁCTER ECONÓMICO,840533.4199999999,,euro,EUR,unclear,review,0.5,docx_parser,docx_table,"Parsed from table 0, row 0"
Spain,2022,pdf_b3b136e3553c__2023_BOE-A-2022-22128.txt,0,section_total,,OTRAS PRESTACIONES ECONÓMICAS,OTRAS PRESTACIONES ECONÓMICAS,,OTRAS PRESTACIONES ECONÓMICAS,OTRAS PRESTACIONES ECONÓMICAS,836846.9400000001,,euro,EUR,unclear,review,0.5,docx_parser,docx_table,"Parsed from table 0, row 0"
Spain,2022,pdf_b3b136e3553c__2023_BOE-A-2022-22128.txt,0,section_total,,OTRAS RELACIONES FINANCIERAS CON ENTES TERRITORIALES,OTRAS RELACIONES FINANCIERAS CON ENTES TERRITORIALES,,OTRAS RELACIONES FINANCIERAS CON ENTES TERRITORIALES,OTRAS RELACIONES FINANCIERAS CON ENTES TERRITORIALES,480569.69,,euro,EUR,unclear,review,0.5,docx_parser,docx_table,"Parsed from table 0, row 0"
Spain,2022,pdf_b3b136e3553c__2023_BOE-A-2022-22128.txt,0,section_total,,PARQUE MÓVIL DEL ESTADO,PARQUE MÓVIL DEL ESTADO,,PARQUE MÓVIL DEL ESTADO,PARQUE MÓVIL DEL ESTADO,26100000.0,,euro,EUR,unclear,review,0.5,docx_parser,docx_table,"Parsed from table 0, row 0"
Spain,2022,pdf_b3b136e3553c__2023_BOE-A-2022-22128.txt,0,section_total,,PARQUES NACIONALES,PARQUES NACIONALES,,PARQUES NACIONALES,PARQUES NACIONALES,30023102.0,,euro,EUR,unclear,review,0.5,docx_parser,docx_table,"Parsed from table 0, row 0"
Spain,2022,pdf_b3b136e3553c__2023_BOE-A-2022-22128.txt,0,section_total,,PASIVOS FINANCIEROS,PASIVOS FINANCIEROS,,PASIVOS FINANCIEROS,PASIVOS FINANCIEROS,99276969.80000001,,euro,EUR,unclear,review,0.5,docx_parser,docx_table,"Parsed from table 0, row 0"
Spain,2022,pdf_b3b136e3553c__2023_BOE-A-2022-22128.txt,0,section_total,,PENSIONES Y PRESTACIONES ECONÓMICAS DE LA SEGURIDAD SOCIAL,PENSIONES Y PRESTACIONES ECONÓMICAS DE LA SEGURIDAD SOCIAL,,PENSIONES Y PRESTACIONES ECONÓMICAS DE LA SEGURIDAD SOCIAL,PENSIONES Y PRESTACIONES ECONÓMICAS DE LA SEGURIDAD SOCIAL,945504.4199999999,,euro,EUR,unclear,review,0.6,docx_parser,docx_table,"Parsed from table 0, row 0"
Spain,2022,pdf_b3b136e3553c__2023_BOE-A-2022-22128.txt,0,section_total,,POLÍTICA EXTERIOR Y DE COOPERACIÓN PARA EL DESARROLLO,POLÍTICA EXTERIOR Y DE COOPERACIÓN PARA EL DESARROLLO,,POLÍTICA EXTERIOR Y DE COOPERACIÓN PARA EL DESARROLLO,POLÍTICA EXTERIOR Y DE COOPERACIÓN PARA EL DESARROLLO,200000.0,,euro,EUR,unclear,review,0.6,docx_parser,docx_table,"Parsed from table 0, row 0"
Spain,2022,pdf_b3b136e3553c__2023_BOE-A-2022-22128.txt,0,section_total,,PRESIDENTE DEL GOBIERNO,PRESIDENTE DEL GOBIERNO,,PRESIDENTE DEL GOBIERNO,PRESIDENTE DEL GOBIERNO,29857020.0,,euro,EUR,unclear,review,0.6,docx_parser,docx_table,"Parsed from table 0, row 0"
Spain,2022,pdf_b3b136e3553c__2023_BOE-A-2022-22128.txt,0,section_total,,"PRESTACIONES  ASISTENCIALES, SANITARIAS Y SOCIALES DEL INGESA Y DEL IMSERSO","PRESTACIONES  ASISTENCIALES, SANITARIAS Y SOCIALES DEL INGESA Y DEL IMSERSO",,"PRESTACIONES  ASISTENCIALES, SANITARIAS Y SOCIALES DEL INGESA Y DEL IMSERSO","PRESTACIONES  ASISTENCIALES, SANITARIAS Y SOCIALES DEL INGESA Y DEL IMSERSO",31840370.849999998,,euro,EUR,unclear,review,0.5,docx_parser,docx_table,"Parsed from table 0, row 0"
Spain,2022,pdf_b3b136e3553c__2023_BOE-A-2022-22128.txt,0,section_total,,REAL PATRONATO SOBRE DISCAPACIDAD,REAL PATRONATO SOBRE DISCAPACIDAD,,REAL PATRONATO SOBRE DISCAPACIDAD,REAL PATRONATO SOBRE DISCAPACIDAD,66328000.0,,euro,EUR,unclear,review,0.6,docx_parser,docx_table,"Parsed from table 0, row 0"
Spain,2022,pdf_b3b136e3553c__2023_BOE-A-2022-22128.txt,0,section_total,,RELACIONES FINANCIERAS CON LA UNIÓN EUROPEA,RELACIONES FINANCIERAS CON LA UNIÓN EUROPEA,,RELACIONES FINANCIERAS CON LA UNIÓN EUROPEA,RELACIONES FINANCIERAS CON LA UNIÓN EUROPEA,170000.0,,euro,EUR,unclear,review,0.5,docx_parser,docx_table,"Parsed from table 0, row 0"
Spain,2022,pdf_b3b136e3553c__2023_BOE-A-2022-22128.txt,0,section_total,,SANTA CRUZ DE,SANTA CRUZ DE,,SANTA CRUZ DE,SANTA CRUZ DE,200000.0,,euro,EUR,unclear,review,0.5,docx_parser,docx_table,"Parsed from table 0, row 0"
Spain,2022,pdf_b3b136e3553c__2023_BOE-A-2022-22128.txt,0,section_total,,SECCIÓN 23. MINISTERIO PARA LA TRANSICIÓN ECOLÓGICA Y EL RETO DEMOGRÁFICO,SECCIÓN 23. MINISTERIO PARA LA TRANSICIÓN ECOLÓGICA Y EL RETO DEMOGRÁFICO,,SECCIÓN 23. MINISTERIO PARA LA TRANSICIÓN ECOLÓGICA Y EL RETO DEMOGRÁFICO,SECCIÓN 23. MINISTERIO PARA LA TRANSICIÓN ECOLÓGICA Y EL RETO DEMOGRÁFICO,30000.0,,euro,EUR,unclear,review,0.6,docx_parser,docx_table,"Parsed from table 0, row 0"
Spain,2022,pdf_b3b136e3553c__2023_BOE-A-2022-22128.txt,0,section_total,,SECRETARÍA DE ESTADO DE ASUNTOS EXTERIORES Y GLOBALES,SECRETARÍA DE ESTADO DE ASUNTOS EXTERIORES Y GLOBALES,,SECRETARÍA DE ESTADO DE ASUNTOS EXTERIORES Y GLOBALES,SECRETARÍA DE ESTADO DE ASUNTOS EXTERIORES Y GLOBALES,416949.47000000003,,euro,EUR,unclear,review,0.6,docx_parser,docx_table,"Parsed from table 0, row 0"
Spain,2022,pdf_b3b136e3553c__2023_BOE-A-2022-22128.txt,0,section_total,,SECRETARÍA DE ESTADO DE COMERCIO,SECRETARÍA DE ESTADO DE COMERCIO,,SECRETARÍA DE ESTADO DE COMERCIO,SECRETARÍA DE ESTADO DE COMERCIO,92034.73,,euro,EUR,unclear,review,0.6,docx_parser,docx_table,"Parsed from table 0, row 0"
Spain,2022,pdf_b3b136e3553c__2023_BOE-A-2022-22128.txt,0,section_total,,SECRETARÍA DE ESTADO DE COOPERACIÓN INTERNACIONAL,SECRETARÍA DE ESTADO DE COOPERACIÓN INTERNACIONAL,,SECRETARÍA DE ESTADO DE COOPERACIÓN INTERNACIONAL,SECRETARÍA DE ESTADO DE COOPERACIÓN INTERNACIONAL,883042.96,,euro,EUR,unclear,review,0.6,docx_parser,docx_table,"Parsed from table 0, row 0"
Spain,2022,pdf_b3b136e3553c__2023_BOE-A-2022-22128.txt,0,section_total,,SECRETARÍA DE ESTADO DE DEFENSA,SECRETARÍA DE ESTADO DE DEFENSA,,SECRETARÍA DE ESTADO DE DEFENSA,SECRETARÍA DE ESTADO DE DEFENSA,435461.05,,euro,EUR,unclear,review,0.6,docx_parser,docx_table,"Parsed from table 0, row 0"
Spain,2022,pdf_b3b136e3553c__2023_BOE-A-2022-22128.txt,0,section_total,,SECRETARÍA DE ESTADO DE DERECHOS SOCIALES,SECRETARÍA DE ESTADO DE DERECHOS SOCIALES,,SECRETARÍA DE ESTADO DE DERECHOS SOCIALES,SECRETARÍA DE ESTADO DE DERECHOS SOCIALES,30751.100000000002,,euro,EUR,unclear,review,0.6,docx_parser,docx_table,"Parsed from table 0, row 0"
Spain,2022,pdf_b3b136e3553c__2023_BOE-A-2022-22128.txt,0,section_total,,SECRETARÍA DE ESTADO DE DIGITALIZACIÓN E INTELIGENCIA ARTIFICIAL,SECRETARÍA DE ESTADO DE DIGITALIZACIÓN E INTELIGENCIA ARTIFICIAL,,SECRETARÍA DE ESTADO DE DIGITALIZACIÓN E INTELIGENCIA ARTIFICIAL,SECRETARÍA DE ESTADO DE DIGITALIZACIÓN E INTELIGENCIA ARTIFICIAL,237250.57,,euro,EUR,unclear,review,0.6,docx_parser,docx_table,"Parsed from table 0, row 0"
Spain,2022,pdf_b3b136e3553c__2023_BOE-A-2022-22128.txt,0,section_total,,SECRETARÍA DE ESTADO DE ECONOMÍA Y APOYO A LA EMPRESA,SECRETARÍA DE ESTADO DE ECONOMÍA Y APOYO A LA EMPRESA,,SECRETARÍA DE ESTADO DE ECONOMÍA Y APOYO A LA EMPRESA,SECRETARÍA DE ESTADO DE ECONOMÍA Y APOYO A LA EMPRESA,241686.08000000002,,euro,EUR,unclear,review,0.6,docx_parser,docx_table,"Parsed from table 0, row 0"
Spain,2022,pdf_b3b136e3553c__2023_BOE-A-2022-22128.txt,0,section_total,,SECRETARÍA DE ESTADO DE EDUCACIÓN,SECRETARÍA DE ESTADO DE EDUCACIÓN,,SECRETARÍA DE ESTADO DE EDUCACIÓN,SECRETARÍA DE ESTADO DE EDUCACIÓN,19595.589999999997,,euro,EUR,unclear,review,0.6,docx_parser,docx_table,"Parsed from table 0, row 0"
Spain,2022,pdf_b3b136e3553c__2023_BOE-A-2022-22128.txt,0,section_total,,SECRETARÍA DE ESTADO DE EMPLEO Y ECONOMÍA,SECRETARÍA DE ESTADO DE EMPLEO Y ECONOMÍA,,SECRETARÍA DE ESTADO DE EMPLEO Y ECONOMÍA,SECRETARÍA DE ESTADO DE EMPLEO Y ECONOMÍA,353662.51,,euro,EUR,unclear,review,0.6,docx_parser,docx_table,"Parsed from table 0, row 0"
Spain,2022,pdf_b3b136e3553c__2023_BOE-A-2022-22128.txt,0,section_total,,SECRETARÍA DE ESTADO DE ENERGÍA,SECRETARÍA DE ESTADO DE ENERGÍA,,SECRETARÍA DE ESTADO DE ENERGÍA,SECRETARÍA DE ESTADO DE ENERGÍA,475450.78,,euro,EUR,unclear,review,0.6,docx_parser,docx_table,"Parsed from table 0, row 0"
Spain,2022,pdf_b3b136e3553c__2023_BOE-A-2022-22128.txt,0,section_total,,SECRETARÍA DE ESTADO DE FUNCIÓN PÚBLICA,SECRETARÍA DE ESTADO DE FUNCIÓN PÚBLICA,,SECRETARÍA DE ESTADO DE FUNCIÓN PÚBLICA,SECRETARÍA DE ESTADO DE FUNCIÓN PÚBLICA,52769.05,,euro,EUR,unclear,review,0.6,docx_parser,docx_table,"Parsed from table 0, row 0"
Spain,2022,pdf_b3b136e3553c__2023_BOE-A-2022-22128.txt,0,section_total,,SECRETARÍA DE ESTADO DE HACIENDA,SECRETARÍA DE ESTADO DE HACIENDA,,SECRETARÍA DE ESTADO DE HACIENDA,SECRETARÍA DE ESTADO DE HACIENDA,104421.79000000001,,euro,EUR,unclear,review,0.6,docx_parser,docx_table,"Parsed from table 0, row 0"
Spain,2022,pdf_b3b136e3553c__2023_BOE-A-2022-22128.txt,0,section_total,,SECRETARÍA DE ESTADO DE JUSTICIA,SECRETARÍA DE ESTADO DE JUSTICIA,,SECRETARÍA DE ESTADO DE JUSTICIA,SECRETARÍA DE ESTADO DE JUSTICIA,77713030.0,,euro,EUR,unclear,review,0.6,docx_parser,docx_table,"Parsed from table 0, row 0"
Spain,2022,pdf_b3b136e3553c__2023_BOE-A-2022-22128.txt,0,section_total,,SECRETARÍA DE ESTADO DE MEDIO AMBIENTE,SECRETARÍA DE ESTADO DE MEDIO AMBIENTE,,SECRETARÍA DE ESTADO DE MEDIO AMBIENTE,SECRETARÍA DE ESTADO DE MEDIO AMBIENTE,112127.03,,euro,EUR,unclear,review,0.6,docx_parser,docx_table,"Parsed from table 0, row 0"
Spain,2022,pdf_b3b136e3553c__2023_BOE-A-2022-22128.txt,0,section_total,,SECRETARÍA DE ESTADO DE MIGRACIONES,SECRETARÍA DE ESTADO DE MIGRACIONES,,SECRETARÍA DE ESTADO DE MIGRACIONES,SECRETARÍA DE ESTADO DE MIGRACIONES,30000000.0,,euro,EUR,unclear,review,0.5,docx_parser,docx_table,"Parsed from table 0, row 0"
Spain,2022,pdf_b3b136e3553c__2023_BOE-A-2022-22128.txt,0,section_total,,SECRETARÍA DE ESTADO DE POLÍTICA TERRITORIAL,SECRETARÍA DE ESTADO DE POLÍTICA TERRITORIAL,,SECRETARÍA DE ESTADO DE POLÍTICA TERRITORIAL,SECRETARÍA DE ESTADO DE POLÍTICA TERRITORIAL,356063.22,,euro,EUR,unclear,review,0.6,docx_parser,docx_table,"Parsed from table 0, row 0"
Spain,2022,pdf_b3b136e3553c__2023_BOE-A-2022-22128.txt,0,section_total,,SECRETARÍA DE ESTADO DE PRESUPUESTOS Y,SECRETARÍA DE ESTADO DE PRESUPUESTOS Y,,SECRETARÍA DE ESTADO DE PRESUPUESTOS Y,SECRETARÍA DE ESTADO DE PRESUPUESTOS Y,561000.0,,euro,EUR,unclear,review,0.6,docx_parser,docx_table,"Parsed from table 0, row 0"
Spain,2022,pdf_b3b136e3553c__2023_BOE-A-2022-22128.txt,0,section_total,,SECRETARÍA DE ESTADO DE SANIDAD,SECRETARÍA DE ESTADO DE SANIDAD,,SECRETARÍA DE ESTADO DE SANIDAD,SECRETARÍA DE ESTADO DE SANIDAD,99088050.0,,euro,EUR,unclear,review,0.6,docx_parser,docx_table,"Parsed from table 0, row 0"
Spain,2022,pdf_b3b136e3553c__2023_BOE-A-2022-22128.txt,0,section_total,,SECRETARÍA DE ESTADO DE SEGURIDAD,SECRETARÍA DE ESTADO DE SEGURIDAD,,SECRETARÍA DE ESTADO DE SEGURIDAD,SECRETARÍA DE ESTADO DE SEGURIDAD,376274.26,,euro,EUR,unclear,review,0.6,docx_parser,docx_table,"Parsed from table 0, row 0"
Spain,2022,pdf_b3b136e3553c__2023_BOE-A-2022-22128.txt,0,section_total,,SECRETARÍA DE ESTADO DE SEGURIDAD SOCIAL Y,SECRETARÍA DE ESTADO DE SEGURIDAD SOCIAL Y,,SECRETARÍA DE ESTADO DE SEGURIDAD SOCIAL Y,SECRETARÍA DE ESTADO DE SEGURIDAD SOCIAL Y,32030.0,,euro,EUR,unclear,review,0.6,docx_parser,docx_table,"Parsed from table 0, row 0"
Spain,2022,pdf_b3b136e3553c__2023_BOE-A-2022-22128.txt,0,section_total,,SECRETARÍA DE ESTADO DE TELECOMUNICACIONES E INFRAESTRUCTURAS DIGITALES,SECRETARÍA DE ESTADO DE TELECOMUNICACIONES E INFRAESTRUCTURAS DIGITALES,,SECRETARÍA DE ESTADO DE TELECOMUNICACIONES E INFRAESTRUCTURAS DIGITALES,SECRETARÍA DE ESTADO DE TELECOMUNICACIONES E INFRAESTRUCTURAS DIGITALES,59598.700000000004,,euro,EUR,unclear,review,0.6,docx_parser,docx_table,"Parsed from table 0, row 0"
Spain,2022,pdf_b3b136e3553c__2023_BOE-A-2022-22128.txt,0,section_total,,"SECRETARÍA DE ESTADO DE TRANSPORTES, MOVILIDAD Y AGENDA URBANA","SECRETARÍA DE ESTADO DE TRANSPORTES, MOVILIDAD Y AGENDA URBANA",,"SECRETARÍA DE ESTADO DE TRANSPORTES, MOVILIDAD Y AGENDA URBANA","SECRETARÍA DE ESTADO DE TRANSPORTES, MOVILIDAD Y AGENDA URBANA",549221.0599999999,,euro,EUR,unclear,review,0.6,docx_parser,docx_table,"Parsed from table 0, row 0"
Spain,2022,pdf_b3b136e3553c__2023_BOE-A-2022-22128.txt,0,section_total,,SECRETARÍA DE ESTADO DE TURISMO,SECRETARÍA DE ESTADO DE TURISMO,,SECRETARÍA DE ESTADO DE TURISMO,SECRETARÍA DE ESTADO DE TURISMO,11002859.340000002,,euro,EUR,unclear,review,0.6,docx_parser,docx_table,"Parsed from table 0, row 0"
Spain,2022,pdf_b3b136e3553c__2023_BOE-A-2022-22128.txt,0,section_total,,SECRETARÍA DE ESTADO PARA IBEROAMERICA Y EL CARIBE Y EL ESPAÑOL EN EL MUNDO,SECRETARÍA DE ESTADO PARA IBEROAMERICA Y EL CARIBE Y EL ESPAÑOL EN EL MUNDO,,SECRETARÍA DE ESTADO PARA IBEROAMERICA Y EL CARIBE Y EL ESPAÑOL EN EL MUNDO,SECRETARÍA DE ESTADO PARA IBEROAMERICA Y EL CARIBE Y EL ESPAÑOL EN EL MUNDO,86657.64,,euro,EUR,unclear,review,0.6,docx_parser,docx_table,"Parsed from table 0, row 0"
Spain,2022,pdf_b3b136e3553c__2023_BOE-A-2022-22128.txt,0,section_total,,SECRETARÍA DE ESTADO PARA LA AGENDA 2030,SECRETARÍA DE ESTADO PARA LA AGENDA 2030,,SECRETARÍA DE ESTADO PARA LA AGENDA 2030,SECRETARÍA DE ESTADO PARA LA AGENDA 2030,31133.73,,euro,EUR,unclear,review,0.6,docx_parser,docx_table,"Parsed from table 0, row 0"
Spain,2022,pdf_b3b136e3553c__2023_BOE-A-2022-22128.txt,0,section_total,,SECRETARÍA DE ESTADO PARA LA UNIÓN EUROPEA,SECRETARÍA DE ESTADO PARA LA UNIÓN EUROPEA,,SECRETARÍA DE ESTADO PARA LA UNIÓN EUROPEA,SECRETARÍA DE ESTADO PARA LA UNIÓN EUROPEA,68468030.0,,euro,EUR,unclear,review,0.6,docx_parser,docx_table,"Parsed from table 0, row 0"
Spain,2022,pdf_b3b136e3553c__2023_BOE-A-2022-22128.txt,0,section_total,,SECRETARÍA GENERAL DE ADMINISTRACIÓN DIGITAL,SECRETARÍA GENERAL DE ADMINISTRACIÓN DIGITAL,,SECRETARÍA GENERAL DE ADMINISTRACIÓN DIGITAL,SECRETARÍA GENERAL DE ADMINISTRACIÓN DIGITAL,47459.35,,euro,EUR,unclear,review,0.6,docx_parser,docx_table,"Parsed from table 0, row 0"
Spain,2022,pdf_b3b136e3553c__2023_BOE-A-2022-22128.txt,0,section_total,,SECRETARÍA GENERAL DE AGRICULTURA Y ALIMENTACIÓN,SECRETARÍA GENERAL DE AGRICULTURA Y ALIMENTACIÓN,,SECRETARÍA GENERAL DE AGRICULTURA Y ALIMENTACIÓN,SECRETARÍA GENERAL DE AGRICULTURA Y ALIMENTACIÓN,105654.65000000001,,euro,EUR,unclear,review,0.6,docx_parser,docx_table,"Parsed from table 0, row 0"
Spain,2022,pdf_b3b136e3553c__2023_BOE-A-2022-22128.txt,0,section_total,,SECRETARÍA GENERAL DE CONSUMO Y JUEGO,SECRETARÍA GENERAL DE CONSUMO Y JUEGO,,SECRETARÍA GENERAL DE CONSUMO Y JUEGO,SECRETARÍA GENERAL DE CONSUMO Y JUEGO,38640040.0,,euro,EUR,unclear,review,0.6,docx_parser,docx_table,"Parsed from table 0, row 0"
Spain,2022,pdf_b3b136e3553c__2023_BOE-A-2022-22128.txt,0,section_total,,SECRETARÍA GENERAL DE CULTURA Y DEPORTE,SECRETARÍA GENERAL DE CULTURA Y DEPORTE,,SECRETARÍA GENERAL DE CULTURA Y DEPORTE,SECRETARÍA GENERAL DE CULTURA Y DEPORTE,95799500.0,,euro,EUR,unclear,review,0.6,docx_parser,docx_table,"Parsed from table 0, row 0"
Spain,2022,pdf_b3b136e3553c__2023_BOE-A-2022-22128.txt,0,section_total,,SECRETARÍA GENERAL DE FINANCIACIÓN AUTONÓMICA Y LOCAL,SECRETARÍA GENERAL DE FINANCIACIÓN AUTONÓMICA Y LOCAL,,SECRETARÍA GENERAL DE FINANCIACIÓN AUTONÓMICA Y LOCAL,SECRETARÍA GENERAL DE FINANCIACIÓN AUTONÓMICA Y LOCAL,22718.519999999997,,euro,EUR,unclear,review,0.6,docx_parser,docx_table,"Parsed from table 0, row 0"
Spain,2022,pdf_b3b136e3553c__2023_BOE-A-2022-22128.txt,0,section_total,,SECRETARÍA GENERAL DE FINANCIACIÓN AUTONÓMICA Y LOCAL. ANDALUCÍA,SECRETARÍA GENERAL DE FINANCIACIÓN AUTONÓMICA Y LOCAL. ANDALUCÍA,,SECRETARÍA GENERAL DE FINANCIACIÓN AUTONÓMICA Y LOCAL. ANDALUCÍA,SECRETARÍA GENERAL DE FINANCIACIÓN AUTONÓMICA Y LOCAL. ANDALUCÍA,609610.05,,euro,EUR,unclear,review,0.6,docx_parser,docx_table,"Parsed from table 0, row 0"
Spain,2022,pdf_b3b136e3553c__2023_BOE-A-2022-22128.txt,0,section_total,,SECRETARÍA GENERAL DE FINANCIACIÓN AUTONÓMICA Y LOCAL. ARAGÓN,SECRETARÍA GENERAL DE FINANCIACIÓN AUTONÓMICA Y LOCAL. ARAGÓN,,SECRETARÍA GENERAL DE FINANCIACIÓN AUTONÓMICA Y LOCAL. ARAGÓN,SECRETARÍA GENERAL DE FINANCIACIÓN AUTONÓMICA Y LOCAL. ARAGÓN,336673.08,,euro,EUR,unclear,review,0.6,docx_parser,docx_table,"Parsed from table 0, row 0"
Spain,2022,pdf_b3b136e3553c__2023_BOE-A-2022-22128.txt,0,section_total,,SECRETARÍA GENERAL DE FINANCIACIÓN AUTONÓMICA Y LOCAL. CANARIAS,SECRETARÍA GENERAL DE FINANCIACIÓN AUTONÓMICA Y LOCAL. CANARIAS,,SECRETARÍA GENERAL DE FINANCIACIÓN AUTONÓMICA Y LOCAL. CANARIAS,SECRETARÍA GENERAL DE FINANCIACIÓN AUTONÓMICA Y LOCAL. CANARIAS,91317.49,,euro,EUR,unclear,review,0.6,docx_parser,docx_table,"Parsed from table 0, row 0"
Spain,2022,pdf_b3b136e3553c__2023_BOE-A-2022-22128.txt,0,section_total,,SECRETARÍA GENERAL DE FINANCIACIÓN AUTONÓMICA Y LOCAL. CANTABRIA,SECRETARÍA GENERAL DE FINANCIACIÓN AUTONÓMICA Y LOCAL. CANTABRIA,,SECRETARÍA GENERAL DE FINANCIACIÓN AUTONÓMICA Y LOCAL. CANTABRIA,SECRETARÍA GENERAL DE FINANCIACIÓN AUTONÓMICA Y LOCAL. CANTABRIA,596593.64,,euro,EUR,unclear,review,0.6,docx_parser,docx_table,"Parsed from table 0, row 0"
Spain,2022,pdf_b3b136e3553c__2023_BOE-A-2022-22128.txt,0,section_total,,SECRETARÍA GENERAL DE FINANCIACIÓN AUTONÓMICA Y LOCAL. CASTILLA Y LEÓN,SECRETARÍA GENERAL DE FINANCIACIÓN AUTONÓMICA Y LOCAL. CASTILLA Y LEÓN,,SECRETARÍA GENERAL DE FINANCIACIÓN AUTONÓMICA Y LOCAL. CASTILLA Y LEÓN,SECRETARÍA GENERAL DE FINANCIACIÓN AUTONÓMICA Y LOCAL. CASTILLA Y LEÓN,526831.04,,euro,EUR,unclear,review,0.6,docx_parser,docx_table,"Parsed from table 0, row 0"
Spain,2022,pdf_b3b136e3553c__2023_BOE-A-2022-22128.txt,0,section_total,,SECRETARÍA GENERAL DE FINANCIACIÓN AUTONÓMICA Y LOCAL. CASTILLA-LA MANCHA,SECRETARÍA GENERAL DE FINANCIACIÓN AUTONÓMICA Y LOCAL. CASTILLA-LA MANCHA,,SECRETARÍA GENERAL DE FINANCIACIÓN AUTONÓMICA Y LOCAL. CASTILLA-LA MANCHA,SECRETARÍA GENERAL DE FINANCIACIÓN AUTONÓMICA Y LOCAL. CASTILLA-LA MANCHA,96109.98999999999,,euro,EUR,unclear,review,0.6,docx_parser,docx_table,"Parsed from table 0, row 0"
Spain,2022,pdf_b3b136e3553c__2023_BOE-A-2022-22128.txt,0,section_total,,SECRETARÍA GENERAL DE FINANCIACIÓN AUTONÓMICA Y LOCAL. CATALUÑA,SECRETARÍA GENERAL DE FINANCIACIÓN AUTONÓMICA Y LOCAL. CATALUÑA,,SECRETARÍA GENERAL DE FINANCIACIÓN AUTONÓMICA Y LOCAL. CATALUÑA,SECRETARÍA GENERAL DE FINANCIACIÓN AUTONÓMICA Y LOCAL. CATALUÑA,38030.0,,euro,EUR,unclear,review,0.6,docx_parser,docx_table,"Parsed from table 0, row 0"
Spain,2022,pdf_b3b136e3553c__2023_BOE-A-2022-22128.txt,0,section_total,,SECRETARÍA GENERAL DE FINANCIACIÓN AUTONÓMICA Y LOCAL. CEUTA,SECRETARÍA GENERAL DE FINANCIACIÓN AUTONÓMICA Y LOCAL. CEUTA,,SECRETARÍA GENERAL DE FINANCIACIÓN AUTONÓMICA Y LOCAL. CEUTA,SECRETARÍA GENERAL DE FINANCIACIÓN AUTONÓMICA Y LOCAL. CEUTA,43038.93,,euro,EUR,unclear,review,0.6,docx_parser,docx_table,"Parsed from table 0, row 0"
Spain,2022,pdf_b3b136e3553c__2023_BOE-A-2022-22128.txt,0,section_total,,SECRETARÍA GENERAL DE FINANCIACIÓN AUTONÓMICA Y LOCAL. COMUNIDAD VALENCIANA,SECRETARÍA GENERAL DE FINANCIACIÓN AUTONÓMICA Y LOCAL. COMUNIDAD VALENCIANA,,SECRETARÍA GENERAL DE FINANCIACIÓN AUTONÓMICA Y LOCAL. COMUNIDAD VALENCIANA,SECRETARÍA GENERAL DE FINANCIACIÓN AUTONÓMICA Y LOCAL. COMUNIDAD VALENCIANA,53049.3,,euro,EUR,unclear,review,0.6,docx_parser,docx_table,"Parsed from table 0, row 0"
Spain,2022,pdf_b3b136e3553c__2023_BOE-A-2022-22128.txt,0,section_total,,SECRETARÍA GENERAL DE FINANCIACIÓN AUTONÓMICA Y LOCAL. COMUNIDADES AUTÓNOMAS,SECRETARÍA GENERAL DE FINANCIACIÓN AUTONÓMICA Y LOCAL. COMUNIDADES AUTÓNOMAS,,SECRETARÍA GENERAL DE FINANCIACIÓN AUTONÓMICA Y LOCAL. COMUNIDADES AUTÓNOMAS,SECRETARÍA GENERAL DE FINANCIACIÓN AUTONÓMICA Y LOCAL. COMUNIDADES AUTÓNOMAS,383743.41,,euro,EUR,unclear,review,0.6,docx_parser,docx_table,"Parsed from table 0, row 0"
Spain,2022,pdf_b3b136e3553c__2023_BOE-A-2022-22128.txt,0,section_total,,SECRETARÍA GENERAL DE FINANCIACIÓN AUTONÓMICA Y LOCAL. ENTIDADES LOCALES,SECRETARÍA GENERAL DE FINANCIACIÓN AUTONÓMICA Y LOCAL. ENTIDADES LOCALES,,SECRETARÍA GENERAL DE FINANCIACIÓN AUTONÓMICA Y LOCAL. ENTIDADES LOCALES,SECRETARÍA GENERAL DE FINANCIACIÓN AUTONÓMICA Y LOCAL. ENTIDADES LOCALES,198552.3,,euro,EUR,unclear,review,0.6,docx_parser,docx_table,"Parsed from table 0, row 0"
Spain,2022,pdf_b3b136e3553c__2023_BOE-A-2022-22128.txt,0,section_total,,SECRETARÍA GENERAL DE FINANCIACIÓN AUTONÓMICA Y LOCAL. EXTREMADURA,SECRETARÍA GENERAL DE FINANCIACIÓN AUTONÓMICA Y LOCAL. EXTREMADURA,,SECRETARÍA GENERAL DE FINANCIACIÓN AUTONÓMICA Y LOCAL. EXTREMADURA,SECRETARÍA GENERAL DE FINANCIACIÓN AUTONÓMICA Y LOCAL. EXTREMADURA,541685.94,,euro,EUR,unclear,review,0.6,docx_parser,docx_table,"Parsed from table 0, row 0"
Spain,2022,pdf_b3b136e3553c__2023_BOE-A-2022-22128.txt,0,section_total,,SECRETARÍA GENERAL DE FINANCIACIÓN AUTONÓMICA Y LOCAL. GALICIA,SECRETARÍA GENERAL DE FINANCIACIÓN AUTONÓMICA Y LOCAL. GALICIA,,SECRETARÍA GENERAL DE FINANCIACIÓN AUTONÓMICA Y LOCAL. GALICIA,SECRETARÍA GENERAL DE FINANCIACIÓN AUTONÓMICA Y LOCAL. GALICIA,725491.7000000001,,euro,EUR,unclear,review,0.6,docx_parser,docx_table,"Parsed from table 0, row 0"
Spain,2022,pdf_b3b136e3553c__2023_BOE-A-2022-22128.txt,0,section_total,,SECRETARÍA GENERAL DE FINANCIACIÓN AUTONÓMICA Y LOCAL. LA RIOJA,SECRETARÍA GENERAL DE FINANCIACIÓN AUTONÓMICA Y LOCAL. LA RIOJA,,SECRETARÍA GENERAL DE FINANCIACIÓN AUTONÓMICA Y LOCAL. LA RIOJA,SECRETARÍA GENERAL DE FINANCIACIÓN AUTONÓMICA Y LOCAL. LA RIOJA,258348.59,,euro,EUR,unclear,review,0.6,docx_parser,docx_table,"Parsed from table 0, row 0"
Spain,2022,pdf_b3b136e3553c__2023_BOE-A-2022-22128.txt,0,section_total,,SECRETARÍA GENERAL DE FINANCIACIÓN AUTONÓMICA Y LOCAL. MELILLA,SECRETARÍA GENERAL DE FINANCIACIÓN AUTONÓMICA Y LOCAL. MELILLA,,SECRETARÍA GENERAL DE FINANCIACIÓN AUTONÓMICA Y LOCAL. MELILLA,SECRETARÍA GENERAL DE FINANCIACIÓN AUTONÓMICA Y LOCAL. MELILLA,38190.0,,euro,EUR,unclear,review,0.6,docx_parser,docx_table,"Parsed from table 0, row 0"
Spain,2022,pdf_b3b136e3553c__2023_BOE-A-2022-22128.txt,0,section_total,,SECRETARÍA GENERAL DE FINANCIACIÓN AUTONÓMICA Y LOCAL. NAVARRA,SECRETARÍA GENERAL DE FINANCIACIÓN AUTONÓMICA Y LOCAL. NAVARRA,,SECRETARÍA GENERAL DE FINANCIACIÓN AUTONÓMICA Y LOCAL. NAVARRA,SECRETARÍA GENERAL DE FINANCIACIÓN AUTONÓMICA Y LOCAL. NAVARRA,38140.0,,euro,EUR,unclear,review,0.6,docx_parser,docx_table,"Parsed from table 0, row 0"
Spain,2022,pdf_b3b136e3553c__2023_BOE-A-2022-22128.txt,0,section_total,,SECRETARÍA GENERAL DE FINANCIACIÓN AUTONÓMICA Y LOCAL. PAÍS VASCO,SECRETARÍA GENERAL DE FINANCIACIÓN AUTONÓMICA Y LOCAL. PAÍS VASCO,,SECRETARÍA GENERAL DE FINANCIACIÓN AUTONÓMICA Y LOCAL. PAÍS VASCO,SECRETARÍA GENERAL DE FINANCIACIÓN AUTONÓMICA Y LOCAL. PAÍS VASCO,141500.0,,euro,EUR,unclear,review,0.5,docx_parser,docx_table,"Parsed from table 0, row 0"
Spain,2022,pdf_b3b136e3553c__2023_BOE-A-2022-22128.txt,0,section_total,,SECRETARÍA GENERAL DE FINANCIACIÓN AUTONÓMICA Y LOCAL. PRINCIPADO DE ASTURIAS,SECRETARÍA GENERAL DE FINANCIACIÓN AUTONÓMICA Y LOCAL. PRINCIPADO DE ASTURIAS,,SECRETARÍA GENERAL DE FINANCIACIÓN AUTONÓMICA Y LOCAL. PRINCIPADO DE ASTURIAS,SECRETARÍA GENERAL DE FINANCIACIÓN AUTONÓMICA Y LOCAL. PRINCIPADO DE ASTURIAS,226489.97,,euro,EUR,unclear,review,0.6,docx_parser,docx_table,"Parsed from table 0, row 0"
Spain,2022,pdf_b3b136e3553c__2023_BOE-A-2022-22128.txt,0,section_total,,SECRETARÍA GENERAL DE FINANCIACIÓN AUTONÓMICA Y LOCAL. REGIÓN DE MURCIA,SECRETARÍA GENERAL DE FINANCIACIÓN AUTONÓMICA Y LOCAL. REGIÓN DE MURCIA,,SECRETARÍA GENERAL DE FINANCIACIÓN AUTONÓMICA Y LOCAL. REGIÓN DE MURCIA,SECRETARÍA GENERAL DE FINANCIACIÓN AUTONÓMICA Y LOCAL. REGIÓN DE MURCIA,36090.0,,euro,EUR,unclear,review,0.6,docx_parser,docx_table,"Parsed from table 0, row 0"
Spain,2022,pdf_b3b136e3553c__2023_BOE-A-2022-22128.txt,0,section_total,,SECRETARÍA GENERAL DE FINANCIACIÓN AUTONÓMICA Y LOCAL. VARIAS CC. AA.,SECRETARÍA GENERAL DE FINANCIACIÓN AUTONÓMICA Y LOCAL. VARIAS CC. AA.,,SECRETARÍA GENERAL DE FINANCIACIÓN AUTONÓMICA Y LOCAL. VARIAS CC. AA.,SECRETARÍA GENERAL DE FINANCIACIÓN AUTONÓMICA Y LOCAL. VARIAS CC. AA.,150000.0,,euro,EUR,unclear,review,0.5,docx_parser,docx_table,"Parsed from table 0, row 0"
Spain,2022,pdf_b3b136e3553c__2023_BOE-A-2022-22128.txt,0,section_total,,SECRETARÍA GENERAL DE FONDOS EUROPEOS,SECRETARÍA GENERAL DE FONDOS EUROPEOS,,SECRETARÍA GENERAL DE FONDOS EUROPEOS,SECRETARÍA GENERAL DE FONDOS EUROPEOS,41873150.0,,euro,EUR,unclear,review,0.5,docx_parser,docx_table,"Parsed from table 0, row 0"
Spain,2022,pdf_b3b136e3553c__2023_BOE-A-2022-22128.txt,0,section_total,,SECRETARÍA GENERAL DE FORMACIÓN PROFESIONAL,SECRETARÍA GENERAL DE FORMACIÓN PROFESIONAL,,SECRETARÍA GENERAL DE FORMACIÓN PROFESIONAL,SECRETARÍA GENERAL DE FORMACIÓN PROFESIONAL,221222.02,,euro,EUR,unclear,review,0.6,docx_parser,docx_table,"Parsed from table 0, row 0"
Spain,2022,pdf_b3b136e3553c__2023_BOE-A-2022-22128.txt,0,section_total,,SECRETARÍA GENERAL DE INDUSTRIA Y DE LA PEQUEÑA Y MEDIANA EMPRESA,SECRETARÍA GENERAL DE INDUSTRIA Y DE LA PEQUEÑA Y MEDIANA EMPRESA,,SECRETARÍA GENERAL DE INDUSTRIA Y DE LA PEQUEÑA Y MEDIANA EMPRESA,SECRETARÍA GENERAL DE INDUSTRIA Y DE LA PEQUEÑA Y MEDIANA EMPRESA,22083.300000000003,,euro,EUR,unclear,review,0.6,docx_parser,docx_table,"Parsed from table 0, row 0"
Spain,2022,pdf_b3b136e3553c__2023_BOE-A-2022-22128.txt,0,section_total,,SECRETARÍA GENERAL DE INNOVACIÓN,SECRETARÍA GENERAL DE INNOVACIÓN,,SECRETARÍA GENERAL DE INNOVACIÓN,SECRETARÍA GENERAL DE INNOVACIÓN,554731.0499999999,,euro,EUR,science_agency,include,0.9,docx_parser,docx_table,"Parsed from table 0, row 0"
Spain,2022,pdf_b3b136e3553c__2023_BOE-A-2022-22128.txt,0,section_total,,SECRETARÍA GENERAL DE INSTITUCIONES PENITENCIARIAS,SECRETARÍA GENERAL DE INSTITUCIONES PENITENCIARIAS,,SECRETARÍA GENERAL DE INSTITUCIONES PENITENCIARIAS,SECRETARÍA GENERAL DE INSTITUCIONES PENITENCIARIAS,10036500.0,,euro,EUR,unclear,review,0.6,docx_parser,docx_table,"Parsed from table 0, row 0"
Spain,2022,pdf_b3b136e3553c__2023_BOE-A-2022-22128.txt,0,section_total,,SECRETARÍA GENERAL DE INVESTIGACIÓN,SECRETARÍA GENERAL DE INVESTIGACIÓN,,SECRETARÍA GENERAL DE INVESTIGACIÓN,SECRETARÍA GENERAL DE INVESTIGACIÓN,697672.73,,euro,EUR,science_agency,include,0.9,docx_parser,docx_table,"Parsed from table 0, row 0"
Spain,2022,pdf_b3b136e3553c__2023_BOE-A-2022-22128.txt,0,section_total,,SECRETARÍA GENERAL DE OBJETIVOS Y POLÍTICAS DE INCLUSIÓN Y PREVISIÓN SOCIAL,SECRETARÍA GENERAL DE OBJETIVOS Y POLÍTICAS DE INCLUSIÓN Y PREVISIÓN SOCIAL,,SECRETARÍA GENERAL DE OBJETIVOS Y POLÍTICAS DE INCLUSIÓN Y PREVISIÓN SOCIAL,SECRETARÍA GENERAL DE OBJETIVOS Y POLÍTICAS DE INCLUSIÓN Y PREVISIÓN SOCIAL,5000000.0,,euro,EUR,unclear,review,0.6,docx_parser,docx_table,"Parsed from table 0, row 0"
Spain,2022,pdf_b3b136e3553c__2023_BOE-A-2022-22128.txt,0,section_total,,SECRETARÍA GENERAL DE PESCA,SECRETARÍA GENERAL DE PESCA,,SECRETARÍA GENERAL DE PESCA,SECRETARÍA GENERAL DE PESCA,21100.0,,euro,EUR,unclear,review,0.6,docx_parser,docx_table,"Parsed from table 0, row 0"
Spain,2022,pdf_b3b136e3553c__2023_BOE-A-2022-22128.txt,0,section_total,,"SECRETARÍA GENERAL DE SALUD DIGITAL, INFORMACIÓN E INNOVACIÓN DEL SISTEMA NACIONAL DE SALUD","SECRETARÍA GENERAL DE SALUD DIGITAL, INFORMACIÓN E INNOVACIÓN DEL SISTEMA NACIONAL DE SALUD",,"SECRETARÍA GENERAL DE SALUD DIGITAL, INFORMACIÓN E INNOVACIÓN DEL SISTEMA NACIONAL DE SALUD","SECRETARÍA GENERAL DE SALUD DIGITAL, INFORMACIÓN E INNOVACIÓN DEL SISTEMA NACIONAL DE SALUD",29665.019999999997,,euro,EUR,unclear,review,0.6,docx_parser,docx_table,"Parsed from table 0, row 0"
Spain,2022,pdf_b3b136e3553c__2023_BOE-A-2022-22128.txt,0,section_total,,SECRETARÍA GENERAL DE UNIVERSIDADES,SECRETARÍA GENERAL DE UNIVERSIDADES,,SECRETARÍA GENERAL DE UNIVERSIDADES,SECRETARÍA GENERAL DE UNIVERSIDADES,3007691.04,,euro,EUR,unclear,review,0.6,docx_parser,docx_table,"Parsed from table 0, row 0"
Spain,2022,pdf_b3b136e3553c__2023_BOE-A-2022-22128.txt,0,section_total,,SECRETARÍA GENERAL DEL TESORO Y FINANCIACIÓN INTERNACIONAL,SECRETARÍA GENERAL DEL TESORO Y FINANCIACIÓN INTERNACIONAL,,SECRETARÍA GENERAL DEL TESORO Y FINANCIACIÓN INTERNACIONAL,SECRETARÍA GENERAL DEL TESORO Y FINANCIACIÓN INTERNACIONAL,582938.09,,euro,EUR,unclear,review,0.6,docx_parser,docx_table,"Parsed from table 0, row 0"
Spain,2022,pdf_b3b136e3553c__2023_BOE-A-2022-22128.txt,0,section_total,,SECRETARÍA GENERAL PARA EL RETO DEMOGRÁFICO,SECRETARÍA GENERAL PARA EL RETO DEMOGRÁFICO,,SECRETARÍA GENERAL PARA EL RETO DEMOGRÁFICO,SECRETARÍA GENERAL PARA EL RETO DEMOGRÁFICO,48660000.0,,euro,EUR,unclear,review,0.6,docx_parser,docx_table,"Parsed from table 0, row 0"
Spain,2022,pdf_b3b136e3553c__2023_BOE-A-2022-22128.txt,0,section_total,,SECRETARÍA GENERAL PARA LA INNOVACIÓN Y CALIDAD DEL SERVICIO PÚBLICO DE JUSTICIA. FISCALÍA GENERAL,SECRETARÍA GENERAL PARA LA INNOVACIÓN Y CALIDAD DEL SERVICIO PÚBLICO DE JUSTICIA. FISCALÍA GENERAL,,SECRETARÍA GENERAL PARA LA INNOVACIÓN Y CALIDAD DEL SERVICIO PÚBLICO DE JUSTICIA. FISCALÍA GENERAL,SECRETARÍA GENERAL PARA LA INNOVACIÓN Y CALIDAD DEL SERVICIO PÚBLICO DE JUSTICIA. FISCALÍA GENERAL,24016.780000000002,,euro,EUR,unclear,review,0.6,docx_parser,docx_table,"Parsed from table 0, row 0"
Spain,2022,pdf_b3b136e3553c__2023_BOE-A-2022-22128.txt,0,section_total,,SECRETARÍA GENERAL PARA LA INNOVACIÓN Y CALIDAD DEL SERVICIO PÚBLICO DE JUSTICIA. MINISTERIO FISCAL,SECRETARÍA GENERAL PARA LA INNOVACIÓN Y CALIDAD DEL SERVICIO PÚBLICO DE JUSTICIA. MINISTERIO FISCAL,,SECRETARÍA GENERAL PARA LA INNOVACIÓN Y CALIDAD DEL SERVICIO PÚBLICO DE JUSTICIA. MINISTERIO FISCAL,SECRETARÍA GENERAL PARA LA INNOVACIÓN Y CALIDAD DEL SERVICIO PÚBLICO DE JUSTICIA. MINISTERIO FISCAL,289145.05000000005,,euro,EUR,unclear,review,0.6,docx_parser,docx_table,"Parsed from table 0, row 0"
Spain,2022,pdf_b3b136e3553c__2023_BOE-A-2022-22128.txt,0,section_total,,SECRETARÍA GENERAL TÉCNICA,SECRETARÍA GENERAL TÉCNICA,,SECRETARÍA GENERAL TÉCNICA,SECRETARÍA GENERAL TÉCNICA,57572000.0,,euro,EUR,unclear,review,0.6,docx_parser,docx_table,"Parsed from table 0, row 0"
Spain,2022,pdf_b3b136e3553c__2023_BOE-A-2022-22128.txt,0,section_total,,SEGURIDAD CIUDADANA E INSTITUCIONES PENITENCIARIAS,SEGURIDAD CIUDADANA E INSTITUCIONES PENITENCIARIAS,,SEGURIDAD CIUDADANA E INSTITUCIONES PENITENCIARIAS,SEGURIDAD CIUDADANA E INSTITUCIONES PENITENCIARIAS,487000.0,,euro,EUR,unclear,review,0.6,docx_parser,docx_table,"Parsed from table 0, row 0"
Spain,2022,pdf_b3b136e3553c__2023_BOE-A-2022-22128.txt,0,section_total,,SEGURIDAD SOCIAL,SEGURIDAD SOCIAL,,SEGURIDAD SOCIAL,SEGURIDAD SOCIAL,1000000.0,,euro,EUR,unclear,review,0.6,docx_parser,docx_table,"Parsed from table 0, row 0"
Spain,2022,pdf_b3b136e3553c__2023_BOE-A-2022-22128.txt,0,section_total,,SERVICIO ESPAÑOL PARA LA INTERNACIONALIZACIÓN DE LA EDUCACIÓN,SERVICIO ESPAÑOL PARA LA INTERNACIONALIZACIÓN DE LA EDUCACIÓN,,SERVICIO ESPAÑOL PARA LA INTERNACIONALIZACIÓN DE LA EDUCACIÓN,SERVICIO ESPAÑOL PARA LA INTERNACIONALIZACIÓN DE LA EDUCACIÓN,59800103.0,,euro,EUR,unclear,review,0.6,docx_parser,docx_table,"Parsed from table 0, row 0"
Spain,2022,pdf_b3b136e3553c__2023_BOE-A-2022-22128.txt,0,section_total,,SERVICIO PÚBLICO DE EMPLEO ESTATAL,SERVICIO PÚBLICO DE EMPLEO ESTATAL,,SERVICIO PÚBLICO DE EMPLEO ESTATAL,SERVICIO PÚBLICO DE EMPLEO ESTATAL,79400000.0,,euro,EUR,unclear,review,0.6,docx_parser,docx_table,"Parsed from table 0, row 0"
Spain,2022,pdf_b3b136e3553c__2023_BOE-A-2022-22128.txt,0,section_total,,SERVICIOS DE CARÁCTER GENERAL,SERVICIOS DE CARÁCTER GENERAL,,SERVICIOS DE CARÁCTER GENERAL,SERVICIOS DE CARÁCTER GENERAL,18000000.0,,euro,EUR,unclear,review,0.5,docx_parser,docx_table,"Parsed from table 0, row 0"
Spain,2022,pdf_b3b136e3553c__2023_BOE-A-2022-22128.txt,0,section_total,,SERVICIOS SOCIALES Y PROMOCIÓN SOCIAL,SERVICIOS SOCIALES Y PROMOCIÓN SOCIAL,,SERVICIOS SOCIALES Y PROMOCIÓN SOCIAL,SERVICIOS SOCIALES Y PROMOCIÓN SOCIAL,986380.9,,euro,EUR,unclear,review,0.6,docx_parser,docx_table,"Parsed from table 0, row 0"
Spain,2022,pdf_b3b136e3553c__2023_BOE-A-2022-22128.txt,0,section_total,,SISTEMAS DE FINANCIACIÓN DE ENTES TERRITORIALES,SISTEMAS DE FINANCIACIÓN DE ENTES TERRITORIALES,,SISTEMAS DE FINANCIACIÓN DE ENTES TERRITORIALES,SISTEMAS DE FINANCIACIÓN DE ENTES TERRITORIALES,38010.0,,euro,EUR,unclear,review,0.6,docx_parser,docx_table,"Parsed from table 0, row 0"
Spain,2022,pdf_b3b136e3553c__2023_BOE-A-2022-22128.txt,0,section_total,,"TASAS, PRECIOS PUBLICOS Y OTROS INGRESOS","TASAS, PRECIOS PUBLICOS Y OTROS INGRESOS",,"TASAS, PRECIOS PUBLICOS Y OTROS INGRESOS","TASAS, PRECIOS PUBLICOS Y OTROS INGRESOS",71986530.49,,euro,EUR,unclear,review,0.5,docx_parser,docx_table,"Parsed from table 0, row 0"
Spain,2022,pdf_b3b136e3553c__2023_BOE-A-2022-22128.txt,0,section_total,,TOTAL CONSOLIDADO,TOTAL CONSOLIDADO,,TOTAL CONSOLIDADO,TOTAL CONSOLIDADO,1211753.0999999999,,euro,EUR,unclear,review,0.5,docx_parser,docx_table,"Parsed from table 0, row 0"
Spain,2022,pdf_b3b136e3553c__2023_BOE-A-2022-22128.txt,0,section_total,,TOTAL MENSUAL.,TOTAL MENSUAL.,,TOTAL MENSUAL.,TOTAL MENSUAL.,502745.0,,euro,EUR,unclear,review,0.5,docx_parser,docx_table,"Parsed from table 0, row 0"
Spain,2022,pdf_b3b136e3553c__2023_BOE-A-2022-22128.txt,0,section_total,,TOTAL OPERACIONES DE CAPITAL,TOTAL OPERACIONES DE CAPITAL,,TOTAL OPERACIONES DE CAPITAL,TOTAL OPERACIONES DE CAPITAL,686719.0900000001,,euro,EUR,unclear,review,0.5,docx_parser,docx_table,"Parsed from table 0, row 0"
Spain,2022,pdf_b3b136e3553c__2023_BOE-A-2022-22128.txt,0,section_total,,TOTAL TRANSFERENCIAS ENTRE SUBSECTORES,TOTAL TRANSFERENCIAS ENTRE SUBSECTORES,,TOTAL TRANSFERENCIAS ENTRE SUBSECTORES,TOTAL TRANSFERENCIAS ENTRE SUBSECTORES,97046772.58999999,,euro,EUR,unclear,review,0.5,docx_parser,docx_table,"Parsed from table 0, row 0"
Spain,2022,pdf_b3b136e3553c__2023_BOE-A-2022-22128.txt,0,section_total,,TRANSFERENCIAS A OTRAS ADMINISTRACIONES,TRANSFERENCIAS A OTRAS ADMINISTRACIONES,,TRANSFERENCIAS A OTRAS ADMINISTRACIONES,TRANSFERENCIAS A OTRAS ADMINISTRACIONES,582430.0,,euro,EUR,unclear,review,0.5,docx_parser,docx_table,"Parsed from table 0, row 0"
Spain,2022,pdf_b3b136e3553c__2023_BOE-A-2022-22128.txt,0,section_total,,TRANSFERENCIAS CORRIENTES,TRANSFERENCIAS CORRIENTES,,TRANSFERENCIAS CORRIENTES,TRANSFERENCIAS CORRIENTES,203156030.69,,euro,EUR,unclear,review,0.5,docx_parser,docx_table,"Parsed from table 0, row 0"
Spain,2022,pdf_b3b136e3553c__2023_BOE-A-2022-22128.txt,0,section_total,,TRANSFERENCIAS DE CAPITAL,TRANSFERENCIAS DE CAPITAL,,TRANSFERENCIAS DE CAPITAL,TRANSFERENCIAS DE CAPITAL,168036000.0,,euro,EUR,unclear,review,0.5,docx_parser,docx_table,"Parsed from table 0, row 0"
Spain,2022,pdf_b3b136e3553c__2023_BOE-A-2022-22128.txt,0,section_total,,TRIBUNAL CONSTITUCIONAL,TRIBUNAL CONSTITUCIONAL,,TRIBUNAL CONSTITUCIONAL,TRIBUNAL CONSTITUCIONAL,4800000.0,,euro,EUR,unclear,review,0.5,docx_parser,docx_table,"Parsed from table 0, row 0"
Spain,2022,pdf_b3b136e3553c__2023_BOE-A-2022-22128.txt,0,section_total,,TRIBUNAL DE CUENTAS,TRIBUNAL DE CUENTAS,,TRIBUNAL DE CUENTAS,TRIBUNAL DE CUENTAS,13520000.0,,euro,EUR,unclear,review,0.5,docx_parser,docx_table,"Parsed from table 0, row 0"
Spain,2022,pdf_b3b136e3553c__2023_BOE-A-2022-22128.txt,0,section_total,,TRIBUNAL ECONÓMICO-ADMINISTRATIVO CENTRAL,TRIBUNAL ECONÓMICO-ADMINISTRATIVO CENTRAL,,TRIBUNAL ECONÓMICO-ADMINISTRATIVO CENTRAL,TRIBUNAL ECONÓMICO-ADMINISTRATIVO CENTRAL,115110.0,,euro,EUR,unclear,review,0.5,docx_parser,docx_table,"Parsed from table 0, row 0"
Spain,2022,pdf_b3b136e3553c__2023_BOE-A-2022-22128.txt,0,section_total,,"TRIBUNAL, FISCALÍA Y SERVICIOS GENERALES","TRIBUNAL, FISCALÍA Y SERVICIOS GENERALES",,"TRIBUNAL, FISCALÍA Y SERVICIOS GENERALES","TRIBUNAL, FISCALÍA Y SERVICIOS GENERALES",13520000.0,,euro,EUR,unclear,review,0.5,docx_parser,docx_table,"Parsed from table 0, row 0"
Spain,2022,pdf_b3b136e3553c__2023_BOE-A-2022-22128.txt,0,section_total,,UNE ETS 300 401.,UNE ETS 300 401.,,UNE ETS 300 401.,UNE ETS 300 401.,125000.0,,euro,EUR,unclear,review,0.5,docx_parser,docx_table,"Parsed from table 0, row 0"
Spain,2022,pdf_b3b136e3553c__2023_BOE-A-2022-22128.txt,0,section_total,,UNE ETS 300 744.,UNE ETS 300 744.,,UNE ETS 300 744.,UNE ETS 300 744.,125000.0,,euro,EUR,unclear,review,0.5,docx_parser,docx_table,"Parsed from table 0, row 0"
Spain,2022,pdf_b3b136e3553c__2023_BOE-A-2022-22128.txt,0,section_total,,UNIVERSIDAD INTERNACIONAL MENENDEZ PELAYO,UNIVERSIDAD INTERNACIONAL MENENDEZ PELAYO,,UNIVERSIDAD INTERNACIONAL MENENDEZ PELAYO,UNIVERSIDAD INTERNACIONAL MENENDEZ PELAYO,53726000.0,,euro,EUR,unclear,review,0.6,docx_parser,docx_table,"Parsed from table 0, row 0"
Spain,2022,pdf_b3b136e3553c__2023_BOE-A-2022-22128.txt,0,section_total,,"ÓRGANOS CONSTITUCIONALES, GOBIERNO Y OTROS","ÓRGANOS CONSTITUCIONALES, GOBIERNO Y OTROS",,"ÓRGANOS CONSTITUCIONALES, GOBIERNO Y OTROS","ÓRGANOS CONSTITUCIONALES, GOBIERNO Y OTROS",2500000.0,,euro,EUR,unclear,review,0.5,docx_parser,docx_table,"Parsed from table 0, row 0"
