country,year,canonical_name,gap_type,action,series_amount,prev_amount,next_amount,diagnosis,verdict,correct_amount_local,correct_unit,preferred_source_files,evidence_page,confidence,reason
Japan,2004,JST (Japan Science and Technology Agency),outlier,verify,494000000.0,55573937.0,99611126.0,"Amount 494,000,000 outside expected range [-303,960,776 – 405,281,034] (IQR × 3.0). Possible current/prior year confusion or unit error.",correct,494.0,thousand,"[""2004 DL200411001.pdf""]",901,0.9,"The amount of 494,000,000 thousand JPY is confirmed by the source document as the operating expenses for the Japan Science and Technology Agency, which aligns with the agency's budget."
Japan,2004,RIKEN (Institute of Physical and Chemical Research),outlier,verify,495000000.0,36968423.0,49400000.0,"Amount 495,000,000 outside expected range [-151,486,828 – 201,982,438] (IQR × 3.0). Possible current/prior year confusion or unit error.",correct,49500.0,million,"[""2004 DL200411001.pdf""]",903,0.9,"The amount of 495,000,000 thousand JPY appears to be a unit error, as it should be interpreted as 49500 million JPY based on the context of the document and typical budget formats."
Japan,2014,NIMS (National Institute for Materials Science),outlier,verify,78200000.0,12850203.0,11917948.0,"Amount 78,200,000 outside expected range [-47,409,954 – 63,213,272] (IQR × 3.0). Possible current/prior year confusion or unit error.",correct,78200000.0,thousand,"[""2014 DL201411001.pdf""]",1344,0.9,"The amount of 78,200,000 thousand JPY for the National Institute for Materials Science is confirmed by the source document row, which states it is for operating expenses."
Japan,2002,NEDO (New Energy and Industrial Technology Development Organization),outlier,verify,660000000.0,0.0,0.0,"Amount 660,000,000 outside expected range [-41,250,879 – 55,001,172] (IQR × 3.0). Possible current/prior year confusion or unit error.",correct,660000000.0,thousand,"[""2002 DL200211001.pdf""]",823,1.0,"The current annual total of 660,000,000 thousand JPY is directly supported by the source document row indicating the same amount for operating expenses related to NEDO."
Japan,2004,NEDO (New Energy and Industrial Technology Development Organization),outlier,verify,704000000.0,0.0,41670822.0,"Amount 704,000,000 outside expected range [-41,250,879 – 55,001,172] (IQR × 3.0). Possible current/prior year confusion or unit error.",correct,41670822.0,thousand,"[""2004 DL200411001.pdf""]",702,0.9,"The current total of 704,000,000 thousand JPY is inconsistent with the neighboring year of 41,670,822 thousand JPY and the previous year of 0. The evidence suggests that the correct total for 2004 should be 41,670,822 thousand JPY based on the operating expenses for NEDO."
Japan,2011,NEDO (New Energy and Industrial Technology Development Organization),outlier,verify,60439000.0,746000.0,80000000000.0,"Amount 60,439,000 outside expected range [-41,250,879 – 55,001,172] (IQR × 3.0). Possible current/prior year confusion or unit error.",correct,25469516.0,thousand,"[""2011 DL201111001.pdf""]",76,0.9,"The amount of 60,439,000 thousand JPY for NEDO appears to be incorrect based on the evidence provided. The correct amount, as indicated in the document, is 25,469,516 thousand JPY for operating expenses."
Japan,2012,NEDO (New Energy and Industrial Technology Development Organization),outlier,verify,80000000000.0,60439000.0,0.0,"Amount 80,000,000,000 outside expected range [-41,250,879 – 55,001,172] (IQR × 3.0). Possible current/prior year confusion or unit error.",correct,22411162.0,thousand,"[""2012 DL201211001.pdf""]",794,0.9,"The amount of 22,411,162 thousand JPY for NEDO's operating expenses is supported by the source document, while the current total of 80,000,000,000 thousand JPY appears to be a significant overstatement."
Japan,2012,AIST (National Institute of Advanced Industrial Science and Technology),outlier,verify,79500000000.0,0.0,60078300.0,"Amount 79,500,000,000 outside expected range [-187,321,758 – 249,762,344] (IQR × 3.0). Possible current/prior year confusion or unit error.",correct,79500000.0,thousand,"[""2012 DL201211001.pdf""]",1062,0.9,"The current total of 79,500,000,000 thousand is likely a unit error, as the amount should be 79,500,000 thousand based on the source document row which lists the operating expenses for AIST."
Japan,2006,"MEXT (Ministry of Education, Culture, Sports, Science and Technology)",outlier,verify,4860000000.0,230601186.0,128826326.0,"Amount 4,860,000,000 outside expected range [-202,211,578 – 555,210,759] (IQR × 3.0). Possible current/prior year confusion or unit error.",correct,486000000.0,thousand,"[""2006 DL200611001.pdf""]",867,0.9,"The current total of 4,860,000,000 thousand appears to be a misinterpretation of the amount, which should be 486,000,000 thousand based on the source document row for the Antarctic Region Observation Project."
Japan,2012,"MEXT (Ministry of Education, Culture, Sports, Science and Technology)",outlier,verify,101300000000.0,150000000.0,97552555.0,"Amount 101,300,000,000 outside expected range [-202,211,578 – 555,210,759] (IQR × 3.0). Possible current/prior year confusion or unit error.",keep,101300000000.0,thousand,"[""2012 DL201211001.pdf""]",1055,1.0,"The current annual total of 101,300,000,000 thousand is directly supported by the source document row indicating R&D Promotion Expenses for MEXT."
Japan,2019,"MEXT (Ministry of Education, Culture, Sports, Science and Technology)",outlier,verify,1097054656.0,113060958.0,139940000.0,"Amount 1,097,054,656 outside expected range [-202,211,578 – 555,210,759] (IQR × 3.0). Possible current/prior year confusion or unit error.",correct,1097054656.0,thousand,"[""2019 DL201911001.pdf""]",870,0.9,"The current annual total is supported by the source document row, which lists the same amount for Operating Grants for National University Corporations."
Japan,2019,Academic Research Promotion Fund,outlier,verify,97210000.0,0.0,0.0,"Amount 97,210,000 outside expected range [0 – 0] (IQR × 3.0). Possible current/prior year confusion or unit error.",keep,97210000.0,thousand,"[""2019 DL201911001.pdf""]",868,1.0,"The current annual total is directly supported by the source document row, which confirms the amount and unit."
Japan,2014,Operating expenses grant for the National Institute of Advanced Industrial Science and Technology,outlier,verify,60832599.0,0.0,0.0,"Amount 60,832,599 outside expected range [0 – 0] (IQR × 3.0). Possible current/prior year confusion or unit error.",keep,60832599.0,thousand,"[""2014 DL201411001.pdf""]",1015.0,1.0,"The current annual total is directly supported by the source document row, which confirms the amount for the operating expenses grant for the agency."
Japan,2018,Operating expenses grant for the National Institute of Advanced Industrial Science and Technology,outlier,verify,61924777.0,0.0,62342817.0,"Amount 61,924,777 outside expected range [0 – 0] (IQR × 3.0). Possible current/prior year confusion or unit error.",keep,61924777.0,thousand,"[""2018 DL201811001.pdf""]",797,1.0,The current annual total is supported by the source document row which explicitly states the amount for the operating expenses grant for the agency.
Japan,2019,Operating expenses grant for the National Institute of Advanced Industrial Science and Technology,outlier,verify,62342817.0,61924777.0,0.0,"Amount 62,342,817 outside expected range [0 – 0] (IQR × 3.0). Possible current/prior year confusion or unit error.",keep,62342817.0,thousand,"[""2019 DL201911001.pdf""]",1130.0,1.0,The current annual total is supported by the source document row which matches the agency name and amount.
Japan,2021,Operating expenses grant for the National Institute of Advanced Industrial Science and Technology,outlier,verify,61984113.0,0.0,0.0,"Amount 61,984,113 outside expected range [0 – 0] (IQR × 3.0). Possible current/prior year confusion or unit error.",keep,61984113.0,thousand,"[""2021 DL202111001.pdf""]",829,1.0,"The current annual total is directly supported by the source document row, which confirms the amount for the operating expenses grant for the agency."
Japan,2024,Operating expenses grant for the National Institute of Advanced Industrial Science and Technology,outlier,verify,65000661.0,0.0,0.0,"Amount 65,000,661 outside expected range [0 – 0] (IQR × 3.0). Possible current/prior year confusion or unit error.",keep,65000661.0,thousand,"[""2024 DL202411001.pdf""]",851,1.0,"The current annual total is directly supported by the source document row, which matches the agency name and amount."
Japan,2007,Grants for Operating Specific Advanced Large Research Facilities,outlier,verify,11760000.0,0.0,0.0,"Amount 11,760,000 outside expected range [0 – 0] (IQR × 3.0). Possible current/prior year confusion or unit error.",keep,11760000.0,thousand,"[""2007 DL200711001.pdf""]",484,1.0,"The current annual total of 11,760,000 thousand is directly supported by the source document row, which confirms the amount and unit."
Japan,2019,Grants for Operating Specific Advanced Large Research Facilities,outlier,verify,36940146.0,0.0,0.0,"Amount 36,940,146 outside expected range [0 – 0] (IQR × 3.0). Possible current/prior year confusion or unit error.",keep,36940146.0,thousand,"[""2019 DL201911001.pdf""]",868,1.0,"The current annual total is directly supported by the source document row, which matches the amount and description for the agency."
Japan,2007,Subsidy for the development of the International Space Station,outlier,verify,31443995.0,0.0,21574144.0,"Amount 31,443,995 outside expected range [0 – 0] (IQR × 3.0). Possible current/prior year confusion or unit error.",keep,31443995.0,thousand,"[""2007 DL200711001.pdf""]",112,1.0,"The current annual total is directly supported by the source document row, which matches the amount and description for the agency."
Japan,2008,Subsidy for the development of the International Space Station,outlier,verify,21574144.0,31443995.0,21981339.0,"Amount 21,574,144 outside expected range [0 – 0] (IQR × 3.0). Possible current/prior year confusion or unit error.",keep,21574144.0,thousand,"[""2008 DL200811001.pdf""]",128,1.0,"The current annual total is directly supported by the source document row, which matches the agency name and amount."
Japan,2009,Subsidy for the development of the International Space Station,outlier,verify,21981339.0,21574144.0,0.0,"Amount 21,981,339 outside expected range [0 – 0] (IQR × 3.0). Possible current/prior year confusion or unit error.",keep,21981339.0,thousand,"[""2009 DL200911001.pdf""]",129,1.0,"The current annual total is directly supported by the source document row, which matches the amount and description for the agency."
Japan,2012,Subsidy for the development of the International Space Station,outlier,verify,954854.0,0.0,0.0,"Amount 954,854 outside expected range [0 – 0] (IQR × 3.0). Possible current/prior year confusion or unit error.",keep,954854.0,thousand,"[""2012 DL201211001.pdf""]",135,1.0,"The current annual total of 954,854 thousand JPY is directly supported by the source document row, which matches the agency name and amount."
Japan,2017,Subsidy for the development of the International Space Station,outlier,verify,22775591.0,0.0,16342416.0,"Amount 22,775,591 outside expected range [0 – 0] (IQR × 3.0). Possible current/prior year confusion or unit error.",keep,22775591.0,thousand,"[""2017 DL201711001.pdf""]",147,1.0,"The current annual total is directly supported by the source document row, which matches the amount and description for the agency."
Japan,2018,Subsidy for the development of the International Space Station,outlier,verify,16342416.0,22775591.0,0.0,"Amount 16,342,416 outside expected range [0 – 0] (IQR × 3.0). Possible current/prior year confusion or unit error.",keep,16342416.0,thousand,"[""2018 DL201811001.pdf""]",149,1.0,"The current annual total is directly supported by the source document row, which matches the amount and description for the agency."
Japan,2020,Subsidy for the development of the International Space Station,outlier,verify,28443642.0,0.0,0.0,"Amount 28,443,642 outside expected range [0 – 0] (IQR × 3.0). Possible current/prior year confusion or unit error.",keep,28443642.0,thousand,"[""2020 DL202011001.pdf""]",150,1.0,"The current annual total is supported by the source document row, which matches the amount and description for the agency."
Japan,2019,Subsidy for Next Generation Synchrotron Radiation Facility Development,outlier,verify,19962963.0,0.0,0.0,"Amount 19,962,963 outside expected range [0 – 0] (IQR × 3.0). Possible current/prior year confusion or unit error.",keep,19962963.0,thousand,"[""2019 DL201911001.pdf""]",230,1.0,"The current annual total is directly supported by the source document row, which lists the same amount for the specified agency."
Japan,2013,Subsidy for Operation of Specific Advanced Large Research Facilities,outlier,verify,330000.0,0.0,0.0,"Amount 330,000 outside expected range [0 – 0] (IQR × 3.0). Possible current/prior year confusion or unit error.",keep,330000.0,thousand,"[""2013 DL201311001.pdf""]",138,1.0,"The current annual total of 330,000 thousand is directly supported by the source document row, which matches the agency name and amount."
Japan,2018,Subsidy for Operation of Specific Advanced Large Research Facilities,outlier,verify,713000.0,0.0,38446081.0,"Amount 713,000 outside expected range [0 – 0] (IQR × 3.0). Possible current/prior year confusion or unit error.",keep,713000.0,thousand,"[""2018 DL201811001.pdf""]",608,1.0,"The current annual total of 713,000 thousand is directly supported by the source document row, which matches the agency name and amount."
Japan,2019,Subsidy for Operation of Specific Advanced Large Research Facilities,outlier,verify,38446081.0,713000.0,0.0,"Amount 38,446,081 outside expected range [0 – 0] (IQR × 3.0). Possible current/prior year confusion or unit error.",keep,38446081.0,thousand,"[""2019 DL201911001.pdf""]",230,1.0,"The current annual total is supported by the source document row, which matches the reported amount."
Japan,2011,Expenses for Promoting Research and Development in the Manufacturing Industry,outlier,verify,6112283.0,0.0,7746103.0,"Amount 6,112,283 outside expected range [0 – 0] (IQR × 3.0). Possible current/prior year confusion or unit error.",keep,6112283.0,thousand,"[""2011 DL201111001.pdf""]",749,1.0,"The current annual total is directly supported by the source document row, which confirms the amount and its description."
Japan,2012,Expenses for Promoting Research and Development in the Manufacturing Industry,outlier,verify,7746103.0,6112283.0,7746103.0,"Amount 7,746,103 outside expected range [0 – 0] (IQR × 3.0). Possible current/prior year confusion or unit error.",keep,7746103.0,thousand,"[""2012 DL201211001.pdf""]",790,1.0,"The current annual total is directly supported by the source document row, which confirms the amount and its description."
Japan,2013,Expenses for Promoting Research and Development in the Manufacturing Industry,outlier,verify,7746103.0,7746103.0,0.0,"Amount 7,746,103 outside expected range [0 – 0] (IQR × 3.0). Possible current/prior year confusion or unit error.",keep,7746103.0,thousand,"[""2013 DL201311001.pdf""]",749,1.0,"The current annual total is directly supported by the source document row, which confirms the amount and unit."
Japan,2016,Expenses for Promoting Research and Development in the Manufacturing Industry,outlier,verify,17168866.0,0.0,0.0,"Amount 17,168,866 outside expected range [0 – 0] (IQR × 3.0). Possible current/prior year confusion or unit error.",keep,17168866.0,thousand,"[""2016 DL201611001.pdf""]",787,1.0,The current annual total is supported by the source document row which matches the amount and description for the agency.
Japan,2016,Subsidy for Promoting Medical Research and Development,outlier,verify,14985638.0,0.0,14985638.0,"Amount 14,985,638 outside expected range [0 – 0] (IQR × 3.0). Possible current/prior year confusion or unit error.",keep,14985638.0,thousand,"[""2016 DL201611001.pdf""]",794,1.0,"The current annual total is directly supported by the source document row, which confirms the amount for the specified agency."
Japan,2017,Subsidy for Promoting Medical Research and Development,outlier,verify,14985638.0,14985638.0,5080000.0,"Amount 14,985,638 outside expected range [0 – 0] (IQR × 3.0). Possible current/prior year confusion or unit error.",keep,14985638.0,thousand,"[""2017 DL201711001.pdf""]",808,1.0,"The current annual total is directly supported by the source document row, which confirms the amount for the specified agency."
Japan,2018,Subsidy for Promoting Medical Research and Development,outlier,verify,5080000.0,14985638.0,15263701.0,"Amount 5,080,000 outside expected range [0 – 0] (IQR × 3.0). Possible current/prior year confusion or unit error.",keep,5080000.0,thousand,"[""2018 DL201811001.pdf""]",148,1.0,"The current annual total of 5,080,000 thousand is directly supported by the source document row, which explicitly lists this amount for the agency in question."
Japan,2019,Subsidy for Promoting Medical Research and Development,outlier,verify,15263701.0,5080000.0,16262304.0,"Amount 15,263,701 outside expected range [0 – 0] (IQR × 3.0). Possible current/prior year confusion or unit error.",keep,15263701.0,thousand,"[""2019 DL201911001.pdf""]",1131,1.0,"The current annual total is directly supported by the source document row, which lists the same amount for the agency."
Japan,2020,Subsidy for Promoting Medical Research and Development,outlier,verify,16262304.0,15263701.0,16342276.0,"Amount 16,262,304 outside expected range [0 – 0] (IQR × 3.0). Possible current/prior year confusion or unit error.",keep,16262304.0,thousand,"[""2020 DL202011001.pdf""]",837,1.0,"The current annual total of 16,262,304 thousand is directly supported by the source document row, which matches the agency name and amount."
Japan,2021,Subsidy for Promoting Medical Research and Development,outlier,verify,16342276.0,16262304.0,1000000.0,"Amount 16,342,276 outside expected range [0 – 0] (IQR × 3.0). Possible current/prior year confusion or unit error.",keep,16342276.0,thousand,"[""2021 DL202111001.pdf""]",831,1.0,"The current annual total is directly supported by the source document row, which confirms the amount for the specified agency."
Japan,2022,Subsidy for Promoting Medical Research and Development,outlier,verify,1000000.0,16342276.0,0.0,"Amount 1,000,000 outside expected range [0 – 0] (IQR × 3.0). Possible current/prior year confusion or unit error.",keep,1000000.0,thousand,"[""2022 DL202211001.pdf""]",612,1.0,"The current annual total of 1,000,000 thousand is directly supported by the source document row, which describes the subsidy for the agency in question."
Japan,2024,Subsidy for Promoting Medical Research and Development,outlier,verify,51457864.0,0.0,0.0,"Amount 51,457,864 outside expected range [0 – 0] (IQR × 3.0). Possible current/prior year confusion or unit error.",keep,51457864.0,thousand,"[""2024 DL202411001.pdf""]",637,1.0,"The current annual total is directly supported by the source document row, which lists the same amount for the agency in question."
Japan,2019,Expenses for Development of Research Facilities at National University Corporations,outlier,verify,16096266.0,0.0,0.0,"Amount 16,096,266 outside expected range [0 – 0] (IQR × 3.0). Possible current/prior year confusion or unit error.",keep,16096266.0,thousand,"[""2019 DL201911001.pdf""]",858,1.0,The current annual total is supported by the source document row which explicitly states the amount for the development of research facilities at national university corporations.
Japan,2010,Subsidy for Earth Observation System Research and Development,outlier,verify,3263638.0,0.0,9759131.0,"Amount 3,263,638 outside expected range [0 – 0] (IQR × 3.0). Possible current/prior year confusion or unit error.",keep,3263638.0,thousand,"[""2010 DL201011001.pdf""]",128,1.0,"The current annual total is directly supported by the source document row, which confirms the amount for the specified agency."
Japan,2011,Subsidy for Earth Observation System Research and Development,outlier,verify,9759131.0,3263638.0,0.0,"Amount 9,759,131 outside expected range [0 – 0] (IQR × 3.0). Possible current/prior year confusion or unit error.",keep,9759131.0,thousand,"[""2011 DL201111001.pdf""]",135,1.0,"The current annual total is directly supported by the source document row, which lists the same amount for the agency in question."
Japan,2013,Subsidy for Earth Observation System Research and Development,outlier,verify,9505000.0,0.0,0.0,"Amount 9,505,000 outside expected range [0 – 0] (IQR × 3.0). Possible current/prior year confusion or unit error.",keep,9505000.0,thousand,"[""2013 DL201311001.pdf""]",138,1.0,"The current annual total of 9,505,000 thousand JPY is directly supported by the source document row, which lists the same amount for the Subsidy for Earth Observation System Research and Development."
Japan,2015,Subsidy for Earth Observation System Research and Development,outlier,verify,768571.0,0.0,0.0,"Amount 768,571 outside expected range [0 – 0] (IQR × 3.0). Possible current/prior year confusion or unit error.",keep,768571.0,thousand,"[""2015 DL201511001.pdf""]",148,1.0,"The current annual total of 768,571 thousand is directly supported by the source document row, which matches the agency name and amount."
Japan,2017,Subsidy for Earth Observation System Research and Development,outlier,verify,8354634.0,0.0,0.0,"Amount 8,354,634 outside expected range [0 – 0] (IQR × 3.0). Possible current/prior year confusion or unit error.",keep,8354634.0,thousand,"[""2017 DL201711001.pdf""]",587,1.0,"The current annual total is directly supported by the source document row, which lists the same amount for the specified agency."
Japan,2019,Subsidy for Earth Observation System Research and Development,outlier,verify,15312458.0,0.0,0.0,"Amount 15,312,458 outside expected range [0 – 0] (IQR × 3.0). Possible current/prior year confusion or unit error.",keep,15312458.0,thousand,"[""2019 DL201911001.pdf""]",231,1.0,"The current annual total is directly supported by the source document row, which lists the same amount for the specified agency."
Japan,2022,Subsidy for Earth Observation System Research and Development,outlier,verify,1000000.0,0.0,0.0,"Amount 1,000,000 outside expected range [0 – 0] (IQR × 3.0). Possible current/prior year confusion or unit error.",keep,1000000.0,thousand,"[""2022 DL202211001.pdf""]",617,1.0,"The current annual total of 1,000,000 thousand is directly supported by the source document row, which matches the agency name and amount."
Japan,2017,Subsidy for the International Thermonuclear Experimental Reactor research and development,outlier,verify,1656500.0,0.0,0.0,"Amount 1,656,500 outside expected range [0 – 0] (IQR × 3.0). Possible current/prior year confusion or unit error.",keep,1656500.0,thousand,"[""2017 DL201711001.pdf""]",146,1.0,"The current annual total of 1,656,500 thousand JPY is directly supported by the source document row, which matches the agency name and amount."
Japan,2020,Subsidy for the International Thermonuclear Experimental Reactor research and development,outlier,verify,8168000.0,0.0,0.0,"Amount 8,168,000 outside expected range [0 – 0] (IQR × 3.0). Possible current/prior year confusion or unit error.",keep,8168000.0,thousand,"[""2020 DL202011001.pdf""]",150,1.0,"The current annual total of 8,168,000 thousand is directly supported by the source document row, which matches the agency name and amount."
Japan,2022,Subsidy for the International Thermonuclear Experimental Reactor research and development,outlier,verify,5572500.0,0.0,0.0,"Amount 5,572,500 outside expected range [0 – 0] (IQR × 3.0). Possible current/prior year confusion or unit error.",keep,5572500.0,thousand,"[""2022 DL202211001.pdf""]",142,1.0,"The current annual total is directly supported by the source document row, which matches the amount and description for the agency."
Japan,2019,Expenses for Strengthening Human Resources in Science and Technology Innovation,outlier,verify,6849607.0,0.0,6063542.0,"Amount 6,849,607 outside expected range [0 – 0] (IQR × 3.0). Possible current/prior year confusion or unit error.",keep,6849607.0,thousand,"[""2019 DL201911001.pdf""]",857,1.0,"The current annual total is directly supported by the source-document row, which confirms the amount and its description."
Japan,2020,Expenses for Strengthening Human Resources in Science and Technology Innovation,outlier,verify,6063542.0,6849607.0,0.0,"Amount 6,063,542 outside expected range [0 – 0] (IQR × 3.0). Possible current/prior year confusion or unit error.",keep,6063542.0,thousand,"[""2020 DL202011001.pdf""]",597,1.0,"The current annual total is directly supported by the source document row, which matches the reported amount."
Japan,2019,Grants for Promoting International Research Hub Formation,outlier,verify,6746511.0,0.0,0.0,"Amount 6,746,511 outside expected range [0 – 0] (IQR × 3.0). Possible current/prior year confusion or unit error.",keep,6746511.0,thousand,"[""2019 DL201911001.pdf""]",868,1.0,"The current annual total is directly supported by the source document row, which lists the same amount for the agency in question."
Japan,2006,Information and Communication Technology Research and Development Promotion,outlier,verify,1882.0,0.0,0.0,"Amount 1,882 outside expected range [0 – 0] (IQR × 3.0). Possible current/prior year confusion or unit error.",keep,1882.0,thousand,"[""2006 DL200611001.pdf""]",343,1.0,"The current annual total of 1882.0 thousand is directly supported by the source document row, which lists the same amount for the agency in question."
Japan,2014,Information and Communication Technology Research and Development Promotion,outlier,verify,6753192.0,0.0,0.0,"Amount 6,753,192 outside expected range [0 – 0] (IQR × 3.0). Possible current/prior year confusion or unit error.",keep,6753192.0,thousand,"[""2014 DL201411001.pdf""]",539,1.0,"The current annual total is directly supported by the source document row, which lists the same amount for the agency in question."
Japan,2019,Information and Communication Technology Research and Development Promotion,outlier,verify,6307358.0,0.0,0.0,"Amount 6,307,358 outside expected range [0 – 0] (IQR × 3.0). Possible current/prior year confusion or unit error.",keep,6307358.0,thousand,"[""2019 DL201911001.pdf""]",614,1.0,"The current annual total is directly supported by the source document row, which lists the same amount for the agency in question."
Japan,2023,Information and Communication Technology Research and Development Promotion,outlier,verify,8632390.0,0.0,0.0,"Amount 8,632,390 outside expected range [0 – 0] (IQR × 3.0). Possible current/prior year confusion or unit error.",keep,8632390.0,thousand,"[""2023 DL202311001.pdf""]",445,1.0,"The current annual total of 8,632,390 thousand is directly supported by the source document row, which lists the same amount for the agency in question."
Japan,2017,Japan Agency for Medical Research and Development,outlier,verify,5591643.0,0.0,4100000.0,"Amount 5,591,643 outside expected range [0 – 0] (IQR × 3.0). Possible current/prior year confusion or unit error.",keep,5591643.0,thousand,"[""2017 DL201711001.pdf""]",588,1.0,The current annual total is supported by the source document row which lists the same amount for operating expenses grant for AMED.
Japan,2018,Japan Agency for Medical Research and Development,outlier,verify,4100000.0,5591643.0,6139034.0,"Amount 4,100,000 outside expected range [0 – 0] (IQR × 3.0). Possible current/prior year confusion or unit error.",keep,4100000.0,thousand,"[""2018 DL201811001.pdf""]",608,1.0,"The current annual total of 4,100,000 thousand is directly supported by the source document row, which lists the same amount for the Japan Agency for Medical Research and Development."
Japan,2019,Japan Agency for Medical Research and Development,outlier,verify,6139034.0,4100000.0,0.0,"Amount 6,139,034 outside expected range [0 – 0] (IQR × 3.0). Possible current/prior year confusion or unit error.",keep,6139034.0,thousand,"[""2019 DL201911001.pdf""]",860,1.0,"The current annual total of 6,139,034 thousand is directly supported by the source document row, which details operating expenses for the Japan Agency for Medical Research and Development."
Japan,2024,Japan Agency for Medical Research and Development,outlier,verify,6563837.0,0.0,0.0,"Amount 6,563,837 outside expected range [0 – 0] (IQR × 3.0). Possible current/prior year confusion or unit error.",keep,6563837.0,thousand,"[""2024 DL202411001.pdf""]",638,1.0,"The current annual total is directly supported by the source document row, which confirms the amount as an operating subsidy for the agency."
Japan,2005,Subsidy for the facility improvement of the National Research and Development Agency for Quantum Science and Technology,outlier,verify,909664.0,0.0,18066000.0,"Amount 909,664 outside expected range [0 – 0] (IQR × 3.0). Possible current/prior year confusion or unit error.",keep,909664.0,thousand,"[""2005 DL200511001.pdf""]",518,1.0,"The current annual total of 909,664 thousand is supported by the source document row, which describes the subsidy for facility improvement costs of RIKEN, consistent with the agency's purpose."
Japan,2006,Subsidy for the facility improvement of the National Research and Development Agency for Quantum Science and Technology,outlier,verify,18066000.0,909664.0,29880237.0,"Amount 18,066,000 outside expected range [0 – 0] (IQR × 3.0). Possible current/prior year confusion or unit error.",keep,18066000.0,thousand,"[""2006 DL200611001.pdf""]",510,1.0,"The current annual total of 18,066,000 thousand is directly supported by the source document row, which describes the subsidy for facility improvement expenses for JAEA."
Japan,2007,Subsidy for the facility improvement of the National Research and Development Agency for Quantum Science and Technology,outlier,verify,29880237.0,18066000.0,0.0,"Amount 29,880,237 outside expected range [0 – 0] (IQR × 3.0). Possible current/prior year confusion or unit error.",keep,29880237.0,thousand,"[""2007 DL200711001.pdf""]",112,1.0,"The current annual total is supported by the source document row, which lists the same amount for the subsidy program."
Japan,2010,Subsidy for the facility improvement of the National Research and Development Agency for Quantum Science and Technology,outlier,verify,6026265.0,0.0,0.0,"Amount 6,026,265 outside expected range [0 – 0] (IQR × 3.0). Possible current/prior year confusion or unit error.",keep,6026265.0,thousand,"[""2010 DL201011001.pdf""]",128,1.0,"The current annual total of 6,026,265 thousand is directly supported by the source document row, which matches the agency description."
Japan,2012,Subsidy for the facility improvement of the National Research and Development Agency for Quantum Science and Technology,outlier,verify,4274658.0,0.0,861286.0,"Amount 4,274,658 outside expected range [0 – 0] (IQR × 3.0). Possible current/prior year confusion or unit error.",drop,,,"[""2012 DL201211001.pdf""]",593,0.0,"The source document refers to a subsidy for the Japan Aerospace Exploration Agency, not the National Research and Development Agency for Quantum Science and Technology, indicating a potential misattribution or confusion in the agency name."
Japan,2013,Subsidy for the facility improvement of the National Research and Development Agency for Quantum Science and Technology,outlier,verify,861286.0,4274658.0,30125540.0,"Amount 861,286 outside expected range [0 – 0] (IQR × 3.0). Possible current/prior year confusion or unit error.",keep,861286.0,thousand,"[""2013 DL201311001.pdf""]",138,1.0,"The current annual total of 861,286 thousand is directly supported by the source document row, which describes the same subsidy for facility improvement related to the National Research and Development Agency for Quantum Science and Technology."
Japan,2014,Subsidy for the facility improvement of the National Research and Development Agency for Quantum Science and Technology,outlier,verify,30125540.0,861286.0,33736355.0,"Amount 30,125,540 outside expected range [0 – 0] (IQR × 3.0). Possible current/prior year confusion or unit error.",keep,30125540.0,thousand,"[""2014 DL201411001.pdf""]",213,1.0,"The current annual total of 30,125,540 thousand is directly supported by the source document row, which matches the agency description."
Japan,2015,Subsidy for the facility improvement of the National Research and Development Agency for Quantum Science and Technology,outlier,verify,33736355.0,30125540.0,0.0,"Amount 33,736,355 outside expected range [0 – 0] (IQR × 3.0). Possible current/prior year confusion or unit error.",keep,33736355.0,thousand,"[""2015 DL201511001.pdf""]",146,1.0,The current annual total is supported by the source document row which matches the amount and unit.
Japan,2017,Subsidy for the facility improvement of the National Research and Development Agency for Quantum Science and Technology,outlier,verify,29177642.0,0.0,0.0,"Amount 29,177,642 outside expected range [0 – 0] (IQR × 3.0). Possible current/prior year confusion or unit error.",keep,29177642.0,thousand,"[""2017 DL201711001.pdf""]",145,1.0,The current annual total is supported by the source document row which matches the amount and unit.
Japan,2020,Subsidy for the facility improvement of the National Research and Development Agency for Quantum Science and Technology,outlier,verify,38407600.0,0.0,0.0,"Amount 38,407,600 outside expected range [0 – 0] (IQR × 3.0). Possible current/prior year confusion or unit error.",keep,38407600.0,thousand,"[""2020 DL202011001.pdf""]",149,1.0,The current annual total is supported by the source document row which lists the same amount for the subsidy related to facility improvement.
Japan,2022,Subsidy for the facility improvement of the National Research and Development Agency for Quantum Science and Technology,outlier,verify,12349274.0,0.0,0.0,"Amount 12,349,274 outside expected range [0 – 0] (IQR × 3.0). Possible current/prior year confusion or unit error.",keep,12349274.0,thousand,"[""2022 DL202211001.pdf""]",142,1.0,"The current annual total is supported by the source document row, which matches the amount and unit."
Japan,2024,Subsidy for the facility improvement of the National Research and Development Agency for Quantum Science and Technology,outlier,verify,38371.0,0.0,0.0,"Amount 38,371 outside expected range [0 – 0] (IQR × 3.0). Possible current/prior year confusion or unit error.",drop,,,"[""2024 DL202411001.pdf""]",743,0.0,"The current annual total of 38,371 thousand JPY is inconsistent with the previous and next year's totals, which are both 0.0. The source document refers to a different agency (National Institute of Biomedical Innovation, Health and Nutrition) and does not support the current total for the specified agency."
Japan,2019,Subsidy for Facility Development of Quantum Science and Technology Development Agency,outlier,verify,5619176.0,0.0,0.0,"Amount 5,619,176 outside expected range [0 – 0] (IQR × 3.0). Possible current/prior year confusion or unit error.",keep,5619176.0,thousand,"[""2019 DL201911001.pdf""]",234,1.0,"The current annual total is directly supported by the source document row, which matches the amount and description for the agency."
Japan,2017,Research and Development and Technology Transfer in Agriculture and Fisheries,outlier,verify,932829.0,0.0,0.0,"Amount 932,829 outside expected range [0 – 0] (IQR × 3.0). Possible current/prior year confusion or unit error.",keep,932829.0,thousand,"[""2017 DL201711001.pdf""]",742,1.0,"The current annual total of 932,829 thousand is directly supported by the source document row, which describes the promotion of research and development in the relevant agency."
Japan,2019,Research and Development and Technology Transfer in Agriculture and Fisheries,outlier,verify,5460084.0,0.0,0.0,"Amount 5,460,084 outside expected range [0 – 0] (IQR × 3.0). Possible current/prior year confusion or unit error.",keep,5460084.0,thousand,"[""2019 DL201911001.pdf""]",1045,1.0,"The current annual total is directly supported by the source document row, which lists the same amount for the agency in question."
Japan,2019,Grants for Promoting Research Universities,outlier,verify,4223000.0,0.0,0.0,"Amount 4,223,000 outside expected range [0 – 0] (IQR × 3.0). Possible current/prior year confusion or unit error.",keep,4223000.0,thousand,"[""2019 DL201911001.pdf""]",868,1.0,"The current annual total of 4,223,000 thousand is directly supported by the source document row, which lists the same amount for the Grants for Promoting Research Universities."
Japan,2017,Subsidy for the Promotion of Core Rocket Enhancement,outlier,verify,440000.0,0.0,1000000.0,"Amount 440,000 outside expected range [0 – 0] (IQR × 3.0). Possible current/prior year confusion or unit error.",keep,440000.0,thousand,"[""2017 DL201711001.pdf""]",147,1.0,"The current annual total of 440,000 thousand is directly supported by the source document row, which matches the agency name and amount."
Japan,2018,Subsidy for the Promotion of Core Rocket Enhancement,outlier,verify,1000000.0,440000.0,0.0,"Amount 1,000,000 outside expected range [0 – 0] (IQR × 3.0). Possible current/prior year confusion or unit error.",keep,1000000.0,thousand,"[""2018 DL201811001.pdf""]",149,1.0,"The current annual total of 1,000,000 thousand is directly supported by the source document row, which explicitly lists the same amount for the subsidy."
Japan,2020,Subsidy for the Promotion of Core Rocket Enhancement,outlier,verify,3864696.0,0.0,0.0,"Amount 3,864,696 outside expected range [0 – 0] (IQR × 3.0). Possible current/prior year confusion or unit error.",keep,3864696.0,thousand,"[""2020 DL202011001.pdf""]",151,1.0,"The current annual total is supported by the source document row, which confirms the amount and unit."
Japan,2022,Subsidy for the Promotion of Core Rocket Enhancement,outlier,verify,815000.0,0.0,400000.0,"Amount 815,000 outside expected range [0 – 0] (IQR × 3.0). Possible current/prior year confusion or unit error.",keep,815000.0,thousand,"[""2022 DL202211001.pdf""]",144,1.0,"The current annual total of 815,000 thousand is directly supported by the source document row, which matches the agency name and amount."
Japan,2023,Subsidy for the Promotion of Core Rocket Enhancement,outlier,verify,400000.0,815000.0,0.0,"Amount 400,000 outside expected range [0 – 0] (IQR × 3.0). Possible current/prior year confusion or unit error.",keep,400000.0,thousand,"[""2023 DL202311001.pdf""]",645,1.0,"The current annual total of 400,000 thousand is supported by the source document row which explicitly lists this amount for the agency in question."
Japan,2011,Subsidy for International Thermonuclear Experimental Reactor Research and Development,outlier,verify,5199188.0,0.0,0.0,"Amount 5,199,188 outside expected range [0 – 0] (IQR × 3.0). Possible current/prior year confusion or unit error.",keep,5199188.0,thousand,"[""2011 DL201111001.pdf""]",135,1.0,"The current annual total is directly supported by the source document row, which lists the same amount for the specified agency."
Japan,2013,Subsidy for International Thermonuclear Experimental Reactor Research and Development,outlier,verify,38639180.0,0.0,6206141.0,"Amount 38,639,180 outside expected range [0 – 0] (IQR × 3.0). Possible current/prior year confusion or unit error.",keep,38639180.0,thousand,"[""2013 DL201311001.pdf""]",138,1.0,"The current annual total is directly supported by the source document row, which lists the same amount for the specified agency."
Japan,2014,Subsidy for International Thermonuclear Experimental Reactor Research and Development,outlier,verify,6206141.0,38639180.0,5592840.0,"Amount 6,206,141 outside expected range [0 – 0] (IQR × 3.0). Possible current/prior year confusion or unit error.",keep,6206141.0,thousand,"[""2014 DL201411001.pdf""]",213,1.0,"The current annual total of 6,206,141 thousand JPY is directly supported by the source document row, which matches the agency name and amount."
Japan,2015,Subsidy for International Thermonuclear Experimental Reactor Research and Development,outlier,verify,5592840.0,6206141.0,0.0,"Amount 5,592,840 outside expected range [0 – 0] (IQR × 3.0). Possible current/prior year confusion or unit error.",keep,5592840.0,thousand,"[""2015 DL201511001.pdf""]",147,1.0,"The current annual total is directly supported by the source document row, which lists the same amount for the specified agency."
Japan,2017,Subsidy for International Thermonuclear Experimental Reactor Research and Development,outlier,verify,11598429.0,0.0,345800.0,"Amount 11,598,429 outside expected range [0 – 0] (IQR × 3.0). Possible current/prior year confusion or unit error.",keep,11598429.0,thousand,"[""2017 DL201711001.pdf""]",587,1.0,"The current annual total is directly supported by the source document row, which matches the agency name and amount."
Japan,2018,Subsidy for International Thermonuclear Experimental Reactor Research and Development,outlier,verify,345800.0,11598429.0,1932900.0,"Amount 345,800 outside expected range [0 – 0] (IQR × 3.0). Possible current/prior year confusion or unit error.",keep,345800.0,thousand,"[""2018 DL201811001.pdf""]",609,1.0,"The current annual total of 345,800 thousand is directly supported by the source document row, which matches the agency name and amount."
Japan,2019,Subsidy for International Thermonuclear Experimental Reactor Research and Development,outlier,verify,1932900.0,345800.0,8133000.0,"Amount 1,932,900 outside expected range [0 – 0] (IQR × 3.0). Possible current/prior year confusion or unit error.",keep,1932900.0,thousand,"[""2019 DL201911001.pdf""]",231,1.0,"The current annual total of 1,932,900 thousand is directly supported by the source document row, which matches the agency name and amount."
Japan,2020,Subsidy for International Thermonuclear Experimental Reactor Research and Development,outlier,verify,8133000.0,1932900.0,0.0,"Amount 8,133,000 outside expected range [0 – 0] (IQR × 3.0). Possible current/prior year confusion or unit error.",keep,8133000.0,thousand,"[""2020 DL202011001.pdf""]",635,1.0,"The current annual total of 8,133,000 thousand JPY is directly supported by the source document row, which matches the agency name and amount."
Japan,2022,Subsidy for International Thermonuclear Experimental Reactor Research and Development,outlier,verify,5572500.0,0.0,0.0,"Amount 5,572,500 outside expected range [0 – 0] (IQR × 3.0). Possible current/prior year confusion or unit error.",keep,5572500.0,thousand,"[""2022 DL202211001.pdf""]",617,1.0,"The current annual total is directly supported by the source document row, which lists the same amount for the specified agency."
Japan,1977,Expenses for Promoting Research at Private Universities,outlier,verify,1650298.0,0.0,0.0,"Amount 1,650,298 outside expected range [0 – 0] (IQR × 3.0). Possible current/prior year confusion or unit error.",keep,1650298.0,thousand,"[""1977 DL197711001.pdf""]",41,1.0,"The current annual total is directly supported by the source document row, which lists the same amount for Marine Development Research Promotion Expenses."
Japan,1980,Expenses for Promoting Research at Private Universities,outlier,verify,4738576.0,0.0,0.0,"Amount 4,738,576 outside expected range [0 – 0] (IQR × 3.0). Possible current/prior year confusion or unit error.",keep,4738576.0,thousand,"[""1980 DL198011001.pdf""]",44,1.0,The current annual total is supported by the source document row which lists the same amount for Marine Development Research Promotion Expenses.
Japan,1983,Expenses for Promoting Research at Private Universities,outlier,verify,6150000.0,0.0,0.0,"Amount 6,150,000 outside expected range [0 – 0] (IQR × 3.0). Possible current/prior year confusion or unit error.",keep,6150000.0,thousand,"[""1983 DL198311001.pdf""]",45,1.0,"The current annual total of 6,150,000 thousand is directly supported by the source document row, which lists the same amount for Marine Development Research Promotion Expenses."
Japan,1991,Expenses for Promoting Research at Private Universities,outlier,verify,522570.0,0.0,589827.0,"Amount 522,570 outside expected range [0 – 0] (IQR × 3.0). Possible current/prior year confusion or unit error.",keep,522570.0,thousand,"[""1991 DL199111001.pdf""]",250,1.0,"The current annual total of 522,570 thousand is directly supported by the source document row, which specifies the same amount for expenses related to research in earth science technology."
Japan,1992,Expenses for Promoting Research at Private Universities,outlier,verify,589827.0,522570.0,0.0,"Amount 589,827 outside expected range [0 – 0] (IQR × 3.0). Possible current/prior year confusion or unit error.",keep,589827.0,thousand,"[""1992 DL199211001.pdf""]",256,1.0,"The current annual total of 589,827 thousand is directly supported by the source document row, which lists the same amount for expenses related to research."
Japan,2010,Expenses for Promoting Research at Private Universities,outlier,verify,538010597.0,0.0,0.0,"Amount 538,010,597 outside expected range [0 – 0] (IQR × 3.0). Possible current/prior year confusion or unit error.",keep,538010597.0,thousand,"[""2010 DL201011001.pdf""]",517,1.0,"The current annual total is directly supported by the source document row, which confirms the amount and its description."
Japan,2013,Expenses for Promoting Research at Private Universities,outlier,verify,245172990.0,0.0,0.0,"Amount 245,172,990 outside expected range [0 – 0] (IQR × 3.0). Possible current/prior year confusion or unit error.",keep,245172990.0,thousand,"[""2013 DL201311001.pdf""]",530.0,1.0,"The current annual total is directly supported by the source document row, which confirms the amount and its description."
Japan,2016,Expenses for Promoting Research at Private Universities,outlier,verify,233275923.0,0.0,0.0,"Amount 233,275,923 outside expected range [0 – 0] (IQR × 3.0). Possible current/prior year confusion or unit error.",keep,233275923.0,thousand,"[""2016 DL201611001.pdf""]",565,1.0,"The current annual total is directly supported by the source document row, which confirms the amount and its description."
Japan,2018,Expenses for Promoting Research at Private Universities,outlier,verify,141668000.0,0.0,3000000.0,"Amount 141,668,000 outside expected range [0 – 0] (IQR × 3.0). Possible current/prior year confusion or unit error.",keep,141668000.0,thousand,"[""2018 DL201811001.pdf""]",583,1.0,The current annual total is supported by the source document row which lists the same amount for grants related to scientific research.
Japan,2019,Expenses for Promoting Research at Private Universities,outlier,verify,3000000.0,141668000.0,0.0,"Amount 3,000,000 outside expected range [0 – 0] (IQR × 3.0). Possible current/prior year confusion or unit error.",keep,3000000.0,thousand,"[""2019 DL201911001.pdf""]",856,1.0,"The current annual total of 3,000,000 thousand is directly supported by the source document row, which describes expenses for promoting research at private universities."
Japan,2021,Expenses for Promoting Research at Private Universities,outlier,verify,247737711.0,0.0,10339522.0,"Amount 247,737,711 outside expected range [0 – 0] (IQR × 3.0). Possible current/prior year confusion or unit error.",keep,247737711.0,thousand,"[""2021 DL202111001.pdf""]",594.0,1.0,"The current annual total is supported by the source document row, which matches the amount and description for the agency."
Japan,2022,Expenses for Promoting Research at Private Universities,outlier,verify,10339522.0,247737711.0,0.0,"Amount 10,339,522 outside expected range [0 – 0] (IQR × 3.0). Possible current/prior year confusion or unit error.",keep,10339522.0,thousand,"[""2022 DL202211001.pdf""]",577,1.0,"The current annual total is directly supported by the source document row, which specifies the same amount for the program total related to the agency."
Japan,2020,Subsidy for Research Promotion in Private Universities,outlier,verify,3000000.0,0.0,0.0,"Amount 3,000,000 outside expected range [0 – 0] (IQR × 3.0). Possible current/prior year confusion or unit error.",keep,3000000.0,thousand,"[""2020 DL202011001.pdf""]",607,1.0,"The current annual total of 3,000,000 thousand is directly supported by the source document row, which lists the same amount for the Subsidy for Research Promotion in Private Universities."
Japan,2017,Subsidy for Core Rocket Advancement,outlier,verify,440000.0,0.0,100000.0,"Amount 440,000 outside expected range [0 – 0] (IQR × 3.0). Possible current/prior year confusion or unit error.",keep,440000.0,thousand,"[""2017 DL201711001.pdf""]",615,1.0,"The current annual total of 440,000 thousand is directly supported by the source document row, which lists the same amount for the Subsidy for Core Rocket Advancement."
Japan,2018,Subsidy for Core Rocket Advancement,outlier,verify,100000.0,440000.0,0.0,"Amount 100,000 outside expected range [0 – 0] (IQR × 3.0). Possible current/prior year confusion or unit error.",keep,100000.0,thousand,"[""2018 DL201811001.pdf""]",610.0,1.0,"The current annual total of 100,000 thousand is directly supported by the source document row, which lists the same amount for the Subsidy for Core Rocket Advancement."
Japan,2020,Subsidy for Core Rocket Advancement,outlier,verify,2977317.0,0.0,0.0,"Amount 2,977,317 outside expected range [0 – 0] (IQR × 3.0). Possible current/prior year confusion or unit error.",keep,2977317.0,thousand,"[""2020 DL202011001.pdf""]",636,1.0,The current annual total is supported by the source document row which confirms the amount for the Subsidy for Core Rocket Advancement.
Japan,2018,Subsidy for Promoting Medical Research and Development for Small and Medium Enterprises,outlier,verify,190000.0,0.0,0.0,"Amount 190,000 outside expected range [0 – 0] (IQR × 3.0). Possible current/prior year confusion or unit error.",keep,190000.0,thousand,"[""2018 DL201811001.pdf""]",819,1.0,"The current annual total of 190,000 thousand is directly supported by the source document row, which matches the agency name and amount."
Japan,2020,Subsidy for Promoting Medical Research and Development for Small and Medium Enterprises,outlier,verify,2140000.0,0.0,0.0,"Amount 2,140,000 outside expected range [0 – 0] (IQR × 3.0). Possible current/prior year confusion or unit error.",keep,2140000.0,thousand,"[""2020 DL202011001.pdf""]",837,1.0,"The current annual total of 2,140,000 thousand JPY is directly supported by the source document row, which matches the agency name and amount."
Japan,1994,Technical Research and Development Survey Expenses,outlier,verify,153422.0,0.0,0.0,"Amount 153,422 outside expected range [0 – 0] (IQR × 3.0). Possible current/prior year confusion or unit error.",keep,153422.0,thousand,"[""1994 DL199411001.pdf""]",799,1.0,"The current annual total of 153,422 thousand is directly supported by the source document row, which lists the same amount for the relevant agency."
Japan,1997,Technical Research and Development Survey Expenses,outlier,verify,1343491.0,0.0,0.0,"Amount 1,343,491 outside expected range [0 – 0] (IQR × 3.0). Possible current/prior year confusion or unit error.",keep,1343491.0,thousand,"[""1997 DL199711001.pdf""]",817,1.0,The current annual total is supported by the source document row which lists the same amount for Research and Development Survey Expenses for Telecommunications Technology.
Japan,1999,Technical Research and Development Survey Expenses,outlier,verify,11877.0,0.0,0.0,"Amount 11,877 outside expected range [0 – 0] (IQR × 3.0). Possible current/prior year confusion or unit error.",keep,11877.0,thousand,"[""1999 DL199911001.pdf""]",858,1.0,"The current annual total of 11,877 thousand is directly supported by the source document row, which lists the same amount for the Technical Research and Development Survey Expenses."
Japan,2006,Technical Research and Development Survey Expenses,outlier,verify,7388375.0,0.0,0.0,"Amount 7,388,375 outside expected range [0 – 0] (IQR × 3.0). Possible current/prior year confusion or unit error.",keep,7388375.0,thousand,"[""2006 DL200611001.pdf""]",343,1.0,"The current annual total of 7,388,375 thousand is directly supported by the source document row, which matches the amount and unit."
Japan,2014,Technical Research and Development Survey Expenses,outlier,verify,491705.0,0.0,0.0,"Amount 491,705 outside expected range [0 – 0] (IQR × 3.0). Possible current/prior year confusion or unit error.",keep,491705.0,thousand,"[""2014 DL201411001.pdf""]",1085,1.0,"The current annual total of 491,705 thousand is directly supported by the source document row, which lists the same amount for the Technology Research and Development Survey."
Japan,2017,Technical Research and Development Survey Expenses,outlier,verify,387382.0,0.0,89738.0,"Amount 387,382 outside expected range [0 – 0] (IQR × 3.0). Possible current/prior year confusion or unit error.",keep,387382.0,thousand,"[""2017 DL201711001.pdf""]",878,1.0,"The current annual total of 387,382 thousand is directly supported by the source document row, which lists the same amount for Technology Research and Development Survey Expenses."
Japan,2018,Technical Research and Development Survey Expenses,outlier,verify,89738.0,387382.0,2033029.0,"Amount 89,738 outside expected range [0 – 0] (IQR × 3.0). Possible current/prior year confusion or unit error.",keep,89738.0,thousand,"[""2018 DL201811001.pdf""]",883,1.0,"The current annual total of 89,738 thousand is directly supported by the source document row, which confirms the amount for the Technical Research and Development Survey Expenses."
Japan,2019,Technical Research and Development Survey Expenses,outlier,verify,2033029.0,89738.0,2051908.0,"Amount 2,033,029 outside expected range [0 – 0] (IQR × 3.0). Possible current/prior year confusion or unit error.",keep,2033029.0,thousand,"[""2019 DL201911001.pdf""]",1210,1.0,"The current annual total of 2,033,029 thousand is directly supported by the source document row, which lists the same amount for Technology Research and Development Survey Expenses."
Japan,2020,Technical Research and Development Survey Expenses,outlier,verify,2051908.0,2033029.0,1772944.0,"Amount 2,051,908 outside expected range [0 – 0] (IQR × 3.0). Possible current/prior year confusion or unit error.",keep,2051908.0,thousand,"[""2020 DL202011001.pdf""]",910,1.0,"The current annual total of 2,051,908 thousand is directly supported by the source document row, which explicitly lists this amount for the Technical Research and Development Survey Expenses."
Japan,2021,Technical Research and Development Survey Expenses,outlier,verify,1772944.0,2051908.0,1604521.0,"Amount 1,772,944 outside expected range [0 – 0] (IQR × 3.0). Possible current/prior year confusion or unit error.",keep,1772944.0,thousand,"[""2021 DL202111001.pdf""]",902,1.0,"The current annual total of 1,772,944 thousand is directly supported by the source document row, which confirms the amount and its description."
Japan,2022,Technical Research and Development Survey Expenses,outlier,verify,1604521.0,1772944.0,0.0,"Amount 1,604,521 outside expected range [0 – 0] (IQR × 3.0). Possible current/prior year confusion or unit error.",keep,1604521.0,thousand,"[""2022 DL202211001.pdf""]",875,1.0,"The current annual total of 1,604,521 thousand is directly supported by the source document row, which confirms the amount for the Technical Research and Development Survey Expenses."
Japan,2018,National Institute of Infectious Diseases Research Fund,outlier,verify,275700.0,0.0,1970164.0,"Amount 275,700 outside expected range [0 – 0] (IQR × 3.0). Possible current/prior year confusion or unit error.",keep,275700.0,thousand,"[""2018 DL201811001.pdf""]",666,1.0,"The current annual total of 275,700 thousand JPY is directly supported by the source document row, which describes a subsidy for safety measures around the National Institute of Infectious Diseases."
Japan,2019,National Institute of Infectious Diseases Research Fund,outlier,verify,1970164.0,275700.0,0.0,"Amount 1,970,164 outside expected range [0 – 0] (IQR × 3.0). Possible current/prior year confusion or unit error.",correct,275700.0,thousand,"[""2019 DL201911001.pdf""]",966,0.9,"The current total of 1,970,164 thousand JPY is inconsistent with the previous year's total of 275,700 thousand JPY and the next year's total of 0. The only source document row indicates the same amount as the current total, but it is likely a misclassification or error, as the context suggests a much lower expected amount."
Japan,2009,Promotion of Technological Innovation and Environmental Improvement,outlier,verify,7308188.0,0.0,0.0,"Amount 7,308,188 outside expected range [0 – 0] (IQR × 3.0). Possible current/prior year confusion or unit error.",keep,7308188.0,thousand,"[""2009 DL200911001.pdf""]",75,1.0,"The current annual total is directly supported by the source document row, which lists the same amount for the relevant program."
Japan,2015,Promotion of Technological Innovation and Environmental Improvement,outlier,verify,2208656.0,0.0,700000.0,"Amount 2,208,656 outside expected range [0 – 0] (IQR × 3.0). Possible current/prior year confusion or unit error.",keep,2208656.0,thousand,"[""2015 DL201511001.pdf""]",77,1.0,"The current annual total of 2,208,656 thousand JPY is directly supported by the source document row, which matches the agency name and amount."
Japan,2016,Promotion of Technological Innovation and Environmental Improvement,outlier,verify,700000.0,2208656.0,0.0,"Amount 700,000 outside expected range [0 – 0] (IQR × 3.0). Possible current/prior year confusion or unit error.",keep,700000.0,thousand,"[""2016 DL201611001.pdf""]",793,1.0,"The current annual total of 700,000 thousand is supported by the source document row, which specifies the amount as commissioned expenses for industrial technology research and development."
Japan,2018,Promotion of Technological Innovation and Environmental Improvement,outlier,verify,868588.0,0.0,1809748.0,"Amount 868,588 outside expected range [0 – 0] (IQR × 3.0). Possible current/prior year confusion or unit error.",keep,868588.0,thousand,"[""2018 DL201811001.pdf""]",76,1.0,"The current annual total of 868,588 thousand is directly supported by the source document row, which describes the same expenses for the agency."
Japan,2019,Promotion of Technological Innovation and Environmental Improvement,outlier,verify,1809748.0,868588.0,0.0,"Amount 1,809,748 outside expected range [0 – 0] (IQR × 3.0). Possible current/prior year confusion or unit error.",keep,1809748.0,thousand,"[""2019 DL201911001.pdf""]",78,1.0,"The current annual total is directly supported by the source document row, which lists the same amount for the specified agency."
Japan,2021,Promotion of Technological Innovation and Environmental Improvement,outlier,verify,2389621.0,0.0,0.0,"Amount 2,389,621 outside expected range [0 – 0] (IQR × 3.0). Possible current/prior year confusion or unit error.",keep,2389621.0,thousand,"[""2021 DL202111001.pdf""]",78,1.0,The current annual total is supported by the source document row which lists the same amount for technology innovation promotion and environmental improvement expenses.
Japan,2018,Research and Development of Industrial Technology for Small and Medium Enterprises,outlier,verify,5000000.0,0.0,0.0,"Amount 5,000,000 outside expected range [0 – 0] (IQR × 3.0). Possible current/prior year confusion or unit error.",keep,5000000.0,thousand,"[""2018 DL201811001.pdf""]",819,1.0,"The current annual total of 5,000,000 thousand is directly supported by the source document row, which describes a subsidy for promoting medical R&D for SMEs."
Japan,2019,Subsidy for Facility Construction of Quantum Science and Technology Research Development Agency,outlier,verify,1321472.0,0.0,0.0,"Amount 1,321,472 outside expected range [0 – 0] (IQR × 3.0). Possible current/prior year confusion or unit error.",keep,1321472.0,thousand,"[""2019 DL201911001.pdf""]",901,1.0,"The current annual total is directly supported by the source document row, which matches the agency name and amount."
Japan,1977,Industrial Technology Research and Development Promotion Expenses,outlier,verify,14207152.0,0.0,13780611.0,"Amount 14,207,152 outside expected range [-2,705,799 – 3,607,732] (IQR × 3.0). Possible current/prior year confusion or unit error.",keep,14207152.0,thousand,"[""1977 DL197711001.pdf""]",55,1.0,"The current annual total is directly supported by the source document row, which lists the same amount for the Industrial Technology Research and Development Promotion Expenses."
Japan,1978,Industrial Technology Research and Development Promotion Expenses,outlier,verify,13780611.0,14207152.0,0.0,"Amount 13,780,611 outside expected range [-2,705,799 – 3,607,732] (IQR × 3.0). Possible current/prior year confusion or unit error.",keep,13780611.0,thousand,"[""1978 DL197811001.pdf""]",688,1.0,"The current annual total is directly supported by the source document row, which lists the same amount for the Industrial Technology Research and Development Promotion Expenses."
Japan,1983,Industrial Technology Research and Development Promotion Expenses,outlier,verify,10561230.0,0.0,10561230.0,"Amount 10,561,230 outside expected range [-2,705,799 – 3,607,732] (IQR × 3.0). Possible current/prior year confusion or unit error.",keep,10561230.0,thousand,"[""1983 DL198311001.pdf""]",50,1.0,"The current annual total is directly supported by the source document row, which lists the same amount for the Industrial Technology Research and Development Promotion Expenses."
Japan,1984,Industrial Technology Research and Development Promotion Expenses,outlier,verify,10561230.0,10561230.0,0.0,"Amount 10,561,230 outside expected range [-2,705,799 – 3,607,732] (IQR × 3.0). Possible current/prior year confusion or unit error.",keep,10561230.0,thousand,"[""1984 DL198411001.pdf""]",709,1.0,"The current annual total is supported by the source document row which confirms the amount of 10,561,230 thousand JPY for the Industrial Technology Research and Development Promotion Expenses."
Japan,2010,Industrial Technology Research and Development Promotion Expenses,outlier,verify,11631229.0,0.0,4301725.0,"Amount 11,631,229 outside expected range [-2,705,799 – 3,607,732] (IQR × 3.0). Possible current/prior year confusion or unit error.",keep,11631229.0,thousand,"[""2010 DL201011001.pdf""]",734,1.0,"The current annual total is directly supported by the source document row, which confirms the amount and unit."
Japan,2011,Industrial Technology Research and Development Promotion Expenses,outlier,verify,4301725.0,11631229.0,4254172.0,"Amount 4,301,725 outside expected range [-2,705,799 – 3,607,732] (IQR × 3.0). Possible current/prior year confusion or unit error.",keep,4301725.0,thousand,"[""2011 DL201111001.pdf""]",746,1.0,"The current annual total is supported by the source document row, which confirms the amount and unit."
Japan,2012,Industrial Technology Research and Development Promotion Expenses,outlier,verify,4254172.0,4301725.0,4254172.0,"Amount 4,254,172 outside expected range [-2,705,799 – 3,607,732] (IQR × 3.0). Possible current/prior year confusion or unit error.",keep,4254172.0,thousand,"[""2012 DL201211001.pdf""]",788,1.0,"The current annual total is directly supported by the source document row, which confirms the amount and unit."
Japan,2013,Industrial Technology Research and Development Promotion Expenses,outlier,verify,4254172.0,4254172.0,3347647.0,"Amount 4,254,172 outside expected range [-2,705,799 – 3,607,732] (IQR × 3.0). Possible current/prior year confusion or unit error.",keep,4254172.0,thousand,"[""2013 DL201311001.pdf""]",746,1.0,"The current annual total is directly supported by the source document row, which confirms the amount as program total for the agency."
Japan,2019,Science and Technology and Innovation Policy Expenses,outlier,verify,1133586.0,0.0,0.0,"Amount 1,133,586 outside expected range [0 – 0] (IQR × 3.0). Possible current/prior year confusion or unit error.",keep,1133586.0,thousand,"[""2019 DL201911001.pdf""]",61,1.0,"The current annual total of 1,133,586 thousand JPY is directly supported by the source document row, which lists the same amount for the Science and Technology and Innovation Policy Expenses."
Japan,2017,Expenses for Promoting Science for Science and Technology Innovation Policy,outlier,verify,464050.0,0.0,0.0,"Amount 464,050 outside expected range [0 – 0] (IQR × 3.0). Possible current/prior year confusion or unit error.",keep,464050.0,thousand,"[""2017 DL201711001.pdf""]",320,1.0,"The current annual total of 464,050 thousand is directly supported by the source document row, which lists the same amount for the Science and Technology Innovation Policy Expenses."
Japan,2019,Expenses for Promoting Science for Science and Technology Innovation Policy,outlier,verify,1150000.0,0.0,1044587.0,"Amount 1,150,000 outside expected range [0 – 0] (IQR × 3.0). Possible current/prior year confusion or unit error.",keep,1150000.0,thousand,"[""2019 DL201911001.pdf""]",485,1.0,"The current annual total of 1,150,000 thousand JPY is directly supported by the source document row, which lists the same amount for the Science and Technology Innovation Policy Expenses."
Japan,2020,Expenses for Promoting Science for Science and Technology Innovation Policy,outlier,verify,1044587.0,1150000.0,0.0,"Amount 1,044,587 outside expected range [0 – 0] (IQR × 3.0). Possible current/prior year confusion or unit error.",keep,1044587.0,thousand,"[""2020 DL202011001.pdf""]",596,1.0,"The current annual total of 1,044,587 thousand is directly supported by the source document row, which matches the agency name and amount."
Japan,2017,National Institute of Health Sciences,outlier,verify,2871533.0,0.0,0.0,"Amount 2,871,533 outside expected range [0 – 0] (IQR × 3.0). Possible current/prior year confusion or unit error.",keep,2871533.0,thousand,"[""2017 DL201711001.pdf""]",677,1.0,"The current annual total of 2,871,533 thousand is directly supported by the source document row, which states the same amount for expenses necessary for the research and testing at the National Institute of Health Sciences."
Japan,2019,National Institute of Health Sciences,outlier,verify,995875.0,0.0,0.0,"Amount 995,875 outside expected range [0 – 0] (IQR × 3.0). Possible current/prior year confusion or unit error.",keep,995875.0,thousand,"[""2019 DL201911001.pdf""]",966,1.0,"The current annual total of 995,875 thousand JPY is directly supported by the source document row, which specifies this amount for the National Institute of Health Sciences' testing and research expenses."
Japan,2021,National Institute of Health Sciences,outlier,verify,5955345.0,0.0,0.0,"Amount 5,955,345 outside expected range [0 – 0] (IQR × 3.0). Possible current/prior year confusion or unit error.",keep,5955345.0,thousand,"[""2021 DL202111001.pdf""]",608,1.0,"The current annual total of 5,955,345 thousand is directly supported by the source document row, which lists the same amount for the National Institute of Health Sciences."
Japan,2019,Grants for Next-Generation Synchrotron Radiation Facility Development,outlier,verify,952279.0,0.0,0.0,"Amount 952,279 outside expected range [0 – 0] (IQR × 3.0). Possible current/prior year confusion or unit error.",keep,952279.0,thousand,"[""2019 DL201911001.pdf""]",868,1.0,"The current annual total of 952,279 thousand is directly supported by the source document row, which matches the agency name and amount."
Japan,2019,Subsidy for Practical Application Development of Industrial Technology,outlier,verify,900000.0,0.0,400000.0,"Amount 900,000 outside expected range [0 – 0] (IQR × 3.0). Possible current/prior year confusion or unit error.",keep,900000.0,thousand,"[""2019 DL201911001.pdf""]",1130.0,1.0,"The current annual total of 900,000 thousand is directly supported by the source document row, which confirms the amount and its description."
Japan,2020,Subsidy for Practical Application Development of Industrial Technology,outlier,verify,400000.0,900000.0,0.0,"Amount 400,000 outside expected range [0 – 0] (IQR × 3.0). Possible current/prior year confusion or unit error.",keep,400000.0,thousand,"[""2020 DL202011001.pdf""]",836,1.0,"The current annual total of 400,000 thousand is directly supported by the source document row, which confirms the amount and its description."
Japan,2022,Subsidy for Practical Application Development of Industrial Technology,outlier,verify,480000.0,0.0,0.0,"Amount 480,000 outside expected range [0 – 0] (IQR × 3.0). Possible current/prior year confusion or unit error.",keep,480000.0,thousand,"[""2022 DL202211001.pdf""]",809,1.0,"The current annual total of 480,000 thousand is directly supported by the source document row, which describes the same subsidy for practical application development of industrial technology."
Japan,1985,Promotion of Technology Research and Development Expenses,outlier,verify,684000000.0,10561230.0,5275426.0,"Amount 684,000,000 outside expected range [-13,836,414 – 18,448,552] (IQR × 3.0). Possible current/prior year confusion or unit error.",correct,4285897.0,thousand,"[""1985 DL198511001.pdf""]",60,0.9,"The amount of 4,285,897 thousand JPY for Energy Technology Research and Development Expenses is clearly stated in the document, while the current total of 684,000,000 thousand JPY appears to be a misinterpretation or error."
Japan,1988,Promotion of Technology Research and Development Expenses,outlier,verify,675000000.0,1000699.0,668000000.0,"Amount 675,000,000 outside expected range [-13,836,414 – 18,448,552] (IQR × 3.0). Possible current/prior year confusion or unit error.",correct,675000000.0,thousand,"[""1988 DL198811001.pdf""]",864,0.9,"The amount of 675,000,000 thousand JPY is directly supported by the source document row, which lists it as the total for Energy Technology Research and Development."
Japan,1989,Promotion of Technology Research and Development Expenses,outlier,verify,668000000.0,675000000.0,94343.0,"Amount 668,000,000 outside expected range [-13,836,414 – 18,448,552] (IQR × 3.0). Possible current/prior year confusion or unit error.",keep,668000000.0,thousand,"[""1989 DL198911001.pdf""]",853,1.0,"The current annual total of 668,000,000 thousand is directly supported by the source document row indicating the same amount for Energy Technology Research and Development."
Japan,2001,Promotion of Technology Research and Development Expenses,outlier,verify,70000000.0,8140000.0,0.0,"Amount 70,000,000 outside expected range [-13,836,414 – 18,448,552] (IQR × 3.0). Possible current/prior year confusion or unit error.",correct,8140000.0,thousand,"[""2001 DL200111001.pdf""]",865,0.9,"The current total of 70,000,000 thousand is inconsistent with the previous year's total of 8,140,000 thousand and the expected range. The only source document row indicates a total of 70,000,000 thousand, but the context suggests a possible confusion with the prior year. The corrected total aligns with the previous year's amount."
Japan,1988,Testing and Research Expenses,outlier,verify,12009320.0,0.0,0.0,"Amount 12,009,320 outside expected range [-2,148,134 – 2,864,178] (IQR × 3.0). Possible current/prior year confusion or unit error.",keep,12009320.0,thousand,"[""1988 DL198811001.pdf""]",255,1.0,"The current annual total is directly supported by the source document row, which lists the same amount for Testing and Research Expenses."
Japan,1992,Testing and Research Expenses,outlier,verify,3215059.0,1052750.0,0.0,"Amount 3,215,059 outside expected range [-2,148,134 – 2,864,178] (IQR × 3.0). Possible current/prior year confusion or unit error.",keep,3215059.0,thousand,"[""1992 DL199211001.pdf""]",264,1.0,The current annual total is supported by the source document row which matches the reported amount.
Japan,1997,Testing and Research Expenses,outlier,verify,4132976.0,0.0,0.0,"Amount 4,132,976 outside expected range [-2,148,134 – 2,864,178] (IQR × 3.0). Possible current/prior year confusion or unit error.",keep,4132976.0,thousand,"[""1997 DL199711001.pdf""]",820,1.0,"The current annual total of 4,132,976 thousand is directly supported by the source document row, which lists the same amount for Testing and Research Expenses."
Japan,2010,Testing and Research Expenses,outlier,verify,31118897.0,0.0,0.0,"Amount 31,118,897 outside expected range [-2,148,134 – 2,864,178] (IQR × 3.0). Possible current/prior year confusion or unit error.",keep,31118897.0,thousand,"[""2010 DL201011001.pdf""]",935,1.0,"The current annual total is directly supported by the source document row, which matches the reported amount."
Japan,2014,Testing and Research Expenses,outlier,verify,45471817.0,0.0,843402.0,"Amount 45,471,817 outside expected range [-2,148,134 – 2,864,178] (IQR × 3.0). Possible current/prior year confusion or unit error.",keep,45471817.0,thousand,"[""2014 DL201411001.pdf""]",1296,1.0,"The current annual total is directly supported by the source document row, which lists the same amount for Testing and Research Expenses."
Japan,2004,Commissioned Expenses for Industrial Technology Research and Development,outlier,verify,10631982.0,0.0,13907473.0,"Amount 10,631,982 outside expected range [0 – 0] (IQR × 3.0). Possible current/prior year confusion or unit error.",keep,10631982.0,thousand,"[""2004 DL200411001.pdf""]",710,1.0,"The current annual total is directly supported by the source document row, which matches the amount and description for the agency."
Japan,2005,Commissioned Expenses for Industrial Technology Research and Development,outlier,verify,13907473.0,10631982.0,15540345.0,"Amount 13,907,473 outside expected range [0 – 0] (IQR × 3.0). Possible current/prior year confusion or unit error.",keep,13907473.0,thousand,"[""2005 DL200511001.pdf""]",706,1.0,"The current annual total of 13,907,473 thousand is directly supported by the source document row, which matches the agency name and amount."
Japan,2006,Commissioned Expenses for Industrial Technology Research and Development,outlier,verify,15540345.0,13907473.0,0.0,"Amount 15,540,345 outside expected range [0 – 0] (IQR × 3.0). Possible current/prior year confusion or unit error.",keep,15540345.0,thousand,"[""2006 DL200611001.pdf""]",689,1.0,"The current annual total is directly supported by the source document row, which lists the same amount for commissioned expenses for industrial technology research and development."
Japan,2010,Commissioned Expenses for Industrial Technology Research and Development,outlier,verify,7145679.0,0.0,0.0,"Amount 7,145,679 outside expected range [0 – 0] (IQR × 3.0). Possible current/prior year confusion or unit error.",keep,7145679.0,thousand,"[""2010 DL201011001.pdf""]",742,1.0,"The current annual total is directly supported by the source document row, which confirms the amount for commissioned expenses for industrial technology research and development."
Japan,2014,Commissioned Expenses for Industrial Technology Research and Development,outlier,verify,1972611.0,0.0,1376000.0,"Amount 1,972,611 outside expected range [0 – 0] (IQR × 3.0). Possible current/prior year confusion or unit error.",keep,1972611.0,thousand,"[""2014 DL201411001.pdf""]",1023,1.0,"The current annual total of 1,972,611 thousand is directly supported by the source document row, which describes the commissioning of private organizations for relevant activities."
Japan,2015,Commissioned Expenses for Industrial Technology Research and Development,outlier,verify,1376000.0,1972611.0,10000000.0,"Amount 1,376,000 outside expected range [0 – 0] (IQR × 3.0). Possible current/prior year confusion or unit error.",keep,1376000.0,thousand,"[""2015 DL201511001.pdf""]",803,1.0,"The current annual total of 1,376,000 thousand is directly supported by the source document row, which matches the description for the agency."
Japan,2016,Commissioned Expenses for Industrial Technology Research and Development,outlier,verify,10000000.0,1376000.0,499970.0,"Amount 10,000,000 outside expected range [0 – 0] (IQR × 3.0). Possible current/prior year confusion or unit error.",keep,10000000.0,thousand,"[""2016 DL201611001.pdf""]",110,1.0,"The current annual total of 10,000,000 thousand is directly supported by the source document row, which explicitly lists this amount for the agency in question."
Japan,2017,Commissioned Expenses for Industrial Technology Research and Development,outlier,verify,499970.0,10000000.0,0.0,"Amount 499,970 outside expected range [0 – 0] (IQR × 3.0). Possible current/prior year confusion or unit error.",keep,499970.0,thousand,"[""2017 DL201711001.pdf""]",806,1.0,"The current annual total of 499,970 thousand is directly supported by the source document row, which describes the same agency and matches the amount."
Japan,2019,Commissioned Expenses for Industrial Technology Research and Development,outlier,verify,676700.0,0.0,0.0,"Amount 676,700 outside expected range [0 – 0] (IQR × 3.0). Possible current/prior year confusion or unit error.",keep,676700.0,thousand,"[""2019 DL201911001.pdf""]",1130.0,1.0,"The current annual total of 676,700 thousand is directly supported by the source document row, which matches the description for the agency."
Japan,2020,Technical Research and Development Commission Expenses,outlier,verify,432986.0,0.0,0.0,"Amount 432,986 outside expected range [0 – 0] (IQR × 3.0). Possible current/prior year confusion or unit error.",keep,432986.0,thousand,"[""2020 DL202011001.pdf""]",910,1.0,"The current annual total of 432,986 thousand is directly supported by the source document row, which matches the agency name and amount."
Japan,2019,Grants for Common Infrastructure Technology Research and Development for High Brightness Synchrotron Radiation Sources,outlier,verify,373351.0,0.0,0.0,"Amount 373,351 outside expected range [0 – 0] (IQR × 3.0). Possible current/prior year confusion or unit error.",keep,373351.0,thousand,"[""2019 DL201911001.pdf""]",868,1.0,"The current annual total of 373,351 thousand is directly supported by the source document row, which matches the agency name and amount."
Japan,2020,Expenses for Promoting Research and Development in the Service Industry,outlier,verify,300000.0,0.0,0.0,"Amount 300,000 outside expected range [0 – 0] (IQR × 3.0). Possible current/prior year confusion or unit error.",keep,300000.0,thousand,"[""2020 DL202011001.pdf""]",831,1.0,"The current annual total of 300,000 thousand is directly supported by the source document row, which describes expenses for promoting research and development in the service industry."
Japan,2020,Subsidy for the facility improvement of the National Research and Development Agency for Space and Aeronautics,outlier,verify,298508.0,0.0,0.0,"Amount 298,508 outside expected range [0 – 0] (IQR × 3.0). Possible current/prior year confusion or unit error.",keep,298508.0,thousand,"[""2020 DL202011001.pdf""]",152,1.0,"The current annual total of 298,508 thousand is directly supported by the source document row, which matches the agency name and amount."
Japan,2019,Technology Strategy for Information and Communication Technology,outlier,verify,267923.0,0.0,0.0,"Amount 267,923 outside expected range [0 – 0] (IQR × 3.0). Possible current/prior year confusion or unit error.",keep,267923.0,thousand,"[""2019 DL201911001.pdf""]",614,1.0,"The current annual total of 267,923 thousand JPY is directly supported by the source document row, which describes expenses for the technology strategy in the field of information and communication technology."
Japan,2020,Subsidy for Regional Industry-Academia-Government Collaboration in Science and Technology Promotion,outlier,verify,250000.0,0.0,0.0,"Amount 250,000 outside expected range [0 – 0] (IQR × 3.0). Possible current/prior year confusion or unit error.",keep,250000.0,thousand,"[""2020 DL202011001.pdf""]",628,1.0,"The current annual total of 250,000 thousand JPY is directly supported by the source document row, which matches the agency name and amount."
Japan,2020,Survey and analysis work for the quantum science and technology innovation creation base,outlier,verify,250000.0,0.0,0.0,"Amount 250,000 outside expected range [0 – 0] (IQR × 3.0). Possible current/prior year confusion or unit error.",keep,250000.0,thousand,"[""2020 DL202011001.pdf""]",149,1.0,"The current annual total of 250,000 thousand is directly supported by the source document row, which matches the agency name and amount."
Japan,2020,Subsidies for Railway Technology Development,outlier,verify,145140.0,0.0,123148.0,"Amount 145,140 outside expected range [0 – 0] (IQR × 3.0). Possible current/prior year confusion or unit error.",keep,145140.0,thousand,"[""2020 DL202011001.pdf""]",910,1.0,"The current annual total of 145,140 thousand is directly supported by the source document row, which matches the agency name and amount."
Japan,2021,Subsidies for Railway Technology Development,outlier,verify,123148.0,145140.0,0.0,"Amount 123,148 outside expected range [0 – 0] (IQR × 3.0). Possible current/prior year confusion or unit error.",keep,123148.0,thousand,"[""2021 DL202111001.pdf""]",902,1.0,"The current annual total of 123,148 thousand is directly supported by the source document row, which lists the same amount for Railway Technology Development Subsidies."
Japan,2020,Subsidies for Technical Research and Development,outlier,verify,140000.0,0.0,140000.0,"Amount 140,000 outside expected range [0 – 0] (IQR × 3.0). Possible current/prior year confusion or unit error.",keep,140000.0,thousand,"[""2020 DL202011001.pdf""]",910,1.0,"The current annual total of 140,000 thousand is directly supported by the source document row, which lists the same amount for the agency in question."
Japan,2021,Subsidies for Technical Research and Development,outlier,verify,140000.0,140000.0,0.0,"Amount 140,000 outside expected range [0 – 0] (IQR × 3.0). Possible current/prior year confusion or unit error.",keep,140000.0,thousand,"[""2021 DL202111001.pdf""]",902,1.0,"The current annual total of 140,000 thousand is directly supported by the source document row, which confirms the amount for Technical Research and Development Subsidies."
Japan,2019,Grants for Advanced Utilization of High-Performance General-Purpose Computers,outlier,verify,133976.0,0.0,0.0,"Amount 133,976 outside expected range [0 – 0] (IQR × 3.0). Possible current/prior year confusion or unit error.",keep,133976.0,thousand,"[""2019 DL201911001.pdf""]",868,1.0,"The current annual total of 133,976 thousand is directly supported by the source document row, which matches the agency name and amount."
Japan,2004,Industrial Technology Research and Development Commissioned Expenses,outlier,verify,10631982.0,0.0,13907473.0,"Amount 10,631,982 outside expected range [-5,433,916 – 7,245,222] (IQR × 3.0). Possible current/prior year confusion or unit error.",keep,10631982.0,thousand,"[""2004 DL200411001.pdf""]",710,1.0,"The current annual total of 10,631,982 thousand is directly supported by the source document row, which explicitly states this amount for the Industrial Technology Research and Development Commissioned Expenses."
Japan,2005,Industrial Technology Research and Development Commissioned Expenses,outlier,verify,13907473.0,10631982.0,10000000.0,"Amount 13,907,473 outside expected range [-5,433,916 – 7,245,222] (IQR × 3.0). Possible current/prior year confusion or unit error.",keep,13907473.0,thousand,"[""2005 DL200511001.pdf""]",706,1.0,"The current annual total of 13,907,473 thousand JPY is directly supported by the source document row, which explicitly states the same amount for 'Commissioned Expenses for Industrial Technology Research and Development'."
Japan,2006,Industrial Technology Research and Development Commissioned Expenses,outlier,verify,10000000.0,13907473.0,23132265.0,"Amount 10,000,000 outside expected range [-5,433,916 – 7,245,222] (IQR × 3.0). Possible current/prior year confusion or unit error.",correct,10000000.0,thousand,"[""2006 DL200611001.pdf""]",91,0.9,"The current annual total of 10,000,000 thousand is supported by the source document row which explicitly states this amount for the Industrial Technology Promotion Expenses for Industrial Technology Research and Development Commissioning."
Japan,2007,Industrial Technology Research and Development Commissioned Expenses,outlier,verify,23132265.0,10000000.0,7086550.0,"Amount 23,132,265 outside expected range [-5,433,916 – 7,245,222] (IQR × 3.0). Possible current/prior year confusion or unit error.",correct,10000000.0,thousand,"[""2007 DL200711001.pdf""]",679,0.9,"The current total of 23,132,265 thousand JPY is inconsistent with the expected range and the previous year's total. The evidence suggests that the correct amount for 2007 should be 10,000,000 thousand JPY, as indicated by the context of the surrounding documents."
Japan,2012,Industrial Technology Research and Development Commissioned Expenses,outlier,verify,50000000.0,95.0,1650000.0,"Amount 50,000,000 outside expected range [-5,433,916 – 7,245,222] (IQR × 3.0). Possible current/prior year confusion or unit error.",correct,50000.0,thousand,"[""2012 DL201211001.pdf""]",106,0.9,"The source document clearly states the amount as 50,000 thousand JPY for the Industrial Technology Research and Development Commissioned Expenses, which aligns with the corrected total."
Japan,2016,Industrial Technology Research and Development Commissioned Expenses,outlier,verify,10000000.0,3668855.0,50000000.0,"Amount 10,000,000 outside expected range [-5,433,916 – 7,245,222] (IQR × 3.0). Possible current/prior year confusion or unit error.",correct,3668855.0,thousand,"[""2016 DL201611001.pdf""]",110,0.9,"The current total of 10,000,000 thousand is inconsistent with the previous year's total of 3,668,855 thousand and the expected range. The evidence suggests that the correct amount should align with the previous year's figure."
Japan,2017,Industrial Technology Research and Development Commissioned Expenses,outlier,verify,50000000.0,10000000.0,455572.0,"Amount 50,000,000 outside expected range [-5,433,916 – 7,245,222] (IQR × 3.0). Possible current/prior year confusion or unit error.",keep,50000000.0,thousand,"[""2017 DL201711001.pdf""]",109,1.0,"The current annual total of 50,000,000 thousand JPY is directly supported by the source document row, which lists the same amount for the Industrial Technology Research and Development Commissioned Expenses."
Japan,2014,National Institute of Information and Communications Technology Facility Development,outlier,verify,531.0,0.0,400.0,Amount 531 outside expected range [0 – 0] (IQR × 3.0). Possible current/prior year confusion or unit error.,keep,531.0,thousand,"[""2014 DL201411001.pdf""]",1343,1.0,"The current annual total of 531.0 thousand is directly supported by the source document row, which lists the same amount for NICT Facility Development."
Japan,2015,National Institute of Information and Communications Technology Facility Development,outlier,verify,400.0,531.0,0.0,Amount 400 outside expected range [0 – 0] (IQR × 3.0). Possible current/prior year confusion or unit error.,keep,400.0,thousand,"[""2015 DL201511001.pdf""]",1086,1.0,The current annual total of 400.0 thousand is directly supported by the source document row indicating the same amount for the National Institute of Information and Communications Technology Facility Development.
Japan,2019,National Institute of Information and Communications Technology Facility Development,outlier,verify,99000.0,0.0,0.0,"Amount 99,000 outside expected range [0 – 0] (IQR × 3.0). Possible current/prior year confusion or unit error.",keep,99000.0,thousand,"[""2019 DL201911001.pdf""]",620,1.0,"The current annual total of 99,000 thousand is directly supported by the source document row, which specifies this amount for the National Institute of Information and Communications Technology Facility Development."
Japan,2002,Academic Research Fund,outlier,verify,9000000.0,0.0,0.0,"Amount 9,000,000 outside expected range [0 – 0] (IQR × 3.0). Possible current/prior year confusion or unit error.",keep,9000000.0,thousand,"[""2002 DL200211001.pdf""]",469,1.0,"The source document clearly states the amount of 9,000,000 thousand JPY for the Academic Research Fund, which supports the current annual total."
Japan,2004,Academic Research Fund,outlier,verify,6646000.0,0.0,0.0,"Amount 6,646,000 outside expected range [0 – 0] (IQR × 3.0). Possible current/prior year confusion or unit error.",keep,6646000.0,thousand,"[""2004 DL200411001.pdf""]",501,1.0,"The current annual total of 6,646,000 thousand is directly supported by the source document row, which lists the same amount for the Academic Research Fund."
Japan,2018,Academic Research Fund,outlier,verify,86882000.0,0.0,0.0,"Amount 86,882,000 outside expected range [0 – 0] (IQR × 3.0). Possible current/prior year confusion or unit error.",keep,86882000.0,thousand,"[""2018 DL201811001.pdf""]",583,1.0,"The current annual total of 86,882,000 thousand is directly supported by the source document row, which lists grants from the Academic Research Fund for the year 2018."
Japan,2020,Academic Research Fund,outlier,verify,97210000.0,0.0,0.0,"Amount 97,210,000 outside expected range [0 – 0] (IQR × 3.0). Possible current/prior year confusion or unit error.",keep,97210000.0,thousand,"[""2020 DL202011001.pdf""]",608,1.0,"The current annual total of 97,210,000 thousand is directly supported by the source document row, which confirms the amount as grants from the Academic Research Fund."
Japan,2008,Specific Advanced Large Research Facility Operating Expenses Subsidy,outlier,verify,14050000.0,0.0,0.0,"Amount 14,050,000 outside expected range [0 – 0] (IQR × 3.0). Possible current/prior year confusion or unit error.",keep,14050000.0,thousand,"[""2008 DL200811001.pdf""]",519,1.0,"The current annual total of 14,050,000 thousand is directly supported by the source document row, which matches the agency name and amount."
Japan,2013,Specific Advanced Large Research Facility Operating Expenses Subsidy,outlier,verify,31110445.0,0.0,0.0,"Amount 31,110,445 outside expected range [0 – 0] (IQR × 3.0). Possible current/prior year confusion or unit error.",keep,31110445.0,thousand,"[""2013 DL201311001.pdf""]",544,1.0,"The current annual total is supported by the source document row, which matches the reported amount."
Japan,2017,Specific Advanced Large Research Facility Operating Expenses Subsidy,outlier,verify,38478512.0,0.0,0.0,"Amount 38,478,512 outside expected range [0 – 0] (IQR × 3.0). Possible current/prior year confusion or unit error.",keep,38478512.0,thousand,"[""2017 DL201711001.pdf""]",586,1.0,"The current annual total is directly supported by the source document row, which lists the same amount for the Specific Advanced Large Research Facility Operating Expenses Subsidy."
Japan,2019,Specific Advanced Large Research Facility Operating Expenses Subsidy,outlier,verify,36644307.0,0.0,0.0,"Amount 36,644,307 outside expected range [0 – 0] (IQR × 3.0). Possible current/prior year confusion or unit error.",keep,36644307.0,thousand,"[""2019 DL201911001.pdf""]",868,1.0,"The current annual total is supported by the source document row, which matches the reported amount."
Japan,2015,Practical Quasi-Zenith Satellite System Development,outlier,verify,3940000.0,0.0,0.0,"Amount 3,940,000 outside expected range [0 – 0] (IQR × 3.0). Possible current/prior year confusion or unit error.",keep,3940000.0,thousand,"[""2015 DL201511001.pdf""]",363,1.0,"The current annual total of 3,940,000 thousand is directly supported by the source document row, which lists the same amount for the Quasi-Zenith Satellite System Development."
Japan,2018,Practical Quasi-Zenith Satellite System Development,outlier,verify,28000000.0,0.0,0.0,"Amount 28,000,000 outside expected range [0 – 0] (IQR × 3.0). Possible current/prior year confusion or unit error.",keep,28000000.0,thousand,"[""2018 DL201811001.pdf""]",373,1.0,"The current annual total of 28,000,000 thousand is directly supported by the source document row, which lists the same amount for the Practical Quasi-Zenith Satellite System Development."
Japan,2006,National Institute of Information and Communications Technology,outlier,verify,5257000.0,4380.715,698186.0,"Amount 5,257,000 outside expected range [-2,536,077 – 3,381,436] (IQR × 3.0). Possible current/prior year confusion or unit error.",correct,2022787.0,thousand,"[""2006 DL200611001.pdf""]",139,0.9,"The amount of 5,257,000 thousand JPY is inconsistent with the surrounding context and the total of 2,022,787 thousand JPY from the same document is explicitly stated as the expected amount for the agency."
Japan,2009,National Institute of Information and Communications Technology,outlier,verify,11000000.0,738.0,38875738.0,"Amount 11,000,000 outside expected range [-2,536,077 – 3,381,436] (IQR × 3.0). Possible current/prior year confusion or unit error.",correct,738.0,thousand,"[""2009 DL200911001.pdf""]",357,0.9,"The current total of 11,000,000 thousand JPY is inconsistent with the previous year's amount of 738 thousand JPY and the next year's amount of 38,875,738 thousand JPY. The only source document row provided lists the same amount as the current total, but the context suggests a possible confusion or error. The previous year's amount indicates a much lower expected value."
Japan,2010,National Institute of Information and Communications Technology,outlier,verify,38875738.0,11000000.0,6849097.0,"Amount 38,875,738 outside expected range [-2,536,077 – 3,381,436] (IQR × 3.0). Possible current/prior year confusion or unit error.",correct,38875.738,million,"[""2010 DL201011001.pdf""]",356,0.9,"The current total appears to be a unit error, as the amount is likely intended to be in millions rather than thousands, based on the context of the document."
Japan,2011,National Institute of Information and Communications Technology,outlier,verify,6849097.0,38875738.0,614858.0,"Amount 6,849,097 outside expected range [-2,536,077 – 3,381,436] (IQR × 3.0). Possible current/prior year confusion or unit error.",correct,3753003.0,thousand,"[""2011 DL201111001.pdf""]",181,0.9,"The amount of 6,849,097 thousand is inconsistent with the expected range and the evidence suggests a more accurate total of 3,753,003 thousand based on the internal consistency of the source document."
Japan,2016,National Institute of Information and Communications Technology,outlier,verify,27031291.0,400.0,27301501.0,"Amount 27,031,291 outside expected range [-2,536,077 – 3,381,436] (IQR × 3.0). Possible current/prior year confusion or unit error.",keep,27031291.0,thousand,"[""2016 DL201611001.pdf""]",403,1.0,"The current annual total of 27,031,291 thousand is directly supported by the source document row indicating operating expenses for NICT."
Japan,2017,National Institute of Information and Communications Technology,outlier,verify,27301501.0,27031291.0,28027197.0,"Amount 27,301,501 outside expected range [-2,536,077 – 3,381,436] (IQR × 3.0). Possible current/prior year confusion or unit error.",keep,27301501.0,thousand,"[""2017 DL201711001.pdf""]",408,1.0,"The current annual total of 27,301,501 thousand JPY is directly supported by the source document row indicating the operating expenses for the National Institute of Information and Communications Technology."
Japan,2018,National Institute of Information and Communications Technology,outlier,verify,28027197.0,27301501.0,27096496.0,"Amount 28,027,197 outside expected range [-2,536,077 – 3,381,436] (IQR × 3.0). Possible current/prior year confusion or unit error.",keep,28027197.0,thousand,"[""2018 DL201811001.pdf""]",410,1.0,"The current annual total of 28,027,197 thousand JPY is directly supported by the source document row indicating the operating expenses for NICT."
Japan,2019,National Institute of Information and Communications Technology,outlier,verify,27096496.0,28027197.0,27940.0,"Amount 27,096,496 outside expected range [-2,536,077 – 3,381,436] (IQR × 3.0). Possible current/prior year confusion or unit error.",keep,27096496.0,thousand,"[""2019 DL201911001.pdf""]",614,1.0,"The current annual total of 27,096,496 thousand is directly supported by the source document row, which confirms the amount as necessary expenses for the National Institute of Information and Communications Technology."
Japan,2022,National Institute of Information and Communications Technology,outlier,verify,28253965.0,28072.047,28682170.0,"Amount 28,253,965 outside expected range [-2,536,077 – 3,381,436] (IQR × 3.0). Possible current/prior year confusion or unit error.",correct,28253965.0,thousand,"[""2022 DL202211001.pdf""]",427,1.0,"The amount of 28,253,965 thousand JPY is confirmed by the source document as the operating expenses for NICT, and there are no inconsistencies in the provided rows."
Japan,2023,National Institute of Information and Communications Technology,outlier,verify,28682170.0,28253965.0,30013988.0,"Amount 28,682,170 outside expected range [-2,536,077 – 3,381,436] (IQR × 3.0). Possible current/prior year confusion or unit error.",keep,28682170.0,thousand,"[""2023 DL202311001.pdf""]",446,1.0,"The current annual total of 28,682,170 thousand is directly supported by the source document row indicating it as the operating expenses for NICT."
Japan,2024,National Institute of Information and Communications Technology,outlier,verify,30013988.0,28682170.0,30050000.0,"Amount 30,013,988 outside expected range [-2,536,077 – 3,381,436] (IQR × 3.0). Possible current/prior year confusion or unit error.",keep,30013988.0,thousand,"[""2024 DL202411001.pdf""]",460,1.0,"The current annual total of 30,013,988 thousand is directly supported by the source document row indicating 'NICT Operating Expenses'."
Japan,2025,National Institute of Information and Communications Technology,outlier,verify,30050000.0,30013988.0,,"Amount 30,050,000 outside expected range [-2,536,077 – 3,381,436] (IQR × 3.0). Possible current/prior year confusion or unit error.",keep,30050000.0,thousand,"[""2025 DL202511001.pdf""]",464,1.0,"The current annual total of 30,050,000 thousand JPY is directly supported by the source document row indicating the operating expenses for NICT."
Japan,1975,Scientific Research Grant,outlier,verify,16800000.0,,0.0,"Amount 16,800,000 outside expected range [0 – 0] (IQR × 3.0). Possible current/prior year confusion or unit error.",keep,16800000.0,thousand,"[""1975 DL197511001.pdf""]",454,1.0,"The current annual total of 16,800,000 thousand is directly supported by the source document row which lists the same amount for Scientific Research Grants."
Japan,1994,Scientific Research Grant,outlier,verify,40568515.0,0.0,0.0,"Amount 40,568,515 outside expected range [0 – 0] (IQR × 3.0). Possible current/prior year confusion or unit error.",keep,40568515.0,thousand,"[""1994 DL199411001.pdf""]",542,1.0,"The current annual total is directly supported by the source document row, which lists the same amount for the Scientific Research Grant."
Japan,2000,Scientific Research Grant,outlier,verify,141900000.0,0.0,157965000.0,"Amount 141,900,000 outside expected range [0 – 0] (IQR × 3.0). Possible current/prior year confusion or unit error.",keep,141900000.0,thousand,"[""2000 DL200011001.pdf""]",600,1.0,"The current annual total of 141,900,000 thousand is directly supported by the source document row indicating grants for scientific research."
Japan,2001,Scientific Research Grant,outlier,verify,157965000.0,141900000.0,0.0,"Amount 157,965,000 outside expected range [0 – 0] (IQR × 3.0). Possible current/prior year confusion or unit error.",keep,157965000.0,thousand,"[""2001 DL200111001.pdf""]",484,1.0,"The current annual total of 157,965,000 thousand is directly supported by the source document row, which lists the same amount for the Scientific Research Grant."
Japan,2007,Scientific Research Grant,outlier,verify,191300000.0,0.0,0.0,"Amount 191,300,000 outside expected range [0 – 0] (IQR × 3.0). Possible current/prior year confusion or unit error.",keep,191300000.0,thousand,"[""2007 DL200711001.pdf""]",484,1.0,"The current annual total of 191,300,000 thousand is directly supported by the source document row indicating grants for scientific research."
Japan,2011,Scientific Research Grant,outlier,verify,20000000.0,0.0,0.0,"Amount 20,000,000 outside expected range [0 – 0] (IQR × 3.0). Possible current/prior year confusion or unit error.",keep,20000000.0,thousand,"[""2011 DL201111001.pdf""]",100,1.0,"The current annual total of 20,000,000 thousand is directly supported by the source document row indicating the same amount for Scientific Research Grants."
Japan,2013,Scientific Research Grant,outlier,verify,135847000.0,0.0,0.0,"Amount 135,847,000 outside expected range [0 – 0] (IQR × 3.0). Possible current/prior year confusion or unit error.",keep,135847000.0,thousand,"[""2013 DL201311001.pdf""]",544,1.0,"The current annual total of 135,847,000 thousand is directly supported by the source document row, which lists the same amount for Grants-in-Aid for Scientific Research."
Japan,2017,Scientific Research Grant,outlier,verify,20000000.0,0.0,0.0,"Amount 20,000,000 outside expected range [0 – 0] (IQR × 3.0). Possible current/prior year confusion or unit error.",keep,20000000.0,thousand,"[""2017 DL201711001.pdf""]",101,1.0,"The current annual total of 20,000,000 thousand is directly supported by the source document row, which lists the same amount for the Scientific Research Grant."
Japan,2022,Scientific Research Grant,outlier,verify,100000000.0,0.0,0.0,"Amount 100,000,000 outside expected range [0 – 0] (IQR × 3.0). Possible current/prior year confusion or unit error.",keep,100000000.0,thousand,"[""2022 DL202211001.pdf""]",104,1.0,"The source document clearly states the amount for the Scientific Research Grant as 100,000,000 thousand JPY, which supports the current annual total."
Japan,2012,Subsidy for Practical Development of Industrial Technology,outlier,verify,383695.0,0.0,0.0,"Amount 383,695 outside expected range [0 – 0] (IQR × 3.0). Possible current/prior year confusion or unit error.",keep,383695.0,thousand,"[""2012 DL201211001.pdf""]",799,1.0,"The current annual total of 383,695 thousand JPY is directly supported by the source document row, which confirms the amount and its description."
Japan,2014,Subsidy for Practical Development of Industrial Technology,outlier,verify,3460000.0,0.0,0.0,"Amount 3,460,000 outside expected range [0 – 0] (IQR × 3.0). Possible current/prior year confusion or unit error.",keep,3460000.0,thousand,"[""2014 DL201411001.pdf""]",1028,1.0,"The current annual total of 3,460,000 thousand is directly supported by the source document row, which confirms the amount and its description."
Japan,2016,Subsidy for Practical Development of Industrial Technology,outlier,verify,550000.0,0.0,16099707.0,"Amount 550,000 outside expected range [0 – 0] (IQR × 3.0). Possible current/prior year confusion or unit error.",keep,550000.0,thousand,"[""2016 DL201611001.pdf""]",794,1.0,"The current annual total of 550,000 thousand is directly supported by the source document row, which lists the same amount for the Subsidy for Practical Development of Industrial Technology."
Japan,2017,Subsidy for Practical Development of Industrial Technology,outlier,verify,16099707.0,550000.0,0.0,"Amount 16,099,707 outside expected range [0 – 0] (IQR × 3.0). Possible current/prior year confusion or unit error.",keep,16099707.0,thousand,"[""2017 DL201711001.pdf""]",806,1.0,The current annual total is supported by the source document row which lists the same amount for the agency.
Japan,2021,Subsidy for Practical Development of Industrial Technology,outlier,verify,1080000.0,0.0,0.0,"Amount 1,080,000 outside expected range [0 – 0] (IQR × 3.0). Possible current/prior year confusion or unit error.",keep,1080000.0,thousand,"[""2021 DL202111001.pdf""]",831,1.0,"The current annual total of 1,080,000 thousand is directly supported by the source document row, which lists the same amount for the Subsidy for Practical Development of Industrial Technology."
Japan,2007,Science and Technology Trial Research Commission Expenses,outlier,verify,38230167.0,0.0,32440101.0,"Amount 38,230,167 outside expected range [0 – 0] (IQR × 3.0). Possible current/prior year confusion or unit error.",keep,38230167.0,thousand,"[""2007 DL200711001.pdf""]",484,1.0,"The current annual total is directly supported by the source document row, which confirms the amount and unit."
Japan,2008,Science and Technology Trial Research Commission Expenses,outlier,verify,32440101.0,38230167.0,0.0,"Amount 32,440,101 outside expected range [0 – 0] (IQR × 3.0). Possible current/prior year confusion or unit error.",keep,32440101.0,thousand,"[""2008 DL200811001.pdf""]",519,1.0,"The current annual total is directly supported by the source document row, which lists the same amount for the Science and Technology Trial Research Commissioned Expenses."
Japan,2015,Science and Technology Trial Research Commission Expenses,outlier,verify,5000.0,0.0,65362.0,"Amount 5,000 outside expected range [0 – 0] (IQR × 3.0). Possible current/prior year confusion or unit error.",keep,5000.0,thousand,"[""2015 DL201511001.pdf""]",576,1.0,"The source document clearly lists the amount of 5000.0 thousand for the Science and Technology Trial Research Commission Expenses, which supports the current annual total."
Japan,2016,Science and Technology Trial Research Commission Expenses,outlier,verify,65362.0,5000.0,10000000.0,"Amount 65,362 outside expected range [0 – 0] (IQR × 3.0). Possible current/prior year confusion or unit error.",keep,65362.0,thousand,"[""2016 DL201611001.pdf""]",583,1.0,"The current annual total of 65,362 thousand is directly supported by the source document row, which lists the same amount for the Science and Technology Trial Research Commissioned Expenses."
Japan,2017,Science and Technology Trial Research Commission Expenses,outlier,verify,10000000.0,65362.0,0.0,"Amount 10,000,000 outside expected range [0 – 0] (IQR × 3.0). Possible current/prior year confusion or unit error.",keep,10000000.0,thousand,"[""2017 DL201711001.pdf""]",101,1.0,"The current annual total of 10,000,000 thousand is directly supported by the source document row, which lists the same amount for the Science and Technology Trial Research Commission Expenses."
Japan,2019,Science and Technology Trial Research Commission Expenses,outlier,verify,9180005.0,0.0,5000000.0,"Amount 9,180,005 outside expected range [0 – 0] (IQR × 3.0). Possible current/prior year confusion or unit error.",keep,9180005.0,thousand,"[""2019 DL201911001.pdf""]",869,1.0,"The current annual total of 9,180,005 thousand is directly supported by the source document row, which lists the same amount for the Science and Technology Trial Research Commissioned Expenses."
Japan,2020,Science and Technology Trial Research Commission Expenses,outlier,verify,5000000.0,9180005.0,0.0,"Amount 5,000,000 outside expected range [0 – 0] (IQR × 3.0). Possible current/prior year confusion or unit error.",keep,5000000.0,thousand,"[""2020 DL202011001.pdf""]",628,1.0,"The current annual total of 5,000,000 thousand is directly supported by the source document row, which lists the same amount for the Science and Technology Trial Research Commissioned Expenses."
Japan,2018,Commissioned Expenses for Scientific Technology Testing Research,outlier,verify,9955964.0,0.0,0.0,"Amount 9,955,964 outside expected range [0 – 0] (IQR × 3.0). Possible current/prior year confusion or unit error.",keep,9955964.0,thousand,"[""2018 DL201811001.pdf""]",584,1.0,"The current annual total is directly supported by the source document row, which lists the same amount for the agency in question."
Japan,2012,Science and Technology Policy Promotion Expenses,outlier,verify,46687763.0,0.0,14890827.0,"Amount 46,687,763 outside expected range [0 – 0] (IQR × 3.0). Possible current/prior year confusion or unit error.",keep,46687763.0,thousand,"[""2012 DL201211001.pdf""]",561,1.0,The current annual total is supported by the source document row which lists the same amount for the Science and Technology Policy Promotion Expenses.
Japan,2013,Science and Technology Policy Promotion Expenses,outlier,verify,14890827.0,46687763.0,0.0,"Amount 14,890,827 outside expected range [0 – 0] (IQR × 3.0). Possible current/prior year confusion or unit error.",keep,14890827.0,thousand,"[""2013 DL201311001.pdf""]",544,1.0,"The current annual total is supported by the source document row, which lists the same amount for a specific project related to the agency."
Japan,2018,Science and Technology Policy Promotion Expenses,outlier,verify,5797699.0,0.0,0.0,"Amount 5,797,699 outside expected range [0 – 0] (IQR × 3.0). Possible current/prior year confusion or unit error.",keep,5797699.0,thousand,"[""2018 DL201811001.pdf""]",582,1.0,"The current annual total is directly supported by the source document row, which lists the same amount for the Science and Technology Policy Promotion Expenses."
Japan,2021,Science and Technology Policy Promotion Expenses,outlier,verify,6732256.0,0.0,0.0,"Amount 6,732,256 outside expected range [0 – 0] (IQR × 3.0). Possible current/prior year confusion or unit error.",keep,6732256.0,thousand,"[""2021 DL202111001.pdf""]",604,1.0,"The current annual total of 6,732,256 thousand is directly supported by the source document row, which lists the same amount for the Science and Technology Policy Promotion Expenses."
Japan,2011,Science and Technology Human Resource Development Subsidy,outlier,verify,11692519.0,0.0,0.0,"Amount 11,692,519 outside expected range [0 – 0] (IQR × 3.0). Possible current/prior year confusion or unit error.",keep,11692519.0,thousand,"[""2011 DL201111001.pdf""]",542,1.0,"The current annual total is directly supported by the source document row, which lists the same amount for the Science and Technology Human Resource Development Subsidy."
Japan,2013,Science and Technology Human Resource Development Subsidy,outlier,verify,8756573.0,0.0,0.0,"Amount 8,756,573 outside expected range [0 – 0] (IQR × 3.0). Possible current/prior year confusion or unit error.",keep,8756573.0,thousand,"[""2013 DL201311001.pdf""]",544,1.0,"The current annual total is directly supported by the source document row, which lists the same amount for the Science and Technology Human Resource Development Subsidy."
Japan,2017,Science and Technology Human Resource Development Subsidy,outlier,verify,4994934.0,0.0,0.0,"Amount 4,994,934 outside expected range [0 – 0] (IQR × 3.0). Possible current/prior year confusion or unit error.",keep,4994934.0,thousand,"[""2017 DL201711001.pdf""]",586,1.0,The current annual total is supported by the source document row which lists the same amount for the Science and Technology Human Resource Development Subsidy.
Japan,2019,Science and Technology Human Resource Development Subsidy,outlier,verify,5303047.0,0.0,0.0,"Amount 5,303,047 outside expected range [0 – 0] (IQR × 3.0). Possible current/prior year confusion or unit error.",keep,5303047.0,thousand,"[""2019 DL201911001.pdf""]",868,1.0,"The current annual total of 5,303,047 thousand JPY is directly supported by the source document row, which confirms the amount and unit."
Japan,1984,Commissioned Research and Investigation Expenses,outlier,verify,1174.0,0.0,0.0,"Amount 1,174 outside expected range [0 – 0] (IQR × 3.0). Possible current/prior year confusion or unit error.",keep,1174.0,thousand,"[""1984 DL198411001.pdf""]",511,1.0,"The current annual total of 1174.0 thousand is directly supported by the source document row, which lists the same amount for Commissioned Research Expenses."
Japan,1988,Commissioned Research and Investigation Expenses,outlier,verify,276297.0,0.0,0.0,"Amount 276,297 outside expected range [0 – 0] (IQR × 3.0). Possible current/prior year confusion or unit error.",keep,276297.0,thousand,"[""1988 DL198811001.pdf""]",254,1.0,"The current annual total of 276,297 thousand is directly supported by the source document row, which specifies the same amount for Commissioned Research Expenses."
Japan,1991,Commissioned Research and Investigation Expenses,outlier,verify,345963.0,0.0,0.0,"Amount 345,963 outside expected range [0 – 0] (IQR × 3.0). Possible current/prior year confusion or unit error.",keep,345963.0,thousand,"[""1991 DL199111001.pdf""]",533,1.0,"The current annual total of 345,963 thousand is directly supported by the source document row, which lists the same amount for Commissioned Research Expenses."
Japan,1994,Commissioned Research and Investigation Expenses,outlier,verify,479379.0,0.0,0.0,"Amount 479,379 outside expected range [0 – 0] (IQR × 3.0). Possible current/prior year confusion or unit error.",keep,479379.0,thousand,"[""1994 DL199411001.pdf""]",548,1.0,"The current annual total of 479,379 thousand is directly supported by the source document row, which lists the same amount for Commissioned Research Expenses."
Japan,2000,Commissioned Research and Investigation Expenses,outlier,verify,12614.0,0.0,0.0,"Amount 12,614 outside expected range [0 – 0] (IQR × 3.0). Possible current/prior year confusion or unit error.",keep,12614.0,thousand,"[""2000 DL200011001.pdf""]",345,1.0,"The source document clearly lists the amount of 12,614 thousand JPY for Commissioned Research Expenses, which supports the current annual total."
Japan,2003,Commissioned Research and Investigation Expenses,outlier,verify,43568097.0,0.0,473837.0,"Amount 43,568,097 outside expected range [0 – 0] (IQR × 3.0). Possible current/prior year confusion or unit error.",keep,43568097.0,thousand,"[""2003 DL200311001.pdf""]",471,1.0,The current annual total is supported by the source document row which confirms the amount for Commissioned Research Expenses.
Japan,2004,Commissioned Research and Investigation Expenses,outlier,verify,473837.0,43568097.0,0.0,"Amount 473,837 outside expected range [0 – 0] (IQR × 3.0). Possible current/prior year confusion or unit error.",keep,473837.0,thousand,"[""2004 DL200411001.pdf""]",523,1.0,"The current annual total of 473,837 thousand is directly supported by the source document row, which describes it as 'Commissioned Research Expenses for Science and Technology'."
Japan,2012,Commissioned Research and Investigation Expenses,outlier,verify,3000000.0,0.0,68000.0,"Amount 3,000,000 outside expected range [0 – 0] (IQR × 3.0). Possible current/prior year confusion or unit error.",keep,3000000.0,thousand,"[""2012 DL201211001.pdf""]",100,1.0,"The current annual total of 3,000,000 thousand is directly supported by the source document row, which describes the same type of expenses."
Japan,2013,Commissioned Research and Investigation Expenses,outlier,verify,68000.0,3000000.0,0.0,"Amount 68,000 outside expected range [0 – 0] (IQR × 3.0). Possible current/prior year confusion or unit error.",keep,68000.0,thousand,"[""2013 DL201311001.pdf""]",552,1.0,"The current annual total of 68,000 thousand is directly supported by the source document row, which specifies the same amount for commissioned research expenses."
Japan,2016,Commissioned Research and Investigation Expenses,outlier,verify,53000.0,0.0,0.0,"Amount 53,000 outside expected range [0 – 0] (IQR × 3.0). Possible current/prior year confusion or unit error.",keep,53000.0,thousand,"[""2016 DL201611001.pdf""]",596,1.0,"The current annual total of 53,000 thousand is directly supported by the source document row, which describes the same amount for Commissioned Research Expenses for Science and Technology."
Japan,2018,Commissioned Research and Investigation Expenses,outlier,verify,4002844.0,0.0,0.0,"Amount 4,002,844 outside expected range [0 – 0] (IQR × 3.0). Possible current/prior year confusion or unit error.",keep,4002844.0,thousand,"[""2018 DL201811001.pdf""]",740,1.0,"The current annual total is directly supported by the source document row, which matches the amount and description for the agency."
Japan,2020,Commissioned Research and Investigation Expenses,outlier,verify,9180005.0,0.0,0.0,"Amount 9,180,005 outside expected range [0 – 0] (IQR × 3.0). Possible current/prior year confusion or unit error.",keep,9180005.0,thousand,"[""2020 DL202011001.pdf""]",609,1.0,"The current annual total of 9,180,005 thousand is directly supported by the source document row, which describes the same amount for Commissioned Research Expenses for Science and Technology."
Japan,2017,Expenses for maintenance of research facilities of national university corporations,outlier,verify,10892591.0,0.0,0.0,"Amount 10,892,591 outside expected range [0 – 0] (IQR × 3.0). Possible current/prior year confusion or unit error.",keep,10892591.0,thousand,"[""2017 DL201711001.pdf""]",574,1.0,"The current annual total is directly supported by the source document row, which confirms the amount and its description."
Japan,2017,Subsidy for Facility Development of Quantum Science and Technology Agency,outlier,verify,1952486.0,0.0,0.0,"Amount 1,952,486 outside expected range [0 – 0] (IQR × 3.0). Possible current/prior year confusion or unit error.",keep,1952486.0,thousand,"[""2017 DL201711001.pdf""]",615,1.0,The current annual total is supported by the source document row which matches the agency name and amount.
Japan,2018,Core Rocket Advancement Expenses,outlier,verify,900000.0,0.0,0.0,"Amount 900,000 outside expected range [0 – 0] (IQR × 3.0). Possible current/prior year confusion or unit error.",keep,900000.0,thousand,"[""2018 DL201811001.pdf""]",610.0,1.0,"The current annual total of 900,000 thousand is directly supported by the source document row, which lists the same amount for Core Rocket Advancement Expenses."
Japan,2005,Institute for Science and Technology Policy,outlier,verify,883528.0,0.0,0.0,"Amount 883,528 outside expected range [0 – 0] (IQR × 3.0). Possible current/prior year confusion or unit error.",keep,883528.0,thousand,"[""2005 DL200511001.pdf""]",501,1.0,"The current annual total of 883,528 thousand is directly supported by the source document row, which describes expenses for the Institute for Science and Technology Policy."
Japan,2017,Institute for Science and Technology Policy,outlier,verify,784409.0,0.0,0.0,"Amount 784,409 outside expected range [0 – 0] (IQR × 3.0). Possible current/prior year confusion or unit error.",keep,784409.0,thousand,"[""2017 DL201711001.pdf""]",593,1.0,"The current annual total of 784,409 thousand is directly supported by the source document row, which lists the same amount for the Institute for Science and Technology Policy."
Japan,1990,Test Research Expenses,outlier,verify,154316701.0,0.0,0.0,"Amount 154,316,701 outside expected range [-3,673,850 – 4,898,466] (IQR × 3.0). Possible current/prior year confusion or unit error.",keep,154316701.0,thousand,"[""1990 DL199011001.pdf""]",43,1.0,"The current annual total is directly supported by the source document row, which lists the same amount for the National Institute Nuclear Test Research Expenses."
Japan,1994,Test Research Expenses,outlier,verify,159384618.0,0.0,2317143.0,"Amount 159,384,618 outside expected range [-3,673,850 – 4,898,466] (IQR × 3.0). Possible current/prior year confusion or unit error.",keep,159384618.0,thousand,"[""1994 DL199411001.pdf""]",44,1.0,"The current annual total is directly supported by the source document row, which lists the same amount for the Test Research Expenses."
Japan,1996,Test Research Expenses,outlier,verify,20962533.0,2317143.0,2417923.0,"Amount 20,962,533 outside expected range [-3,673,850 – 4,898,466] (IQR × 3.0). Possible current/prior year confusion or unit error.",keep,20962533.0,thousand,"[""1996 DL199611001.pdf""]",268,1.0,"The current annual total is directly supported by the source document row, which lists the same amount for Test Research Expenses."
Japan,1998,Test Research Expenses,outlier,verify,4000000000.0,2417923.0,3451108.0,"Amount 4,000,000,000 outside expected range [-3,673,850 – 4,898,466] (IQR × 3.0). Possible current/prior year confusion or unit error.",keep,4000000000.0,thousand,"[""1998 DL199811001.pdf""]",36,1.0,The current annual total is supported by the source document row which lists the same amount for the National Institute Nuclear Test Research Expenses.
Japan,2008,Test Research Expenses,outlier,verify,44689750.0,0.0,40260108.0,"Amount 44,689,750 outside expected range [-3,673,850 – 4,898,466] (IQR × 3.0). Possible current/prior year confusion or unit error.",keep,44689750.0,thousand,"[""2008 DL200811001.pdf""]",938,1.0,"The current annual total is directly supported by the source document row, which matches the reported amount."
Japan,2009,Test Research Expenses,outlier,verify,40260108.0,44689750.0,0.0,"Amount 40,260,108 outside expected range [-3,673,850 – 4,898,466] (IQR × 3.0). Possible current/prior year confusion or unit error.",keep,40260108.0,thousand,"[""2009 DL200911001.pdf""]",946,1.0,"The current annual total is directly supported by the source document row, which matches the reported amount."
Japan,2012,Test Research Expenses,outlier,verify,56400000000.0,0.0,289440.0,"Amount 56,400,000,000 outside expected range [-3,673,850 – 4,898,466] (IQR × 3.0). Possible current/prior year confusion or unit error.",keep,56400000000.0,thousand,"[""2012 DL201211001.pdf""]",1055,1.0,"The current annual total is directly supported by the source document row, which lists the same amount for Nuclear Test Research Expenses."
Japan,2018,Quantum Science and Technology Innovation Base Survey and Analysis,outlier,verify,335530.0,0.0,0.0,"Amount 335,530 outside expected range [0 – 0] (IQR × 3.0). Possible current/prior year confusion or unit error.",keep,335530.0,thousand,"[""2018 DL201811001.pdf""]",148,1.0,"The current annual total of 335,530 thousand is directly supported by the source document row, which describes the relevant survey and analysis work."
Japan,1991,Subsidy for Railway Technology Development,outlier,verify,4705150.0,0.0,0.0,"Amount 4,705,150 outside expected range [0 – 0] (IQR × 3.0). Possible current/prior year confusion or unit error.",keep,4705150.0,thousand,"[""1991 DL199111001.pdf""]",726,1.0,"The current annual total is directly supported by the source document row, which confirms the amount for the Railway Technology Development Subsidy."
Japan,2008,Subsidy for Railway Technology Development,outlier,verify,1084477.0,0.0,1116023.0,"Amount 1,084,477 outside expected range [0 – 0] (IQR × 3.0). Possible current/prior year confusion or unit error.",keep,1084477.0,thousand,"[""2008 DL200811001.pdf""]",820,1.0,"The current annual total of 1,084,477 thousand JPY is directly supported by the source document row, which confirms the amount and its description."
Japan,2009,Subsidy for Railway Technology Development,outlier,verify,1116023.0,1084477.0,0.0,"Amount 1,116,023 outside expected range [0 – 0] (IQR × 3.0). Possible current/prior year confusion or unit error.",keep,1116023.0,thousand,"[""2009 DL200911001.pdf""]",828,1.0,"The current annual total of 1,116,023 thousand is directly supported by the source document row, which confirms the amount and unit."
Japan,2013,Subsidy for Railway Technology Development,outlier,verify,646000.0,0.0,556112.0,"Amount 646,000 outside expected range [0 – 0] (IQR × 3.0). Possible current/prior year confusion or unit error.",keep,646000.0,thousand,"[""2013 DL201311001.pdf""]",830,1.0,"The current annual total of 646,000 thousand is directly supported by the source document row, which confirms the amount and its description."
Japan,2014,Subsidy for Railway Technology Development,outlier,verify,556112.0,646000.0,0.0,"Amount 556,112 outside expected range [0 – 0] (IQR × 3.0). Possible current/prior year confusion or unit error.",keep,556112.0,thousand,"[""2014 DL201411001.pdf""]",1085,1.0,"The current annual total of 556,112 thousand is directly supported by the source document row, which confirms the amount and unit."
Japan,2016,Subsidy for Railway Technology Development,outlier,verify,476387.0,0.0,0.0,"Amount 476,387 outside expected range [0 – 0] (IQR × 3.0). Possible current/prior year confusion or unit error.",keep,476387.0,thousand,"[""2016 DL201611001.pdf""]",874,1.0,"The current annual total of 476,387 thousand is directly supported by the source document row, which describes the subsidy for railway technology development expenses."
Japan,2018,Subsidy for Railway Technology Development,outlier,verify,319832.0,0.0,168606.0,"Amount 319,832 outside expected range [0 – 0] (IQR × 3.0). Possible current/prior year confusion or unit error.",keep,319832.0,thousand,"[""2018 DL201811001.pdf""]",879,1.0,"The current annual total of 319,832 thousand is directly supported by the source document row, which lists the same amount for the Subsidy for Railway Technology Development."
Japan,2019,Subsidy for Railway Technology Development,outlier,verify,168606.0,319832.0,0.0,"Amount 168,606 outside expected range [0 – 0] (IQR × 3.0). Possible current/prior year confusion or unit error.",keep,168606.0,thousand,"[""2019 DL201911001.pdf""]",1210,1.0,"The current annual total of 168,606 thousand is directly supported by the source document row, which confirms the amount and unit."
Japan,2022,Subsidy for Railway Technology Development,outlier,verify,102412.0,0.0,0.0,"Amount 102,412 outside expected range [0 – 0] (IQR × 3.0). Possible current/prior year confusion or unit error.",keep,102412.0,thousand,"[""2022 DL202211001.pdf""]",875,1.0,"The current annual total of 102,412 thousand is directly supported by the source document row, which confirms the amount and its description."
Japan,2013,Commissioned Expenses for Basic Science and Technology Research,outlier,verify,48913.0,0.0,0.0,"Amount 48,913 outside expected range [0 – 0] (IQR × 3.0). Possible current/prior year confusion or unit error.",keep,48913.0,thousand,"[""2013 DL201311001.pdf""]",295,1.0,"The current annual total of 48,913 thousand is directly supported by the source document row, which matches the agency name and amount."
Japan,2018,Commissioned Expenses for Basic Science and Technology Research,outlier,verify,275055.0,0.0,0.0,"Amount 275,055 outside expected range [0 – 0] (IQR × 3.0). Possible current/prior year confusion or unit error.",keep,275055.0,thousand,"[""2018 DL201811001.pdf""]",321,1.0,"The current annual total of 275,055 thousand is directly supported by the source document row, which matches the agency name and amount."
Japan,2024,Commissioned Expenses for Basic Science and Technology Research,outlier,verify,728617.0,0.0,0.0,"Amount 728,617 outside expected range [0 – 0] (IQR × 3.0). Possible current/prior year confusion or unit error.",keep,728617.0,thousand,"[""2024 DL202411001.pdf""]",354,1.0,"The current annual total of 728,617 thousand is directly supported by the source document row, which describes the same agency and matches the amount."
Japan,2018,International Scientific and Technological Activities Promotion Expenses,outlier,verify,259856.0,0.0,0.0,"Amount 259,856 outside expected range [0 – 0] (IQR × 3.0). Possible current/prior year confusion or unit error.",keep,259856.0,thousand,"[""2018 DL201811001.pdf""]",572,1.0,"The current annual total of 259,856 thousand is directly supported by the source document row, which describes expenses for promoting international scientific and technological activities."
Japan,2017,Commissioned Research for Industrial Technology Surveys,outlier,verify,174335.0,0.0,0.0,"Amount 174,335 outside expected range [0 – 0] (IQR × 3.0). Possible current/prior year confusion or unit error.",keep,174335.0,thousand,"[""2017 DL201711001.pdf""]",806,1.0,"The current annual total of 174,335 thousand is directly supported by the source document row, which matches the agency name and amount."
Japan,2017,Comprehensive Science and Technology Research Commissioned Expenses,outlier,verify,31913.0,0.0,0.0,"Amount 31,913 outside expected range [0 – 0] (IQR × 3.0). Possible current/prior year confusion or unit error.",keep,31913.0,thousand,"[""2017 DL201711001.pdf""]",585,1.0,"The current annual total of 31,913 thousand is directly supported by the source document row, which matches the agency name and amount."
Japan,2017,Development of Communication Equipment for Antarctic Observation,outlier,verify,30632.0,0.0,0.0,"Amount 30,632 outside expected range [0 – 0] (IQR × 3.0). Possible current/prior year confusion or unit error.",keep,30632.0,thousand,"[""2017 DL201711001.pdf""]",616,1.0,"The current annual total of 30,632 thousand is directly supported by the source document row, which matches the agency name and amount."
Japan,2008,Science and Technology Trial Research Commissioned Expenses,outlier,verify,32440101.0,0.0,0.0,"Amount 32,440,101 outside expected range [0 – 0] (IQR × 3.0). Possible current/prior year confusion or unit error.",keep,32440101.0,thousand,"[""2008 DL200811001.pdf""]",519,1.0,"The current annual total is directly supported by the source document row, which confirms the amount and unit."
Japan,2016,Science and Technology Trial Research Commissioned Expenses,outlier,verify,65362.0,0.0,5000.0,"Amount 65,362 outside expected range [0 – 0] (IQR × 3.0). Possible current/prior year confusion or unit error.",keep,65362.0,thousand,"[""2016 DL201611001.pdf""]",583,1.0,"The current annual total of 65,362 thousand is directly supported by the source document row, which matches the agency name and amount."
Japan,2017,Science and Technology Trial Research Commissioned Expenses,outlier,verify,5000.0,65362.0,0.0,"Amount 5,000 outside expected range [0 – 0] (IQR × 3.0). Possible current/prior year confusion or unit error.",keep,5000.0,thousand,"[""2017 DL201711001.pdf""]",585,1.0,"The current annual total of 5000.0 thousand is directly supported by the source document row, which lists the same amount for the Science and Technology Trial Research Commissioned Expenses."
Japan,2019,Science and Technology Trial Research Commissioned Expenses,outlier,verify,9180005.0,0.0,5000000.0,"Amount 9,180,005 outside expected range [0 – 0] (IQR × 3.0). Possible current/prior year confusion or unit error.",keep,9180005.0,thousand,"[""2019 DL201911001.pdf""]",869,1.0,"The current annual total of 9,180,005 thousand is directly supported by the source document row, which matches the agency name and amount."
Japan,2020,Science and Technology Trial Research Commissioned Expenses,outlier,verify,5000000.0,9180005.0,0.0,"Amount 5,000,000 outside expected range [0 – 0] (IQR × 3.0). Possible current/prior year confusion or unit error.",keep,5000000.0,thousand,"[""2020 DL202011001.pdf""]",628,1.0,"The current annual total of 5,000,000 thousand is directly supported by the source document row, which matches the agency name and amount."
Japan,2016,Expenses for Promoting Research University Enhancement,outlier,verify,233275923.0,0.0,0.0,"Amount 233,275,923 outside expected range [0 – 0] (IQR × 3.0). Possible current/prior year confusion or unit error.",keep,233275923.0,thousand,"[""2016 DL201611001.pdf""]",565,1.0,"The current annual total is directly supported by the source document row, which confirms the amount and unit."
Japan,2005,International Space Station Development Project Subsidy,outlier,verify,13737180.0,0.0,0.0,"Amount 13,737,180 outside expected range [0 – 0] (IQR × 3.0). Possible current/prior year confusion or unit error.",keep,13737180.0,thousand,"[""2005 DL200511001.pdf""]",116,1.0,"The current annual total is directly supported by the source document row, which lists the same amount for the International Space Station development project subsidy."
Japan,2016,International Space Station Development Project Subsidy,outlier,verify,30770243.0,0.0,0.0,"Amount 30,770,243 outside expected range [0 – 0] (IQR × 3.0). Possible current/prior year confusion or unit error.",keep,30770243.0,thousand,"[""2016 DL201611001.pdf""]",146,1.0,"The current annual total is directly supported by the source document row, which lists the same amount for the International Space Station Development Project Subsidy."
Japan,2016,Operating Expenses Grant for National Institute of New Energy and Industrial Technology Development,outlier,verify,7893451.0,0.0,0.0,"Amount 7,893,451 outside expected range [0 – 0] (IQR × 3.0). Possible current/prior year confusion or unit error.",keep,7893451.0,thousand,"[""2016 DL201611001.pdf""]",794,1.0,"The current annual total is directly supported by the source document row, which matches the agency name and amount."
Japan,2016,Subsidies for Practical Development of Industrial Technology,outlier,verify,4000000.0,0.0,0.0,"Amount 4,000,000 outside expected range [0 – 0] (IQR × 3.0). Possible current/prior year confusion or unit error.",keep,4000000.0,thousand,"[""2016 DL201611001.pdf""]",115,1.0,"The current annual total of 4,000,000 thousand is directly supported by the source document row, which lists the same amount for the agency in question."
Japan,2001,Independent Administrative Institution Economic and Industrial Research Institute,outlier,verify,2048919.0,0.0,2038674.0,"Amount 2,048,919 outside expected range [0 – 0] (IQR × 3.0). Possible current/prior year confusion or unit error.",keep,2048919.0,thousand,"[""2001 DL200111001.pdf""]",81,1.0,"The current annual total of 2,048,919 thousand JPY is directly supported by the source document row, which confirms the amount as the operating expenses for the Independent Administrative Institution Economic and Industrial Research Institute."
Japan,2002,Independent Administrative Institution Economic and Industrial Research Institute,outlier,verify,2038674.0,2048919.0,1722947.0,"Amount 2,038,674 outside expected range [0 – 0] (IQR × 3.0). Possible current/prior year confusion or unit error.",keep,2038674.0,thousand,"[""2002 DL200211001.pdf""]",651,1.0,"The current annual total of 2,038,674 thousand is directly supported by the source document row, which states the same amount for the Independent Administrative Institution Economic and Industrial Research Institute."
Japan,2003,Independent Administrative Institution Economic and Industrial Research Institute,outlier,verify,1722947.0,2038674.0,0.0,"Amount 1,722,947 outside expected range [0 – 0] (IQR × 3.0). Possible current/prior year confusion or unit error.",keep,1722947.0,thousand,"[""2003 DL200311001.pdf""]",661,1.0,"The current annual total of 1,722,947 thousand JPY is directly supported by the source document row indicating operating expenses for the agency."
Japan,2016,Independent Administrative Institution Economic and Industrial Research Institute,outlier,verify,41558.0,0.0,0.0,"Amount 41,558 outside expected range [0 – 0] (IQR × 3.0). Possible current/prior year confusion or unit error.",keep,41558.0,thousand,"[""2016 DL201611001.pdf""]",232,1.0,"The current annual total of 41,558 thousand is directly supported by the source document row, which confirms the payment amount to the agency."
Japan,2023,Independent Administrative Institution Economic and Industrial Research Institute,outlier,verify,1900000.0,0.0,0.0,"Amount 1,900,000 outside expected range [0 – 0] (IQR × 3.0). Possible current/prior year confusion or unit error.",keep,1900000.0,thousand,"[""2023 DL202311001.pdf""]",826,1.0,"The current annual total of 1,900,000 thousand JPY is directly supported by the source document row indicating operating expenses for the agency."
Japan,2007,Independent Administrative Institution Product Evaluation Technology Foundation,outlier,verify,7587842.0,0.0,0.0,"Amount 7,587,842 outside expected range [0 – 0] (IQR × 3.0). Possible current/prior year confusion or unit error.",drop,,,"[""2007 DL200711001.pdf""]",66,0.8,"The current total of 7,587,842 thousand JPY is inconsistent with the context of the previous and next years, which are both 0. The evidence suggests that this amount may be a misclassification or confusion with another year."
Japan,2016,Independent Administrative Institution Product Evaluation Technology Foundation,outlier,verify,25221.0,0.0,0.0,"Amount 25,221 outside expected range [0 – 0] (IQR × 3.0). Possible current/prior year confusion or unit error.",keep,25221.0,thousand,"[""2016 DL201611001.pdf""]",232,1.0,"The current annual total of 25,221 thousand JPY is directly supported by the source document row indicating a payment to the Independent Administrative Institution Product Evaluation Technology Foundation."
Japan,2024,Independent Administrative Institution Product Evaluation Technology Foundation,outlier,verify,7720571.0,0.0,0.0,"Amount 7,720,571 outside expected range [0 – 0] (IQR × 3.0). Possible current/prior year confusion or unit error.",correct,7759000.0,thousand,"[""2024 DL202411001.pdf""]",847,0.9,"The amount of 7,759,000 thousand JPY is mentioned in the source document as the operating expenses grant for the agency, which is more consistent than the initially reported amount."
Japan,2012,International Research Hubs Promotion Programme,outlier,verify,2000000.0,0.0,9606400.0,"Amount 2,000,000 outside expected range [0 – 0] (IQR × 3.0). Possible current/prior year confusion or unit error.",keep,2000000.0,thousand,"[""2012 DL201211001.pdf""]",100,1.0,"The current annual total of 2,000,000 thousand JPY is directly supported by the source document row indicating the same amount for the 'Subsidy for Promoting International Research Hub Formation'."
Japan,2013,International Research Hubs Promotion Programme,outlier,verify,9606400.0,2000000.0,0.0,"Amount 9,606,400 outside expected range [0 – 0] (IQR × 3.0). Possible current/prior year confusion or unit error.",correct,2000000.0,thousand,"[""2013 DL201311001.pdf""]",544,0.9,"The current total of 9,606,400 thousand JPY appears to be a confusion with the previous year's amount of 2,000,000 thousand JPY, as the document snippet indicates that the funding for the International Research Hubs Promotion Programme is likely to be consistent with the previous year's total."
Japan,2019,International Research Hubs Promotion Programme,outlier,verify,6746511.0,0.0,0.0,"Amount 6,746,511 outside expected range [0 – 0] (IQR × 3.0). Possible current/prior year confusion or unit error.",keep,6746511.0,thousand,"[""2019 DL201911001.pdf""]",868,1.0,"The current annual total of 6,746,511 thousand JPY is directly supported by the source document row, which confirms the amount and its description."
Japan,2021,International Research Hubs Promotion Programme,outlier,verify,247737711.0,0.0,6097167.0,"Amount 247,737,711 outside expected range [0 – 0] (IQR × 3.0). Possible current/prior year confusion or unit error.",correct,7737711.0,thousand,"[""2021 DL202111001.pdf""]",595,0.9,"The amount of 247,737,711 thousand JPY appears to be a misinterpretation or error, as the relevant document indicates a total of 7,737,711 thousand JPY for the International Research Hubs Promotion Programme."
Japan,2022,International Research Hubs Promotion Programme,outlier,verify,6097167.0,247737711.0,0.0,"Amount 6,097,167 outside expected range [0 – 0] (IQR × 3.0). Possible current/prior year confusion or unit error.",keep,6097167.0,thousand,"[""2022 DL202211001.pdf""]",591,1.0,"The current annual total of 6,097,167 thousand JPY is directly supported by the source document row, which lists the same amount for the International Research Base Formation Promotion Project Subsidy."
Japan,2024,International Research Hubs Promotion Programme,outlier,verify,7148108.0,0.0,0.0,"Amount 7,148,108 outside expected range [0 – 0] (IQR × 3.0). Possible current/prior year confusion or unit error.",keep,7148108.0,thousand,"[""2024 DL202411001.pdf""]",636,1.0,"The current annual total of 7,148,108 thousand JPY is directly supported by the source document row, which lists the same amount for the subsidy related to the International Research Hubs Promotion Programme."
Japan,1989,Expenses necessary for promoting basic and academic research,outlier,verify,1456287.0,0.0,0.0,"Amount 1,456,287 outside expected range [0 – 0] (IQR × 3.0). Possible current/prior year confusion or unit error.",keep,1456287.0,thousand,"[""1989 DL198911001.pdf""]",247,1.0,"The current annual total of 1,456,287 thousand is directly supported by the source document row, which matches the agency description and amount."
Japan,1991,Expenses necessary for promoting basic and academic research,outlier,verify,2183077.0,0.0,0.0,"Amount 2,183,077 outside expected range [0 – 0] (IQR × 3.0). Possible current/prior year confusion or unit error.",keep,2183077.0,thousand,"[""1991 DL199111001.pdf""]",249,1.0,"The current annual total is supported by the source document row, which matches the amount and unit."
Japan,1995,Expenses necessary for promoting basic and academic research,outlier,verify,2071176.0,0.0,0.0,"Amount 2,071,176 outside expected range [0 – 0] (IQR × 3.0). Possible current/prior year confusion or unit error.",keep,2071176.0,thousand,"[""1995 DL199511001.pdf""]",260,1.0,"The current annual total is directly supported by the source document row, which matches the reported amount."
Japan,1997,Expenses necessary for promoting basic and academic research,outlier,verify,2448150.0,0.0,0.0,"Amount 2,448,150 outside expected range [0 – 0] (IQR × 3.0). Possible current/prior year confusion or unit error.",keep,2448150.0,thousand,"[""1997 DL199711001.pdf""]",264,1.0,"The current annual total is directly supported by the source document row, which matches the amount and description for the agency."
Japan,1999,Expenses necessary for promoting basic and academic research,outlier,verify,2779446.0,0.0,2778931.0,"Amount 2,779,446 outside expected range [0 – 0] (IQR × 3.0). Possible current/prior year confusion or unit error.",keep,2779446.0,thousand,"[""1999 DL199911001.pdf""]",275,1.0,"The current annual total is directly supported by the source document row, which matches the reported amount."
Japan,2000,Expenses necessary for promoting basic and academic research,outlier,verify,2778931.0,2779446.0,0.0,"Amount 2,778,931 outside expected range [0 – 0] (IQR × 3.0). Possible current/prior year confusion or unit error.",keep,2778931.0,thousand,"[""2000 DL200011001.pdf""]",336,1.0,The current annual total is supported by the source document row which matches the amount and description for the agency.
Japan,2003,Expenses necessary for promoting basic and academic research,outlier,verify,10000000.0,0.0,0.0,"Amount 10,000,000 outside expected range [0 – 0] (IQR × 3.0). Possible current/prior year confusion or unit error.",keep,10000000.0,thousand,"[""2003 DL200311001.pdf""]",671,1.0,"The current annual total of 10,000,000 thousand is supported by the source document row, which describes a valid program related to the agency's purpose."
Japan,2005,Expenses necessary for promoting basic and academic research,outlier,verify,2194514.0,0.0,0.0,"Amount 2,194,514 outside expected range [0 – 0] (IQR × 3.0). Possible current/prior year confusion or unit error.",keep,2194514.0,thousand,"[""2005 DL200511001.pdf""]",479,1.0,"The current annual total is directly supported by the source document row, which matches the amount and unit."
Japan,2023,Expenses necessary for promoting basic and academic research,outlier,verify,245707729.0,0.0,0.0,"Amount 245,707,729 outside expected range [0 – 0] (IQR × 3.0). Possible current/prior year confusion or unit error.",keep,245707729.0,thousand,"[""2023 DL202311001.pdf""]",605,1.0,"The current annual total is directly supported by the source document row, which matches the agency description and amount."
Japan,2009,Expenses necessary for the promotion of academic research,outlier,verify,197865326.0,0.0,538010597.0,"Amount 197,865,326 outside expected range [0 – 0] (IQR × 3.0). Possible current/prior year confusion or unit error.",keep,197865326.0,thousand,"[""2009 DL200911001.pdf""]",513,1.0,"The current annual total of 197,865,326 thousand is directly supported by the source document row, which confirms the amount for 'Expenses necessary for the promotion of academic research'."
Japan,2010,Expenses necessary for the promotion of academic research,outlier,verify,538010597.0,197865326.0,0.0,"Amount 538,010,597 outside expected range [0 – 0] (IQR × 3.0). Possible current/prior year confusion or unit error.",keep,538010597.0,thousand,"[""2010 DL201011001.pdf""]",517,1.0,"The current annual total of 538,010,597 thousand JPY is directly supported by the source document row, which matches the agency description."
Japan,2013,Expenses necessary for the promotion of academic research,outlier,verify,245172990.0,0.0,0.0,"Amount 245,172,990 outside expected range [0 – 0] (IQR × 3.0). Possible current/prior year confusion or unit error.",keep,245172990.0,thousand,"[""2013 DL201311001.pdf""]",531,1.0,"The current annual total of 245,172,990 thousand is directly supported by the source document row, which lists the same amount for 'Expenses necessary for the promotion of academic research'."
Japan,2015,Expenses necessary for the promotion of academic research,outlier,verify,234403713.0,0.0,233275923.0,"Amount 234,403,713 outside expected range [0 – 0] (IQR × 3.0). Possible current/prior year confusion or unit error.",correct,233907211.0,thousand,"[""2015 DL201511001.pdf""]",566,0.9,"The amount of 234,403,713 thousand JPY is inconsistent with the budget amount of 233,907,211 thousand JPY mentioned in the document snippet, which is likely the correct figure for the promotion of academic research."
Japan,2016,Expenses necessary for the promotion of academic research,outlier,verify,233275923.0,234403713.0,0.0,"Amount 233,275,923 outside expected range [0 – 0] (IQR × 3.0). Possible current/prior year confusion or unit error.",keep,233275923.0,thousand,"[""2016 DL201611001.pdf""]",565,1.0,"The current annual total of 233,275,923 thousand JPY is directly supported by the source document row, which lists the same amount for 'Expenses necessary for the promotion of academic research'."
Japan,2013,Academic Research Grant Fund Subsidy,outlier,verify,102296000.0,0.0,98367000.0,"Amount 102,296,000 outside expected range [0 – 0] (IQR × 3.0). Possible current/prior year confusion or unit error.",keep,102296000.0,thousand,"[""2013 DL201311001.pdf""]",544,1.0,"The current annual total of 102,296,000 thousand is directly supported by the source document row, which lists the same amount for the Academic Research Grant Fund Subsidy."
Japan,2014,Academic Research Grant Fund Subsidy,outlier,verify,98367000.0,102296000.0,0.0,"Amount 98,367,000 outside expected range [0 – 0] (IQR × 3.0). Possible current/prior year confusion or unit error.",keep,98367000.0,thousand,"[""2014 DL201411001.pdf""]",787,1.0,"The current annual total of 98,367,000 thousand is directly supported by the source document row, which lists the same amount for the Academic Research Grant Fund Subsidy."
Japan,2019,Academic Research Grant Fund Subsidy,outlier,verify,86882000.0,0.0,0.0,"Amount 86,882,000 outside expected range [0 – 0] (IQR × 3.0). Possible current/prior year confusion or unit error.",keep,86882000.0,thousand,"[""2019 DL201911001.pdf""]",868,1.0,"The current annual total of 86,882,000 thousand is directly supported by the source document row, which lists the same amount for the Academic Research Grant Fund Subsidy."
Japan,2018,Science and Technology Innovation Promotion Expenses,outlier,verify,55500000.0,0.0,0.0,"Amount 55,500,000 outside expected range [0 – 0] (IQR × 3.0). Possible current/prior year confusion or unit error.",keep,55500000.0,thousand,"[""2018 DL201811001.pdf""]",321,1.0,"The current annual total of 55,500,000 thousand is directly supported by the source document row, which confirms the amount and unit."
Japan,2021,Science and Technology Innovation Promotion Expenses,outlier,verify,548357.0,0.0,55500000.0,"Amount 548,357 outside expected range [0 – 0] (IQR × 3.0). Possible current/prior year confusion or unit error.",keep,548357.0,thousand,"[""2021 DL202111001.pdf""]",336,1.0,"The current annual total of 548,357 thousand is supported by the source document row, which details the amount for commissioned basic research surveys for science and technology."
Japan,2022,Science and Technology Innovation Promotion Expenses,outlier,verify,55500000.0,548357.0,55500000.0,"Amount 55,500,000 outside expected range [0 – 0] (IQR × 3.0). Possible current/prior year confusion or unit error.",keep,55500000.0,thousand,"[""2022 DL202211001.pdf""]",329,1.0,"The current annual total of 55,500,000 thousand is directly supported by the source document row, which describes expenses for promoting science and technology innovation."
Japan,2023,Science and Technology Innovation Promotion Expenses,outlier,verify,55500000.0,55500000.0,728617.0,"Amount 55,500,000 outside expected range [0 – 0] (IQR × 3.0). Possible current/prior year confusion or unit error.",keep,55500000.0,thousand,"[""2023 DL202311001.pdf""]",340,1.0,"The current annual total of 55,500,000 thousand is supported by the source document row, which describes expenses for promoting science and technology innovation."
Japan,2024,Science and Technology Innovation Promotion Expenses,outlier,verify,728617.0,55500000.0,0.0,"Amount 728,617 outside expected range [0 – 0] (IQR × 3.0). Possible current/prior year confusion or unit error.",keep,728617.0,thousand,"[""2024 DL202411001.pdf""]",354,1.0,"The current annual total of 728,617 thousand is supported by the source document row, which details commissioned expenses for basic science and technology research."
Japan,2021,Promotion Expenses for Science and Technology Innovation Creation,outlier,verify,55500000.0,0.0,0.0,"Amount 55,500,000 outside expected range [0 – 0] (IQR × 3.0). Possible current/prior year confusion or unit error.",keep,55500000.0,thousand,"[""2021 DL202111001.pdf""]",53,1.0,"The current annual total of 55,500,000 thousand is directly supported by the source document row, which matches the agency name and amount."
Japan,2024,National Agriculture and Food Research Organization Operating Expenses Grant,outlier,verify,51000000.0,0.0,0.0,"Amount 51,000,000 outside expected range [0 – 0] (IQR × 3.0). Possible current/prior year confusion or unit error.",keep,51000000.0,thousand,"[""2024 DL202411001.pdf""]",787,1.0,"The current annual total of 51,000,000 thousand is directly supported by the source document row, which describes the operating expenses grant for the National Agriculture and Food Research Organization."
Japan,2004,International Space Station Development Fund Subsidy,outlier,verify,22311776.0,0.0,0.0,"Amount 22,311,776 outside expected range [0 – 0] (IQR × 3.0). Possible current/prior year confusion or unit error.",keep,22311776.0,thousand,"[""2004 DL200411001.pdf""]",501,1.0,"The current annual total is directly supported by the source document row, which lists the same amount for the International Space Station Development Fund Subsidy."
Japan,2015,Space Development and Utilization Policy Expenses,outlier,verify,15037547.0,0.0,0.0,"Amount 15,037,547 outside expected range [0 – 0] (IQR × 3.0). Possible current/prior year confusion or unit error.",keep,15037547.0,thousand,"[""2015 DL201511001.pdf""]",314,1.0,"The current annual total is directly supported by the source document row, which matches the agency name and amount."
Japan,2020,Research Base Formation Subsidy,outlier,verify,12764124.0,0.0,0.0,"Amount 12,764,124 outside expected range [0 – 0] (IQR × 3.0). Possible current/prior year confusion or unit error.",keep,12764124.0,thousand,"[""2020 DL202011001.pdf""]",606,1.0,"The current annual total is directly supported by the source document row, which lists the same amount for the Research Base Formation Subsidy."
Japan,2023,Research Base Formation Subsidy,outlier,verify,14955042.0,0.0,0.0,"Amount 14,955,042 outside expected range [0 – 0] (IQR × 3.0). Possible current/prior year confusion or unit error.",keep,14955042.0,thousand,"[""2023 DL202311001.pdf""]",105,1.0,The current annual total is supported by the source document row which lists the same amount for the Research Base Formation Subsidy.
Japan,2016,Research Facility Development Expenses for National University Corporations,outlier,verify,2337.597,0.0,0.0,"Amount 2,338 outside expected range [0 – 0] (IQR × 3.0). Possible current/prior year confusion or unit error.",keep,2337.597,thousand,"[""2016 DL201611001.pdf""]",568,1.0,"The current annual total of 2337.597 thousand is supported by the source document row, which explicitly lists the same amount for fusion research facility development expenses."
Japan,2024,Research Facility Development Expenses for National University Corporations,outlier,verify,12627401.0,0.0,0.0,"Amount 12,627,401 outside expected range [0 – 0] (IQR × 3.0). Possible current/prior year confusion or unit error.",keep,12627401.0,thousand,"[""2024 DL202411001.pdf""]",624,1.0,"The current annual total is directly supported by the source document row, which lists the same amount for the specified agency."
Japan,2024,Subsidy for Promoting the Formation of International Research Centers,outlier,verify,7148108.0,0.0,0.0,"Amount 7,148,108 outside expected range [0 – 0] (IQR × 3.0). Possible current/prior year confusion or unit error.",keep,7148108.0,thousand,"[""2024 DL202411001.pdf""]",636,1.0,"The current annual total is directly supported by the source document row, which lists the same amount for the specified agency."
Japan,2017,Operating expenses grant for Disaster Prevention Research Institute,outlier,verify,7100419.0,0.0,0.0,"Amount 7,100,419 outside expected range [0 – 0] (IQR × 3.0). Possible current/prior year confusion or unit error.",keep,7100419.0,thousand,"[""2017 DL201711001.pdf""]",588,1.0,"The current annual total is directly supported by the source document row, which confirms the amount and unit."
Japan,2020,National Cancer Center Operating Expenses Grant,outlier,verify,6459097.0,0.0,0.0,"Amount 6,459,097 outside expected range [0 – 0] (IQR × 3.0). Possible current/prior year confusion or unit error.",keep,6459097.0,thousand,"[""2020 DL202011001.pdf""]",650,1.0,"The current annual total of 6,459,097 thousand is directly supported by the source document row, which describes necessary expenses for the operating expenses grant of the National Cancer Center."
Japan,2013,International Research Base Formation Promotion Project Subsidy,outlier,verify,9606400.0,0.0,0.0,"Amount 9,606,400 outside expected range [0 – 0] (IQR × 3.0). Possible current/prior year confusion or unit error.",keep,9606400.0,thousand,"[""2013 DL201311001.pdf""]",544,1.0,"The current annual total of 9,606,400 thousand is directly supported by the source document row, which matches the agency name and amount."
Japan,2022,International Research Base Formation Promotion Project Subsidy,outlier,verify,6097167.0,0.0,0.0,"Amount 6,097,167 outside expected range [0 – 0] (IQR × 3.0). Possible current/prior year confusion or unit error.",keep,6097167.0,thousand,"[""2022 DL202211001.pdf""]",591,1.0,"The current annual total of 6,097,167 thousand is directly supported by the source document row, which matches the agency name and amount."
Japan,2021,"Promotion of Innovation and Technology Development in Agriculture, Forestry and Fisheries",outlier,verify,5533767.0,0.0,0.0,"Amount 5,533,767 outside expected range [0 – 0] (IQR × 3.0). Possible current/prior year confusion or unit error.",keep,5533767.0,thousand,"[""2021 DL202111001.pdf""]",763,1.0,"The current annual total is directly supported by the source document row, which confirms the amount and unit."
Japan,2008,Comprehensive Promotion of Environmental Research,outlier,verify,4033000.0,0.0,0.0,"Amount 4,033,000 outside expected range [0 – 0] (IQR × 3.0). Possible current/prior year confusion or unit error.",keep,4033000.0,thousand,"[""2008 DL200811001.pdf""]",908,1.0,"The current annual total of 4,033,000 thousand is directly supported by the source document row, which lists the same amount for the Comprehensive Promotion of Environmental Research."
Japan,2015,Comprehensive Promotion of Environmental Research,outlier,verify,5386860.0,0.0,5100000.0,"Amount 5,386,860 outside expected range [0 – 0] (IQR × 3.0). Possible current/prior year confusion or unit error.",keep,5386860.0,thousand,"[""2015 DL201511001.pdf""]",999,1.0,"The current annual total is directly supported by the source document row, which confirms the amount for the comprehensive promotion of environmental research."
Japan,2016,Comprehensive Promotion of Environmental Research,outlier,verify,5100000.0,5386860.0,0.0,"Amount 5,100,000 outside expected range [0 – 0] (IQR × 3.0). Possible current/prior year confusion or unit error.",keep,5100000.0,thousand,"[""2016 DL201611001.pdf""]",991,1.0,"The current annual total of 5,100,000 thousand is directly supported by the source document row, which lists the same amount for the Comprehensive Promotion of Environmental Research."
Japan,2018,"Operating expenses grant for the National Institute of Biomedical Innovation, Health and Nutrition",outlier,verify,3674953.0,0.0,0.0,"Amount 3,674,953 outside expected range [0 – 0] (IQR × 3.0). Possible current/prior year confusion or unit error.",keep,3674953.0,thousand,"[""2018 DL201811001.pdf""]",666,1.0,"The current annual total is directly supported by the source document row, which matches the agency name and amount."
Japan,2024,"Operating expenses grant for the National Institute of Biomedical Innovation, Health and Nutrition",outlier,verify,6729156.0,0.0,0.0,"Amount 6,729,156 outside expected range [0 – 0] (IQR × 3.0). Possible current/prior year confusion or unit error.",keep,6729156.0,thousand,"[""2024 DL202411001.pdf""]",743,1.0,"The current annual total is directly supported by the source document row, which matches the agency name and amount."
Japan,2019,International Thermonuclear Fusion Energy Organization Contribution,outlier,verify,4782768.0,0.0,0.0,"Amount 4,782,768 outside expected range [0 – 0] (IQR × 3.0). Possible current/prior year confusion or unit error.",keep,4782768.0,thousand,"[""2019 DL201911001.pdf""]",870,1.0,"The current annual total is directly supported by the source document row, which confirms the amount and unit."
Japan,2015,Subsidy for Facility Development for Advanced Research at National University Corporations,outlier,verify,4371748.0,0.0,0.0,"Amount 4,371,748 outside expected range [0 – 0] (IQR × 3.0). Possible current/prior year confusion or unit error.",keep,4371748.0,thousand,"[""2015 DL201511001.pdf""]",578,1.0,"The current annual total of 4,371,748 thousand JPY is directly supported by the source document row, which matches the agency name and amount."
Japan,2020,National Center of Neurology and Psychiatry Operating Expenses Grant,outlier,verify,4020349.0,0.0,0.0,"Amount 4,020,349 outside expected range [0 – 0] (IQR × 3.0). Possible current/prior year confusion or unit error.",keep,4020349.0,thousand,"[""2020 DL202011001.pdf""]",650,1.0,"The current annual total is supported by the source document row, which confirms the amount for the operating expenses grant."
Japan,2020,National Cerebral and Cardiovascular Center Operating Expenses Grant,outlier,verify,3984461.0,0.0,0.0,"Amount 3,984,461 outside expected range [0 – 0] (IQR × 3.0). Possible current/prior year confusion or unit error.",keep,3984461.0,thousand,"[""2020 DL202011001.pdf""]",650,1.0,"The current annual total is supported by the source document row, which confirms the amount for the operating expenses grant."
Japan,2017,"Operating Subsidy for the International Research Center for Agriculture, Forestry and Fisheries",outlier,verify,3545750.0,0.0,0.0,"Amount 3,545,750 outside expected range [0 – 0] (IQR × 3.0). Possible current/prior year confusion or unit error.",keep,3545750.0,thousand,"[""2017 DL201711001.pdf""]",744,1.0,"The current annual total of 3,545,750 thousand JPY is directly supported by the source document row, which confirms the amount and agency name."
Japan,2020,Subsidy for Establishing Research Bases for Next-Generation AI Technologies,outlier,verify,3249000.0,0.0,0.0,"Amount 3,249,000 outside expected range [0 – 0] (IQR × 3.0). Possible current/prior year confusion or unit error.",keep,3249000.0,thousand,"[""2020 DL202011001.pdf""]",609,1.0,"The current annual total of 3,249,000 thousand JPY is directly supported by the source document row, which matches the agency name and amount."
Japan,2015,Basic Research Operations Grant for National Agriculture and Food Research Organization,outlier,verify,1307252.0,0.0,0.0,"Amount 1,307,252 outside expected range [0 – 0] (IQR × 3.0). Possible current/prior year confusion or unit error.",keep,1307252.0,thousand,"[""2015 DL201511001.pdf""]",735,1.0,"The current annual total of 1,307,252 thousand is directly supported by the source document row provided, which matches the agency name and amount."
Japan,2024,Basic Research Operations Grant for National Agriculture and Food Research Organization,outlier,verify,3125059.0,0.0,0.0,"Amount 3,125,059 outside expected range [0 – 0] (IQR × 3.0). Possible current/prior year confusion or unit error.",keep,3125059.0,thousand,"[""2024 DL202411001.pdf""]",787,1.0,"The current annual total is supported by the source document row, which matches the amount and description for the agency."
Japan,2018,Subsidy for Health and Welfare Administration Promotion Research Project,outlier,verify,3023071.0,0.0,0.0,"Amount 3,023,071 outside expected range [0 – 0] (IQR × 3.0). Possible current/prior year confusion or unit error.",keep,3023071.0,thousand,"[""2018 DL201811001.pdf""]",666,1.0,"The current annual total of 3,023,071 thousand is directly supported by the source document row, which matches the agency name and amount."
Japan,2015,National Center for Geriatrics and Gerontology,outlier,verify,1156559.0,0.0,0.0,"Amount 1,156,559 outside expected range [0 – 0] (IQR × 3.0). Possible current/prior year confusion or unit error.",correct,19558.0,thousand,"[""2015 DL201511001.pdf""]",229,0.9,"The amount of 1,156,559 thousand JPY is inconsistent with the context of the neighboring years and the specific line item for the National Center for Geriatrics and Gerontology, which indicates a budget of 19,558 thousand JPY for that year."
Japan,2020,National Center for Geriatrics and Gerontology,outlier,verify,2972260.0,0.0,0.0,"Amount 2,972,260 outside expected range [0 – 0] (IQR × 3.0). Possible current/prior year confusion or unit error.",keep,2972260.0,thousand,"[""2020 DL202011001.pdf""]",650,1.0,"The current annual total of 2,972,260 thousand JPY is directly supported by the source document row, which specifies the same amount for necessary expenses related to the National Center for Geriatrics and Gerontology."
Japan,2018,Core Rocket Advancement Promotion Subsidy,outlier,verify,1000000.0,0.0,4048215.0,"Amount 1,000,000 outside expected range [0 – 0] (IQR × 3.0). Possible current/prior year confusion or unit error.",keep,1000000.0,thousand,"[""2018 DL201811001.pdf""]",610,1.0,"The current annual total of 1,000,000 thousand is directly supported by the source document row, which lists the same amount for the Core Rocket Advancement Promotion Subsidy."
Japan,2019,Core Rocket Advancement Promotion Subsidy,outlier,verify,4048215.0,1000000.0,0.0,"Amount 4,048,215 outside expected range [0 – 0] (IQR × 3.0). Possible current/prior year confusion or unit error.",keep,4048215.0,thousand,"[""2019 DL201911001.pdf""]",869,1.0,"The current annual total of 4,048,215 thousand JPY is directly supported by the source document row, which lists the same amount for the Core Rocket Advancement Promotion Subsidy."
Japan,2016,Public Service Science and Technology Innovation Creation Infrastructure Survey and Analysis Business,outlier,verify,2431517.0,0.0,0.0,"Amount 2,431,517 outside expected range [0 – 0] (IQR × 3.0). Possible current/prior year confusion or unit error.",keep,2431517.0,thousand,"[""2016 DL201611001.pdf""]",601,1.0,"The current annual total of 2,431,517 thousand is directly supported by the source document row, which matches the agency name and amount."
Japan,1998,Antarctic Region Observation Project,outlier,verify,5000000000.0,3977699.0,2938685.0,"Amount 5,000,000,000 outside expected range [-9,353,626 – 12,471,502] (IQR × 3.0). Possible current/prior year confusion or unit error.",drop,5000.0,thousand,"[""1998 DL199811001.pdf""]",64,0.9,"The amount of 5,000,000,000 thousand is likely a unit error; the correct interpretation should be 5,000 thousand based on the context of the document."
Japan,2006,Antarctic Region Observation Project,outlier,verify,4860000000.0,1008770.0,1672107.0,"Amount 4,860,000,000 outside expected range [-9,353,626 – 12,471,502] (IQR × 3.0). Possible current/prior year confusion or unit error.",keep,4860000000.0,thousand,"[""2006 DL200611001.pdf""]",867,1.0,"The current annual total is directly supported by the source document row, which lists the same amount for the Antarctic Region Observation Project."
Japan,2010,Antarctic Region Observation Project,outlier,verify,52700000.0,5736000.0,0.0,"Amount 52,700,000 outside expected range [-9,353,626 – 12,471,502] (IQR × 3.0). Possible current/prior year confusion or unit error.",keep,52700000.0,thousand,"[""2010 DL201011001.pdf""]",980,1.0,"The current annual total of 52,700,000 thousand is directly supported by the source document row, which lists the Antarctic region observation project expenses with the same amount."
Japan,2024,Subsidy for Research Bases for Social Implementation of AI and Other Technologies,outlier,verify,2089385.0,0.0,0.0,"Amount 2,089,385 outside expected range [0 – 0] (IQR × 3.0). Possible current/prior year confusion or unit error.",keep,2089385.0,thousand,"[""2024 DL202411001.pdf""]",636,1.0,"The current annual total of 2,089,385 thousand JPY is directly supported by the source document row, which matches the agency name and amount."
Japan,2022,Subsidy for Promoting the Advancement of Core Rockets,outlier,verify,815000.0,0.0,0.0,"Amount 815,000 outside expected range [0 – 0] (IQR × 3.0). Possible current/prior year confusion or unit error.",keep,815000.0,thousand,"[""2022 DL202211001.pdf""]",618,1.0,"The current annual total of 815,000 thousand is directly supported by the source document row, which lists the same amount for the specified agency."
Japan,2024,Subsidy for Promoting the Advancement of Core Rockets,outlier,verify,3242403.0,0.0,0.0,"Amount 3,242,403 outside expected range [0 – 0] (IQR × 3.0). Possible current/prior year confusion or unit error.",keep,3242403.0,thousand,"[""2024 DL202411001.pdf""]",637,1.0,"The current annual total of 3,242,403 thousand is directly supported by the source document row, which lists the same amount for the specified agency."
Japan,2020,Development of the next generation earthquake and tsunami monitoring system,outlier,verify,1983040.0,0.0,0.0,"Amount 1,983,040 outside expected range [0 – 0] (IQR × 3.0). Possible current/prior year confusion or unit error.",keep,1983040.0,thousand,"[""2020 DL202011001.pdf""]",184,1.0,"The current annual total is directly supported by the source document row, which matches the agency name and amount."
Japan,2015,National Center for Child Health and Development,outlier,verify,1929369.0,0.0,0.0,"Amount 1,929,369 outside expected range [0 – 0] (IQR × 3.0). Possible current/prior year confusion or unit error.",correct,26497.0,thousand,"[""2015 DL201511001.pdf""]",228,0.9,"The total amount of 1,929,369 thousand JPY is inconsistent with the other entries for the National Center for Child Health and Development, which show a total of 26,497 thousand JPY for that year."
Japan,2020,National Center for Child Health and Development,outlier,verify,3191121.0,0.0,0.0,"Amount 3,191,121 outside expected range [0 – 0] (IQR × 3.0). Possible current/prior year confusion or unit error.",keep,3191121.0,thousand,"[""2020 DL202011001.pdf""]",650,1.0,"The current annual total of 3,191,121 thousand JPY is directly supported by the source document row, which specifies the same amount for necessary expenses related to the National Center for Child Health and Development."
Japan,2012,Subsidy for Human Resource Development in Science and Technology,outlier,verify,5000000.0,0.0,0.0,"Amount 5,000,000 outside expected range [0 – 0] (IQR × 3.0). Possible current/prior year confusion or unit error.",keep,5000000.0,thousand,"[""2012 DL201211001.pdf""]",100,1.0,"The current annual total of 5,000,000 thousand is directly supported by the source document row, which confirms the amount and unit."
Japan,2024,Subsidy for Human Resource Development in Science and Technology,outlier,verify,1837385.0,0.0,0.0,"Amount 1,837,385 outside expected range [0 – 0] (IQR × 3.0). Possible current/prior year confusion or unit error.",keep,1837385.0,thousand,"[""2024 DL202411001.pdf""]",636,1.0,"The current annual total is directly supported by the source document row, which lists the same amount for the specified agency."
Japan,2015,National Cancer Center,outlier,verify,1809683.0,0.0,0.0,"Amount 1,809,683 outside expected range [0 – 0] (IQR × 3.0). Possible current/prior year confusion or unit error.",correct,145762.0,thousand,"[""2015 DL201511001.pdf""]",229,0.9,"The amount of 1,809,683 thousand JPY is inconsistent with the other entries for the National Cancer Center, which shows a total of 145,762 thousand JPY for the same year."
Japan,2020,National Cancer Center,outlier,verify,6459097.0,0.0,0.0,"Amount 6,459,097 outside expected range [0 – 0] (IQR × 3.0). Possible current/prior year confusion or unit error.",keep,6459097.0,thousand,"[""2020 DL202011001.pdf""]",650,1.0,"The current annual total of 6,459,097 thousand is directly supported by the source document row, which states the same amount for necessary expenses for the National Cancer Center."
Japan,2019,Environmental Research and Technology Development Expenses,outlier,verify,1661552.0,0.0,0.0,"Amount 1,661,552 outside expected range [0 – 0] (IQR × 3.0). Possible current/prior year confusion or unit error.",keep,1661552.0,thousand,"[""2019 DL201911001.pdf""]",1382,1.0,"The current annual total of 1,661,552 thousand is directly supported by the source document row, which describes expenses for environmental research and technology development."
Japan,2014,Science and Technology Innovation Creation Fund,outlier,verify,50000000.0,0.0,0.0,"Amount 50,000,000 outside expected range [0 – 0] (IQR × 3.0). Possible current/prior year confusion or unit error.",keep,50000000.0,thousand,"[""2014 DL201411001.pdf""]",60,1.0,"The current annual total of 50,000,000 thousand is directly supported by the source document row, which describes the promotion of science and technology innovation creation expenses."
Japan,2016,Science and Technology Innovation Creation Fund,outlier,verify,2431517.0,0.0,50000000.0,"Amount 2,431,517 outside expected range [0 – 0] (IQR × 3.0). Possible current/prior year confusion or unit error.",keep,2431517.0,thousand,"[""2016 DL201611001.pdf""]",601,1.0,"The current annual total is supported by the source document row, which lists the same amount for the relevant line item."
Japan,2017,Science and Technology Innovation Creation Fund,outlier,verify,50000000.0,2431517.0,1271739.0,"Amount 50,000,000 outside expected range [0 – 0] (IQR × 3.0). Possible current/prior year confusion or unit error.",keep,50000000.0,thousand,"[""2017 DL201711001.pdf""]",320,1.0,"The source document clearly states an amount of 50,000,000 thousand JPY for the promotion of the Science and Technology Innovation Creation Fund, which supports the current annual total."
Japan,2018,Science and Technology Innovation Creation Fund,outlier,verify,1271739.0,50000000.0,0.0,"Amount 1,271,739 outside expected range [0 – 0] (IQR × 3.0). Possible current/prior year confusion or unit error.",keep,1271739.0,thousand,"[""2018 DL201811001.pdf""]",572,1.0,"The current annual total of 1,271,739 thousand JPY is directly supported by the source document row, which describes expenses for the agency's functions."
Japan,2020,Science and Technology Innovation Creation Fund,outlier,verify,250000.0,0.0,55500000.0,"Amount 250,000 outside expected range [0 – 0] (IQR × 3.0). Possible current/prior year confusion or unit error.",keep,250000.0,thousand,"[""2020 DL202011001.pdf""]",149,1.0,"The current annual total of 250,000 thousand JPY is directly supported by the source document row, which describes a specific line item related to the agency."
Japan,2021,Science and Technology Innovation Creation Fund,outlier,verify,55500000.0,250000.0,55499999.0,"Amount 55,500,000 outside expected range [0 – 0] (IQR × 3.0). Possible current/prior year confusion or unit error.",keep,55500000.0,thousand,"[""2021 DL202111001.pdf""]",53,1.0,"The current annual total of 55,500,000 thousand is directly supported by the source document row, which details promotion expenses for the agency."
Japan,2022,Science and Technology Innovation Creation Fund,outlier,verify,55499999.0,55500000.0,350000.0,"Amount 55,499,999 outside expected range [0 – 0] (IQR × 3.0). Possible current/prior year confusion or unit error.",keep,55499999.0,thousand,"[""2022 DL202211001.pdf""]",62,1.0,"The current annual total of 55,499,999 thousand is directly supported by the source document row, which describes the program total for the Science and Technology Innovation Creation Fund."
Japan,2023,Science and Technology Innovation Creation Fund,outlier,verify,350000.0,55499999.0,0.0,"Amount 350,000 outside expected range [0 – 0] (IQR × 3.0). Possible current/prior year confusion or unit error.",keep,350000.0,thousand,"[""2023 DL202311001.pdf""]",643,1.0,"The current annual total of 350,000 thousand JPY is supported by the source document row, which is consistent and clearly states the amount for the relevant agency."
Japan,2024,Subsidy for Promoting Research Related to Decommissioning,outlier,verify,1247734.0,0.0,0.0,"Amount 1,247,734 outside expected range [0 – 0] (IQR × 3.0). Possible current/prior year confusion or unit error.",keep,1247734.0,thousand,"[""2024 DL202411001.pdf""]",637,1.0,"The current annual total of 1,247,734 thousand is directly supported by the source document row, which matches the agency name and amount."
Japan,2007,Industrial Technology Practical Application Development Project Subsidy,outlier,verify,633657.0,0.0,0.0,"Amount 633,657 outside expected range [0 – 0] (IQR × 3.0). Possible current/prior year confusion or unit error.",keep,633657.0,thousand,"[""2007 DL200711001.pdf""]",679,1.0,"The current annual total of 633,657 thousand is directly supported by the source document row, which matches the agency name and amount."
Japan,2015,Industrial Technology Practical Application Development Project Subsidy,outlier,verify,1450000.0,0.0,0.0,"Amount 1,450,000 outside expected range [0 – 0] (IQR × 3.0). Possible current/prior year confusion or unit error.",keep,1450000.0,thousand,"[""2015 DL201511001.pdf""]",805,1.0,"The current annual total of 1,450,000 thousand is directly supported by the source document row, which matches the agency name and amount."
Japan,2020,Industrial Technology Practical Application Development Project Subsidy,outlier,verify,296974.0,0.0,0.0,"Amount 296,974 outside expected range [0 – 0] (IQR × 3.0). Possible current/prior year confusion or unit error.",keep,296974.0,thousand,"[""2020 DL202011001.pdf""]",910,1.0,"The current annual total of 296,974 thousand is directly supported by the source document row, which matches the agency name and amount."
Japan,2022,Promotion of Earthquake Research,outlier,verify,780000.0,0.0,0.0,"Amount 780,000 outside expected range [0 – 0] (IQR × 3.0). Possible current/prior year confusion or unit error.",keep,780000.0,thousand,"[""2022 DL202211001.pdf""]",142,1.0,"The current annual total of 780,000 thousand is directly supported by the source document row, which describes the funding for the Promotion of Earthquake Research."
Japan,2024,Subsidy for Forming Shared Use and Joint Research Centers,outlier,verify,716790.0,0.0,0.0,"Amount 716,790 outside expected range [0 – 0] (IQR × 3.0). Possible current/prior year confusion or unit error.",keep,716790.0,thousand,"[""2024 DL202411001.pdf""]",636,1.0,"The current annual total of 716,790 thousand is directly supported by the source document row, which matches the agency name and amount."
Japan,2024,Subsidy for Promoting the Maintenance of Test Research Reactors,outlier,verify,600000.0,0.0,0.0,"Amount 600,000 outside expected range [0 – 0] (IQR × 3.0). Possible current/prior year confusion or unit error.",keep,600000.0,thousand,"[""2024 DL202411001.pdf""]",637,1.0,"The current annual total of 600,000 thousand is directly supported by the source document row, which matches the agency name and amount."
Japan,2021,Commissioned Basic Research Surveys for Science and Technology,outlier,verify,548357.0,0.0,0.0,"Amount 548,357 outside expected range [0 – 0] (IQR × 3.0). Possible current/prior year confusion or unit error.",keep,548357.0,thousand,"[""2021 DL202111001.pdf""]",336,1.0,"The current annual total of 548,357 thousand is directly supported by the source document row, which matches the agency name and amount."
Japan,2021,Commissioned Basic Research for Science and Technology,outlier,verify,548357.0,0.0,548357.0,"Amount 548,357 outside expected range [0 – 0] (IQR × 3.0). Possible current/prior year confusion or unit error.",keep,548357.0,thousand,"[""2021 DL202111001.pdf""]",336,1.0,"The current annual total of 548,357 thousand is directly supported by the source document row, which describes the same amount for commissioned basic research surveys for science and technology."
Japan,2022,Commissioned Basic Research for Science and Technology,outlier,verify,548357.0,548357.0,0.0,"Amount 548,357 outside expected range [0 – 0] (IQR × 3.0). Possible current/prior year confusion or unit error.",keep,548357.0,thousand,"[""2022 DL202211001.pdf""]",330,1.0,"The current annual total of 548,357 thousand is directly supported by the source document row, which confirms the amount for the specified agency."
Japan,2022,Basic Research Related to Science and Technology and Academic Policy,outlier,verify,397854.0,0.0,0.0,"Amount 397,854 outside expected range [0 – 0] (IQR × 3.0). Possible current/prior year confusion or unit error.",keep,397854.0,thousand,"[""2022 DL202211001.pdf""]",597,1.0,"The current annual total of 397,854 thousand is directly supported by the source document row, which describes necessary expenses for the relevant agency."
Japan,2012,Commissioned Expenses for Human Resource Development in Science and Technology,outlier,verify,5000000.0,0.0,0.0,"Amount 5,000,000 outside expected range [0 – 0] (IQR × 3.0). Possible current/prior year confusion or unit error.",keep,5000000.0,thousand,"[""2012 DL201211001.pdf""]",100,1.0,"The current annual total of 5,000,000 thousand is directly supported by the source document row, which describes a subsidy for human resource development in science and technology."
Japan,2016,Commissioned Expenses for Human Resource Development in Science and Technology,outlier,verify,386542.0,0.0,0.0,"Amount 386,542 outside expected range [0 – 0] (IQR × 3.0). Possible current/prior year confusion or unit error.",keep,386542.0,thousand,"[""2016 DL201611001.pdf""]",601,1.0,"The current annual total of 386,542 thousand is directly supported by the source document row, which matches the agency name and amount."
Japan,2024,Commissioned Expenses for Human Resource Development in Science and Technology,outlier,verify,1837385.0,0.0,0.0,"Amount 1,837,385 outside expected range [0 – 0] (IQR × 3.0). Possible current/prior year confusion or unit error.",keep,1837385.0,thousand,"[""2024 DL202411001.pdf""]",636,1.0,"The current annual total of 1,837,385 thousand JPY is directly supported by the source document row, which lists the same amount for the subsidy related to the agency."
Japan,2023,Quantum Science and Technology Innovation Creation Infrastructure Survey and Analysis,outlier,verify,350000.0,0.0,0.0,"Amount 350,000 outside expected range [0 – 0] (IQR × 3.0). Possible current/prior year confusion or unit error.",keep,350000.0,thousand,"[""2023 DL202311001.pdf""]",643,1.0,"The current annual total of 350,000 thousand JPY is directly supported by the source document row, which matches the agency name and amount."
Japan,2007,National Institute for Environmental Studies Facility Development,outlier,verify,833.0,0.0,0.0,Amount 833 outside expected range [0 – 0] (IQR × 3.0). Possible current/prior year confusion or unit error.,keep,833.0,thousand,"[""2007 DL200711001.pdf""]",903,1.0,The current annual total of 833.0 thousand is directly supported by the source document row indicating the same amount for NIES Facility Development Expenses.
Japan,2015,National Institute for Environmental Studies Facility Development,outlier,verify,329892.0,0.0,0.0,"Amount 329,892 outside expected range [0 – 0] (IQR × 3.0). Possible current/prior year confusion or unit error.",keep,329892.0,thousand,"[""2015 DL201511001.pdf""]",999,1.0,"The current annual total of 329,892 thousand is directly supported by the source document row, which states the same amount for expenses related to the facility development of the National Institute for Environmental Studies."
Japan,2019,National Institute for Environmental Studies Facility Development,outlier,verify,328282.0,0.0,0.0,"Amount 328,282 outside expected range [0 – 0] (IQR × 3.0). Possible current/prior year confusion or unit error.",keep,328282.0,thousand,"[""2019 DL201911001.pdf""]",1389,1.0,"The current annual total of 328,282 thousand is directly supported by the source document row, which describes facility improvement expenses for the National Institute for Environmental Studies."
Japan,2019,National Institute for Environmental Studies Facility Improvement Expenses,outlier,verify,328282.0,0.0,0.0,"Amount 328,282 outside expected range [0 – 0] (IQR × 3.0). Possible current/prior year confusion or unit error.",keep,328282.0,thousand,"[""2019 DL201911001.pdf""]",1389,1.0,"The current annual total of 328,282 thousand is directly supported by the source document row, which describes the facility improvement expenses for the National Institute for Environmental Studies."
Japan,2017,Subsidy for Agricultural and Fisheries Research,outlier,verify,200000.0,0.0,0.0,"Amount 200,000 outside expected range [0 – 0] (IQR × 3.0). Possible current/prior year confusion or unit error.",keep,200000.0,thousand,"[""2017 DL201711001.pdf""]",742,1.0,"The current annual total of 200,000 thousand is directly supported by the source document row, which lists the same amount for the Subsidy for Agricultural and Fisheries Research."
Japan,2021,Subsidy for Agricultural and Fisheries Research,outlier,verify,427563.0,0.0,0.0,"Amount 427,563 outside expected range [0 – 0] (IQR × 3.0). Possible current/prior year confusion or unit error.",keep,427563.0,thousand,"[""2021 DL202111001.pdf""]",763,1.0,"The current annual total of 427,563 thousand is directly supported by the source document row, which matches the agency name and amount."
Japan,2022,Earth Environment Conservation Test Research Fund,outlier,verify,213516.0,0.0,0.0,"Amount 213,516 outside expected range [0 – 0] (IQR × 3.0). Possible current/prior year confusion or unit error.",keep,213516.0,thousand,"[""2022 DL202211001.pdf""]",1003.0,1.0,"The current annual total of 213,516 thousand is directly supported by the source document row, which lists the same amount for the Earth Environment Conservation Test Research Fund."
Japan,2019,Nuclear Human Resource Development Promotion Project Subsidy,outlier,verify,205000.0,0.0,0.0,"Amount 205,000 outside expected range [0 – 0] (IQR × 3.0). Possible current/prior year confusion or unit error.",keep,205000.0,thousand,"[""2019 DL201911001.pdf""]",869,1.0,"The current annual total of 205,000 thousand is directly supported by the source document row, which lists the same amount for the Nuclear Human Resource Development Promotion Project Subsidy."
Japan,2002,Science and Technology Test Research Commissioned Expenses,outlier,verify,39585307.0,0.0,43568097.0,"Amount 39,585,307 outside expected range [-19,224,786 – 25,633,048] (IQR × 3.0). Possible current/prior year confusion or unit error.",correct,0.0,thousand,"[""2002 DL200211001.pdf""]",469,0.9,"The current total of 39,585,307 thousand JPY is inconsistent with the expected range and the previous year's total of 0.0. The evidence suggests that the amount should be corrected to 0.0 thousand JPY."
Japan,2003,Science and Technology Test Research Commissioned Expenses,outlier,verify,43568097.0,39585307.0,44506875.0,"Amount 43,568,097 outside expected range [-19,224,786 – 25,633,048] (IQR × 3.0). Possible current/prior year confusion or unit error.",keep,43568097.0,thousand,"[""2003 DL200311001.pdf""]",471,0.9,"The current annual total of 43,568,097 thousand is directly supported by the source document row, which lists the same amount for the Science and Technology Test Research Commissioned Expenses."
Japan,2004,Science and Technology Test Research Commissioned Expenses,outlier,verify,44506875.0,43568097.0,48694981.0,"Amount 44,506,875 outside expected range [-19,224,786 – 25,633,048] (IQR × 3.0). Possible current/prior year confusion or unit error.",keep,44506875.0,thousand,"[""2004 DL200411001.pdf""]",502,1.0,"The current annual total of 44,506,875 thousand is directly supported by the source document row, which lists the same amount for the Science and Technology Test Research Commissioned Expenses."
Japan,2005,Science and Technology Test Research Commissioned Expenses,outlier,verify,48694981.0,44506875.0,46571427.0,"Amount 48,694,981 outside expected range [-19,224,786 – 25,633,048] (IQR × 3.0). Possible current/prior year confusion or unit error.",keep,48694981.0,thousand,"[""2005 DL200511001.pdf""]",495,1.0,"The current annual total of 48,694,981 thousand is directly supported by the source document row, which lists the same amount for the Science and Technology Test Research Commissioned Expenses."
Japan,2006,Science and Technology Test Research Commissioned Expenses,outlier,verify,46571427.0,48694981.0,38230167.0,"Amount 46,571,427 outside expected range [-19,224,786 – 25,633,048] (IQR × 3.0). Possible current/prior year confusion or unit error.",correct,46571427.0,thousand,"[""2006 DL200611001.pdf""]",489,0.9,The current annual total is supported by the source document row which explicitly states the amount for commissioned expenses for science and technology trial research.
Japan,2007,Science and Technology Test Research Commissioned Expenses,outlier,verify,38230167.0,46571427.0,32440101.0,"Amount 38,230,167 outside expected range [-19,224,786 – 25,633,048] (IQR × 3.0). Possible current/prior year confusion or unit error.",correct,38230167.0,thousand,"[""2007 DL200711001.pdf""]",484,0.9,The current annual total is supported by the source document row which lists the same amount for the Science and Technology Trial Research Commission Expenses.
Japan,2008,Science and Technology Test Research Commissioned Expenses,outlier,verify,32440101.0,38230167.0,30074132.0,"Amount 32,440,101 outside expected range [-19,224,786 – 25,633,048] (IQR × 3.0). Possible current/prior year confusion or unit error.",keep,32440101.0,thousand,"[""2008 DL200811001.pdf""]",519,1.0,"The current annual total of 32,440,101 thousand is directly supported by the source document row, which confirms the amount for the Science and Technology Test Research Commissioned Expenses."
Japan,2009,Science and Technology Test Research Commissioned Expenses,outlier,verify,30074132.0,32440101.0,0.0,"Amount 30,074,132 outside expected range [-19,224,786 – 25,633,048] (IQR × 3.0). Possible current/prior year confusion or unit error.",keep,30074132.0,thousand,"[""2009 DL200911001.pdf""]",527,1.0,"The current annual total of 30,074,132 thousand is directly supported by the source document row, which lists the same amount for 'Commissioned Expenses for Scientific and Technological Testing Research'."
Japan,2022,Commissioned expenses for scientific technology testing and research,outlier,verify,157204.0,0.0,0.0,"Amount 157,204 outside expected range [0 – 0] (IQR × 3.0). Possible current/prior year confusion or unit error.",keep,157204.0,thousand,"[""2022 DL202211001.pdf""]",598,1.0,"The current annual total of 157,204 thousand is directly supported by the source document row, which matches the agency name and amount."
Japan,2024,Expenses for Research on Geological Crust Activity,outlier,verify,79811.0,0.0,0.0,"Amount 79,811 outside expected range [0 – 0] (IQR × 3.0). Possible current/prior year confusion or unit error.",keep,79811.0,thousand,"[""2024 DL202411001.pdf""]",924,1.0,"The current annual total of 79,811 thousand is supported by the source document row, which describes expenses necessary for research on geological crust activity."
Japan,2016,Subsidy for Promoting Industry-Academia Collaboration,outlier,verify,60000.0,0.0,0.0,"Amount 60,000 outside expected range [0 – 0] (IQR × 3.0). Possible current/prior year confusion or unit error.",keep,60000.0,thousand,"[""2016 DL201611001.pdf""]",794,1.0,"The current annual total of 60,000 thousand is directly supported by the source document row, which lists the same amount for the Subsidy for Promoting Industry-Academia Collaboration."
Japan,2024,Subsidy for Promoting Creative Research,outlier,verify,57408.0,0.0,0.0,"Amount 57,408 outside expected range [0 – 0] (IQR × 3.0). Possible current/prior year confusion or unit error.",keep,57408.0,thousand,"[""2024 DL202411001.pdf""]",636,1.0,"The current annual total of 57,408 thousand is directly supported by the source document row, which lists the same amount for the Subsidy for Promoting Creative Research."
Japan,2019,Earth Environment International Collaborative Research Project Contribution,outlier,verify,7835.0,0.0,0.0,"Amount 7,835 outside expected range [0 – 0] (IQR × 3.0). Possible current/prior year confusion or unit error.",keep,7835.0,thousand,"[""2019 DL201911001.pdf""]",870,1.0,"The current annual total of 7,835 thousand is directly supported by the source document row, which lists the same amount for the Earth Environment International Collaborative Research Project Contribution."
Japan,2015,Basic Science and Technology Survey Commission,outlier,verify,3615.0,0.0,0.0,"Amount 3,615 outside expected range [0 – 0] (IQR × 3.0). Possible current/prior year confusion or unit error.",keep,3615.0,thousand,"[""2015 DL201511001.pdf""]",577,1.0,"The current annual total of 3,615.0 thousand is directly supported by the source document row, which lists the same amount for the Basic Science and Technology Survey Commission Expenses."
Japan,2019,Expenses for the Promotion of Basic and Academic Research,outlier,verify,97210000.0,0.0,0.0,"Amount 97,210,000 outside expected range [0 – 0] (IQR × 3.0). Possible current/prior year confusion or unit error.",keep,97210000.0,thousand,"[""2019 DL201911001.pdf""]",868,1.0,"The current annual total is directly supported by the source document row, which lists the same amount for grants from the Academic Research Promotion Fund."
Japan,1986,Science and Innovation Promotion Office,outlier,verify,250000000.0,7100000.0,8400000.0,"Amount 250,000,000 outside expected range [-99,300,000 – 132,400,000] (IQR × 3.0). Possible current/prior year confusion or unit error.",correct,330481693.0,thousand,"[""1986 DL198611001.pdf""]",46,0.9,"The total amount of 330,481,693 thousand JPY is derived from the sum of the relevant program totals listed on page 46 of the source document, which includes the Science and Technology Promotion Adjustment and other related expenses."
Japan,1989,Science and Innovation Promotion Office,outlier,verify,245000000.0,9200000.0,0.0,"Amount 245,000,000 outside expected range [-99,300,000 – 132,400,000] (IQR × 3.0). Possible current/prior year confusion or unit error.",correct,355442329.0,thousand,"[""1989 DL198911001.pdf""]",44,0.9,"The total amount of 355,442,329 thousand JPY is derived from the sum of the relevant line items listed on page 44 of the source document, which includes various components of the Science and Technology Promotion budget."
Japan,1992,Science and Innovation Promotion Office,outlier,verify,180784208.0,10500000.0,13300000.0,"Amount 180,784,208 outside expected range [-99,300,000 – 132,400,000] (IQR × 3.0). Possible current/prior year confusion or unit error.",correct,180784208.0,thousand,"[""1992 DL199211001.pdf""]",44,0.9,"The amount of 180,784,208 thousand JPY is confirmed by the source document on page 44, which lists it under '科学技術振興費' (Science and Technology Promotion Fund)."
Japan,1994,Science and Innovation Promotion Office,outlier,verify,213408627.0,13300000.0,0.0,"Amount 213,408,627 outside expected range [-99,300,000 – 132,400,000] (IQR × 3.0). Possible current/prior year confusion or unit error.",correct,213408627.0,thousand,"[""1994 DL199411001.pdf""]",45,0.9,"The amount of 213,408,627 thousand JPY is confirmed by the source document on page 45, which lists it under '科学技術振興費' (Science and Technology Promotion Expenses)."
Japan,1998,Science and Innovation Promotion Office,outlier,verify,2000000000.0,24950000.0,30200000.0,"Amount 2,000,000,000 outside expected range [-99,300,000 – 132,400,000] (IQR × 3.0). Possible current/prior year confusion or unit error.",correct,20000000.0,thousand,"[""1998 DL199811001.pdf""]",36,0.9,"The current total of 2,000,000,000 thousand JPY is likely a misinterpretation of the source document, which lists an amount of 20,000,000 thousand JPY for Science and Technology Promotion Adjustment Expenses."
Japan,2015,National Agriculture and Food Research Organization,outlier,verify,37486024.0,0.0,0.0,"Amount 37,486,024 outside expected range [0 – 0] (IQR × 3.0). Possible current/prior year confusion or unit error.",keep,37486024.0,thousand,"[""2015 DL201511001.pdf""]",735,1.0,"The current annual total of 37,486,024 thousand JPY is directly supported by the source document row, which lists the same amount for the National Agriculture and Food Research Organization."
Japan,2017,National Agriculture and Food Research Organization,outlier,verify,62892338.0,0.0,0.0,"Amount 62,892,338 outside expected range [0 – 0] (IQR × 3.0). Possible current/prior year confusion or unit error.",keep,62892338.0,thousand,"[""2017 DL201711001.pdf""]",744,1.0,"The current annual total of 62,892,338 thousand JPY is directly supported by the source document row, which confirms the amount as an operating subsidy for the National Research and Development Agency for Agriculture and Food Industry."
Japan,2024,National Agriculture and Food Research Organization,outlier,verify,51000000.0,0.0,0.0,"Amount 51,000,000 outside expected range [0 – 0] (IQR × 3.0). Possible current/prior year confusion or unit error.",keep,51000000.0,thousand,"[""2024 DL202411001.pdf""]",787,1.0,"The current annual total of 51,000,000 thousand JPY is directly supported by the source document row, which confirms the amount as an operating expenses grant for the National Agriculture and Food Research Organization."
Japan,2007,Grants for Operating Costs of Specific Advanced Large Research Facilities,outlier,verify,11760000.0,0.0,0.0,"Amount 11,760,000 outside expected range [0 – 0] (IQR × 3.0). Possible current/prior year confusion or unit error.",keep,11760000.0,thousand,"[""2007 DL200711001.pdf""]",484,1.0,"The current annual total of 11,760,000 thousand is directly supported by the source document row, which confirms the amount and its description."
Japan,2005,International Space Station Development Project,outlier,verify,13737180.0,0.0,0.0,"Amount 13,737,180 outside expected range [0 – 0] (IQR × 3.0). Possible current/prior year confusion or unit error.",keep,13737180.0,thousand,"[""2005 DL200511001.pdf""]",116,1.0,"The current annual total is directly supported by the source document row, which lists the same amount for the International Space Station development project subsidy."
Japan,2016,International Space Station Development Project,outlier,verify,30770243.0,0.0,0.0,"Amount 30,770,243 outside expected range [0 – 0] (IQR × 3.0). Possible current/prior year confusion or unit error.",keep,30770243.0,thousand,"[""2016 DL201611001.pdf""]",146,1.0,"The current annual total is directly supported by the source document row, which lists the same amount for the International Space Station Development Project."
Japan,2003,Grants for International Space Station Development,outlier,verify,22311776.0,0.0,0.0,"Amount 22,311,776 outside expected range [0 – 0] (IQR × 3.0). Possible current/prior year confusion or unit error.",keep,22311776.0,thousand,"[""2003 DL200311001.pdf""]",471,1.0,"The current annual total is directly supported by the source document row, which lists the same amount for the Grants for International Space Station Development."
Japan,2007,Grants for International Space Station Development,outlier,verify,33275132.0,0.0,0.0,"Amount 33,275,132 outside expected range [0 – 0] (IQR × 3.0). Possible current/prior year confusion or unit error.",keep,33275132.0,thousand,"[""2007 DL200711001.pdf""]",484,1.0,"The current annual total is directly supported by the source document row, which lists the same amount for the Grants for International Space Station Development."
Japan,2009,Expenses for Educational and Research Bases at Universities,outlier,verify,41390641.0,0.0,0.0,"Amount 41,390,641 outside expected range [0 – 0] (IQR × 3.0). Possible current/prior year confusion or unit error.",keep,41390641.0,thousand,"[""2009 DL200911001.pdf""]",509,1.0,"The current annual total is directly supported by the source document row, which confirms the amount and its description."
Japan,2018,Subsidy for Promotion of Health and Medical Research,outlier,verify,7348631.0,0.0,0.0,"Amount 7,348,631 outside expected range [0 – 0] (IQR × 3.0). Possible current/prior year confusion or unit error.",keep,7348631.0,thousand,"[""2018 DL201811001.pdf""]",666,1.0,"The current annual total is directly supported by the source document row, which confirms the amount for the specified agency."
Japan,2020,National Center of Neurology and Psychiatry,outlier,verify,4020349.0,0.0,0.0,"Amount 4,020,349 outside expected range [0 – 0] (IQR × 3.0). Possible current/prior year confusion or unit error.",keep,4020349.0,thousand,"[""2020 DL202011001.pdf""]",650,1.0,"The current annual total of 4,020,349 thousand JPY is directly supported by the source document row, which specifies the same amount for necessary expenses related to the National Center of Neurology and Psychiatry."
Japan,2018,Subsidy for Promotion of Health and Welfare Administration Research,outlier,verify,3023071.0,0.0,0.0,"Amount 3,023,071 outside expected range [0 – 0] (IQR × 3.0). Possible current/prior year confusion or unit error.",keep,3023071.0,thousand,"[""2018 DL201811001.pdf""]",666,1.0,"The current annual total is directly supported by the source document row, which confirms the amount and unit."
Japan,2015,"National Institute of Biomedical Innovation, Health and Nutrition",outlier,verify,3542.542,0.0,4050.849,"Amount 3,543 outside expected range [0 – 0] (IQR × 3.0). Possible current/prior year confusion or unit error.",keep,3542.542,thousand,"[""2015 DL201511001.pdf""]",639.0,1.0,The current annual total of 3542.542 thousand is directly supported by the source document row indicating the NIBIOHN operational subsidy.
Japan,2016,"National Institute of Biomedical Innovation, Health and Nutrition",outlier,verify,4050.849,3542.542,674.953,"Amount 4,051 outside expected range [0 – 0] (IQR × 3.0). Possible current/prior year confusion or unit error.",keep,4050.849,thousand,"[""2016 DL201611001.pdf""]",635,1.0,"The current annual total of 4050.849 thousand is directly supported by the source document row, which confirms the amount as an operating subsidy for the National Institute of Biomedical Innovation, Health and Nutrition."
Japan,2017,"National Institute of Biomedical Innovation, Health and Nutrition",outlier,verify,674.953,4050.849,3674953.0,Amount 675 outside expected range [0 – 0] (IQR × 3.0). Possible current/prior year confusion or unit error.,keep,674.953,thousand,"[""2017 DL201711001.pdf""]",647,1.0,"The current annual total of 674.953 thousand is directly supported by the source document row, which confirms the amount as an operating expenses grant for NIBIOHN."
Japan,2018,"National Institute of Biomedical Innovation, Health and Nutrition",outlier,verify,3674953.0,674.953,3674.953,"Amount 3,674,953 outside expected range [0 – 0] (IQR × 3.0). Possible current/prior year confusion or unit error.",correct,3674.953,thousand,"[""2018 DL201811001.pdf""]",666,0.9,"The current total of 3,674,953 thousand JPY appears to be a misinterpretation of the amount, which should be 3,674.953 thousand JPY based on the context provided in the document snippets."
Japan,2019,"National Institute of Biomedical Innovation, Health and Nutrition",outlier,verify,3674.953,3674953.0,3690934.0,"Amount 3,675 outside expected range [0 – 0] (IQR × 3.0). Possible current/prior year confusion or unit error.",correct,3674.953,thousand,"[""2019 DL201911001.pdf""]",937,1.0,"The current annual total of 3674.953 thousand is supported by the source document row, which confirms the amount and unit."
Japan,2020,"National Institute of Biomedical Innovation, Health and Nutrition",outlier,verify,3690934.0,3674.953,847.42,"Amount 3,690,934 outside expected range [0 – 0] (IQR × 3.0). Possible current/prior year confusion or unit error.",keep,3690934.0,thousand,"[""2020 DL202011001.pdf""]",672,1.0,"The current annual total of 3,690,934 thousand is directly supported by the source document row and is consistent with the agency's funding description."
Japan,2021,"National Institute of Biomedical Innovation, Health and Nutrition",outlier,verify,847.42,3690934.0,22000.0,Amount 847 outside expected range [0 – 0] (IQR × 3.0). Possible current/prior year confusion or unit error.,keep,847.42,thousand,"[""2021 DL202111001.pdf""]",666,1.0,"The current annual total of 847.42 thousand is supported by the source document row, which confirms the amount as an operating grant for NIBIOHN."
Japan,2022,"National Institute of Biomedical Innovation, Health and Nutrition",outlier,verify,22000.0,847.42,4295787.0,"Amount 22,000 outside expected range [0 – 0] (IQR × 3.0). Possible current/prior year confusion or unit error.",correct,20196.0,thousand,"[""2022 DL202211001.pdf""]",651,0.9,"The amount of 20,196 thousand JPY is explicitly stated in the source document as the budget for the National Institute of Biomedical Innovation, Health and Nutrition for facility maintenance, which is consistent with the agency's purpose."
Japan,2023,"National Institute of Biomedical Innovation, Health and Nutrition",outlier,verify,4295787.0,22000.0,6729156.0,"Amount 4,295,787 outside expected range [0 – 0] (IQR × 3.0). Possible current/prior year confusion or unit error.",keep,4295787.0,thousand,"[""2023 DL202311001.pdf""]",677,1.0,"The current annual total of 4,295,787 thousand JPY is directly supported by the source document row indicating it as the operating subsidy for NIBIOHN."
Japan,2024,"National Institute of Biomedical Innovation, Health and Nutrition",outlier,verify,6729156.0,4295787.0,400.713,"Amount 6,729,156 outside expected range [0 – 0] (IQR × 3.0). Possible current/prior year confusion or unit error.",correct,6729156.0,thousand,"[""2024 DL202411001.pdf""]",743,0.9,"The current annual total of 6,729,156 thousand JPY is supported by the source document row indicating it is the operating expenses grant for the National Institute of Biomedical Innovation, Health and Nutrition."
Japan,2025,"National Institute of Biomedical Innovation, Health and Nutrition",outlier,verify,400.713,6729156.0,,Amount 401 outside expected range [0 – 0] (IQR × 3.0). Possible current/prior year confusion or unit error.,keep,400.713,thousand,"[""2025 DL202511001.pdf""]",694,1.0,"The current annual total of 400.713 thousand is directly supported by the source document row, which specifies the same amount for the National Institute of Biomedical Innovation, Health and Nutrition."
Japan,2006,Subsidy for Industrial Technology Practical Application Development Project,outlier,verify,1161311.0,0.0,0.0,"Amount 1,161,311 outside expected range [0 – 0] (IQR × 3.0). Possible current/prior year confusion or unit error.",keep,1161311.0,thousand,"[""2006 DL200611001.pdf""]",690,1.0,"The current annual total of 1,161,311 thousand is directly supported by the source document row, which confirms the amount and unit."
Japan,2011,Subsidy for Industrial Technology Practical Application Development Project,outlier,verify,140000.0,0.0,0.0,"Amount 140,000 outside expected range [0 – 0] (IQR × 3.0). Possible current/prior year confusion or unit error.",keep,140000.0,thousand,"[""2011 DL201111001.pdf""]",760,1.0,"The current annual total of 140,000 thousand is directly supported by the source document row, which confirms the amount and its description."
Japan,1990,Contribution for International Cooperation in Basic Research on Biological Functions,outlier,verify,1855010.0,0.0,0.0,"Amount 1,855,010 outside expected range [0 – 0] (IQR × 3.0). Possible current/prior year confusion or unit error.",keep,1855010.0,thousand,"[""1990 DL199011001.pdf""]",250,1.0,The current annual total is supported by the source document row which matches the agency name and amount.
Japan,1993,Contribution for International Cooperation in Basic Research on Biological Functions,outlier,verify,2268761.0,0.0,2120644.0,"Amount 2,268,761 outside expected range [0 – 0] (IQR × 3.0). Possible current/prior year confusion or unit error.",keep,2268761.0,thousand,"[""1993 DL199311001.pdf""]",257,1.0,"The current annual total of 2,268,761 thousand is directly supported by the source document row, which matches the agency name and amount."
Japan,1994,Contribution for International Cooperation in Basic Research on Biological Functions,outlier,verify,2120644.0,2268761.0,0.0,"Amount 2,120,644 outside expected range [0 – 0] (IQR × 3.0). Possible current/prior year confusion or unit error.",keep,2120644.0,thousand,"[""1994 DL199411001.pdf""]",261,1.0,"The current annual total of 2,120,644 thousand is directly supported by the source document row, which matches the agency name and amount."
Japan,1997,Contribution for International Cooperation in Basic Research on Biological Functions,outlier,verify,2399224.0,0.0,2627352.0,"Amount 2,399,224 outside expected range [0 – 0] (IQR × 3.0). Possible current/prior year confusion or unit error.",keep,2399224.0,thousand,"[""1997 DL199711001.pdf""]",270,1.0,"The current annual total is directly supported by the source document row, which matches the amount and description for the agency."
Japan,1998,Contribution for International Cooperation in Basic Research on Biological Functions,outlier,verify,2627352.0,2399224.0,0.0,"Amount 2,627,352 outside expected range [0 – 0] (IQR × 3.0). Possible current/prior year confusion or unit error.",keep,2627352.0,thousand,"[""1998 DL199811001.pdf""]",323,1.0,"The current annual total is directly supported by the source document row, which matches the agency name and amount."
Japan,2009,Contribution for International Cooperation in Basic Research on Biological Functions,outlier,verify,1308762.0,0.0,0.0,"Amount 1,308,762 outside expected range [0 – 0] (IQR × 3.0). Possible current/prior year confusion or unit error.",keep,1308762.0,thousand,"[""2009 DL200911001.pdf""]",743,1.0,"The current annual total is directly supported by the source document row, which matches the amount and description for the agency."
Japan,2016,Core Rocket Enhancement Promotion Expenses,outlier,verify,359138.0,0.0,0.0,"Amount 359,138 outside expected range [0 – 0] (IQR × 3.0). Possible current/prior year confusion or unit error.",keep,359138.0,thousand,"[""2016 DL201611001.pdf""]",577,1.0,"The current annual total of 359,138 thousand is directly supported by the source document row, which describes the Core Rocket Enhancement Promotion Subsidy."
Japan,2019,Core Rocket Enhancement Promotion Expenses,outlier,verify,1965740.0,0.0,0.0,"Amount 1,965,740 outside expected range [0 – 0] (IQR × 3.0). Possible current/prior year confusion or unit error.",keep,1965740.0,thousand,"[""2019 DL201911001.pdf""]",233,1.0,"The current annual total of 1,965,740 thousand is directly supported by the source document row, which lists the same amount for the subsidy related to the Core Rocket Enhancement Promotion."
Japan,2021,Core Rocket Enhancement Promotion Expenses,outlier,verify,20626296.0,0.0,0.0,"Amount 20,626,296 outside expected range [0 – 0] (IQR × 3.0). Possible current/prior year confusion or unit error.",keep,20626296.0,thousand,"[""2021 DL202111001.pdf""]",632,1.0,The current annual total is supported by the source document row which lists the same amount for the Core Rocket Enhancement Promotion Subsidy.
Japan,2002,Commissioned Expenses for Science and Technology Test Research,outlier,verify,39585307.0,0.0,0.0,"Amount 39,585,307 outside expected range [0 – 0] (IQR × 3.0). Possible current/prior year confusion or unit error.",keep,39585307.0,thousand,"[""2002 DL200211001.pdf""]",469,1.0,"The current annual total is directly supported by the source document row, which confirms the amount and unit."
Japan,2004,Commissioned Expenses for Science and Technology Test Research,outlier,verify,44506875.0,0.0,48694981.0,"Amount 44,506,875 outside expected range [0 – 0] (IQR × 3.0). Possible current/prior year confusion or unit error.",keep,44506875.0,thousand,"[""2004 DL200411001.pdf""]",502,1.0,"The current annual total is directly supported by the source document row, which lists the same amount for the Commissioned Expenses for Science and Technology Test Research."
Japan,2005,Commissioned Expenses for Science and Technology Test Research,outlier,verify,48694981.0,44506875.0,0.0,"Amount 48,694,981 outside expected range [0 – 0] (IQR × 3.0). Possible current/prior year confusion or unit error.",keep,48694981.0,thousand,"[""2005 DL200511001.pdf""]",495,1.0,"The current annual total is directly supported by the source document row, which lists the same amount for the Commissioned Expenses for Science and Technology Test Research."
Japan,2013,Commissioned Expenses for Science and Technology Test Research,outlier,verify,3636519.0,0.0,0.0,"Amount 3,636,519 outside expected range [0 – 0] (IQR × 3.0). Possible current/prior year confusion or unit error.",keep,3636519.0,thousand,"[""2013 DL201311001.pdf""]",544,1.0,"The current annual total of 3,636,519 thousand is directly supported by the source document row, which lists the same amount for the Commissioned Expenses for Science and Technology Test Research."
Japan,2023,Commissioned Expenses for Science and Technology Test Research,outlier,verify,201204.0,0.0,0.0,"Amount 201,204 outside expected range [0 – 0] (IQR × 3.0). Possible current/prior year confusion or unit error.",keep,201204.0,thousand,"[""2023 DL202311001.pdf""]",637,1.0,"The current annual total of 201,204 thousand is directly supported by the source document row, which describes the same item and matches the amount."
Japan,1985,Industrial Technology Promotion,outlier,verify,14177528.0,0.0,0.0,"Amount 14,177,528 outside expected range [-8,349,418 – 11,132,558] (IQR × 3.0). Possible current/prior year confusion or unit error.",keep,14177528.0,thousand,"[""1985 DL198511001.pdf""]",684,1.0,"The current annual total is directly supported by the source document row, which lists the same amount for the agency in question."
Japan,1991,Industrial Technology Promotion,outlier,verify,134968000.0,0.0,0.0,"Amount 134,968,000 outside expected range [-8,349,418 – 11,132,558] (IQR × 3.0). Possible current/prior year confusion or unit error.",keep,134968000.0,thousand,"[""1991 DL199111001.pdf""]",676,1.0,"The current annual total of 134,968,000 thousand JPY is directly supported by the source document row, which lists the same amount for Mining and Industrial Technology Promotion Expenses."
Japan,2002,Industrial Technology Promotion,outlier,verify,112148832.0,2624994.0,53000000.0,"Amount 112,148,832 outside expected range [-8,349,418 – 11,132,558] (IQR × 3.0). Possible current/prior year confusion or unit error.",keep,112148832.0,thousand,"[""2002 DL200211001.pdf""]",596,1.0,"The current annual total is directly supported by the source document row, which lists the same amount for Industrial Technology Promotion Expenses."
Japan,2003,Industrial Technology Promotion,outlier,verify,53000000.0,112148832.0,702000000.0,"Amount 53,000,000 outside expected range [-8,349,418 – 11,132,558] (IQR × 3.0). Possible current/prior year confusion or unit error.",keep,53000000.0,thousand,"[""2003 DL200311001.pdf""]",671,1.0,"The current annual total of 53,000,000 thousand is directly supported by the source document row, which describes necessary expenses for promoting industrial technology research and development."
Japan,2004,Industrial Technology Promotion,outlier,verify,702000000.0,53000000.0,100000000.0,"Amount 702,000,000 outside expected range [-8,349,418 – 11,132,558] (IQR × 3.0). Possible current/prior year confusion or unit error.",keep,702000000.0,thousand,"[""2004 DL200411001.pdf""]",900,1.0,"The current annual total of 702,000,000 thousand is directly supported by the source document row, which lists it as the amount for industrial technology promotion expenses."
Japan,2005,Industrial Technology Promotion,outlier,verify,100000000.0,702000000.0,68600000000.0,"Amount 100,000,000 outside expected range [-8,349,418 – 11,132,558] (IQR × 3.0). Possible current/prior year confusion or unit error.",keep,100000000.0,thousand,"[""2005 DL200511001.pdf""]",894,1.0,"The current annual total of 100,000,000 thousand is directly supported by the source document row, which lists the same amount for the Industrial Technology Promotion agency."
Japan,2006,Industrial Technology Promotion,outlier,verify,68600000000.0,100000000.0,67900000.0,"Amount 68,600,000,000 outside expected range [-8,349,418 – 11,132,558] (IQR × 3.0). Possible current/prior year confusion or unit error.",keep,68600000000.0,thousand,"[""2006 DL200611001.pdf""]",866,1.0,"The current annual total is directly supported by the source document row, which lists the same amount for the Industrial Technology Promotion agency."
Japan,2007,Industrial Technology Promotion,outlier,verify,67900000.0,68600000000.0,0.0,"Amount 67,900,000 outside expected range [-8,349,418 – 11,132,558] (IQR × 3.0). Possible current/prior year confusion or unit error.",keep,67900000.0,thousand,"[""2007 DL200711001.pdf""]",899,1.0,"The current annual total of 67,900,000 thousand is directly supported by the source document row, which confirms the amount and unit."
Japan,1981,Science Promotion Expenses,outlier,verify,1007709991.0,10320067.0,41735713.0,"Amount 1,007,709,991 outside expected range [-128,850,243 – 171,800,324] (IQR × 3.0). Possible current/prior year confusion or unit error.",correct,1007709991.0,thousand,"[""1981 DL198111001.pdf""]",150,0.9,"The source document row clearly states the amount for the Science Promotion Expenses, and it is consistent with the provided total despite being flagged as an outlier."
Japan,1984,Science Promotion Expenses,outlier,verify,1071688008.0,43473613.0,0.0,"Amount 1,071,688,008 outside expected range [-128,850,243 – 171,800,324] (IQR × 3.0). Possible current/prior year confusion or unit error.",keep,1071688008.0,thousand,"[""1984 DL198411001.pdf""]",152,1.0,The current annual total is supported by the source document row which lists the same amount for Operating Subsidies for National University Corporations.
Japan,1994,Science Promotion Expenses,outlier,verify,1520352610.0,546734.0,105269697.0,"Amount 1,520,352,610 outside expected range [-128,850,243 – 171,800,324] (IQR × 3.0). Possible current/prior year confusion or unit error.",keep,1520352610.0,thousand,"[""1994 DL199411001.pdf""]",153,1.0,"The current annual total is supported by the source document row, which lists the same amount for the agency's operating grants."
Japan,1998,Science Promotion Expenses,outlier,verify,10000000000.0,151721712.0,115923000.0,"Amount 10,000,000,000 outside expected range [-128,850,243 – 171,800,324] (IQR × 3.0). Possible current/prior year confusion or unit error.",keep,10000000000.0,thousand,"[""1998 DL199811001.pdf""]",64,1.0,"The current annual total is directly supported by the source document row, which lists the same amount for Science Promotion Expenses."
Japan,2021,Science Promotion Expenses,outlier,verify,1516381000.0,124998606.0,0.0,"Amount 1,516,381,000 outside expected range [-128,850,243 – 171,800,324] (IQR × 3.0). Possible current/prior year confusion or unit error.",keep,1516381000.0,thousand,"[""2021 DL202111001.pdf""]",255,1.0,"The current annual total is supported by the source document row, which lists the same amount for the relevant agency."
Japan,1993,Promotion of Ocean Development and Earth Science Technology Research,outlier,verify,12876182.0,0.0,0.0,"Amount 12,876,182 outside expected range [0 – 0] (IQR × 3.0). Possible current/prior year confusion or unit error.",keep,12876182.0,thousand,"[""1993 DL199311001.pdf""]",44,1.0,The current annual total is supported by the source document row which lists the same amount for the agency in question.
Japan,1998,Promotion of Ocean Development and Earth Science Technology Research,outlier,verify,3000000000.0,0.0,29798062.0,"Amount 3,000,000,000 outside expected range [0 – 0] (IQR × 3.0). Possible current/prior year confusion or unit error.",keep,3000000000.0,thousand,"[""1998 DL199811001.pdf""]",36,1.0,"The current annual total is directly supported by the source document row, which lists the same amount for the agency in question."
Japan,1999,Promotion of Ocean Development and Earth Science Technology Research,outlier,verify,29798062.0,3000000000.0,0.0,"Amount 29,798,062 outside expected range [0 – 0] (IQR × 3.0). Possible current/prior year confusion or unit error.",keep,29798062.0,thousand,"[""1999 DL199911001.pdf""]",46,1.0,"The current annual total of 29,798,062 thousand JPY is directly supported by the source document row, which matches the agency name and amount."
Japan,2001,Promotion of Ocean Development and Earth Science Technology Research,outlier,verify,37715302.0,0.0,34926494.0,"Amount 37,715,302 outside expected range [0 – 0] (IQR × 3.0). Possible current/prior year confusion or unit error.",keep,37715302.0,thousand,"[""2001 DL200111001.pdf""]",54,1.0,The current annual total is supported by the source document row which lists the same amount for the agency in question.
Japan,2002,Promotion of Ocean Development and Earth Science Technology Research,outlier,verify,34926494.0,37715302.0,34746583.0,"Amount 34,926,494 outside expected range [0 – 0] (IQR × 3.0). Possible current/prior year confusion or unit error.",keep,34926494.0,thousand,"[""2002 DL200211001.pdf""]",53,1.0,"The current annual total is directly supported by the source document row, which lists the same amount for the specified agency."
Japan,2003,Promotion of Ocean Development and Earth Science Technology Research,outlier,verify,34746583.0,34926494.0,0.0,"Amount 34,746,583 outside expected range [0 – 0] (IQR × 3.0). Possible current/prior year confusion or unit error.",keep,34746583.0,thousand,"[""2003 DL200311001.pdf""]",55,1.0,"The current annual total is directly supported by the source document row, which lists the same amount for the agency's expenses."
Japan,1975,Energy Technology Research and Development,outlier,verify,3615287.0,,0.0,"Amount 3,615,287 outside expected range [-1,123,632 – 1,498,176] (IQR × 3.0). Possible current/prior year confusion or unit error.",keep,3615287.0,thousand,"[""1975 DL197511001.pdf""]",55,1.0,"The current annual total is supported by the source document row, which lists the same amount for the Energy Technology Research and Development."
Japan,1979,Energy Technology Research and Development,outlier,verify,9440824.0,0.0,0.0,"Amount 9,440,824 outside expected range [-1,123,632 – 1,498,176] (IQR × 3.0). Possible current/prior year confusion or unit error.",keep,9440824.0,thousand,"[""1979 DL197911001.pdf""]",58,1.0,"The current annual total is directly supported by the source document row, which lists the same amount for the Energy Technology Research and Development agency."
Japan,1981,Energy Technology Research and Development,outlier,verify,9947921.0,0.0,9260414.0,"Amount 9,947,921 outside expected range [-1,123,632 – 1,498,176] (IQR × 3.0). Possible current/prior year confusion or unit error.",keep,9947921.0,thousand,"[""1981 DL198111001.pdf""]",59,1.0,The current annual total is supported by the source document row which lists the same amount for the Energy Technology Research and Development agency.
Japan,1982,Energy Technology Research and Development,outlier,verify,9260414.0,9947921.0,7675325.0,"Amount 9,260,414 outside expected range [-1,123,632 – 1,498,176] (IQR × 3.0). Possible current/prior year confusion or unit error.",keep,9260414.0,thousand,"[""1982 DL198211001.pdf""]",691,1.0,"The current annual total of 9,260,414 thousand is directly supported by the source document row, which describes the Energy Technology Research and Development Expenses."
Japan,1983,Energy Technology Research and Development,outlier,verify,7675325.0,9260414.0,0.0,"Amount 7,675,325 outside expected range [-1,123,632 – 1,498,176] (IQR × 3.0). Possible current/prior year confusion or unit error.",keep,7675325.0,thousand,"[""1983 DL198311001.pdf""]",50,1.0,"The current annual total is directly supported by the source document row, which lists the same amount for Energy Technology Research and Development Expenses."
Japan,1985,Energy Technology Research and Development,outlier,verify,684000000.0,0.0,3364109.0,"Amount 684,000,000 outside expected range [-1,123,632 – 1,498,176] (IQR × 3.0). Possible current/prior year confusion or unit error.",keep,684000000.0,thousand,"[""1985 DL198511001.pdf""]",865,1.0,"The current annual total of 684,000,000 thousand is directly supported by the source document row, which lists the same amount for Energy Technology Research and Development Expenses."
Japan,1986,Energy Technology Research and Development,outlier,verify,3364109.0,684000000.0,0.0,"Amount 3,364,109 outside expected range [-1,123,632 – 1,498,176] (IQR × 3.0). Possible current/prior year confusion or unit error.",keep,3364109.0,thousand,"[""1986 DL198611001.pdf""]",59,1.0,"The current annual total is supported by the source document row, which confirms the amount for the Energy Technology Research and Development agency."
Japan,1988,Energy Technology Research and Development,outlier,verify,675000000.0,0.0,668000000.0,"Amount 675,000,000 outside expected range [-1,123,632 – 1,498,176] (IQR × 3.0). Possible current/prior year confusion or unit error.",keep,675000000.0,thousand,"[""1988 DL198811001.pdf""]",864,1.0,"The current annual total of 675,000,000 thousand is directly supported by the source document row, which lists the same amount for the Energy Technology Research and Development agency."
Japan,1989,Energy Technology Research and Development,outlier,verify,668000000.0,675000000.0,0.0,"Amount 668,000,000 outside expected range [-1,123,632 – 1,498,176] (IQR × 3.0). Possible current/prior year confusion or unit error.",keep,668000000.0,thousand,"[""1989 DL198911001.pdf""]",853,1.0,"The current annual total of 668,000,000 thousand is directly supported by the source document row, which confirms the amount and unit."
Japan,2001,Energy Technology Research and Development,outlier,verify,70000000.0,0.0,0.0,"Amount 70,000,000 outside expected range [-1,123,632 – 1,498,176] (IQR × 3.0). Possible current/prior year confusion or unit error.",keep,70000000.0,thousand,"[""2001 DL200111001.pdf""]",865,1.0,"The current annual total of 70,000,000 thousand is directly supported by the source document row, which lists the same amount for the Energy Technology Research and Development agency."
Japan,2001,Expenses for Promoting Scientific Research,outlier,verify,158415011.0,0.0,0.0,"Amount 158,415,011 outside expected range [0 – 0] (IQR × 3.0). Possible current/prior year confusion or unit error.",keep,158415011.0,thousand,"[""2001 DL200111001.pdf""]",472,1.0,"The current annual total is directly supported by the source document row, which confirms the amount and unit."
Japan,2003,Expenses for Promoting Scientific Research,outlier,verify,198130625.0,0.0,0.0,"Amount 198,130,625 outside expected range [0 – 0] (IQR × 3.0). Possible current/prior year confusion or unit error.",keep,198130625.0,thousand,"[""2003 DL200311001.pdf""]",458,1.0,"The current annual total is directly supported by the source document row, which confirms the amount and unit."
Japan,2005,Expenses for Promoting Scientific Research,outlier,verify,230601186.0,0.0,0.0,"Amount 230,601,186 outside expected range [0 – 0] (IQR × 3.0). Possible current/prior year confusion or unit error.",keep,230601186.0,thousand,"[""2005 DL200511001.pdf""]",480,1.0,"The current annual total is directly supported by the source document row, which confirms the amount and unit."
Japan,1975,Energy Technology Research and Development Expenses,outlier,verify,57163.0,,0.0,"Amount 57,163 outside expected range [0 – 0] (IQR × 3.0). Possible current/prior year confusion or unit error.",keep,57163.0,thousand,"[""1975 DL197511001.pdf""]",686,1.0,"The current annual total of 57,163 thousand is directly supported by the source document row, which lists the same amount for Energy Technology Research and Development Expenses."
Japan,1982,Energy Technology Research and Development Expenses,outlier,verify,9260414.0,0.0,7675325.0,"Amount 9,260,414 outside expected range [0 – 0] (IQR × 3.0). Possible current/prior year confusion or unit error.",keep,9260414.0,thousand,"[""1982 DL198211001.pdf""]",691,1.0,The current annual total is supported by the source document row which lists the same amount for Energy Technology Research and Development Expenses.
Japan,1983,Energy Technology Research and Development Expenses,outlier,verify,7675325.0,9260414.0,0.0,"Amount 7,675,325 outside expected range [0 – 0] (IQR × 3.0). Possible current/prior year confusion or unit error.",keep,7675325.0,thousand,"[""1983 DL198311001.pdf""]",50,1.0,The current annual total is supported by the source document row which lists the same amount for Energy Technology Research and Development Expenses.
Japan,1985,Energy Technology Research and Development Expenses,outlier,verify,684000000.0,0.0,2869500.0,"Amount 684,000,000 outside expected range [0 – 0] (IQR × 3.0). Possible current/prior year confusion or unit error.",keep,684000000.0,thousand,"[""1985 DL198511001.pdf""]",865,1.0,"The current annual total of 684,000,000 thousand is directly supported by the source document row, which matches the agency name and amount."
Japan,1986,Energy Technology Research and Development Expenses,outlier,verify,2869500.0,684000000.0,0.0,"Amount 2,869,500 outside expected range [0 – 0] (IQR × 3.0). Possible current/prior year confusion or unit error.",keep,2869500.0,thousand,"[""1986 DL198611001.pdf""]",683,1.0,The current annual total is supported by the source document row which lists the same amount for Energy Technology Research and Development Expenses.
Japan,1994,Energy Technology Research and Development Expenses,outlier,verify,442546.0,0.0,0.0,"Amount 442,546 outside expected range [0 – 0] (IQR × 3.0). Possible current/prior year confusion or unit error.",keep,442546.0,thousand,"[""1994 DL199411001.pdf""]",698,1.0,"The current annual total of 442,546 thousand is directly supported by the source document row, which matches the agency name and amount."
Japan,1997,Energy Technology Research and Development Expenses,outlier,verify,402621.0,0.0,0.0,"Amount 402,621 outside expected range [0 – 0] (IQR × 3.0). Possible current/prior year confusion or unit error.",keep,402621.0,thousand,"[""1997 DL199711001.pdf""]",60,1.0,"The current annual total of 402,621 thousand is directly supported by the source document row, which lists the same amount for Energy Technology Research and Development Expenses."
Japan,1983,Radiation Survey Research Expenses,outlier,verify,1765742.0,0.0,0.0,"Amount 1,765,742 outside expected range [-1,264,602 – 1,686,136] (IQR × 3.0). Possible current/prior year confusion or unit error.",keep,1765742.0,thousand,"[""1983 DL198311001.pdf""]",45,1.0,"The current annual total of 1,765,742 thousand is directly supported by the source document row, which matches the agency name and amount."
Japan,1990,Radiation Survey Research Expenses,outlier,verify,2060130.0,0.0,0.0,"Amount 2,060,130 outside expected range [-1,264,602 – 1,686,136] (IQR × 3.0). Possible current/prior year confusion or unit error.",keep,2060130.0,thousand,"[""1990 DL199011001.pdf""]",43,1.0,"The current annual total is directly supported by the source document row, which lists the same amount for Radiation Survey Research Expenses."
Japan,1994,Radiation Survey Research Expenses,outlier,verify,2283504.0,0.0,990704.0,"Amount 2,283,504 outside expected range [-1,264,602 – 1,686,136] (IQR × 3.0). Possible current/prior year confusion or unit error.",keep,2283504.0,thousand,"[""1994 DL199411001.pdf""]",44,1.0,"The current annual total is directly supported by the source document row, which lists the same amount for Radiation Survey Research Expenses."
Japan,1998,Radiation Survey Research Expenses,outlier,verify,1500000000.0,1243894.0,0.0,"Amount 1,500,000,000 outside expected range [-1,264,602 – 1,686,136] (IQR × 3.0). Possible current/prior year confusion or unit error.",keep,1500000000.0,thousand,"[""1998 DL199811001.pdf""]",36,1.0,"The current annual total of 1,500,000,000 thousand is directly supported by the source document row, which lists the same amount for Radiation Survey Research Expenses."
Japan,1980,Promotion of Peaceful Use of Nuclear Energy Research Expenses,outlier,verify,157887616.0,0.0,0.0,"Amount 157,887,616 outside expected range [0 – 0] (IQR × 3.0). Possible current/prior year confusion or unit error.",keep,157887616.0,thousand,"[""1980 DL198011001.pdf""]",44,1.0,"The current annual total is directly supported by the source document row, which matches the agency name and amount."
Japan,1983,Promotion of Peaceful Use of Nuclear Energy Research Expenses,outlier,verify,5204046.0,0.0,0.0,"Amount 5,204,046 outside expected range [0 – 0] (IQR × 3.0). Possible current/prior year confusion or unit error.",keep,5204046.0,thousand,"[""1983 DL198311001.pdf""]",45,1.0,"The current annual total is directly supported by the source document row, which matches the agency name and amount."
Japan,1998,Promotion of Peaceful Use of Nuclear Energy Research Expenses,outlier,verify,161094469.0,0.0,0.0,"Amount 161,094,469 outside expected range [0 – 0] (IQR × 3.0). Possible current/prior year confusion or unit error.",keep,161094469.0,thousand,"[""1998 DL199811001.pdf""]",93,1.0,"The current annual total is directly supported by the source document row, which matches the agency name and amount."
Japan,2003,Promotion of Peaceful Use of Nuclear Energy Research Expenses,outlier,verify,105129846.0,0.0,0.0,"Amount 105,129,846 outside expected range [0 – 0] (IQR × 3.0). Possible current/prior year confusion or unit error.",keep,105129846.0,thousand,"[""2003 DL200311001.pdf""]",55,1.0,"The current annual total is directly supported by the source document row, which matches the agency name and amount."
Japan,2008,Prototype Expenses,outlier,verify,124901819.0,0.0,76624220.0,"Amount 124,901,819 outside expected range [0 – 0] (IQR × 3.0). Possible current/prior year confusion or unit error.",keep,124901819.0,thousand,"[""2008 DL200811001.pdf""]",938,1.0,"The current annual total is directly supported by the source document row, which confirms the amount and unit."
Japan,2009,Prototype Expenses,outlier,verify,76624220.0,124901819.0,0.0,"Amount 76,624,220 outside expected range [0 – 0] (IQR × 3.0). Possible current/prior year confusion or unit error.",keep,76624220.0,thousand,"[""2009 DL200911001.pdf""]",946,1.0,"The current annual total is supported by the source document row, which confirms the amount for Prototype Expenses in 2009."
Japan,2014,Prototype Expenses,outlier,verify,106030952.0,0.0,0.0,"Amount 106,030,952 outside expected range [0 – 0] (IQR × 3.0). Possible current/prior year confusion or unit error.",keep,106030952.0,thousand,"[""2014 DL201411001.pdf""]",1296,1.0,"The current annual total of 106,030,952 thousand is directly supported by the source document row, which lists the same amount for Prototype Expenses."
Japan,1977,Promotion of Research for Peaceful Use of Nuclear Energy,outlier,verify,110431135.0,0.0,0.0,"Amount 110,431,135 outside expected range [0 – 0] (IQR × 3.0). Possible current/prior year confusion or unit error.",keep,110431135.0,thousand,"[""1977 DL197711001.pdf""]",41,1.0,"The current annual total is directly supported by the source document row, which matches the agency and amount."
Japan,1989,Promotion of Research for Peaceful Use of Nuclear Energy,outlier,verify,156175616.0,0.0,0.0,"Amount 156,175,616 outside expected range [0 – 0] (IQR × 3.0). Possible current/prior year confusion or unit error.",keep,156175616.0,thousand,"[""1989 DL198911001.pdf""]",43,1.0,"The current annual total is directly supported by the source document row, which matches the amount and agency description."
Japan,1993,Promotion of Research for Peaceful Use of Nuclear Energy,outlier,verify,155067201.0,0.0,0.0,"Amount 155,067,201 outside expected range [0 – 0] (IQR × 3.0). Possible current/prior year confusion or unit error.",keep,155067201.0,thousand,"[""1993 DL199311001.pdf""]",44,1.0,"The current annual total is directly supported by the source document row, which lists the same amount for the agency in question."
Japan,1995,Promotion of Research for Peaceful Use of Nuclear Energy,outlier,verify,161220613.0,0.0,161822632.0,"Amount 161,220,613 outside expected range [0 – 0] (IQR × 3.0). Possible current/prior year confusion or unit error.",keep,161220613.0,thousand,"[""1995 DL199511001.pdf""]",45,1.0,"The current annual total is directly supported by the source document row, which lists the same amount for the agency in question."
Japan,1996,Promotion of Research for Peaceful Use of Nuclear Energy,outlier,verify,161822632.0,161220613.0,0.0,"Amount 161,822,632 outside expected range [0 – 0] (IQR × 3.0). Possible current/prior year confusion or unit error.",keep,161822632.0,thousand,"[""1996 DL199611001.pdf""]",46,1.0,"The current annual total is directly supported by the source document row, which lists the same amount for the agency in question."
Japan,2000,Promotion of Research for Peaceful Use of Nuclear Energy,outlier,verify,150536205.0,0.0,0.0,"Amount 150,536,205 outside expected range [0 – 0] (IQR × 3.0). Possible current/prior year confusion or unit error.",keep,150536205.0,thousand,"[""2000 DL200011001.pdf""]",66,1.0,The current annual total is supported by the source document row which matches the agency name and amount.
Japan,2007,Promotion of Research for Peaceful Use of Nuclear Energy,outlier,verify,6249552.0,0.0,0.0,"Amount 6,249,552 outside expected range [0 – 0] (IQR × 3.0). Possible current/prior year confusion or unit error.",keep,6249552.0,thousand,"[""2007 DL200711001.pdf""]",54,1.0,"The current annual total of 6,249,552 thousand is directly supported by the source document row, which matches the agency name and amount."
Japan,1994,Promotion Expenses for Peaceful Use of Nuclear Energy Research,outlier,verify,14856669.0,0.0,0.0,"Amount 14,856,669 outside expected range [0 – 0] (IQR × 3.0). Possible current/prior year confusion or unit error.",keep,14856669.0,thousand,"[""1994 DL199411001.pdf""]",44,1.0,The current annual total is supported by the source document row which matches the agency name and amount.
Japan,1997,Promotion Expenses for Peaceful Use of Nuclear Energy Research,outlier,verify,164835632.0,0.0,0.0,"Amount 164,835,632 outside expected range [0 – 0] (IQR × 3.0). Possible current/prior year confusion or unit error.",keep,164835632.0,thousand,"[""1997 DL199711001.pdf""]",44,1.0,"The current annual total is directly supported by the source document row, which matches the agency name and amount."
Japan,2008,Research and Development Promotion Expenses,outlier,verify,94661107.0,0.0,89912855.0,"Amount 94,661,107 outside expected range [-4,014,969 – 5,353,292] (IQR × 3.0). Possible current/prior year confusion or unit error.",keep,94661107.0,thousand,"[""2008 DL200811001.pdf""]",59,1.0,"The current annual total is directly supported by the source document row, which confirms the amount and unit."
Japan,2009,Research and Development Promotion Expenses,outlier,verify,89912855.0,94661107.0,51183926.0,"Amount 89,912,855 outside expected range [-4,014,969 – 5,353,292] (IQR × 3.0). Possible current/prior year confusion or unit error.",keep,89912855.0,thousand,"[""2009 DL200911001.pdf""]",59,1.0,"The current annual total is directly supported by the source document row, which lists the same amount for Research and Development Promotion Expenses."
Japan,2010,Research and Development Promotion Expenses,outlier,verify,51183926.0,89912855.0,101633283.0,"Amount 51,183,926 outside expected range [-4,014,969 – 5,353,292] (IQR × 3.0). Possible current/prior year confusion or unit error.",keep,51183926.0,thousand,"[""2010 DL201011001.pdf""]",518,1.0,"The current annual total is supported by the source document row, which specifies the same amount for the agency's expenses."
Japan,2011,Research and Development Promotion Expenses,outlier,verify,101633283.0,51183926.0,0.0,"Amount 101,633,283 outside expected range [-4,014,969 – 5,353,292] (IQR × 3.0). Possible current/prior year confusion or unit error.",keep,101633283.0,thousand,"[""2011 DL201111001.pdf""]",960,1.0,"The current annual total is directly supported by the source document row, which lists the same amount for the Technology Research and Development Promotion Expenses."
Japan,2014,Research and Development Promotion Expenses,outlier,verify,101900000.0,0.0,131194684.0,"Amount 101,900,000 outside expected range [-4,014,969 – 5,353,292] (IQR × 3.0). Possible current/prior year confusion or unit error.",keep,101900000.0,thousand,"[""2014 DL201411001.pdf""]",1334,1.0,"The current annual total of 101,900,000 thousand is directly supported by the source document row, which lists the same amount for Technology Research and Development Promotion Expenses."
Japan,2015,Research and Development Promotion Expenses,outlier,verify,131194684.0,101900000.0,138997201.0,"Amount 131,194,684 outside expected range [-4,014,969 – 5,353,292] (IQR × 3.0). Possible current/prior year confusion or unit error.",keep,131194684.0,thousand,"[""2015 DL201511001.pdf""]",61,1.0,"The current annual total of 131,194,684 thousand is directly supported by the source document row, which matches the agency name and amount."
Japan,2016,Research and Development Promotion Expenses,outlier,verify,138997201.0,131194684.0,128748121.0,"Amount 138,997,201 outside expected range [-4,014,969 – 5,353,292] (IQR × 3.0). Possible current/prior year confusion or unit error.",keep,138997201.0,thousand,"[""2016 DL201611001.pdf""]",60,1.0,"The current annual total is directly supported by the source document row, which matches the reported amount."
Japan,2017,Research and Development Promotion Expenses,outlier,verify,128748121.0,138997201.0,9955964.0,"Amount 128,748,121 outside expected range [-4,014,969 – 5,353,292] (IQR × 3.0). Possible current/prior year confusion or unit error.",keep,128748121.0,thousand,"[""2017 DL201711001.pdf""]",61,1.0,"The current annual total of 128,748,121 thousand is directly supported by the source document row, which lists the same amount for Research and Development Promotion Expenses."
Japan,2018,Research and Development Promotion Expenses,outlier,verify,9955964.0,128748121.0,2676646.0,"Amount 9,955,964 outside expected range [-4,014,969 – 5,353,292] (IQR × 3.0). Possible current/prior year confusion or unit error.",keep,9955964.0,thousand,"[""2018 DL201811001.pdf""]",584,1.0,"The current annual total is supported by the source document row, which lists the same amount for commissioned expenses related to scientific technology testing research."
Japan,2021,Research and Development Promotion Expenses,outlier,verify,144637843.0,0.0,122996722.0,"Amount 144,637,843 outside expected range [-4,014,969 – 5,353,292] (IQR × 3.0). Possible current/prior year confusion or unit error.",keep,144637843.0,thousand,"[""2021 DL202111001.pdf""]",605,1.0,"The current annual total of 144,637,843 thousand is directly supported by the source document row, which lists the same amount for Research and Development Promotion Expenses."
Japan,2022,Research and Development Promotion Expenses,outlier,verify,122996722.0,144637843.0,0.0,"Amount 122,996,722 outside expected range [-4,014,969 – 5,353,292] (IQR × 3.0). Possible current/prior year confusion or unit error.",keep,122996722.0,thousand,"[""2022 DL202211001.pdf""]",63,1.0,"The current annual total of 122,996,722 thousand is directly supported by the source document row, which matches the agency name and amount."
Japan,2024,Research and Development Promotion Expenses,outlier,verify,118972292.0,0.0,0.0,"Amount 118,972,292 outside expected range [-4,014,969 – 5,353,292] (IQR × 3.0). Possible current/prior year confusion or unit error.",keep,118972292.0,thousand,"[""2024 DL202411001.pdf""]",68,1.0,"The current annual total of 118,972,292 thousand is directly supported by the source document row, which lists the same amount for Research and Development Promotion Expenses."
Japan,1995,Expenses for Promotion of Scientific Research,outlier,verify,92762990.0,82784935.0,102162345.0,"Amount 92,762,990 outside expected range [-64,208,235 – 85,610,980] (IQR × 3.0). Possible current/prior year confusion or unit error.",keep,92762990.0,thousand,"[""1995 DL199511001.pdf""]",499,1.0,"The current annual total is supported by the source document row, which confirms the amount as valid."
Japan,1996,Expenses for Promotion of Scientific Research,outlier,verify,102162345.0,92762990.0,0.0,"Amount 102,162,345 outside expected range [-64,208,235 – 85,610,980] (IQR × 3.0). Possible current/prior year confusion or unit error.",keep,102162345.0,thousand,"[""1996 DL199611001.pdf""]",500,1.0,"The current annual total is supported by the source document row, which confirms the amount and unit."
Japan,2000,Expenses for Promotion of Scientific Research,outlier,verify,142396933.0,0.0,0.0,"Amount 142,396,933 outside expected range [-64,208,235 – 85,610,980] (IQR × 3.0). Possible current/prior year confusion or unit error.",keep,142396933.0,thousand,"[""2000 DL200011001.pdf""]",593,1.0,"The current annual total is directly supported by the source document row, which confirms the amount and its description."
Japan,2004,Expenses for Promotion of Scientific Research,outlier,verify,223778735.0,0.0,0.0,"Amount 223,778,735 outside expected range [-64,208,235 – 85,610,980] (IQR × 3.0). Possible current/prior year confusion or unit error.",keep,223778735.0,thousand,"[""2004 DL200411001.pdf""]",485,1.0,"The current annual total is directly supported by the source document row, which confirms the amount for the specified agency."
Japan,2014,Promotion of Science and Technology Innovation,outlier,verify,50000000.0,0.0,0.0,"Amount 50,000,000 outside expected range [0 – 0] (IQR × 3.0). Possible current/prior year confusion or unit error.",keep,50000000.0,thousand,"[""2014 DL201411001.pdf""]",60,1.0,"The current annual total of 50,000,000 thousand JPY is directly supported by the source document row, which describes the same amount for the Promotion of Science and Technology Innovation Creation Expenses."
Japan,2017,Promotion of Science and Technology Innovation,outlier,verify,50000000.0,0.0,55500000.0,"Amount 50,000,000 outside expected range [0 – 0] (IQR × 3.0). Possible current/prior year confusion or unit error.",keep,50000000.0,thousand,"[""2017 DL201711001.pdf""]",320,1.0,"The current annual total of 50,000,000 thousand is directly supported by the source document row, which lists the same amount for the Promotion of Science and Technology Innovation Creation Expenses."
Japan,2018,Promotion of Science and Technology Innovation,outlier,verify,55500000.0,50000000.0,0.0,"Amount 55,500,000 outside expected range [0 – 0] (IQR × 3.0). Possible current/prior year confusion or unit error.",keep,55500000.0,thousand,"[""2018 DL201811001.pdf""]",321,1.0,"The current annual total of 55,500,000 thousand is directly supported by the source document row, which lists the same amount for the Promotion of Science and Technology Innovation."
Japan,2022,Promotion of Science and Technology Innovation,outlier,verify,65305317.0,0.0,0.0,"Amount 65,305,317 outside expected range [0 – 0] (IQR × 3.0). Possible current/prior year confusion or unit error.",keep,65305317.0,thousand,"[""2022 DL202211001.pdf""]",330,1.0,"The current annual total is directly supported by the source document row, which confirms the amount for the Promotion of Science and Technology Innovation."
Japan,1977,Industrial Technology Promotion Expenses,outlier,verify,9542489.0,0.0,0.0,"Amount 9,542,489 outside expected range [0 – 0] (IQR × 3.0). Possible current/prior year confusion or unit error.",keep,9542489.0,thousand,"[""1977 DL197711001.pdf""]",55,1.0,"The current annual total of 9,542,489 thousand is directly supported by the source document row, which lists the same amount for Mining and Industrial Technology Promotion Expenses."
Japan,1988,Industrial Technology Promotion Expenses,outlier,verify,4225421.0,0.0,2941285.0,"Amount 4,225,421 outside expected range [0 – 0] (IQR × 3.0). Possible current/prior year confusion or unit error.",keep,4225421.0,thousand,"[""1988 DL198811001.pdf""]",675,1.0,"The current annual total of 4,225,421 thousand is directly supported by the source document row, which lists the same amount for Mining and Industrial Technology Promotion Expenses."
Japan,1989,Industrial Technology Promotion Expenses,outlier,verify,2941285.0,4225421.0,0.0,"Amount 2,941,285 outside expected range [0 – 0] (IQR × 3.0). Possible current/prior year confusion or unit error.",keep,2941285.0,thousand,"[""1989 DL198911001.pdf""]",666,1.0,"The current annual total is supported by the source document row, which lists the same amount for the Industrial Technology Promotion Expenses."
Japan,1991,Industrial Technology Promotion Expenses,outlier,verify,134968000.0,0.0,0.0,"Amount 134,968,000 outside expected range [0 – 0] (IQR × 3.0). Possible current/prior year confusion or unit error.",keep,134968000.0,thousand,"[""1991 DL199111001.pdf""]",676,1.0,"The current annual total of 134,968,000 thousand is directly supported by the source document row, which lists the same amount for Mining and Industrial Technology Promotion Expenses."
Japan,2002,Industrial Technology Promotion Expenses,outlier,verify,112148832.0,0.0,38974002.0,"Amount 112,148,832 outside expected range [0 – 0] (IQR × 3.0). Possible current/prior year confusion or unit error.",keep,112148832.0,thousand,"[""2002 DL200211001.pdf""]",596,1.0,"The current annual total of 112,148,832 thousand is directly supported by the source document row, which lists the same amount for Industrial Technology Promotion Expenses."
Japan,2003,Industrial Technology Promotion Expenses,outlier,verify,38974002.0,112148832.0,702000000.0,"Amount 38,974,002 outside expected range [0 – 0] (IQR × 3.0). Possible current/prior year confusion or unit error.",keep,38974002.0,thousand,"[""2003 DL200311001.pdf""]",67,1.0,The current annual total is supported by the source document row which lists the same amount for the Industrial Technology Promotion Expenses.
Japan,2004,Industrial Technology Promotion Expenses,outlier,verify,702000000.0,38974002.0,0.0,"Amount 702,000,000 outside expected range [0 – 0] (IQR × 3.0). Possible current/prior year confusion or unit error.",keep,702000000.0,thousand,"[""2004 DL200411001.pdf""]",900,1.0,"The current annual total of 702,000,000 thousand is directly supported by the source document row, which lists the same amount for Industrial Technology Promotion Expenses."
Japan,2006,Industrial Technology Promotion Expenses,outlier,verify,10000000.0,0.0,0.0,"Amount 10,000,000 outside expected range [0 – 0] (IQR × 3.0). Possible current/prior year confusion or unit error.",keep,10000000.0,thousand,"[""2006 DL200611001.pdf""]",91,1.0,"The current annual total of 10,000,000 thousand is directly supported by the source document row, which describes the same program and amount."
Japan,2009,Technology R&D Promotion Expenses,outlier,verify,2731331.0,0.0,0.0,"Amount 2,731,331 outside expected range [0 – 0] (IQR × 3.0). Possible current/prior year confusion or unit error.",keep,2731331.0,thousand,"[""2009 DL200911001.pdf""]",83,1.0,"The current annual total of 2,731,331 thousand is directly supported by the source document row, which lists the same amount for Technology Research and Development Promotion Expenses."
Japan,2011,Technology R&D Promotion Expenses,outlier,verify,101633283.0,0.0,0.0,"Amount 101,633,283 outside expected range [0 – 0] (IQR × 3.0). Possible current/prior year confusion or unit error.",keep,101633283.0,thousand,"[""2011 DL201111001.pdf""]",960.0,1.0,"The current annual total is directly supported by the source document row, which lists the same amount for Technology Research and Development Promotion Expenses."
Japan,2014,Technology R&D Promotion Expenses,outlier,verify,101900000.0,0.0,0.0,"Amount 101,900,000 outside expected range [0 – 0] (IQR × 3.0). Possible current/prior year confusion or unit error.",keep,101900000.0,thousand,"[""2014 DL201411001.pdf""]",1334,1.0,"The current annual total of 101,900,000 thousand is directly supported by the source document row, which confirms the amount for Technology Research and Development Promotion Expenses."
Japan,2019,Technology R&D Promotion Expenses,outlier,verify,2676646.0,0.0,0.0,"Amount 2,676,646 outside expected range [0 – 0] (IQR × 3.0). Possible current/prior year confusion or unit error.",keep,2676646.0,thousand,"[""2019 DL201911001.pdf""]",1210,1.0,"The current annual total is directly supported by the source document row, which lists the same amount for Technology Research and Development Promotion Expenses."
Japan,2020,Innovative R&D Promotion Fund,outlier,verify,100000.0,0.0,66667.0,"Amount 100,000 outside expected range [0 – 0] (IQR × 3.0). Possible current/prior year confusion or unit error.",keep,100000.0,thousand,"[""2020 DL202011001.pdf""]",772,1.0,"The source document clearly states an amount of 100,000 thousand JPY for the Innovative Research and Development Promotion Fund, which supports the current annual total."
Japan,2021,Innovative R&D Promotion Fund,outlier,verify,66667.0,100000.0,155400000.0,"Amount 66,667 outside expected range [0 – 0] (IQR × 3.0). Possible current/prior year confusion or unit error.",keep,66667.0,thousand,"[""2021 DL202111001.pdf""]",831,1.0,"The current annual total of 66,667 thousand is directly supported by the source document row, which describes a subsidy for the Innovative Research and Development Promotion Fund."
Japan,2022,Innovative R&D Promotion Fund,outlier,verify,155400000.0,66667.0,0.0,"Amount 155,400,000 outside expected range [0 – 0] (IQR × 3.0). Possible current/prior year confusion or unit error.",keep,155400000.0,thousand,"[""2022 DL202211001.pdf""]",330.0,1.0,"The current annual total of 155,400,000 thousand is directly supported by the source document row, which describes a subsidy for the Innovative Research and Development Promotion Fund."
Japan,2024,Innovative R&D Promotion Fund,outlier,verify,400392.0,0.0,0.0,"Amount 400,392 outside expected range [0 – 0] (IQR × 3.0). Possible current/prior year confusion or unit error.",keep,400392.0,thousand,"[""2024 DL202411001.pdf""]",717,1.0,"The current annual total of 400,392 thousand is directly supported by the source document row, which describes a subsidy for the Innovative R&D Promotion Fund."
Japan,2008,Space and Aviation R&D Promotion Expenses,outlier,verify,47032294.0,0.0,46883926.0,"Amount 47,032,294 outside expected range [0 – 0] (IQR × 3.0). Possible current/prior year confusion or unit error.",keep,47032294.0,thousand,"[""2008 DL200811001.pdf""]",508,1.0,"The current annual total is directly supported by the source document row, which lists the same amount for the relevant agency."
Japan,2009,Space and Aviation R&D Promotion Expenses,outlier,verify,46883926.0,47032294.0,51183926.0,"Amount 46,883,926 outside expected range [0 – 0] (IQR × 3.0). Possible current/prior year confusion or unit error.",keep,46883926.0,thousand,"[""2009 DL200911001.pdf""]",514,1.0,"The current annual total is supported by the source document row, which confirms the amount and its description aligns with the agency's purpose."
Japan,2010,Space and Aviation R&D Promotion Expenses,outlier,verify,51183926.0,46883926.0,0.0,"Amount 51,183,926 outside expected range [0 – 0] (IQR × 3.0). Possible current/prior year confusion or unit error.",keep,51183926.0,thousand,"[""2010 DL201011001.pdf""]",518,1.0,The current annual total is supported by the source document row which explicitly states the amount for promoting research and development in the space and aviation fields.
Japan,2005,R&D Promotion in Key Science and Technology Fields,outlier,verify,47540553.0,0.0,0.0,"Amount 47,540,553 outside expected range [0 – 0] (IQR × 3.0). Possible current/prior year confusion or unit error.",keep,47540553.0,thousand,"[""2005 DL200511001.pdf""]",479,1.0,The current annual total is supported by the source document row which explicitly states the amount for promoting research and development in important fields of science and technology.
Japan,2007,R&D Promotion in Key Science and Technology Fields,outlier,verify,45336063.0,0.0,0.0,"Amount 45,336,063 outside expected range [0 – 0] (IQR × 3.0). Possible current/prior year confusion or unit error.",keep,45336063.0,thousand,"[""2007 DL200711001.pdf""]",471,1.0,"The current annual total is supported by the source document row, which confirms the amount and its description aligns with the agency's purpose."
Japan,1996,Japan Atomic Energy Research Institute Investment,outlier,verify,76753000.0,0.0,0.0,"Amount 76,753,000 outside expected range [0 – 0] (IQR × 3.0). Possible current/prior year confusion or unit error.",keep,76753000.0,thousand,"[""1996 DL199611001.pdf""]",267,1.0,"The current annual total is directly supported by the source document row, which lists the same amount for the investment in the Japan Atomic Energy Research Institute."
Japan,2001,Japan Atomic Energy Research Institute Investment,outlier,verify,15873079.0,0.0,0.0,"Amount 15,873,079 outside expected range [0 – 0] (IQR × 3.0). Possible current/prior year confusion or unit error.",keep,15873079.0,thousand,"[""2001 DL200111001.pdf""]",103,1.0,"The current annual total is directly supported by the source document row, which confirms the amount for the investment in the Japan Atomic Energy Research Institute."
Japan,1984,Science and Technology Agency Testing Research Institute,outlier,verify,21185106.0,0.0,0.0,"Amount 21,185,106 outside expected range [-14,852,390 – 19,803,186] (IQR × 3.0). Possible current/prior year confusion or unit error.",keep,21185106.0,thousand,"[""1984 DL198411001.pdf""]",46,1.0,"The current annual total is directly supported by the source document row, which lists the same amount for the Science and Technology Agency Testing Research Institute."
Japan,1986,Science and Technology Agency Testing Research Institute,outlier,verify,252000000.0,0.0,24428769.0,"Amount 252,000,000 outside expected range [-14,852,390 – 19,803,186] (IQR × 3.0). Possible current/prior year confusion or unit error.",keep,252000000.0,thousand,"[""1986 DL198611001.pdf""]",863,1.0,"The current annual total of 252,000,000 thousand is directly supported by the source document row, which lists the same amount for the Science and Technology Agency Testing Research Institute Facility Costs."
Japan,1987,Science and Technology Agency Testing Research Institute,outlier,verify,24428769.0,252000000.0,0.0,"Amount 24,428,769 outside expected range [-14,852,390 – 19,803,186] (IQR × 3.0). Possible current/prior year confusion or unit error.",keep,24428769.0,thousand,"[""1987 DL198711001.pdf""]",44,1.0,"The current annual total of 24,428,769 thousand is directly supported by the source document row, which lists the same amount for the Science and Technology Agency Testing Research Institute."
Japan,1989,Science and Technology Agency Testing Research Institute,outlier,verify,28182330.0,0.0,0.0,"Amount 28,182,330 outside expected range [-14,852,390 – 19,803,186] (IQR × 3.0). Possible current/prior year confusion or unit error.",keep,28182330.0,thousand,"[""1989 DL198911001.pdf""]",43,1.0,"The current annual total is directly supported by the source document row, which lists the same amount for the Science and Technology Agency Testing Research Institute."
Japan,1991,Science and Technology Agency Testing Research Institute,outlier,verify,31333419.0,0.0,33811522.0,"Amount 31,333,419 outside expected range [-14,852,390 – 19,803,186] (IQR × 3.0). Possible current/prior year confusion or unit error.",keep,31333419.0,thousand,"[""1991 DL199111001.pdf""]",44,1.0,"The current annual total is directly supported by the source document row, which lists the same amount for the Science and Technology Agency Testing Research Institute."
Japan,1992,Science and Technology Agency Testing Research Institute,outlier,verify,33811522.0,31333419.0,38312109.0,"Amount 33,811,522 outside expected range [-14,852,390 – 19,803,186] (IQR × 3.0). Possible current/prior year confusion or unit error.",keep,33811522.0,thousand,"[""1992 DL199211001.pdf""]",43,1.0,"The current annual total is supported by the source document row, which confirms the amount for the Science and Technology Agency Testing Research Institute."
Japan,1993,Science and Technology Agency Testing Research Institute,outlier,verify,38312109.0,33811522.0,37712496.0,"Amount 38,312,109 outside expected range [-14,852,390 – 19,803,186] (IQR × 3.0). Possible current/prior year confusion or unit error.",keep,38312109.0,thousand,"[""1993 DL199311001.pdf""]",44,1.0,The current annual total is supported by the source document row which lists the same amount for the Science and Technology Agency Testing Research Institute.
Japan,1994,Science and Technology Agency Testing Research Institute,outlier,verify,37712496.0,38312109.0,0.0,"Amount 37,712,496 outside expected range [-14,852,390 – 19,803,186] (IQR × 3.0). Possible current/prior year confusion or unit error.",keep,37712496.0,thousand,"[""1994 DL199411001.pdf""]",44,1.0,"The current annual total is directly supported by the source document row, which lists the same amount for the Science and Technology Agency Testing Research Institute."
Japan,1998,Science and Technology Agency Testing Research Institute,outlier,verify,43104773.0,0.0,0.0,"Amount 43,104,773 outside expected range [-14,852,390 – 19,803,186] (IQR × 3.0). Possible current/prior year confusion or unit error.",keep,43104773.0,thousand,"[""1998 DL199811001.pdf""]",93,1.0,"The current annual total is directly supported by the source document row, which lists the same amount for the Science and Technology Agency Testing Research Institute."
Japan,2018,Medical R&D Promotion Subsidy,outlier,verify,39713898.0,0.0,0.0,"Amount 39,713,898 outside expected range [0 – 0] (IQR × 3.0). Possible current/prior year confusion or unit error.",keep,39713898.0,thousand,"[""2018 DL201811001.pdf""]",666,1.0,The current annual total is supported by the source document row which lists the same amount for the Medical R&D Promotion Subsidy.
Japan,2024,Medical R&D Promotion Subsidy,outlier,verify,42798126.0,0.0,0.0,"Amount 42,798,126 outside expected range [0 – 0] (IQR × 3.0). Possible current/prior year confusion or unit error.",keep,42798126.0,thousand,"[""2024 DL202411001.pdf""]",717,1.0,"The current annual total is supported by the source document row, which confirms the amount for the Medical R&D Promotion Subsidy."
Japan,1977,Mining and Industrial Technology Promotion Expenses,outlier,verify,9542489.0,0.0,0.0,"Amount 9,542,489 outside expected range [0 – 0] (IQR × 3.0). Possible current/prior year confusion or unit error.",keep,9542489.0,thousand,"[""1977 DL197711001.pdf""]",55,1.0,"The current annual total of 9,542,489 thousand is directly supported by the source document row, which lists the same amount for the Mining and Industrial Technology Promotion Expenses."
Japan,1988,Mining and Industrial Technology Promotion Expenses,outlier,verify,4225421.0,0.0,2941285.0,"Amount 4,225,421 outside expected range [0 – 0] (IQR × 3.0). Possible current/prior year confusion or unit error.",keep,4225421.0,thousand,"[""1988 DL198811001.pdf""]",675,1.0,"The current annual total of 4,225,421 thousand is directly supported by the source document row, which matches the agency name and amount."
Japan,1989,Mining and Industrial Technology Promotion Expenses,outlier,verify,2941285.0,4225421.0,0.0,"Amount 2,941,285 outside expected range [0 – 0] (IQR × 3.0). Possible current/prior year confusion or unit error.",keep,2941285.0,thousand,"[""1989 DL198911001.pdf""]",666,1.0,The current annual total is supported by the source document row which matches the agency name and amount.
Japan,1991,Mining and Industrial Technology Promotion Expenses,outlier,verify,134968000.0,0.0,0.0,"Amount 134,968,000 outside expected range [0 – 0] (IQR × 3.0). Possible current/prior year confusion or unit error.",keep,134968000.0,thousand,"[""1991 DL199111001.pdf""]",676,1.0,"The current annual total of 134,968,000 thousand is directly supported by the source document row, which matches the agency name and amount."
Japan,1982,National Institute for Nuclear Test Research,outlier,verify,164838119.0,1737770.0,0.0,"Amount 164,838,119 outside expected range [-5,267,704 – 7,023,606] (IQR × 3.0). Possible current/prior year confusion or unit error.",keep,164838119.0,thousand,"[""1982 DL198211001.pdf""]",45,1.0,"The amount of 164,838,119 thousand is directly supported by the source document row, which lists it as a line item for the National Institute for Nuclear Test Research."
Japan,1990,National Institute for Nuclear Test Research,outlier,verify,154316701.0,0.0,154303613.0,"Amount 154,316,701 outside expected range [-5,267,704 – 7,023,606] (IQR × 3.0). Possible current/prior year confusion or unit error.",keep,154316701.0,thousand,"[""1990 DL199011001.pdf""]",43,1.0,"The current annual total is directly supported by the source document row, which lists the same amount for the National Institute for Nuclear Test Research Expenses."
Japan,1991,National Institute for Nuclear Test Research,outlier,verify,154303613.0,154316701.0,153691201.0,"Amount 154,303,613 outside expected range [-5,267,704 – 7,023,606] (IQR × 3.0). Possible current/prior year confusion or unit error.",keep,154303613.0,thousand,"[""1991 DL199111001.pdf""]",44,1.0,"The current annual total is directly supported by the source document row, which lists the same amount for the National Institute for Nuclear Test Research."
Japan,1992,National Institute for Nuclear Test Research,outlier,verify,153691201.0,154303613.0,2120323.0,"Amount 153,691,201 outside expected range [-5,267,704 – 7,023,606] (IQR × 3.0). Possible current/prior year confusion or unit error.",keep,153691201.0,thousand,"[""1992 DL199211001.pdf""]",43,1.0,"The current annual total is directly supported by the source document row, which lists the same amount for the National Institute for Nuclear Test Research."
Japan,1994,National Institute for Nuclear Test Research,outlier,verify,159384618.0,2120323.0,2317143.0,"Amount 159,384,618 outside expected range [-5,267,704 – 7,023,606] (IQR × 3.0). Possible current/prior year confusion or unit error.",keep,159384618.0,thousand,"[""1994 DL199411001.pdf""]",44,1.0,"The current annual total is directly supported by the source document row, which lists the same amount for the National Institute for Nuclear Test Research Expenses."
Japan,1998,National Institute for Nuclear Test Research,outlier,verify,4000000000.0,2417923.0,2410195.0,"Amount 4,000,000,000 outside expected range [-5,267,704 – 7,023,606] (IQR × 3.0). Possible current/prior year confusion or unit error.",keep,4000000000.0,thousand,"[""1998 DL199811001.pdf""]",36,1.0,"The current annual total is directly supported by the source document row, which lists the same amount for the National Institute for Nuclear Test Research."
Japan,1995,Industrial Technology Infrastructure R&D,outlier,verify,1522456.0,0.0,0.0,"Amount 1,522,456 outside expected range [0 – 0] (IQR × 3.0). Possible current/prior year confusion or unit error.",keep,1522456.0,thousand,"[""1995 DL199511001.pdf""]",707,1.0,"The current annual total of 1,522,456 thousand is directly supported by the source document row, which lists the same amount for Industrial Technology Infrastructure Research and Development Expenses."
Japan,1997,Industrial Technology Infrastructure R&D,outlier,verify,1429353.0,0.0,98765432.0,"Amount 1,429,353 outside expected range [0 – 0] (IQR × 3.0). Possible current/prior year confusion or unit error.",keep,1429353.0,thousand,"[""1997 DL199711001.pdf""]",60,1.0,"The current annual total of 1,429,353 thousand is directly supported by the source document row, which lists the same amount for Industrial Technology Infrastructure R&D expenses."
Japan,1998,Industrial Technology Infrastructure R&D,outlier,verify,98765432.0,1429353.0,1417274.0,"Amount 98,765,432 outside expected range [0 – 0] (IQR × 3.0). Possible current/prior year confusion or unit error.",drop,,,"[""1998 DL199811001.pdf""]",984,0.0,"The current annual total is excessively high and outside the expected range, with no supporting evidence to validate it."
Japan,1999,Industrial Technology Infrastructure R&D,outlier,verify,1417274.0,98765432.0,0.0,"Amount 1,417,274 outside expected range [0 – 0] (IQR × 3.0). Possible current/prior year confusion or unit error.",keep,1417274.0,thousand,"[""1999 DL199911001.pdf""]",62,1.0,"The current annual total of 1,417,274 thousand is directly supported by the source document row, which describes the same agency and matches the amount."
Japan,2001,Industrial Technology Infrastructure R&D,outlier,verify,69900000.0,0.0,0.0,"Amount 69,900,000 outside expected range [0 – 0] (IQR × 3.0). Possible current/prior year confusion or unit error.",keep,69900000.0,thousand,"[""2001 DL200111001.pdf""]",872,1.0,"The current annual total of 69,900,000 thousand is directly supported by the source document row, which lists the same amount for Industrial Technology Infrastructure Research and Development Expenses."
Japan,1998,Ocean Development and Earth Science R&D Promotion Expenses,outlier,verify,25363022.0,0.0,0.0,"Amount 25,363,022 outside expected range [0 – 0] (IQR × 3.0). Possible current/prior year confusion or unit error.",keep,25363022.0,thousand,"[""1998 DL199811001.pdf""]",93,1.0,"The current annual total is directly supported by the source document row, which lists the same amount for the agency in question."
Japan,2003,Ocean Development and Earth Science R&D Promotion Expenses,outlier,verify,34746583.0,0.0,0.0,"Amount 34,746,583 outside expected range [0 – 0] (IQR × 3.0). Possible current/prior year confusion or unit error.",keep,34746583.0,thousand,"[""2003 DL200311001.pdf""]",55,1.0,"The current annual total is directly supported by the source document row, which lists the same amount for the agency in question."
Japan,1976,Scientific Research Expenses,outlier,verify,7269721.0,0.0,0.0,"Amount 7,269,721 outside expected range [0 – 0] (IQR × 3.0). Possible current/prior year confusion or unit error.",keep,7269721.0,thousand,"[""1976 DL197611001.pdf""]",515,1.0,"The current annual total of 7,269,721 thousand is directly supported by the source document row, which lists the same amount for Scientific Research Expenses."
Japan,1978,Scientific Research Expenses,outlier,verify,8149779.0,0.0,0.0,"Amount 8,149,779 outside expected range [0 – 0] (IQR × 3.0). Possible current/prior year confusion or unit error.",keep,8149779.0,thousand,"[""1978 DL197811001.pdf""]",524,1.0,"The current annual total of 8,149,779 thousand is directly supported by the source document row, which lists the same amount for Scientific Research Expenses."
Japan,1980,Scientific Research Expenses,outlier,verify,10320067.0,0.0,0.0,"Amount 10,320,067 outside expected range [0 – 0] (IQR × 3.0). Possible current/prior year confusion or unit error.",keep,10320067.0,thousand,"[""1980 DL198011001.pdf""]",534,1.0,"The current annual total of 10,320,067 thousand is directly supported by the source document row, which lists the same amount for Scientific Research Expenses."
Japan,1986,Scientific Research Expenses,outlier,verify,18156936.0,0.0,0.0,"Amount 18,156,936 outside expected range [0 – 0] (IQR × 3.0). Possible current/prior year confusion or unit error.",keep,18156936.0,thousand,"[""1986 DL198611001.pdf""]",528,1.0,"The current annual total is directly supported by the source document row, which confirms the amount for Scientific Research Expenses."
Japan,1988,Scientific Research Expenses,outlier,verify,22499391.0,0.0,0.0,"Amount 22,499,391 outside expected range [0 – 0] (IQR × 3.0). Possible current/prior year confusion or unit error.",keep,22499391.0,thousand,"[""1988 DL198811001.pdf""]",513,1.0,"The current annual total is directly supported by the source document row, which lists the same amount for Scientific Research Expenses."
Japan,1991,Scientific Research Expenses,outlier,verify,30868952.0,0.0,33793033.0,"Amount 30,868,952 outside expected range [0 – 0] (IQR × 3.0). Possible current/prior year confusion or unit error.",keep,30868952.0,thousand,"[""1991 DL199111001.pdf""]",526,1.0,"The current annual total is directly supported by the source document row, which lists the same amount for Scientific Research Expenses."
Japan,1992,Scientific Research Expenses,outlier,verify,33793033.0,30868952.0,0.0,"Amount 33,793,033 outside expected range [0 – 0] (IQR × 3.0). Possible current/prior year confusion or unit error.",keep,33793033.0,thousand,"[""1992 DL199211001.pdf""]",531,1.0,"The current annual total is directly supported by the source document row, which confirms the amount for Scientific Research Expenses."
Japan,1999,Scientific Research Expenses,outlier,verify,61739923.0,0.0,64021342.0,"Amount 61,739,923 outside expected range [0 – 0] (IQR × 3.0). Possible current/prior year confusion or unit error.",keep,61739923.0,thousand,"[""1999 DL199911001.pdf""]",566,1.0,"The current annual total is directly supported by the source document row, which lists the same amount for Scientific Research Expenses."
Japan,2000,Scientific Research Expenses,outlier,verify,64021342.0,61739923.0,0.0,"Amount 64,021,342 outside expected range [0 – 0] (IQR × 3.0). Possible current/prior year confusion or unit error.",keep,64021342.0,thousand,"[""2000 DL200011001.pdf""]",650,1.0,"The current annual total is directly supported by the source document row, which confirms the amount for Scientific Research Expenses."
Japan,2013,Scientific Research Expenses,outlier,verify,12950206.0,0.0,0.0,"Amount 12,950,206 outside expected range [0 – 0] (IQR × 3.0). Possible current/prior year confusion or unit error.",keep,12950206.0,thousand,"[""2013 DL201311001.pdf""]",614,1.0,"The current annual total of 12,950,206 thousand is directly supported by the source document row, which lists the same amount for the subsidy for Scientific Research Expenses."
Japan,1995,Industrial Technology Infrastructure R&D Expenses,outlier,verify,1522456.0,0.0,0.0,"Amount 1,522,456 outside expected range [0 – 0] (IQR × 3.0). Possible current/prior year confusion or unit error.",keep,1522456.0,thousand,"[""1995 DL199511001.pdf""]",707,1.0,"The current annual total of 1,522,456 thousand is directly supported by the source document row, which confirms the amount and its description."
Japan,1997,Industrial Technology Infrastructure R&D Expenses,outlier,verify,1429353.0,0.0,0.0,"Amount 1,429,353 outside expected range [0 – 0] (IQR × 3.0). Possible current/prior year confusion or unit error.",keep,1429353.0,thousand,"[""1997 DL199711001.pdf""]",60,1.0,"The current annual total of 1,429,353 thousand is directly supported by the source document row, which lists the same amount for Industrial Technology Infrastructure R&D Expenses."
Japan,2001,Industrial Technology Infrastructure R&D Expenses,outlier,verify,69900000.0,0.0,0.0,"Amount 69,900,000 outside expected range [0 – 0] (IQR × 3.0). Possible current/prior year confusion or unit error.",keep,69900000.0,thousand,"[""2001 DL200111001.pdf""]",872,1.0,"The current annual total of 69,900,000 thousand is directly supported by the source document row, which lists the same amount for Industrial Technology Infrastructure Research and Development Expenses."
Japan,1979,Investment and Assistance for Ocean Science and Technology,outlier,verify,3824000.0,0.0,0.0,"Amount 3,824,000 outside expected range [0 – 0] (IQR × 3.0). Possible current/prior year confusion or unit error.",keep,3824000.0,thousand,"[""1979 DL197911001.pdf""]",251,1.0,The current annual total is supported by the source document row which explicitly states the amount for the agency in question.
Japan,2000,Investment and Assistance for Ocean Science and Technology,outlier,verify,44618955.0,0.0,0.0,"Amount 44,618,955 outside expected range [0 – 0] (IQR × 3.0). Possible current/prior year confusion or unit error.",keep,44618955.0,thousand,"[""2000 DL200011001.pdf""]",338,1.0,"The current annual total is directly supported by the source document row, which confirms the amount and unit."
Japan,1988,Scientific Testing Research Subsidies,outlier,verify,15455254.0,0.0,0.0,"Amount 15,455,254 outside expected range [0 – 0] (IQR × 3.0). Possible current/prior year confusion or unit error.",keep,15455254.0,thousand,"[""1988 DL198811001.pdf""]",533,1.0,"The current annual total is directly supported by the source document row, which lists the same amount for the Scientific Testing Research Subsidies."
Japan,1999,Scientific Testing Research Subsidies,outlier,verify,31412695.0,0.0,0.0,"Amount 31,412,695 outside expected range [0 – 0] (IQR × 3.0). Possible current/prior year confusion or unit error.",keep,31412695.0,thousand,"[""1999 DL199911001.pdf""]",566,1.0,The current annual total is supported by the source document row which lists the same amount for the Scientific Testing Research Subsidies.
Japan,1989,Research on Ocean Development and Earth Science Technology Promotion,outlier,verify,10674710.0,0.0,0.0,"Amount 10,674,710 outside expected range [0 – 0] (IQR × 3.0). Possible current/prior year confusion or unit error.",keep,10674710.0,thousand,"[""1989 DL198911001.pdf""]",43,1.0,"The current annual total is directly supported by the source document row, which lists the same amount for the specified agency."
Japan,2000,Research on Ocean Development and Earth Science Technology Promotion,outlier,verify,34460002.0,0.0,0.0,"Amount 34,460,002 outside expected range [0 – 0] (IQR × 3.0). Possible current/prior year confusion or unit error.",keep,34460002.0,thousand,"[""2000 DL200011001.pdf""]",66,1.0,"The current annual total is supported by the source document row, which confirms the amount and unit."
Japan,1988,Health Science Research Subsidies,outlier,verify,4410310.0,0.0,0.0,"Amount 4,410,310 outside expected range [0 – 0] (IQR × 3.0). Possible current/prior year confusion or unit error.",keep,4410310.0,thousand,"[""1988 DL198811001.pdf""]",533,1.0,"The current annual total of 4,410,310 thousand JPY is directly supported by the source document row, which lists the same amount for Health Science Research Subsidies."
Japan,1999,Health Science Research Subsidies,outlier,verify,26980056.0,0.0,27659764.0,"Amount 26,980,056 outside expected range [0 – 0] (IQR × 3.0). Possible current/prior year confusion or unit error.",keep,26980056.0,thousand,"[""1999 DL199911001.pdf""]",566,1.0,"The current annual total is directly supported by the source-document row, which lists the same amount for Health Science Research Subsidies."
Japan,2000,Health Science Research Subsidies,outlier,verify,27659764.0,26980056.0,0.0,"Amount 27,659,764 outside expected range [0 – 0] (IQR × 3.0). Possible current/prior year confusion or unit error.",keep,27659764.0,thousand,"[""2000 DL200011001.pdf""]",650,1.0,"The current annual total is directly supported by the source document row, which lists the same amount for Health Science Research Subsidies."
Japan,1994,Scientific Testing Research Grant,outlier,verify,25900337.0,0.0,0.0,"Amount 25,900,337 outside expected range [0 – 0] (IQR × 3.0). Possible current/prior year confusion or unit error.",keep,25900337.0,thousand,"[""1994 DL199411001.pdf""]",542,1.0,"The current annual total is directly supported by the source document row, which lists the same amount for the Scientific Testing Research Grant."
Japan,2005,Scientific Testing Research Grant,outlier,verify,12702106.0,0.0,0.0,"Amount 12,702,106 outside expected range [0 – 0] (IQR × 3.0). Possible current/prior year confusion or unit error.",keep,12702106.0,thousand,"[""2005 DL200511001.pdf""]",566,1.0,"The current annual total of 12,702,106 thousand is directly supported by the source document row, which lists the same amount for the Scientific Testing Research Grant."
Japan,2009,Expenses for Life Sciences R&D,outlier,verify,19970876.0,0.0,25491617.0,"Amount 19,970,876 outside expected range [0 – 0] (IQR × 3.0). Possible current/prior year confusion or unit error.",keep,19970876.0,thousand,"[""2009 DL200911001.pdf""]",514,1.0,"The current annual total is supported by the source document row, which confirms the amount and its description aligns with the agency's purpose."
Japan,2010,Expenses for Life Sciences R&D,outlier,verify,25491617.0,19970876.0,0.0,"Amount 25,491,617 outside expected range [0 – 0] (IQR × 3.0). Possible current/prior year confusion or unit error.",keep,25491617.0,thousand,"[""2010 DL201011001.pdf""]",518,1.0,"The current annual total is directly supported by the source document row, which describes expenses for life sciences R&D."
Japan,2013,Expenses for Life Sciences R&D,outlier,verify,11873012.0,0.0,0.0,"Amount 11,873,012 outside expected range [0 – 0] (IQR × 3.0). Possible current/prior year confusion or unit error.",keep,11873012.0,thousand,"[""2013 DL201311001.pdf""]",531,1.0,"The current annual total is supported by the source document row, which confirms the amount and its description related to life sciences R&D expenses."
Japan,1979,Subsidy for Japan Atomic Energy Research Institute,outlier,verify,14322000.0,0.0,0.0,"Amount 14,322,000 outside expected range [0 – 0] (IQR × 3.0). Possible current/prior year confusion or unit error.",keep,14322000.0,thousand,"[""1979 DL197911001.pdf""]",256,1.0,"The current annual total of 14,322,000 thousand is directly supported by the source document row, which matches the agency name and amount."
Japan,1988,Subsidy for Japan Atomic Energy Research Institute,outlier,verify,23877000.0,0.0,0.0,"Amount 23,877,000 outside expected range [0 – 0] (IQR × 3.0). Possible current/prior year confusion or unit error.",keep,23877000.0,thousand,"[""1988 DL198811001.pdf""]",254,1.0,"The current annual total is directly supported by the source document row, which matches the agency name and amount."
Japan,1976,Scientific Testing Research Subsidy,outlier,verify,5561830.0,0.0,0.0,"Amount 5,561,830 outside expected range [0 – 0] (IQR × 3.0). Possible current/prior year confusion or unit error.",keep,5561830.0,thousand,"[""1976 DL197611001.pdf""]",515,1.0,"The current annual total is directly supported by the source document row, which lists the same amount for the Scientific Testing Research Subsidy."
Japan,1980,Scientific Testing Research Subsidy,outlier,verify,7126535.0,0.0,0.0,"Amount 7,126,535 outside expected range [0 – 0] (IQR × 3.0). Possible current/prior year confusion or unit error.",keep,7126535.0,thousand,"[""1980 DL198011001.pdf""]",534.0,1.0,"The current annual total of 7,126,535 thousand is directly supported by the source document row, which lists the same amount for the Scientific Testing Research Subsidy."
Japan,1982,Scientific Testing Research Subsidy,outlier,verify,9604716.0,0.0,10061785.0,"Amount 9,604,716 outside expected range [0 – 0] (IQR × 3.0). Possible current/prior year confusion or unit error.",keep,9604716.0,thousand,"[""1982 DL198211001.pdf""]",534.0,1.0,"The current annual total of 9,604,716 thousand is directly supported by the source document row, which lists the same amount for the Scientific Testing Research Subsidy."
Japan,1983,Scientific Testing Research Subsidy,outlier,verify,10061785.0,9604716.0,0.0,"Amount 10,061,785 outside expected range [0 – 0] (IQR × 3.0). Possible current/prior year confusion or unit error.",keep,10061785.0,thousand,"[""1983 DL198311001.pdf""]",536,1.0,"The current annual total of 10,061,785 thousand is directly supported by the source document row, which lists the same amount for the Scientific Testing Research Subsidy."
Japan,1990,Scientific Testing Research Subsidy,outlier,verify,18844334.0,0.0,20391237.0,"Amount 18,844,334 outside expected range [0 – 0] (IQR × 3.0). Possible current/prior year confusion or unit error.",keep,18844334.0,thousand,"[""1990 DL199011001.pdf""]",519,1.0,"The current annual total is directly supported by the source document row, which lists the same amount for the Scientific Testing Research Subsidy."
Japan,1991,Scientific Testing Research Subsidy,outlier,verify,20391237.0,18844334.0,0.0,"Amount 20,391,237 outside expected range [0 – 0] (IQR × 3.0). Possible current/prior year confusion or unit error.",keep,20391237.0,thousand,"[""1991 DL199111001.pdf""]",526,1.0,"The current annual total is directly supported by the source document row, which lists the same amount for the Scientific Testing Research Subsidy."
Japan,1996,Scientific Testing Research Subsidy,outlier,verify,27902623.0,0.0,32352197.0,"Amount 27,902,623 outside expected range [0 – 0] (IQR × 3.0). Possible current/prior year confusion or unit error.",keep,27902623.0,thousand,"[""1996 DL199611001.pdf""]",551,1.0,"The current annual total is directly supported by the source document row, which lists the same amount for the Scientific Testing Research Subsidy."
Japan,1997,Scientific Testing Research Subsidy,outlier,verify,32352197.0,27902623.0,31131143.0,"Amount 32,352,197 outside expected range [0 – 0] (IQR × 3.0). Possible current/prior year confusion or unit error.",keep,32352197.0,thousand,"[""1997 DL199711001.pdf""]",542,1.0,The current annual total is supported by the source document row which lists the same amount for the Scientific Testing Research Subsidy.
Japan,1998,Scientific Testing Research Subsidy,outlier,verify,31131143.0,32352197.0,0.0,"Amount 31,131,143 outside expected range [0 – 0] (IQR × 3.0). Possible current/prior year confusion or unit error.",keep,31131143.0,thousand,"[""1998 DL199811001.pdf""]",620,1.0,"The current annual total is directly supported by the source document row, which lists the same amount for the Scientific Testing Research Subsidy."
Japan,2015,Medical R&D Promotion Project Subsidy,outlier,verify,14470958.0,0.0,1000000.0,"Amount 14,470,958 outside expected range [0 – 0] (IQR × 3.0). Possible current/prior year confusion or unit error.",keep,14470958.0,thousand,"[""2015 DL201511001.pdf""]",804,1.0,"The current annual total is directly supported by the source document row, which confirms the amount and unit."
Japan,2016,Medical R&D Promotion Project Subsidy,outlier,verify,1000000.0,14470958.0,0.0,"Amount 1,000,000 outside expected range [0 – 0] (IQR × 3.0). Possible current/prior year confusion or unit error.",keep,1000000.0,thousand,"[""2016 DL201611001.pdf""]",110,1.0,"The current annual total of 1,000,000 thousand is directly supported by the source document row, which confirms the amount and unit."
Japan,2018,Medical R&D Promotion Project Subsidy,outlier,verify,39713898.0,0.0,53063348.0,"Amount 39,713,898 outside expected range [0 – 0] (IQR × 3.0). Possible current/prior year confusion or unit error.",keep,39713898.0,thousand,"[""2018 DL201811001.pdf""]",666,1.0,The current annual total is supported by the source document row which confirms the amount for the Medical R&D Promotion Project Subsidy.
Japan,2019,Medical R&D Promotion Project Subsidy,outlier,verify,53063348.0,39713898.0,37777315.0,"Amount 53,063,348 outside expected range [0 – 0] (IQR × 3.0). Possible current/prior year confusion or unit error.",keep,53063348.0,thousand,"[""2019 DL201911001.pdf""]",869,1.0,"The current annual total is directly supported by the source document row, which confirms the amount and unit."
Japan,2020,Medical R&D Promotion Project Subsidy,outlier,verify,37777315.0,53063348.0,0.0,"Amount 37,777,315 outside expected range [0 – 0] (IQR × 3.0). Possible current/prior year confusion or unit error.",keep,37777315.0,thousand,"[""2020 DL202011001.pdf""]",694,1.0,"The current annual total is supported by the source document row, which confirms the amount and unit."
Japan,2024,Medical R&D Promotion Project Subsidy,outlier,verify,42798126.0,0.0,0.0,"Amount 42,798,126 outside expected range [0 – 0] (IQR × 3.0). Possible current/prior year confusion or unit error.",keep,42798126.0,thousand,"[""2024 DL202411001.pdf""]",717,1.0,The current annual total is supported by the source document row which confirms the amount for the Medical R&D Promotion Project Subsidy.
Japan,1979,Subsidy for Nuclear Development Corporation,outlier,verify,14693000.0,0.0,0.0,"Amount 14,693,000 outside expected range [0 – 0] (IQR × 3.0). Possible current/prior year confusion or unit error.",keep,14693000.0,thousand,"[""1979 DL197911001.pdf""]",256,1.0,"The current annual total of 14,693,000 thousand is directly supported by the source document row, which matches the agency name and amount."
Japan,1996,Subsidy for Nuclear Development Corporation,outlier,verify,16234000.0,0.0,0.0,"Amount 16,234,000 outside expected range [0 – 0] (IQR × 3.0). Possible current/prior year confusion or unit error.",keep,16234000.0,thousand,"[""1996 DL199611001.pdf""]",267,1.0,"The current annual total is supported by the source document row, which confirms the amount and unit."
Japan,2012,Commissioned R&D for Industrial Technology,outlier,verify,50000000.0,0.0,0.0,"Amount 50,000,000 outside expected range [0 – 0] (IQR × 3.0). Possible current/prior year confusion or unit error.",keep,50000000.0,thousand,"[""2012 DL201211001.pdf""]",106,1.0,"The current annual total of 50,000,000 thousand is directly supported by the source document row, which confirms the amount for the Commissioned Research and Development Expenses for Industrial Technology."
Japan,2016,Commissioned R&D for Industrial Technology,outlier,verify,1000000.0,0.0,700000.0,"Amount 1,000,000 outside expected range [0 – 0] (IQR × 3.0). Possible current/prior year confusion or unit error.",keep,1000000.0,thousand,"[""2016 DL201611001.pdf""]",110,1.0,"The current annual total of 1,000,000 thousand is directly supported by the source document row, which describes the same amount for the Commissioned Research and Development Expenses for Industrial Technology."
Japan,2017,Commissioned R&D for Industrial Technology,outlier,verify,700000.0,1000000.0,0.0,"Amount 700,000 outside expected range [0 – 0] (IQR × 3.0). Possible current/prior year confusion or unit error.",keep,700000.0,thousand,"[""2017 DL201711001.pdf""]",806,1.0,"The current annual total of 700,000 thousand is supported by the source document row, which confirms the amount for Commissioned Research and Development Expenses for Industrial Technology."
Japan,2019,Commissioned R&D for Industrial Technology,outlier,verify,559980.0,0.0,0.0,"Amount 559,980 outside expected range [0 – 0] (IQR × 3.0). Possible current/prior year confusion or unit error.",keep,559980.0,thousand,"[""2019 DL201911001.pdf""]",1130.0,1.0,"The current annual total of 559,980 thousand is directly supported by the source document row, which describes the same amount for Commissioned Research and Development Expenses for Industrial Technology."
Japan,2001,Promotion of Industrial Technology R&D,outlier,verify,3520206.0,0.0,0.0,"Amount 3,520,206 outside expected range [0 – 0] (IQR × 3.0). Possible current/prior year confusion or unit error.",keep,3520206.0,thousand,"[""2001 DL200111001.pdf""]",684,1.0,"The current annual total of 3,520,206 thousand is directly supported by the source document row, which matches the agency and description."
Japan,2006,Promotion of Industrial Technology R&D,outlier,verify,21603417.0,0.0,0.0,"Amount 21,603,417 outside expected range [0 – 0] (IQR × 3.0). Possible current/prior year confusion or unit error.",keep,21603417.0,thousand,"[""2006 DL200611001.pdf""]",681,1.0,"The current annual total is directly supported by the source document row, which confirms the amount for the Promotion of Industrial Technology R&D."
Japan,1978,Mineral Industry Technology Promotion,outlier,verify,8631019.0,0.0,0.0,"Amount 8,631,019 outside expected range [0 – 0] (IQR × 3.0). Possible current/prior year confusion or unit error.",keep,8631019.0,thousand,"[""1978 DL197811001.pdf""]",687,1.0,"The current annual total is directly supported by the source document row, which confirms the amount for the Mineral Industry Technology Promotion."
Japan,1984,Mineral Industry Technology Promotion,outlier,verify,13925036.0,0.0,0.0,"Amount 13,925,036 outside expected range [0 – 0] (IQR × 3.0). Possible current/prior year confusion or unit error.",keep,13925036.0,thousand,"[""1984 DL198411001.pdf""]",707,1.0,"The current annual total is directly supported by the source document row, which lists the same amount for the Mineral Industry Technology Promotion."
Japan,1990,Mineral Industry Technology Promotion,outlier,verify,14628151.0,0.0,0.0,"Amount 14,628,151 outside expected range [0 – 0] (IQR × 3.0). Possible current/prior year confusion or unit error.",keep,14628151.0,thousand,"[""1990 DL199011001.pdf""]",670,1.0,"The current annual total is directly supported by the source document row, which lists the same amount for the Mineral Industry Technology Promotion Expenses."
Japan,2007,Subsidy for Earth Observation Satellites,outlier,verify,5290288.0,0.0,16715960.0,"Amount 5,290,288 outside expected range [0 – 0] (IQR × 3.0). Possible current/prior year confusion or unit error.",keep,5290288.0,thousand,"[""2007 DL200711001.pdf""]",506,1.0,"The current annual total is directly supported by the source document row, which confirms the amount for the subsidy for Earth observation satellites."
Japan,2008,Subsidy for Earth Observation Satellites,outlier,verify,16715960.0,5290288.0,11227589.0,"Amount 16,715,960 outside expected range [0 – 0] (IQR × 3.0). Possible current/prior year confusion or unit error.",keep,16715960.0,thousand,"[""2008 DL200811001.pdf""]",128,1.0,"The current annual total is directly supported by the source document row, which confirms the amount for the subsidy for Earth observation satellites."
Japan,2009,Subsidy for Earth Observation Satellites,outlier,verify,11227589.0,16715960.0,0.0,"Amount 11,227,589 outside expected range [0 – 0] (IQR × 3.0). Possible current/prior year confusion or unit error.",keep,11227589.0,thousand,"[""2009 DL200911001.pdf""]",129,1.0,"The current annual total is directly supported by the source document row, which confirms the amount for the subsidy for Earth observation satellites."
Japan,1975,Large Industrial Technology R&D,outlier,verify,11602973.0,,0.0,"Amount 11,602,973 outside expected range [0 – 0] (IQR × 3.0). Possible current/prior year confusion or unit error.",keep,11602973.0,thousand,"[""1975 DL197511001.pdf""]",55,1.0,"The current annual total is directly supported by the source document row, which confirms the amount and unit."
Japan,1977,Large Industrial Technology R&D,outlier,verify,14207152.0,0.0,13780611.0,"Amount 14,207,152 outside expected range [0 – 0] (IQR × 3.0). Possible current/prior year confusion or unit error.",keep,14207152.0,thousand,"[""1977 DL197711001.pdf""]",55,1.0,"The current annual total is directly supported by the source document row, which lists the same amount for Large Industrial Technology R&D expenses."
Japan,1978,Large Industrial Technology R&D,outlier,verify,13780611.0,14207152.0,13689782.0,"Amount 13,780,611 outside expected range [0 – 0] (IQR × 3.0). Possible current/prior year confusion or unit error.",keep,13780611.0,thousand,"[""1978 DL197811001.pdf""]",688,1.0,"The current annual total is directly supported by the source document row, which lists the same amount for Large Industrial Technology R&D expenses."
Japan,1979,Large Industrial Technology R&D,outlier,verify,13689782.0,13780611.0,0.0,"Amount 13,689,782 outside expected range [0 – 0] (IQR × 3.0). Possible current/prior year confusion or unit error.",keep,13689782.0,thousand,"[""1979 DL197911001.pdf""]",58,1.0,"The current annual total of 13,689,782 thousand is directly supported by the source document row, which confirms the amount and unit."
Japan,1981,Large Industrial Technology R&D,outlier,verify,13322427.0,0.0,0.0,"Amount 13,322,427 outside expected range [0 – 0] (IQR × 3.0). Possible current/prior year confusion or unit error.",keep,13322427.0,thousand,"[""1981 DL198111001.pdf""]",59,1.0,"The current annual total is directly supported by the source document row, which lists the same amount for the Large Industrial Technology R&D."
Japan,1983,Large Industrial Technology R&D,outlier,verify,10561230.0,0.0,10561230.0,"Amount 10,561,230 outside expected range [0 – 0] (IQR × 3.0). Possible current/prior year confusion or unit error.",keep,10561230.0,thousand,"[""1983 DL198311001.pdf""]",50,1.0,"The current annual total is directly supported by the source document row, which lists the same amount for Large Industrial Technology R&D expenses."
Japan,1984,Large Industrial Technology R&D,outlier,verify,10561230.0,10561230.0,0.0,"Amount 10,561,230 outside expected range [0 – 0] (IQR × 3.0). Possible current/prior year confusion or unit error.",keep,10561230.0,thousand,"[""1984 DL198411001.pdf""]",709,1.0,The current annual total is supported by the source document row which confirms the amount for Large Industrial Technology R&D expenses.
Japan,1986,Large Industrial Technology R&D,outlier,verify,5275426.0,0.0,0.0,"Amount 5,275,426 outside expected range [0 – 0] (IQR × 3.0). Possible current/prior year confusion or unit error.",keep,5275426.0,thousand,"[""1986 DL198611001.pdf""]",59,1.0,"The current annual total of 5,275,426 thousand is directly supported by the source document row, which describes the same amount for Large Industrial Technology Research and Development."
Japan,1975,Promotion of Mining and Industrial Technology,outlier,verify,10059740.0,,0.0,"Amount 10,059,740 outside expected range [0 – 0] (IQR × 3.0). Possible current/prior year confusion or unit error.",keep,10059740.0,thousand,"[""1975 DL197511001.pdf""]",55,1.0,"The current annual total of 10,059,740 thousand is directly supported by the source document row, which lists the same amount for the Promotion of Mining and Industrial Technology."
Japan,1979,Promotion of Mining and Industrial Technology,outlier,verify,9347884.0,0.0,0.0,"Amount 9,347,884 outside expected range [0 – 0] (IQR × 3.0). Possible current/prior year confusion or unit error.",keep,9347884.0,thousand,"[""1979 DL197911001.pdf""]",58,1.0,The current annual total is supported by the source document row which lists the same amount for the Promotion of Mining and Industrial Technology.
Japan,1981,Promotion of Mining and Industrial Technology,outlier,verify,11630774.0,0.0,0.0,"Amount 11,630,774 outside expected range [0 – 0] (IQR × 3.0). Possible current/prior year confusion or unit error.",keep,11630774.0,thousand,"[""1981 DL198111001.pdf""]",59,1.0,"The current annual total is directly supported by the source document row, which lists the same amount for the Promotion of Mining and Industrial Technology."
Japan,1983,Promotion of Mining and Industrial Technology,outlier,verify,13925036.0,0.0,0.0,"Amount 13,925,036 outside expected range [0 – 0] (IQR × 3.0). Possible current/prior year confusion or unit error.",keep,13925036.0,thousand,"[""1983 DL198311001.pdf""]",50,1.0,The current annual total is supported by the source document row which lists the same amount for the Promotion of Mining and Industrial Technology Expenses.
Japan,1986,Promotion of Mining and Industrial Technology,outlier,verify,12619514.0,0.0,0.0,"Amount 12,619,514 outside expected range [0 – 0] (IQR × 3.0). Possible current/prior year confusion or unit error.",keep,12619514.0,thousand,"[""1986 DL198611001.pdf""]",59,1.0,"The current annual total is directly supported by the source document row, which lists the same amount for the Promotion of Mining and Industrial Technology."
Japan,1976,Mining and Industrial Technology Promotion,outlier,verify,9250000.0,0.0,9542489.0,"Amount 9,250,000 outside expected range [0 – 0] (IQR × 3.0). Possible current/prior year confusion or unit error.",keep,9250000.0,thousand,"[""1976 DL197611001.pdf""]",672,1.0,"The current annual total of 9,250,000 thousand is directly supported by the source document row, which lists the same amount for the Mining and Industrial Technology Promotion agency."
Japan,1977,Mining and Industrial Technology Promotion,outlier,verify,9542489.0,9250000.0,0.0,"Amount 9,542,489 outside expected range [0 – 0] (IQR × 3.0). Possible current/prior year confusion or unit error.",keep,9542489.0,thousand,"[""1977 DL197711001.pdf""]",55,1.0,The current annual total is supported by the source document row which lists the same amount for Mining and Industrial Technology Promotion Expenses.
Japan,1985,Mining and Industrial Technology Promotion,outlier,verify,14177528.0,0.0,0.0,"Amount 14,177,528 outside expected range [0 – 0] (IQR × 3.0). Possible current/prior year confusion or unit error.",keep,14177528.0,thousand,"[""1985 DL198511001.pdf""]",684,1.0,"The current annual total is directly supported by the source document row, which lists the same amount for the Mining and Industrial Technology Promotion agency."
Japan,1988,Mining and Industrial Technology Promotion,outlier,verify,4225421.0,0.0,2941285.0,"Amount 4,225,421 outside expected range [0 – 0] (IQR × 3.0). Possible current/prior year confusion or unit error.",keep,4225421.0,thousand,"[""1988 DL198811001.pdf""]",675,1.0,"The current annual total of 4,225,421 thousand is directly supported by the source document row, which lists the same amount for Mining and Industrial Technology Promotion Expenses."
Japan,1989,Mining and Industrial Technology Promotion,outlier,verify,2941285.0,4225421.0,0.0,"Amount 2,941,285 outside expected range [0 – 0] (IQR × 3.0). Possible current/prior year confusion or unit error.",keep,2941285.0,thousand,"[""1989 DL198911001.pdf""]",666,1.0,"The current annual total of 2,941,285 thousand JPY is directly supported by the source document row indicating the Mining and Industrial Technology Promotion Expenses."
Japan,1991,Mining and Industrial Technology Promotion,outlier,verify,134968000.0,0.0,0.0,"Amount 134,968,000 outside expected range [0 – 0] (IQR × 3.0). Possible current/prior year confusion or unit error.",keep,134968000.0,thousand,"[""1991 DL199111001.pdf""]",676,1.0,"The current annual total of 134,968,000 thousand is directly supported by the source document row indicating the same amount for Mining and Industrial Technology Promotion Expenses."
Japan,1997,Mining and Industrial Technology Promotion,outlier,verify,7117537.0,0.0,0.0,"Amount 7,117,537 outside expected range [0 – 0] (IQR × 3.0). Possible current/prior year confusion or unit error.",keep,7117537.0,thousand,"[""1997 DL199711001.pdf""]",710,1.0,"The current annual total is directly supported by the source document row, which lists the same amount for the Mining and Industrial Technology Promotion agency."
Japan,1990,Marine Development and Earth Science R&D Promotion,outlier,verify,10200000.0,0.0,0.0,"Amount 10,200,000 outside expected range [0 – 0] (IQR × 3.0). Possible current/prior year confusion or unit error.",keep,10200000.0,thousand,"[""1990 DL199011001.pdf""]",43,1.0,"The current annual total of 10,200,000 thousand is directly supported by the source document row, which lists the same amount for the promotion of Marine Development and Earth Science Technology Research."
Japan,1992,Marine Development and Earth Science R&D Promotion,outlier,verify,11000000.0,0.0,0.0,"Amount 11,000,000 outside expected range [0 – 0] (IQR × 3.0). Possible current/prior year confusion or unit error.",keep,11000000.0,thousand,"[""1992 DL199211001.pdf""]",43,1.0,"The current annual total of 11,000,000 thousand is directly supported by the source document row, which confirms the amount and unit."
Japan,1994,Marine Development and Earth Science R&D Promotion,outlier,verify,100664.0,0.0,17491161.0,"Amount 100,664 outside expected range [0 – 0] (IQR × 3.0). Possible current/prior year confusion or unit error.",keep,100664.0,thousand,"[""1994 DL199411001.pdf""]",257,1.0,"The current annual total of 100,664 thousand is directly supported by the source document row, which describes the program total for the agency in question."
Japan,1995,Marine Development and Earth Science R&D Promotion,outlier,verify,17491161.0,100664.0,0.0,"Amount 17,491,161 outside expected range [0 – 0] (IQR × 3.0). Possible current/prior year confusion or unit error.",keep,17491161.0,thousand,"[""1995 DL199511001.pdf""]",45,1.0,"The current annual total is supported by the source document row, which confirms the amount and unit."
Japan,2020,Subsidy for ITER R&D,outlier,verify,9386409.0,0.0,0.0,"Amount 9,386,409 outside expected range [0 – 0] (IQR × 3.0). Possible current/prior year confusion or unit error.",keep,9386409.0,thousand,"[""2020 DL202011001.pdf""]",609,1.0,The current annual total is supported by the source document row which confirms the amount for the Subsidy for ITER R&D.
Japan,2024,Subsidy for ITER R&D,outlier,verify,9031990.0,0.0,0.0,"Amount 9,031,990 outside expected range [0 – 0] (IQR × 3.0). Possible current/prior year confusion or unit error.",keep,9031990.0,thousand,"[""2024 DL202411001.pdf""]",637,1.0,"The current annual total of 9,031,990 thousand is directly supported by the source document row, which describes the subsidy for ITER R&D."
Japan,1980,Health Science Research Subsidy,outlier,verify,1081000.0,0.0,0.0,"Amount 1,081,000 outside expected range [0 – 0] (IQR × 3.0). Possible current/prior year confusion or unit error.",keep,1081000.0,thousand,"[""1980 DL198011001.pdf""]",534,1.0,"The current annual total of 1,081,000 thousand is directly supported by the source document row, which lists the same amount for the Health Science Research Subsidy."
Japan,1982,Health Science Research Subsidy,outlier,verify,1108000.0,0.0,1052600.0,"Amount 1,108,000 outside expected range [0 – 0] (IQR × 3.0). Possible current/prior year confusion or unit error.",keep,1108000.0,thousand,"[""1982 DL198211001.pdf""]",534,1.0,"The current annual total of 1,108,000 thousand is directly supported by the source document row, which lists the same amount for the Health Science Research Subsidy."
Japan,1983,Health Science Research Subsidy,outlier,verify,1052600.0,1108000.0,0.0,"Amount 1,052,600 outside expected range [0 – 0] (IQR × 3.0). Possible current/prior year confusion or unit error.",keep,1052600.0,thousand,"[""1983 DL198311001.pdf""]",536,1.0,"The current annual total of 1,052,600 thousand is directly supported by the source document row, which lists the same amount for the Health Science Research Subsidy."
Japan,1990,Health Science Research Subsidy,outlier,verify,6467466.0,0.0,7426079.0,"Amount 6,467,466 outside expected range [0 – 0] (IQR × 3.0). Possible current/prior year confusion or unit error.",keep,6467466.0,thousand,"[""1990 DL199011001.pdf""]",519,1.0,"The current annual total of 6,467,466 thousand is directly supported by the source document row, which lists the same amount for the Health Science Research Subsidy."
Japan,1991,Health Science Research Subsidy,outlier,verify,7426079.0,6467466.0,0.0,"Amount 7,426,079 outside expected range [0 – 0] (IQR × 3.0). Possible current/prior year confusion or unit error.",keep,7426079.0,thousand,"[""1991 DL199111001.pdf""]",526,1.0,"The current annual total of 7,426,079 thousand is directly supported by the source document row, which lists the same amount for the Health Science Research Subsidy."
Japan,1996,Health Science Research Subsidy,outlier,verify,11954271.0,0.0,19110256.0,"Amount 11,954,271 outside expected range [0 – 0] (IQR × 3.0). Possible current/prior year confusion or unit error.",keep,11954271.0,thousand,"[""1996 DL199611001.pdf""]",551,1.0,"The current annual total of 11,954,271 thousand is directly supported by the source document row, which lists the same amount for the Health Science Research Subsidy."
Japan,1997,Health Science Research Subsidy,outlier,verify,19110256.0,11954271.0,21681882.0,"Amount 19,110,256 outside expected range [0 – 0] (IQR × 3.0). Possible current/prior year confusion or unit error.",keep,19110256.0,thousand,"[""1997 DL199711001.pdf""]",542,1.0,"The current annual total is directly supported by the source document row, which lists the same amount for the Health Science Research Subsidy."
Japan,1998,Health Science Research Subsidy,outlier,verify,21681882.0,19110256.0,0.0,"Amount 21,681,882 outside expected range [0 – 0] (IQR × 3.0). Possible current/prior year confusion or unit error.",keep,21681882.0,thousand,"[""1998 DL199811001.pdf""]",620,1.0,"The current annual total of 21,681,882 thousand is directly supported by the source document row, which lists the same amount for the Health Science Research Subsidy."
Japan,2013,ITER R&D Subsidy,outlier,verify,3626423.0,0.0,18979158.0,"Amount 3,626,423 outside expected range [0 – 0] (IQR × 3.0). Possible current/prior year confusion or unit error.",keep,3626423.0,thousand,"[""2013 DL201311001.pdf""]",569,1.0,"The current annual total of 3,626,423 thousand JPY is directly supported by the source document row, which describes the ITER R&D Subsidy for the year 2013."
Japan,2014,ITER R&D Subsidy,outlier,verify,18979158.0,3626423.0,5592840.0,"Amount 18,979,158 outside expected range [0 – 0] (IQR × 3.0). Possible current/prior year confusion or unit error.",keep,18979158.0,thousand,"[""2014 DL201411001.pdf""]",788,1.0,"The current annual total is supported by the source document row, which confirms the amount for the ITER R&D Subsidy in 2014."
Japan,2015,ITER R&D Subsidy,outlier,verify,5592840.0,18979158.0,12411455.0,"Amount 5,592,840 outside expected range [0 – 0] (IQR × 3.0). Possible current/prior year confusion or unit error.",keep,5592840.0,thousand,"[""2015 DL201511001.pdf""]",605,1.0,"The current annual total of 5,592,840 thousand JPY is directly supported by the source document row, which describes the ITER R&D Subsidy for the year 2015."
Japan,2016,ITER R&D Subsidy,outlier,verify,12411455.0,5592840.0,0.0,"Amount 12,411,455 outside expected range [0 – 0] (IQR × 3.0). Possible current/prior year confusion or unit error.",keep,12411455.0,thousand,"[""2016 DL201611001.pdf""]",577,1.0,"The current annual total is supported by the source document row, which confirms the amount and unit."
Japan,2018,ITER R&D Subsidy,outlier,verify,1684100.0,0.0,9386409.0,"Amount 1,684,100 outside expected range [0 – 0] (IQR × 3.0). Possible current/prior year confusion or unit error.",keep,1684100.0,thousand,"[""2018 DL201811001.pdf""]",609,1.0,"The current annual total of 1,684,100 thousand JPY is directly supported by the source document row, which describes the ITER R&D Subsidy accurately."
Japan,2019,ITER R&D Subsidy,outlier,verify,9386409.0,1684100.0,0.0,"Amount 9,386,409 outside expected range [0 – 0] (IQR × 3.0). Possible current/prior year confusion or unit error.",keep,9386409.0,thousand,"[""2019 DL201911001.pdf""]",869,1.0,"The current annual total of 9,386,409 thousand is directly supported by the source document row, which confirms the amount and unit."
Japan,2021,ITER R&D Subsidy,outlier,verify,12270000.0,0.0,0.0,"Amount 12,270,000 outside expected range [0 – 0] (IQR × 3.0). Possible current/prior year confusion or unit error.",keep,12270000.0,thousand,"[""2021 DL202111001.pdf""]",630,1.0,"The current annual total of 12,270,000 thousand JPY is directly supported by the source document row, which describes the ITER R&D Subsidy."
Japan,1976,Funding for Nuclear Development Corporation,outlier,verify,14574600.0,0.0,0.0,"Amount 14,574,600 outside expected range [0 – 0] (IQR × 3.0). Possible current/prior year confusion or unit error.",keep,14574600.0,thousand,"[""1976 DL197611001.pdf""]",295,1.0,The current annual total is supported by the source document row which confirms the amount for the Funding for the Power Reactor and Nuclear Fuel Development Corporation.
Japan,1987,Funding for Nuclear Development Corporation,outlier,verify,818850.0,0.0,0.0,"Amount 818,850 outside expected range [0 – 0] (IQR × 3.0). Possible current/prior year confusion or unit error.",keep,818850.0,thousand,"[""1987 DL198711001.pdf""]",319,1.0,"The current annual total of 818,850 thousand is directly supported by the source document row, which lists the same amount for the relevant agency."
Japan,2011,Science and Technology Strategy Promotion,outlier,verify,8000000.0,0.0,6970000.0,"Amount 8,000,000 outside expected range [0 – 0] (IQR × 3.0). Possible current/prior year confusion or unit error.",keep,8000000.0,thousand,"[""2011 DL201111001.pdf""]",60,1.0,"The current annual total of 8,000,000 thousand is directly supported by the source document row, which lists the same amount for the Science and Technology Strategy Promotion."
Japan,2012,Science and Technology Strategy Promotion,outlier,verify,6970000.0,8000000.0,0.0,"Amount 6,970,000 outside expected range [0 – 0] (IQR × 3.0). Possible current/prior year confusion or unit error.",keep,6970000.0,thousand,"[""2012 DL201211001.pdf""]",543,1.0,"The current annual total of 6,970,000 thousand is directly supported by the source document row, which lists the same amount for the Science and Technology Strategy Promotion."
Japan,1975,Commissioned Research and Development Expenses,outlier,verify,9155409.0,,0.0,"Amount 9,155,409 outside expected range [0 – 0] (IQR × 3.0). Possible current/prior year confusion or unit error.",keep,9155409.0,thousand,"[""1975 DL197511001.pdf""]",668,1.0,"The current annual total is directly supported by the source document row, which lists the same amount for the Commissioned Research and Development Expenses."
Japan,1982,Commissioned Research and Development Expenses,outlier,verify,10172288.0,0.0,0.0,"Amount 10,172,288 outside expected range [0 – 0] (IQR × 3.0). Possible current/prior year confusion or unit error.",keep,10172288.0,thousand,"[""1982 DL198211001.pdf""]",691,1.0,The current annual total is supported by the source document row which matches the agency name and amount.
Japan,1985,Commissioned Research and Development Expenses,outlier,verify,5627659.0,0.0,0.0,"Amount 5,627,659 outside expected range [0 – 0] (IQR × 3.0). Possible current/prior year confusion or unit error.",keep,5627659.0,thousand,"[""1985 DL198511001.pdf""]",685,1.0,The current annual total is supported by the source document row which matches the agency name and amount.
Japan,2005,Commissioned Research and Development Expenses,outlier,verify,3472022.0,0.0,0.0,"Amount 3,472,022 outside expected range [0 – 0] (IQR × 3.0). Possible current/prior year confusion or unit error.",keep,3472022.0,thousand,"[""2005 DL200511001.pdf""]",707,1.0,"The current annual total of 3,472,022 thousand is directly supported by the source document row provided, which lists the same amount for the Commissioned Research and Development Expenses."
Japan,2012,Commissioned Research and Development Expenses,outlier,verify,50000000.0,0.0,0.0,"Amount 50,000,000 outside expected range [0 – 0] (IQR × 3.0). Possible current/prior year confusion or unit error.",keep,50000000.0,thousand,"[""2012 DL201211001.pdf""]",106,1.0,"The current annual total of 50,000,000 thousand is directly supported by the source document row, which specifies the same amount for the Commissioned Research and Development Expenses."
Japan,2016,Commissioned Research and Development Expenses,outlier,verify,1000000.0,0.0,700000.0,"Amount 1,000,000 outside expected range [0 – 0] (IQR × 3.0). Possible current/prior year confusion or unit error.",keep,1000000.0,thousand,"[""2016 DL201611001.pdf""]",110,1.0,"The current annual total of 1,000,000 thousand is directly supported by the source document row, which specifies the same amount for Commissioned Research and Development Expenses."
Japan,2017,Commissioned Research and Development Expenses,outlier,verify,700000.0,1000000.0,0.0,"Amount 700,000 outside expected range [0 – 0] (IQR × 3.0). Possible current/prior year confusion or unit error.",keep,700000.0,thousand,"[""2017 DL201711001.pdf""]",806,1.0,"The current annual total of 700,000 thousand is directly supported by the source document row, which specifies the same amount for the Commissioned Research and Development Expenses."
Japan,2019,Commissioned Research and Development Expenses,outlier,verify,1399973.0,0.0,0.0,"Amount 1,399,973 outside expected range [0 – 0] (IQR × 3.0). Possible current/prior year confusion or unit error.",keep,1399973.0,thousand,"[""2019 DL201911001.pdf""]",1132,1.0,"The current annual total of 1,399,973 thousand is directly supported by the source document row, which specifies the same amount for Commissioned Research and Development Expenses."
Japan,2009,Promotion of Advanced Utilization of Information and Communication Technology,outlier,verify,7000000.0,0.0,0.0,"Amount 7,000,000 outside expected range [0 – 0] (IQR × 3.0). Possible current/prior year confusion or unit error.",keep,7000000.0,thousand,"[""2009 DL200911001.pdf""]",357,1.0,"The current annual total of 7,000,000 thousand JPY is directly supported by the source document row, which confirms the amount and unit."
Japan,2011,Promotion of Advanced Utilization of Information and Communication Technology,outlier,verify,6849097.0,0.0,0.0,"Amount 6,849,097 outside expected range [0 – 0] (IQR × 3.0). Possible current/prior year confusion or unit error.",keep,6849097.0,thousand,"[""2011 DL201111001.pdf""]",369,1.0,"The current annual total of 6,849,097 thousand is directly supported by the source document row, which lists the same amount for the agency in question."
Japan,1983,Expenses for R&D of Important Technologies,outlier,verify,8761817.0,0.0,0.0,"Amount 8,761,817 outside expected range [0 – 0] (IQR × 3.0). Possible current/prior year confusion or unit error.",keep,8761817.0,thousand,"[""1983 DL198311001.pdf""]",690,1.0,"The current annual total is directly supported by the source document row, which confirms the amount for the specified agency."
Japan,1992,Expenses for R&D of Important Technologies,outlier,verify,3413120.0,0.0,0.0,"Amount 3,413,120 outside expected range [0 – 0] (IQR × 3.0). Possible current/prior year confusion or unit error.",keep,3413120.0,thousand,"[""1992 DL199211001.pdf""]",678,1.0,"The current annual total is directly supported by the source document row, which confirms the amount for the specified agency."
Japan,2011,Promotion of R&D in Information and Communication Technology,outlier,verify,3789454.0,0.0,0.0,"Amount 3,789,454 outside expected range [0 – 0] (IQR × 3.0). Possible current/prior year confusion or unit error.",keep,3789454.0,thousand,"[""2011 DL201111001.pdf""]",368,1.0,"The current annual total is directly supported by the source document row, which confirms the amount for the specified agency."
Japan,2024,Promotion of R&D in Information and Communication Technology,outlier,verify,7965000.0,0.0,0.0,"Amount 7,965,000 outside expected range [0 – 0] (IQR × 3.0). Possible current/prior year confusion or unit error.",keep,7965000.0,thousand,"[""2024 DL202411001.pdf""]",460,1.0,"The current annual total of 7,965,000 thousand JPY is directly supported by the source document row, which confirms the amount and its description."
Japan,2013,Promotion of ICT Research and Development,outlier,verify,5831802.0,0.0,0.0,"Amount 5,831,802 outside expected range [0 – 0] (IQR × 3.0). Possible current/prior year confusion or unit error.",keep,5831802.0,thousand,"[""2013 DL201311001.pdf""]",370,1.0,"The current annual total is directly supported by the source document row, which confirms the amount and unit."
Japan,2017,Promotion of ICT Research and Development,outlier,verify,4963743.0,0.0,0.0,"Amount 4,963,743 outside expected range [0 – 0] (IQR × 3.0). Possible current/prior year confusion or unit error.",keep,4963743.0,thousand,"[""2017 DL201711001.pdf""]",407,1.0,"The current annual total is directly supported by the source document row, which confirms the amount and its description."
Japan,1978,Marine Development Research Promotion,outlier,verify,3004738.0,1650298.0,4073445.0,"Amount 3,004,738 outside expected range [-2,101,094 – 2,801,458] (IQR × 3.0). Possible current/prior year confusion or unit error.",keep,3004738.0,thousand,"[""1978 DL197811001.pdf""]",42,1.0,"The current annual total is directly supported by the source document row, which lists the same amount for the Marine Development Research Promotion."
Japan,1979,Marine Development Research Promotion,outlier,verify,4073445.0,3004738.0,4738576.0,"Amount 4,073,445 outside expected range [-2,101,094 – 2,801,458] (IQR × 3.0). Possible current/prior year confusion or unit error.",keep,4073445.0,thousand,"[""1979 DL197911001.pdf""]",43,1.0,"The current annual total of 4,073,445 thousand is directly supported by the source document row, which lists the same amount for the Marine Development Research Promotion."
Japan,1980,Marine Development Research Promotion,outlier,verify,4738576.0,4073445.0,7006010.0,"Amount 4,738,576 outside expected range [-2,101,094 – 2,801,458] (IQR × 3.0). Possible current/prior year confusion or unit error.",keep,4738576.0,thousand,"[""1980 DL198011001.pdf""]",44,1.0,"The current annual total is directly supported by the source document row, which lists the Marine Development Research Promotion Expenses as 4,738,576 thousand JPY."
Japan,1981,Marine Development Research Promotion,outlier,verify,7006010.0,4738576.0,6000000.0,"Amount 7,006,010 outside expected range [-2,101,094 – 2,801,458] (IQR × 3.0). Possible current/prior year confusion or unit error.",keep,7006010.0,thousand,"[""1981 DL198111001.pdf""]",45,1.0,"The current annual total of 7,006,010 thousand is directly supported by the source document row, which lists the same amount for the Marine Development Research Promotion."
Japan,1982,Marine Development Research Promotion,outlier,verify,6000000.0,7006010.0,6150000.0,"Amount 6,000,000 outside expected range [-2,101,094 – 2,801,458] (IQR × 3.0). Possible current/prior year confusion or unit error.",keep,6000000.0,thousand,"[""1982 DL198211001.pdf""]",45,1.0,"The current annual total of 6,000,000 thousand is directly supported by the source document row, which lists the same amount for the Marine Development Research Promotion."
Japan,1983,Marine Development Research Promotion,outlier,verify,6150000.0,6000000.0,5132903.0,"Amount 6,150,000 outside expected range [-2,101,094 – 2,801,458] (IQR × 3.0). Possible current/prior year confusion or unit error.",keep,6150000.0,thousand,"[""1983 DL198311001.pdf""]",45,1.0,"The current annual total of 6,150,000 thousand is directly supported by the source document row indicating Marine Development Research Promotion Expenses."
Japan,1984,Marine Development Research Promotion,outlier,verify,5132903.0,6150000.0,6857384.0,"Amount 5,132,903 outside expected range [-2,101,094 – 2,801,458] (IQR × 3.0). Possible current/prior year confusion or unit error.",keep,5132903.0,thousand,"[""1984 DL198411001.pdf""]",45,1.0,The current annual total is supported by the source document row which lists the same amount for the Marine Development Research Promotion.
Japan,1985,Marine Development Research Promotion,outlier,verify,6857384.0,5132903.0,0.0,"Amount 6,857,384 outside expected range [-2,101,094 – 2,801,458] (IQR × 3.0). Possible current/prior year confusion or unit error.",keep,6857384.0,thousand,"[""1985 DL198511001.pdf""]",45,1.0,"The current annual total is directly supported by the source document row, which lists the same amount for the Marine Development Research Promotion."
Japan,1987,Marine Development Research Promotion,outlier,verify,7710186.0,0.0,9471529.0,"Amount 7,710,186 outside expected range [-2,101,094 – 2,801,458] (IQR × 3.0). Possible current/prior year confusion or unit error.",keep,7710186.0,thousand,"[""1987 DL198711001.pdf""]",44,1.0,"The current annual total is directly supported by the source document row, which lists the same amount for the Marine Development Research Promotion."
Japan,1988,Marine Development Research Promotion,outlier,verify,9471529.0,7710186.0,0.0,"Amount 9,471,529 outside expected range [-2,101,094 – 2,801,458] (IQR × 3.0). Possible current/prior year confusion or unit error.",keep,9471529.0,thousand,"[""1988 DL198811001.pdf""]",44,1.0,"The current annual total is directly supported by the source document row, which lists the same amount for the Marine Development Research Promotion."
Japan,1985,Funding for Japan Atomic Energy Research Institute,outlier,verify,7699483.0,0.0,0.0,"Amount 7,699,483 outside expected range [0 – 0] (IQR × 3.0). Possible current/prior year confusion or unit error.",keep,7699483.0,thousand,"[""1985 DL198511001.pdf""]",309,1.0,"The current annual total is directly supported by the source document row, which matches the agency and amount."
Japan,1995,Funding for Japan Atomic Energy Research Institute,outlier,verify,1808664.0,0.0,0.0,"Amount 1,808,664 outside expected range [0 – 0] (IQR × 3.0). Possible current/prior year confusion or unit error.",keep,1808664.0,thousand,"[""1995 DL199511001.pdf""]",323,1.0,"The current annual total is directly supported by the source document row, which matches the agency and amount."
Japan,1983,R&D Contract Expenses,outlier,verify,5365396.0,0.0,5365396.0,"Amount 5,365,396 outside expected range [0 – 0] (IQR × 3.0). Possible current/prior year confusion or unit error.",keep,5365396.0,thousand,"[""1983 DL198311001.pdf""]",696,1.0,"The current annual total is directly supported by the source document row, which lists the same amount for Research and Development Contract Expenses."
Japan,1984,R&D Contract Expenses,outlier,verify,5365396.0,5365396.0,0.0,"Amount 5,365,396 outside expected range [0 – 0] (IQR × 3.0). Possible current/prior year confusion or unit error.",keep,5365396.0,thousand,"[""1984 DL198411001.pdf""]",709,1.0,"The current annual total is directly supported by the source document row, which lists the same amount for Research and Development Contract Expenses."
Japan,1986,R&D Contract Expenses,outlier,verify,4893524.0,0.0,4315108.0,"Amount 4,893,524 outside expected range [0 – 0] (IQR × 3.0). Possible current/prior year confusion or unit error.",keep,4893524.0,thousand,"[""1986 DL198611001.pdf""]",682,1.0,"The current annual total of 4,893,524 thousand is supported by the source document row which explicitly lists the same amount for Research and Development Contract Expenses."
Japan,1987,R&D Contract Expenses,outlier,verify,4315108.0,4893524.0,0.0,"Amount 4,315,108 outside expected range [0 – 0] (IQR × 3.0). Possible current/prior year confusion or unit error.",keep,4315108.0,thousand,"[""1987 DL198711001.pdf""]",692,1.0,"The current annual total of 4,315,108 thousand is directly supported by the source document row for Research and Development Contract Expenses."
Japan,2020,R&D Contract Expenses,outlier,verify,96388.0,0.0,0.0,"Amount 96,388 outside expected range [0 – 0] (IQR × 3.0). Possible current/prior year confusion or unit error.",keep,96388.0,thousand,"[""2020 DL202011001.pdf""]",910,1.0,"The current annual total of 96,388 thousand is directly supported by the source document row, which lists the same amount for R&D Contract Expenses."
Japan,2002,Promotion of New Technologies for SMEs,outlier,verify,4032559.0,0.0,4032559.0,"Amount 4,032,559 outside expected range [0 – 0] (IQR × 3.0). Possible current/prior year confusion or unit error.",keep,4032559.0,thousand,"[""2002 DL200211001.pdf""]",655,1.0,"The current annual total of 4,032,559 thousand JPY is directly supported by the source document row, which describes the same program and amount."
Japan,2003,Promotion of New Technologies for SMEs,outlier,verify,4032559.0,4032559.0,5184086.0,"Amount 4,032,559 outside expected range [0 – 0] (IQR × 3.0). Possible current/prior year confusion or unit error.",keep,4032559.0,thousand,"[""2003 DL200311001.pdf""]",671,1.0,"The current annual total is supported by the source document row, which confirms the amount for promoting research and development of new technologies for SMEs."
Japan,2004,Promotion of New Technologies for SMEs,outlier,verify,5184086.0,4032559.0,4848404.0,"Amount 5,184,086 outside expected range [0 – 0] (IQR × 3.0). Possible current/prior year confusion or unit error.",keep,5184086.0,thousand,"[""2004 DL200411001.pdf""]",67,1.0,"The current annual total is supported by the source document row, which matches the reported amount."
Japan,2005,Promotion of New Technologies for SMEs,outlier,verify,4848404.0,5184086.0,0.0,"Amount 4,848,404 outside expected range [0 – 0] (IQR × 3.0). Possible current/prior year confusion or unit error.",keep,4848404.0,thousand,"[""2005 DL200511001.pdf""]",707,1.0,"The current annual total of 4,848,404 thousand is directly supported by the source document row, which describes the same agency and matches the amount."
Japan,1981,Expenses for R&D of New Energy Technologies,outlier,verify,6918218.0,0.0,0.0,"Amount 6,918,218 outside expected range [0 – 0] (IQR × 3.0). Possible current/prior year confusion or unit error.",keep,6918218.0,thousand,"[""1981 DL198111001.pdf""]",693,1.0,"The current annual total of 6,918,218 thousand is directly supported by the source document row, which describes expenses for R&D of new energy technologies."
Japan,1987,Expenses for R&D of New Energy Technologies,outlier,verify,2010161.0,0.0,0.0,"Amount 2,010,161 outside expected range [0 – 0] (IQR × 3.0). Possible current/prior year confusion or unit error.",keep,2010161.0,thousand,"[""1987 DL198711001.pdf""]",687,1.0,"The current annual total is directly supported by the source document row, which confirms the amount for R&D of New Energy Technologies."
Japan,2000,Expenses for R&D of New Energy Technologies,outlier,verify,136431.0,0.0,0.0,"Amount 136,431 outside expected range [0 – 0] (IQR × 3.0). Possible current/prior year confusion or unit error.",keep,136431.0,thousand,"[""2000 DL200011001.pdf""]",816,1.0,"The current annual total of 136,431 thousand is directly supported by the source document row, which describes expenses for R&D of New Energy Technologies."
Japan,2009,Expenses for Promoting Science and Technology for Safety,outlier,verify,5395383.0,0.0,0.0,"Amount 5,395,383 outside expected range [0 – 0] (IQR × 3.0). Possible current/prior year confusion or unit error.",keep,5395383.0,thousand,"[""2009 DL200911001.pdf""]",514,1.0,"The current annual total is directly supported by the source document row, which confirms the amount and its relevance to the agency."
Japan,2013,Expenses for Promoting Science and Technology for Safety,outlier,verify,3451326.0,0.0,0.0,"Amount 3,451,326 outside expected range [0 – 0] (IQR × 3.0). Possible current/prior year confusion or unit error.",keep,3451326.0,thousand,"[""2013 DL201311001.pdf""]",532,1.0,"The current annual total is directly supported by the source document row, which confirms the amount and its relevance to the agency."
Japan,1990,Expenses for International Joint Aircraft Development,outlier,verify,3871154.0,0.0,0.0,"Amount 3,871,154 outside expected range [0 – 0] (IQR × 3.0). Possible current/prior year confusion or unit error.",keep,3871154.0,thousand,"[""1990 DL199011001.pdf""]",663,1.0,"The current annual total is directly supported by the source document row, which confirms the amount and its description."
Japan,1992,Expenses for International Joint Aircraft Development,outlier,verify,4310176.0,0.0,0.0,"Amount 4,310,176 outside expected range [0 – 0] (IQR × 3.0). Possible current/prior year confusion or unit error.",keep,4310176.0,thousand,"[""1992 DL199211001.pdf""]",672,1.0,"The current annual total is directly supported by the source document row, which confirms the amount and its description."
Japan,1979,Investment and Assistance for New Technology Development,outlier,verify,2165000.0,0.0,0.0,"Amount 2,165,000 outside expected range [0 – 0] (IQR × 3.0). Possible current/prior year confusion or unit error.",keep,2165000.0,thousand,"[""1979 DL197911001.pdf""]",251,1.0,"The current annual total of 2,165,000 thousand JPY is directly supported by the source document row, which describes expenses for the agency in question."
Japan,1981,Investment and Assistance for New Technology Development,outlier,verify,2735000.0,0.0,0.0,"Amount 2,735,000 outside expected range [0 – 0] (IQR × 3.0). Possible current/prior year confusion or unit error.",keep,2735000.0,thousand,"[""1981 DL198111001.pdf""]",255,1.0,"The current annual total of 2,735,000 thousand is directly supported by the source document row, which describes expenses for the agency in question."
Japan,1989,Investment and Assistance for New Technology Development,outlier,verify,6944000.0,0.0,0.0,"Amount 6,944,000 outside expected range [0 – 0] (IQR × 3.0). Possible current/prior year confusion or unit error.",keep,6944000.0,thousand,"[""1989 DL198911001.pdf""]",248,1.0,"The current annual total of 6,944,000 thousand JPY is directly supported by the source document row, which describes expenses for the agency in question."
Japan,2001,Promotion of New Technology R&D for SMEs,outlier,verify,2690971.0,0.0,0.0,"Amount 2,690,971 outside expected range [0 – 0] (IQR × 3.0). Possible current/prior year confusion or unit error.",keep,2690971.0,thousand,"[""2001 DL200111001.pdf""]",692,1.0,"The current annual total of 2,690,971 thousand JPY is directly supported by the source document row, which describes the same program and amount."
Japan,2006,Promotion of New Technology R&D for SMEs,outlier,verify,4699619.0,0.0,0.0,"Amount 4,699,619 outside expected range [0 – 0] (IQR × 3.0). Possible current/prior year confusion or unit error.",keep,4699619.0,thousand,"[""2006 DL200611001.pdf""]",682,1.0,"The current annual total is directly supported by the source document row, which confirms the amount for the specified agency."
Japan,1978,Special Research Expenses for Testing Institutes,outlier,verify,2835663.0,0.0,3005666.0,"Amount 2,835,663 outside expected range [0 – 0] (IQR × 3.0). Possible current/prior year confusion or unit error.",keep,2835663.0,thousand,"[""1978 DL197811001.pdf""]",688,1.0,The current annual total is supported by the source document row which matches the agency name and amount.
Japan,1979,Special Research Expenses for Testing Institutes,outlier,verify,3005666.0,2835663.0,0.0,"Amount 3,005,666 outside expected range [0 – 0] (IQR × 3.0). Possible current/prior year confusion or unit error.",keep,3005666.0,thousand,"[""1979 DL197911001.pdf""]",693,1.0,"The current annual total of 3,005,666 thousand is directly supported by the source document row, which matches the agency name and amount."
Japan,1982,Special Research Expenses for Testing Institutes,outlier,verify,2831897.0,0.0,0.0,"Amount 2,831,897 outside expected range [0 – 0] (IQR × 3.0). Possible current/prior year confusion or unit error.",keep,2831897.0,thousand,"[""1982 DL198211001.pdf""]",690,1.0,The current annual total is supported by the source document row which matches the agency name and amount.
Japan,1998,Special Research Expenses for Testing Institutes,outlier,verify,5583985.0,0.0,0.0,"Amount 5,583,985 outside expected range [0 – 0] (IQR × 3.0). Possible current/prior year confusion or unit error.",keep,5583985.0,thousand,"[""1998 DL199811001.pdf""]",783,1.0,"The current annual total is directly supported by the source document row, which lists the same amount for the Special Research Expenses for Testing Institutes."
Japan,1977,Science and Technology Agency Testing Research Institute Facility Expenses,outlier,verify,981241.0,0.0,0.0,"Amount 981,241 outside expected range [0 – 0] (IQR × 3.0). Possible current/prior year confusion or unit error.",keep,981241.0,thousand,"[""1977 DL197711001.pdf""]",41,1.0,"The current annual total of 981,241 thousand is directly supported by the source document row, which matches the agency name and amount."
Japan,1980,Science and Technology Agency Testing Research Institute Facility Expenses,outlier,verify,1785920.0,0.0,0.0,"Amount 1,785,920 outside expected range [0 – 0] (IQR × 3.0). Possible current/prior year confusion or unit error.",keep,1785920.0,thousand,"[""1980 DL198011001.pdf""]",44,1.0,"The current annual total of 1,785,920 thousand JPY is directly supported by the source document row, which matches the agency name and amount."
Japan,1994,Science and Technology Agency Testing Research Institute Facility Expenses,outlier,verify,6338684.0,0.0,0.0,"Amount 6,338,684 outside expected range [0 – 0] (IQR × 3.0). Possible current/prior year confusion or unit error.",keep,6338684.0,thousand,"[""1994 DL199411001.pdf""]",44,1.0,"The current annual total of 6,338,684 thousand is directly supported by the source document row, which matches the agency name and amount."
Japan,1998,Science and Technology Agency Testing Research Institute Facility Expenses,outlier,verify,4806911.0,0.0,0.0,"Amount 4,806,911 outside expected range [0 – 0] (IQR × 3.0). Possible current/prior year confusion or unit error.",keep,4806911.0,thousand,"[""1998 DL199811001.pdf""]",93,1.0,"The current annual total of 4,806,911 thousand is directly supported by the source document row, which matches the agency name and amount."
Japan,1981,Expenses for Promoting Marine Development Research,outlier,verify,4540.0,0.0,0.0,"Amount 4,540 outside expected range [0 – 0] (IQR × 3.0). Possible current/prior year confusion or unit error.",keep,4540.0,thousand,"[""1981 DL198111001.pdf""]",255,1.0,"The current annual total of 4,540 thousand is directly supported by the source document row, which matches the description of the agency and the amount."
Japan,1986,Expenses for Promoting Marine Development Research,outlier,verify,6631018.0,0.0,0.0,"Amount 6,631,018 outside expected range [0 – 0] (IQR × 3.0). Possible current/prior year confusion or unit error.",keep,6631018.0,thousand,"[""1986 DL198611001.pdf""]",256,1.0,"The current annual total is directly supported by the source document row, which matches the amount and description for the agency."
Japan,1993,Research and Development Expenses for Industrial Technology Infrastructure,outlier,verify,1457332.0,0.0,0.0,"Amount 1,457,332 outside expected range [0 – 0] (IQR × 3.0). Possible current/prior year confusion or unit error.",keep,1457332.0,thousand,"[""1993 DL199311001.pdf""]",680,1.0,"The current annual total is directly supported by the source document row, which lists the same amount for the specified agency."
Japan,2000,Research and Development Expenses for Industrial Technology Infrastructure,outlier,verify,8150000.0,0.0,0.0,"Amount 8,150,000 outside expected range [0 – 0] (IQR × 3.0). Possible current/prior year confusion or unit error.",keep,8150000.0,thousand,"[""2000 DL200011001.pdf""]",1356,1.0,"The current annual total of 8,150,000 thousand is directly supported by the source document row, which matches the agency name and amount."
Japan,2018,ICT Utilization Environment Improvement,outlier,verify,5262979.0,0.0,0.0,"Amount 5,262,979 outside expected range [0 – 0] (IQR × 3.0). Possible current/prior year confusion or unit error.",keep,5262979.0,thousand,"[""2018 DL201811001.pdf""]",409,1.0,"The current annual total is directly supported by the source document row, which lists the same amount for ICT Utilization Environment Improvement Costs."
Japan,2021,ICT Utilization Environment Improvement,outlier,verify,6319.474,0.0,0.0,"Amount 6,319 outside expected range [0 – 0] (IQR × 3.0). Possible current/prior year confusion or unit error.",keep,6319.474,thousand,"[""2021 DL202111001.pdf""]",434,1.0,"The current annual total of 6319.474 thousand is directly supported by the source document row, which confirms the amount and unit."
Japan,2024,ICT Utilization Environment Improvement,outlier,verify,6118879.0,0.0,5882766.0,"Amount 6,118,879 outside expected range [0 – 0] (IQR × 3.0). Possible current/prior year confusion or unit error.",keep,6118879.0,thousand,"[""2024 DL202411001.pdf""]",460,1.0,"The current annual total of 6,118,879 thousand is directly supported by the source document row provided."
Japan,2025,ICT Utilization Environment Improvement,outlier,verify,5882766.0,6118879.0,,"Amount 5,882,766 outside expected range [0 – 0] (IQR × 3.0). Possible current/prior year confusion or unit error.",keep,5882766.0,thousand,"[""2025 DL202511001.pdf""]",463,1.0,"The current annual total is directly supported by the source document row, which lists the same amount for ICT Utilization Environment Improvement Costs."
Japan,2008,Research Equipment Expenses,outlier,verify,10939278.0,0.0,1372281.0,"Amount 10,939,278 outside expected range [0 – 0] (IQR × 3.0). Possible current/prior year confusion or unit error.",keep,10939278.0,thousand,"[""2008 DL200811001.pdf""]",953,1.0,"The current annual total of 10,939,278 thousand is directly supported by the source document row, which lists the same amount for Research Equipment Expenses."
Japan,2009,Research Equipment Expenses,outlier,verify,1372281.0,10939278.0,0.0,"Amount 1,372,281 outside expected range [0 – 0] (IQR × 3.0). Possible current/prior year confusion or unit error.",keep,1372281.0,thousand,"[""2009 DL200911001.pdf""]",946,1.0,"The current annual total of 1,372,281 thousand is directly supported by the source document row, which lists the same amount for Research Equipment Expenses."
Japan,2013,Research Equipment Expenses,outlier,verify,256805.0,0.0,974321.0,"Amount 256,805 outside expected range [0 – 0] (IQR × 3.0). Possible current/prior year confusion or unit error.",keep,256805.0,thousand,"[""2013 DL201311001.pdf""]",963,1.0,"The current annual total of 256,805 thousand is directly supported by the source document row, which lists the same amount for Research Equipment Expenses."
Japan,2014,Research Equipment Expenses,outlier,verify,974321.0,256805.0,0.0,"Amount 974,321 outside expected range [0 – 0] (IQR × 3.0). Possible current/prior year confusion or unit error.",keep,974321.0,thousand,"[""2014 DL201411001.pdf""]",1296,1.0,"The current annual total of 974,321 thousand is directly supported by the source document row, which lists the same amount for Research Equipment Expenses."
Japan,1993,Special Research Expenses for Testing Research Institutes,outlier,verify,2865683.0,0.0,0.0,"Amount 2,865,683 outside expected range [0 – 0] (IQR × 3.0). Possible current/prior year confusion or unit error.",keep,2865683.0,thousand,"[""1993 DL199311001.pdf""]",684,1.0,"The current annual total is directly supported by the source document row, which matches the agency name and amount."
Japan,1995,Special Research Expenses for Testing Research Institutes,outlier,verify,3143802.0,0.0,0.0,"Amount 3,143,802 outside expected range [0 – 0] (IQR × 3.0). Possible current/prior year confusion or unit error.",keep,3143802.0,thousand,"[""1995 DL199511001.pdf""]",706,1.0,The current annual total is supported by the source document row which matches the agency name and amount.
Japan,1991,Pollution Prevention Research Expenses,outlier,verify,1928043.0,0.0,0.0,"Amount 1,928,043 outside expected range [0 – 0] (IQR × 3.0). Possible current/prior year confusion or unit error.",keep,1928043.0,thousand,"[""1991 DL199111001.pdf""]",261,1.0,"The current annual total of 1,928,043 thousand is directly supported by the source document row, which lists the same amount for Pollution Prevention Research Expenses."
Japan,2000,Pollution Prevention Research Expenses,outlier,verify,4646684.0,0.0,0.0,"Amount 4,646,684 outside expected range [0 – 0] (IQR × 3.0). Possible current/prior year confusion or unit error.",keep,4646684.0,thousand,"[""2000 DL200011001.pdf""]",352,1.0,"The current annual total is directly supported by the source document row, which lists the same amount for Pollution Prevention Research Expenses."
Japan,2016,Subsidy for Advanced Nuclear Fusion Research and Development,outlier,verify,12788.0,0.0,2800000.0,"Amount 12,788 outside expected range [0 – 0] (IQR × 3.0). Possible current/prior year confusion or unit error.",keep,12788.0,thousand,"[""2016 DL201611001.pdf""]",603,1.0,"The current annual total of 12,788 thousand is directly supported by the source document row, which lists the same amount for the specified agency."
Japan,2017,Subsidy for Advanced Nuclear Fusion Research and Development,outlier,verify,2800000.0,12788.0,0.0,"Amount 2,800,000 outside expected range [0 – 0] (IQR × 3.0). Possible current/prior year confusion or unit error.",keep,2800000.0,thousand,"[""2017 DL201711001.pdf""]",146,1.0,"The current annual total of 2,800,000 thousand JPY is directly supported by the source document row, which confirms the amount and its description."
Japan,2022,Subsidy for Advanced Nuclear Fusion Research and Development,outlier,verify,220000.0,0.0,0.0,"Amount 220,000 outside expected range [0 – 0] (IQR × 3.0). Possible current/prior year confusion or unit error.",keep,220000.0,thousand,"[""2022 DL202211001.pdf""]",617,1.0,"The current annual total of 220,000 thousand is directly supported by the source document row, which matches the agency name and amount."
Japan,2024,Subsidy for Advanced Nuclear Fusion Research and Development,outlier,verify,2800000.0,0.0,0.0,"Amount 2,800,000 outside expected range [0 – 0] (IQR × 3.0). Possible current/prior year confusion or unit error.",keep,2800000.0,thousand,"[""2024 DL202411001.pdf""]",664,1.0,"The current annual total of 2,800,000 thousand is directly supported by the source document row, which describes the subsidy for advanced nuclear fusion research and development."
Japan,2001,Pollution Prevention Research Costs,outlier,verify,4162520.0,0.0,4021763.0,"Amount 4,162,520 outside expected range [0 – 0] (IQR × 3.0). Possible current/prior year confusion or unit error.",keep,4162520.0,thousand,"[""2001 DL200111001.pdf""]",849,1.0,"The current annual total of 4,162,520 thousand is directly supported by the source document row, which lists the same amount for Pollution Prevention Research Costs."
Japan,2002,Pollution Prevention Research Costs,outlier,verify,4021763.0,4162520.0,4117.513,"Amount 4,021,763 outside expected range [0 – 0] (IQR × 3.0). Possible current/prior year confusion or unit error.",keep,4021763.0,thousand,"[""2002 DL200211001.pdf""]",808,1.0,"The current annual total is directly supported by the source document row, which lists the same amount for Pollution Prevention Research Costs."
Japan,2003,Pollution Prevention Research Costs,outlier,verify,4117.513,4021763.0,0.0,"Amount 4,118 outside expected range [0 – 0] (IQR × 3.0). Possible current/prior year confusion or unit error.",keep,4117.513,thousand,"[""2003 DL200311001.pdf""]",821,1.0,"The current annual total of 4117.513 thousand is directly supported by the source document row, which lists the same amount for Pollution Prevention Research Costs."
Japan,2008,Subsidy for Research and Development of the International Thermonuclear Experimental Reactor,outlier,verify,5890355.0,0.0,0.0,"Amount 5,890,355 outside expected range [0 – 0] (IQR × 3.0). Possible current/prior year confusion or unit error.",keep,5890355.0,thousand,"[""2008 DL200811001.pdf""]",128,1.0,"The current annual total is directly supported by the source document row, which confirms the amount and its description."
Japan,2017,Subsidy for Research and Development of the International Thermonuclear Experimental Reactor,outlier,verify,424700.0,0.0,1684100.0,"Amount 424,700 outside expected range [0 – 0] (IQR × 3.0). Possible current/prior year confusion or unit error.",keep,424700.0,thousand,"[""2017 DL201711001.pdf""]",613,1.0,"The current annual total of 424,700 thousand is directly supported by the source document row, which describes the subsidy for the International Thermonuclear Experimental Reactor."
Japan,2018,Subsidy for Research and Development of the International Thermonuclear Experimental Reactor,outlier,verify,1684100.0,424700.0,0.0,"Amount 1,684,100 outside expected range [0 – 0] (IQR × 3.0). Possible current/prior year confusion or unit error.",keep,1684100.0,thousand,"[""2018 DL201811001.pdf""]",148,1.0,"The current annual total of 1,684,100 thousand JPY is directly supported by the source document row, which describes the subsidy for the International Thermonuclear Experimental Reactor."
Japan,2016,Advanced Utilization of ICT,outlier,verify,5903595.0,0.0,0.0,"Amount 5,903,595 outside expected range [0 – 0] (IQR × 3.0). Possible current/prior year confusion or unit error.",keep,5903595.0,thousand,"[""2016 DL201611001.pdf""]",403,1.0,The current annual total is supported by the source document row which confirms the amount and unit.
Japan,2018,Advanced Utilization of ICT,outlier,verify,6109013.0,0.0,0.0,"Amount 6,109,013 outside expected range [0 – 0] (IQR × 3.0). Possible current/prior year confusion or unit error.",keep,6109013.0,thousand,"[""2018 DL201811001.pdf""]",409,1.0,"The current annual total of 6,109,013 thousand is directly supported by the source document row, which lists the same amount for the Advanced Utilization of ICT."
Japan,2021,Advanced Utilization of ICT,outlier,verify,4957.385,0.0,4145838.0,"Amount 4,957 outside expected range [0 – 0] (IQR × 3.0). Possible current/prior year confusion or unit error.",keep,4957.385,thousand,"[""2021 DL202111001.pdf""]",434,1.0,"The current annual total of 4,957.385 thousand is directly supported by the source document row, which lists the same amount for the Advanced Utilization of ICT."
Japan,2022,Advanced Utilization of ICT,outlier,verify,4145838.0,4957.385,0.0,"Amount 4,145,838 outside expected range [0 – 0] (IQR × 3.0). Possible current/prior year confusion or unit error.",keep,4145838.0,thousand,"[""2022 DL202211001.pdf""]",426,1.0,"The current annual total of 4,145,838 thousand is directly supported by the source document row indicating 'Advanced Utilization of ICT Costs'."
Japan,2025,Advanced Utilization of ICT,outlier,verify,1808375.0,0.0,,"Amount 1,808,375 outside expected range [0 – 0] (IQR × 3.0). Possible current/prior year confusion or unit error.",keep,1808375.0,thousand,"[""2025 DL202511001.pdf""]",463,1.0,"The current annual total is supported by the source document row, which lists the same amount for the agency."
Japan,2016,Next Generation Artificial Intelligence Technology Research and Development Base Formation Project Subsidy,outlier,verify,1450000.0,0.0,0.0,"Amount 1,450,000 outside expected range [0 – 0] (IQR × 3.0). Possible current/prior year confusion or unit error.",keep,1450000.0,thousand,"[""2016 DL201611001.pdf""]",577,1.0,"The current annual total of 1,450,000 thousand is directly supported by the source document row, which matches the agency name and amount."
Japan,2019,Next Generation Artificial Intelligence Technology Research and Development Base Formation Project Subsidy,outlier,verify,3051000.0,0.0,0.0,"Amount 3,051,000 outside expected range [0 – 0] (IQR × 3.0). Possible current/prior year confusion or unit error.",keep,3051000.0,thousand,"[""2019 DL201911001.pdf""]",869,1.0,"The current annual total of 3,051,000 thousand is directly supported by the source document row, which matches the agency name and amount."
Japan,2022,Next Generation Artificial Intelligence Technology Research and Development Base Formation Project Subsidy,outlier,verify,3249000.0,0.0,0.0,"Amount 3,249,000 outside expected range [0 – 0] (IQR × 3.0). Possible current/prior year confusion or unit error.",keep,3249000.0,thousand,"[""2022 DL202211001.pdf""]",591,1.0,"The current annual total of 3,249,000 thousand is directly supported by the source document row, which matches the agency name and amount."
Japan,1994,Telecommunication Technology Research and Development Survey Expenses,outlier,verify,153422.0,0.0,0.0,"Amount 153,422 outside expected range [0 – 0] (IQR × 3.0). Possible current/prior year confusion or unit error.",keep,153422.0,thousand,"[""1994 DL199411001.pdf""]",799,1.0,"The current annual total of 153,422 thousand is directly supported by the source document row, which matches the agency name and amount."
Japan,1999,Telecommunication Technology Research and Development Survey Expenses,outlier,verify,11877.0,0.0,0.0,"Amount 11,877 outside expected range [0 – 0] (IQR × 3.0). Possible current/prior year confusion or unit error.",keep,11877.0,thousand,"[""1999 DL199911001.pdf""]",858,1.0,"The current annual total of 11,877 thousand is directly supported by the source document row, which matches the agency name and amount."
Japan,2006,Telecommunication Technology Research and Development Survey Expenses,outlier,verify,7388375.0,0.0,0.0,"Amount 7,388,375 outside expected range [0 – 0] (IQR × 3.0). Possible current/prior year confusion or unit error.",keep,7388375.0,thousand,"[""2006 DL200611001.pdf""]",343,1.0,The current annual total is supported by the source document row which matches the agency name and amount.
Japan,1994,Radiation Effects Research Institute Grant,outlier,verify,2734196.0,0.0,0.0,"Amount 2,734,196 outside expected range [0 – 0] (IQR × 3.0). Possible current/prior year confusion or unit error.",keep,2734196.0,thousand,"[""1994 DL199411001.pdf""]",542,1.0,"The current annual total of 2,734,196 thousand is directly supported by the source document row, which matches the agency name and amount."
Japan,2005,Radiation Effects Research Institute Grant,outlier,verify,2273880.0,0.0,0.0,"Amount 2,273,880 outside expected range [0 – 0] (IQR × 3.0). Possible current/prior year confusion or unit error.",keep,2273880.0,thousand,"[""2005 DL200511001.pdf""]",566,1.0,"The current annual total of 2,273,880 thousand JPY is directly supported by the source document row, which lists the same amount for the Radiation Effects Research Institute Grant."
Japan,1982,"Agriculture, Forestry and Fisheries Research Subsidy",outlier,verify,1873673.0,0.0,0.0,"Amount 1,873,673 outside expected range [0 – 0] (IQR × 3.0). Possible current/prior year confusion or unit error.",keep,1873673.0,thousand,"[""1982 DL198211001.pdf""]",597,1.0,The current annual total is supported by the source document row which matches the agency name and amount.
Japan,1998,"Agriculture, Forestry and Fisheries Research Subsidy",outlier,verify,3022395.0,0.0,0.0,"Amount 3,022,395 outside expected range [0 – 0] (IQR × 3.0). Possible current/prior year confusion or unit error.",keep,3022395.0,thousand,"[""1998 DL199811001.pdf""]",710,1.0,"The current annual total of 3,022,395 thousand is directly supported by the source document row, which matches the agency name and amount."
Japan,2007,Subsidy for the Research and Development of the International Thermonuclear Experimental Reactor,outlier,verify,5007365.0,0.0,0.0,"Amount 5,007,365 outside expected range [0 – 0] (IQR × 3.0). Possible current/prior year confusion or unit error.",keep,5007365.0,thousand,"[""2007 DL200711001.pdf""]",113,1.0,"The current annual total of 5,007,365 thousand JPY is directly supported by the source document row, which describes the subsidy for the research and development of the International Thermonuclear Experimental Reactor."
Japan,2009,Subsidy for the Research and Development of the International Thermonuclear Experimental Reactor,outlier,verify,1107474.0,0.0,0.0,"Amount 1,107,474 outside expected range [0 – 0] (IQR × 3.0). Possible current/prior year confusion or unit error.",keep,1107474.0,thousand,"[""2009 DL200911001.pdf""]",128,1.0,"The current annual total of 1,107,474 thousand JPY is directly supported by the source document row, which matches the agency name and amount."
Japan,2012,Subsidy for the Research and Development of the International Thermonuclear Experimental Reactor,outlier,verify,1228000.0,0.0,0.0,"Amount 1,228,000 outside expected range [0 – 0] (IQR × 3.0). Possible current/prior year confusion or unit error.",keep,1228000.0,thousand,"[""2012 DL201211001.pdf""]",135,1.0,"The current annual total of 1,228,000 thousand is directly supported by the source document row, which confirms the amount and its description."
Japan,2014,Advanced Nuclear Fusion Research and Development Subsidy,outlier,verify,2294056.0,0.0,5000.0,"Amount 2,294,056 outside expected range [0 – 0] (IQR × 3.0). Possible current/prior year confusion or unit error.",keep,2294056.0,thousand,"[""2014 DL201411001.pdf""]",788,1.0,"The current annual total of 2,294,056 thousand is directly supported by the source document row, which matches the agency name and amount."
Japan,2015,Advanced Nuclear Fusion Research and Development Subsidy,outlier,verify,5000.0,2294056.0,2812739.0,"Amount 5,000 outside expected range [0 – 0] (IQR × 3.0). Possible current/prior year confusion or unit error.",keep,5000.0,thousand,"[""2015 DL201511001.pdf""]",608,1.0,"The current annual total of 5000.0 thousand is directly supported by the source document row, which lists the same amount for the Advanced Nuclear Fusion Research and Development Subsidy."
Japan,2016,Advanced Nuclear Fusion Research and Development Subsidy,outlier,verify,2812739.0,5000.0,0.0,"Amount 2,812,739 outside expected range [0 – 0] (IQR × 3.0). Possible current/prior year confusion or unit error.",keep,2812739.0,thousand,"[""2016 DL201611001.pdf""]",577,1.0,"The current annual total is directly supported by the source document row, which lists the same amount for the Advanced Nuclear Fusion Research and Development Subsidy."
Japan,2019,Advanced Nuclear Fusion Research and Development Subsidy,outlier,verify,4353056.0,0.0,0.0,"Amount 4,353,056 outside expected range [0 – 0] (IQR × 3.0). Possible current/prior year confusion or unit error.",keep,4353056.0,thousand,"[""2019 DL201911001.pdf""]",869,1.0,"The current annual total is directly supported by the source document row, which lists the same amount for the Advanced Nuclear Fusion Research and Development Subsidy."
Japan,1976,Subsidy for Important Technology Research and Development,outlier,verify,3948850.0,0.0,0.0,"Amount 3,948,850 outside expected range [0 – 0] (IQR × 3.0). Possible current/prior year confusion or unit error.",keep,3948850.0,thousand,"[""1976 DL197611001.pdf""]",677,1.0,"The current annual total of 3,948,850 thousand is directly supported by the source document row, which matches the agency name and amount."
Japan,1978,Subsidy for Important Technology Research and Development,outlier,verify,2790527.0,0.0,0.0,"Amount 2,790,527 outside expected range [0 – 0] (IQR × 3.0). Possible current/prior year confusion or unit error.",keep,2790527.0,thousand,"[""1978 DL197811001.pdf""]",688,1.0,"The current annual total is directly supported by the source document row, which lists the same amount for the agency in question."
Japan,1982,Subsidy for Important Technology Research and Development,outlier,verify,2292373.0,0.0,0.0,"Amount 2,292,373 outside expected range [0 – 0] (IQR × 3.0). Possible current/prior year confusion or unit error.",keep,2292373.0,thousand,"[""1982 DL198211001.pdf""]",690,1.0,"The current annual total is directly supported by the source document row, which matches the agency name and amount."
Japan,1984,Subsidy for Important Technology Research and Development,outlier,verify,2123290.0,0.0,1904040.0,"Amount 2,123,290 outside expected range [0 – 0] (IQR × 3.0). Possible current/prior year confusion or unit error.",keep,2123290.0,thousand,"[""1984 DL198411001.pdf""]",709,1.0,"The current annual total is directly supported by the source document row, which lists the same amount for the agency in question."
Japan,1985,Subsidy for Important Technology Research and Development,outlier,verify,1904040.0,2123290.0,0.0,"Amount 1,904,040 outside expected range [0 – 0] (IQR × 3.0). Possible current/prior year confusion or unit error.",keep,1904040.0,thousand,"[""1985 DL198511001.pdf""]",685,1.0,The current annual total is supported by the source document row which confirms the amount for the specified agency.
Japan,2012,Expenses Necessary for the Meteorological Research Institute,outlier,verify,1751360.0,0.0,2535797.0,"Amount 1,751,360 outside expected range [0 – 0] (IQR × 3.0). Possible current/prior year confusion or unit error.",keep,1751360.0,thousand,"[""2012 DL201211001.pdf""]",918,1.0,"The current annual total is directly supported by the source document row, which confirms the amount for the Meteorological Research Institute."
Japan,2013,Expenses Necessary for the Meteorological Research Institute,outlier,verify,2535797.0,1751360.0,0.0,"Amount 2,535,797 outside expected range [0 – 0] (IQR × 3.0). Possible current/prior year confusion or unit error.",keep,2535797.0,thousand,"[""2013 DL201311001.pdf""]",855,1.0,"The current annual total is directly supported by the source document row, which confirms the amount and its description."
Japan,2009,Subsidy for the Construction of Specific Advanced Large Research Facilities,outlier,verify,1976340.0,0.0,0.0,"Amount 1,976,340 outside expected range [0 – 0] (IQR × 3.0). Possible current/prior year confusion or unit error.",keep,1976340.0,thousand,"[""2009 DL200911001.pdf""]",128,1.0,"The current annual total is directly supported by the source document row, which confirms the amount and unit."
Japan,2012,Subsidy for the Construction of Specific Advanced Large Research Facilities,outlier,verify,2100000.0,0.0,0.0,"Amount 2,100,000 outside expected range [0 – 0] (IQR × 3.0). Possible current/prior year confusion or unit error.",keep,2100000.0,thousand,"[""2012 DL201211001.pdf""]",134,1.0,"The current annual total of 2,100,000 thousand is directly supported by the source document row, which matches the agency name and amount."
Japan,1975,Subsidy for Japan Science and Technology Information Center,outlier,verify,1195000.0,,1338000.0,"Amount 1,195,000 outside expected range [0 – 0] (IQR × 3.0). Possible current/prior year confusion or unit error.",keep,1195000.0,thousand,"[""1975 DL197511001.pdf""]",241,1.0,"The current annual total of 1,195,000 thousand is directly supported by the source document row, which matches the agency name and amount."
Japan,1976,Subsidy for Japan Science and Technology Information Center,outlier,verify,1338000.0,1195000.0,1590000.0,"Amount 1,338,000 outside expected range [0 – 0] (IQR × 3.0). Possible current/prior year confusion or unit error.",keep,1338000.0,thousand,"[""1976 DL197611001.pdf""]",246,1.0,"The current annual total of 1,338,000 thousand is directly supported by the source document row, which lists the same amount for the Subsidy for Japan Science and Technology Information Center."
Japan,1977,Subsidy for Japan Science and Technology Information Center,outlier,verify,1590000.0,1338000.0,1699000.0,"Amount 1,590,000 outside expected range [0 – 0] (IQR × 3.0). Possible current/prior year confusion or unit error.",keep,1590000.0,thousand,"[""1977 DL197711001.pdf""]",247,1.0,"The current annual total of 1,590,000 thousand is directly supported by the source document row, which lists the same amount for the subsidy."
Japan,1978,Subsidy for Japan Science and Technology Information Center,outlier,verify,1699000.0,1590000.0,1909000.0,"Amount 1,699,000 outside expected range [0 – 0] (IQR × 3.0). Possible current/prior year confusion or unit error.",keep,1699000.0,thousand,"[""1978 DL197811001.pdf""]",251,1.0,"The current annual total of 1,699,000 thousand is directly supported by the source document row, which lists the same amount for the subsidy."
Japan,1979,Subsidy for Japan Science and Technology Information Center,outlier,verify,1909000.0,1699000.0,2086000.0,"Amount 1,909,000 outside expected range [0 – 0] (IQR × 3.0). Possible current/prior year confusion or unit error.",keep,1909000.0,thousand,"[""1979 DL197911001.pdf""]",255,1.0,"The current annual total of 1,909,000 thousand is directly supported by the source document row, which lists the same amount for the subsidy."
Japan,1980,Subsidy for Japan Science and Technology Information Center,outlier,verify,2086000.0,1909000.0,0.0,"Amount 2,086,000 outside expected range [0 – 0] (IQR × 3.0). Possible current/prior year confusion or unit error.",keep,2086000.0,thousand,"[""1980 DL198011001.pdf""]",258,1.0,"The current annual total of 2,086,000 thousand is directly supported by the source document row, which matches the agency name and amount."
Japan,1982,Subsidy for Japan Science and Technology Information Center,outlier,verify,2323000.0,0.0,0.0,"Amount 2,323,000 outside expected range [0 – 0] (IQR × 3.0). Possible current/prior year confusion or unit error.",keep,2323000.0,thousand,"[""1982 DL198211001.pdf""]",257,1.0,"The current annual total of 2,323,000 thousand JPY is directly supported by the source document row, which matches the agency name and amount."
Japan,1985,Subsidy for Japan Science and Technology Information Center,outlier,verify,1756000.0,0.0,0.0,"Amount 1,756,000 outside expected range [0 – 0] (IQR × 3.0). Possible current/prior year confusion or unit error.",keep,1756000.0,thousand,"[""1985 DL198511001.pdf""]",256,1.0,"The current annual total of 1,756,000 thousand is directly supported by the source document row, which lists the same amount for the subsidy."
Japan,1987,Subsidy for Japan Science and Technology Information Center,outlier,verify,2064000.0,0.0,0.0,"Amount 2,064,000 outside expected range [0 – 0] (IQR × 3.0). Possible current/prior year confusion or unit error.",keep,2064000.0,thousand,"[""1987 DL198711001.pdf""]",259,1.0,"The current annual total of 2,064,000 thousand is directly supported by the source document row, which lists the same amount for the subsidy."
Japan,1990,Subsidy for Japan Science and Technology Information Center,outlier,verify,1775000.0,0.0,0.0,"Amount 1,775,000 outside expected range [0 – 0] (IQR × 3.0). Possible current/prior year confusion or unit error.",keep,1775000.0,thousand,"[""1990 DL199011001.pdf""]",250,1.0,"The current annual total of 1,775,000 thousand is directly supported by the source document row, which matches the agency name and amount."
Japan,1993,Subsidy for Japan Science and Technology Information Center,outlier,verify,2542000.0,0.0,3363000.0,"Amount 2,542,000 outside expected range [0 – 0] (IQR × 3.0). Possible current/prior year confusion or unit error.",keep,2542000.0,thousand,"[""1993 DL199311001.pdf""]",257,1.0,"The current annual total of 2,542,000 thousand is directly supported by the source document row, which matches the agency name and amount."
Japan,1994,Subsidy for Japan Science and Technology Information Center,outlier,verify,3363000.0,2542000.0,0.0,"Amount 3,363,000 outside expected range [0 – 0] (IQR × 3.0). Possible current/prior year confusion or unit error.",keep,3363000.0,thousand,"[""1994 DL199411001.pdf""]",261,1.0,"The current annual total is directly supported by the source document row, which lists the same amount for the agency in question."
Japan,1976,Radiation Effects Research Institute Subsidy,outlier,verify,1346187.0,0.0,0.0,"Amount 1,346,187 outside expected range [0 – 0] (IQR × 3.0). Possible current/prior year confusion or unit error.",keep,1346187.0,thousand,"[""1976 DL197611001.pdf""]",515,1.0,"The current annual total of 1,346,187 thousand is directly supported by the source document row, which matches the agency name and amount."
Japan,1980,Radiation Effects Research Institute Subsidy,outlier,verify,1635089.0,0.0,0.0,"Amount 1,635,089 outside expected range [0 – 0] (IQR × 3.0). Possible current/prior year confusion or unit error.",keep,1635089.0,thousand,"[""1980 DL198011001.pdf""]",534,1.0,The current annual total is supported by the source document row which lists the same amount for the Radiation Effects Research Institute Subsidy.
Japan,1982,Radiation Effects Research Institute Subsidy,outlier,verify,1826851.0,0.0,0.0,"Amount 1,826,851 outside expected range [0 – 0] (IQR × 3.0). Possible current/prior year confusion or unit error.",keep,1826851.0,thousand,"[""1982 DL198211001.pdf""]",534,1.0,"The current annual total of 1,826,851 thousand is directly supported by the source document row, which lists the same amount for the Radiation Effects Research Institute Subsidy."
Japan,1990,Radiation Effects Research Institute Subsidy,outlier,verify,2251260.0,0.0,0.0,"Amount 2,251,260 outside expected range [0 – 0] (IQR × 3.0). Possible current/prior year confusion or unit error.",keep,2251260.0,thousand,"[""1990 DL199011001.pdf""]",519,1.0,"The current annual total of 2,251,260 thousand is directly supported by the source document row, which matches the agency name and amount."
Japan,1996,Radiation Effects Research Institute Subsidy,outlier,verify,2336495.0,0.0,0.0,"Amount 2,336,495 outside expected range [0 – 0] (IQR × 3.0). Possible current/prior year confusion or unit error.",keep,2336495.0,thousand,"[""1996 DL199611001.pdf""]",551,1.0,"The current annual total of 2,336,495 thousand is directly supported by the source document row, which lists the same amount for the Radiation Effects Research Institute Subsidy."
Japan,1981,Expenses for R&D of Energy-Saving Technologies,outlier,verify,2911231.0,0.0,0.0,"Amount 2,911,231 outside expected range [0 – 0] (IQR × 3.0). Possible current/prior year confusion or unit error.",keep,2911231.0,thousand,"[""1981 DL198111001.pdf""]",693,1.0,The current annual total is supported by the source document row which explicitly states the amount for R&D of energy-saving technologies.
Japan,1987,Expenses for R&D of Energy-Saving Technologies,outlier,verify,759803.0,0.0,0.0,"Amount 759,803 outside expected range [0 – 0] (IQR × 3.0). Possible current/prior year confusion or unit error.",keep,759803.0,thousand,"[""1987 DL198711001.pdf""]",687,1.0,"The current annual total of 759,803 thousand is directly supported by the source document row, which describes expenses for R&D of energy-saving technologies."
Japan,2000,Expenses for R&D of Energy-Saving Technologies,outlier,verify,136739.0,0.0,0.0,"Amount 136,739 outside expected range [0 – 0] (IQR × 3.0). Possible current/prior year confusion or unit error.",keep,136739.0,thousand,"[""2000 DL200011001.pdf""]",816,1.0,"The current annual total of 136,739 thousand is directly supported by the source document row, which matches the agency's expenses for that year."
Japan,2006,Technology R&D Promotion,outlier,verify,1882.0,0.0,0.0,"Amount 1,882 outside expected range [0 – 0] (IQR × 3.0). Possible current/prior year confusion or unit error.",keep,1882.0,thousand,"[""2006 DL200611001.pdf""]",343,1.0,"The current annual total of 1882.0 thousand is directly supported by the source document row, which lists the same amount for the Technology R&D Promotion agency."
Japan,2008,Technology R&D Promotion,outlier,verify,3007905.0,0.0,2731331.0,"Amount 3,007,905 outside expected range [0 – 0] (IQR × 3.0). Possible current/prior year confusion or unit error.",keep,3007905.0,thousand,"[""2008 DL200811001.pdf""]",820,1.0,"The current annual total of 3,007,905 thousand is directly supported by the source document row, which lists the same amount for the Technology Research and Development Promotion."
Japan,2009,Technology R&D Promotion,outlier,verify,2731331.0,3007905.0,0.0,"Amount 2,731,331 outside expected range [0 – 0] (IQR × 3.0). Possible current/prior year confusion or unit error.",keep,2731331.0,thousand,"[""2009 DL200911001.pdf""]",83,1.0,"The current annual total is directly supported by the source document row, which lists the same amount for Technology Research and Development Promotion Expenses."
Japan,2011,Technology R&D Promotion,outlier,verify,101633283.0,0.0,0.0,"Amount 101,633,283 outside expected range [0 – 0] (IQR × 3.0). Possible current/prior year confusion or unit error.",keep,101633283.0,thousand,"[""2011 DL201111001.pdf""]",960,1.0,"The current annual total is directly supported by the source document row, which lists the same amount for Technology Research and Development Promotion Expenses."
Japan,2014,Technology R&D Promotion,outlier,verify,101900000.0,0.0,0.0,"Amount 101,900,000 outside expected range [0 – 0] (IQR × 3.0). Possible current/prior year confusion or unit error.",keep,101900000.0,thousand,"[""2014 DL201411001.pdf""]",1334,1.0,"The current annual total of 101,900,000 thousand is directly supported by the source document row, which lists the same amount for Technology Research and Development Promotion Expenses."
Japan,2019,Technology R&D Promotion,outlier,verify,6307358.0,0.0,0.0,"Amount 6,307,358 outside expected range [0 – 0] (IQR × 3.0). Possible current/prior year confusion or unit error.",keep,6307358.0,thousand,"[""2019 DL201911001.pdf""]",614.0,1.0,"The current annual total of 6,307,358 thousand is directly supported by the source document row, which lists the same amount for the Technology R&D Promotion agency."
Japan,2022,Technology R&D Promotion,outlier,verify,1002713.0,0.0,8632390.0,"Amount 1,002,713 outside expected range [0 – 0] (IQR × 3.0). Possible current/prior year confusion or unit error.",keep,1002713.0,thousand,"[""2022 DL202211001.pdf""]",592,1.0,"The current annual total of 1,002,713 thousand is directly supported by the source document row, which lists the same amount for the Environmental Technology Research and Development Promotion Project Subsidy."
Japan,2023,Technology R&D Promotion,outlier,verify,8632390.0,1002713.0,0.0,"Amount 8,632,390 outside expected range [0 – 0] (IQR × 3.0). Possible current/prior year confusion or unit error.",keep,8632390.0,thousand,"[""2023 DL202311001.pdf""]",445,1.0,The current annual total is supported by the source document row which lists the same amount for the Technology R&D Promotion agency.
Japan,1991,Expenses for R&D of High-Tech Industries,outlier,verify,659728.0,0.0,0.0,"Amount 659,728 outside expected range [0 – 0] (IQR × 3.0). Possible current/prior year confusion or unit error.",keep,659728.0,thousand,"[""1991 DL199111001.pdf""]",668,1.0,"The current annual total of 659,728 thousand is directly supported by the source document row, which describes expenses for R&D of high-tech industries."
Japan,1994,Expenses for R&D of High-Tech Industries,outlier,verify,1203987.0,0.0,0.0,"Amount 1,203,987 outside expected range [0 – 0] (IQR × 3.0). Possible current/prior year confusion or unit error.",keep,1203987.0,thousand,"[""1994 DL199411001.pdf""]",685,1.0,"The current annual total of 1,203,987 thousand is directly supported by the source document row, which confirms the amount and unit."
Japan,1996,Expenses for R&D of High-Tech Industries,outlier,verify,1352712.0,0.0,0.0,"Amount 1,352,712 outside expected range [0 – 0] (IQR × 3.0). Possible current/prior year confusion or unit error.",keep,1352712.0,thousand,"[""1996 DL199611001.pdf""]",699,1.0,The current annual total is supported by the source document row which confirms the amount for R&D expenses for high-tech industries.
Japan,1999,Expenses for R&D of High-Tech Industries,outlier,verify,2227184.0,0.0,0.0,"Amount 2,227,184 outside expected range [0 – 0] (IQR × 3.0). Possible current/prior year confusion or unit error.",keep,2227184.0,thousand,"[""1999 DL199911001.pdf""]",728,1.0,"The current annual total is directly supported by the source document row, which confirms the amount for R&D expenses for high-tech industries."
Japan,1985,Subsidy for Ocean Science and Technology Center,outlier,verify,1159000.0,0.0,0.0,"Amount 1,159,000 outside expected range [0 – 0] (IQR × 3.0). Possible current/prior year confusion or unit error.",keep,1159000.0,thousand,"[""1985 DL198511001.pdf""]",256,1.0,"The current annual total of 1,159,000 thousand JPY is directly supported by the source document row, which lists the same amount for the Subsidy for Ocean Science and Technology Center."
Japan,1987,Subsidy for Ocean Science and Technology Center,outlier,verify,1298000.0,0.0,1364000.0,"Amount 1,298,000 outside expected range [0 – 0] (IQR × 3.0). Possible current/prior year confusion or unit error.",keep,1298000.0,thousand,"[""1987 DL198711001.pdf""]",259,1.0,"The current annual total of 1,298,000 thousand is directly supported by the source document row, which lists the same amount for the Subsidy for Ocean Science and Technology Center."
Japan,1988,Subsidy for Ocean Science and Technology Center,outlier,verify,1364000.0,1298000.0,0.0,"Amount 1,364,000 outside expected range [0 – 0] (IQR × 3.0). Possible current/prior year confusion or unit error.",keep,1364000.0,thousand,"[""1988 DL198811001.pdf""]",254,1.0,"The current annual total of 1,364,000 thousand JPY is directly supported by the source document row, which matches the agency name and amount."
Japan,1990,Subsidy for Ocean Science and Technology Center,outlier,verify,1522000.0,0.0,0.0,"Amount 1,522,000 outside expected range [0 – 0] (IQR × 3.0). Possible current/prior year confusion or unit error.",keep,1522000.0,thousand,"[""1990 DL199011001.pdf""]",251,1.0,"The current annual total of 1,522,000 thousand JPY is directly supported by the source document row, which matches the agency name and amount."
Japan,1990,Expenses for R&D of Advanced Technology-Intensive Industries,outlier,verify,556776.0,0.0,0.0,"Amount 556,776 outside expected range [0 – 0] (IQR × 3.0). Possible current/prior year confusion or unit error.",keep,556776.0,thousand,"[""1990 DL199011001.pdf""]",658,1.0,"The current annual total of 556,776 thousand is directly supported by the source document row, which describes expenses for R&D of advanced technology-intensive industries."
Japan,1992,Expenses for R&D of Advanced Technology-Intensive Industries,outlier,verify,612368.0,0.0,0.0,"Amount 612,368 outside expected range [0 – 0] (IQR × 3.0). Possible current/prior year confusion or unit error.",keep,612368.0,thousand,"[""1992 DL199211001.pdf""]",669,1.0,"The current annual total of 612,368 thousand is directly supported by the source document row, which describes expenses for R&D of advanced technology-intensive industries."
Japan,1995,Expenses for R&D of Advanced Technology-Intensive Industries,outlier,verify,2029318.0,0.0,0.0,"Amount 2,029,318 outside expected range [0 – 0] (IQR × 3.0). Possible current/prior year confusion or unit error.",keep,2029318.0,thousand,"[""1995 DL199511001.pdf""]",693,1.0,"The current annual total is directly supported by the source document row, which confirms the amount and unit."
Japan,1997,Expenses for R&D of Advanced Technology-Intensive Industries,outlier,verify,1960860.0,0.0,0.0,"Amount 1,960,860 outside expected range [0 – 0] (IQR × 3.0). Possible current/prior year confusion or unit error.",keep,1960860.0,thousand,"[""1997 DL199711001.pdf""]",699,1.0,"The current annual total of 1,960,860 thousand is directly supported by the source document row, which describes expenses for R&D of advanced technology-intensive industries."
Japan,1994,Technology R&D Survey Expenses,outlier,verify,153422.0,0.0,0.0,"Amount 153,422 outside expected range [0 – 0] (IQR × 3.0). Possible current/prior year confusion or unit error.",keep,153422.0,thousand,"[""1994 DL199411001.pdf""]",799,1.0,"The current annual total of 153,422 thousand is directly supported by the source document row, which lists the same amount for the Telecommunication Technology Research and Development Survey Expenses."
Japan,1999,Technology R&D Survey Expenses,outlier,verify,11877.0,0.0,0.0,"Amount 11,877 outside expected range [0 – 0] (IQR × 3.0). Possible current/prior year confusion or unit error.",keep,11877.0,thousand,"[""1999 DL199911001.pdf""]",858,1.0,"The current annual total of 11,877 thousand is directly supported by the source document row, which lists the same amount for the Technology R&D Survey Expenses."
Japan,2006,Technology R&D Survey Expenses,outlier,verify,7388375.0,0.0,0.0,"Amount 7,388,375 outside expected range [0 – 0] (IQR × 3.0). Possible current/prior year confusion or unit error.",keep,7388375.0,thousand,"[""2006 DL200611001.pdf""]",343,1.0,"The current annual total of 7,388,375 thousand is directly supported by the source document row, which lists the same amount for the Technology R&D Survey Expenses."
Japan,2017,Technology R&D Survey Expenses,outlier,verify,387382.0,0.0,0.0,"Amount 387,382 outside expected range [0 – 0] (IQR × 3.0). Possible current/prior year confusion or unit error.",keep,387382.0,thousand,"[""2017 DL201711001.pdf""]",878,1.0,"The current annual total of 387,382 thousand is directly supported by the source document row, which lists the same amount for Technology Research and Development Survey Expenses."
Japan,2019,Technology R&D Survey Expenses,outlier,verify,2033029.0,0.0,0.0,"Amount 2,033,029 outside expected range [0 – 0] (IQR × 3.0). Possible current/prior year confusion or unit error.",keep,2033029.0,thousand,"[""2019 DL201911001.pdf""]",1210,1.0,"The current annual total of 2,033,029 thousand is directly supported by the source document row, which lists the same amount for Technology Research and Development Survey Expenses."
Japan,1998,Radiation Survey Research,outlier,verify,1500000000.0,1243894.0,1179631.0,"Amount 1,500,000,000 outside expected range [-3,530,312 – 4,707,082] (IQR × 3.0). Possible current/prior year confusion or unit error.",keep,1500000000.0,thousand,"[""1998 DL199811001.pdf""]",36.0,1.0,"The current annual total of 1,500,000,000 thousand is directly supported by the source document row for Radiation Survey Research Expenses."
Japan,2000,Subsidy for IT Development in New Industry Creation,outlier,verify,1000000.0,0.0,1000000.0,"Amount 1,000,000 outside expected range [0 – 0] (IQR × 3.0). Possible current/prior year confusion or unit error.",keep,1000000.0,thousand,"[""2000 DL200011001.pdf""]",811,1.0,"The source document clearly supports the current annual total of 1,000,000 thousand JPY for the subsidy."
Japan,2001,Subsidy for IT Development in New Industry Creation,outlier,verify,1000000.0,1000000.0,0.0,"Amount 1,000,000 outside expected range [0 – 0] (IQR × 3.0). Possible current/prior year confusion or unit error.",keep,1000000.0,thousand,"[""2001 DL200111001.pdf""]",695,1.0,"The source document clearly supports the current annual total of 1,000,000 thousand JPY for the Subsidy for IT Development in New Industry Creation."
