country,year,canonical_name,category,amount_local,unit,currency,item_type,line_description_en,source_file,page_number,series_notes
Iceland,1977,Byggingarsjóður rannsókna í þágu atvinnuveganna (Building Fund for Industry Research),innovation_instruments,268000000.0,krona,ISK,program_total,Total expenses,1977 0282.pdf,89,Validated against original Iceland budget files; long-lived fund supporting sectoral research infrastructure and projects.
Iceland,1978,Byggingarsjóður rannsókna í þágu atvinnuveganna (Building Fund for Industry Research),innovation_instruments,,,,,,,,gap: no matching rows in this year
Iceland,1979,Byggingarsjóður rannsókna í þágu atvinnuveganna (Building Fund for Industry Research),innovation_instruments,,,,,,,,gap: no matching rows in this year
Iceland,1980,Byggingarsjóður rannsókna í þágu atvinnuveganna (Building Fund for Industry Research),innovation_instruments,,,,,,,,gap: no matching rows in this year
Iceland,1981,Byggingarsjóður rannsókna í þágu atvinnuveganna (Building Fund for Industry Research),innovation_instruments,466700000.0,krona,ISK,program_total,Total expenses,1981 0382.pdf,94,Validated against original Iceland budget files; long-lived fund supporting sectoral research infrastructure and projects.
Iceland,1982,Byggingarsjóður rannsókna í þágu atvinnuveganna (Building Fund for Industry Research),innovation_instruments,3176200.0,unit,ISK,program_total,Total expenses,1982 0271.pdf,104,Validated against original Iceland budget files; long-lived fund supporting sectoral research infrastructure and projects.
Iceland,1983,Byggingarsjóður rannsókna í þágu atvinnuveganna (Building Fund for Industry Research),innovation_instruments,4705000.0,krona,ISK,line_item,State contributions,1983 0247.pdf,100,Validated against original Iceland budget files; long-lived fund supporting sectoral research infrastructure and projects.
Iceland,1984,Byggingarsjóður rannsókna í þágu atvinnuveganna (Building Fund for Industry Research),innovation_instruments,,,,,,,,gap: no matching rows in this year
Iceland,1985,Byggingarsjóður rannsókna í þágu atvinnuveganna (Building Fund for Industry Research),innovation_instruments,13630000.0,krona,ISK,line_item,"Contribution from the A-part to the fund amounts to 13,630 thousand ISK.",1985 0001.pdf,217,Validated against original Iceland budget files; long-lived fund supporting sectoral research infrastructure and projects.
Iceland,1986,Byggingarsjóður rannsókna í þágu atvinnuveganna (Building Fund for Industry Research),innovation_instruments,,,,,,,,gap: no matching rows in this year
Iceland,1987,Byggingarsjóður rannsókna í þágu atvinnuveganna (Building Fund for Industry Research),innovation_instruments,1000000.0,krona,ISK,line_item,State contributions,1987 0499.pdf,164,Validated against original Iceland budget files; long-lived fund supporting sectoral research infrastructure and projects.
Iceland,1988,Byggingarsjóður rannsókna í þágu atvinnuveganna (Building Fund for Industry Research),innovation_instruments,70000000.0,krona,ISK,program_total,Government contributions,1988 0434.pdf,166,Validated against original Iceland budget files; long-lived fund supporting sectoral research infrastructure and projects.
Iceland,1989,Byggingarsjóður rannsókna í þágu atvinnuveganna (Building Fund for Industry Research),innovation_instruments,62300000.0,krona,ISK,line_item,Contributions from the state,1989 0430.pdf,172,Validated against original Iceland budget files; long-lived fund supporting sectoral research infrastructure and projects.
Iceland,1990,Byggingarsjóður rannsókna í þágu atvinnuveganna (Building Fund for Industry Research),innovation_instruments,43800000.0,krona,ISK,line_item,Contribution to the state treasury,1990 0496.pdf,189,Validated against original Iceland budget files; long-lived fund supporting sectoral research infrastructure and projects.
Iceland,1991,Byggingarsjóður rannsókna í þágu atvinnuveganna (Building Fund for Industry Research),innovation_instruments,67600000.0,krona,ISK,program_total,Total,1991 0478.pdf,25,Validated against original Iceland budget files; long-lived fund supporting sectoral research infrastructure and projects.
Iceland,1992,Byggingarsjóður rannsókna í þágu atvinnuveganna (Building Fund for Industry Research),innovation_instruments,74000000.0,krona,ISK,program_total,Total,1992 0374.pdf,26,Validated against original Iceland budget files; long-lived fund supporting sectoral research infrastructure and projects.
Iceland,1993,Byggingarsjóður rannsókna í þágu atvinnuveganna (Building Fund for Industry Research),innovation_instruments,60000000.0,krona,ISK,program_total,Building Fund for Research,1993 0546.pdf,26,Validated against original Iceland budget files; long-lived fund supporting sectoral research infrastructure and projects.
Iceland,1994,Byggingarsjóður rannsókna í þágu atvinnuveganna (Building Fund for Industry Research),innovation_instruments,40000000.0,krona,ISK,program_total,Total expenses,1994 0488.pdf,26,Validated against original Iceland budget files; long-lived fund supporting sectoral research infrastructure and projects.
Iceland,1995,Byggingarsjóður rannsókna í þágu atvinnuveganna (Building Fund for Industry Research),innovation_instruments,,,,,,,,gap: no matching rows in this year
Iceland,1996,Byggingarsjóður rannsókna í þágu atvinnuveganna (Building Fund for Industry Research),innovation_instruments,,,,,,,,gap: no matching rows in this year
Iceland,1997,Byggingarsjóður rannsókna í þágu atvinnuveganna (Building Fund for Industry Research),innovation_instruments,,,,,,,,gap: no matching rows in this year
Iceland,1998,Byggingarsjóður rannsókna í þágu atvinnuveganna (Building Fund for Industry Research),innovation_instruments,,,,,,,,gap: no matching rows in this year
Iceland,1999,Byggingarsjóður rannsókna í þágu atvinnuveganna (Building Fund for Industry Research),innovation_instruments,,,,,,,,gap: no matching rows in this year
Iceland,2000,Byggingarsjóður rannsókna í þágu atvinnuveganna (Building Fund for Industry Research),innovation_instruments,,,,,,,,gap: no matching rows in this year
Iceland,2001,Byggingarsjóður rannsókna í þágu atvinnuveganna (Building Fund for Industry Research),innovation_instruments,,,,,,,,gap: no matching rows in this year
Iceland,2002,Byggingarsjóður rannsókna í þágu atvinnuveganna (Building Fund for Industry Research),innovation_instruments,,,,,,,,gap: no matching rows in this year
Iceland,2003,Byggingarsjóður rannsókna í þágu atvinnuveganna (Building Fund for Industry Research),innovation_instruments,,,,,,,,gap: no matching rows in this year
Iceland,2004,Byggingarsjóður rannsókna í þágu atvinnuveganna (Building Fund for Industry Research),innovation_instruments,,,,,,,,gap: no matching rows in this year
Iceland,2005,Byggingarsjóður rannsókna í þágu atvinnuveganna (Building Fund for Industry Research),innovation_instruments,,,,,,,,gap: no matching rows in this year
Iceland,2006,Byggingarsjóður rannsókna í þágu atvinnuveganna (Building Fund for Industry Research),innovation_instruments,660600000.0,krona,ISK,line_item,Energy Research Institute,2006 0540.pdf,161,Validated against original Iceland budget files; long-lived fund supporting sectoral research infrastructure and projects.
Iceland,2007,Byggingarsjóður rannsókna í þágu atvinnuveganna (Building Fund for Industry Research),innovation_instruments,,,,,,,,gap: no matching rows in this year
Iceland,2008,Byggingarsjóður rannsókna í þágu atvinnuveganna (Building Fund for Industry Research),innovation_instruments,,,,,,,,gap: no matching rows in this year
Iceland,2009,Byggingarsjóður rannsókna í þágu atvinnuveganna (Building Fund for Industry Research),innovation_instruments,15900000.0,krona,ISK,line_item,Research on benthic animals in Icelandic waters,2009 0481.pdf,160,Validated against original Iceland budget files; long-lived fund supporting sectoral research infrastructure and projects.
Iceland,2010,Byggingarsjóður rannsókna í þágu atvinnuveganna (Building Fund for Industry Research),innovation_instruments,,,,,,,,gap: no matching rows in this year
Iceland,2011,Byggingarsjóður rannsókna í þágu atvinnuveganna (Building Fund for Industry Research),innovation_instruments,,,,,,,,gap: no matching rows in this year
Iceland,2012,Byggingarsjóður rannsókna í þágu atvinnuveganna (Building Fund for Industry Research),innovation_instruments,,,,,,,,gap: no matching rows in this year
Iceland,2013,Byggingarsjóður rannsókna í þágu atvinnuveganna (Building Fund for Industry Research),innovation_instruments,,,,,,,,gap: no matching rows in this year
Iceland,2014,Byggingarsjóður rannsókna í þágu atvinnuveganna (Building Fund for Industry Research),innovation_instruments,,,,,,,,gap: no matching rows in this year
Iceland,2015,Byggingarsjóður rannsókna í þágu atvinnuveganna (Building Fund for Industry Research),innovation_instruments,,,,,,,,gap: no matching rows in this year
Iceland,2016,Byggingarsjóður rannsókna í þágu atvinnuveganna (Building Fund for Industry Research),innovation_instruments,1240500.0,krona,ISK,program_total,Total expenditures,2016 0703.pdf,156,Validated against original Iceland budget files; long-lived fund supporting sectoral research infrastructure and projects.
Iceland,2017,Byggingarsjóður rannsókna í þágu atvinnuveganna (Building Fund for Industry Research),innovation_instruments,,,,,,,,gap: no matching rows in this year
Iceland,2018,Byggingarsjóður rannsókna í þágu atvinnuveganna (Building Fund for Industry Research),innovation_instruments,,,,,,,,gap: no matching rows in this year
Iceland,2019,Byggingarsjóður rannsókna í þágu atvinnuveganna (Building Fund for Industry Research),innovation_instruments,,,,,,,,gap: no matching rows in this year
Iceland,2020,Byggingarsjóður rannsókna í þágu atvinnuveganna (Building Fund for Industry Research),innovation_instruments,,,,,,,,gap: no matching rows in this year
Iceland,2021,Byggingarsjóður rannsókna í þágu atvinnuveganna (Building Fund for Industry Research),innovation_instruments,83900000.0,krona,ISK,line_item,Construction of research institutions for the fishing industry,2021 s0726-f_I.pdf,84,Validated against original Iceland budget files; long-lived fund supporting sectoral research infrastructure and projects.
Iceland,1990,Fiskirannsóknastofnun / Rannsóknastofnun fiskiðnaðarins (Research Institute of Fisheries),science_agency,65415000.0,krona,ISK,line_item,Research department,1990 0496.pdf,91,Validated against original Iceland budget files; separate fisheries research institute before later restructuring.
Iceland,1991,Fiskirannsóknastofnun / Rannsóknastofnun fiskiðnaðarins (Research Institute of Fisheries),science_agency,83690000.0,krona,ISK,line_item,Research area,1991 0478.pdf,94,Validated against original Iceland budget files; separate fisheries research institute before later restructuring.
Iceland,1992,Fiskirannsóknastofnun / Rannsóknastofnun fiskiðnaðarins (Research Institute of Fisheries),science_agency,,,,,,,,gap: no matching rows in this year
Iceland,1993,Fiskirannsóknastofnun / Rannsóknastofnun fiskiðnaðarins (Research Institute of Fisheries),science_agency,,,,,,,,gap: no matching rows in this year
Iceland,1994,Fiskirannsóknastofnun / Rannsóknastofnun fiskiðnaðarins (Research Institute of Fisheries),science_agency,,,,,,,,gap: no matching rows in this year
Iceland,1995,Fiskirannsóknastofnun / Rannsóknastofnun fiskiðnaðarins (Research Institute of Fisheries),science_agency,194700000.0,krona,ISK,line_item,Research projects,1995 0503.pdf,88,Validated against original Iceland budget files; separate fisheries research institute before later restructuring.
Iceland,1996,Fiskirannsóknastofnun / Rannsóknastofnun fiskiðnaðarins (Research Institute of Fisheries),science_agency,,,,,,,,gap: no matching rows in this year
Iceland,1997,Fiskirannsóknastofnun / Rannsóknastofnun fiskiðnaðarins (Research Institute of Fisheries),science_agency,,,,,,,,gap: no matching rows in this year
Iceland,1998,Fiskirannsóknastofnun / Rannsóknastofnun fiskiðnaðarins (Research Institute of Fisheries),science_agency,238500000.0,krona,ISK,line_item,General operations,1998 0706.pdf,84,Validated against original Iceland budget files; separate fisheries research institute before later restructuring.
Iceland,1999,Fiskirannsóknastofnun / Rannsóknastofnun fiskiðnaðarins (Research Institute of Fisheries),science_agency,,,,,,,,gap: no matching rows in this year
Iceland,2000,Fiskirannsóknastofnun / Rannsóknastofnun fiskiðnaðarins (Research Institute of Fisheries),science_agency,252500000.0,krona,ISK,line_item,General operations,2000 0455.pdf,83,Validated against original Iceland budget files; separate fisheries research institute before later restructuring.
Iceland,2001,Fiskirannsóknastofnun / Rannsóknastofnun fiskiðnaðarins (Research Institute of Fisheries),science_agency,10000000.0,krona,ISK,line_item,The Research Institute of Fisheries is granted 10 million ISK to strengthen its capacity to work on independent research projects and increase specialization in each field.,2001 0489.pdf,276,Validated against original Iceland budget files; separate fisheries research institute before later restructuring.
Iceland,2002,Fiskirannsóknastofnun / Rannsóknastofnun fiskiðnaðarins (Research Institute of Fisheries),science_agency,,,,,,,,gap: no matching rows in this year
Iceland,2003,Fiskirannsóknastofnun / Rannsóknastofnun fiskiðnaðarins (Research Institute of Fisheries),science_agency,298900000.0,krona,ISK,line_item,General Operations,2003 0608.pdf,99,Validated against original Iceland budget files; separate fisheries research institute before later restructuring.
Iceland,2004,Fiskirannsóknastofnun / Rannsóknastofnun fiskiðnaðarins (Research Institute of Fisheries),science_agency,339900000.0,krona,ISK,line_item,General operations,2004 0588.pdf,79,Validated against original Iceland budget files; separate fisheries research institute before later restructuring.
Iceland,2005,Fiskirannsóknastofnun / Rannsóknastofnun fiskiðnaðarins (Research Institute of Fisheries),science_agency,372500000.0,krona,ISK,line_item,General Operations,2005 0536.pdf,78,Validated against original Iceland budget files; separate fisheries research institute before later restructuring.
Iceland,2006,Fiskirannsóknastofnun / Rannsóknastofnun fiskiðnaðarins (Research Institute of Fisheries),science_agency,427700000.0,krona,ISK,line_item,1.01 Research Institute of Fisheries,2006 0540.pdf,74,Validated against original Iceland budget files; separate fisheries research institute before later restructuring.
Iceland,1975,Hafrannsóknastofnun (Marine Research Institute),science_agency,301288000.0,krona,ISK,program_total,Gjöld samtals,1975 0246.pdf,42,Under fisheries ministry (code 05-). Include research vessel and monitoring lines.
Iceland,1976,Hafrannsóknastofnun (Marine Research Institute),science_agency,49395000.0,krona,ISK,program_total,Gjöld samtals,1976 0292.pdf,44,Under fisheries ministry (code 05-). Include research vessel and monitoring lines.
Iceland,1977,Hafrannsóknastofnun (Marine Research Institute),science_agency,321780000.0,krona,ISK,program_total,Gjöld samtals,1977 0282.pdf,44,Under fisheries ministry (code 05-). Include research vessel and monitoring lines.
Iceland,1978,Hafrannsóknastofnun (Marine Research Institute),science_agency,,,,,,,,gap: no matching rows in this year
Iceland,1979,Hafrannsóknastofnun (Marine Research Institute),science_agency,,,,,,,,gap: no matching rows in this year
Iceland,1980,Hafrannsóknastofnun (Marine Research Institute),science_agency,,,,,,,,gap: no matching rows in this year
Iceland,1981,Hafrannsóknastofnun (Marine Research Institute),science_agency,,,,,,,,gap: no matching rows in this year
Iceland,1982,Hafrannsóknastofnun (Marine Research Institute),science_agency,3695900.0,unit,ISK,program_total,Total expenses,1982 0271.pdf,46,Under fisheries ministry (code 05-). Include research vessel and monitoring lines.
Iceland,1983,Hafrannsóknastofnun (Marine Research Institute),science_agency,61686.0,krona,ISK,program_total,Gjöld samtals,1983 0247.pdf,48,Under fisheries ministry (code 05-). Include research vessel and monitoring lines.
Iceland,1984,Hafrannsóknastofnun (Marine Research Institute),science_agency,93182000.0,krona,ISK,program_total,Gjöld samtals,1984 0305.pdf,48,Under fisheries ministry (code 05-). Include research vessel and monitoring lines.
Iceland,1985,Hafrannsóknastofnun (Marine Research Institute),science_agency,115440000.0,krona,ISK,line_item,"Marine Research Institute. State contribution increases from 91,027 thousand ISK in the 1984 budget to 115,440 thousand ISK.",1985 0001.pdf,237,Under fisheries ministry (code 05-). Include research vessel and monitoring lines.
Iceland,1986,Hafrannsóknastofnun (Marine Research Institute),science_agency,22467000.0,krona,ISK,line_item,Research field,1986 0430.pdf,74,Under fisheries ministry (code 05-). Include research vessel and monitoring lines.
Iceland,1987,Hafrannsóknastofnun (Marine Research Institute),science_agency,,,,,,,,gap: no matching rows in this year
Iceland,1988,Hafrannsóknastofnun (Marine Research Institute),science_agency,,,,,,,,gap: no matching rows in this year
Iceland,1989,Hafrannsóknastofnun (Marine Research Institute),science_agency,330600000.0,krona,ISK,line_item,General operations,1989 0430.pdf,85,Under fisheries ministry (code 05-). Include research vessel and monitoring lines.
Iceland,1990,Hafrannsóknastofnun (Marine Research Institute),science_agency,1610000000.0,krona,ISK,line_item,Research,1990 0496.pdf,215,Under fisheries ministry (code 05-). Include research vessel and monitoring lines.
Iceland,1991,Hafrannsóknastofnun (Marine Research Institute),science_agency,444500000.0,krona,ISK,program_total,General operations,1991 0478.pdf,92,Under fisheries ministry (code 05-). Include research vessel and monitoring lines.
Iceland,1992,Hafrannsóknastofnun (Marine Research Institute),science_agency,,,,,,,,gap: no matching rows in this year
Iceland,1993,Hafrannsóknastofnun (Marine Research Institute),science_agency,,,,,,,,gap: no matching rows in this year
Iceland,1994,Hafrannsóknastofnun (Marine Research Institute),science_agency,,,,,,,,gap: no matching rows in this year
Iceland,1995,Hafrannsóknastofnun (Marine Research Institute),science_agency,634500000.0,krona,ISK,line_item,Research projects,1995 0503.pdf,88,Under fisheries ministry (code 05-). Include research vessel and monitoring lines.
Iceland,1996,Hafrannsóknastofnun (Marine Research Institute),science_agency,2000000000.0,krona,ISK,line_item,Research,1996 0500.pdf,188,Under fisheries ministry (code 05-). Include research vessel and monitoring lines.
Iceland,1997,Hafrannsóknastofnun (Marine Research Institute),science_agency,,,,,,,,gap: no matching rows in this year
Iceland,1998,Hafrannsóknastofnun (Marine Research Institute),science_agency,409800000.0,krona,ISK,line_item,General operations,1998 0706.pdf,82,Under fisheries ministry (code 05-). Include research vessel and monitoring lines.
Iceland,1999,Hafrannsóknastofnun (Marine Research Institute),science_agency,908200000.0,krona,ISK,program_total,Almennur rekstur samtals,1999 0631.pdf,81,Under fisheries ministry (code 05-). Include research vessel and monitoring lines.
Iceland,2000,Hafrannsóknastofnun (Marine Research Institute),science_agency,978200000.0,krona,ISK,line_item,Total general operations,2000 0455.pdf,82,Under fisheries ministry (code 05-). Include research vessel and monitoring lines.
Iceland,2001,Hafrannsóknastofnun (Marine Research Institute),science_agency,346700000.0,krona,ISK,line_item,Research Vessel,2001 0489.pdf,87,Under fisheries ministry (code 05-). Include research vessel and monitoring lines.
Iceland,2002,Hafrannsóknastofnun (Marine Research Institute),science_agency,376800000.0,krona,ISK,line_item,Research vessels,2002 0516.pdf,86,Under fisheries ministry (code 05-). Include research vessel and monitoring lines.
Iceland,2003,Hafrannsóknastofnun (Marine Research Institute),science_agency,1203800000.0,krona,ISK,program_total,Total Expenditures,2003 0608.pdf,99,Under fisheries ministry (code 05-). Include research vessel and monitoring lines.
Iceland,2004,Hafrannsóknastofnun (Marine Research Institute),science_agency,387600000.0,krona,ISK,line_item,Research vessel,2004 0588.pdf,79,Under fisheries ministry (code 05-). Include research vessel and monitoring lines.
Iceland,2005,Hafrannsóknastofnun (Marine Research Institute),science_agency,491800000.0,krona,ISK,line_item,Research Vessel,2005 0536.pdf,78,Under fisheries ministry (code 05-). Include research vessel and monitoring lines.
Iceland,2006,Hafrannsóknastofnun (Marine Research Institute),science_agency,1592800000.0,krona,ISK,line_item,1.01 Marine Research Institute,2006 0540.pdf,73,Under fisheries ministry (code 05-). Include research vessel and monitoring lines.
Iceland,2007,Hafrannsóknastofnun (Marine Research Institute),science_agency,1711000000.0,krona,ISK,program_total,General operations,2007 0550.pdf,71,Under fisheries ministry (code 05-). Include research vessel and monitoring lines.
Iceland,2008,Hafrannsóknastofnun (Marine Research Institute),science_agency,1930200000.0,krona,ISK,line_item,Marine Research Institute,2008 0507.pdf,65,Under fisheries ministry (code 05-). Include research vessel and monitoring lines.
Iceland,2009,Hafrannsóknastofnun (Marine Research Institute),science_agency,2111900000.0,krona,ISK,line_item,General operations: Marine Research Institute,2009 0481.pdf,64,Under fisheries ministry (code 05-). Include research vessel and monitoring lines.
Iceland,2010,Hafrannsóknastofnun (Marine Research Institute),science_agency,1989900000.0,krona,ISK,line_item,Marine Research Institute,2010 0594.pdf,63,Under fisheries ministry (code 05-). Include research vessel and monitoring lines.
Iceland,2011,Hafrannsóknastofnun (Marine Research Institute),science_agency,2112100000.0,krona,ISK,line_item,Marine Research Institute,2011 0556.pdf,64,Under fisheries ministry (code 05-). Include research vessel and monitoring lines.
Iceland,2012,Hafrannsóknastofnun (Marine Research Institute),science_agency,2253600000.0,krona,ISK,line_item,Marine Research Institute,2012 0493.pdf,63,Under fisheries ministry (code 05-). Include research vessel and monitoring lines.
Iceland,2013,Hafrannsóknastofnun (Marine Research Institute),science_agency,2640000000.0,krona,ISK,line_item,Marine Research Institute,2013 0801.pdf,63,Under fisheries ministry (code 05-). Include research vessel and monitoring lines.
Iceland,2014,Hafrannsóknastofnun (Marine Research Institute),science_agency,2709600000.0,krona,ISK,line_item,Hafrannsóknastofnunin,2014 0497.pdf,61,Under fisheries ministry (code 05-). Include research vessel and monitoring lines.
Iceland,2015,Hafrannsóknastofnun (Marine Research Institute),science_agency,3087100000.0,krona,ISK,line_item,Hafrannsóknastofnunin,2015 0801.pdf,61,Under fisheries ministry (code 05-). Include research vessel and monitoring lines.
Iceland,2016,Hafrannsóknastofnun (Marine Research Institute),science_agency,3418600000.0,krona,ISK,verified_override,Verified against original Iceland budget file,2016 0703.pdf,4037,gap: no matching rows in this year; manual override from original Iceland budget file
Iceland,2017,Hafrannsóknastofnun (Marine Research Institute),science_agency,,,,,,,,gap: no matching rows in this year
Iceland,2018,Hafrannsóknastofnun (Marine Research Institute),science_agency,,,,,,,,gap: no matching rows in this year
Iceland,2019,Hafrannsóknastofnun (Marine Research Institute),science_agency,4116100000.0,krona,ISK,line_item,Total expenditure,2019 s0632-f_I.pdf,81,Under fisheries ministry (code 05-). Include research vessel and monitoring lines.
Iceland,2020,Hafrannsóknastofnun (Marine Research Institute),science_agency,4151600000.0,krona,ISK,program_total,Total expenditure,2020 s0561-f_I.pdf,120,Under fisheries ministry (code 05-). Include research vessel and monitoring lines.
Iceland,2021,Hafrannsóknastofnun (Marine Research Institute),science_agency,4379600000.0,krona,ISK,line_item,Marine Research Institute,2021 s0726-f_I.pdf,120,Under fisheries ministry (code 05-). Include research vessel and monitoring lines.
Iceland,2022,Hafrannsóknastofnun (Marine Research Institute),science_agency,4482700000.0,krona,ISK,line_item,Marine Research Institute,2022 s0286-f_I.pdf,27,Under fisheries ministry (code 05-). Include research vessel and monitoring lines.
Iceland,2023,Hafrannsóknastofnun (Marine Research Institute),science_agency,4216300000.0,krona,ISK,line_item,"Operating fund, million kr.",2023 s0881-f_I.pdf,25,Under fisheries ministry (code 05-). Include research vessel and monitoring lines.
Iceland,2024,Hafrannsóknastofnun (Marine Research Institute),science_agency,5123900000.0,krona,ISK,program_total,Total budget,2024 s0854-f_I.pdf,25,Under fisheries ministry (code 05-). Include research vessel and monitoring lines.
Iceland,2025,Hafrannsóknastofnun (Marine Research Institute),science_agency,5417500000.0,krona,ISK,line_item,Marine Research Institute,2025 s0411-f_I.pdf,23,Under fisheries ministry (code 05-). Include research vessel and monitoring lines.
Iceland,1975,Háskóli Íslands (University of Iceland),higher_education,,,,,,,,gap: no matching rows in this year
Iceland,1976,Háskóli Íslands (University of Iceland),higher_education,691265000.0,krona,ISK,program_total,Total expenditures,1976 0292.pdf,11,
Iceland,1977,Háskóli Íslands (University of Iceland),higher_education,1261593000.0,krona,ISK,program_total,Total expenditures,1977 0282.pdf,11,
Iceland,1978,Háskóli Íslands (University of Iceland),higher_education,388000000.0,krona,ISK,line_item,For construction and equipment purchases,1978 0300.pdf,11,
Iceland,1979,Háskóli Íslands (University of Iceland),higher_education,336166000.0,krona,ISK,line_item,Salaries,1979 0313.pdf,69,
Iceland,1980,Háskóli Íslands (University of Iceland),higher_education,5143777000.0,krona,ISK,program_total,Total expenses,1980 0288.pdf,11,
Iceland,1981,Háskóli Íslands (University of Iceland),higher_education,48263900.0,unit,ISK,line_item,Salaries,1981 0382.pdf,11,
Iceland,1982,Háskóli Íslands (University of Iceland),higher_education,72500800.0,unit,ISK,line_item,Salaries,1982 0271.pdf,11,
Iceland,1983,Háskóli Íslands (University of Iceland),higher_education,36098000.0,krona,ISK,program_total,Total expenditures,1983 0247.pdf,11,
Iceland,1984,Háskóli Íslands (University of Iceland),higher_education,302437000.0,krona,ISK,program_total,Total expenditures,1984 0305.pdf,11,
Iceland,1985,Háskóli Íslands (University of Iceland),higher_education,278236000.0,krona,ISK,line_item,"Operating appropriation to the University of Iceland increases by 29,476 thousand ISK and will be 278,236 thousand ISK.",1985 0001.pdf,215,
Iceland,1986,Háskóli Íslands (University of Iceland),higher_education,630482000.0,krona,ISK,program_total,General operations,1986 0430.pdf,14,
Iceland,1987,Háskóli Íslands (University of Iceland),higher_education,46044000.0,krona,ISK,program_total,Research in women's studies,1987 0499.pdf,15,
Iceland,1988,Háskóli Íslands (University of Iceland),higher_education,321381000.0,krona,ISK,section_total,Total,1988 0434.pdf,80,
Iceland,1989,Háskóli Íslands (University of Iceland),higher_education,913150000.0,krona,ISK,line_item,University of Iceland,1989 0430.pdf,171,
Iceland,1990,Háskóli Íslands (University of Iceland),higher_education,886440000.0,krona,ISK,line_item,Materials and goods for resale,1990 0496.pdf,188,
Iceland,1991,Háskóli Íslands (University of Iceland),higher_education,18390000.0,krona,ISK,line_item,Research Department of Fish Diseases,1991 0478.pdf,19,
Iceland,1992,Háskóli Íslands (University of Iceland),higher_education,2001800000.0,krona,ISK,program_total,Research Activities,1992 0374.pdf,19,
Iceland,1993,Háskóli Íslands (University of Iceland),higher_education,2781000000.0,krona,ISK,program_total,Universities and Research,1993 0546.pdf,6,
Iceland,1994,Háskóli Íslands (University of Iceland),higher_education,1909200000.0,krona,ISK,program_total,Total expenses,1994 0488.pdf,19,
Iceland,1995,Háskóli Íslands (University of Iceland),higher_education,2001500000.0,krona,ISK,program_total,Research activities,1995 0503.pdf,20,
Iceland,1996,Háskóli Íslands (University of Iceland),higher_education,20000000.0,krona,ISK,verified_override,Verified against original Iceland budget file,1996 0500.pdf,7037,manual override from original Iceland budget file
Iceland,1997,Háskóli Íslands (University of Iceland),higher_education,178100000.0,krona,ISK,program_total,Research laboratories,1997 0509.pdf,21,
Iceland,1998,Háskóli Íslands (University of Iceland),higher_education,1480400000.0,krona,ISK,line_item,Teaching and science departments,1998 0706.pdf,29,
Iceland,1999,Háskóli Íslands (University of Iceland),higher_education,1570500000.0,krona,ISK,line_item,Teaching and science departments,1999 0631.pdf,28,
Iceland,2000,Háskóli Íslands (University of Iceland),higher_education,1064700000.0,krona,ISK,line_item,Contribution to research and other projects,2000 0455.pdf,255,
Iceland,2001,Háskóli Íslands (University of Iceland),higher_education,1989700000.0,krona,ISK,line_item,Research and Development Projects,2001 0489.pdf,32,
Iceland,2002,Háskóli Íslands (University of Iceland),higher_education,2153300000.0,krona,ISK,line_item,Research and Development Projects,2002 0516.pdf,31,
Iceland,2003,Háskóli Íslands (University of Iceland),higher_education,1074000000.0,krona,ISK,line_item,Contribution from the Lottery of the University of Iceland to the University of Iceland,2003 0608.pdf,252,
Iceland,2004,Háskóli Íslands (University of Iceland),higher_education,2549200000.0,krona,ISK,program_total,Research and other projects,2004 0588.pdf,28,
Iceland,2005,Háskóli Íslands (University of Iceland),higher_education,2639200000.0,krona,ISK,program_total,Research and other projects,2005 0536.pdf,28,
Iceland,2006,Háskóli Íslands (University of Iceland),higher_education,6470100000.0,krona,ISK,program_total,University of Iceland,2006 0540.pdf,29,
Iceland,2007,Háskóli Íslands (University of Iceland),higher_education,500000000.0,krona,ISK,line_item,Contribution from the Lottery of the University of Iceland to the University of Iceland,2007 0550.pdf,28,
Iceland,2008,Háskóli Íslands (University of Iceland),higher_education,258500000.0,krona,ISK,line_item,Basic research in natural sciences,2008 0507.pdf,201,
Iceland,2009,Háskóli Íslands (University of Iceland),higher_education,859600000.0,krona,ISK,line_item,General operations,2009 0481.pdf,28,
Iceland,2010,Háskóli Íslands (University of Iceland),higher_education,567400000.0,krona,ISK,line_item,Basic research in humanities,2010 0594.pdf,189,
Iceland,2011,Háskóli Íslands (University of Iceland),higher_education,12740100000.0,krona,ISK,line_item,University of Iceland,2011 0556.pdf,25,
Iceland,2012,Háskóli Íslands (University of Iceland),higher_education,745000000.0,krona,ISK,line_item,"Tuition fees, University of Iceland",2012 0493.pdf,180,
Iceland,2013,Háskóli Íslands (University of Iceland),higher_education,24200000.0,krona,ISK,line_item,"Tuition fees, Agricultural University of Iceland",2013 0801.pdf,180,
Iceland,2014,Háskóli Íslands (University of Iceland),higher_education,145800000.0,krona,ISK,line_item,Research,2014 0497.pdf,101,
Iceland,2015,Háskóli Íslands (University of Iceland),higher_education,16378100000.0,krona,ISK,line_item,University of Iceland,2015 0801.pdf,26,
Iceland,2016,Háskóli Íslands (University of Iceland),higher_education,18129500000.0,krona,ISK,verified_override,Verified against original Iceland budget file,2016 0703.pdf,1681,manual override from original Iceland budget file
Iceland,2017,Háskóli Íslands (University of Iceland),higher_education,,,,,,,,gap: no matching rows in this year
Iceland,2018,Háskóli Íslands (University of Iceland),higher_education,,,,,,,,gap: no matching rows in this year
Iceland,2019,Háskóli Íslands (University of Iceland),higher_education,22829500000.0,krona,ISK,line_item,Research Activities at the University Level,2019 s0632-f_I.pdf,95,
Iceland,2020,Háskóli Íslands (University of Iceland),higher_education,22020800000.0,krona,ISK,verified_override,Verified against original Iceland budget file,2020 s0561-f_I.pdf,8276,manual override from original Iceland budget file
Iceland,2021,Háskóli Íslands (University of Iceland),higher_education,26224000000.0,krona,ISK,line_item,University of Iceland,2021 s0726-f_I.pdf,95,
Iceland,2022,Háskóli Íslands (University of Iceland),higher_education,50725100.0,krona,ISK,program_total,Universities and research activities,2022 0286.pdf,9,
Iceland,2023,Háskóli Íslands (University of Iceland),higher_education,32229700000.0,krona,ISK,line_item,University of Iceland,2023 s0881-f_I.pdf,35,
Iceland,2024,Háskóli Íslands (University of Iceland),higher_education,32407300000.0,krona,ISK,line_item,University of Iceland,2024 s0854-f_I.pdf,76,
Iceland,2025,Háskóli Íslands (University of Iceland),higher_education,39340200000.0,krona,ISK,line_item,University of Iceland,2025 s0411-f_I.pdf,73,
Iceland,1987,Háskólinn á Akureyri (University of Akureyri),higher_education,,,,,,,,gap: no matching rows in this year
Iceland,1988,Háskólinn á Akureyri (University of Akureyri),higher_education,,,,,,,,gap: no matching rows in this year
Iceland,1989,Háskólinn á Akureyri (University of Akureyri),higher_education,,,,,,,,gap: no matching rows in this year
Iceland,1990,Háskólinn á Akureyri (University of Akureyri),higher_education,383500000.0,krona,ISK,line_item,Research,1990 0496.pdf,212,
Iceland,1991,Háskólinn á Akureyri (University of Akureyri),higher_education,,,,,,,,gap: no matching rows in this year
Iceland,1992,Háskólinn á Akureyri (University of Akureyri),higher_education,,,,,,,,gap: no matching rows in this year
Iceland,1993,Háskólinn á Akureyri (University of Akureyri),higher_education,,,,,,,,gap: no matching rows in this year
Iceland,1994,Háskólinn á Akureyri (University of Akureyri),higher_education,,,,,,,,gap: no matching rows in this year
Iceland,1995,Háskólinn á Akureyri (University of Akureyri),higher_education,191700000.0,krona,ISK,program_total,Research activities,1995 0503.pdf,24,
Iceland,1996,Háskólinn á Akureyri (University of Akureyri),higher_education,210300000.0,krona,ISK,program_total,Total appropriations,1996 0500.pdf,23,
Iceland,1997,Háskólinn á Akureyri (University of Akureyri),higher_education,13800000.0,krona,ISK,program_total,Research activities,1997 0509.pdf,23,
Iceland,1998,Háskólinn á Akureyri (University of Akureyri),higher_education,,,,,,,,gap: no matching rows in this year
Iceland,1999,Háskólinn á Akureyri (University of Akureyri),higher_education,,,,,,,,gap: no matching rows in this year
Iceland,2000,Háskólinn á Akureyri (University of Akureyri),higher_education,18000000.0,krona,ISK,line_item,Contribution to research,2000 0455.pdf,255,
Iceland,2001,Háskólinn á Akureyri (University of Akureyri),higher_education,30600000.0,krona,ISK,line_item,Research Activities,2001 0489.pdf,36,
Iceland,2002,Háskólinn á Akureyri (University of Akureyri),higher_education,107300000.0,krona,ISK,line_item,Research Activities,2002 0516.pdf,35,
Iceland,2003,Háskólinn á Akureyri (University of Akureyri),higher_education,25800000.0,krona,ISK,section_total,Fund movements,2003 0608.pdf,252,
Iceland,2004,Háskólinn á Akureyri (University of Akureyri),higher_education,218800000.0,krona,ISK,program_total,Research and other projects,2004 0588.pdf,32,
Iceland,2005,Háskólinn á Akureyri (University of Akureyri),higher_education,281100000.0,krona,ISK,program_total,Research and other projects,2005 0536.pdf,31,
Iceland,2006,Háskólinn á Akureyri (University of Akureyri),higher_education,,,,,,,,gap: no matching rows in this year
Iceland,2007,Háskólinn á Akureyri (University of Akureyri),higher_education,59700000.0,krona,ISK,line_item,"Tuition fees, University of Akureyri",2007 0550.pdf,215,
Iceland,2008,Háskólinn á Akureyri (University of Akureyri),higher_education,19000000.0,krona,ISK,line_item,Research,2008 0507.pdf,164,
Iceland,2009,Háskólinn á Akureyri (University of Akureyri),higher_education,15900000.0,krona,ISK,line_item,Research on benthic animals in Icelandic waters,2009 0481.pdf,160,
Iceland,2010,Háskólinn á Akureyri (University of Akureyri),higher_education,1710500000.0,krona,ISK,line_item,University of Akureyri,2010 0594.pdf,28,
Iceland,2011,Háskólinn á Akureyri (University of Akureyri),higher_education,63400000.0,krona,ISK,line_item,"Tuition fees, University of Akureyri",2011 0556.pdf,193,
Iceland,2012,Háskólinn á Akureyri (University of Akureyri),higher_education,85900000.0,krona,ISK,line_item,"Tuition fees, University of Akureyri",2012 0493.pdf,180,
Iceland,2013,Háskólinn á Akureyri (University of Akureyri),higher_education,87400000.0,krona,ISK,line_item,"Tuition fees, University of Akureyri",2013 0801.pdf,180,
Iceland,2014,Háskólinn á Akureyri (University of Akureyri),higher_education,,,,,,,,gap: no matching rows in this year
Iceland,2015,Háskólinn á Akureyri (University of Akureyri),higher_education,1197300.0,krona,ISK,line_item,"Research, development, and innovation in agricultural matters",2015 0801.pdf,160,
Iceland,2016,Háskólinn á Akureyri (University of Akureyri),higher_education,1085100.0,krona,ISK,program_total,"Research, development, and innovation in agricultural matters",2016 0703.pdf,156,
Iceland,2017,Háskólinn á Akureyri (University of Akureyri),higher_education,,,,,,,,gap: no matching rows in this year
Iceland,2018,Háskólinn á Akureyri (University of Akureyri),higher_education,,,,,,,,gap: no matching rows in this year
Iceland,2019,Háskólinn á Akureyri (University of Akureyri),higher_education,2910200000.0,krona,ISK,line_item,Operating Appropriations,2019 s0632-f_I.pdf,42,
Iceland,2020,Háskólinn á Akureyri (University of Akureyri),higher_education,3378200000.0,krona,ISK,section_total,Total expenditure,2020 s0561-f_I.pdf,43,
Iceland,2021,Háskólinn á Akureyri (University of Akureyri),higher_education,3724300000.0,krona,ISK,line_item,University of Akureyri,2021 s0726-f_I.pdf,96,
Iceland,2022,Háskólinn á Akureyri (University of Akureyri),higher_education,4091900000.0,krona,ISK,line_item,University of Akureyri,2022 s0286-f_I.pdf,85,
Iceland,2023,Háskólinn á Akureyri (University of Akureyri),higher_education,50000000.0,krona,ISK,line_item,Research projects,2023 s0881-f_I.pdf,54,
Iceland,2024,Háskólinn á Akureyri (University of Akureyri),higher_education,4301500000.0,krona,ISK,line_item,University of Akureyri,2024 s0854-f_I.pdf,77,
Iceland,2025,Háskólinn á Akureyri (University of Akureyri),higher_education,5673900000.0,krona,ISK,line_item,Operating appropriations,2025 s0411-f_I.pdf,33,
Iceland,2021,Háskólinn á Bifröst (University of Bifröst),higher_education,504000000.0,krona,ISK,program_total,University of Bifröst,2021 s0726-f_I.pdf,142,Validated against original Iceland budget files.
Iceland,2022,Háskólinn á Bifröst (University of Bifröst),higher_education,684500000.0,krona,ISK,line_item,University of Bifröst,2022 s0286-f_I.pdf,85,Validated against original Iceland budget files.
Iceland,2023,Háskólinn á Bifröst (University of Bifröst),higher_education,685000000.0,krona,ISK,line_item,University of Bifröst,2023 s0881-f_I.pdf,113,Validated against original Iceland budget files.
Iceland,2024,Háskólinn á Bifröst (University of Bifröst),higher_education,750000000.0,krona,ISK,line_item,University of Bifröst,2024 s0854-f_I.pdf,117,Validated against original Iceland budget files.
Iceland,2025,Háskólinn á Bifröst (University of Bifröst),higher_education,750000000.0,krona,ISK,line_item,Service agreement with the University of Bifröst,2025 s0411-f_I.pdf,120,Validated against original Iceland budget files.
Iceland,2004,Háskólinn í Reykjavík (Reykjavik University),higher_education,550800000.0,krona,ISK,program_total,Research and other projects,2004 0588.pdf,32,Validated against original Iceland budget files.
Iceland,2005,Háskólinn í Reykjavík (Reykjavik University),higher_education,52200000.0,krona,ISK,line_item,Research and other projects,2005 0536.pdf,33,Validated against original Iceland budget files.
Iceland,2006,Háskólinn í Reykjavík (Reykjavik University),higher_education,,,,,,,,gap: no matching rows in this year
Iceland,2007,Háskólinn í Reykjavík (Reykjavik University),higher_education,,,,,,,,gap: no matching rows in this year
Iceland,2008,Háskólinn í Reykjavík (Reykjavik University),higher_education,,,,,,,,gap: no matching rows in this year
Iceland,2009,Háskólinn í Reykjavík (Reykjavik University),higher_education,,,,,,,,gap: no matching rows in this year
Iceland,2010,Háskólinn í Reykjavík (Reykjavik University),higher_education,,,,,,,,gap: no matching rows in this year
Iceland,2011,Háskólinn í Reykjavík (Reykjavik University),higher_education,,,,,,,,gap: no matching rows in this year
Iceland,2012,Háskólinn í Reykjavík (Reykjavik University),higher_education,,,,,,,,gap: no matching rows in this year
Iceland,2013,Háskólinn í Reykjavík (Reykjavik University),higher_education,,,,,,,,gap: no matching rows in this year
Iceland,2014,Háskólinn í Reykjavík (Reykjavik University),higher_education,,,,,,,,gap: no matching rows in this year
Iceland,2015,Háskólinn í Reykjavík (Reykjavik University),higher_education,,,,,,,,gap: no matching rows in this year
Iceland,2016,Háskólinn í Reykjavík (Reykjavik University),higher_education,,,,,,,,gap: no matching rows in this year
Iceland,2017,Háskólinn í Reykjavík (Reykjavik University),higher_education,,,,,,,,gap: no matching rows in this year
Iceland,2018,Háskólinn í Reykjavík (Reykjavik University),higher_education,,,,,,,,gap: no matching rows in this year
Iceland,2019,Háskólinn í Reykjavík (Reykjavik University),higher_education,,,,,,,,gap: no matching rows in this year
Iceland,2020,Háskólinn í Reykjavík (Reykjavik University),higher_education,3659900000.0,krona,ISK,verified_override,Verified against original Iceland budget file,2020 s0561-f_I.pdf,8487,gap: no matching rows in this year; manual override from original Iceland budget file
Iceland,2021,Háskólinn í Reykjavík (Reykjavik University),higher_education,3666000000.0,krona,ISK,line_item,University of Reykjavik,2021 s0726-f_I.pdf,142,Validated against original Iceland budget files.
Iceland,2022,Háskólinn í Reykjavík (Reykjavik University),higher_education,4507200000.0,krona,ISK,line_item,Reykjavik University,2022 s0286-f_I.pdf,85,Validated against original Iceland budget files.
Iceland,2023,Háskólinn í Reykjavík (Reykjavik University),higher_education,4507000000.0,krona,ISK,line_item,University of Reykjavík,2023 s0881-f_I.pdf,113,Validated against original Iceland budget files.
Iceland,2024,Háskólinn í Reykjavík (Reykjavik University),higher_education,5101800.0,krona,ISK,line_item,Contribution from the state treasury,2024 s0854-f_I.pdf,115,Validated against original Iceland budget files.
Iceland,2013,Landbúnaðarháskóli Íslands (Agricultural University of Iceland),higher_education,24200000.0,krona,ISK,line_item,"Tuition fees, Agricultural University of Iceland",2013 0801.pdf,180,Validated against original Iceland budget files.
Iceland,2014,Landbúnaðarháskóli Íslands (Agricultural University of Iceland),higher_education,,,,,,,,gap: no matching rows in this year
Iceland,2015,Landbúnaðarháskóli Íslands (Agricultural University of Iceland),higher_education,1267300000.0,krona,ISK,program_total,"Research, development, and innovation in agricultural matters",2015 0801.pdf,28,Validated against original Iceland budget files.
Iceland,2016,Landbúnaðarháskóli Íslands (Agricultural University of Iceland),higher_education,1396500000.0,krona,ISK,verified_override,Verified against original Iceland budget file,2016 0703.pdf,1787,gap: no matching rows in this year; manual override from original Iceland budget file
Iceland,2017,Landbúnaðarháskóli Íslands (Agricultural University of Iceland),higher_education,,,,,,,,gap: no matching rows in this year
Iceland,2018,Landbúnaðarháskóli Íslands (Agricultural University of Iceland),higher_education,,,,,,,,gap: no matching rows in this year
Iceland,2019,Landbúnaðarháskóli Íslands (Agricultural University of Iceland),higher_education,1630100000.0,krona,ISK,line_item,Operating Appropriations,2019 s0632-f_I.pdf,42,Validated against original Iceland budget files.
Iceland,2020,Landbúnaðarháskóli Íslands (Agricultural University of Iceland),higher_education,1588200000.0,krona,ISK,verified_override,Verified against original Iceland budget file,2020 s0561-f_I.pdf,8423,Validated against original Iceland budget files.; manual override from original Iceland budget file
Iceland,2021,Landbúnaðarháskóli Íslands (Agricultural University of Iceland),higher_education,,,,,,,,gap: no matching rows in this year
Iceland,2022,Landbúnaðarháskóli Íslands (Agricultural University of Iceland),higher_education,2283400000.0,krona,ISK,line_item,Agricultural University of Iceland,2022 s0286-f_I.pdf,85,Validated against original Iceland budget files.
Iceland,2023,Landbúnaðarháskóli Íslands (Agricultural University of Iceland),higher_education,,,,,,,,gap: no matching rows in this year
Iceland,2024,Landbúnaðarháskóli Íslands (Agricultural University of Iceland),higher_education,2065900000.0,krona,ISK,line_item,Agricultural University of Iceland,2024 s0854-f_I.pdf,77,Validated against original Iceland budget files.
Iceland,2025,Landbúnaðarháskóli Íslands (Agricultural University of Iceland),higher_education,,,,,,,,gap: no matching rows in this year
Iceland,2019,Náttúrufræðistofnun Íslands (Icelandic Institute of Natural History),science_agency,676300000.0,krona,ISK,line_item,Operating Appropriations,2019 s0632-f_I.pdf,32,Validated against original Iceland budget files.
Iceland,2020,Náttúrufræðistofnun Íslands (Icelandic Institute of Natural History),science_agency,742100000.0,krona,ISK,line_item,Natural History Institute of Iceland,2020 s0561-f_I.pdf,32,Validated against original Iceland budget files.
Iceland,2021,Náttúrufræðistofnun Íslands (Icelandic Institute of Natural History),science_agency,790700000.0,krona,ISK,line_item,Natural History Institute of Iceland,2021 s0726-f_I.pdf,85,Validated against original Iceland budget files.
Iceland,2022,Náttúrufræðistofnun Íslands (Icelandic Institute of Natural History),science_agency,864100000.0,krona,ISK,line_item,Research on Iceland's nature,2022 s0286-f_I.pdf,74,Validated against original Iceland budget files.
Iceland,2023,Náttúrufræðistofnun Íslands (Icelandic Institute of Natural History),science_agency,904500000.0,krona,ISK,line_item,Icelandic Institute of Natural History,2023 s0881-f_I.pdf,27,Validated against original Iceland budget files.
Iceland,2024,Náttúrufræðistofnun Íslands (Icelandic Institute of Natural History),science_agency,940900000.0,krona,ISK,line_item,Náttúrufræðistofnun Íslands,2024 s0854-f_I.pdf,68,Validated against original Iceland budget files.
Iceland,2011,Nýsköpunarmiðstöð Íslands (Innovation Centre of Iceland),science_agency,1135600000.0,krona,ISK,verified_override,Verified against original Iceland budget file,2011 0556.pdf,9152,Validated against original Iceland budget files.; manual override from original Iceland budget file
Iceland,2012,Nýsköpunarmiðstöð Íslands (Innovation Centre of Iceland),science_agency,1194000000.0,krona,ISK,program_total,Innovation Center of Iceland,2012 0493.pdf,139,Validated against original Iceland budget files.
Iceland,2013,Nýsköpunarmiðstöð Íslands (Innovation Centre of Iceland),science_agency,1256200000.0,krona,ISK,line_item,Icelandic Innovation Centre,2013 0801.pdf,66,Validated against original Iceland budget files.
Iceland,2014,Nýsköpunarmiðstöð Íslands (Innovation Centre of Iceland),science_agency,1283400000.0,krona,ISK,line_item,Innovation Centre of Iceland,2014 0497.pdf,64,Validated against original Iceland budget files.
Iceland,2015,Nýsköpunarmiðstöð Íslands (Innovation Centre of Iceland),science_agency,1000000.0,krona,ISK,program_total,Total expenditure,2015 0801.pdf,65,Validated against original Iceland budget files.
Iceland,2016,Nýsköpunarmiðstöð Íslands (Innovation Centre of Iceland),science_agency,1000000.0,krona,ISK,line_item,Innovation Centre of Iceland,2016 0703.pdf,64,Validated against original Iceland budget files.
Iceland,2017,Nýsköpunarmiðstöð Íslands (Innovation Centre of Iceland),science_agency,,,,,,,,gap: no matching rows in this year
Iceland,2018,Nýsköpunarmiðstöð Íslands (Innovation Centre of Iceland),science_agency,,,,,,,,gap: no matching rows in this year
Iceland,2019,Nýsköpunarmiðstöð Íslands (Innovation Centre of Iceland),science_agency,1377500000.0,krona,ISK,program_total,Total expenditure,2019 s0632-f_I.pdf,119,Validated against original Iceland budget files.
Iceland,2020,Nýsköpunarmiðstöð Íslands (Innovation Centre of Iceland),science_agency,1420600000.0,krona,ISK,program_total,Total expenditure,2020 s0561-f_I.pdf,120,Validated against original Iceland budget files.
Iceland,1975,Orkustofnun / ÍSOR (Energy and Geothermal Research),science_agency,,,,,,,,gap: no matching rows in this year
Iceland,1976,Orkustofnun / ÍSOR (Energy and Geothermal Research),science_agency,,,,,,,,gap: no matching rows in this year
Iceland,1977,Orkustofnun / ÍSOR (Energy and Geothermal Research),science_agency,164500000.0,krona,ISK,program_total,Total expenditures,1977 0282.pdf,46,Orkustofnun (code 11-301) under industry ministry. ÍSOR (Iceland GeoSurvey) spun off ~2003 for geothermal/geological research.
Iceland,1978,Orkustofnun / ÍSOR (Energy and Geothermal Research),science_agency,872519000.0,krona,ISK,program_total,Total expenditures,1978 0300.pdf,46,Orkustofnun (code 11-301) under industry ministry. ÍSOR (Iceland GeoSurvey) spun off ~2003 for geothermal/geological research.
Iceland,1979,Orkustofnun / ÍSOR (Energy and Geothermal Research),science_agency,1292524000.0,krona,ISK,line_item,Research on energy,1979 0313.pdf,44,Orkustofnun (code 11-301) under industry ministry. ÍSOR (Iceland GeoSurvey) spun off ~2003 for geothermal/geological research.
Iceland,1980,Orkustofnun / ÍSOR (Energy and Geothermal Research),science_agency,955667000.0,krona,ISK,line_item,Salaries,1980 0288.pdf,87,Orkustofnun (code 11-301) under industry ministry. ÍSOR (Iceland GeoSurvey) spun off ~2003 for geothermal/geological research.
Iceland,1981,Orkustofnun / ÍSOR (Energy and Geothermal Research),science_agency,,,,,,,,gap: no matching rows in this year
Iceland,1982,Orkustofnun / ÍSOR (Energy and Geothermal Research),science_agency,,,,,,,,gap: no matching rows in this year
Iceland,1983,Orkustofnun / ÍSOR (Energy and Geothermal Research),science_agency,,,,,,,,gap: no matching rows in this year
Iceland,1984,Orkustofnun / ÍSOR (Energy and Geothermal Research),science_agency,,,,,,,,gap: no matching rows in this year
Iceland,1985,Orkustofnun / ÍSOR (Energy and Geothermal Research),science_agency,125651000.0,krona,ISK,line_item,Energy Agency,1985 0001.pdf,135,Orkustofnun (code 11-301) under industry ministry. ÍSOR (Iceland GeoSurvey) spun off ~2003 for geothermal/geological research.
Iceland,1986,Orkustofnun / ÍSOR (Energy and Geothermal Research),science_agency,,,,,,,,gap: no matching rows in this year
Iceland,1987,Orkustofnun / ÍSOR (Energy and Geothermal Research),science_agency,,,,,,,,gap: no matching rows in this year
Iceland,1988,Orkustofnun / ÍSOR (Energy and Geothermal Research),science_agency,,,,,,,,gap: no matching rows in this year
Iceland,1989,Orkustofnun / ÍSOR (Energy and Geothermal Research),science_agency,264885000.0,krona,ISK,line_item,General operations,1989 0430.pdf,162,Orkustofnun (code 11-301) under industry ministry. ÍSOR (Iceland GeoSurvey) spun off ~2003 for geothermal/geological research.
Iceland,1990,Orkustofnun / ÍSOR (Energy and Geothermal Research),science_agency,612000000.0,krona,ISK,line_item,Research,1990 0496.pdf,216,Orkustofnun (code 11-301) under industry ministry. ÍSOR (Iceland GeoSurvey) spun off ~2003 for geothermal/geological research.
Iceland,1991,Orkustofnun / ÍSOR (Energy and Geothermal Research),science_agency,338240000.0,krona,ISK,section_total,General operations,1991 0478.pdf,202,Orkustofnun (code 11-301) under industry ministry. ÍSOR (Iceland GeoSurvey) spun off ~2003 for geothermal/geological research.
Iceland,1992,Orkustofnun / ÍSOR (Energy and Geothermal Research),science_agency,18900000.0,krona,ISK,line_item,Research on geothermal energy,1992 0374.pdf,198,Orkustofnun (code 11-301) under industry ministry. ÍSOR (Iceland GeoSurvey) spun off ~2003 for geothermal/geological research.
Iceland,1993,Orkustofnun / ÍSOR (Energy and Geothermal Research),science_agency,,,,,,,,gap: no matching rows in this year
Iceland,1994,Orkustofnun / ÍSOR (Energy and Geothermal Research),science_agency,,,,,,,,gap: no matching rows in this year
Iceland,1995,Orkustofnun / ÍSOR (Energy and Geothermal Research),science_agency,351500000.0,krona,ISK,program_total,Gjéldsamtals,1995 0503.pdf,190,Orkustofnun (code 11-301) under industry ministry. ÍSOR (Iceland GeoSurvey) spun off ~2003 for geothermal/geological research.
Iceland,1996,Orkustofnun / ÍSOR (Energy and Geothermal Research),science_agency,,,,,,,,gap: no matching rows in this year
Iceland,1997,Orkustofnun / ÍSOR (Energy and Geothermal Research),science_agency,,,,,,,,gap: no matching rows in this year
Iceland,1998,Orkustofnun / ÍSOR (Energy and Geothermal Research),science_agency,,,,,,,,gap: no matching rows in this year
Iceland,1999,Orkustofnun / ÍSOR (Energy and Geothermal Research),science_agency,180700000.0,krona,ISK,line_item,Salary research,1999 0631.pdf,173,Orkustofnun (code 11-301) under industry ministry. ÍSOR (Iceland GeoSurvey) spun off ~2003 for geothermal/geological research.
Iceland,2000,Orkustofnun / ÍSOR (Energy and Geothermal Research),science_agency,6000000.0,krona,ISK,line_item,Geothermal Research,2000 0455.pdf,293,Orkustofnun (code 11-301) under industry ministry. ÍSOR (Iceland GeoSurvey) spun off ~2003 for geothermal/geological research.
Iceland,2001,Orkustofnun / ÍSOR (Energy and Geothermal Research),science_agency,113500000.0,krona,ISK,line_item,Energy Research,2001 0489.pdf,174,Orkustofnun (code 11-301) under industry ministry. ÍSOR (Iceland GeoSurvey) spun off ~2003 for geothermal/geological research.
Iceland,2002,Orkustofnun / ÍSOR (Energy and Geothermal Research),science_agency,119800000.0,krona,ISK,line_item,Energy research,2002 0516.pdf,173,Orkustofnun (code 11-301) under industry ministry. ÍSOR (Iceland GeoSurvey) spun off ~2003 for geothermal/geological research.
Iceland,2003,Orkustofnun / ÍSOR (Energy and Geothermal Research),science_agency,212300000.0,krona,ISK,line_item,Sale of Research,2003 0608.pdf,194,Orkustofnun (code 11-301) under industry ministry. ÍSOR (Iceland GeoSurvey) spun off ~2003 for geothermal/geological research.
Iceland,2004,Orkustofnun / ÍSOR (Energy and Geothermal Research),science_agency,296400000.0,krona,ISK,line_item,Energy Research,2004 0588.pdf,175,Orkustofnun (code 11-301) under industry ministry. ÍSOR (Iceland GeoSurvey) spun off ~2003 for geothermal/geological research.
Iceland,2005,Orkustofnun / ÍSOR (Energy and Geothermal Research),science_agency,,,,,,,,gap: no matching rows in this year
Iceland,2006,Orkustofnun / ÍSOR (Energy and Geothermal Research),science_agency,660600000.0,krona,ISK,line_item,Energy Research Institute,2006 0540.pdf,161,Orkustofnun (code 11-301) under industry ministry. ÍSOR (Iceland GeoSurvey) spun off ~2003 for geothermal/geological research.
Iceland,2007,Orkustofnun / ÍSOR (Energy and Geothermal Research),science_agency,,,,,,,,gap: no matching rows in this year
Iceland,2008,Orkustofnun / ÍSOR (Energy and Geothermal Research),science_agency,,,,,,,,gap: no matching rows in this year
Iceland,2009,Orkustofnun / ÍSOR (Energy and Geothermal Research),science_agency,1132900000.0,krona,ISK,line_item,Orkustofnun,2009 0481.pdf,153,Orkustofnun (code 11-301) under industry ministry. ÍSOR (Iceland GeoSurvey) spun off ~2003 for geothermal/geological research.
Iceland,2010,Orkustofnun / ÍSOR (Energy and Geothermal Research),science_agency,,,,,,,,gap: no matching rows in this year
Iceland,2011,Orkustofnun / ÍSOR (Energy and Geothermal Research),science_agency,416600000.0,krona,ISK,line_item,General operations,2011 0556.pdf,143,Orkustofnun (code 11-301) under industry ministry. ÍSOR (Iceland GeoSurvey) spun off ~2003 for geothermal/geological research.
Iceland,2012,Orkustofnun / ÍSOR (Energy and Geothermal Research),science_agency,479100000.0,krona,ISK,line_item,National Energy Authority,2012 0493.pdf,141,Orkustofnun (code 11-301) under industry ministry. ÍSOR (Iceland GeoSurvey) spun off ~2003 for geothermal/geological research.
Iceland,2013,Orkustofnun / ÍSOR (Energy and Geothermal Research),science_agency,511100000.0,krona,ISK,line_item,Orkustofnun,2013 0801.pdf,69,Orkustofnun (code 11-301) under industry ministry. ÍSOR (Iceland GeoSurvey) spun off ~2003 for geothermal/geological research.
Iceland,2014,Orkustofnun / ÍSOR (Energy and Geothermal Research),science_agency,521600000.0,krona,ISK,line_item,Almennur rekstur,2014 0497.pdf,67,Orkustofnun (code 11-301) under industry ministry. ÍSOR (Iceland GeoSurvey) spun off ~2003 for geothermal/geological research.
Iceland,2015,Orkustofnun / ÍSOR (Energy and Geothermal Research),science_agency,597200000.0,krona,ISK,line_item,Orkustofnun,2015 0801.pdf,67,Orkustofnun (code 11-301) under industry ministry. ÍSOR (Iceland GeoSurvey) spun off ~2003 for geothermal/geological research.
Iceland,2016,Orkustofnun / ÍSOR (Energy and Geothermal Research),science_agency,627200000.0,krona,ISK,line_item,Almennur rekstur,2016 0703.pdf,67,Orkustofnun (code 11-301) under industry ministry. ÍSOR (Iceland GeoSurvey) spun off ~2003 for geothermal/geological research.
Iceland,2017,Orkustofnun / ÍSOR (Energy and Geothermal Research),science_agency,,,,,,,,gap: no matching rows in this year
Iceland,2018,Orkustofnun / ÍSOR (Energy and Geothermal Research),science_agency,,,,,,,,gap: no matching rows in this year
Iceland,2019,Orkustofnun / ÍSOR (Energy and Geothermal Research),science_agency,695400000.0,krona,ISK,program_total,Total expenditure,2019 s0632-f_I.pdf,119,Orkustofnun (code 11-301) under industry ministry. ÍSOR (Iceland GeoSurvey) spun off ~2003 for geothermal/geological research.
Iceland,2020,Orkustofnun / ÍSOR (Energy and Geothermal Research),science_agency,744600000.0,krona,ISK,line_item,Energy Agency,2020 s0561-f_I.pdf,82,Orkustofnun (code 11-301) under industry ministry. ÍSOR (Iceland GeoSurvey) spun off ~2003 for geothermal/geological research.
Iceland,2021,Orkustofnun / ÍSOR (Energy and Geothermal Research),science_agency,722700000.0,krona,ISK,line_item,Orkustofnun,2021 s0726-f_I.pdf,30,Orkustofnun (code 11-301) under industry ministry. ÍSOR (Iceland GeoSurvey) spun off ~2003 for geothermal/geological research.
Iceland,2022,Orkustofnun / ÍSOR (Energy and Geothermal Research),science_agency,834000000.0,krona,ISK,line_item,National Energy Authority,2022 s0286-f_I.pdf,27,Orkustofnun (code 11-301) under industry ministry. ÍSOR (Iceland GeoSurvey) spun off ~2003 for geothermal/geological research.
Iceland,2023,Orkustofnun / ÍSOR (Energy and Geothermal Research),science_agency,805800000.0,krona,ISK,line_item,"Operating fund, million kr.",2023 s0881-f_I.pdf,26,Orkustofnun (code 11-301) under industry ministry. ÍSOR (Iceland GeoSurvey) spun off ~2003 for geothermal/geological research.
Iceland,2024,Orkustofnun / ÍSOR (Energy and Geothermal Research),science_agency,822600000.0,krona,ISK,program_total,Total budget,2024 s0854-f_I.pdf,25,Orkustofnun (code 11-301) under industry ministry. ÍSOR (Iceland GeoSurvey) spun off ~2003 for geothermal/geological research.
Iceland,2025,Orkustofnun / ÍSOR (Energy and Geothermal Research),science_agency,1987000.0,krona,ISK,line_item,Almennur rekstur,2025 s0411-f_I.pdf,26,Orkustofnun (code 11-301) under industry ministry. ÍSOR (Iceland GeoSurvey) spun off ~2003 for geothermal/geological research.
Iceland,2003,Rannsóknarnámssjóður (Research Scholarship Fund),innovation_instruments,40000000.0,krona,ISK,line_item,Management,2003 0608.pdf,50,Validated against original Iceland budget files.
Iceland,2004,Rannsóknarnámssjóður (Research Scholarship Fund),innovation_instruments,50000000.0,krona,ISK,line_item,Research Scholarship Fund,2004 0588.pdf,34,Validated against original Iceland budget files.
Iceland,2005,Rannsóknarnámssjóður (Research Scholarship Fund),innovation_instruments,60000000.0,krona,ISK,line_item,Research Scholarship Fund,2005 0536.pdf,34,Validated against original Iceland budget files.
Iceland,2006,Rannsóknarnámssjóður (Research Scholarship Fund),innovation_instruments,60000000.0,krona,ISK,line_item,1.01 Research Scholarship Fund,2006 0540.pdf,33,Validated against original Iceland budget files.
Iceland,2007,Rannsóknarnámssjóður (Research Scholarship Fund),innovation_instruments,80000000.0,krona,ISK,line_item,Research Scholarship Fund,2007 0550.pdf,32,Validated against original Iceland budget files.
Iceland,2008,Rannsóknarnámssjóður (Research Scholarship Fund),innovation_instruments,90000.0,krona,ISK,line_item,General operations,2008 0507.pdf,31,Validated against original Iceland budget files.
Iceland,2009,Rannsóknarnámssjóður (Research Scholarship Fund),innovation_instruments,100000000.0,krona,ISK,line_item,General operations,2009 0481.pdf,32,Validated against original Iceland budget files.
Iceland,2010,Rannsóknarnámssjóður (Research Scholarship Fund),innovation_instruments,100000000.0,krona,ISK,line_item,Research Scholarship Fund,2010 0594.pdf,30,Validated against original Iceland budget files.
Iceland,2011,Rannsóknarnámssjóður (Research Scholarship Fund),innovation_instruments,,,,,,,,gap: no matching rows in this year
Iceland,2012,Rannsóknarnámssjóður (Research Scholarship Fund),innovation_instruments,96000000.0,krona,ISK,line_item,Research Scholarship Fund,2012 0493.pdf,29,Validated against original Iceland budget files.
Iceland,1975,Rannsóknaráð ríkisins (National Research Council),science_agency,,,,,,,,gap: no matching rows in this year
Iceland,1976,Rannsóknaráð ríkisins (National Research Council),science_agency,691265000.0,krona,ISK,program_total,Total expenditures,1976 0292.pdf,12,"National Research Council. 3-digit code 232 (early), two-tier 02-232 (later). Merged into Rannís 2003."
Iceland,1977,Rannsóknaráð ríkisins (National Research Council),science_agency,119105000.0,krona,ISK,program_total,Total expenditures,1977 0282.pdf,12,"National Research Council. 3-digit code 232 (early), two-tier 02-232 (later). Merged into Rannís 2003."
Iceland,1978,Rannsóknaráð ríkisins (National Research Council),science_agency,179389000.0,krona,ISK,program_total,Total expenses,1978 0300.pdf,69,"National Research Council. 3-digit code 232 (early), two-tier 02-232 (later). Merged into Rannís 2003."
Iceland,1979,Rannsóknaráð ríkisins (National Research Council),science_agency,82392000.0,krona,ISK,line_item,Salaries,1979 0313.pdf,47,"National Research Council. 3-digit code 232 (early), two-tier 02-232 (later). Merged into Rannís 2003."
Iceland,1980,Rannsóknaráð ríkisins (National Research Council),science_agency,276000.0,krona,ISK,line_item,Total expenses,1980 0288.pdf,13,"National Research Council. 3-digit code 232 (early), two-tier 02-232 (later). Merged into Rannís 2003."
Iceland,1981,Rannsóknaráð ríkisins (National Research Council),science_agency,13638320.0,unit,ISK,section_total,Total expenses,1981 0382.pdf,88,"National Research Council. 3-digit code 232 (early), two-tier 02-232 (later). Merged into Rannís 2003."
Iceland,1982,Rannsóknaráð ríkisins (National Research Council),science_agency,2340700.0,unit,ISK,line_item,Total expenditures,1982 0271.pdf,13,"National Research Council. 3-digit code 232 (early), two-tier 02-232 (later). Merged into Rannís 2003."
Iceland,1983,Rannsóknaráð ríkisins (National Research Council),science_agency,3635000.0,krona,ISK,program_total,Total expenditures,1983 0247.pdf,13,"National Research Council. 3-digit code 232 (early), two-tier 02-232 (later). Merged into Rannís 2003."
Iceland,1984,Rannsóknaráð ríkisins (National Research Council),science_agency,5824000.0,krona,ISK,program_total,Total expenditures,1984 0305.pdf,13,"National Research Council. 3-digit code 232 (early), two-tier 02-232 (later). Merged into Rannís 2003."
Iceland,1985,Rannsóknaráð ríkisins (National Research Council),science_agency,17731000.0,krona,ISK,line_item,Contribution to the institution,1985 0001.pdf,240,"National Research Council. 3-digit code 232 (early), two-tier 02-232 (later). Merged into Rannís 2003."
Iceland,1986,Rannsóknaráð ríkisins (National Research Council),science_agency,12330000.0,krona,ISK,line_item,Research and development activities,1986 0430.pdf,17,"National Research Council. 3-digit code 232 (early), two-tier 02-232 (later). Merged into Rannís 2003."
Iceland,1987,Rannsóknaráð ríkisins (National Research Council),science_agency,10000000.0,krona,ISK,line_item,Salaries,1987 0499.pdf,172,"National Research Council. 3-digit code 232 (early), two-tier 02-232 (later). Merged into Rannís 2003."
Iceland,1988,Rannsóknaráð ríkisins (National Research Council),science_agency,321381000.0,krona,ISK,section_total,Total,1988 0434.pdf,80,"National Research Council. 3-digit code 232 (early), two-tier 02-232 (later). Merged into Rannís 2003."
Iceland,1989,Rannsóknaráð ríkisins (National Research Council),science_agency,3650000.0,krona,ISK,line_item,Research and development activities,1989 0430.pdf,21,"National Research Council. 3-digit code 232 (early), two-tier 02-232 (later). Merged into Rannís 2003."
Iceland,1990,Rannsóknaráð ríkisins (National Research Council),science_agency,93865000.0,krona,ISK,line_item,Main station,1990 0496.pdf,79,"National Research Council. 3-digit code 232 (early), two-tier 02-232 (later). Merged into Rannís 2003."
Iceland,1991,Rannsóknaráð ríkisins (National Research Council),science_agency,21570000.0,krona,ISK,program_total,Total,1991 0478.pdf,24,"National Research Council. 3-digit code 232 (early), two-tier 02-232 (later). Merged into Rannís 2003."
Iceland,1992,Rannsóknaráð ríkisins (National Research Council),science_agency,110000000.0,krona,ISK,section_total,Total,1992 0374.pdf,241,"National Research Council. 3-digit code 232 (early), two-tier 02-232 (later). Merged into Rannís 2003."
Iceland,1993,Rannsóknaráð ríkisins (National Research Council),science_agency,4300000.0,krona,ISK,line_item,Research and Development Activities,1993 0546.pdf,25,"National Research Council. 3-digit code 232 (early), two-tier 02-232 (later). Merged into Rannís 2003."
Iceland,1994,Rannsóknaráð ríkisins (National Research Council),science_agency,20300000.0,krona,ISK,program_total,Total expenses,1994 0488.pdf,25,"National Research Council. 3-digit code 232 (early), two-tier 02-232 (later). Merged into Rannís 2003."
Iceland,1995,Rannsóknaráð ríkisins (National Research Council),science_agency,31600000.0,krona,ISK,line_item,Research projects,1995 0503.pdf,26,"National Research Council. 3-digit code 232 (early), two-tier 02-232 (later). Merged into Rannís 2003."
Iceland,1996,Rannsóknaráð ríkisins (National Research Council),science_agency,43100000.0,krona,ISK,program_total,Total appropriations,1996 0500.pdf,25,"National Research Council. 3-digit code 232 (early), two-tier 02-232 (later). Merged into Rannís 2003."
Iceland,1997,Rannsóknaráð ríkisins (National Research Council),science_agency,,,,,,,,gap: no matching rows in this year
Iceland,1998,Rannsóknaráð ríkisins (National Research Council),science_agency,,,,,,,,gap: no matching rows in this year
Iceland,1999,Rannsóknaráð ríkisins (National Research Council),science_agency,46800000.0,krona,ISK,section_total,Total,1999 0631.pdf,90,"National Research Council. 3-digit code 232 (early), two-tier 02-232 (later). Merged into Rannís 2003."
Iceland,2000,Rannsóknaráð ríkisins (National Research Council),science_agency,100000000.0,krona,ISK,program_total,Total,2000 0455.pdf,256,"National Research Council. 3-digit code 232 (early), two-tier 02-232 (later). Merged into Rannís 2003."
Iceland,2001,Rannsóknaráð ríkisins (National Research Council),science_agency,340400000.0,krona,ISK,program_total,Total,2001 0489.pdf,222,"National Research Council. 3-digit code 232 (early), two-tier 02-232 (later). Merged into Rannís 2003."
Iceland,2002,Rannsóknaráð ríkisins (National Research Council),science_agency,80000000.0,krona,ISK,program_total,Total,2002 0516.pdf,258,"National Research Council. 3-digit code 232 (early), two-tier 02-232 (later). Merged into Rannís 2003."
Iceland,2003,Rannsóknaráð ríkisins (National Research Council),science_agency,,,,,,,,gap: no matching rows in this year
Iceland,1975,Rannsóknasjóður (Research Fund),science_agency,,,,,,,,gap: no matching rows in this year
Iceland,1976,Rannsóknasjóður (Research Fund),science_agency,,,,,,,,gap: no matching rows in this year
Iceland,1977,Rannsóknasjóður (Research Fund),science_agency,,,,,,,,gap: no matching rows in this year
Iceland,1978,Rannsóknasjóður (Research Fund),science_agency,,,,,,,,gap: no matching rows in this year
Iceland,1979,Rannsóknasjóður (Research Fund),science_agency,,,,,,,,gap: no matching rows in this year
Iceland,1980,Rannsóknasjóður (Research Fund),science_agency,,,,,,,,gap: no matching rows in this year
Iceland,1981,Rannsóknasjóður (Research Fund),science_agency,2100000.0,unit,ISK,section_total,Total expenses,1981 0382.pdf,88,Research Fund. Distinct from Vísindasjóður. Merged into Rannís 2003.
Iceland,1982,Rannsóknasjóður (Research Fund),science_agency,,,,,,,,gap: no matching rows in this year
Iceland,1983,Rannsóknasjóður (Research Fund),science_agency,,,,,,,,gap: no matching rows in this year
Iceland,1984,Rannsóknasjóður (Research Fund),science_agency,,,,,,,,gap: no matching rows in this year
Iceland,1985,Rannsóknasjóður (Research Fund),science_agency,,,,,,,,gap: no matching rows in this year
Iceland,1986,Rannsóknasjóður (Research Fund),science_agency,50000000.0,krona,ISK,line_item,Gjöld samtals,1986 0430.pdf,17,Research Fund. Distinct from Vísindasjóður. Merged into Rannís 2003.
Iceland,1987,Rannsóknasjóður (Research Fund),science_agency,60000000.0,krona,ISK,program_total,Total expenditures,1987 0499.pdf,20,Research Fund. Distinct from Vísindasjóður. Merged into Rannís 2003.
Iceland,1988,Rannsóknasjóður (Research Fund),science_agency,4910000.0,krona,ISK,verified_override,Verified against original Iceland budget file,1988 0434.pdf,15862,Research Fund. Distinct from Vísindasjóður. Merged into Rannís 2003.; manual override from original Iceland budget file
Iceland,1989,Rannsóknasjóður (Research Fund),science_agency,80000000.0,krona,ISK,line_item,Oversight,1989 0430.pdf,172,Research Fund. Distinct from Vísindasjóður. Merged into Rannís 2003.
Iceland,1990,Rannsóknasjóður (Research Fund),science_agency,95000000.0,krona,ISK,program_total,Initial funding,1990 0496.pdf,25,Research Fund. Distinct from Vísindasjóður. Merged into Rannís 2003.
Iceland,1991,Rannsóknasjóður (Research Fund),science_agency,110000000.0,krona,ISK,program_total,Transfers,1991 0478.pdf,209,Research Fund. Distinct from Vísindasjóður. Merged into Rannís 2003.
Iceland,1992,Rannsóknasjóður (Research Fund),science_agency,110000.0,krona,ISK,program_total,Gjoldsamtals,1992 0374.pdf,25,Research Fund. Distinct from Vísindasjóður. Merged into Rannís 2003.
Iceland,1993,Rannsóknasjóður (Research Fund),science_agency,115000000.0,krona,ISK,program_total,Fund for Research,1993 0546.pdf,25,Research Fund. Distinct from Vísindasjóður. Merged into Rannís 2003.
Iceland,1994,Rannsóknasjóður (Research Fund),science_agency,115000000.0,krona,ISK,line_item,Initial costs,1994 0488.pdf,25,Research Fund. Distinct from Vísindasjóður. Merged into Rannís 2003.
Iceland,1995,Rannsóknasjóður (Research Fund),science_agency,31600000.0,krona,ISK,line_item,Research projects,1995 0503.pdf,26,Research Fund. Distinct from Vísindasjóður. Merged into Rannís 2003.
Iceland,1996,Rannsóknasjóður (Research Fund),science_agency,15000000.0,krona,ISK,line_item,Initial costs,1996 0500.pdf,25,Research Fund. Distinct from Vísindasjóður. Merged into Rannís 2003.
Iceland,1997,Rannsóknasjóður (Research Fund),science_agency,200000000.0,krona,ISK,program_total,Research Fund,1997 0509.pdf,67,Research Fund. Distinct from Vísindasjóður. Merged into Rannís 2003.
Iceland,1998,Rannsóknasjóður (Research Fund),science_agency,140000000.0,krona,ISK,line_item,Contribution from the Central Bank of Iceland to the Research Fund,1998 0706.pdf,231,Research Fund. Distinct from Vísindasjóður. Merged into Rannís 2003.
Iceland,1999,Rannsóknasjóður (Research Fund),science_agency,,,,,,,,gap: no matching rows in this year
Iceland,2000,Rannsóknasjóður (Research Fund),science_agency,,,,,,,,gap: no matching rows in this year
Iceland,2001,Rannsóknasjóður (Research Fund),science_agency,100000000.0,krona,ISK,line_item,Special research projects,2001 0489.pdf,222,Research Fund. Distinct from Vísindasjóður. Merged into Rannís 2003.
Iceland,2002,Rannsóknasjóður (Research Fund),science_agency,80000000.0,krona,ISK,line_item,Contribution to the Research Fund,2002 0516.pdf,258,Research Fund. Distinct from Vísindasjóður. Merged into Rannís 2003.
Iceland,2003,Rannsóknasjóður (Research Fund),science_agency,109400000.0,krona,ISK,line_item,Professor's Grant and Research Fund,2003 0608.pdf,49,Research Fund. Distinct from Vísindasjóður. Merged into Rannís 2003.
Iceland,1985,Rannsóknastofnun byggingariðnaðarins (Research Institute of the Construction Industry),science_agency,24585000.0,krona,ISK,line_item,Research Institute,1985 0001.pdf,134,Validated against original Iceland budget files.
Iceland,1986,Rannsóknastofnun byggingariðnaðarins (Research Institute of the Construction Industry),science_agency,205137000.0,krona,ISK,line_item,Research Institute of the Construction Industry,1986 0430.pdf,141,Validated against original Iceland budget files.
Iceland,1987,Rannsóknastofnun byggingariðnaðarins (Research Institute of the Construction Industry),science_agency,57333000.0,krona,ISK,line_item,Gjöld samtals,1987 0499.pdf,154,Validated against original Iceland budget files.
Iceland,1988,Rannsóknastofnun byggingariðnaðarins (Research Institute of the Construction Industry),science_agency,57260000.0,krona,ISK,line_item,Almennur rekstur,1988 0434.pdf,155,Validated against original Iceland budget files.
Iceland,1989,Rannsóknastofnun byggingariðnaðarins (Research Institute of the Construction Industry),science_agency,36140000.0,krona,ISK,line_item,Almennur rekstur,1989 0430.pdf,161,Validated against original Iceland budget files.
Iceland,1990,Rannsóknastofnun byggingariðnaðarins (Research Institute of the Construction Industry),science_agency,101926000.0,krona,ISK,line_item,Gjéldsamtals,1990 0496.pdf,176,Validated against original Iceland budget files.
Iceland,1991,Rannsóknastofnun byggingariðnaðarins (Research Institute of the Construction Industry),science_agency,103800000.0,krona,ISK,line_item,Research Institute of the Construction Industry,1991 0478.pdf,193,Validated against original Iceland budget files.
Iceland,1992,Rannsóknastofnun byggingariðnaðarins (Research Institute of the Construction Industry),science_agency,114800000.0,krona,ISK,line_item,Almennur rekstur,1992 0374.pdf,196,Validated against original Iceland budget files.
Iceland,1993,Rannsóknastofnun byggingariðnaðarins (Research Institute of the Construction Industry),science_agency,130700000.0,krona,ISK,line_item,Almennur rekstur,1993 0546.pdf,193,Validated against original Iceland budget files.
Iceland,1994,Rannsóknastofnun byggingariðnaðarins (Research Institute of the Construction Industry),science_agency,,,,,,,,gap: no matching rows in this year
Iceland,1995,Rannsóknastofnun byggingariðnaðarins (Research Institute of the Construction Industry),science_agency,132200000.0,krona,ISK,line_item,Almennur rekstur,1995 0503.pdf,188,Validated against original Iceland budget files.
Iceland,1996,Rannsóknastofnun byggingariðnaðarins (Research Institute of the Construction Industry),science_agency,158000000.0,krona,ISK,line_item,Almennur rekstur,1996 0500.pdf,188,Validated against original Iceland budget files.
Iceland,1997,Rannsóknastofnun byggingariðnaðarins (Research Institute of the Construction Industry),science_agency,159000000.0,krona,ISK,line_item,Almennur rekstur,1997 0509.pdf,181,Validated against original Iceland budget files.
Iceland,1998,Rannsóknastofnun byggingariðnaðarins (Research Institute of the Construction Industry),science_agency,171000.0,krona,ISK,line_item,Almennur rekstur,1998 0706.pdf,173,Validated against original Iceland budget files.
Iceland,1999,Rannsóknastofnun byggingariðnaðarins (Research Institute of the Construction Industry),science_agency,176300000.0,krona,ISK,line_item,Almennur rekstur,1999 0631.pdf,172,Validated against original Iceland budget files.
Iceland,2000,Rannsóknastofnun byggingariðnaðarins (Research Institute of the Construction Industry),science_agency,181600000.0,krona,ISK,line_item,Rannsóknastofnun byggingaridnadarins,2000 0455.pdf,170,Validated against original Iceland budget files.
Iceland,2001,Rannsóknastofnun byggingariðnaðarins (Research Institute of the Construction Industry),science_agency,182800000.0,krona,ISK,line_item,Rannséknastofnun byggingaridnadarins,2001 0489.pdf,173,Validated against original Iceland budget files.
Iceland,2002,Rannsóknastofnun byggingariðnaðarins (Research Institute of the Construction Industry),science_agency,217700000.0,krona,ISK,line_item,Gjld samtals,2002 0516.pdf,172,Validated against original Iceland budget files.
Iceland,2003,Rannsóknastofnun byggingariðnaðarins (Research Institute of the Construction Industry),science_agency,224500000.0,krona,ISK,line_item,Research Institute of the Construction Industry,2003 0608.pdf,192,Validated against original Iceland budget files.
Iceland,2004,Rannsóknastofnun byggingariðnaðarins (Research Institute of the Construction Industry),science_agency,267200000.0,krona,ISK,line_item,Research Institute of the Construction Industry,2004 0588.pdf,173,Validated against original Iceland budget files.
Iceland,2005,Rannsóknastofnun byggingariðnaðarins (Research Institute of the Construction Industry),science_agency,274600000.0,krona,ISK,line_item,Rannsóknastofnun byggingariðnaðarins,2005 0536.pdf,171,Validated against original Iceland budget files.
Iceland,2006,Rannsóknastofnun byggingariðnaðarins (Research Institute of the Construction Industry),science_agency,296800000.0,krona,ISK,line_item,Rannsóknastofnun byggingariðnaðarins,2006 0540.pdf,160,Validated against original Iceland budget files.
Iceland,2007,Rannsóknastofnun byggingariðnaðarins (Research Institute of the Construction Industry),science_agency,312000000.0,krona,ISK,line_item,Research Institute of the Construction Industry,2007 0550.pdf,159,Validated against original Iceland budget files.
Iceland,2003,Rannís (Icelandic Centre for Research),science_agency,,,,,,,,gap: no matching rows in this year
Iceland,2004,Rannís (Icelandic Centre for Research),science_agency,118900000.0,krona,ISK,line_item,Rannsóknamiðstöð Íslands,2004 0588.pdf,33,Created 2003 merging Rannsóknaráð + Vísindaráð + Vísindasjóður + Rannsóknasjóður. Post-2015 appears under functional category 'Samkeppnissjóðir í rannsóknum'.
Iceland,2005,Rannís (Icelandic Centre for Research),science_agency,121900000.0,krona,ISK,line_item,Rannsóknamiðstöð Íslands,2005 0536.pdf,33,Created 2003 merging Rannsóknaráð + Vísindaráð + Vísindasjóður + Rannsóknasjóður. Post-2015 appears under functional category 'Samkeppnissjóðir í rannsóknum'.
Iceland,2006,Rannís (Icelandic Centre for Research),science_agency,148900000.0,krona,ISK,line_item,Rannsóknamiðstöð Íslands,2006 0540.pdf,32,Created 2003 merging Rannsóknaráð + Vísindaráð + Vísindasjóður + Rannsóknasjóður. Post-2015 appears under functional category 'Samkeppnissjóðir í rannsóknum'.
Iceland,2007,Rannís (Icelandic Centre for Research),science_agency,157800000.0,krona,ISK,line_item,Rannsóknamiðstöð Íslands,2007 0550.pdf,31,Created 2003 merging Rannsóknaráð + Vísindaráð + Vísindasjóður + Rannsóknasjóður. Post-2015 appears under functional category 'Samkeppnissjóðir í rannsóknum'.
Iceland,2008,Rannís (Icelandic Centre for Research),science_agency,228500000.0,krona,ISK,program_total,Almennur rekstur samtals,2008 0507.pdf,30,Created 2003 merging Rannsóknaráð + Vísindaráð + Vísindasjóður + Rannsóknasjóður. Post-2015 appears under functional category 'Samkeppnissjóðir í rannsóknum'.
Iceland,2009,Rannís (Icelandic Centre for Research),science_agency,232300000.0,krona,ISK,line_item,Rannsóknamiðstöð Íslands,2009 0481.pdf,30,Created 2003 merging Rannsóknaráð + Vísindaráð + Vísindasjóður + Rannsóknasjóður. Post-2015 appears under functional category 'Samkeppnissjóðir í rannsóknum'.
Iceland,2010,Rannís (Icelandic Centre for Research),science_agency,231800000.0,krona,ISK,line_item,Rannsóknamiðstöð Íslands,2010 0594.pdf,28,Created 2003 merging Rannsóknaráð + Vísindaráð + Vísindasjóður + Rannsóknasjóður. Post-2015 appears under functional category 'Samkeppnissjóðir í rannsóknum'.
Iceland,2011,Rannís (Icelandic Centre for Research),science_agency,284600000.0,krona,ISK,line_item,Rannsóknamiðstöð Íslands,2011 0556.pdf,28,Created 2003 merging Rannsóknaráð + Vísindaráð + Vísindasjóður + Rannsóknasjóður. Post-2015 appears under functional category 'Samkeppnissjóðir í rannsóknum'.
Iceland,2012,Rannís (Icelandic Centre for Research),science_agency,299700000.0,krona,ISK,line_item,Rannsóknamiðstöð Íslands,2012 0493.pdf,27,Created 2003 merging Rannsóknaráð + Vísindaráð + Vísindasjóður + Rannsóknasjóður. Post-2015 appears under functional category 'Samkeppnissjóðir í rannsóknum'.
Iceland,2013,Rannís (Icelandic Centre for Research),science_agency,502800000.0,krona,ISK,line_item,Rannsóknamiðstöð Íslands,2013 0801.pdf,28,Created 2003 merging Rannsóknaráð + Vísindaráð + Vísindasjóður + Rannsóknasjóður. Post-2015 appears under functional category 'Samkeppnissjóðir í rannsóknum'.
Iceland,2014,Rannís (Icelandic Centre for Research),science_agency,766300000.0,krona,ISK,line_item,Almennur rekstur,2014 0497.pdf,28,Created 2003 merging Rannsóknaráð + Vísindaráð + Vísindasjóður + Rannsóknasjóður. Post-2015 appears under functional category 'Samkeppnissjóðir í rannsóknum'.
Iceland,2015,Rannís (Icelandic Centre for Research),science_agency,692100.0,krona,ISK,program_total,Almennur rekstur samtals,2015 0801.pdf,29,Created 2003 merging Rannsóknaráð + Vísindaráð + Vísindasjóður + Rannsóknasjóður. Post-2015 appears under functional category 'Samkeppnissjóðir í rannsóknum'.
Iceland,2016,Rannís (Icelandic Centre for Research),science_agency,732100000.0,krona,ISK,program_total,Almennur rekstur samtals,2016 0703.pdf,29,Created 2003 merging Rannsóknaráð + Vísindaráð + Vísindasjóður + Rannsóknasjóður. Post-2015 appears under functional category 'Samkeppnissjóðir í rannsóknum'.
Iceland,2017,Rannís (Icelandic Centre for Research),science_agency,4884100000.0,krona,ISK,program_total,Total expenditure,2017 0087.pdf,31,Created 2003 merging Rannsóknaráð + Vísindaráð + Vísindasjóður + Rannsóknasjóður. Post-2015 appears under functional category 'Samkeppnissjóðir í rannsóknum'.
Iceland,2018,Rannís (Icelandic Centre for Research),science_agency,4891600000.0,krona,ISK,program_total,Total expenditure,2018 0144.pdf,34,Created 2003 merging Rannsóknaráð + Vísindaráð + Vísindasjóður + Rannsóknasjóður. Post-2015 appears under functional category 'Samkeppnissjóðir í rannsóknum'.
Iceland,2019,Rannís (Icelandic Centre for Research),science_agency,8538300000.0,krona,ISK,program_total,Total expenditure,2019 0632.pdf,7,Created 2003 merging Rannsóknaráð + Vísindaráð + Vísindasjóður + Rannsóknasjóður. Post-2015 appears under functional category 'Samkeppnissjóðir í rannsóknum'.
Iceland,2020,Rannís (Icelandic Centre for Research),science_agency,6208900000.0,krona,ISK,program_total,Total funding,2020 0561.pdf,38,Created 2003 merging Rannsóknaráð + Vísindaráð + Vísindasjóður + Rannsóknasjóður. Post-2015 appears under functional category 'Samkeppnissjóðir í rannsóknum'.
Iceland,2021,Rannís (Icelandic Centre for Research),science_agency,14531400.0,krona,ISK,program_total,Total appropriations,2021 0726.pdf,8,Created 2003 merging Rannsóknaráð + Vísindaráð + Vísindasjóður + Rannsóknasjóður. Post-2015 appears under functional category 'Samkeppnissjóðir í rannsóknum'.
Iceland,2022,Rannís (Icelandic Centre for Research),science_agency,10388700.0,krona,ISK,program_total,Total Funding,2022 0286.pdf,37,Created 2003 merging Rannsóknaráð + Vísindaráð + Vísindasjóður + Rannsóknasjóður. Post-2015 appears under functional category 'Samkeppnissjóðir í rannsóknum'.
Iceland,2023,Rannís (Icelandic Centre for Research),science_agency,221200000.0,krona,ISK,line_item,Contributions to science and competition funds,2023 s0881-f_I.pdf,16,Created 2003 merging Rannsóknaráð + Vísindaráð + Vísindasjóður + Rannsóknasjóður. Post-2015 appears under functional category 'Samkeppnissjóðir í rannsóknum'.
Iceland,2024,Rannís (Icelandic Centre for Research),science_agency,192100000.0,krona,ISK,line_item,Appropriations for scientific research,2024 0854.pdf,10,Created 2003 merging Rannsóknaráð + Vísindaráð + Vísindasjóður + Rannsóknasjóður. Post-2015 appears under functional category 'Samkeppnissjóðir í rannsóknum'.
Iceland,2025,Rannís (Icelandic Centre for Research),science_agency,509600000.0,krona,ISK,program_total,Total Funding,2025 0411.pdf,36,Created 2003 merging Rannsóknaráð + Vísindaráð + Vísindasjóður + Rannsóknasjóður. Post-2015 appears under functional category 'Samkeppnissjóðir í rannsóknum'.
Iceland,1980,Raunvísindastofnun Háskólans (Science Institute of the University of Iceland),science_agency,461134000.0,krona,ISK,program_total,Total expenses,1980 0288.pdf,12,Validated against original Iceland budget files. Distinct science institute within the University of Iceland system.
Iceland,1981,Raunvísindastofnun Háskólans (Science Institute of the University of Iceland),science_agency,4816700.0,unit,ISK,line_item,Laun,1981 0382.pdf,12,Validated against original Iceland budget files. Distinct science institute within the University of Iceland system.
Iceland,1982,Raunvísindastofnun Háskólans (Science Institute of the University of Iceland),science_agency,10288700.0,unit,ISK,program_total,Total expenditures,1982 0271.pdf,12,Validated against original Iceland budget files. Distinct science institute within the University of Iceland system.
Iceland,1983,Raunvísindastofnun Háskólans (Science Institute of the University of Iceland),science_agency,673000.0,krona,ISK,line_item,Total expenses,1983 0247.pdf,108,Validated against original Iceland budget files. Distinct science institute within the University of Iceland system.
Iceland,1984,Raunvísindastofnun Háskólans (Science Institute of the University of Iceland),science_agency,15005000.0,krona,ISK,line_item,Laun,1984 0305.pdf,12,Validated against original Iceland budget files. Distinct science institute within the University of Iceland system.
Iceland,1985,Raunvísindastofnun Háskólans (Science Institute of the University of Iceland),science_agency,31670000.0,krona,ISK,line_item,"State contribution amounts to 31,670 thousand ISK.",1985 0001.pdf,216,Validated against original Iceland budget files. Distinct science institute within the University of Iceland system.
Iceland,1986,Raunvísindastofnun Háskólans (Science Institute of the University of Iceland),science_agency,630482000.0,krona,ISK,program_total,General operations,1986 0430.pdf,14,Validated against original Iceland budget files. Distinct science institute within the University of Iceland system.
Iceland,1987,Raunvísindastofnun Háskólans (Science Institute of the University of Iceland),science_agency,,,,,,,,gap: no matching rows in this year
Iceland,1988,Raunvísindastofnun Háskólans (Science Institute of the University of Iceland),science_agency,,,,,,,,gap: no matching rows in this year
Iceland,1989,Raunvísindastofnun Háskólans (Science Institute of the University of Iceland),science_agency,,,,,,,,gap: no matching rows in this year
Iceland,1990,Raunvísindastofnun Háskólans (Science Institute of the University of Iceland),science_agency,128290000.0,krona,ISK,line_item,General operations,1990 0496.pdf,20,Validated against original Iceland budget files. Distinct science institute within the University of Iceland system.
Iceland,1991,Raunvísindastofnun Háskólans (Science Institute of the University of Iceland),science_agency,,,,,,,,gap: no matching rows in this year
Iceland,1992,Raunvísindastofnun Háskólans (Science Institute of the University of Iceland),science_agency,132400000.0,krona,ISK,line_item,Research Rooms,1992 0374.pdf,20,Validated against original Iceland budget files. Distinct science institute within the University of Iceland system.
Iceland,1993,Raunvísindastofnun Háskólans (Science Institute of the University of Iceland),science_agency,,,,,,,,gap: no matching rows in this year
Iceland,1994,Raunvísindastofnun Háskólans (Science Institute of the University of Iceland),science_agency,,,,,,,,gap: no matching rows in this year
Iceland,1995,Raunvísindastofnun Háskólans (Science Institute of the University of Iceland),science_agency,152500000.0,krona,ISK,line_item,Research rooms,1995 0503.pdf,21,Validated against original Iceland budget files. Distinct science institute within the University of Iceland system.
Iceland,1996,Raunvísindastofnun Háskólans (Science Institute of the University of Iceland),science_agency,,,,,,,,gap: no matching rows in this year
Iceland,1997,Raunvísindastofnun Háskólans (Science Institute of the University of Iceland),science_agency,178100000.0,krona,ISK,program_total,Research laboratories,1997 0509.pdf,21,Validated against original Iceland budget files. Distinct science institute within the University of Iceland system.
Iceland,1998,Raunvísindastofnun Háskólans (Science Institute of the University of Iceland),science_agency,219100000.0,krona,ISK,line_item,Research laboratories,1998 0706.pdf,31,Validated against original Iceland budget files. Distinct science institute within the University of Iceland system.
Iceland,1999,Raunvísindastofnun Háskólans (Science Institute of the University of Iceland),science_agency,223200000.0,krona,ISK,line_item,Research laboratories,1999 0631.pdf,29,Validated against original Iceland budget files. Distinct science institute within the University of Iceland system.
Iceland,2000,Raunvísindastofnun Háskólans (Science Institute of the University of Iceland),science_agency,229800000.0,krona,ISK,program_total,Research laboratories,2000 0455.pdf,30,Validated against original Iceland budget files. Distinct science institute within the University of Iceland system.
Iceland,2001,Raunvísindastofnun Háskólans (Science Institute of the University of Iceland),science_agency,237100000.0,krona,ISK,line_item,Research Laboratories,2001 0489.pdf,33,Validated against original Iceland budget files. Distinct science institute within the University of Iceland system.
Iceland,2002,Raunvísindastofnun Háskólans (Science Institute of the University of Iceland),science_agency,262300000.0,krona,ISK,line_item,Research Rooms,2002 0516.pdf,33,Validated against original Iceland budget files. Distinct science institute within the University of Iceland system.
Iceland,2003,Raunvísindastofnun Háskólans (Science Institute of the University of Iceland),science_agency,269200000.0,krona,ISK,line_item,Research laboratories,2003 0608.pdf,45,Validated against original Iceland budget files. Distinct science institute within the University of Iceland system.
Iceland,2004,Raunvísindastofnun Háskólans (Science Institute of the University of Iceland),science_agency,328000000.0,krona,ISK,line_item,Research laboratories,2004 0588.pdf,29,Validated against original Iceland budget files. Distinct science institute within the University of Iceland system.
Iceland,2005,Raunvísindastofnun Háskólans (Science Institute of the University of Iceland),science_agency,337000000.0,krona,ISK,line_item,Research laboratories,2005 0536.pdf,29,Validated against original Iceland budget files. Distinct science institute within the University of Iceland system.
Iceland,2006,Raunvísindastofnun Háskólans (Science Institute of the University of Iceland),science_agency,498000000.0,krona,ISK,line_item,Science Institute of the University of Iceland,2006 0540.pdf,29,Validated against original Iceland budget files. Distinct science institute within the University of Iceland system.
Iceland,2007,Raunvísindastofnun Háskólans (Science Institute of the University of Iceland),science_agency,1185600.0,krona,ISK,line_item,Research and development activities,2007 0550.pdf,215,Validated against original Iceland budget files. Distinct science institute within the University of Iceland system.
Iceland,2008,Raunvísindastofnun Háskólans (Science Institute of the University of Iceland),science_agency,19000000.0,krona,ISK,line_item,Research,2008 0507.pdf,164,Validated against original Iceland budget files. Distinct science institute within the University of Iceland system.
Iceland,2009,Raunvísindastofnun Háskólans (Science Institute of the University of Iceland),science_agency,859600000.0,krona,ISK,line_item,General operations,2009 0481.pdf,28,Validated against original Iceland budget files. Distinct science institute within the University of Iceland system.
Iceland,2010,Raunvísindastofnun Háskólans (Science Institute of the University of Iceland),science_agency,864100000.0,krona,ISK,line_item,Science Institute of the University of Iceland,2010 0594.pdf,26,Validated against original Iceland budget files. Distinct science institute within the University of Iceland system.
Iceland,2011,Raunvísindastofnun Háskólans (Science Institute of the University of Iceland),science_agency,944400000.0,krona,ISK,line_item,Science Institute of the University of Iceland,2011 0556.pdf,26,Validated against original Iceland budget files. Distinct science institute within the University of Iceland system.
Iceland,2012,Raunvísindastofnun Háskólans (Science Institute of the University of Iceland),science_agency,1006000.0,krona,ISK,line_item,Science Institute of the University of Iceland,2012 0493.pdf,25,Validated against original Iceland budget files. Distinct science institute within the University of Iceland system.
Iceland,2013,Raunvísindastofnun Háskólans (Science Institute of the University of Iceland),science_agency,1275000.0,krona,ISK,program_total,General operations,2013 0801.pdf,26,Validated against original Iceland budget files. Distinct science institute within the University of Iceland system.
Iceland,2014,Raunvísindastofnun Háskólans (Science Institute of the University of Iceland),science_agency,1319300.0,krona,ISK,program_total,General operations,2014 0497.pdf,26,Validated against original Iceland budget files. Distinct science institute within the University of Iceland system.
Iceland,2015,Raunvísindastofnun Háskólans (Science Institute of the University of Iceland),science_agency,1263500000.0,krona,ISK,program_total,Science Institute of the University of Iceland,2015 0801.pdf,27,Validated against original Iceland budget files. Distinct science institute within the University of Iceland system.
Iceland,2016,Raunvísindastofnun Háskólans (Science Institute of the University of Iceland),science_agency,1354800000.0,krona,ISK,verified_override,Verified against original Iceland budget file,2016 0703.pdf,1733,Validated against original Iceland budget files. Distinct science institute within the University of Iceland system.; manual override from original Iceland budget file
Iceland,2017,Raunvísindastofnun Háskólans (Science Institute of the University of Iceland),science_agency,,,,,,,,gap: no matching rows in this year
Iceland,2018,Raunvísindastofnun Háskólans (Science Institute of the University of Iceland),science_agency,,,,,,,,gap: no matching rows in this year
Iceland,2019,Raunvísindastofnun Háskólans (Science Institute of the University of Iceland),science_agency,1631000000.0,krona,ISK,line_item,Research,2019 s0632-f_I.pdf,96,Validated against original Iceland budget files. Distinct science institute within the University of Iceland system.
Iceland,2020,Raunvísindastofnun Háskólans (Science Institute of the University of Iceland),science_agency,1647300000.0,krona,ISK,line_item,Science Institute of the University of Iceland,2020 s0561-f_I.pdf,96,Validated against original Iceland budget files. Distinct science institute within the University of Iceland system.
Iceland,2021,Raunvísindastofnun Háskólans (Science Institute of the University of Iceland),science_agency,1577500000.0,krona,ISK,line_item,Science Institute of the University of Iceland,2021 s0726-f_I.pdf,95,Validated against original Iceland budget files. Distinct science institute within the University of Iceland system.
Iceland,2022,Raunvísindastofnun Háskólans (Science Institute of the University of Iceland),science_agency,1696200000.0,krona,ISK,line_item,Science Institute of the University of Iceland,2022 s0286-f_I.pdf,85,Validated against original Iceland budget files. Distinct science institute within the University of Iceland system.
Iceland,2023,Raunvísindastofnun Háskólans (Science Institute of the University of Iceland),science_agency,1748100.0,krona,ISK,line_item,Raunvísindastofnun Háskólans,2023 s0881-f_I.pdf,76,Validated against original Iceland budget files. Distinct science institute within the University of Iceland system.
Iceland,2024,Raunvísindastofnun Háskólans (Science Institute of the University of Iceland),science_agency,2442000000.0,krona,ISK,line_item,Science Institute of the University of Iceland,2024 s0854-f_I.pdf,77,Validated against original Iceland budget files. Distinct science institute within the University of Iceland system.
Iceland,2005,Sjóður til síldarrannsókna (Fund for Herring Research),innovation_instruments,7000000.0,krona,ISK,line_item,General operations,2005 0536.pdf,80,Validated against original Iceland budget files.
Iceland,2006,Sjóður til síldarrannsókna (Fund for Herring Research),innovation_instruments,,,,,,,,gap: no matching rows in this year
Iceland,2007,Sjóður til síldarrannsókna (Fund for Herring Research),innovation_instruments,,,,,,,,gap: no matching rows in this year
Iceland,2008,Sjóður til síldarrannsókna (Fund for Herring Research),innovation_instruments,,,,,,,,gap: no matching rows in this year
Iceland,2009,Sjóður til síldarrannsókna (Fund for Herring Research),innovation_instruments,,,,,,,,gap: no matching rows in this year
Iceland,2010,Sjóður til síldarrannsókna (Fund for Herring Research),innovation_instruments,,,,,,,,gap: no matching rows in this year
Iceland,2011,Sjóður til síldarrannsókna (Fund for Herring Research),innovation_instruments,,,,,,,,gap: no matching rows in this year
Iceland,2012,Sjóður til síldarrannsókna (Fund for Herring Research),innovation_instruments,,,,,,,,gap: no matching rows in this year
Iceland,2013,Sjóður til síldarrannsókna (Fund for Herring Research),innovation_instruments,,,,,,,,gap: no matching rows in this year
Iceland,2014,Sjóður til síldarrannsókna (Fund for Herring Research),innovation_instruments,,,,,,,,gap: no matching rows in this year
Iceland,2015,Sjóður til síldarrannsókna (Fund for Herring Research),innovation_instruments,,,,,,,,gap: no matching rows in this year
Iceland,2016,Sjóður til síldarrannsókna (Fund for Herring Research),innovation_instruments,,,,,,,,gap: no matching rows in this year
Iceland,2017,Sjóður til síldarrannsókna (Fund for Herring Research),innovation_instruments,,,,,,,,gap: no matching rows in this year
Iceland,2018,Sjóður til síldarrannsókna (Fund for Herring Research),innovation_instruments,,,,,,,,gap: no matching rows in this year
Iceland,2019,Sjóður til síldarrannsókna (Fund for Herring Research),innovation_instruments,,,,,,,,gap: no matching rows in this year
Iceland,2020,Sjóður til síldarrannsókna (Fund for Herring Research),innovation_instruments,,,,,,,,gap: no matching rows in this year
Iceland,2021,Sjóður til síldarrannsókna (Fund for Herring Research),innovation_instruments,,,,,,,,gap: no matching rows in this year
Iceland,2022,Sjóður til síldarrannsókna (Fund for Herring Research),innovation_instruments,6000000.0,krona,ISK,line_item,Fund for herring research,2022 s0286-f_I.pdf,71,Validated against original Iceland budget files.
Iceland,1990,Tilraunastöð Háskólans að Keldum (University Experimental Station at Keldur),science_agency,90446000.0,krona,ISK,program_total,Research,1990 0496.pdf,19,Validated against original Iceland budget files; recurring standalone experimental station under the University of Iceland.
Iceland,1991,Tilraunastöð Háskólans að Keldum (University Experimental Station at Keldur),science_agency,4720000.0,krona,ISK,line_item,Research and experimental activities,1991 0478.pdf,24,Validated against original Iceland budget files; recurring standalone experimental station under the University of Iceland.
Iceland,1992,Tilraunastöð Háskólans að Keldum (University Experimental Station at Keldur),science_agency,21200000.0,krona,ISK,line_item,Research Department of Fish Diseases,1992 0374.pdf,20,Validated against original Iceland budget files; recurring standalone experimental station under the University of Iceland.
Iceland,1993,Tilraunastöð Háskólans að Keldum (University Experimental Station at Keldur),science_agency,90900000.0,krona,ISK,line_item,Experimental Station of the University of Iceland at Keldur,1993 0546.pdf,19,Validated against original Iceland budget files; recurring standalone experimental station under the University of Iceland.
Iceland,1994,Tilraunastöð Háskólans að Keldum (University Experimental Station at Keldur),science_agency,109900000.0,krona,ISK,line_item,Almennur rekstur,1994 0488.pdf,19,Validated against original Iceland budget files; recurring standalone experimental station under the University of Iceland.
Iceland,1995,Tilraunastöð Háskólans að Keldum (University Experimental Station at Keldur),science_agency,127200000.0,krona,ISK,program_total,Research activities,1995 0503.pdf,20,Validated against original Iceland budget files; recurring standalone experimental station under the University of Iceland.
Iceland,1996,Tilraunastöð Háskólans að Keldum (University Experimental Station at Keldur),science_agency,113200000.0,krona,ISK,line_item,Almennur rekstur,1996 0500.pdf,20,Validated against original Iceland budget files; recurring standalone experimental station under the University of Iceland.
Iceland,1997,Tilraunastöð Háskólans að Keldum (University Experimental Station at Keldur),science_agency,123100000.0,krona,ISK,line_item,Almennur rekstur,1997 0509.pdf,20,Validated against original Iceland budget files; recurring standalone experimental station under the University of Iceland.
Iceland,1998,Tilraunastöð Háskólans að Keldum (University Experimental Station at Keldur),science_agency,161100000.0,krona,ISK,program_total,Total general operations,1998 0706.pdf,30,Validated against original Iceland budget files; recurring standalone experimental station under the University of Iceland.
Iceland,1999,Tilraunastöð Háskólans að Keldum (University Experimental Station at Keldur),science_agency,20200000.0,krona,ISK,program_total,Research department for fish science,1999 0631.pdf,29,Validated against original Iceland budget files; recurring standalone experimental station under the University of Iceland.
Iceland,2000,Tilraunastöð Háskólans að Keldum (University Experimental Station at Keldur),science_agency,305000000.0,krona,ISK,line_item,Experimental Station of the University of Iceland at Keldur,2000 0455.pdf,326,Validated against original Iceland budget files; recurring standalone experimental station under the University of Iceland.
Iceland,2001,Tilraunastöð Háskólans að Keldum (University Experimental Station at Keldur),science_agency,20400000.0,krona,ISK,line_item,Research Department of Fishery Science,2001 0489.pdf,33,Validated against original Iceland budget files; recurring standalone experimental station under the University of Iceland.
Iceland,2002,Tilraunastöð Háskólans að Keldum (University Experimental Station at Keldur),science_agency,22300000.0,krona,ISK,line_item,Research Department of Fishery Science,2002 0516.pdf,32,Validated against original Iceland budget files; recurring standalone experimental station under the University of Iceland.
Iceland,2003,Tilraunastöð Háskólans að Keldum (University Experimental Station at Keldur),science_agency,204400000.0,krona,ISK,program_total,Total general operations,2003 0608.pdf,45,Validated against original Iceland budget files; recurring standalone experimental station under the University of Iceland.
Iceland,2004,Tilraunastöð Háskólans að Keldum (University Experimental Station at Keldur),science_agency,241400000.0,krona,ISK,program_total,General operations,2004 0588.pdf,29,Validated against original Iceland budget files; recurring standalone experimental station under the University of Iceland.
Iceland,2005,Tilraunastöð Háskólans að Keldum (University Experimental Station at Keldur),science_agency,247800000.0,krona,ISK,program_total,Total general operations,2005 0536.pdf,29,Validated against original Iceland budget files; recurring standalone experimental station under the University of Iceland.
Iceland,2006,Tilraunastöð Háskólans að Keldum (University Experimental Station at Keldur),science_agency,275300000.0,krona,ISK,program_total,University Experimental Station at Keldur,2006 0540.pdf,29,Validated against original Iceland budget files; recurring standalone experimental station under the University of Iceland.
Iceland,2007,Tilraunastöð Háskólans að Keldum (University Experimental Station at Keldur),science_agency,291600000.0,krona,ISK,line_item,Tilraunastöð Háskólans að Keldum,2007 0550.pdf,29,Validated against original Iceland budget files; recurring standalone experimental station under the University of Iceland.
Iceland,2008,Tilraunastöð Háskólans að Keldum (University Experimental Station at Keldur),science_agency,329000.0,krona,ISK,line_item,General operations,2008 0507.pdf,27,Validated against original Iceland budget files; recurring standalone experimental station under the University of Iceland.
Iceland,2009,Tilraunastöð Háskólans að Keldum (University Experimental Station at Keldur),science_agency,366900000.0,krona,ISK,program_total,General operations,2009 0481.pdf,28,Validated against original Iceland budget files; recurring standalone experimental station under the University of Iceland.
Iceland,2010,Tilraunastöð Háskólans að Keldum (University Experimental Station at Keldur),science_agency,372800000.0,krona,ISK,program_total,Experimental Station of the University of Iceland at Keldur,2010 0594.pdf,26,Validated against original Iceland budget files; recurring standalone experimental station under the University of Iceland.
Iceland,2011,Tilraunastöð Háskólans að Keldum (University Experimental Station at Keldur),science_agency,360400000.0,krona,ISK,line_item,Experimental Station of the University of Iceland,2011 0556.pdf,26,Validated against original Iceland budget files; recurring standalone experimental station under the University of Iceland.
Iceland,2012,Tilraunastöð Háskólans að Keldum (University Experimental Station at Keldur),science_agency,382800.0,krona,ISK,program_total,Experimental Station of the University of Iceland at Keldur,2012 0493.pdf,25,Validated against original Iceland budget files; recurring standalone experimental station under the University of Iceland.
Iceland,2013,Tilraunastöð Háskólans að Keldum (University Experimental Station at Keldur),science_agency,409200000.0,krona,ISK,line_item,Almennur rekstur,2013 0801.pdf,26,Validated against original Iceland budget files; recurring standalone experimental station under the University of Iceland.
Iceland,2014,Tilraunastöð Háskólans að Keldum (University Experimental Station at Keldur),science_agency,411300000.0,krona,ISK,line_item,Almennur rekstur,2014 0497.pdf,26,Validated against original Iceland budget files; recurring standalone experimental station under the University of Iceland.
Iceland,2015,Tilraunastöð Háskólans að Keldum (University Experimental Station at Keldur),science_agency,426800000.0,krona,ISK,line_item,Almennur rekstur,2015 0801.pdf,27,Validated against original Iceland budget files; recurring standalone experimental station under the University of Iceland.
Iceland,2016,Tilraunastöð Háskólans að Keldum (University Experimental Station at Keldur),science_agency,5000000.0,krona,ISK,line_item,Fish disease fee,2016 0703.pdf,156,Validated against original Iceland budget files; recurring standalone experimental station under the University of Iceland.
Iceland,2017,Tilraunastöð Háskólans að Keldum (University Experimental Station at Keldur),science_agency,,,,,,,,gap: no matching rows in this year
Iceland,2018,Tilraunastöð Háskólans að Keldum (University Experimental Station at Keldur),science_agency,,,,,,,,gap: no matching rows in this year
Iceland,2019,Tilraunastöð Háskólans að Keldum (University Experimental Station at Keldur),science_agency,550600000.0,krona,ISK,line_item,Research and Development in Fisheries,2019 s0632-f_I.pdf,96,Validated against original Iceland budget files; recurring standalone experimental station under the University of Iceland.
Iceland,2020,Tilraunastöð Háskólans að Keldum (University Experimental Station at Keldur),science_agency,557400.0,krona,ISK,line_item,Tilraunastöð Háskólans að Keldum,2020 s0561-f_I.pdf,42,Validated against original Iceland budget files; recurring standalone experimental station under the University of Iceland.
Iceland,2021,Tilraunastöð Háskólans að Keldum (University Experimental Station at Keldur),science_agency,637900000.0,krona,ISK,line_item,Tilraunastöð Háskólans að Keldum,2021 s0726-f_I.pdf,43,Validated against original Iceland budget files; recurring standalone experimental station under the University of Iceland.
Iceland,2022,Tilraunastöð Háskólans að Keldum (University Experimental Station at Keldur),science_agency,691700000.0,krona,ISK,line_item,Experimental Station of the University of Iceland,2022 s0286-f_I.pdf,85,Validated against original Iceland budget files; recurring standalone experimental station under the University of Iceland.
Iceland,2023,Tilraunastöð Háskólans að Keldum (University Experimental Station at Keldur),science_agency,721000000.0,krona,ISK,line_item,Experimental Station of the University of Iceland at Keldur,2023 s0881-f_I.pdf,35,Validated against original Iceland budget files; recurring standalone experimental station under the University of Iceland.
Iceland,2024,Tilraunastöð Háskólans að Keldum (University Experimental Station at Keldur),science_agency,774800000.0,krona,ISK,line_item,University Experimental Station at Keldur,2024 s0854-f_I.pdf,76,Validated against original Iceland budget files; recurring standalone experimental station under the University of Iceland.
Iceland,2025,Tilraunastöð Háskólans að Keldum (University Experimental Station at Keldur),science_agency,783700000.0,krona,ISK,line_item,Operating appropriations,2025 s0411-f_I.pdf,33,Validated against original Iceland budget files; recurring standalone experimental station under the University of Iceland.
Iceland,2004,Tækniþróunarsjóður (Technology Development Fund),innovation_instruments,200000000.0,krona,ISK,program_total,Technology Development Fund,2004 0588.pdf,173,Validated against original Iceland budget files.
Iceland,2005,Tækniþróunarsjóður (Technology Development Fund),innovation_instruments,340000000.0,krona,ISK,line_item,Technology development fund,2005 0536.pdf,172,Validated against original Iceland budget files.
Iceland,2006,Tækniþróunarsjóður (Technology Development Fund),innovation_instruments,,,,,,,,gap: no matching rows in this year
Iceland,2007,Tækniþróunarsjóður (Technology Development Fund),innovation_instruments,500000000.0,krona,ISK,program_total,Technology Development Fund,2007 0550.pdf,159,Validated against original Iceland budget files.
Iceland,2008,Tækniþróunarsjóður (Technology Development Fund),innovation_instruments,,,,,,,,gap: no matching rows in this year
Iceland,2009,Tækniþróunarsjóður (Technology Development Fund),innovation_instruments,,,,,,,,gap: no matching rows in this year
Iceland,2010,Tækniþróunarsjóður (Technology Development Fund),innovation_instruments,720000000.0,krona,ISK,line_item,Technology Development Fund,2010 0594.pdf,149,Validated against original Iceland budget files.
Iceland,2011,Tækniþróunarsjóður (Technology Development Fund),innovation_instruments,720000000.0,krona,ISK,line_item,General operations,2011 0556.pdf,143,Validated against original Iceland budget files.
Iceland,2012,Tækniþróunarsjóður (Technology Development Fund),innovation_instruments,725000000.0,krona,ISK,program_total,Technology Development Fund,2012 0493.pdf,140,Validated against original Iceland budget files.
Iceland,2013,Tækniþróunarsjóður (Technology Development Fund),innovation_instruments,1270000000.0,krona,ISK,line_item,Technology Development Fund,2013 0801.pdf,66,Validated against original Iceland budget files.
Iceland,2014,Tækniþróunarsjóður (Technology Development Fund),innovation_instruments,987500000.0,krona,ISK,line_item,Technology Development Fund,2014 0497.pdf,64,Validated against original Iceland budget files.
Iceland,2015,Tækniþróunarsjóður (Technology Development Fund),innovation_instruments,1000000.0,krona,ISK,line_item,Technology Development Fund,2015 0801.pdf,65,Validated against original Iceland budget files.
Iceland,2016,Tækniþróunarsjóður (Technology Development Fund),innovation_instruments,2352500000.0,krona,ISK,verified_override,Verified against original Iceland budget file,2016 0703.pdf,4197,Validated against original Iceland budget files.; manual override from original Iceland budget file
Iceland,2017,Tækniþróunarsjóður (Technology Development Fund),innovation_instruments,,,,,,,,gap: no matching rows in this year
Iceland,2018,Tækniþróunarsjóður (Technology Development Fund),innovation_instruments,,,,,,,,gap: no matching rows in this year
Iceland,2019,Tækniþróunarsjóður (Technology Development Fund),innovation_instruments,2332000000.0,krona,ISK,line_item,Total expenditure,2019 s0632-f_I.pdf,18,Validated against original Iceland budget files.
Iceland,2020,Tækniþróunarsjóður (Technology Development Fund),innovation_instruments,2287600000.0,krona,ISK,line_item,Total expenditure,2020 s0561-f_I.pdf,120,Validated against original Iceland budget files.
Iceland,2021,Tækniþróunarsjóður (Technology Development Fund),innovation_instruments,3526100000.0,krona,ISK,line_item,Technology Development Fund,2021 s0726-f_I.pdf,120,Validated against original Iceland budget files.
Iceland,2022,Tækniþróunarsjóður (Technology Development Fund),innovation_instruments,3580400000.0,krona,ISK,line_item,Technology Development Fund,2022 s0286-f_I.pdf,109,Validated against original Iceland budget files.
Iceland,2023,Tækniþróunarsjóður (Technology Development Fund),innovation_instruments,3513100000.0,krona,ISK,program_total,Total budget,2023 s0881-f_I.pdf,16,Validated against original Iceland budget files.
Iceland,2024,Tækniþróunarsjóður (Technology Development Fund),innovation_instruments,,,,,,,,gap: no matching rows in this year
Iceland,2025,Tækniþróunarsjóður (Technology Development Fund),innovation_instruments,3198900000.0,krona,ISK,line_item,Technology Development Fund,2025 s0411-f_I.pdf,53,Validated against original Iceland budget files.
Iceland,2006,Verkefnasjóður sjávarútvegsins (Project Fund for Fisheries),innovation_instruments,210000000.0,krona,ISK,line_item,1.10 Research Fund to Increase the Value of Marine Products,2006 0540.pdf,75,Validated against original Iceland budget files; later documents use Verkefnasjóður sjávarútvegsins for the same fisheries project-fund line.
Iceland,2007,Verkefnasjóður sjávarútvegsins (Project Fund for Fisheries),innovation_instruments,235000000.0,krona,ISK,program_total,General operations,2007 0550.pdf,72,Validated against original Iceland budget files; later documents use Verkefnasjóður sjávarútvegsins for the same fisheries project-fund line.
Iceland,2008,Verkefnasjóður sjávarútvegsins (Project Fund for Fisheries),innovation_instruments,335000000.0,krona,ISK,line_item,Research Fund to Increase the Value of Marine Products,2008 0507.pdf,67,Validated against original Iceland budget files; later documents use Verkefnasjóður sjávarútvegsins for the same fisheries project-fund line.
Iceland,2009,Verkefnasjóður sjávarútvegsins (Project Fund for Fisheries),innovation_instruments,335000000.0,krona,ISK,line_item,General operations: Research Fund to Increase the Value of Marine Products,2009 0481.pdf,66,Validated against original Iceland budget files; later documents use Verkefnasjóður sjávarútvegsins for the same fisheries project-fund line.
Iceland,2010,Verkefnasjóður sjávarútvegsins (Project Fund for Fisheries),innovation_instruments,,,,,,,,gap: no matching rows in this year
Iceland,2011,Verkefnasjóður sjávarútvegsins (Project Fund for Fisheries),innovation_instruments,265800000.0,krona,ISK,line_item,Research Fund to Increase the Value of Marine Products,2011 0556.pdf,65,Validated against original Iceland budget files; later documents use Verkefnasjóður sjávarútvegsins for the same fisheries project-fund line.
Iceland,2012,Verkefnasjóður sjávarútvegsins (Project Fund for Fisheries),innovation_instruments,,,,,,,,gap: no matching rows in this year
Iceland,2013,Verkefnasjóður sjávarútvegsins (Project Fund for Fisheries),innovation_instruments,,,,,,,,gap: no matching rows in this year
Iceland,2014,Verkefnasjóður sjávarútvegsins (Project Fund for Fisheries),innovation_instruments,,,,,,,,gap: no matching rows in this year
Iceland,2015,Verkefnasjóður sjávarútvegsins (Project Fund for Fisheries),innovation_instruments,,,,,,,,gap: no matching rows in this year
Iceland,2016,Verkefnasjóður sjávarútvegsins (Project Fund for Fisheries),innovation_instruments,570000000.0,krona,ISK,verified_override,Verified against original Iceland budget file,2016 0703.pdf,4079,gap: no matching rows in this year; manual override from original Iceland budget file
Iceland,2017,Verkefnasjóður sjávarútvegsins (Project Fund for Fisheries),innovation_instruments,,,,,,,,gap: no matching rows in this year
Iceland,2018,Verkefnasjóður sjávarútvegsins (Project Fund for Fisheries),innovation_instruments,,,,,,,,gap: no matching rows in this year
Iceland,2019,Verkefnasjóður sjávarútvegsins (Project Fund for Fisheries),innovation_instruments,264000000.0,krona,ISK,line_item,Total expenditure,2019 s0632-f_I.pdf,81,Validated against original Iceland budget files; later documents use Verkefnasjóður sjávarútvegsins for the same fisheries project-fund line.
Iceland,2020,Verkefnasjóður sjávarútvegsins (Project Fund for Fisheries),innovation_instruments,264000000.0,krona,ISK,verified_override,Verified against original Iceland budget file,2020 s0561-f_I.pdf,5165,Validated against original Iceland budget files; later documents use Verkefnasjóður sjávarútvegsins for the same fisheries project-fund line.; manual override from original Iceland budget file
Iceland,2021,Verkefnasjóður sjávarútvegsins (Project Fund for Fisheries),innovation_instruments,,,,,,,,gap: no matching rows in this year
Iceland,2022,Verkefnasjóður sjávarútvegsins (Project Fund for Fisheries),innovation_instruments,,,,,,,,gap: no matching rows in this year
Iceland,2023,Verkefnasjóður sjávarútvegsins (Project Fund for Fisheries),innovation_instruments,,,,,,,,gap: no matching rows in this year
Iceland,2024,Verkefnasjóður sjávarútvegsins (Project Fund for Fisheries),innovation_instruments,400000000.0,krona,ISK,line_item,Funding appropriations,2024 s0854-f_I.pdf,25,Validated against original Iceland budget files; later documents use Verkefnasjóður sjávarútvegsins for the same fisheries project-fund line.
Iceland,1975,Veðurstofa Íslands (Icelandic Meteorological Office),science_agency,,,,,,,,gap: no matching rows in this year
Iceland,1976,Veðurstofa Íslands (Icelandic Meteorological Office),science_agency,,,,,,,,gap: no matching rows in this year
Iceland,1977,Veðurstofa Íslands (Icelandic Meteorological Office),science_agency,,,,,,,,gap: no matching rows in this year
Iceland,1978,Veðurstofa Íslands (Icelandic Meteorological Office),science_agency,,,,,,,,gap: no matching rows in this year
Iceland,1979,Veðurstofa Íslands (Icelandic Meteorological Office),science_agency,,,,,,,,gap: no matching rows in this year
Iceland,1980,Veðurstofa Íslands (Icelandic Meteorological Office),science_agency,1002115000.0,krona,ISK,program_total,Gjöld samtals,1980 0288.pdf,84,
Iceland,1981,Veðurstofa Íslands (Icelandic Meteorological Office),science_agency,,,,,,,,gap: no matching rows in this year
Iceland,1982,Veðurstofa Íslands (Icelandic Meteorological Office),science_agency,,,,,,,,gap: no matching rows in this year
Iceland,1983,Veðurstofa Íslands (Icelandic Meteorological Office),science_agency,34692000.0,krona,ISK,program_total,Gjöld samtals,1983 0247.pdf,89,
Iceland,1984,Veðurstofa Íslands (Icelandic Meteorological Office),science_agency,65149000.0,krona,ISK,program_total,Gjöld samtals,1984 0305.pdf,91,
Iceland,1985,Veðurstofa Íslands (Icelandic Meteorological Office),science_agency,,,,,,,,gap: no matching rows in this year
Iceland,1986,Veðurstofa Íslands (Icelandic Meteorological Office),science_agency,,,,,,,,gap: no matching rows in this year
Iceland,1987,Veðurstofa Íslands (Icelandic Meteorological Office),science_agency,124334000.0,krona,ISK,line_item,Stofnkostnaður,1987 0499.pdf,151,
Iceland,1988,Veðurstofa Íslands (Icelandic Meteorological Office),science_agency,176560000.0,krona,ISK,line_item,Almennur rekstur,1988 0434.pdf,153,
Iceland,1989,Veðurstofa Íslands (Icelandic Meteorological Office),science_agency,,,,,,,,gap: no matching rows in this year
Iceland,1990,Veðurstofa Íslands (Icelandic Meteorological Office),science_agency,236771.0,krona,ISK,line_item,Gjéldsamtals,1990 0496.pdf,173,
Iceland,1991,Veðurstofa Íslands (Icelandic Meteorological Office),science_agency,,,,,,,,gap: no matching rows in this year
Iceland,1992,Veðurstofa Íslands (Icelandic Meteorological Office),science_agency,261400000.0,krona,ISK,program_total,Gjéldsamtals,1992 0374.pdf,208,
Iceland,1993,Veðurstofa Íslands (Icelandic Meteorological Office),science_agency,273600000.0,krona,ISK,line_item,Almennur rekstur,1993 0546.pdf,205,
Iceland,1994,Veðurstofa Íslands (Icelandic Meteorological Office),science_agency,205200000.0,krona,ISK,line_item,Almennstarfsemi,1994 0488.pdf,207,
Iceland,1995,Veðurstofa Íslands (Icelandic Meteorological Office),science_agency,,,,,,,,gap: no matching rows in this year
Iceland,1996,Veðurstofa Íslands (Icelandic Meteorological Office),science_agency,366300000.0,krona,ISK,program_total,Gjoldsamtals,1996 0500.pdf,201,
Iceland,1997,Veðurstofa Íslands (Icelandic Meteorological Office),science_agency,,,,,,,,gap: no matching rows in this year
Iceland,1998,Veðurstofa Íslands (Icelandic Meteorological Office),science_agency,428300000.0,krona,ISK,program_total,Almennur rekstur samtals,1998 0706.pdf,185,
Iceland,1999,Veðurstofa Íslands (Icelandic Meteorological Office),science_agency,449300000.0,krona,ISK,program_total,Almennur rekstur samtals,1999 0631.pdf,185,
Iceland,2000,Veðurstofa Íslands (Icelandic Meteorological Office),science_agency,,,,,,,,gap: no matching rows in this year
Iceland,2001,Veðurstofa Íslands (Icelandic Meteorological Office),science_agency,508000000.0,krona,ISK,program_total,Gjold samtals,2001 0489.pdf,187,
Iceland,2002,Veðurstofa Íslands (Icelandic Meteorological Office),science_agency,,,,,,,,gap: no matching rows in this year
Iceland,2003,Veðurstofa Íslands (Icelandic Meteorological Office),science_agency,588800000.0,krona,ISK,program_total,Gjöld samtals,2003 0608.pdf,205,
Iceland,2004,Veðurstofa Íslands (Icelandic Meteorological Office),science_agency,603400000.0,krona,ISK,program_total,Gjöld samtals,2004 0588.pdf,186,
Iceland,2005,Veðurstofa Íslands (Icelandic Meteorological Office),science_agency,718200000.0,krona,ISK,program_total,Gjöld samtals,2005 0536.pdf,185,
Iceland,2006,Veðurstofa Íslands (Icelandic Meteorological Office),science_agency,746800000.0,krona,ISK,program_total,Gjöld samtals,2006 0540.pdf,174,
Iceland,2007,Veðurstofa Íslands (Icelandic Meteorological Office),science_agency,811000000.0,krona,ISK,program_total,Gjöld samtals,2007 0550.pdf,172,
Iceland,2008,Veðurstofa Íslands (Icelandic Meteorological Office),science_agency,757100000.0,krona,ISK,line_item,Almennur rekstur,2008 0507.pdf,169,
Iceland,2009,Veðurstofa Íslands (Icelandic Meteorological Office),science_agency,1328100000.0,krona,ISK,line_item,Almennur rekstur,2009 0481.pdf,166,
Iceland,2010,Veðurstofa Íslands (Icelandic Meteorological Office),science_agency,1576900000.0,krona,ISK,program_total,Gjöld samtals,2010 0594.pdf,162,
Iceland,2011,Veðurstofa Íslands (Icelandic Meteorological Office),science_agency,1518100000.0,krona,ISK,program_total,Gjöld samtals,2011 0556.pdf,156,
Iceland,2012,Veðurstofa Íslands (Icelandic Meteorological Office),science_agency,1606700000.0,krona,ISK,program_total,Gjöld samtals,2012 0493.pdf,153,
Iceland,2013,Veðurstofa Íslands (Icelandic Meteorological Office),science_agency,1713300000.0,krona,ISK,program_total,Gjöld samtals,2013 0801.pdf,154,
Iceland,2014,Veðurstofa Íslands (Icelandic Meteorological Office),science_agency,1715600000.0,krona,ISK,program_total,Gjöld samtals,2014 0497.pdf,146,
Iceland,2015,Veðurstofa Íslands (Icelandic Meteorological Office),science_agency,2442100.0,krona,ISK,program_total,Gjöld samtals,2015 0801.pdf,142,
Iceland,2016,Veðurstofa Íslands (Icelandic Meteorological Office),science_agency,2301200000.0,krona,ISK,verified_override,Verified against original Iceland budget file,2016 0703.pdf,8277,manual override from original Iceland budget file
Iceland,2017,Veðurstofa Íslands (Icelandic Meteorological Office),science_agency,,,,,,,,gap: no matching rows in this year
Iceland,2018,Veðurstofa Íslands (Icelandic Meteorological Office),science_agency,,,,,,,,gap: no matching rows in this year
Iceland,2019,Veðurstofa Íslands (Icelandic Meteorological Office),science_agency,2473900000.0,krona,ISK,line_item,Research and Development,2019 s0632-f_I.pdf,32,
Iceland,2020,Veðurstofa Íslands (Icelandic Meteorological Office),science_agency,2520300000.0,krona,ISK,verified_override,Verified against original Iceland budget file,2020 s0561-f_I.pdf,5958,manual override from original Iceland budget file
Iceland,2021,Veðurstofa Íslands (Icelandic Meteorological Office),science_agency,1983900000.0,krona,ISK,line_item,Almennur rekstur,2021 s0726-f_I.pdf,85,
Iceland,2022,Veðurstofa Íslands (Icelandic Meteorological Office),science_agency,4868600000.0,krona,ISK,program_total,Samtals,2022 s0286-f_I.pdf,74,
Iceland,2023,Veðurstofa Íslands (Icelandic Meteorological Office),science_agency,3073700000.0,krona,ISK,line_item,Icelandic Meteorological Office,2023 s0881-f_I.pdf,27,
Iceland,2024,Veðurstofa Íslands (Icelandic Meteorological Office),science_agency,3702800000.0,krona,ISK,line_item,Veðurstofa Íslands,2024 s0854-f_I.pdf,68,
Iceland,2025,Veðurstofa Íslands (Icelandic Meteorological Office),science_agency,,,,,,,,gap: no matching rows in this year
Iceland,1975,Vísindaráð (Science Council),science_agency,,,,,,,,gap: no matching rows in this year
Iceland,1976,Vísindaráð (Science Council),science_agency,50000000.0,krona,ISK,program_total,Total,1976 0292.pdf,91,Science Council. Merged into Rannís 2003.
Iceland,1977,Vísindaráð (Science Council),science_agency,,,,,,,,gap: no matching rows in this year
Iceland,1978,Vísindaráð (Science Council),science_agency,,,,,,,,gap: no matching rows in this year
Iceland,1979,Vísindaráð (Science Council),science_agency,,,,,,,,gap: no matching rows in this year
Iceland,1980,Vísindaráð (Science Council),science_agency,,,,,,,,gap: no matching rows in this year
Iceland,1981,Vísindaráð (Science Council),science_agency,11800000.0,unit,ISK,section_total,Total expenses,1981 0382.pdf,88,Science Council. Merged into Rannís 2003.
Iceland,1982,Vísindaráð (Science Council),science_agency,,,,,,,,gap: no matching rows in this year
Iceland,1983,Vísindaráð (Science Council),science_agency,,,,,,,,gap: no matching rows in this year
Iceland,1984,Vísindaráð (Science Council),science_agency,10700000.0,krona,ISK,section_total,Total,1984 0305.pdf,104,Science Council. Merged into Rannís 2003.
Iceland,1985,Vísindaráð (Science Council),science_agency,,,,,,,,gap: no matching rows in this year
Iceland,1986,Vísindaráð (Science Council),science_agency,,,,,,,,gap: no matching rows in this year
Iceland,1987,Vísindaráð (Science Council),science_agency,3000000.0,krona,ISK,line_item,Salaries,1987 0499.pdf,172,Science Council. Merged into Rannís 2003.
Iceland,1988,Vísindaráð (Science Council),science_agency,321381000.0,krona,ISK,section_total,Total,1988 0434.pdf,80,Science Council. Merged into Rannís 2003.
Iceland,1989,Vísindaráð (Science Council),science_agency,15950000.0,krona,ISK,program_total,Gjéld samtals,1989 0430.pdf,57,Science Council. Merged into Rannís 2003.
Iceland,1990,Vísindaráð (Science Council),science_agency,104229000.0,krona,ISK,line_item,General operations,1990 0496.pdf,80,Science Council. Merged into Rannís 2003.
Iceland,1991,Vísindaráð (Science Council),science_agency,11880000.0,krona,ISK,program_total,Total,1991 0478.pdf,25,Science Council. Merged into Rannís 2003.
Iceland,1992,Vísindaráð (Science Council),science_agency,11100000.0,krona,ISK,line_item,General Operations,1992 0374.pdf,26,Science Council. Merged into Rannís 2003.
Iceland,1993,Vísindaráð (Science Council),science_agency,11300000.0,krona,ISK,line_item,Science Council,1993 0546.pdf,25,Science Council. Merged into Rannís 2003.
Iceland,1994,Vísindaráð (Science Council),science_agency,11400000.0,krona,ISK,program_total,Total expenses,1994 0488.pdf,26,Science Council. Merged into Rannís 2003.
Iceland,1995,Vísindaráð (Science Council),science_agency,25000000.0,krona,ISK,line_item,Science Fund,1995 0503.pdf,26,Science Council. Merged into Rannís 2003.
Iceland,1996,Vísindaráð (Science Council),science_agency,20000000.0,krona,ISK,verified_override,Verified against original Iceland budget file,1996 0500.pdf,611,Science Council. Merged into Rannís 2003.; manual override from original Iceland budget file
Iceland,1997,Vísindaráð (Science Council),science_agency,25000000.0,krona,ISK,program_total,Science Fund,1997 0509.pdf,67,Science Council. Merged into Rannís 2003.
Iceland,1998,Vísindaráð (Science Council),science_agency,165000000.0,krona,ISK,program_total,Operating costs,1998 0706.pdf,34,Science Council. Merged into Rannís 2003.
Iceland,1999,Vísindaráð (Science Council),science_agency,46800000.0,krona,ISK,section_total,Total,1999 0631.pdf,90,Science Council. Merged into Rannís 2003.
Iceland,2000,Vísindaráð (Science Council),science_agency,75600000.0,krona,ISK,program_total,Research,2000 0455.pdf,34,Science Council. Merged into Rannís 2003.
Iceland,2001,Vísindaráð (Science Council),science_agency,201500000.0,krona,ISK,line_item,Basic research in natural sciences,2001 0489.pdf,222,Science Council. Merged into Rannís 2003.
Iceland,2002,Vísindaráð (Science Council),science_agency,80000000.0,krona,ISK,program_total,Total,2002 0516.pdf,258,Science Council. Merged into Rannís 2003.
Iceland,2003,Vísindaráð (Science Council),science_agency,,,,,,,,gap: no matching rows in this year
Iceland,1975,Vísindasjóður (Science Fund),science_agency,,,,,,,,gap: no matching rows in this year
Iceland,1976,Vísindasjóður (Science Fund),science_agency,250990000.0,krona,ISK,line_item,Contributions from the state treasury,1976 0292.pdf,91,"Science Fund. Code 975 in early budgets, later 02-235. Merged into Rannís 2003."
Iceland,1977,Vísindasjóður (Science Fund),science_agency,375996000.0,krona,ISK,program_total,Total expenses,1977 0282.pdf,92,"Science Fund. Code 975 in early budgets, later 02-235. Merged into Rannís 2003."
Iceland,1978,Vísindasjóður (Science Fund),science_agency,166564000.0,krona,ISK,program_total,Total expenditures,1978 0300.pdf,28,"Science Fund. Code 975 in early budgets, later 02-235. Merged into Rannís 2003."
Iceland,1979,Vísindasjóður (Science Fund),science_agency,60500000.0,krona,ISK,program_total,Total expenses,1979 0313.pdf,95,"Science Fund. Code 975 in early budgets, later 02-235. Merged into Rannís 2003."
Iceland,1980,Vísindasjóður (Science Fund),science_agency,,,,,,,,gap: no matching rows in this year
Iceland,1981,Vísindasjóður (Science Fund),science_agency,80000000.0,krona,ISK,section_total,Total expenditures,1981 0382.pdf,28,"Science Fund. Code 975 in early budgets, later 02-235. Merged into Rannís 2003."
Iceland,1982,Vísindasjóður (Science Fund),science_agency,80000000.0,krona,ISK,program_total,Total expenditures,1982 0271.pdf,29,"Science Fund. Code 975 in early budgets, later 02-235. Merged into Rannís 2003."
Iceland,1983,Vísindasjóður (Science Fund),science_agency,6930000.0,krona,ISK,line_item,Transfers,1983 0247.pdf,108,"Science Fund. Code 975 in early budgets, later 02-235. Merged into Rannís 2003."
Iceland,1984,Vísindasjóður (Science Fund),science_agency,6700000.0,krona,ISK,program_total,Total expenditures,1984 0305.pdf,31,"Science Fund. Code 975 in early budgets, later 02-235. Merged into Rannís 2003."
Iceland,1985,Vísindasjóður (Science Fund),science_agency,45443000.0,krona,ISK,program_total,Total expenditures,1985 0001.pdf,49,"Science Fund. Code 975 in early budgets, later 02-235. Merged into Rannís 2003."
Iceland,1986,Vísindasjóður (Science Fund),science_agency,65448000.0,krona,ISK,program_total,General operations,1986 0430.pdf,52,"Science Fund. Code 975 in early budgets, later 02-235. Merged into Rannís 2003."
Iceland,1987,Vísindasjóður (Science Fund),science_agency,22500000.0,krona,ISK,program_total,Total,1987 0499.pdf,164,"Science Fund. Code 975 in early budgets, later 02-235. Merged into Rannís 2003."
Iceland,1988,Vísindasjóður (Science Fund),science_agency,321381000.0,krona,ISK,section_total,Total,1988 0434.pdf,80,"Science Fund. Code 975 in early budgets, later 02-235. Merged into Rannís 2003."
Iceland,1989,Vísindasjóður (Science Fund),science_agency,79840000.0,krona,ISK,line_item,Oversight,1989 0430.pdf,176,"Science Fund. Code 975 in early budgets, later 02-235. Merged into Rannís 2003."
Iceland,1990,Vísindasjóður (Science Fund),science_agency,97000000.0,krona,ISK,program_total,Total,1990 0496.pdf,190,"Science Fund. Code 975 in early budgets, later 02-235. Merged into Rannís 2003."
Iceland,1991,Vísindasjóður (Science Fund),science_agency,134000000.0,krona,ISK,program_total,Transfers,1991 0478.pdf,209,"Science Fund. Code 975 in early budgets, later 02-235. Merged into Rannís 2003."
Iceland,1992,Vísindasjóður (Science Fund),science_agency,125000000.0,krona,ISK,program_total,Total,1992 0374.pdf,241,"Science Fund. Code 975 in early budgets, later 02-235. Merged into Rannís 2003."
Iceland,1993,Vísindasjóður (Science Fund),science_agency,25000000.0,krona,ISK,line_item,Science Fund,1993 0546.pdf,25,"Science Fund. Code 975 in early budgets, later 02-235. Merged into Rannís 2003."
Iceland,1994,Vísindasjóður (Science Fund),science_agency,25000000.0,krona,ISK,line_item,Initial costs,1994 0488.pdf,26,"Science Fund. Code 975 in early budgets, later 02-235. Merged into Rannís 2003."
Iceland,1995,Vísindasjóður (Science Fund),science_agency,25000000.0,krona,ISK,line_item,Research projects,1995 0503.pdf,26,"Science Fund. Code 975 in early budgets, later 02-235. Merged into Rannís 2003."
Iceland,1996,Vísindasjóður (Science Fund),science_agency,15000000.0,krona,ISK,line_item,Initial costs,1996 0500.pdf,25,"Science Fund. Code 975 in early budgets, later 02-235. Merged into Rannís 2003."
Iceland,1997,Vísindasjóður (Science Fund),science_agency,200000000.0,krona,ISK,program_total,Research Fund,1997 0509.pdf,67,"Science Fund. Code 975 in early budgets, later 02-235. Merged into Rannís 2003."
Iceland,1998,Vísindasjóður (Science Fund),science_agency,140000000.0,krona,ISK,line_item,Share of state revenues,1998 0706.pdf,35,"Science Fund. Code 975 in early budgets, later 02-235. Merged into Rannís 2003."
Iceland,1999,Vísindasjóður (Science Fund),science_agency,161500000.0,krona,ISK,line_item,Science fund,1999 0631.pdf,34,"Science Fund. Code 975 in early budgets, later 02-235. Merged into Rannís 2003."
Iceland,2000,Vísindasjóður (Science Fund),science_agency,85000000.0,krona,ISK,program_total,Research and development,2000 0455.pdf,35,"Science Fund. Code 975 in early budgets, later 02-235. Merged into Rannís 2003."
Iceland,2001,Vísindasjóður (Science Fund),science_agency,340400000.0,krona,ISK,program_total,Total,2001 0489.pdf,222,"Science Fund. Code 975 in early budgets, later 02-235. Merged into Rannís 2003."
Iceland,2002,Vísindasjóður (Science Fund),science_agency,95000000.0,krona,ISK,line_item,Research and Development in Information Technology and Environmental Issues,2002 0516.pdf,37,"Science Fund. Code 975 in early budgets, later 02-235. Merged into Rannís 2003."
Iceland,2003,Vísindasjóður (Science Fund),science_agency,210100000.0,krona,ISK,program_total,Total Expenditures,2003 0608.pdf,50,"Science Fund. Code 975 in early budgets, later 02-235. Merged into Rannís 2003."
