canonical_name,category,year,source_file,entity_raw,amount_current,section_name,table_index,row_index,in_series
ASI — Agenzia Spaziale Italiana,science_agency,1990,1990 19891229_302_SO_097.pdf,Istituzione dell'Agenzia spaziale italiana,800000000000.0,Italian Space Agency,0,302,True
ASI — Agenzia Spaziale Italiana,science_agency,1991,1991 19901231_303_SO_092.pdf,Contributo all'Agenzia Spaziale Italiana,700000000.0,Contribution to the Italian Space Agency,0,376,True
ASI — Agenzia Spaziale Italiana,science_agency,1992,1992 19911231_305_SO_094.pdf,SOMMA DA ASSEGNARE ALL'AGENZIA SPAZIALE ITALIANA,800000000000.0,Universities and Scientific Research,0,450,True
ASI — Agenzia Spaziale Italiana,science_agency,1993,1993 19921229_304_SO_135.pdf,"Legge 30 maggio 1988, n. 186: Istituzione dell'Agenzia spaziale italiana (cap. 7504)",800000000.0,Ministry of University and Scientific and Technological Research,0,458,True
ASI — Agenzia Spaziale Italiana,science_agency,1993,1993 19921229_304_SO_136.pdf,CONTRIBUTO ALL'AGENZIA SPAZIALE ITALIANA,900000000000.0,Universities and Scientific Research,0,528,True
ASI — Agenzia Spaziale Italiana,science_agency,1994,1994 19931228_303_SO_122.pdf,CONTRIBUTO ALL'AGENZIA SPAZIALE ITALIANA,800000000000.0,Scientific and Technological Research,0,596,True
ASI — Agenzia Spaziale Italiana,science_agency,1995,1995 19941230_304_SO_175.pdf,CONTRIBUTO ALL'AGENZIA SPAZIALE ITALIANA,850000000000.0,Universities and Scientific Research,0,693,True
ASI — Agenzia Spaziale Italiana,science_agency,1996,1996 19951229_302_SO_154.pdf,CONTRIBUTO ALL'AGENZIA SPAZIALE ITALIANA PER I PROGRAMMI NAZIONALI E BILATERALI,385950000000.0,Contribution to the Italian Space Agency for National and Bilateral Programs,0,794,True
ASI — Agenzia Spaziale Italiana,science_agency,2013,2013 20121229_302_SO_212.pdf,Agenzia spaziale italiana,2828009000.0,"Ministry of Education, University and Research",0,929,True
CNR — Consiglio Nazionale delle Ricerche,science_agency,1986,1986 19860228_049_SO_013.pdf,"Legge 22 dicembre 1977, n. 951: Disposizioni per la formazione del bilancio di previsione dello Stato: Art. 11 - Autorizzazione di spesa in relazione all'articolo 18 del decreto legislativo luogotenenziale del 1° marzo 1945, n. 82, ed agli impegni in materia di personale non statale addetto agli istituti scientifici ed ai centri di studio, di cui al decreto legislativo 7 maggio 1948, n.1167 (cap. 7141) (CNR)",698000000000.0,Ministry of University and Research,0,6,True
CNR — Consiglio Nazionale delle Ricerche,science_agency,1986,1986 19860228_049_SO_014.pdf,"Assegnazione autorizzata a favore del Consiglio nazionale delle ricerche, per l'anno finanziario 1986.",203000000000.0,National Research Council,0,14,True
CNR — Consiglio Nazionale delle Ricerche,science_agency,1986,1986 19860228_049_SO_014.pdf,CONTRIBUTI STRAORDINARI AL CONSIGLIO NAZIONALE DELLE RICERCHE PER L'ATTUAZIONE DI PROGRAMNI SPAZIALI NAZIONALI,187000000000.0,PRESIDENCY OF THE COUNCIL OF MINISTERS,0,19,True
CNR — Consiglio Nazionale delle Ricerche,science_agency,1987,1987 19861230_301_SO_125.pdf,SOMMA VERSATA DAL CONSIGLIO NAZIONALE DELLE RICERCHE PER LA REALIZZAZIONE DEI PROGETTI FINALIZZATI OI RICERCA IN COLLABORAZIONE CON IL CENTRO STUDI ED ESPERIENZE DEL MINISTERO DELL'INTERNO,,Research and Innovation,0,86,True
CNR — Consiglio Nazionale delle Ricerche,science_agency,1987,1987 19861230_301_SO_125.pdf,CONTRIBUTI STRAORDINARI AL CONSIGLIO NAZIONALE DELLE RICERCHE PER L'ATTUAZIONE DI PROGRAMMI SPAZIALI NAZIONALI,400000000000.0,Presidency of the Council of Ministers,0,89,True
CNR — Consiglio Nazionale delle Ricerche,science_agency,1987,1987 19861230_301_SO_125.pdf,CONTRIBUTO AL CNR PER L'ISTITUZIONE DI BORSE DI STUDIO PER GIOVANI LAUREATI NEL MEZZOGIORNO,25000000000.0,Ministry of University and Scientific and Technological Research,0,98,True
CNR — Consiglio Nazionale delle Ricerche,science_agency,1987,1987 19861230_301_SO_125.pdf,Spese per la realizzazione dei progetti finalizzati di ricerca in collaborazione tra il Consiglio Nazionale delle Ricerche e il Centro Studi ed Esperienze.,,Ministry of University and Scientific and Technological Research,0,120,True
CNR — Consiglio Nazionale delle Ricerche,science_agency,1988,1988 19880319_066_SO_020.pdf,Contributi straordinari al Consiglio Nazionale delle Ricerche per l'attuazione di programmi spaziali nazionali,380000000000.0,Ministry of University and Scientific and Technological Research,0,156,True
CNR — Consiglio Nazionale delle Ricerche,science_agency,1988,1988 19880319_066_SO_020.pdf,SOMMA DA ASSEGNARE AL CNR PER LA COSTRUZIONE DELL'AREA DI RICERCA DI FRASCATI,,Services for the Coordination of Scientific and Technological Research,0,162,True
CNR — Consiglio Nazionale delle Ricerche,science_agency,1988,1988 19880319_066_SO_020.pdf,Contributo al C.N.R. per borse di studio per giovani laureati nel Mezzogiorno.,25000000000.0,Ministry of University and Scientific and Technological Research,0,166,True
CNR — Consiglio Nazionale delle Ricerche,science_agency,1989,1989 19881230_305_SO_114.pdf,Finanziamento della ricerca per il CNR,200000000000.0,National Research Council,0,232,True
CNR — Consiglio Nazionale delle Ricerche,science_agency,1989,1989 19881230_305_SO_114.pdf,CONTRIBUTO AL CONSIGLIO NAZIONALE DELLE RICERCHE PER L'ATTRIBUZIONE DI BORSE DI STUDIO IN FAVORE DI GIOVANI LAUREATI E DIPLOMATI RESIDENTI NEL MEZZOGIORNO,25000000.0,Ministry of University and Scientific and Technological Research,0,235,True
CNR — Consiglio Nazionale delle Ricerche,science_agency,1989,1989 19881230_305_SO_114.pdf,SPESE PER ACQUISTO DI BENI E SERVIZI PER LA REALIZZAZIONE DEI PROGETTI FINALIZZATI DI RICERCA IN COLLABORAZIONE TRA IL CONSIGLIO NAZIONALE DELLE RICERCHE E IL CENTRO STUDI ED ESPERIENZE,,Ministry of University and Scientific and Technological Research,0,266,True
CNR — Consiglio Nazionale delle Ricerche,science_agency,1990,1990 19891229_302_SO_097.pdf,Contributo al CNR,550000000000.0,National Research Council,0,301,True
CNR — Consiglio Nazionale delle Ricerche,science_agency,1991,1991 19901231_303_SO_091.pdf,Contributo al CNR,1000000000000.0,Ministry of University and Scientific and Technological Research,0,311,True
CNR — Consiglio Nazionale delle Ricerche,science_agency,1991,1991 19901231_303_SO_092.pdf,Contributo al Consiglio Nazionale delle Ricerche,1000000000.0,Contribution to the National Research Council,0,375,True
CNR — Consiglio Nazionale delle Ricerche,science_agency,1992,1992 19911231_305_SO_094.pdf,CONTRIBUTO AL CONSIGLIO NAZIONALE DELLE RICERCHE,1110000000000.0,Universities and Scientific Research,0,447,True
CNR — Consiglio Nazionale delle Ricerche,science_agency,1992,1992 19911231_305_SO_094.pdf,SOMMA DA ASSEGNARE AL CNR PER LA REALIZZAZIONE DI PROGETTI IMMEDIATAMENTE ESEGUIBILI,3000000000.0,Universities and Scientific Research,0,448,True
CNR — Consiglio Nazionale delle Ricerche,science_agency,1992,1992 19911231_305_SO_094.pdf,SOMMA DA ASSEGNARE AL CNR PER LA COSTRUZIONE DELL'AREA DI RICERCA DI FRASCATI,200000000000.0,Universities and Scientific Research,0,451,True
CNR — Consiglio Nazionale delle Ricerche,science_agency,1993,1993 19921229_304_SO_135.pdf,"Legge 22 dicembre 1977, n. 951: Disposizioni per la formazione del bilancio di previsione dello Stato: - Art. 11: contributo al C.N.R. (cap. (a) (a) (a)",,Ministry of University and Scientific and Technological Research,0,457,True
CNR — Consiglio Nazionale delle Ricerche,science_agency,1993,1993 19921229_304_SO_136.pdf,SPESE PER REALIZZAZIONE DI PROGETTI FINALIZZATI DI RICERCA IN COLLABORAZIONE TRA IL CONSIGLIO NAZIONALE DELLE RICERCHE E IL CENTRO STUDI ED ESPERIENZE,2700000000.0,Ministry of University and Scientific and Technological Research,0,469,True
CNR — Consiglio Nazionale delle Ricerche,science_agency,1993,1993 19921229_304_SO_136.pdf,CONTRIBUTO AL CONSIGLIO NAZIONALE DELLE RICERCHE,1090000000000.0,Universities and Scientific Research,0,527,True
CNR — Consiglio Nazionale delle Ricerche,science_agency,1994,1994 19931228_303_SO_121.pdf,Contributo al CNR (cap. 7502),1047000000000.0,Ministry of University and Scientific and Technological Research,0,533,True
CNR — Consiglio Nazionale delle Ricerche,science_agency,1994,1994 19931228_303_SO_122.pdf,"Assegnazione autorizzata a favore del Consiglio nazionale delle ricerche, per l'anno finanziario 1994, è comprensiva, nel limite di lire 300 miliardi, delle somme per il finanziamento degli oneri destinati alla realizzazione dei programmi finalizzati",300000000000.0,Ministry of University and Scientific and Technological Research,0,540,True
CNR — Consiglio Nazionale delle Ricerche,science_agency,1994,1994 19931228_303_SO_122.pdf,CONTRIBUTO AL CONSIGLIO NAZIONALE DELLE RICERCHE,1047000000000.0,Scientific and Technological Research,0,595,True
CNR — Consiglio Nazionale delle Ricerche,science_agency,1994,1994 19931228_303_SO_122.pdf,SOMMA DA ASSEGNARE AL CNR PER LA REALIZZAZIONE DI PROGETTI IMMEDIATAMENTE ESEGUIBILI RELATIVI ALL'AREA DI RICERCA DI PISA,,Scientific and Technological Research,0,600,True
CNR — Consiglio Nazionale delle Ricerche,science_agency,1995,1995 19941230_304_SO_174.pdf,Contributo al C.N.R. (cap. 7502),788000000000.0,Ministry of University and Scientific and Technological Research,0,614,True
CNR — Consiglio Nazionale delle Ricerche,science_agency,1995,1995 19941230_304_SO_175.pdf,CONTRIBUTO AL CONSIGLIO NAZIONALE DELLE RICERCHE,1037000000000.0,Universities and Scientific Research,0,692,True
CNR — Consiglio Nazionale delle Ricerche,science_agency,1996,1996 19951229_302_SO_154.pdf,SOMME VERSATE DAL CONSIGLIO NAZIONALE DELLE RICERCHE PER LA REALIZZAZIONE DEI PROGETTI FINALIZZATI DI RICERCA IN COLLABORAZIONE CON IL CENTRO STUDI ED ESPERIENZE DEL MINISTERO DELL'INTERNO,,National Research Council,0,715,True
CNR — Consiglio Nazionale delle Ricerche,science_agency,1996,1996 19951229_302_SO_154.pdf,CONTRIBUTO AL CONSIGLIO NAZIONALE DELLE RICERCHE,1050000000000.0,Contribution to the National Research Council,0,793,True
CNR — Consiglio Nazionale delle Ricerche,science_agency,1996,1996 19951229_302_SO_154.pdf,SONA DA ASSEGNARE AL CNR PER LA COSTRUZIONE DELL'AREA DI RICERCA DI FRASCATI,3800000000.0,Funds to be allocated to CNR for the construction of the research area in Frascati,0,796,True
CNR — Consiglio Nazionale delle Ricerche,science_agency,1997,1997 19961228_303_SO_233.pdf,Contributo al C.N.R.,1000000000000.0,Ministry of University and Scientific and Technological Research,0,803,True
CNR — Consiglio Nazionale delle Ricerche,science_agency,2009,2009 20081230_303_SO_286.pdf,Riordino del Consiglio Nazionale delle Ricerche (C.N.R.),213626000.0,MINISTRY FOR CULTURAL HERITAGE AND ACTIVITIES,0,864,True
CNR — Consiglio Nazionale delle Ricerche,science_agency,2013,2013 20121229_302_SO_212.pdf,Consiglio nazionale delle ricerche,16121207000.0,"Ministry of Education, University and Research",0,930,True
CNR — Consiglio Nazionale delle Ricerche,science_agency,2016,2016 20151230_302_SO_071.pdf,"Assegnazione autorizzata a favore del Consiglio nazionale delle ricerche, per l’anno finanziario 2016, è comprensiva della somma, determinata nella misura massima di 2.582.284 euro, a favore dell’Istituto di biologia cellulare per attività internazionale afferente all’area di Monterotondo.",2582284000.0,"Ministry of Education, Universities and Research",0,938,True
CNR — Consiglio Nazionale delle Ricerche,science_agency,2019,2019 20181231_302_SO_062.pdf,Contributo straordinario al Consiglio nazionale delle ricerche,30000000000.0,"Ministry of Education, Universities and Research",0,1061,True
CNR — Consiglio Nazionale delle Ricerche,science_agency,2020,2020 20191230_304_SO_045.pdf,spesa di 750.000 euro per l’anno 2020 a favore del Consiglio nazionale delle ricerche,750000000.0,Research and Innovation,0,1185,True
CNR — Consiglio Nazionale delle Ricerche,science_agency,2022,2022 20211231_310_SO_049.pdf,Contributo per le attività di ricerca finalizzate al contenimento della diffusione dell’organismo nocivo « Xylella fastidiosa » condotte dal CNR,5000000000.0,Ministry of University and Research,0,1261,True
CNR — Consiglio Nazionale delle Ricerche,science_agency,2023,2023 20221229_303_SO_043.pdf,Contributo straordinario al Consiglio nazionale delle ricerche (CNR) per l'anno 2023,15000000000.0,Ministry of University and Research,0,1274,True
ENEA,science_agency,1986,1986 19860228_049_SO_014.pdf,CONTRIBUTO ALL’ENEA PER IL PROGRAMMA NAZIONALE DI RICERCHE IN ANTARTIDE,23000000000.0,SERVICES FOR THE COORDINATION OF SCIENTIFIC AND TECHNOLOGICAL RESEARCH,0,22,True
ENEA,science_agency,1987,1987 19861230_301_SO_125.pdf,CONTRIBUTO ALL’ENEA PER IL PROGRAMMA NAZIONALE DI RICERCHE IN ANTARTIDE,50000000000.0,Services for the Coordination of Scientific and Technological Research,0,92,True
ENEA,science_agency,1987,1987 19861230_301_SO_125.pdf,CONTRIBUTO AL COMITATO NAZIONALE PER LA RICERCA E PER LO SVILUPPO DELL'ENERGIA NUCLEARE E DELLE ENERGIE ALTERNATIVE (ENEA),590000000000.0,Ministry of University and Scientific and Technological Research,0,140,True
ENEA,science_agency,1988,1988 19880319_066_SO_020.pdf,CONTRIBUTO ALL'ENEA PER IL PROGRAMMA NAZIONALE DI RICERCHE IN ANTARTIDE,50000000000.0,Services for the Coordination of Scientific and Technological Research,0,161,True
ENEA,science_agency,1990,1990 19891229_302_SO_097.pdf,Piano finanziamento ENEA,700000000000.0,"Ministry of Industry, Commerce and Crafts",0,298,True
ENEA,science_agency,1991,1991 19901231_303_SO_092.pdf,Piano finanziamento ENEA,500000000000.0,Ministry of University and Scientific and Technological Research,0,325,True
ENEA,science_agency,1991,1991 19901231_303_SO_092.pdf,Contributo all'ENEA per il programma nazionale di ricerche in Antartide,320000000.0,Contribution to ENEA for the National Research Program in Antarctica,0,377,True
ENEA,science_agency,1994,1994 19931228_303_SO_122.pdf,"CONTRIBUTO ALL'ENTE PER LE NUOVE TECNOLOGIE, L'ENERGIA E L'AMBIENTE (E.N.E.A.)",550000000000.0,"National Agency for New Technologies, Energy and Sustainable Economic Development",0,575,True
ENEA,science_agency,1994,1994 19931228_303_SO_122.pdf,CONTRIBUTO ALL’ENEA PER IL PROGRAMMA NAZIONALE DI RICERCHE IN ANTARTIDE,34000000000.0,Scientific and Technological Research,0,597,True
ENEA,science_agency,1995,1995 19941230_304_SO_175.pdf,"CONTRIBUTO ALL'ENTE PER LE NUOVE TECNOLOGIE, L'ENERGIA E L'AMBIENTE (E.N.E.A.)",450000000.0,"Industry, Commerce and Craftsmanship",0,675,True
ENEA,science_agency,1996,1996 19951229_302_SO_153.pdf,Contributo all'ENEA per il programma IGNITOR,9700000000.0,MINISTRY OF UNIVERSITY AND SCIENTIFIC AND TECHNOLOGICAL RESEARCH,0,709,True
ENEA,science_agency,1996,1996 19951229_302_SO_154.pdf,"CONTRIBUTO ALL'ENTE PER LE NUOVE TECNOLOGIE, L'ENERGIA E L'AMBIENTE (E.N.E.A.)",475000000000.0,Ministry of University and Research,0,756,True
ENEA,science_agency,1996,1996 19951229_302_SO_154.pdf,CONTRIBUTO ALL'ENEA PER IL PROGRAMA NAZIONALE DI RICERCHE IN ANTARTIDE,29700000000.0,Contribution to ENEA for the National Research Program in Antarctica,0,795,True
FIRST / FAR / FIRB — Fondi per la ricerca,direct_rd,1988,1988 19880319_066_SO_020.pdf,Fondo per gli Investimenti nella Ricerca Scientifica e Tecnologica,1500000000.0,Ministry of University and Scientific and Technological Research,0,174,False
FIRST / FAR / FIRB — Fondi per la ricerca,direct_rd,1989,1989 19881230_305_SO_114.pdf,Fondo per gli Investimenti nella Ricerca Scientifica e Tecnologica,13000000000.0,Ministry of University and Scientific and Technological Research,0,257,False
FIRST / FAR / FIRB — Fondi per la ricerca,direct_rd,1994,1994 19931228_303_SO_122.pdf,Fondo per gli Investimenti nella Ricerca Scientifica e Tecnologica,,Ministry of University and Scientific and Technological Research,0,546,False
FIRST / FAR / FIRB — Fondi per la ricerca,direct_rd,1994,1994 19931228_303_SO_122.pdf,Fondo per gli Investimenti nella Ricerca Scientifica e Tecnologica,1000000000.0,Research and Innovation,0,562,False
FIRST / FAR / FIRB — Fondi per la ricerca,direct_rd,1995,1995 19941230_304_SO_175.pdf,FONDO OCCORRENTE PER FAR FRONTE AD ONERI DIPENDENTI DA PROV. LEGISLATIVI IN CORSO,40000000000.0,MINISTRY OF UNIVERSITY AND SCIENTIFIC AND TECHNOLOGICAL RESEARCH,0,620,True
FIRST / FAR / FIRB — Fondi per la ricerca,direct_rd,1996,1996 19951229_302_SO_154.pdf,Fondo per gli Investimenti nella Ricerca Scientifica e Tecnologica,50000000000.0,Ministry of University and Research,0,775,True
FIRST / FAR / FIRB — Fondi per la ricerca,direct_rd,1996,1996 19951229_302_SO_154.pdf,Fondo Agevolazioni alla Ricerca,15000000000.0,Ministry of University and Research,0,777,True
FIRST / FAR / FIRB — Fondi per la ricerca,direct_rd,2010,2010 20091230_302_SO_244.pdf,Fondo per gli Investimenti nella Ricerca Scientifica e Tecnologica,550000000.0,Research and Innovation,0,873,True
FIRST / FAR / FIRB — Fondi per la ricerca,direct_rd,2017,2017 20161221_297_SO_057.pdf,Fondo per gli investimenti nella ricerca scientifica e tecnologica,50000000000.0,"Ministry of Education, Universities and Research",0,940,True
FIRST / FAR / FIRB — Fondi per la ricerca,direct_rd,2017,2017 20161221_297_SO_057.pdf,Fondo Agevolazioni alla Ricerca,20000000000.0,"Ministry of Education, Universities and Research",0,942,True
FIRST / FAR / FIRB — Fondi per la ricerca,direct_rd,2018,2018 20171229_302_SO_062.pdf,Fondo per gli Investimenti nella Ricerca Scientifica e Tecnologica,200000000000.0,Ministry of University and Research,0,964,True
FIRST / FAR / FIRB — Fondi per la ricerca,direct_rd,2018,2018 20171229_302_SO_062.pdf,Fondo per gli Investimenti nella Ricerca Scientifica e Tecnologica,500000000000.0,Ministry of University and Research,0,969,True
FIRST / FAR / FIRB — Fondi per la ricerca,direct_rd,2018,2018 20171229_302_SO_062.pdf,Fondo per gli Investimenti nella Ricerca Scientifica e Tecnologica,300000000000.0,"Ministry of Education, Universities and Research",0,975,True
FIRST / FAR / FIRB — Fondi per la ricerca,direct_rd,2018,2018 20171229_302_SO_062.pdf,Fondo per gli Investimenti nella Ricerca Scientifica e Tecnologica,1000000000000.0,"Education, University and Research",0,979,True
FIRST / FAR / FIRB — Fondi per la ricerca,direct_rd,2018,2018 20171229_302_SO_062.pdf,Fondo per gli Investimenti nella Ricerca Scientifica e Tecnologica,265829592000.0,"Education, University and Research",0,984,True
FIRST / FAR / FIRB — Fondi per la ricerca,direct_rd,2018,2018 20171229_302_SO_062.pdf,Fondo per gli Investimenti nella Ricerca Scientifica e Tecnologica,1100000000000.0,"Education, University and Research",0,989,True
FIRST / FAR / FIRB — Fondi per la ricerca,direct_rd,2018,2018 20171229_302_SO_062.pdf,Fondo per gli Investimenti nella Ricerca Scientifica e Tecnologica,1000000000000.0,"Education, University and Research",0,994,True
FIRST / FAR / FIRB — Fondi per la ricerca,direct_rd,2018,2018 20171229_302_SO_062.pdf,Fondo per gli Investimenti nella Ricerca Scientifica e Tecnologica,500000000000.0,Ministry of University and Research,0,1014,True
FIRST / FAR / FIRB — Fondi per la ricerca,direct_rd,2018,2018 20171229_302_SO_062.pdf,Fondo per gli Investimenti nella Ricerca Scientifica e Tecnologica,30000000000.0,"Ministry of Education, Universities and Research",0,1022,True
FIRST / FAR / FIRB — Fondi per la ricerca,direct_rd,2019,2019 20181231_302_SO_062.pdf,Fondo per gli Investimenti nella Ricerca Scientifica e Tecnologica.,290000000000.0,Ministry of University and Research,0,1068,True
FIRST / FAR / FIRB — Fondi per la ricerca,direct_rd,2019,2019 20181231_302_SO_062.pdf,Fondo per gli Investimenti nella Ricerca Scientifica e Tecnologica,,"Ministry of Education, Universities and Research",0,1073,True
FIRST / FAR / FIRB — Fondi per la ricerca,direct_rd,2019,2019 20181231_302_SO_062.pdf,Fondo per gli Investimenti nella Ricerca Scientifica e Tecnologica,604535089000.0,"Education, University and Research",0,1080,True
FIRST / FAR / FIRB — Fondi per la ricerca,direct_rd,2019,2019 20181231_302_SO_062.pdf,Fondo per gli Investimenti nella Ricerca Scientifica e Tecnologica,,"Education, University and Research",0,1085,True
FIRST / FAR / FIRB — Fondi per la ricerca,direct_rd,2019,2019 20181231_302_SO_062.pdf,Fondo per gli Investimenti nella Ricerca Scientifica e Tecnologica (FIRST),10000000000.0,Basic and Applied Scientific and Technological Research,0,1095,True
FIRST / FAR / FIRB — Fondi per la ricerca,direct_rd,2019,2019 20181231_302_SO_062.pdf,Fondo Agevolazioni alla Ricerca (FAR),10000000000.0,Basic and Applied Scientific and Technological Research,0,1097,True
FIRST / FAR / FIRB — Fondi per la ricerca,direct_rd,2019,2019 20181231_302_SO_062.pdf,Fondo per gli Investimenti nella Ricerca Scientifica e Tecnologica,50000000000.0,Ministry of University and Research,0,1123,True
FIRST / FAR / FIRB — Fondi per la ricerca,direct_rd,2020,2020 20191230_304_SO_045.pdf,Fondo per gli Investimenti nella Ricerca Scientifica e Tecnologica,500000000.0,Ministry of University and Research,0,1172,True
FIRST / FAR / FIRB — Fondi per la ricerca,direct_rd,2020,2020 20191230_304_SO_045.pdf,Fondo per gli Investimenti nella Ricerca Scientifica e Tecnologica,200000000000.0,Ministry of University and Research,0,1177,True
FIRST / FAR / FIRB — Fondi per la ricerca,direct_rd,2020,2020 20191230_304_SO_045.pdf,Fondo per gli Investimenti nella Ricerca Scientifica e Tecnologica,30000000000.0,Ministry of University and Research,0,1190,True
FIRST / FAR / FIRB — Fondi per la ricerca,direct_rd,2020,2020 20191230_304_SO_045.pdf,Fondo per gli Investimenti nella Ricerca Scientifica e Tecnologica,1000000000000.0,Fund for Investments in Scientific and Technological Research,0,1195,True
FIRST / FAR / FIRB — Fondi per la ricerca,direct_rd,2021,2021 20201230_322_SO_046.pdf,Fondo Agevolazioni alla Ricerca (FAR),,Ministry of University and Research,0,1202,True
FIRST / FAR / FIRB — Fondi per la ricerca,direct_rd,2021,2021 20201230_322_SO_046.pdf,Fondo per gli Investimenti nella Ricerca Scientifica e Tecnologica,0.0,Ministry of University and Research,0,1206,True
FIRST / FAR / FIRB — Fondi per la ricerca,direct_rd,2021,2021 20201230_322_SO_046.pdf,Fondo Agevolazioni alla Ricerca,0.0,Ministry of University and Research,0,1210,True
FIRST / FAR / FIRB — Fondi per la ricerca,direct_rd,2021,2021 20201230_322_SO_046.pdf,Fondo per gli Investimenti nella Ricerca Scientifica e Tecnologica,5000000000.0,Ministry of University and Research,0,1214,True
FIRST / FAR / FIRB — Fondi per la ricerca,direct_rd,2021,2021 20201230_322_SO_046.pdf,Fondo per gli Investimenti nella Ricerca Scientifica e Tecnologica,30000000000.0,MINISTRY OF UNIVERSITY AND RESEARCH,0,1220,True
FIRST / FAR / FIRB — Fondi per la ricerca,direct_rd,2021,2021 20201230_322_SO_046.pdf,Fondo per gli Investimenti nella Ricerca Scientifica e Tecnologica,50000000000.0,MINISTRY OF UNIVERSITY AND RESEARCH,0,1224,True
FIRST / FAR / FIRB — Fondi per la ricerca,direct_rd,2021,2021 20201230_322_SO_046.pdf,Fondo per gli Investimenti nella Ricerca Scientifica e Tecnologica,5000000000000.0,Ministry of University and Research,0,1228,True
FIRST / FAR / FIRB — Fondi per la ricerca,direct_rd,2021,2021 20201230_322_SO_046.pdf,Fondo per gli Investimenti nella Ricerca Scientifica e Tecnologica,100000000000.0,Ministry of University and Research,0,1233,True
FIRST / FAR / FIRB — Fondi per la ricerca,direct_rd,2021,2021 20201230_322_SO_046.pdf,Fondo per gli Investimenti nella Ricerca Scientifica e Tecnologica,200000000000.0,Ministry of University and Research,0,1239,True
FIRST / FAR / FIRB — Fondi per la ricerca,direct_rd,2022,2022 20211231_310_SO_049.pdf,Fondo per gli Investimenti nella Ricerca Scientifica e Tecnologica,,Ministry of University and Research,0,1260,True
FIRST / FAR / FIRB — Fondi per la ricerca,direct_rd,2022,2022 20211231_310_SO_049.pdf,Fondo per gli Investimenti nella Ricerca Scientifica e Tecnologica,0.0,Ministry of University and Research,0,1267,True
FIRST / FAR / FIRB — Fondi per la ricerca,direct_rd,2022,2022 20211231_310_SO_049.pdf,Fondo Agevolazioni alla Ricerca,0.0,Ministry of University and Research,0,1271,True
FIRST / FAR / FIRB — Fondi per la ricerca,direct_rd,2023,2023 20221229_303_SO_043.pdf,Fondo per gli Investimenti nella Ricerca Scientifica e Tecnologica,0.0,Ministry of University and Research,0,1285,True
FIRST / FAR / FIRB — Fondi per la ricerca,direct_rd,2024,2024 20231230_303_SO_040-1.pdf,Fondo per gli Investimenti nella Ricerca Scientifica e Tecnologica,12000000000.0,Universities and Research,0,1304,True
FIRST / FAR / FIRB — Fondi per la ricerca,direct_rd,2024,2024 20231230_303_SO_040-1.pdf,Fondo per gli Investimenti nella Ricerca Scientifica e Tecnologica,120000000000.0,Universities and Research,0,1309,True
FIRST / FAR / FIRB — Fondi per la ricerca,direct_rd,2024,2024 20231230_303_SO_040-1.pdf,Fondo per gli Investimenti nella Ricerca Scientifica e Tecnologica,6000000000.0,Universities and Research,0,1312,True
FIRST / FAR / FIRB — Fondi per la ricerca,direct_rd,2024,2024 20231230_303_SO_040-1.pdf,Fondo per gli Investimenti nella Ricerca Scientifica e Tecnologica,366832000.0,MINISTRY OF UNIVERSITY AND RESEARCH,0,1334,True
FIRST / FAR / FIRB — Fondi per la ricerca,direct_rd,2024,2024 20231230_303_SO_040-1.pdf,Fondo per gli Investimenti nella Ricerca Scientifica e Tecnologica,50000000000.0,Ministry of University and Research,0,1339,True
FIRST / FAR / FIRB — Fondi per la ricerca,direct_rd,2024,2024 20231230_303_SO_040-1.pdf,Fondo per gli Investimenti nella Ricerca Scientifica e Tecnologica,,MINISTRY OF UNIVERSITY AND RESEARCH,0,1345,True
FIRST / FAR / FIRB — Fondi per la ricerca,direct_rd,2024,2024 20231230_303_SO_040.pdf,Fondo per gli Investimenti nella Ricerca Scientifica e Tecnologica,35352844000.0,Universities and Research,0,1355,True
FIRST / FAR / FIRB — Fondi per la ricerca,direct_rd,2024,2024 20231230_303_SO_040.pdf,Fondo Agevolazioni alla Ricerca,12000000000.0,Universities and Research,0,1357,True
FIRST / FAR / FIRB — Fondi per la ricerca,direct_rd,2024,2024 20231230_303_SO_040.pdf,Fondo per gli Investimenti nella Ricerca Scientifica e Tecnologica,12345678000.0,Ministry of University and Research,0,1376,True
FIRST / FAR / FIRB — Fondi per la ricerca,direct_rd,2024,2024 20231230_303_SO_040.pdf,Fondo per gli Investimenti nella Ricerca Scientifica e Tecnologica,500000000000.0,Ministry of University and Research,0,1384,True
FOE — Fondo Ordinario per gli Enti di ricerca,direct_rd,1988,1988 19880319_066_SO_020.pdf,Fondo Ordinario per gli Enti di ricerca,199000000000.0,Ministry of University and Scientific and Technological Research,0,158,False
FOE — Fondo Ordinario per gli Enti di ricerca,direct_rd,1988,1988 19880319_066_SO_020.pdf,Fondo Ordinario per gli Enti di ricerca,3000000000.0,Ministry of University and Scientific and Technological Research,0,173,False
FOE — Fondo Ordinario per gli Enti di ricerca,direct_rd,1988,1988 19880319_066_SO_020.pdf,Fondo Ordinario per gli Enti di ricerca,2000000000.0,Ministry of University and Scientific and Technological Research,0,187,False
FOE — Fondo Ordinario per gli Enti di ricerca,direct_rd,1988,1988 19880319_066_SO_020.pdf,Fondo Ordinario per gli Enti di ricerca,5000000000.0,Ministry of University and Scientific and Technological Research,0,202,False
FOE — Fondo Ordinario per gli Enti di ricerca,direct_rd,1989,1989 19881230_305_SO_114.pdf,Fondo Ordinario per gli Enti di ricerca,20000000000.0,Ministry of University and Scientific and Technological Research,0,255,False
FOE — Fondo Ordinario per gli Enti di ricerca,direct_rd,1990,1990 19891229_302_SO_097.pdf,Fondo Ordinario per gli Enti di ricerca,10000000000.0,Ministry of University and Scientific and Technological Research,0,299,True
FOE — Fondo Ordinario per gli Enti di ricerca,direct_rd,1991,1991 19901231_303_SO_092.pdf,Fondo Ordinario per gli Enti di ricerca,4000000000.0,Ministry of University and Scientific and Technological Research,0,359,True
FOE — Fondo Ordinario per gli Enti di ricerca,direct_rd,1992,1992 19911231_305_SO_094.pdf,Fondo Ordinario per gli Enti di ricerca,825900217000.0,Ministry of University and Research,0,415,True
FOE — Fondo Ordinario per gli Enti di ricerca,direct_rd,1994,1994 19931228_303_SO_122.pdf,Fondo Ordinario per gli Enti di ricerca,,Ministry of University and Scientific and Technological Research,0,545,True
FOE — Fondo Ordinario per gli Enti di ricerca,direct_rd,1994,1994 19931228_303_SO_122.pdf,Fondo Ordinario per gli Enti di ricerca,260000000.0,Ministry of University and Scientific and Technological Research,0,551,True
FOE — Fondo Ordinario per gli Enti di ricerca,direct_rd,1994,1994 19931228_303_SO_122.pdf,Fondo Ordinario per gli Enti di ricerca,700000000.0,Ministry of University and Scientific and Technological Research,0,558,True
FOE — Fondo Ordinario per gli Enti di ricerca,direct_rd,1994,1994 19931228_303_SO_122.pdf,Fondo Ordinario per gli Enti di ricerca,80000000000.0,Ministry of University and Scientific and Technological Research,0,587,True
FOE — Fondo Ordinario per gli Enti di ricerca,direct_rd,1995,1995 19941230_304_SO_175.pdf,Fondo Ordinario per gli Enti di ricerca,15000000000.0,Ministry of University and Scientific and Technological Research,0,655,True
FOE — Fondo Ordinario per gli Enti di ricerca,direct_rd,1995,1995 19941230_304_SO_175.pdf,Fondo Ordinario per gli Enti di ricerca,0.0,Ministry of University and Research,0,665,True
FOE — Fondo Ordinario per gli Enti di ricerca,direct_rd,1996,1996 19951229_302_SO_154.pdf,Fondo Ordinario per gli Enti di ricerca,43150000000.0,Ministry of University and Scientific and Technological Research,0,782,True
FOE — Fondo Ordinario per gli Enti di ricerca,direct_rd,2010,2010 20091230_302_SO_244.pdf,Fondo Ordinario per gli Enti di ricerca,,"Education, University and Research",0,868,True
FOE — Fondo Ordinario per gli Enti di ricerca,direct_rd,2010,2010 20091230_302_SO_244.pdf,Fondo Ordinario per gli Enti di ricerca,489789000.0,"Education, University and Research",0,871,True
FOE — Fondo Ordinario per gli Enti di ricerca,direct_rd,2018,2018 20171229_302_SO_062.pdf,Incremento del fondo ordinario per gli enti e le istituzioni di ricerca (FOE) per l'assunzione di ricercatori negli enti pubblici di ricerca.,2000000000.0,"Ministry of Education, Universities and Research",0,954,True
FOE — Fondo Ordinario per gli Enti di ricerca,direct_rd,2018,2018 20171229_302_SO_062.pdf,stanziati 13 milioni di euro per l’anno 2018 per il fondo di stabilizzazione del personale in servizio presso gli enti pubblici di ricerca,13000000000.0,"Ministry of Education, Universities and Research",0,961,True
FOE — Fondo Ordinario per gli Enti di ricerca,direct_rd,2018,2018 20171229_302_SO_062.pdf,Fondo Ordinario per gli Enti di ricerca,500000000000.0,Ministry of University and Research,0,963,True
FOE — Fondo Ordinario per gli Enti di ricerca,direct_rd,2018,2018 20171229_302_SO_062.pdf,Fondo Ordinario per gli Enti di ricerca,1000000000000.0,Ministry of University and Research,0,968,True
FOE — Fondo Ordinario per gli Enti di ricerca,direct_rd,2018,2018 20171229_302_SO_062.pdf,Fondo Ordinario per gli Enti di ricerca,54897787335000.0,"Education, University and Research",0,978,True
FOE — Fondo Ordinario per gli Enti di ricerca,direct_rd,2018,2018 20171229_302_SO_062.pdf,Fondo Ordinario per gli Enti di ricerca,265829592000.0,"Education, University and Research",0,983,True
FOE — Fondo Ordinario per gli Enti di ricerca,direct_rd,2018,2018 20171229_302_SO_062.pdf,Fondo Ordinario per gli Enti di ricerca,53534610613000.0,"Education, University and Research",0,988,True
FOE — Fondo Ordinario per gli Enti di ricerca,direct_rd,2018,2018 20171229_302_SO_062.pdf,Fondo Ordinario per gli Enti di ricerca,8540813976000.0,"Education, University and Research",0,993,True
FOE — Fondo Ordinario per gli Enti di ricerca,direct_rd,2018,2018 20171229_302_SO_062.pdf,Fondo Ordinario per gli Enti di ricerca,1000000000000.0,Ministry of University and Research,0,1013,True
FOE — Fondo Ordinario per gli Enti di ricerca,direct_rd,2019,2019 20181231_302_SO_062.pdf,Incremento del Fondo per il finanziamento ordinario degli enti e degli istituti di ricerca,10000000000.0,"Ministry of Education, Universities and Research",0,1072,True
FOE — Fondo Ordinario per gli Enti di ricerca,direct_rd,2019,2019 20181231_302_SO_062.pdf,Fondo Ordinario per gli Enti di ricerca,8508633067000.0,"Education, University and Research",0,1079,True
FOE — Fondo Ordinario per gli Enti di ricerca,direct_rd,2019,2019 20181231_302_SO_062.pdf,Fondo Ordinario per gli Enti di ricerca,,"Education, University and Research",0,1084,True
FOE — Fondo Ordinario per gli Enti di ricerca,direct_rd,2019,2019 20181231_302_SO_062.pdf,Fondo Ordinario per gli Enti di ricerca,100000000000.0,Ministry of University and Research,0,1122,True
FOE — Fondo Ordinario per gli Enti di ricerca,direct_rd,2020,2020 20191230_304_SO_045.pdf,Fondo Ordinario per gli Enti di ricerca,,Ministry of University and Research,0,1171,True
FOE — Fondo Ordinario per gli Enti di ricerca,direct_rd,2020,2020 20191230_304_SO_045.pdf,Fondo Ordinario per gli Enti di ricerca,500000000000.0,Ministry of University and Research,0,1176,True
FOE — Fondo Ordinario per gli Enti di ricerca,direct_rd,2020,2020 20191230_304_SO_045.pdf,Fondo Ordinario per gli Enti di ricerca,100000000000.0,Ministry of University and Research,0,1191,True
FOE — Fondo Ordinario per gli Enti di ricerca,direct_rd,2021,2021 20201230_322_SO_046.pdf,Fondo Ordinario per gli Enti di ricerca,0.0,Ministry of University and Research,0,1205,True
FOE — Fondo Ordinario per gli Enti di ricerca,direct_rd,2021,2021 20201230_322_SO_046.pdf,Fondo Ordinario per gli Enti di ricerca,5000000000.0,Ministry of University and Research,0,1212,True
FOE — Fondo Ordinario per gli Enti di ricerca,direct_rd,2021,2021 20201230_322_SO_046.pdf,Fondo Ordinario per gli Enti di ricerca,15200000000.0,MINISTRY OF UNIVERSITY AND RESEARCH,0,1219,True
FOE — Fondo Ordinario per gli Enti di ricerca,direct_rd,2021,2021 20201230_322_SO_046.pdf,Fondo Ordinario per gli Enti di ricerca,403900000000.0,MINISTRY OF UNIVERSITY AND RESEARCH,0,1223,True
FOE — Fondo Ordinario per gli Enti di ricerca,direct_rd,2021,2021 20201230_322_SO_046.pdf,Fondo Ordinario per gli Enti di ricerca,10000000000000.0,Ministry of University and Research,0,1227,True
FOE — Fondo Ordinario per gli Enti di ricerca,direct_rd,2021,2021 20201230_322_SO_046.pdf,Fondo Ordinario per gli Enti di ricerca,481274517000.0,Ministry of University and Research,0,1232,True
FOE — Fondo Ordinario per gli Enti di ricerca,direct_rd,2021,2021 20201230_322_SO_046.pdf,Fondo Ordinario per gli Enti di ricerca,500000000000.0,Ministry of University and Research,0,1238,True
FOE — Fondo Ordinario per gli Enti di ricerca,direct_rd,2022,2022 20211231_310_SO_049.pdf,Fondo Ordinario per gli Enti di ricerca,,Ministry of University and Research,0,1246,True
FOE — Fondo Ordinario per gli Enti di ricerca,direct_rd,2022,2022 20211231_310_SO_049.pdf,Fondo Ordinario per gli Enti di ricerca,0.0,Ministry of University and Research,0,1266,True
FOE — Fondo Ordinario per gli Enti di ricerca,direct_rd,2023,2023 20221229_303_SO_043.pdf,Fondo Ordinario per gli Enti di ricerca,26044370000.0,Ministry of University and Research,0,1284,True
FOE — Fondo Ordinario per gli Enti di ricerca,direct_rd,2024,2024 20231230_303_SO_040-1.pdf,Fondo Ordinario per gli Enti di ricerca,31193912000.0,Ministry of University and Research,0,1299,True
FOE — Fondo Ordinario per gli Enti di ricerca,direct_rd,2024,2024 20231230_303_SO_040-1.pdf,Fondo Ordinario per gli Enti di ricerca,3074899627000.0,Universities and Research,0,1301,True
FOE — Fondo Ordinario per gli Enti di ricerca,direct_rd,2024,2024 20231230_303_SO_040-1.pdf,Fondo Ordinario per gli Enti di ricerca,101500000000.0,Universities and Research,0,1306,True
FOE — Fondo Ordinario per gli Enti di ricerca,direct_rd,2024,2024 20231230_303_SO_040-1.pdf,Fondo Ordinario per gli Enti di ricerca,25000000000.0,Universities and Research,0,1311,True
FOE — Fondo Ordinario per gli Enti di ricerca,direct_rd,2024,2024 20231230_303_SO_040-1.pdf,Fondo Ordinario per gli Enti di ricerca,9180109000.0,MINISTRY OF UNIVERSITY AND RESEARCH,0,1333,True
FOE — Fondo Ordinario per gli Enti di ricerca,direct_rd,2024,2024 20231230_303_SO_040-1.pdf,Fondo Ordinario per gli Enti di ricerca,,MINISTRY OF UNIVERSITY AND RESEARCH,0,1344,True
FOE — Fondo Ordinario per gli Enti di ricerca,direct_rd,2024,2024 20231230_303_SO_040.pdf,Fondo Ordinario per gli Enti di ricerca,2836929231000.0,Universities and Research,0,1352,True
FOE — Fondo Ordinario per gli Enti di ricerca,direct_rd,2024,2024 20231230_303_SO_040.pdf,Fondo Ordinario per gli Enti di ricerca,2836929231000.0,Universities and Research,0,1354,True
FOE — Fondo Ordinario per gli Enti di ricerca,direct_rd,2024,2024 20231230_303_SO_040.pdf,Fondo Ordinario per gli Enti di ricerca,98765432000.0,Ministry of University and Research,0,1375,True
FOE — Fondo Ordinario per gli Enti di ricerca,direct_rd,2024,2024 20231230_303_SO_040.pdf,Fondo Ordinario per gli Enti di ricerca,1500000000000.0,Ministry of University and Research,0,1383,True
INAF — Istituto Nazionale di Astrofisica,science_agency,2013,2013 20121229_302_SO_212.pdf,Istituto nazionale di astrofisica,1038216000.0,"Ministry of Education, University and Research",0,931,True
INFN — Istituto Nazionale di Fisica Nucleare,science_agency,1986,1986 19860228_049_SO_014.pdf,CONTRIBUTO ALL'ISTITUTO NAZIONALE DI FISICA NUCLEARE,220000000.0,Ministry of University and Research,0,35,True
INFN — Istituto Nazionale di Fisica Nucleare,science_agency,1987,1987 19861230_301_SO_125.pdf,CONTRIBUTO ALL'ISTITUTO NAZIONALE DI FISICA NUCLEARE (I.N.F.N.),230000000000.0,National Institute of Nuclear Physics,0,116,True
INFN — Istituto Nazionale di Fisica Nucleare,science_agency,1988,1988 19880319_066_SO_020.pdf,SOMMA DA ASSEGNARE ALL'ISTITUTO NAZIONALE DI FISICA NUCLEARE PER IL COMPLETAMENTO DELLE OPERE DEL LABORATORIO ACCELERATO,,Services for the Coordination of Scientific and Technological Research,0,160,True
INFN — Istituto Nazionale di Fisica Nucleare,science_agency,1988,1988 19880319_066_SO_020.pdf,CONTRIBUTO ALL'ISTITUTO NAZIONALE DI FISICA NUCLEARE (C.N.F.N.),240000000.0,Ministry of University and Research,0,182,True
INFN — Istituto Nazionale di Fisica Nucleare,science_agency,1989,1989 19881230_305_SO_114.pdf,Contributo all'I.N.F.N. per il quinquennio 1989-1993,280000000.0,Ministry of University and Scientific and Technological Research,0,243,True
INFN — Istituto Nazionale di Fisica Nucleare,science_agency,1992,1992 19911231_305_SO_094.pdf,SOMMA DA ASSEGNARE ALL'ISTITUTO NAZIONALE DI FISICA NUCLEARE,400000000000.0,Universities and Scientific Research,0,449,True
INFN — Istituto Nazionale di Fisica Nucleare,science_agency,1993,1993 19921229_304_SO_136.pdf,CONTRIBUTO ALL'ISTITUTO NAZIONALE DI FISICA NUCLEARE,440000000000.0,Universities and Scientific Research,0,529,True
INFN — Istituto Nazionale di Fisica Nucleare,science_agency,1994,1994 19931228_303_SO_121.pdf,Contributo all'Istituto nazionale di fisica nucleare (INFN) per il piano quinquennale di attività 1989-1993 (cap. 7508/Università e ricerca),400000000000.0,Ministry of University and Scientific and Technological Research,0,534,True
INFN — Istituto Nazionale di Fisica Nucleare,science_agency,1995,1995 19941230_304_SO_174.pdf,Contributo all'Istituto nazionale di fisica nucleare (INFN) per il piano quinquennale di attività 1989-1993 (cap. 7508/Università e ricerca),469000000000.0,Ministry of University and Scientific and Technological Research,0,615,True
INFN — Istituto Nazionale di Fisica Nucleare,science_agency,1995,1995 19941230_304_SO_175.pdf,CONTRIBUTO ALL'ISTITUTO NAZIONALE DI FISICA NUCLEARE,469000000000.0,Universities and Scientific Research,0,694,True
INFN — Istituto Nazionale di Fisica Nucleare,science_agency,1996,1996 19951229_302_SO_154.pdf,CONTRIBUTO ALL'ISTITUTO NAZIONALE PER LA FISICA DELLA MATERIA (INFN),500000000.0,Contribution to the National Institute for Nuclear Physics (INFN),0,797,True
INFN — Istituto Nazionale di Fisica Nucleare,science_agency,2013,2013 20121229_302_SO_212.pdf,Istituto nazionale di fisica nucleare,24380003000.0,"Ministry of Education, University and Research",0,932,True
Ministero dell'università e della ricerca (MUR/MIUR/MURST),ministry,1986,1986 19860228_049_SO_013.pdf,Ministero dell'università e della ricerca,698000000000.0,Ministry of University and Research,0,3,False
Ministero dell'università e della ricerca (MUR/MIUR/MURST),ministry,1986,1986 19860228_049_SO_014.pdf,Ministero dell'università e della ricerca,448780616388000.0,Ministry of University and Research,0,13,False
Ministero dell'università e della ricerca (MUR/MIUR/MURST),ministry,1986,1986 19860228_049_SO_014.pdf,Ministero dell'università e della ricerca,0.0,Ministry of University and Research,0,33,False
Ministero dell'università e della ricerca (MUR/MIUR/MURST),ministry,1986,1986 19860228_049_SO_014.pdf,Ministero dell'università e della ricerca,8677456500.0,Ministry of University and Research,0,37,False
Ministero dell'università e della ricerca (MUR/MIUR/MURST),ministry,1986,1986 19860228_049_SO_014.pdf,Ministero dell'Università e della Ricerca Scientifica e Tecnologica,340941057000.0,Ministry of University and Scientific and Technological Research,0,41,False
Ministero dell'università e della ricerca (MUR/MIUR/MURST),ministry,1986,1986 19860228_049_SO_014.pdf,Ministero dell'università e della ricerca,33097000000.0,Ministry of University and Research,0,44,False
Ministero dell'università e della ricerca (MUR/MIUR/MURST),ministry,1986,1986 19860228_049_SO_014.pdf,Ministero dell'Università e della Ricerca Scientifica e Tecnologica,418089955000.0,Ministry of University and Scientific and Technological Research,0,49,False
Ministero dell'università e della ricerca (MUR/MIUR/MURST),ministry,1986,1986 19860228_049_SO_014.pdf,Ministero dell'Università e della Ricerca Scientifica e Tecnologica,7114820000.0,Ministry of University and Scientific and Technological Research,0,53,False
Ministero dell'università e della ricerca (MUR/MIUR/MURST),ministry,1986,1986 19860228_049_SO_014.pdf,Ministero dell'Università e della Ricerca Scientifica e Tecnologica,517920000000.0,Ministry of University and Scientific and Technological Research,0,57,False
Ministero dell'università e della ricerca (MUR/MIUR/MURST),ministry,1986,1986 19860228_049_SO_014.pdf,Ministero dell'Università e della Ricerca Scientifica e Tecnologica,183570000000.0,Ministry of University and Scientific and Technological Research,0,63,False
Ministero dell'università e della ricerca (MUR/MIUR/MURST),ministry,1986,1986 19860228_049_SO_014.pdf,Ministero dell'Università e della Ricerca Scientifica e Tecnologica,54371696000.0,Ministry of University and Scientific and Technological Research,0,68,False
Ministero dell'università e della ricerca (MUR/MIUR/MURST),ministry,1986,1986 19860228_049_SO_014.pdf,Ministero dell'università e della ricerca,6000000000.0,Ministry of University and Research,0,72,False
Ministero dell'università e della ricerca (MUR/MIUR/MURST),ministry,1986,1986 19860228_049_SO_014.pdf,Ministero dell'università e della ricerca,610790300000.0,Ministry of University and Research,0,75,False
Ministero dell'università e della ricerca (MUR/MIUR/MURST),ministry,1987,1987 19861230_301_SO_124.pdf,Ministero dell'Università e della Ricerca Scientifica e Tecnologica,800000000000.0,Ministry of University and Scientific and Technological Research,0,80,False
Ministero dell'università e della ricerca (MUR/MIUR/MURST),ministry,1987,1987 19861230_301_SO_125.pdf,Ministero dell'università e della ricerca,2535000000.0,Ministry of University and Research,0,93,False
Ministero dell'università e della ricerca (MUR/MIUR/MURST),ministry,1987,1987 19861230_301_SO_125.pdf,Ministero dell'Università e della Ricerca Scientifica e Tecnologica,24134300.0,Ministry of University and Scientific and Technological Research,0,100,False
Ministero dell'università e della ricerca (MUR/MIUR/MURST),ministry,1987,1987 19861230_301_SO_125.pdf,Ministero dell'Università e della Ricerca Scientifica e Tecnologica,496886200000.0,Ministry of University and Scientific and Technological Research,0,103,False
Ministero dell'università e della ricerca (MUR/MIUR/MURST),ministry,1987,1987 19861230_301_SO_125.pdf,Ministero dell'Università e della Ricerca Scientifica e Tecnologica,158987886000.0,Ministry of University and Scientific and Technological Research,0,107,False
Ministero dell'università e della ricerca (MUR/MIUR/MURST),ministry,1987,1987 19861230_301_SO_125.pdf,Ministero dell'Università e della Ricerca Scientifica e Tecnologica,68800000000.0,Ministry of University and Scientific and Technological Research,0,110,False
Ministero dell'università e della ricerca (MUR/MIUR/MURST),ministry,1987,1987 19861230_301_SO_125.pdf,Ministero dell'Università e della Ricerca Scientifica e Tecnologica,39922643750.0,Ministry of University and Scientific and Technological Research,0,114,False
Ministero dell'università e della ricerca (MUR/MIUR/MURST),ministry,1987,1987 19861230_301_SO_125.pdf,Ministero dell'Università e della Ricerca Scientifica e Tecnologica,231224000000.0,Ministry of University and Scientific and Technological Research,0,119,False
Ministero dell'università e della ricerca (MUR/MIUR/MURST),ministry,1987,1987 19861230_301_SO_125.pdf,Ministero dell'Università e della Ricerca Scientifica e Tecnologica,293256719000.0,Ministry of University and Scientific and Technological Research,0,122,False
Ministero dell'università e della ricerca (MUR/MIUR/MURST),ministry,1987,1987 19861230_301_SO_125.pdf,Ministero dell'Università e della Ricerca Scientifica e Tecnologica,10000000000.0,Ministry of University and Scientific and Technological Research,0,125,False
Ministero dell'università e della ricerca (MUR/MIUR/MURST),ministry,1987,1987 19861230_301_SO_125.pdf,Ministero dell'Università e della Ricerca Scientifica e Tecnologica,5179195302000.0,Ministry of University and Scientific and Technological Research,0,129,False
Ministero dell'università e della ricerca (MUR/MIUR/MURST),ministry,1987,1987 19861230_301_SO_125.pdf,Ministero dell'Università e della Ricerca Scientifica e Tecnologica,403933406000.0,Ministry of University and Scientific and Technological Research,0,133,False
Ministero dell'università e della ricerca (MUR/MIUR/MURST),ministry,1987,1987 19861230_301_SO_125.pdf,Ministero dell'Università e della Ricerca Scientifica e Tecnologica,4586849000000.0,Ministry of University and Scientific and Technological Research,0,138,False
Ministero dell'università e della ricerca (MUR/MIUR/MURST),ministry,1987,1987 19861230_301_SO_125.pdf,Ministero dell'Università e della Ricerca Scientifica e Tecnologica,684607100000.0,Ministry of University and Scientific and Technological Research,0,145,False
Ministero dell'università e della ricerca (MUR/MIUR/MURST),ministry,1987,1987 19861230_301_SO_125.pdf,Ministero dell'Università e della Ricerca Scientifica e Tecnologica,35059000.0,Ministry of University and Scientific and Technological Research,0,150,False
Ministero dell'università e della ricerca (MUR/MIUR/MURST),ministry,1988,1988 19880319_066_SO_020.pdf,Ministero dell'Università e della Ricerca Scientifica e Tecnologica,1400000000000.0,Ministry of University and Scientific and Technological Research,0,155,False
Ministero dell'università e della ricerca (MUR/MIUR/MURST),ministry,1988,1988 19880319_066_SO_020.pdf,Ministero dell'Università e della Ricerca Scientifica e Tecnologica,271170944692.0,Ministry of University and Scientific and Technological Research,0,165,False
Ministero dell'università e della ricerca (MUR/MIUR/MURST),ministry,1988,1988 19880319_066_SO_020.pdf,Ministero dell'Università e della Ricerca Scientifica e Tecnologica,10000000.0,Ministry of University and Scientific and Technological Research,0,168,False
Ministero dell'università e della ricerca (MUR/MIUR/MURST),ministry,1988,1988 19880319_066_SO_020.pdf,Ministero dell'Università e della Ricerca Scientifica e Tecnologica,6000000000.0,Ministry of University and Scientific and Technological Research,0,172,False
Ministero dell'università e della ricerca (MUR/MIUR/MURST),ministry,1988,1988 19880319_066_SO_020.pdf,Ministero dell'Università e della Ricerca Scientifica e Tecnologica,2070193078000.0,Ministry of University and Scientific and Technological Research,0,177,False
Ministero dell'università e della ricerca (MUR/MIUR/MURST),ministry,1988,1988 19880319_066_SO_020.pdf,Ministero dell'università e della ricerca,37291625103.0,Ministry of University and Research,0,180,False
Ministero dell'università e della ricerca (MUR/MIUR/MURST),ministry,1988,1988 19880319_066_SO_020.pdf,Ministero dell'Università e della Ricerca Scientifica e Tecnologica,317167793000.0,Ministry of University and Scientific and Technological Research,0,186,False
Ministero dell'università e della ricerca (MUR/MIUR/MURST),ministry,1988,1988 19880319_066_SO_020.pdf,Ministero dell'Università e della Ricerca Scientifica e Tecnologica,21000000000.0,Ministry of University and Scientific and Technological Research,0,189,False
Ministero dell'università e della ricerca (MUR/MIUR/MURST),ministry,1988,1988 19880319_066_SO_020.pdf,Ministero dell'Università e della Ricerca Scientifica e Tecnologica,3600000000.0,Ministry of University and Scientific and Technological Research,0,192,False
Ministero dell'università e della ricerca (MUR/MIUR/MURST),ministry,1988,1988 19880319_066_SO_020.pdf,Ministero dell'Università e della Ricerca Scientifica e Tecnologica,13600000000.0,Ministry of University and Scientific and Technological Research,0,197,False
Ministero dell'università e della ricerca (MUR/MIUR/MURST),ministry,1988,1988 19880319_066_SO_020.pdf,Ministero dell'Università e della Ricerca Scientifica e Tecnologica,8000000000.0,Ministry of University and Scientific and Technological Research,0,201,False
Ministero dell'università e della ricerca (MUR/MIUR/MURST),ministry,1988,1988 19880319_066_SO_020.pdf,Ministero dell'Università e della Ricerca Scientifica e Tecnologica,251000000000.0,Ministry of University and Scientific and Technological Research,0,205,False
Ministero dell'università e della ricerca (MUR/MIUR/MURST),ministry,1988,1988 19880319_066_SO_020.pdf,Ministero dell'Università e della Ricerca Scientifica e Tecnologica,824970800000.0,Ministry of University and Scientific and Technological Research,0,212,False
Ministero dell'università e della ricerca (MUR/MIUR/MURST),ministry,1988,1988 19880319_066_SO_020.pdf,Ministero dell'Università e della Ricerca Scientifica e Tecnologica,149500000000.0,Ministry of University and Scientific and Technological Research,0,215,False
Ministero dell'università e della ricerca (MUR/MIUR/MURST),ministry,1988,1988 19880319_066_SO_020.pdf,Ministero dell'Università e della Ricerca Scientifica e Tecnologica,613941475000.0,Ministry of University and Scientific and Technological Research,0,221,False
Ministero dell'università e della ricerca (MUR/MIUR/MURST),ministry,1988,1988 19880319_066_SO_020.pdf,Ministero dell'Università e della Ricerca Scientifica e Tecnologica,828704250000.0,Ministry of University and Scientific and Technological Research,0,224,False
Ministero dell'università e della ricerca (MUR/MIUR/MURST),ministry,1988,1988 19880319_066_SO_020.pdf,Ministero dell'Università e della Ricerca Scientifica e Tecnologica,399880880000.0,Ministry of University and Scientific and Technological Research,0,227,False
Ministero dell'università e della ricerca (MUR/MIUR/MURST),ministry,1989,1989 19881230_305_SO_114.pdf,Ministero dell'Università e della Ricerca Scientifica e Tecnologica,200000000000.0,Ministry of University and Scientific and Technological Research,0,230,True
Ministero dell'università e della ricerca (MUR/MIUR/MURST),ministry,1989,1989 19881230_305_SO_114.pdf,Ministero dell'Università e della Ricerca Scientifica e Tecnologica,925000000.0,Ministry of University and Scientific and Technological Research,0,233,True
Ministero dell'università e della ricerca (MUR/MIUR/MURST),ministry,1989,1989 19881230_305_SO_114.pdf,Ministero dell'Università e della Ricerca Scientifica e Tecnologica,2758000000000.0,Ministry of University and Scientific and Technological Research,0,238,True
Ministero dell'università e della ricerca (MUR/MIUR/MURST),ministry,1989,1989 19881230_305_SO_114.pdf,Ministero dell'Università e della Ricerca Scientifica e Tecnologica,23000000000.0,Ministry of University and Scientific and Technological Research,0,242,True
Ministero dell'università e della ricerca (MUR/MIUR/MURST),ministry,1989,1989 19881230_305_SO_114.pdf,Ministero dell'Università e della Ricerca Scientifica e Tecnologica,32967300000.0,Ministry of University and Scientific and Technological Research,0,247,True
Ministero dell'università e della ricerca (MUR/MIUR/MURST),ministry,1989,1989 19881230_305_SO_114.pdf,Ministero dell'Università e della Ricerca Scientifica e Tecnologica,180494163000.0,Ministry of University and Scientific and Technological Research,0,250,True
Ministero dell'università e della ricerca (MUR/MIUR/MURST),ministry,1989,1989 19881230_305_SO_114.pdf,Ministero dell'Università e della Ricerca Scientifica e Tecnologica,45100000000.0,Ministry of University and Scientific and Technological Research,0,254,True
Ministero dell'università e della ricerca (MUR/MIUR/MURST),ministry,1989,1989 19881230_305_SO_114.pdf,Ministero dell'Università e della Ricerca Scientifica e Tecnologica,42900000000.0,Ministry of University and Scientific and Technological Research,0,259,True
Ministero dell'università e della ricerca (MUR/MIUR/MURST),ministry,1989,1989 19881230_305_SO_114.pdf,Ministero dell'Università e della Ricerca Scientifica e Tecnologica,19668450000.0,Ministry of University and Scientific and Technological Research,0,264,True
Ministero dell'università e della ricerca (MUR/MIUR/MURST),ministry,1989,1989 19881230_305_SO_114.pdf,Ministero dell'Università e della Ricerca Scientifica e Tecnologica,217413750000.0,Ministry of University and Scientific and Technological Research,0,267,True
Ministero dell'università e della ricerca (MUR/MIUR/MURST),ministry,1989,1989 19881230_305_SO_114.pdf,Ministero dell'Università e della Ricerca Scientifica e Tecnologica,35000000000.0,Ministry of University and Scientific and Technological Research,0,270,True
Ministero dell'università e della ricerca (MUR/MIUR/MURST),ministry,1989,1989 19881230_305_SO_114.pdf,Ministero dell'Università e della Ricerca Scientifica e Tecnologica,1199403375000.0,Ministry of University and Scientific and Technological Research,0,275,True
Ministero dell'università e della ricerca (MUR/MIUR/MURST),ministry,1989,1989 19881230_305_SO_114.pdf,Ministero dell'Università e della Ricerca Scientifica e Tecnologica,116175989000.0,Ministry of University and Scientific and Technological Research,0,279,True
Ministero dell'università e della ricerca (MUR/MIUR/MURST),ministry,1989,1989 19881230_305_SO_114.pdf,Ministero dell'Università e della Ricerca Scientifica e Tecnologica,123000000000.0,Ministry of University and Scientific and Technological Research,0,281,True
Ministero dell'università e della ricerca (MUR/MIUR/MURST),ministry,1989,1989 19881230_305_SO_114.pdf,Ministero dell'Università e della Ricerca Scientifica e Tecnologica,700000000.0,Ministry of University and Scientific and Technological Research,0,284,True
Ministero dell'università e della ricerca (MUR/MIUR/MURST),ministry,1989,1989 19881230_305_SO_114.pdf,Ministero dell'Università e della Ricerca Scientifica e Tecnologica,19560000000.0,Ministry of University and Scientific and Technological Research,0,288,True
Ministero dell'università e della ricerca (MUR/MIUR/MURST),ministry,1989,1989 19881230_305_SO_114.pdf,Ministero dell'Università e della Ricerca Scientifica e Tecnologica,141900000000.0,Ministry of University and Scientific and Technological Research,0,292,True
Ministero dell'università e della ricerca (MUR/MIUR/MURST),ministry,1990,1990 19891229_302_SO_097.pdf,Ministero dell'Università e della Ricerca Scientifica e Tecnologica,23084063.0,Ministry of University and Scientific and Technological Research,0,295,True
Ministero dell'università e della ricerca (MUR/MIUR/MURST),ministry,1990,1990 19891229_302_SO_097.pdf,Ministero dell'università e della ricerca,2590000000000.0,Ministry of University and Research,0,300,True
Ministero dell'università e della ricerca (MUR/MIUR/MURST),ministry,1991,1991 19901231_303_SO_091.pdf,Ministero dell'Università e della Ricerca Scientifica e Tecnologica,228500000000.0,Ministry of University and Scientific and Technological Research,0,305,True
Ministero dell'università e della ricerca (MUR/MIUR/MURST),ministry,1991,1991 19901231_303_SO_091.pdf,Ministero dell'Università e della Ricerca Scientifica e Tecnologica,511000000000.0,Ministry of University and Scientific and Technological Research,0,312,True
Ministero dell'università e della ricerca (MUR/MIUR/MURST),ministry,1991,1991 19901231_303_SO_092.pdf,Ministero dell'università e della ricerca scientifica e tecnologica,350000000.0,Ministry of University and Scientific and Technological Research,0,315,True
Ministero dell'università e della ricerca (MUR/MIUR/MURST),ministry,1991,1991 19901231_303_SO_092.pdf,Ministero dell'Università e della Ricerca Scientifica e Tecnologica,341409040425000.0,Ministry of University and Scientific and Technological Research,0,319,True
Ministero dell'università e della ricerca (MUR/MIUR/MURST),ministry,1991,1991 19901231_303_SO_092.pdf,Ministero dell'Università e della Ricerca Scientifica e Tecnologica,50000000000.0,Ministry of University and Scientific and Technological Research,0,323,True
Ministero dell'università e della ricerca (MUR/MIUR/MURST),ministry,1991,1991 19901231_303_SO_092.pdf,Ministero dell'Università e della Ricerca Scientifica e Tecnologica,187415000000.0,Ministry of University and Scientific and Technological Research,0,329,True
Ministero dell'università e della ricerca (MUR/MIUR/MURST),ministry,1991,1991 19901231_303_SO_092.pdf,Ministero dell'Università e della Ricerca Scientifica e Tecnologica,49386400.0,Ministry of University and Scientific and Technological Research,0,335,True
Ministero dell'università e della ricerca (MUR/MIUR/MURST),ministry,1991,1991 19901231_303_SO_092.pdf,Ministero dell'Università e della Ricerca Scientifica e Tecnologica,816958706908.0,Ministry of University and Scientific and Technological Research,0,351,True
Ministero dell'università e della ricerca (MUR/MIUR/MURST),ministry,1991,1991 19901231_303_SO_092.pdf,Ministero dell'Università e della Ricerca Scientifica e Tecnologica,31528516000.0,Ministry of University and Scientific and Technological Research,0,354,True
Ministero dell'università e della ricerca (MUR/MIUR/MURST),ministry,1991,1991 19901231_303_SO_092.pdf,Ministero dell'Università e della Ricerca Scientifica e Tecnologica,395179600000.0,Ministry of University and Scientific and Technological Research,0,358,True
Ministero dell'università e della ricerca (MUR/MIUR/MURST),ministry,1991,1991 19901231_303_SO_092.pdf,Ministero dell'Università e della Ricerca Scientifica e Tecnologica,23426800000.0,Ministry of University and Scientific and Technological Research,0,369,True
Ministero dell'università e della ricerca (MUR/MIUR/MURST),ministry,1991,1991 19901231_303_SO_092.pdf,Ministero dell'università e della ricerca,3479564000000.0,Ministry of University and Research,0,373,True
Ministero dell'università e della ricerca (MUR/MIUR/MURST),ministry,1992,1992 19911231_305_SO_093.pdf,Ministero dell'Università e della Ricerca Scientifica e Tecnologica,5000000000000.0,Ministry of University and Scientific and Technological Research,0,385,True
Ministero dell'università e della ricerca (MUR/MIUR/MURST),ministry,1992,1992 19911231_305_SO_094.pdf,Ministero dell'università e della ricerca scientifica e tecnologica,350000000.0,Ministry of University and Scientific and Technological Research,0,389,True
Ministero dell'università e della ricerca (MUR/MIUR/MURST),ministry,1992,1992 19911231_305_SO_094.pdf,Ministero dell'Università e della Ricerca Scientifica e Tecnologica,817000000000.0,Ministry of University and Scientific and Technological Research,0,392,True
Ministero dell'università e della ricerca (MUR/MIUR/MURST),ministry,1992,1992 19911231_305_SO_094.pdf,Ministero dell'università e della ricerca,250586000000.0,Ministry of University and Research,0,395,True
Ministero dell'università e della ricerca (MUR/MIUR/MURST),ministry,1992,1992 19911231_305_SO_094.pdf,Ministero dell'università e della ricerca,750000000.0,Ministry of University and Research,0,399,True
Ministero dell'università e della ricerca (MUR/MIUR/MURST),ministry,1992,1992 19911231_305_SO_094.pdf,Ministero dell'Università e della Ricerca Scientifica e Tecnologica,33344567.0,Ministry of University and Scientific and Technological Research,0,405,True
Ministero dell'università e della ricerca (MUR/MIUR/MURST),ministry,1992,1992 19911231_305_SO_094.pdf,Ministero dell'università e della ricerca,589632922.0,Ministry of University and Research,0,410,True
Ministero dell'università e della ricerca (MUR/MIUR/MURST),ministry,1992,1992 19911231_305_SO_094.pdf,Ministero dell'università e della ricerca,969260937000.0,Ministry of University and Research,0,414,True
Ministero dell'università e della ricerca (MUR/MIUR/MURST),ministry,1992,1992 19911231_305_SO_094.pdf,Ministero dell'Università e della Ricerca Scientifica e Tecnologica,170632117000.0,Ministry of University and Scientific and Technological Research,0,418,True
Ministero dell'università e della ricerca (MUR/MIUR/MURST),ministry,1992,1992 19911231_305_SO_094.pdf,Ministero dell'università e della ricerca,868518466000.0,Ministry of University and Research,0,430,True
Ministero dell'università e della ricerca (MUR/MIUR/MURST),ministry,1993,1993 19921229_304_SO_135.pdf,Ministero dell'università e della ricerca scientifica e tecnologica,51500000.0,Ministry of University and Scientific and Technological Research,0,456,True
Ministero dell'università e della ricerca (MUR/MIUR/MURST),ministry,1993,1993 19921229_304_SO_136.pdf,Ministero dell'università e della ricerca,21700000000.0,Ministry of University and Research,0,461,True
Ministero dell'università e della ricerca (MUR/MIUR/MURST),ministry,1993,1993 19921229_304_SO_136.pdf,Ministero dell'università e della ricerca,10022676984000.0,Ministry of University and Research,0,465,True
Ministero dell'università e della ricerca (MUR/MIUR/MURST),ministry,1993,1993 19921229_304_SO_136.pdf,Ministero dell'Università e della Ricerca Scientifica e Tecnologica,11000000000.0,Ministry of University and Scientific and Technological Research,0,468,True
Ministero dell'università e della ricerca (MUR/MIUR/MURST),ministry,1993,1993 19921229_304_SO_136.pdf,Ministero dell'Università e della Ricerca Scientifica e Tecnologica,347856262000.0,Ministry of University and Scientific and Technological Research,0,470,True
Ministero dell'università e della ricerca (MUR/MIUR/MURST),ministry,1993,1993 19921229_304_SO_136.pdf,Ministero dell'università e della ricerca,754748000000.0,Ministry of University and Research,0,475,True
Ministero dell'università e della ricerca (MUR/MIUR/MURST),ministry,1993,1993 19921229_304_SO_136.pdf,Ministero dell'Università e della Ricerca Scientifica e Tecnologica,195604468000.0,Ministry of University and Scientific and Technological Research,0,480,True
Ministero dell'università e della ricerca (MUR/MIUR/MURST),ministry,1993,1993 19921229_304_SO_136.pdf,Ministero dell'Università e della Ricerca Scientifica e Tecnologica,648981724000.0,Ministry of University and Scientific and Technological Research,0,485,True
Ministero dell'università e della ricerca (MUR/MIUR/MURST),ministry,1993,1993 19921229_304_SO_136.pdf,Ministero dell'Università e della Ricerca Scientifica e Tecnologica,176653945000.0,Ministry of University and Scientific and Technological Research,0,489,True
Ministero dell'università e della ricerca (MUR/MIUR/MURST),ministry,1993,1993 19921229_304_SO_136.pdf,Ministero dell'università e della ricerca,219302924000.0,Ministry of University and Research,0,493,True
Ministero dell'università e della ricerca (MUR/MIUR/MURST),ministry,1993,1993 19921229_304_SO_136.pdf,Ministero dell'università e della ricerca,68800000000.0,Ministry of University and Research,0,502,True
Ministero dell'università e della ricerca (MUR/MIUR/MURST),ministry,1993,1993 19921229_304_SO_136.pdf,Ministero dell'Università e della Ricerca Scientifica e Tecnologica,191077982000.0,Ministry of University and Scientific and Technological Research,0,515,True
Ministero dell'università e della ricerca (MUR/MIUR/MURST),ministry,1994,1994 19931228_303_SO_121.pdf,Ministero dell'università e della ricerca scientifica e tecnologica,91500000000.0,Ministry of University and Scientific and Technological Research,0,532,True
Ministero dell'università e della ricerca (MUR/MIUR/MURST),ministry,1994,1994 19931228_303_SO_121.pdf,Ministero dell'Università e della Ricerca Scientifica e Tecnologica,184900000000.0,Ministry of University and Scientific and Technological Research,0,535,True
Ministero dell'università e della ricerca (MUR/MIUR/MURST),ministry,1994,1994 19931228_303_SO_122.pdf,Ministero dell'università e della ricerca scientifica e tecnologica,2571241500000.0,Ministry of University and Scientific and Technological Research,0,539,True
Ministero dell'università e della ricerca (MUR/MIUR/MURST),ministry,1994,1994 19931228_303_SO_122.pdf,Ministero dell'Università e della Ricerca Scientifica e Tecnologica,91500000000.0,Ministry of University and Scientific and Technological Research,0,544,True
Ministero dell'università e della ricerca (MUR/MIUR/MURST),ministry,1994,1994 19931228_303_SO_122.pdf,Ministero dell'Università e della Ricerca Scientifica e Tecnologica,49391009.0,Ministry of University and Scientific and Technological Research,0,547,True
Ministero dell'università e della ricerca (MUR/MIUR/MURST),ministry,1994,1994 19931228_303_SO_122.pdf,Ministero dell'Università e della Ricerca Scientifica e Tecnologica,214757688000.0,Ministry of University and Scientific and Technological Research,0,550,True
Ministero dell'università e della ricerca (MUR/MIUR/MURST),ministry,1994,1994 19931228_303_SO_122.pdf,Ministero dell'Università e della Ricerca Scientifica e Tecnologica,500000000.0,Ministry of University and Scientific and Technological Research,0,557,True
Ministero dell'università e della ricerca (MUR/MIUR/MURST),ministry,1994,1994 19931228_303_SO_122.pdf,Ministero dell'Università e della Ricerca Scientifica e Tecnologica,233675000000.0,Ministry of University and Scientific and Technological Research,0,563,True
Ministero dell'università e della ricerca (MUR/MIUR/MURST),ministry,1994,1994 19931228_303_SO_122.pdf,Ministero dell'Università e della Ricerca Scientifica e Tecnologica,25435259000000.0,Ministry of University and Scientific and Technological Research,0,567,True
Ministero dell'università e della ricerca (MUR/MIUR/MURST),ministry,1994,1994 19931228_303_SO_122.pdf,Ministero dell'Università e della Ricerca Scientifica e Tecnologica,279678638000.0,Ministry of University and Scientific and Technological Research,0,573,True
Ministero dell'università e della ricerca (MUR/MIUR/MURST),ministry,1994,1994 19931228_303_SO_122.pdf,Ministero dell'Università e della Ricerca Scientifica e Tecnologica,1240916113000.0,Ministry of University and Scientific and Technological Research,0,586,True
Ministero dell'università e della ricerca (MUR/MIUR/MURST),ministry,1994,1994 19931228_303_SO_122.pdf,Ministero dell'università e della ricerca scientifica e tecnologica,130353150000.0,Ministry of University and Scientific and Technological Research,0,590,True
Ministero dell'università e della ricerca (MUR/MIUR/MURST),ministry,1995,1995 19941230_304_SO_174.pdf,Ministero dell'università e della ricerca scientifica e tecnologica,605000000000.0,Ministry of University and Scientific and Technological Research,0,613,True
Ministero dell'università e della ricerca (MUR/MIUR/MURST),ministry,1995,1995 19941230_304_SO_175.pdf,MINISTERO DELL'UNIVERSITA' E DELLA RICERCA SCIENTIFICA E TECNOLOGICA,40000000000.0,MINISTRY OF UNIVERSITY AND SCIENTIFIC AND TECHNOLOGICAL RESEARCH,0,619,True
Ministero dell'università e della ricerca (MUR/MIUR/MURST),ministry,1995,1995 19941230_304_SO_175.pdf,Ministero dell'università e della ricerca,250764180000.0,Ministry of University and Research,0,623,True
Ministero dell'università e della ricerca (MUR/MIUR/MURST),ministry,1995,1995 19941230_304_SO_175.pdf,Ministero dell'Università e della Ricerca Scientifica e Tecnologica,2557074750000.0,Ministry of University and Scientific and Technological Research,0,626,True
Ministero dell'università e della ricerca (MUR/MIUR/MURST),ministry,1995,1995 19941230_304_SO_175.pdf,Ministero dell'Università e della Ricerca Scientifica e Tecnologica,372002000000.0,Ministry of University and Scientific and Technological Research,0,630,True
Ministero dell'università e della ricerca (MUR/MIUR/MURST),ministry,1995,1995 19941230_304_SO_175.pdf,Ministero dell'Università e della Ricerca Scientifica e Tecnologica,2168424394.0,Ministry of University and Scientific and Technological Research,0,633,True
Ministero dell'università e della ricerca (MUR/MIUR/MURST),ministry,1995,1995 19941230_304_SO_175.pdf,Ministero dell'Università e della Ricerca Scientifica e Tecnologica,1275513000.0,Ministry of University and Scientific and Technological Research,0,639,True
Ministero dell'università e della ricerca (MUR/MIUR/MURST),ministry,1995,1995 19941230_304_SO_175.pdf,Ministero dell'Università e della Ricerca Scientifica e Tecnologica,138209725000.0,Ministry of University and Scientific and Technological Research,0,644,True
Ministero dell'università e della ricerca (MUR/MIUR/MURST),ministry,1995,1995 19941230_304_SO_175.pdf,Ministero dell'Università e della Ricerca Scientifica e Tecnologica,26458817.0,Ministry of University and Scientific and Technological Research,0,652,True
Ministero dell'università e della ricerca (MUR/MIUR/MURST),ministry,1995,1995 19941230_304_SO_175.pdf,Ministero dell'Università e della Ricerca Scientifica e Tecnologica,50000000000.0,Ministry of University and Scientific and Technological Research,0,654,True
Ministero dell'università e della ricerca (MUR/MIUR/MURST),ministry,1995,1995 19941230_304_SO_175.pdf,Ministero dell'Università e della Ricerca Scientifica e Tecnologica,938187660000.0,Ministry of University and Scientific and Technological Research,0,660,True
Ministero dell'università e della ricerca (MUR/MIUR/MURST),ministry,1995,1995 19941230_304_SO_175.pdf,Ministero dell'università e della ricerca,0.0,Ministry of University and Research,0,664,True
Ministero dell'università e della ricerca (MUR/MIUR/MURST),ministry,1995,1995 19941230_304_SO_175.pdf,Ministero dell'Università e della Ricerca Scientifica e Tecnologica,9264984000.0,Ministry of University and Scientific and Technological Research,0,668,True
Ministero dell'università e della ricerca (MUR/MIUR/MURST),ministry,1995,1995 19941230_304_SO_175.pdf,Ministero dell'Università e della Ricerca Scientifica e Tecnologica,56130000000.0,Ministry of University and Scientific and Technological Research,0,677,True
Ministero dell'università e della ricerca (MUR/MIUR/MURST),ministry,1995,1995 19941230_304_SO_175.pdf,Ministero dell'università e della ricerca,438300000000.0,Ministry of University and Research,0,681,True
Ministero dell'università e della ricerca (MUR/MIUR/MURST),ministry,1995,1995 19941230_304_SO_175.pdf,Ministero dell'Università e della Ricerca Scientifica e Tecnologica,7674566000000.0,Ministry of University and Scientific and Technological Research,0,684,True
Ministero dell'università e della ricerca (MUR/MIUR/MURST),ministry,1996,1996 19951229_302_SO_153.pdf,MINISTERO DELL'UNIVERSITÀ E DELLA RICERCA SCIENTIFICA E TECNOLOGICA,494636758.0,MINISTRY OF UNIVERSITY AND SCIENTIFIC AND TECHNOLOGICAL RESEARCH,0,702,True
Ministero dell'università e della ricerca (MUR/MIUR/MURST),ministry,1996,1996 19951229_302_SO_153.pdf,Ministero dell'università e della ricerca,231182000000.0,Ministry of University and Research,0,710,True
Ministero dell'università e della ricerca (MUR/MIUR/MURST),ministry,1996,1996 19951229_302_SO_154.pdf,Ministero dell'università e della ricerca,786516000.0,Ministry of University and Research,0,714,True
Ministero dell'università e della ricerca (MUR/MIUR/MURST),ministry,1996,1996 19951229_302_SO_154.pdf,Ministero dell'università e della ricerca,748110000000.0,Ministry of University and Research,0,717,True
Ministero dell'università e della ricerca (MUR/MIUR/MURST),ministry,1996,1996 19951229_302_SO_154.pdf,Ministero dell'Università e della Ricerca Scientifica e Tecnologica,11119605000.0,Ministry of University and Scientific and Technological Research,0,720,True
Ministero dell'università e della ricerca (MUR/MIUR/MURST),ministry,1996,1996 19951229_302_SO_154.pdf,Ministero dell'Università e della Ricerca Scientifica e Tecnologica,2438735450000.0,Ministry of University and Scientific and Technological Research,0,726,True
Ministero dell'università e della ricerca (MUR/MIUR/MURST),ministry,1996,1996 19951229_302_SO_154.pdf,Ministero dell'Università e della Ricerca Scientifica e Tecnologica,158865652000.0,Ministry of University and Scientific and Technological Research,0,733,True
Ministero dell'università e della ricerca (MUR/MIUR/MURST),ministry,1996,1996 19951229_302_SO_154.pdf,Ministero dell'Università e della Ricerca Scientifica e Tecnologica,13465767.0,Ministry of University and Scientific and Technological Research,0,740,True
Ministero dell'università e della ricerca (MUR/MIUR/MURST),ministry,1996,1996 19951229_302_SO_154.pdf,Ministero dell'Università e della Ricerca Scientifica e Tecnologica,0.0,Ministry of University and Scientific and Technological Research,0,744,True
Ministero dell'università e della ricerca (MUR/MIUR/MURST),ministry,1996,1996 19951229_302_SO_154.pdf,Ministero dell'Università e della Ricerca Scientifica e Tecnologica,207576097000.0,Ministry of University and Scientific and Technological Research,0,750,True
Ministero dell'università e della ricerca (MUR/MIUR/MURST),ministry,1996,1996 19951229_302_SO_154.pdf,Ministero dell'università e della ricerca,497716000000.0,Ministry of University and Research,0,755,True
Ministero dell'università e della ricerca (MUR/MIUR/MURST),ministry,1996,1996 19951229_302_SO_154.pdf,Ministero dell'università e della ricerca,1558036286000.0,Ministry of University and Research,0,773,True
Ministero dell'università e della ricerca (MUR/MIUR/MURST),ministry,1996,1996 19951229_302_SO_154.pdf,Ministero dell'Università e della Ricerca Scientifica e Tecnologica,43000000000.0,Ministry of University and Scientific and Technological Research,0,781,True
Ministero dell'università e della ricerca (MUR/MIUR/MURST),ministry,1997,1997 19961228_303_SO_233.pdf,Ministero dell'università e della ricerca scientifica e tecnologica,70000000000.0,Ministry of University and Scientific and Technological Research,0,802,True
Ministero dell'università e della ricerca (MUR/MIUR/MURST),ministry,2009,2009 20081230_303_SO_286.pdf,"MINISTERO DELL'ISTRUZIONE, DELL'UNIVERSITA' E DELLA RICERCA",8553940000000.0,"MINISTRY OF EDUCATION, UNIVERSITY AND RESEARCH",0,844,True
Ministero dell'università e della ricerca (MUR/MIUR/MURST),ministry,2010,2010 20091230_302_SO_244.pdf,"ISTRUZIONE, UNIVERSITA' E RICERCA",55280143000.0,"Education, University and Research",0,865,True
Ministero dell'università e della ricerca (MUR/MIUR/MURST),ministry,2010,2010 20091230_302_SO_244.pdf,"ISTRUZIONE, UNIVERSITA' E RICERCA",56504559000.0,"Education, University and Research",0,869,True
Ministero dell'università e della ricerca (MUR/MIUR/MURST),ministry,2010,2010 20091230_302_SO_244.pdf,"MINISTERO DELL'ISTRUZIONE, DELL'UNIVERSITA' E DELLA RICERCA",0.0,"MINISTRY OF EDUCATION, UNIVERSITY AND RESEARCH",0,897,True
Ministero dell'università e della ricerca (MUR/MIUR/MURST),ministry,2010,2010 20091230_302_SO_244.pdf,"MINISTERO DELL'ISTRUZIONE, DELL'UNIVERSITA' E DELLA RICERCA",136106591000.0,"MINISTRY OF EDUCATION, UNIVERSITY AND RESEARCH",0,902,True
Ministero dell'università e della ricerca (MUR/MIUR/MURST),ministry,2013,2013 20121229_302_SO_212.pdf,"Ministero dell'istruzione, dell'università e della ricerca",51225541000.0,"Ministry of Education, University and Research",0,928,True
Ministero dell'università e della ricerca (MUR/MIUR/MURST),ministry,2015,2015 20141229_300_SO_100.pdf,"Ministero dell'istruzione, dell'università e della ricerca",2582284000.0,"Ministry of Education, Universities and Research",0,935,True
Ministero dell'università e della ricerca (MUR/MIUR/MURST),ministry,2017,2017 20161221_297_SO_057.pdf,"Ministero dell'istruzione, dell'università e della ricerca",112100000000.0,"Ministry of Education, Universities and Research",0,939,True
Ministero dell'università e della ricerca (MUR/MIUR/MURST),ministry,2017,2017 20161221_297_SO_057.pdf,"Ministero dell'istruzione, dell'università e della ricerca",0.0,"Ministry of Education, Universities and Research",0,943,True
Ministero dell'università e della ricerca (MUR/MIUR/MURST),ministry,2017,2017 20161221_297_SO_057.pdf,"Ministero dell'istruzione, dell'università e della ricerca",5807509000.0,"Ministry of Education, Universities and Research",0,945,True
Ministero dell'università e della ricerca (MUR/MIUR/MURST),ministry,2017,2017 20161221_297_SO_057.pdf,"Ministero dell'istruzione, dell'università e della ricerca",0.0,"Ministry of Education, Universities and Research",0,947,True
Ministero dell'università e della ricerca (MUR/MIUR/MURST),ministry,2018,2018 20171229_302_SO_062.pdf,"Ministero dell'istruzione, dell'università e della ricerca",1000000000000.0,"Ministry of Education, Universities and Research",0,951,True
Ministero dell'università e della ricerca (MUR/MIUR/MURST),ministry,2018,2018 20171229_302_SO_062.pdf,Ministero dell'università e della ricerca,1000000000000.0,Ministry of University and Research,0,962,True
Ministero dell'università e della ricerca (MUR/MIUR/MURST),ministry,2018,2018 20171229_302_SO_062.pdf,Ministero dell'università e della ricerca,2000000000000.0,Ministry of University and Research,0,967,True
Ministero dell'università e della ricerca (MUR/MIUR/MURST),ministry,2018,2018 20171229_302_SO_062.pdf,"Ministero dell'istruzione, dell'università e della ricerca",10000000000.0,"Ministry of Education, Universities and Research",0,971,True
Ministero dell'università e della ricerca (MUR/MIUR/MURST),ministry,2018,2018 20171229_302_SO_062.pdf,"ISTRUZIONE, UNIVERSITA' E RICERCA",31090008941000.0,"Ministry of Education, Universities and Research",0,974,True
Ministero dell'università e della ricerca (MUR/MIUR/MURST),ministry,2018,2018 20171229_302_SO_062.pdf,"ISTRUZIONE, UNIVERSITA' E RICERCA",2368332806000.0,"Education, University and Research",0,977,True
Ministero dell'università e della ricerca (MUR/MIUR/MURST),ministry,2018,2018 20171229_302_SO_062.pdf,"Istruzione, Università e Ricerca",54020948829000.0,"Education, University and Research",0,982,True
Ministero dell'università e della ricerca (MUR/MIUR/MURST),ministry,2018,2018 20171229_302_SO_062.pdf,"ISTRUZIONE, UNIVERSITA' E RICERCA",57555124989000.0,"Education, University and Research",0,987,True
Ministero dell'università e della ricerca (MUR/MIUR/MURST),ministry,2018,2018 20171229_302_SO_062.pdf,"ISTRUZIONE, UNIVERSITA' E RICERCA",40687799781000.0,"Education, University and Research",0,992,True
Ministero dell'università e della ricerca (MUR/MIUR/MURST),ministry,2018,2018 20171229_302_SO_062.pdf,Ministero dell'università e della ricerca,2030000000000.0,Ministry of University and Research,0,1012,True
Ministero dell'università e della ricerca (MUR/MIUR/MURST),ministry,2018,2018 20171229_302_SO_062.pdf,"Ministero dell'istruzione, dell'università e della ricerca",10000000000.0,"Ministry of Education, Universities and Research",0,1017,True
Ministero dell'università e della ricerca (MUR/MIUR/MURST),ministry,2018,2018 20171229_302_SO_062.pdf,"MINISTERO DELL'ISTRUZIONE, DELL'UNIVERSITA' E DELLA RICERCA",44755831344000.0,"MINISTRY OF EDUCATION, UNIVERSITY AND RESEARCH",0,1024,True
Ministero dell'università e della ricerca (MUR/MIUR/MURST),ministry,2018,2018 20171229_302_SO_062.pdf,"MINISTERO DELL'ISTRUZIONE, DELL'UNIVERSITA' E DELLA RICERCA",25600000000000.0,"MINISTRY OF EDUCATION, UNIVERSITY AND RESEARCH",0,1034,True
Ministero dell'università e della ricerca (MUR/MIUR/MURST),ministry,2019,2019 20181231_302_SO_062.pdf,"Ministero dell'istruzione, dell'università e della ricerca",,"Ministry of Education, Universities and Research",0,1059,True
Ministero dell'università e della ricerca (MUR/MIUR/MURST),ministry,2019,2019 20181231_302_SO_062.pdf,"Ministero dell'istruzione, dell'università e della ricerca",10000000000.0,"Ministry of Education, Universities and Research",0,1070,True
Ministero dell'università e della ricerca (MUR/MIUR/MURST),ministry,2019,2019 20181231_302_SO_062.pdf,"ISTRUZIONE, UNIVERSITA' E RICERCA",42600847746000.0,"Education, University and Research",0,1078,True
Ministero dell'università e della ricerca (MUR/MIUR/MURST),ministry,2019,2019 20181231_302_SO_062.pdf,"ISTRUZIONE, UNIVERSITA' E RICERCA",46411084446000.0,"Education, University and Research",0,1083,True
Ministero dell'università e della ricerca (MUR/MIUR/MURST),ministry,2019,2019 20181231_302_SO_062.pdf,"ISTRUZIONE, UNIVERSITA' E RICERCA",2335690171000.0,"Education, University and Research",0,1088,True
Ministero dell'università e della ricerca (MUR/MIUR/MURST),ministry,2019,2019 20181231_302_SO_062.pdf,Ministero dell'università e della ricerca,9997018000000.0,Ministry of University and Research,0,1099,True
Ministero dell'università e della ricerca (MUR/MIUR/MURST),ministry,2019,2019 20181231_302_SO_062.pdf,Ministero dell'università e della ricerca,99970115000.0,Ministry of University and Research,0,1121,True
Ministero dell'università e della ricerca (MUR/MIUR/MURST),ministry,2019,2019 20181231_302_SO_062.pdf,"MINISTERO DELL'ISTRUZIONE, DELL'UNIVERSITA' E DELLA RICERCA",48476017922000.0,"MINISTRY OF EDUCATION, UNIVERSITY AND RESEARCH",0,1147,True
Ministero dell'università e della ricerca (MUR/MIUR/MURST),ministry,2020,2020 20191230_304_SO_045.pdf,Ministero dell'Università e della Ricerca,,Ministry of University and Research,0,1170,True
Ministero dell'università e della ricerca (MUR/MIUR/MURST),ministry,2020,2020 20191230_304_SO_045.pdf,Ministero dell'Università e della Ricerca,1000000000000.0,Ministry of University and Research,0,1175,True
Ministero dell'università e della ricerca (MUR/MIUR/MURST),ministry,2020,2020 20191230_304_SO_045.pdf,Ministero dell'Università e della Ricerca,390000000000.0,Ministry of University and Research,0,1180,True
Ministero dell'università e della ricerca (MUR/MIUR/MURST),ministry,2020,2020 20191230_304_SO_045.pdf,Ministero dell'Università e della Ricerca,235834000000.0,Ministry of University and Research,0,1189,True
Ministero dell'università e della ricerca (MUR/MIUR/MURST),ministry,2020,2020 20191230_304_SO_045.pdf,"MINISTERO DELL'ISTRUZIONE, DELL'UNIVERSITA' E DELLA RICERCA",60060761720000.0,"MINISTRY OF EDUCATION, UNIVERSITY AND RESEARCH",0,1198,True
Ministero dell'università e della ricerca (MUR/MIUR/MURST),ministry,2021,2021 20201230_322_SO_046.pdf,Ministero dell'università e della ricerca,126000000000.0,Ministry of University and Research,0,1200,True
Ministero dell'università e della ricerca (MUR/MIUR/MURST),ministry,2021,2021 20201230_322_SO_046.pdf,Ministero dell'università e della ricerca,0.0,Ministry of University and Research,0,1204,True
Ministero dell'università e della ricerca (MUR/MIUR/MURST),ministry,2021,2021 20201230_322_SO_046.pdf,Ministero dell'università e della ricerca,5000000000.0,Ministry of University and Research,0,1211,True
Ministero dell'università e della ricerca (MUR/MIUR/MURST),ministry,2021,2021 20201230_322_SO_046.pdf,Ministero dell'università e della ricerca,1060697407565000.0,Ministry of University and Research,0,1215,True
Ministero dell'università e della ricerca (MUR/MIUR/MURST),ministry,2021,2021 20201230_322_SO_046.pdf,MINISTERO DELL'UNIVERSITA' E DELLA RICERCA,1152916726000.0,MINISTRY OF UNIVERSITY AND RESEARCH,0,1222,True
Ministero dell'università e della ricerca (MUR/MIUR/MURST),ministry,2021,2021 20201230_322_SO_046.pdf,Ministero dell'Università e della Ricerca,628364398115000.0,Ministry of University and Research,0,1226,True
Ministero dell'università e della ricerca (MUR/MIUR/MURST),ministry,2021,2021 20201230_322_SO_046.pdf,Ministero dell'università e della ricerca,619621063000.0,Ministry of University and Research,0,1231,True
Ministero dell'università e della ricerca (MUR/MIUR/MURST),ministry,2021,2021 20201230_322_SO_046.pdf,Ministero dell'università e della ricerca,1000000000000.0,Ministry of University and Research,0,1237,True
Ministero dell'università e della ricerca (MUR/MIUR/MURST),ministry,2021,2021 20201230_322_SO_046.pdf,Ministero dell'università e della ricerca,12882516747000.0,Ministry of University and Research,0,1243,True
Ministero dell'università e della ricerca (MUR/MIUR/MURST),ministry,2022,2022 20211231_310_SO_049.pdf,Ministero dell'università e della ricerca,,Ministry of University and Research,0,1245,True
Ministero dell'università e della ricerca (MUR/MIUR/MURST),ministry,2022,2022 20211231_310_SO_049.pdf,Ministero dell'università e della ricerca,90000000.0,Ministry of University and Research,0,1256,True
Ministero dell'università e della ricerca (MUR/MIUR/MURST),ministry,2022,2022 20211231_310_SO_049.pdf,Ministero dell'università e della ricerca,0.0,Ministry of University and Research,0,1265,True
Ministero dell'università e della ricerca (MUR/MIUR/MURST),ministry,2023,2023 20221229_303_SO_043.pdf,Ministero dell'università e della ricerca,937655000.0,Ministry of University and Research,0,1279,True
Ministero dell'università e della ricerca (MUR/MIUR/MURST),ministry,2024,2024 20231230_303_SO_040-1.pdf,Ministero dell'Università e della Ricerca,31193912000.0,Ministry of University and Research,0,1298,True
Ministero dell'università e della ricerca (MUR/MIUR/MURST),ministry,2024,2024 20231230_303_SO_040-1.pdf,UNIVERSITA' E RICERCA,3074899627000.0,Universities and Research,0,1300,True
Ministero dell'università e della ricerca (MUR/MIUR/MURST),ministry,2024,2024 20231230_303_SO_040-1.pdf,UNIVERSITA' E RICERCA,18300000000000.0,Universities and Research,0,1305,True
Ministero dell'università e della ricerca (MUR/MIUR/MURST),ministry,2024,2024 20231230_303_SO_040-1.pdf,UNIVERSITA' E RICERCA,3383080147000.0,Universities and Research,0,1310,True
Ministero dell'università e della ricerca (MUR/MIUR/MURST),ministry,2024,2024 20231230_303_SO_040-1.pdf,MINISTERO DELL'UNIVERSITA' E DELLA RICERCA,9627482000.0,MINISTRY OF UNIVERSITY AND RESEARCH,0,1332,True
Ministero dell'università e della ricerca (MUR/MIUR/MURST),ministry,2024,2024 20231230_303_SO_040-1.pdf,Ministero dell'università e della ricerca,123456789000.0,Ministry of University and Research,0,1337,True
Ministero dell'università e della ricerca (MUR/MIUR/MURST),ministry,2024,2024 20231230_303_SO_040-1.pdf,MINISTERO DELL'UNIVERSITA' E DELLA RICERCA,14069822981000.0,MINISTRY OF UNIVERSITY AND RESEARCH,0,1342,True
Ministero dell'università e della ricerca (MUR/MIUR/MURST),ministry,2024,2024 20231230_303_SO_040.pdf,UNIVERSITA' E RICERCA,14383652498000.0,Universities and Research,0,1353,True
Ministero dell'università e della ricerca (MUR/MIUR/MURST),ministry,2024,2024 20231230_303_SO_040.pdf,MINISTERO DELL'UNIVERSITA' E DELLA RICERCA,9627482000.0,MINISTRY OF UNIVERSITY AND RESEARCH,0,1369,True
Ministero dell'università e della ricerca (MUR/MIUR/MURST),ministry,2024,2024 20231230_303_SO_040.pdf,Ministero dell'università e della ricerca,3370000000000.0,Ministry of University and Research,0,1382,True
Missione 17 — Ricerca e innovazione,direct_rd,1987,1987 19861230_301_SO_124.pdf,Riforma della legge n. 46 del 1982 @ partecipazione a programmi internazionali di ricerca e innovazione.,100000000000.0,Ministry of University and Scientific and Technological Research,0,81,False
Missione 17 — Ricerca e innovazione,direct_rd,1987,1987 19861230_301_SO_125.pdf,Ricerca e innovazione,77308799.0,Research and Innovation,0,84,False
Missione 17 — Ricerca e innovazione,direct_rd,1988,1988 19880319_066_SO_020.pdf,Riforma della legge n.46 del 1982 e partecipazione a programmi internazionali di ricerca e innovazione.,125000000000.0,Ministry of University and Scientific and Technological Research,0,167,False
Missione 17 — Ricerca e innovazione,direct_rd,1988,1988 19880319_066_SO_020.pdf,Ricerca scientifica e tecnologica di base e applicata,2000000000.0,Ministry of University and Scientific and Technological Research,0,176,False
Missione 17 — Ricerca e innovazione,direct_rd,1994,1994 19931228_303_SO_122.pdf,Ricerca scientifica e tecnologica di base e applicata,11500000000.0,Ministry of University and Scientific and Technological Research,0,588,False
Missione 17 — Ricerca e innovazione,direct_rd,1996,1996 19951229_302_SO_154.pdf,Ricerca scientifica e tecnologica di base e applicata,100000000000.0,Ministry of University and Research,0,774,False
Missione 17 — Ricerca e innovazione,direct_rd,2009,2009 20081230_303_SO_286.pdf,Ricerca e innovazione,,Research and Innovation,0,812,False
Missione 17 — Ricerca e innovazione,direct_rd,2009,2009 20081230_303_SO_286.pdf,Totale per la Ricerca di base e applicata,,Basic and Applied Research,0,813,False
Missione 17 — Ricerca e innovazione,direct_rd,2009,2009 20081230_303_SO_286.pdf,Ricerca e innovazione,176219996000.0,Research and Innovation,0,818,False
Missione 17 — Ricerca e innovazione,direct_rd,2009,2009 20081230_303_SO_286.pdf,Totale Ricerca di base e applicata,176219996000.0,Basic and Applied Research,0,819,False
Missione 17 — Ricerca e innovazione,direct_rd,2009,2009 20081230_303_SO_286.pdf,Ricerca di base e applicata,176219996000.0,Basic and Applied Research,0,820,False
Missione 17 — Ricerca e innovazione,direct_rd,2009,2009 20081230_303_SO_286.pdf,Ricerca e innovazione,0.0,Research and Innovation,0,821,False
Missione 17 — Ricerca e innovazione,direct_rd,2009,2009 20081230_303_SO_286.pdf,Ricerca e innovazione,207641783000.0,Research and Innovation,0,825,False
Missione 17 — Ricerca e innovazione,direct_rd,2009,2009 20081230_303_SO_286.pdf,Ricerca e innovazione per la competitivita' nell'ambito dello sviluppo e coesione,1967572000.0,Research and Innovation,0,828,False
Missione 17 — Ricerca e innovazione,direct_rd,2009,2009 20081230_303_SO_286.pdf,Ricerca e innovazione,518911792000.0,Research and Innovation,0,837,False
Missione 17 — Ricerca e innovazione,direct_rd,2009,2009 20081230_303_SO_286.pdf,Ricerca e innovazione,2445941527000.0,"MINISTRY OF EDUCATION, UNIVERSITY AND RESEARCH",0,845,False
Missione 17 — Ricerca e innovazione,direct_rd,2009,2009 20081230_303_SO_286.pdf,Ricerca e innovazione,113780894000.0,MINISTRY OF ENVIRONMENT AND TERRITORIAL AND SEA PROTECTION,0,848,False
Missione 17 — Ricerca e innovazione,direct_rd,2009,2009 20081230_303_SO_286.pdf,Ricerca e innovazione,113780894000.0,Research and Innovation,0,850,False
Missione 17 — Ricerca e innovazione,direct_rd,2009,2009 20081230_303_SO_286.pdf,Ricerca e innovazione,51559.0,Research and Innovation,0,853,False
Missione 17 — Ricerca e innovazione,direct_rd,2010,2010 20091230_302_SO_244.pdf,Ricerca e innovazione,2299413000.0,"Education, University and Research",0,867,True
Missione 17 — Ricerca e innovazione,direct_rd,2010,2010 20091230_302_SO_244.pdf,Ricerca e innovazione,2330933000.0,Research and Innovation,0,872,True
Missione 17 — Ricerca e innovazione,direct_rd,2010,2010 20091230_302_SO_244.pdf,Ricerca e innovazione,,Research and Innovation,0,874,True
Missione 17 — Ricerca e innovazione,direct_rd,2010,2010 20091230_302_SO_244.pdf,Totale per la Ricerca di base e applicata,,Basic and Applied Research,0,875,True
Missione 17 — Ricerca e innovazione,direct_rd,2010,2010 20091230_302_SO_244.pdf,Ricerca e innovazione,170652423000.0,Research and Innovation,0,879,True
Missione 17 — Ricerca e innovazione,direct_rd,2010,2010 20091230_302_SO_244.pdf,Totale per la Ricerca di base e applicata,170652423000.0,Basic and Applied Research,0,880,True
Missione 17 — Ricerca e innovazione,direct_rd,2010,2010 20091230_302_SO_244.pdf,Ricerca di base e applicata,170652423000.0,Basic and Applied Research,0,881,True
Missione 17 — Ricerca e innovazione,direct_rd,2010,2010 20091230_302_SO_244.pdf,Ricerca e innovazione,0.0,Research and Innovation,0,882,True
Missione 17 — Ricerca e innovazione,direct_rd,2010,2010 20091230_302_SO_244.pdf,Totale per la Ricerca di base e applicata,11033000000.0,Basic and Applied Research,0,883,True
Missione 17 — Ricerca e innovazione,direct_rd,2010,2010 20091230_302_SO_244.pdf,Ricerca e innovazione per la competitivita',0.0,"Development, Innovation and Research in Energy",0,886,True
Missione 17 — Ricerca e innovazione,direct_rd,2010,2010 20091230_302_SO_244.pdf,Ricerca e innovazione per la competitivita' nell'ambito dello sviluppo e coesione,476702627000.0,MINISTRY OF ECONOMIC DEVELOPMENT,0,892,True
Missione 17 — Ricerca e innovazione,direct_rd,2010,2010 20091230_302_SO_244.pdf,Ricerca e innovazione per la competitivita' nell'ambito dello sviluppo e coesione,1911400000.0,MINISTRY OF ECONOMIC DEVELOPMENT,0,893,True
Missione 17 — Ricerca e innovazione,direct_rd,2010,2010 20091230_302_SO_244.pdf,Ricerca e innovazione,0.0,"MINISTRY OF EDUCATION, UNIVERSITY AND RESEARCH",0,898,True
Missione 17 — Ricerca e innovazione,direct_rd,2010,2010 20091230_302_SO_244.pdf,RICERCA E INNOVAZIONE,2299413069000.0,"MINISTRY OF EDUCATION, UNIVERSITY AND RESEARCH",0,903,True
Missione 17 — Ricerca e innovazione,direct_rd,2010,2010 20091230_302_SO_244.pdf,Ricerca e innovazione,12463241000.0,Research and Innovation,0,909,True
Missione 17 — Ricerca e innovazione,direct_rd,2010,2010 20091230_302_SO_244.pdf,Ricerca e innovazione,59708000000.0,Research and Innovation,0,912,True
Missione 17 — Ricerca e innovazione,direct_rd,2010,2010 20091230_302_SO_244.pdf,Ricerca e innovazione,59708000000.0,Research and Innovation,0,914,True
Missione 17 — Ricerca e innovazione,direct_rd,2015,2015 20141229_300_SO_100.pdf,Finanziamento per la ricerca per il settore della sanità pubblica,,"Ministry of Education, Universities and Research",0,937,True
Missione 17 — Ricerca e innovazione,direct_rd,2018,2018 20171229_302_SO_062.pdf,Ricerca scientifica e tecnologica di base e applicata,300000000000.0,Ministry of University and Research,0,966,True
Missione 17 — Ricerca e innovazione,direct_rd,2018,2018 20171229_302_SO_062.pdf,Ricerca e innovazione,2977760910000.0,Research and Innovation,0,1004,True
Missione 17 — Ricerca e innovazione,direct_rd,2018,2018 20171229_302_SO_062.pdf,Totale per la ricerca scientifica e tecnologica di base e applicata,2363573845000.0,Basic and applied scientific and technological research,0,1007,True
Missione 17 — Ricerca e innovazione,direct_rd,2018,2018 20171229_302_SO_062.pdf,Totale per la ricerca di base e applicata,213693141000.0,Basic and applied research,0,1010,True
Missione 17 — Ricerca e innovazione,direct_rd,2018,2018 20171229_302_SO_062.pdf,Ricerca scientifica e tecnologica di base e applicata,300000000000.0,Ministry of University and Research,0,1016,True
Missione 17 — Ricerca e innovazione,direct_rd,2018,2018 20171229_302_SO_062.pdf,Ricerca e innovazione,213693141000.0,"Ministry of Education, Universities and Research",0,1018,True
Missione 17 — Ricerca e innovazione,direct_rd,2018,2018 20171229_302_SO_062.pdf,Ricerca di base e applicata,213693141000.0,"Ministry of Education, Universities and Research",0,1020,True
Missione 17 — Ricerca e innovazione,direct_rd,2018,2018 20171229_302_SO_062.pdf,Ricerca scientifica e tecnologica di base e applicata (17.22),2523508451000.0,"MINISTRY OF EDUCATION, UNIVERSITY AND RESEARCH",0,1035,True
Missione 17 — Ricerca e innovazione,direct_rd,2018,2018 20171229_302_SO_062.pdf,Ricerca e innovazione,880866788000.0,Research and Innovation,0,1042,True
Missione 17 — Ricerca e innovazione,direct_rd,2018,2018 20171229_302_SO_062.pdf,Ricerca per il settore zooprofilattico,11236063000.0,MINISTRY OF HEALTH,0,1053,True
Missione 17 — Ricerca e innovazione,direct_rd,2018,2018 20171229_302_SO_062.pdf,Promozione e sviluppo della ricerca per il settore zooprofilattico,10816717000.0,MINISTRY OF HEALTH,0,1054,True
Missione 17 — Ricerca e innovazione,direct_rd,2018,2018 20171229_302_SO_062.pdf,Ricerca e innovazione,24342659000.0,Research and Innovation,0,1055,True
Missione 17 — Ricerca e innovazione,direct_rd,2019,2019 20181231_302_SO_062.pdf,Ricerca per il settore della sanità pubblica,5000000000.0,"Ministry of Education, Universities and Research",0,1064,True
Missione 17 — Ricerca e innovazione,direct_rd,2019,2019 20181231_302_SO_062.pdf,Ricerca per il settore della sanità pubblica,,Ministry of Health,0,1074,True
Missione 17 — Ricerca e innovazione,direct_rd,2019,2019 20181231_302_SO_062.pdf,3 - Ricerca e innovazione,30000000000.0,"MINISTRY OF EDUCATION, UNIVERSITY AND RESEARCH",0,1076,True
Missione 17 — Ricerca e innovazione,direct_rd,2019,2019 20181231_302_SO_062.pdf,3.1 - Ricerca scientifica e tecnologica di base e applicata,30000000000.0,"MINISTRY OF EDUCATION, UNIVERSITY AND RESEARCH",0,1077,True
Missione 17 — Ricerca e innovazione,direct_rd,2019,2019 20181231_302_SO_062.pdf,Ricerca scientifica e tecnologica di base e applicata,8508633067000.0,"Education, University and Research",0,1082,True
Missione 17 — Ricerca e innovazione,direct_rd,2019,2019 20181231_302_SO_062.pdf,Ricerca scientifica e tecnologica di base e applicata,,"Education, University and Research",0,1090,True
Missione 17 — Ricerca e innovazione,direct_rd,2019,2019 20181231_302_SO_062.pdf,Ricerca e innovazione,56000000000.0,Research and Innovation,0,1093,True
Missione 17 — Ricerca e innovazione,direct_rd,2019,2019 20181231_302_SO_062.pdf,Ricerca scientifica e tecnologica di base e applicata,9997018000000.0,Ministry of University and Research,0,1100,True
Missione 17 — Ricerca e innovazione,direct_rd,2019,2019 20181231_302_SO_062.pdf,Ricerca e innovazione,3316411278000.0,Research and Innovation,0,1104,True
Missione 17 — Ricerca e innovazione,direct_rd,2019,2019 20181231_302_SO_062.pdf,Totale Ricerca di base e applicata,255078625000.0,Basic and Applied Research,0,1109,True
Missione 17 — Ricerca e innovazione,direct_rd,2019,2019 20181231_302_SO_062.pdf,Totale Ricerca per il settore zooprofilattico,11152107000.0,Research for the Zootechnical Sector,0,1113,True
Missione 17 — Ricerca e innovazione,direct_rd,2019,2019 20181231_302_SO_062.pdf,Promozione e sviluppo della ricerca per il settore zooprofilattico,10806804000.0,Research for the Zootechnical Sector,0,1114,True
Missione 17 — Ricerca e innovazione,direct_rd,2019,2019 20181231_302_SO_062.pdf,Totale Ricerca scientifica e tecnologica di base e applicata,2653476496000.0,Basic and Applied Scientific and Technological Research,0,1115,True
Missione 17 — Ricerca e innovazione,direct_rd,2019,2019 20181231_302_SO_062.pdf,Ricerca scientifica e tecnologica di base e applicata,20000000000.0,Ministry of University and Research,0,1125,True
Missione 17 — Ricerca e innovazione,direct_rd,2019,2019 20181231_302_SO_062.pdf,Ricerca e innovazione (17),,Research and innovation,0,1132,True
Missione 17 — Ricerca e innovazione,direct_rd,2019,2019 20181231_302_SO_062.pdf,Ricerca per il settore zooprofilattico,,MINISTRY OF HEALTH,0,1139,True
Missione 17 — Ricerca e innovazione,direct_rd,2019,2019 20181231_302_SO_062.pdf,Ricerca e innovazione,113694758000.0,Research and Innovation,0,1143,True
Missione 17 — Ricerca e innovazione,direct_rd,2019,2019 20181231_302_SO_062.pdf,Ricerca e innovazione (17),2653476496000.0,"MINISTRY OF EDUCATION, UNIVERSITY AND RESEARCH",0,1148,True
Missione 17 — Ricerca e innovazione,direct_rd,2019,2019 20181231_302_SO_062.pdf,Ricerca scientifica e tecnologica di base e applicata (17.22),2653476496000.0,"MINISTRY OF EDUCATION, UNIVERSITY AND RESEARCH",0,1149,True
Missione 17 — Ricerca e innovazione,direct_rd,2019,2019 20181231_302_SO_062.pdf,Ricerca e innovazione,845335357000.0,Research and Innovation,0,1155,True
Missione 17 — Ricerca e innovazione,direct_rd,2019,2019 20181231_302_SO_062.pdf,Ricerca e innovazione,2264403683000.0,Research and Innovation,0,1161,True
Missione 17 — Ricerca e innovazione,direct_rd,2019,2019 20181231_302_SO_062.pdf,Ricerca per il settore zooprofilattico,11152107000.0,MINISTRY OF HEALTH,0,1167,True
Missione 17 — Ricerca e innovazione,direct_rd,2019,2019 20181231_302_SO_062.pdf,Promozione e sviluppo della ricerca per il settore zooprofilattico,10806804000.0,MINISTRY OF HEALTH,0,1169,True
Missione 17 — Ricerca e innovazione,direct_rd,2020,2020 20191230_304_SO_045.pdf,Ricerca scientifica e tecnologica di base e applicata,100000000000.0,Ministry of University and Research,0,1179,True
Missione 17 — Ricerca e innovazione,direct_rd,2020,2020 20191230_304_SO_045.pdf,Ricerca e innovazione,43135433894000.0,Research and Innovation,0,1193,True
Missione 17 — Ricerca e innovazione,direct_rd,2020,2020 20191230_304_SO_045.pdf,Totale per la Ricerca scientifica e tecnologica di base e applicata,43135433894000.0,Basic and Applied Scientific and Technological Research,0,1194,True
Missione 17 — Ricerca e innovazione,direct_rd,2020,2020 20191230_304_SO_045.pdf,Ricerca scientifica e tecnologica di base e applicata (17.22),500000000000.0,Ministry of University and Research,0,1197,True
Missione 17 — Ricerca e innovazione,direct_rd,2020,2020 20191230_304_SO_045.pdf,Ricerca per il settore zooprofilattico (17.21),,"MINISTRY OF EDUCATION, UNIVERSITY AND RESEARCH",0,1199,True
Missione 17 — Ricerca e innovazione,direct_rd,2021,2021 20201230_322_SO_046.pdf,Ricerca scientifica e tecnologica di base e applicata,0.0,Ministry of University and Research,0,1208,True
Missione 17 — Ricerca e innovazione,direct_rd,2021,2021 20201230_322_SO_046.pdf,Ricerca e innovazione,64000000.0,Ministry of University and Research,0,1216,True
Missione 17 — Ricerca e innovazione,direct_rd,2021,2021 20201230_322_SO_046.pdf,Ricerca scientifica e tecnologica di base e applicata,100000000000.0,Ministry of University and Research,0,1241,True
Missione 17 — Ricerca e innovazione,direct_rd,2021,2021 20201230_322_SO_046.pdf,Ricerca per il settore della sanità pubblica,300000000000.0,Ministry of University and Research,0,1242,True
Missione 17 — Ricerca e innovazione,direct_rd,2021,2021 20201230_322_SO_046.pdf,Ricerca per il settore zooprofilattico (17.21),0.0,Ministry of University and Research,0,1244,True
Missione 17 — Ricerca e innovazione,direct_rd,2022,2022 20211231_310_SO_049.pdf,Ricerca scientifica e tecnologica di base e applicata,0.0,Ministry of University and Research,0,1269,True
Missione 17 — Ricerca e innovazione,direct_rd,2024,2024 20231230_303_SO_040-1.pdf,Ricerca e innovazione,82075000.0,Research and Innovation,0,1291,True
Missione 17 — Ricerca e innovazione,direct_rd,2024,2024 20231230_303_SO_040-1.pdf,Ricerca scientifica e tecnologica di base e applicata,13886000.0,Research and Innovation,0,1292,True
Missione 17 — Ricerca e innovazione,direct_rd,2024,2024 20231230_303_SO_040-1.pdf,Ricerca e innovazione (17),9861000000.0,Ministry of Health,0,1295,True
Missione 17 — Ricerca e innovazione,direct_rd,2024,2024 20231230_303_SO_040-1.pdf,Ricerca per il settore zooprofilattico (21),539000000.0,Ministry of Health,0,1297,True
Missione 17 — Ricerca e innovazione,direct_rd,2024,2024 20231230_303_SO_040-1.pdf,Ricerca scientifica e tecnologica di base e applicata,10000000000.0,Universities and Research,0,1314,True
Missione 17 — Ricerca e innovazione,direct_rd,2024,2024 20231230_303_SO_040-1.pdf,Ricerca e innovazione,4992141904000.0,Research and Innovation,0,1315,True
Missione 17 — Ricerca e innovazione,direct_rd,2024,2024 20231230_303_SO_040-1.pdf,Totale per la ricerca scientifica e tecnologica di base e applicata,2562877123000.0,Basic and applied scientific and technological research,0,1318,True
Missione 17 — Ricerca e innovazione,direct_rd,2024,2024 20231230_303_SO_040-1.pdf,Ricerca scientifica e tecnologica di base e applicata,98765432000.0,Ministry of University and Research,0,1338,True
Missione 17 — Ricerca e innovazione,direct_rd,2024,2024 20231230_303_SO_040-1.pdf,Ricerca scientifica e tecnologica di base e applicata (17.22),,MINISTRY OF UNIVERSITY AND RESEARCH,0,1343,True
Missione 17 — Ricerca e innovazione,direct_rd,2024,2024 20231230_303_SO_040-1.pdf,Ricerca per il settore zooprofilattico (17.21),,MINISTRY OF UNIVERSITY AND RESEARCH,0,1349,True
Missione 17 — Ricerca e innovazione,direct_rd,2024,2024 20231230_303_SO_040.pdf,Ricerca di base e applicata,24950000.0,Research and Innovation,0,1351,True
Missione 17 — Ricerca e innovazione,direct_rd,2024,2024 20231230_303_SO_040.pdf,Ricerca e innovazione,4992141904000.0,Research and Innovation,0,1363,True
Missione 17 — Ricerca e innovazione,direct_rd,2024,2024 20231230_303_SO_040.pdf,Totale Ricerca di base e applicata,1911088625000.0,Basic and Applied Research,0,1364,True
Missione 17 — Ricerca e innovazione,direct_rd,2024,2024 20231230_303_SO_040.pdf,Totale Ricerca scientifica e tecnologica di base e applicata,2562877123000.0,Basic and Applied Scientific and Technological Research,0,1367,True
Missione 17 — Ricerca e innovazione,direct_rd,2024,2024 20231230_303_SO_040.pdf,Ricerca scientifica e tecnologica di base e applicata,34567890000.0,Ministry of University and Research,0,1378,True
Missione 17 — Ricerca e innovazione,direct_rd,2024,2024 20231230_303_SO_040.pdf,Ricerca scientifica e tecnologica di base e applicata,800000000000.0,Ministry of University and Research,0,1386,True
Missione 17 — Ricerca e innovazione,direct_rd,2024,2024 20231230_303_SO_040.pdf,Ricerca per il settore zooprofilattico,250000000000.0,Ministry of University and Research,0,1390,True
PRIN — Progetti di Rilevante Interesse Nazionale,direct_rd,1988,1988 19880319_066_SO_020.pdf,Progetti di Rilevante Interesse Nazionale,500000000.0,Ministry of University and Scientific and Technological Research,0,175,False
PRIN — Progetti di Rilevante Interesse Nazionale,direct_rd,1989,1989 19881230_305_SO_114.pdf,Progetti di Rilevante Interesse Nazionale,2000000000.0,Ministry of University and Scientific and Technological Research,0,258,False
PRIN — Progetti di Rilevante Interesse Nazionale,direct_rd,1994,1994 19931228_303_SO_122.pdf,Progetti di Rilevante Interesse Nazionale,600000000.0,Ministry of University and Scientific and Technological Research,0,589,False
PRIN — Progetti di Rilevante Interesse Nazionale,direct_rd,1996,1996 19951229_302_SO_154.pdf,PRIN - Progetti di Rilevante Interesse Nazionale,20000000000.0,Ministry of University and Research,0,776,False
PRIN — Progetti di Rilevante Interesse Nazionale,direct_rd,2018,2018 20171229_302_SO_062.pdf,Progetti di Rilevante Interesse Nazionale,150000000000.0,Ministry of University and Research,0,965,True
PRIN — Progetti di Rilevante Interesse Nazionale,direct_rd,2018,2018 20171229_302_SO_062.pdf,Progetti di Rilevante Interesse Nazionale,300000000000.0,Ministry of University and Research,0,970,True
PRIN — Progetti di Rilevante Interesse Nazionale,direct_rd,2018,2018 20171229_302_SO_062.pdf,PRIN - Progetti di Rilevante Interesse Nazionale,200000000000.0,"Ministry of Education, Universities and Research",0,976,True
PRIN — Progetti di Rilevante Interesse Nazionale,direct_rd,2018,2018 20171229_302_SO_062.pdf,Progetti di Rilevante Interesse Nazionale,200000000000.0,"Education, University and Research",0,980,True
PRIN — Progetti di Rilevante Interesse Nazionale,direct_rd,2018,2018 20171229_302_SO_062.pdf,PRIN - Progetti di Rilevante Interesse Nazionale,265829592000.0,"Education, University and Research",0,985,True
PRIN — Progetti di Rilevante Interesse Nazionale,direct_rd,2018,2018 20171229_302_SO_062.pdf,Progetti di Rilevante Interesse Nazionale,500000000000.0,"Education, University and Research",0,991,True
PRIN — Progetti di Rilevante Interesse Nazionale,direct_rd,2018,2018 20171229_302_SO_062.pdf,Progetti di Rilevante Interesse Nazionale,265829592000.0,"Education, University and Research",0,995,True
PRIN — Progetti di Rilevante Interesse Nazionale,direct_rd,2018,2018 20171229_302_SO_062.pdf,Progetti di Rilevante Interesse Nazionale,200000000000.0,Ministry of University and Research,0,1015,True
PRIN — Progetti di Rilevante Interesse Nazionale,direct_rd,2019,2019 20181231_302_SO_062.pdf,Progetti di Rilevante Interesse Nazionale.,4500000000.0,Ministry of University and Research,0,1069,True
PRIN — Progetti di Rilevante Interesse Nazionale,direct_rd,2019,2019 20181231_302_SO_062.pdf,Progetti di Rilevante Interesse Nazionale,604535089000.0,"Education, University and Research",0,1081,True
PRIN — Progetti di Rilevante Interesse Nazionale,direct_rd,2019,2019 20181231_302_SO_062.pdf,Progetti di Rilevante Interesse Nazionale,,"Education, University and Research",0,1087,True
PRIN — Progetti di Rilevante Interesse Nazionale,direct_rd,2019,2019 20181231_302_SO_062.pdf,Progetti di Rilevante Interesse Nazionale (PRIN),10000000000.0,Basic and Applied Scientific and Technological Research,0,1096,True
PRIN — Progetti di Rilevante Interesse Nazionale,direct_rd,2019,2019 20181231_302_SO_062.pdf,Progetti di Rilevante Interesse Nazionale,30000000000.0,Ministry of University and Research,0,1124,True
PRIN — Progetti di Rilevante Interesse Nazionale,direct_rd,2020,2020 20191230_304_SO_045.pdf,Progetti di Rilevante Interesse Nazionale,60000000000.0,Ministry of University and Research,0,1173,True
PRIN — Progetti di Rilevante Interesse Nazionale,direct_rd,2020,2020 20191230_304_SO_045.pdf,Progetti di Rilevante Interesse Nazionale,150000000000.0,Ministry of University and Research,0,1178,True
PRIN — Progetti di Rilevante Interesse Nazionale,direct_rd,2020,2020 20191230_304_SO_045.pdf,Progetti di Rilevante Interesse Nazionale,50000000000.0,Ministry of University and Research,0,1192,True
PRIN — Progetti di Rilevante Interesse Nazionale,direct_rd,2020,2020 20191230_304_SO_045.pdf,PRIN - Progetti di Rilevante Interesse Nazionale,500000000000.0,Projects of Relevant National Interest,0,1196,True
PRIN — Progetti di Rilevante Interesse Nazionale,direct_rd,2021,2021 20201230_322_SO_046.pdf,Progetti di Rilevante Interesse Nazionale,0.0,Ministry of University and Research,0,1207,True
PRIN — Progetti di Rilevante Interesse Nazionale,direct_rd,2021,2021 20201230_322_SO_046.pdf,Progetti di Rilevante Interesse Nazionale,20000000000.0,MINISTRY OF UNIVERSITY AND RESEARCH,0,1221,True
PRIN — Progetti di Rilevante Interesse Nazionale,direct_rd,2021,2021 20201230_322_SO_046.pdf,Progetti di Rilevante Interesse Nazionale,196000000000.0,MINISTRY OF UNIVERSITY AND RESEARCH,0,1225,True
PRIN — Progetti di Rilevante Interesse Nazionale,direct_rd,2021,2021 20201230_322_SO_046.pdf,PRIN - Progetti di Rilevante Interesse Nazionale,1500000000000.0,Ministry of University and Research,0,1229,True
PRIN — Progetti di Rilevante Interesse Nazionale,direct_rd,2021,2021 20201230_322_SO_046.pdf,Progetti di Rilevante Interesse Nazionale,50000000000.0,Ministry of University and Research,0,1234,True
PRIN — Progetti di Rilevante Interesse Nazionale,direct_rd,2021,2021 20201230_322_SO_046.pdf,Progetti di Rilevante Interesse Nazionale,150000000000.0,Ministry of University and Research,0,1240,True
PRIN — Progetti di Rilevante Interesse Nazionale,direct_rd,2022,2022 20211231_310_SO_049.pdf,Progetti di Rilevante Interesse Nazionale,0.0,Ministry of University and Research,0,1268,True
PRIN — Progetti di Rilevante Interesse Nazionale,direct_rd,2023,2023 20221229_303_SO_043.pdf,Progetti di Rilevante Interesse Nazionale,0.0,Ministry of University and Research,0,1286,True
PRIN — Progetti di Rilevante Interesse Nazionale,direct_rd,2024,2024 20231230_303_SO_040-1.pdf,Progetti di Rilevante Interesse Nazionale,8000000000.0,Universities and Research,0,1313,True
PRIN — Progetti di Rilevante Interesse Nazionale,direct_rd,2024,2024 20231230_303_SO_040-1.pdf,Progetti di Rilevante Interesse Nazionale,,MINISTRY OF UNIVERSITY AND RESEARCH,0,1336,True
PRIN — Progetti di Rilevante Interesse Nazionale,direct_rd,2024,2024 20231230_303_SO_040-1.pdf,PRIN - Progetti di Rilevante Interesse Nazionale,20000000000.0,Ministry of University and Research,0,1340,True
PRIN — Progetti di Rilevante Interesse Nazionale,direct_rd,2024,2024 20231230_303_SO_040-1.pdf,Progetti di Rilevante Interesse Nazionale,,MINISTRY OF UNIVERSITY AND RESEARCH,0,1346,True
PRIN — Progetti di Rilevante Interesse Nazionale,direct_rd,2024,2024 20231230_303_SO_040.pdf,Progetti di Rilevante Interesse Nazionale,12000000000.0,Universities and Research,0,1356,True
PRIN — Progetti di Rilevante Interesse Nazionale,direct_rd,2024,2024 20231230_303_SO_040.pdf,Progetti di Rilevante Interesse Nazionale,23456789000.0,Ministry of University and Research,0,1377,True
PRIN — Progetti di Rilevante Interesse Nazionale,direct_rd,2024,2024 20231230_303_SO_040.pdf,Progetti di Rilevante Interesse Nazionale,200000000000.0,Ministry of University and Research,0,1385,True
