country,year,canonical_name,category,amount_local,unit,currency,item_type,line_description_en,source_file,page_number,series_notes
Netherlands,1975,Agricultural Research,direct_rd,,,,,,,,gap: no matching rows in this year
Netherlands,1976,Agricultural Research,direct_rd,,,,,,,,gap: no matching rows in this year
Netherlands,1977,Agricultural Research,direct_rd,,,,,,,,gap: no matching rows in this year
Netherlands,1978,Agricultural Research,direct_rd,,,,,,,,gap: no matching rows in this year
Netherlands,1979,Agricultural Research,direct_rd,,,,,,,,gap: no matching rows in this year
Netherlands,1980,Agricultural Research,direct_rd,237000000.0,thousand,NLG,line_item,Agricultural Research,1980 budget memorandum.pdf,53,"This entity is focused on research in agriculture, which is R&D relevant."
Netherlands,1981,Agricultural Research,direct_rd,,,,,,,,gap: no matching rows in this year
Netherlands,1982,Agricultural Research,direct_rd,250000000.0,thousand,NLG,line_item,Agricultural research,1982 budget memorandum.pdf,92,"This entity is focused on research in agriculture, which is R&D relevant."
Netherlands,1983,Agricultural Research,direct_rd,4000000.0,thousand,NLG,line_item,Agricultural research,1983 budget memorandum.pdf,81,"This entity is focused on research in agriculture, which is R&D relevant."
Netherlands,1984,Agricultural Research,direct_rd,,,,,,,,gap: no matching rows in this year
Netherlands,1985,Agricultural Research,direct_rd,,,,,,,,gap: no matching rows in this year
Netherlands,1986,Agricultural Research,direct_rd,,,,,,,,gap: no matching rows in this year
Netherlands,1987,Agricultural Research,direct_rd,,,,,,,,gap: no matching rows in this year
Netherlands,1988,Agricultural Research,direct_rd,,,,,,,,gap: no matching rows in this year
Netherlands,1989,Agricultural Research,direct_rd,,,,,,,,gap: no matching rows in this year
Netherlands,1990,Agricultural Research,direct_rd,,,,,,,,gap: no matching rows in this year
Netherlands,1991,Agricultural Research,direct_rd,,,,,,,,gap: no matching rows in this year
Netherlands,1992,Agricultural Research,direct_rd,,,,,,,,gap: no matching rows in this year
Netherlands,1993,Agricultural Research,direct_rd,,,,,,,,gap: no matching rows in this year
Netherlands,1994,Agricultural Research,direct_rd,,,,,,,,gap: no matching rows in this year
Netherlands,1995,Agricultural Research,direct_rd,,,,,,,,gap: no matching rows in this year
Netherlands,1996,Agricultural Research,direct_rd,,,,,,,,gap: no matching rows in this year
Netherlands,1997,Agricultural Research,direct_rd,,,,,,,,gap: no matching rows in this year
Netherlands,1998,Agricultural Research,direct_rd,,,,,,,,gap: no matching rows in this year
Netherlands,1999,Agricultural Research,direct_rd,,,,,,,,gap: no matching rows in this year
Netherlands,2000,Agricultural Research,direct_rd,,,,,,,,gap: no matching rows in this year
Netherlands,2001,Agricultural Research,direct_rd,,,,,,,,gap: no matching rows in this year
Netherlands,2002,Agricultural Research,direct_rd,,,,,,,,gap: no matching rows in this year
Netherlands,2003,Agricultural Research,direct_rd,,,,,,,,gap: no matching rows in this year
Netherlands,2004,Agricultural Research,direct_rd,,,,,,,,gap: no matching rows in this year
Netherlands,2005,Agricultural Research,direct_rd,,,,,,,,gap: no matching rows in this year
Netherlands,2006,Agricultural Research,direct_rd,,,,,,,,gap: no matching rows in this year
Netherlands,2007,Agricultural Research,direct_rd,,,,,,,,gap: no matching rows in this year
Netherlands,2008,Agricultural Research,direct_rd,,,,,,,,gap: no matching rows in this year
Netherlands,2009,Agricultural Research,direct_rd,,,,,,,,gap: no matching rows in this year
Netherlands,2010,Agricultural Research,direct_rd,,,,,,,,gap: no matching rows in this year
Netherlands,2011,Agricultural Research,direct_rd,,,,,,,,gap: no matching rows in this year
Netherlands,2012,Agricultural Research,direct_rd,,,,,,,,gap: no matching rows in this year
Netherlands,2013,Agricultural Research,direct_rd,,,,,,,,gap: no matching rows in this year
Netherlands,2014,Agricultural Research,direct_rd,,,,,,,,gap: no matching rows in this year
Netherlands,2015,Agricultural Research,direct_rd,,,,,,,,gap: no matching rows in this year
Netherlands,2016,Agricultural Research,direct_rd,,,,,,,,gap: no matching rows in this year
Netherlands,2017,Agricultural Research,direct_rd,,,,,,,,gap: no matching rows in this year
Netherlands,2018,Agricultural Research,direct_rd,,,,,,,,gap: no matching rows in this year
Netherlands,2019,Agricultural Research,direct_rd,,,,,,,,gap: no matching rows in this year
Netherlands,2020,Agricultural Research,direct_rd,,,,,,,,gap: no matching rows in this year
Netherlands,2021,Agricultural Research,direct_rd,,,,,,,,gap: no matching rows in this year
Netherlands,2022,Agricultural Research,direct_rd,,,,,,,,gap: no matching rows in this year
Netherlands,2023,Agricultural Research,direct_rd,,,,,,,,gap: no matching rows in this year
Netherlands,2024,Agricultural Research,direct_rd,,,,,,,,gap: no matching rows in this year
Netherlands,2025,Agricultural Research,direct_rd,,,,,,,,gap: no matching rows in this year
Netherlands,1975,Contribution to Wageningen Research,direct_rd,,,,,,,,gap: no matching rows in this year
Netherlands,1976,Contribution to Wageningen Research,direct_rd,,,,,,,,gap: no matching rows in this year
Netherlands,1977,Contribution to Wageningen Research,direct_rd,,,,,,,,gap: no matching rows in this year
Netherlands,1978,Contribution to Wageningen Research,direct_rd,,,,,,,,gap: no matching rows in this year
Netherlands,1979,Contribution to Wageningen Research,direct_rd,,,,,,,,gap: no matching rows in this year
Netherlands,1980,Contribution to Wageningen Research,direct_rd,,,,,,,,gap: no matching rows in this year
Netherlands,1981,Contribution to Wageningen Research,direct_rd,,,,,,,,gap: no matching rows in this year
Netherlands,1982,Contribution to Wageningen Research,direct_rd,,,,,,,,gap: no matching rows in this year
Netherlands,1983,Contribution to Wageningen Research,direct_rd,,,,,,,,gap: no matching rows in this year
Netherlands,1984,Contribution to Wageningen Research,direct_rd,,,,,,,,gap: no matching rows in this year
Netherlands,1985,Contribution to Wageningen Research,direct_rd,,,,,,,,gap: no matching rows in this year
Netherlands,1986,Contribution to Wageningen Research,direct_rd,,,,,,,,gap: no matching rows in this year
Netherlands,1987,Contribution to Wageningen Research,direct_rd,,,,,,,,gap: no matching rows in this year
Netherlands,1988,Contribution to Wageningen Research,direct_rd,,,,,,,,gap: no matching rows in this year
Netherlands,1989,Contribution to Wageningen Research,direct_rd,,,,,,,,gap: no matching rows in this year
Netherlands,1990,Contribution to Wageningen Research,direct_rd,,,,,,,,gap: no matching rows in this year
Netherlands,1991,Contribution to Wageningen Research,direct_rd,,,,,,,,gap: no matching rows in this year
Netherlands,1992,Contribution to Wageningen Research,direct_rd,,,,,,,,gap: no matching rows in this year
Netherlands,1993,Contribution to Wageningen Research,direct_rd,,,,,,,,gap: no matching rows in this year
Netherlands,1994,Contribution to Wageningen Research,direct_rd,,,,,,,,gap: no matching rows in this year
Netherlands,1995,Contribution to Wageningen Research,direct_rd,,,,,,,,gap: no matching rows in this year
Netherlands,1996,Contribution to Wageningen Research,direct_rd,,,,,,,,gap: no matching rows in this year
Netherlands,1997,Contribution to Wageningen Research,direct_rd,,,,,,,,gap: no matching rows in this year
Netherlands,1998,Contribution to Wageningen Research,direct_rd,,,,,,,,gap: no matching rows in this year
Netherlands,1999,Contribution to Wageningen Research,direct_rd,250000000.0,thousand,NLG,program_total,Contribution to Wageningen Research,1999 budget memorandum.pdf,206,This entity provides funding to a prominent research institution.
Netherlands,2000,Contribution to Wageningen Research,direct_rd,,,,,,,,gap: no matching rows in this year
Netherlands,2001,Contribution to Wageningen Research,direct_rd,,,,,,,,gap: no matching rows in this year
Netherlands,2002,Contribution to Wageningen Research,direct_rd,,,,,,,,gap: no matching rows in this year
Netherlands,2003,Contribution to Wageningen Research,direct_rd,,,,,,,,gap: no matching rows in this year
Netherlands,2004,Contribution to Wageningen Research,direct_rd,,,,,,,,gap: no matching rows in this year
Netherlands,2005,Contribution to Wageningen Research,direct_rd,,,,,,,,gap: no matching rows in this year
Netherlands,2006,Contribution to Wageningen Research,direct_rd,,,,,,,,gap: no matching rows in this year
Netherlands,2007,Contribution to Wageningen Research,direct_rd,,,,,,,,gap: no matching rows in this year
Netherlands,2008,Contribution to Wageningen Research,direct_rd,,,,,,,,gap: no matching rows in this year
Netherlands,2009,Contribution to Wageningen Research,direct_rd,,,,,,,,gap: no matching rows in this year
Netherlands,2010,Contribution to Wageningen Research,direct_rd,,,,,,,,gap: no matching rows in this year
Netherlands,2011,Contribution to Wageningen Research,direct_rd,,,,,,,,gap: no matching rows in this year
Netherlands,2012,Contribution to Wageningen Research,direct_rd,,,,,,,,gap: no matching rows in this year
Netherlands,2013,Contribution to Wageningen Research,direct_rd,,,,,,,,gap: no matching rows in this year
Netherlands,2014,Contribution to Wageningen Research,direct_rd,,,,,,,,gap: no matching rows in this year
Netherlands,2015,Contribution to Wageningen Research,direct_rd,,,,,,,,gap: no matching rows in this year
Netherlands,2016,Contribution to Wageningen Research,direct_rd,,,,,,,,gap: no matching rows in this year
Netherlands,2017,Contribution to Wageningen Research,direct_rd,,,,,,,,gap: no matching rows in this year
Netherlands,2018,Contribution to Wageningen Research,direct_rd,,,,,,,,gap: no matching rows in this year
Netherlands,2019,Contribution to Wageningen Research,direct_rd,,,,,,,,gap: no matching rows in this year
Netherlands,2020,Contribution to Wageningen Research,direct_rd,,,,,,,,gap: no matching rows in this year
Netherlands,2021,Contribution to Wageningen Research,direct_rd,,,,,,,,gap: no matching rows in this year
Netherlands,2022,Contribution to Wageningen Research,direct_rd,,,,,,,,gap: no matching rows in this year
Netherlands,2023,Contribution to Wageningen Research,direct_rd,,,,,,,,gap: no matching rows in this year
Netherlands,2024,Contribution to Wageningen Research,direct_rd,,,,,,,,gap: no matching rows in this year
Netherlands,2025,Contribution to Wageningen Research,direct_rd,,,,,,,,gap: no matching rows in this year
Netherlands,1975,Deltares (water and subsurface research),science_agency,,,,,,,,gap: no matching rows in this year
Netherlands,1976,Deltares (water and subsurface research),science_agency,,,,,,,,gap: no matching rows in this year
Netherlands,1977,Deltares (water and subsurface research),science_agency,,,,,,,,gap: no matching rows in this year
Netherlands,1978,Deltares (water and subsurface research),science_agency,,,,,,,,gap: no matching rows in this year
Netherlands,1979,Deltares (water and subsurface research),science_agency,,,,,,,,gap: no matching rows in this year
Netherlands,1980,Deltares (water and subsurface research),science_agency,,,,,,,,gap: no matching rows in this year
Netherlands,1981,Deltares (water and subsurface research),science_agency,,,,,,,,gap: no matching rows in this year
Netherlands,1982,Deltares (water and subsurface research),science_agency,,,,,,,,gap: no matching rows in this year
Netherlands,1983,Deltares (water and subsurface research),science_agency,,,,,,,,gap: no matching rows in this year
Netherlands,1984,Deltares (water and subsurface research),science_agency,,,,,,,,gap: no matching rows in this year
Netherlands,1985,Deltares (water and subsurface research),science_agency,,,,,,,,gap: no matching rows in this year
Netherlands,1986,Deltares (water and subsurface research),science_agency,,,,,,,,gap: no matching rows in this year
Netherlands,1987,Deltares (water and subsurface research),science_agency,,,,,,,,gap: no matching rows in this year
Netherlands,1988,Deltares (water and subsurface research),science_agency,,,,,,,,gap: no matching rows in this year
Netherlands,1989,Deltares (water and subsurface research),science_agency,,,,,,,,gap: no matching rows in this year
Netherlands,1990,Deltares (water and subsurface research),science_agency,,,,,,,,gap: no matching rows in this year
Netherlands,1991,Deltares (water and subsurface research),science_agency,,,,,,,,gap: no matching rows in this year
Netherlands,1992,Deltares (water and subsurface research),science_agency,,,,,,,,gap: no matching rows in this year
Netherlands,1993,Deltares (water and subsurface research),science_agency,,,,,,,,gap: no matching rows in this year
Netherlands,1994,Deltares (water and subsurface research),science_agency,,,,,,,,gap: no matching rows in this year
Netherlands,1995,Deltares (water and subsurface research),science_agency,,,,,,,,gap: no matching rows in this year
Netherlands,1996,Deltares (water and subsurface research),science_agency,,,,,,,,gap: no matching rows in this year
Netherlands,1997,Deltares (water and subsurface research),science_agency,,,,,,,,gap: no matching rows in this year
Netherlands,1998,Deltares (water and subsurface research),science_agency,,,,,,,,gap: no matching rows in this year
Netherlands,1999,Deltares (water and subsurface research),science_agency,,,,,,,,gap: no matching rows in this year
Netherlands,2000,Deltares (water and subsurface research),science_agency,,,,,,,,gap: no matching rows in this year
Netherlands,2001,Deltares (water and subsurface research),science_agency,,,,,,,,gap: no matching rows in this year
Netherlands,2002,Deltares (water and subsurface research),science_agency,,,,,,,,gap: no matching rows in this year
Netherlands,2003,Deltares (water and subsurface research),science_agency,,,,,,,,gap: no matching rows in this year
Netherlands,2004,Deltares (water and subsurface research),science_agency,,,,,,,,gap: no matching rows in this year
Netherlands,2005,Deltares (water and subsurface research),science_agency,,,,,,,,gap: no matching rows in this year
Netherlands,2006,Deltares (water and subsurface research),science_agency,,,,,,,,gap: no matching rows in this year
Netherlands,2007,Deltares (water and subsurface research),science_agency,,,,,,,,gap: no matching rows in this year
Netherlands,2008,Deltares (water and subsurface research),science_agency,,,,,,,,gap: no matching rows in this year
Netherlands,2009,Deltares (water and subsurface research),science_agency,,,,,,,,gap: no matching rows in this year
Netherlands,2010,Deltares (water and subsurface research),science_agency,,,,,,,,gap: no matching rows in this year
Netherlands,2011,Deltares (water and subsurface research),science_agency,,,,,,,,gap: no matching rows in this year
Netherlands,2012,Deltares (water and subsurface research),science_agency,,,,,,,,gap: no matching rows in this year
Netherlands,2013,Deltares (water and subsurface research),science_agency,,,,,,,,gap: no matching rows in this year
Netherlands,2014,Deltares (water and subsurface research),science_agency,,,,,,,,gap: no matching rows in this year
Netherlands,2015,Deltares (water and subsurface research),science_agency,,,,,,,,gap: no matching rows in this year
Netherlands,2016,Deltares (water and subsurface research),science_agency,,,,,,,,gap: no matching rows in this year
Netherlands,2017,Deltares (water and subsurface research),science_agency,,,,,,,,gap: no matching rows in this year
Netherlands,2018,Deltares (water and subsurface research),science_agency,,,,,,,,gap: no matching rows in this year
Netherlands,2019,Deltares (water and subsurface research),science_agency,,,,,,,,gap: no matching rows in this year
Netherlands,2020,Deltares (water and subsurface research),science_agency,,,,,,,,gap: no matching rows in this year
Netherlands,2021,Deltares (water and subsurface research),science_agency,,,,,,,,gap: no matching rows in this year
Netherlands,2022,Deltares (water and subsurface research),science_agency,,,,,,,,gap: no matching rows in this year
Netherlands,2023,Deltares (water and subsurface research),science_agency,,,,,,,,gap: no matching rows in this year
Netherlands,2024,Deltares (water and subsurface research),science_agency,,,,,,,,gap: no matching rows in this year
Netherlands,2025,Deltares (water and subsurface research),science_agency,,,,,,,,gap: no matching rows in this year
Netherlands,2002,EZ Art. 02 Bedrijvenbeleid / innovatie (incl. TNO),innovation_instruments,,,,,,,,gap: no matching rows in this year
Netherlands,2003,EZ Art. 02 Bedrijvenbeleid / innovatie (incl. TNO),innovation_instruments,,,,,,,,gap: no matching rows in this year
Netherlands,2004,EZ Art. 02 Bedrijvenbeleid / innovatie (incl. TNO),innovation_instruments,,,,,,,,gap: no matching rows in this year
Netherlands,2005,EZ Art. 02 Bedrijvenbeleid / innovatie (incl. TNO),innovation_instruments,,,,,,,,gap: no matching rows in this year
Netherlands,2006,EZ Art. 02 Bedrijvenbeleid / innovatie (incl. TNO),innovation_instruments,,,,,,,,gap: no matching rows in this year
Netherlands,2007,EZ Art. 02 Bedrijvenbeleid / innovatie (incl. TNO),innovation_instruments,,,,,,,,gap: no matching rows in this year
Netherlands,2008,EZ Art. 02 Bedrijvenbeleid / innovatie (incl. TNO),innovation_instruments,,,,,,,,gap: no matching rows in this year
Netherlands,2009,EZ Art. 02 Bedrijvenbeleid / innovatie (incl. TNO),innovation_instruments,,,,,,,,gap: no matching rows in this year
Netherlands,2010,EZ Art. 02 Bedrijvenbeleid / innovatie (incl. TNO),innovation_instruments,,,,,,,,gap: no matching rows in this year
Netherlands,2011,EZ Art. 02 Bedrijvenbeleid / innovatie (incl. TNO),innovation_instruments,,,,,,,,gap: no matching rows in this year
Netherlands,2012,EZ Art. 02 Bedrijvenbeleid / innovatie (incl. TNO),innovation_instruments,,,,,,,,gap: no matching rows in this year
Netherlands,2013,EZ Art. 02 Bedrijvenbeleid / innovatie (incl. TNO),innovation_instruments,795764000.0,euro,EUR,line_item,Innovation and entrepreneurship,2013_ministry13.pdf,3,"EZ article for enterprise/innovation policy, contains TNO grants and TKI."
Netherlands,2014,EZ Art. 02 Bedrijvenbeleid / innovatie (incl. TNO),innovation_instruments,,,,,,,,gap: no matching rows in this year
Netherlands,2015,EZ Art. 02 Bedrijvenbeleid / innovatie (incl. TNO),innovation_instruments,,,,,,,,gap: no matching rows in this year
Netherlands,2016,EZ Art. 02 Bedrijvenbeleid / innovatie (incl. TNO),innovation_instruments,,,,,,,,gap: no matching rows in this year
Netherlands,2017,EZ Art. 02 Bedrijvenbeleid / innovatie (incl. TNO),innovation_instruments,2358000.0,euro,EUR,program_total,Business policy: innovative and sustainable entrepreneurship,2017_ministry13.pdf,3,"EZ article for enterprise/innovation policy, contains TNO grants and TKI."
Netherlands,2018,EZ Art. 02 Bedrijvenbeleid / innovatie (incl. TNO),innovation_instruments,109547000.0,euro,EUR,program_total,Business policy: innovative and sustainable entrepreneurship,2018_ministry13.pdf,3,"EZ article for enterprise/innovation policy, contains TNO grants and TKI."
Netherlands,2019,EZ Art. 02 Bedrijvenbeleid / innovatie (incl. TNO),innovation_instruments,890000000.0,euro,EUR,program_total,Business policy: innovative and sustainable entrepreneurship,2019_ministry13.pdf,5,"EZ article for enterprise/innovation policy, contains TNO grants and TKI."
Netherlands,2020,EZ Art. 02 Bedrijvenbeleid / innovatie (incl. TNO),innovation_instruments,1075493000.0,euro,EUR,program_total,Business policy: innovation and entrepreneurship for sustainable prosperity growth,2020_ministry13.pdf,5,"EZ article for enterprise/innovation policy, contains TNO grants and TKI."
Netherlands,2021,EZ Art. 02 Bedrijvenbeleid / innovatie (incl. TNO),innovation_instruments,2950996000.0,euro,EUR,program_total,Business policy: innovation and entrepreneurship for sustainable prosperity growth,2021_ministry13.pdf,3,"EZ article for enterprise/innovation policy, contains TNO grants and TKI."
Netherlands,2022,EZ Art. 02 Bedrijvenbeleid / innovatie (incl. TNO),innovation_instruments,2209546000.0,euro,EUR,program_total,Business policy: innovation and entrepreneurship for sustainable prosperity growth,2022_ministry13.pdf,3,"EZ article for enterprise/innovation policy, contains TNO grants and TKI."
Netherlands,2023,EZ Art. 02 Bedrijvenbeleid / innovatie (incl. TNO),innovation_instruments,2708363000.0,euro,EUR,program_total,Business policy: innovation and entrepreneurship for sustainable prosperity growth,2023_ministry13.pdf,3,"EZ article for enterprise/innovation policy, contains TNO grants and TKI."
Netherlands,2024,EZ Art. 02 Bedrijvenbeleid / innovatie (incl. TNO),innovation_instruments,2268712000.0,euro,EUR,program_total,Business policy: innovation and entrepreneurship for sustainable prosperity growth,2024_ministry13.pdf,3,"EZ article for enterprise/innovation policy, contains TNO grants and TKI."
Netherlands,2025,EZ Art. 02 Bedrijvenbeleid / innovatie (incl. TNO),innovation_instruments,2758165000.0,euro,EUR,program_total,Business policy: innovation and entrepreneurship for sustainable prosperity growth,2025_ministry13.pdf,3,"EZ article for enterprise/innovation policy, contains TNO grants and TKI."
Netherlands,1975,Energy Center Netherlands Funding,science_agency,,,,,,,,gap: no matching rows in this year
Netherlands,1976,Energy Center Netherlands Funding,science_agency,16000000.0,thousand,NLG,line_item,Contribution to the operating and investment costs of the Energy Center Netherlands,1976 budget memorandum.pdf,143,This contribution supports the operations of the Energy Center.
Netherlands,1977,Energy Center Netherlands Funding,science_agency,,,,,,,,gap: no matching rows in this year
Netherlands,1978,Energy Center Netherlands Funding,science_agency,,,,,,,,gap: no matching rows in this year
Netherlands,1979,Energy Center Netherlands Funding,science_agency,,,,,,,,gap: no matching rows in this year
Netherlands,1980,Energy Center Netherlands Funding,science_agency,,,,,,,,gap: no matching rows in this year
Netherlands,1981,Energy Center Netherlands Funding,science_agency,,,,,,,,gap: no matching rows in this year
Netherlands,1982,Energy Center Netherlands Funding,science_agency,,,,,,,,gap: no matching rows in this year
Netherlands,1983,Energy Center Netherlands Funding,science_agency,,,,,,,,gap: no matching rows in this year
Netherlands,1984,Energy Center Netherlands Funding,science_agency,,,,,,,,gap: no matching rows in this year
Netherlands,1985,Energy Center Netherlands Funding,science_agency,,,,,,,,gap: no matching rows in this year
Netherlands,1986,Energy Center Netherlands Funding,science_agency,,,,,,,,gap: no matching rows in this year
Netherlands,1987,Energy Center Netherlands Funding,science_agency,,,,,,,,gap: no matching rows in this year
Netherlands,1988,Energy Center Netherlands Funding,science_agency,,,,,,,,gap: no matching rows in this year
Netherlands,1989,Energy Center Netherlands Funding,science_agency,,,,,,,,gap: no matching rows in this year
Netherlands,1990,Energy Center Netherlands Funding,science_agency,,,,,,,,gap: no matching rows in this year
Netherlands,1991,Energy Center Netherlands Funding,science_agency,,,,,,,,gap: no matching rows in this year
Netherlands,1992,Energy Center Netherlands Funding,science_agency,,,,,,,,gap: no matching rows in this year
Netherlands,1993,Energy Center Netherlands Funding,science_agency,,,,,,,,gap: no matching rows in this year
Netherlands,1994,Energy Center Netherlands Funding,science_agency,,,,,,,,gap: no matching rows in this year
Netherlands,1995,Energy Center Netherlands Funding,science_agency,,,,,,,,gap: no matching rows in this year
Netherlands,1996,Energy Center Netherlands Funding,science_agency,,,,,,,,gap: no matching rows in this year
Netherlands,1997,Energy Center Netherlands Funding,science_agency,,,,,,,,gap: no matching rows in this year
Netherlands,1998,Energy Center Netherlands Funding,science_agency,,,,,,,,gap: no matching rows in this year
Netherlands,1999,Energy Center Netherlands Funding,science_agency,,,,,,,,gap: no matching rows in this year
Netherlands,2000,Energy Center Netherlands Funding,science_agency,,,,,,,,gap: no matching rows in this year
Netherlands,2001,Energy Center Netherlands Funding,science_agency,,,,,,,,gap: no matching rows in this year
Netherlands,2002,Energy Center Netherlands Funding,science_agency,,,,,,,,gap: no matching rows in this year
Netherlands,2003,Energy Center Netherlands Funding,science_agency,,,,,,,,gap: no matching rows in this year
Netherlands,2004,Energy Center Netherlands Funding,science_agency,,,,,,,,gap: no matching rows in this year
Netherlands,2005,Energy Center Netherlands Funding,science_agency,,,,,,,,gap: no matching rows in this year
Netherlands,2006,Energy Center Netherlands Funding,science_agency,,,,,,,,gap: no matching rows in this year
Netherlands,2007,Energy Center Netherlands Funding,science_agency,,,,,,,,gap: no matching rows in this year
Netherlands,2008,Energy Center Netherlands Funding,science_agency,,,,,,,,gap: no matching rows in this year
Netherlands,2009,Energy Center Netherlands Funding,science_agency,,,,,,,,gap: no matching rows in this year
Netherlands,2010,Energy Center Netherlands Funding,science_agency,,,,,,,,gap: no matching rows in this year
Netherlands,2011,Energy Center Netherlands Funding,science_agency,,,,,,,,gap: no matching rows in this year
Netherlands,2012,Energy Center Netherlands Funding,science_agency,,,,,,,,gap: no matching rows in this year
Netherlands,2013,Energy Center Netherlands Funding,science_agency,,,,,,,,gap: no matching rows in this year
Netherlands,2014,Energy Center Netherlands Funding,science_agency,,,,,,,,gap: no matching rows in this year
Netherlands,2015,Energy Center Netherlands Funding,science_agency,,,,,,,,gap: no matching rows in this year
Netherlands,2016,Energy Center Netherlands Funding,science_agency,,,,,,,,gap: no matching rows in this year
Netherlands,2017,Energy Center Netherlands Funding,science_agency,,,,,,,,gap: no matching rows in this year
Netherlands,2018,Energy Center Netherlands Funding,science_agency,,,,,,,,gap: no matching rows in this year
Netherlands,2019,Energy Center Netherlands Funding,science_agency,,,,,,,,gap: no matching rows in this year
Netherlands,2020,Energy Center Netherlands Funding,science_agency,,,,,,,,gap: no matching rows in this year
Netherlands,2021,Energy Center Netherlands Funding,science_agency,,,,,,,,gap: no matching rows in this year
Netherlands,2022,Energy Center Netherlands Funding,science_agency,,,,,,,,gap: no matching rows in this year
Netherlands,2023,Energy Center Netherlands Funding,science_agency,,,,,,,,gap: no matching rows in this year
Netherlands,2024,Energy Center Netherlands Funding,science_agency,,,,,,,,gap: no matching rows in this year
Netherlands,2025,Energy Center Netherlands Funding,science_agency,,,,,,,,gap: no matching rows in this year
Netherlands,1975,Energy Research Center Netherlands,science_agency,,,,,,,,gap: no matching rows in this year
Netherlands,1976,Energy Research Center Netherlands,science_agency,,,,,,,,gap: no matching rows in this year
Netherlands,1977,Energy Research Center Netherlands,science_agency,,,,,,,,gap: no matching rows in this year
Netherlands,1978,Energy Research Center Netherlands,science_agency,,,,,,,,gap: no matching rows in this year
Netherlands,1979,Energy Research Center Netherlands,science_agency,,,,,,,,gap: no matching rows in this year
Netherlands,1980,Energy Research Center Netherlands,science_agency,,,,,,,,gap: no matching rows in this year
Netherlands,1981,Energy Research Center Netherlands,science_agency,,,,,,,,gap: no matching rows in this year
Netherlands,1982,Energy Research Center Netherlands,science_agency,,,,,,,,gap: no matching rows in this year
Netherlands,1983,Energy Research Center Netherlands,science_agency,,,,,,,,gap: no matching rows in this year
Netherlands,1984,Energy Research Center Netherlands,science_agency,,,,,,,,gap: no matching rows in this year
Netherlands,1985,Energy Research Center Netherlands,science_agency,,,,,,,,gap: no matching rows in this year
Netherlands,1986,Energy Research Center Netherlands,science_agency,,,,,,,,gap: no matching rows in this year
Netherlands,1987,Energy Research Center Netherlands,science_agency,,,,,,,,gap: no matching rows in this year
Netherlands,1988,Energy Research Center Netherlands,science_agency,,,,,,,,gap: no matching rows in this year
Netherlands,1989,Energy Research Center Netherlands,science_agency,,,,,,,,gap: no matching rows in this year
Netherlands,1990,Energy Research Center Netherlands,science_agency,,,,,,,,gap: no matching rows in this year
Netherlands,1991,Energy Research Center Netherlands,science_agency,,,,,,,,gap: no matching rows in this year
Netherlands,1992,Energy Research Center Netherlands,science_agency,,,,,,,,gap: no matching rows in this year
Netherlands,1993,Energy Research Center Netherlands,science_agency,,,,,,,,gap: no matching rows in this year
Netherlands,1994,Energy Research Center Netherlands,science_agency,,,,,,,,gap: no matching rows in this year
Netherlands,1995,Energy Research Center Netherlands,science_agency,,,,,,,,gap: no matching rows in this year
Netherlands,1996,Energy Research Center Netherlands,science_agency,,,,,,,,gap: no matching rows in this year
Netherlands,1997,Energy Research Center Netherlands,science_agency,,,,,,,,gap: no matching rows in this year
Netherlands,1998,Energy Research Center Netherlands,science_agency,,,,,,,,gap: no matching rows in this year
Netherlands,1999,Energy Research Center Netherlands,science_agency,,,,,,,,gap: no matching rows in this year
Netherlands,2000,Energy Research Center Netherlands,science_agency,,,,,,,,gap: no matching rows in this year
Netherlands,2001,Energy Research Center Netherlands,science_agency,,,,,,,,"This entity is focused on energy research, making it highly relevant for R&D."
Netherlands,2002,Energy Research Center Netherlands,science_agency,,,,,,,,gap: no matching rows in this year
Netherlands,2003,Energy Research Center Netherlands,science_agency,,,,,,,,gap: no matching rows in this year
Netherlands,2004,Energy Research Center Netherlands,science_agency,,,,,,,,gap: no matching rows in this year
Netherlands,2005,Energy Research Center Netherlands,science_agency,,,,,,,,gap: no matching rows in this year
Netherlands,2006,Energy Research Center Netherlands,science_agency,,,,,,,,gap: no matching rows in this year
Netherlands,2007,Energy Research Center Netherlands,science_agency,,,,,,,,gap: no matching rows in this year
Netherlands,2008,Energy Research Center Netherlands,science_agency,,,,,,,,gap: no matching rows in this year
Netherlands,2009,Energy Research Center Netherlands,science_agency,,,,,,,,gap: no matching rows in this year
Netherlands,2010,Energy Research Center Netherlands,science_agency,,,,,,,,gap: no matching rows in this year
Netherlands,2011,Energy Research Center Netherlands,science_agency,,,,,,,,gap: no matching rows in this year
Netherlands,2012,Energy Research Center Netherlands,science_agency,,,,,,,,gap: no matching rows in this year
Netherlands,2013,Energy Research Center Netherlands,science_agency,,,,,,,,gap: no matching rows in this year
Netherlands,2014,Energy Research Center Netherlands,science_agency,,,,,,,,gap: no matching rows in this year
Netherlands,2015,Energy Research Center Netherlands,science_agency,,,,,,,,gap: no matching rows in this year
Netherlands,2016,Energy Research Center Netherlands,science_agency,,,,,,,,gap: no matching rows in this year
Netherlands,2017,Energy Research Center Netherlands,science_agency,,,,,,,,gap: no matching rows in this year
Netherlands,2018,Energy Research Center Netherlands,science_agency,,,,,,,,gap: no matching rows in this year
Netherlands,2019,Energy Research Center Netherlands,science_agency,,,,,,,,gap: no matching rows in this year
Netherlands,2020,Energy Research Center Netherlands,science_agency,,,,,,,,gap: no matching rows in this year
Netherlands,2021,Energy Research Center Netherlands,science_agency,,,,,,,,gap: no matching rows in this year
Netherlands,2022,Energy Research Center Netherlands,science_agency,,,,,,,,gap: no matching rows in this year
Netherlands,2023,Energy Research Center Netherlands,science_agency,,,,,,,,gap: no matching rows in this year
Netherlands,2024,Energy Research Center Netherlands,science_agency,,,,,,,,gap: no matching rows in this year
Netherlands,2025,Energy Research Center Netherlands,science_agency,,,,,,,,gap: no matching rows in this year
Netherlands,1975,Energy Research Centre of the Netherlands,science_agency,,,,,,,,gap: no matching rows in this year
Netherlands,1976,Energy Research Centre of the Netherlands,science_agency,,,,,,,,gap: no matching rows in this year
Netherlands,1977,Energy Research Centre of the Netherlands,science_agency,,,,,,,,gap: no matching rows in this year
Netherlands,1978,Energy Research Centre of the Netherlands,science_agency,,,,,,,,gap: no matching rows in this year
Netherlands,1979,Energy Research Centre of the Netherlands,science_agency,,,,,,,,gap: no matching rows in this year
Netherlands,1980,Energy Research Centre of the Netherlands,science_agency,,,,,,,,gap: no matching rows in this year
Netherlands,1981,Energy Research Centre of the Netherlands,science_agency,68000000.0,thousand,NLG,line_item,Energy Research Centre of the Netherlands (ECN),1981 budget memorandum.pdf,111,"This center is dedicated to energy research, making it highly relevant."
Netherlands,1982,Energy Research Centre of the Netherlands,science_agency,73000000.0,thousand,NLG,line_item,Energy Research Centre of the Netherlands (ECN),1982 budget memorandum.pdf,92,"This center is dedicated to energy research, making it highly relevant."
Netherlands,1983,Energy Research Centre of the Netherlands,science_agency,,,,,,,,gap: no matching rows in this year
Netherlands,1984,Energy Research Centre of the Netherlands,science_agency,,,,,,,,gap: no matching rows in this year
Netherlands,1985,Energy Research Centre of the Netherlands,science_agency,,,,,,,,gap: no matching rows in this year
Netherlands,1986,Energy Research Centre of the Netherlands,science_agency,,,,,,,,gap: no matching rows in this year
Netherlands,1987,Energy Research Centre of the Netherlands,science_agency,,,,,,,,gap: no matching rows in this year
Netherlands,1988,Energy Research Centre of the Netherlands,science_agency,,,,,,,,gap: no matching rows in this year
Netherlands,1989,Energy Research Centre of the Netherlands,science_agency,,,,,,,,gap: no matching rows in this year
Netherlands,1990,Energy Research Centre of the Netherlands,science_agency,,,,,,,,gap: no matching rows in this year
Netherlands,1991,Energy Research Centre of the Netherlands,science_agency,,,,,,,,gap: no matching rows in this year
Netherlands,1992,Energy Research Centre of the Netherlands,science_agency,,,,,,,,gap: no matching rows in this year
Netherlands,1993,Energy Research Centre of the Netherlands,science_agency,,,,,,,,gap: no matching rows in this year
Netherlands,1994,Energy Research Centre of the Netherlands,science_agency,,,,,,,,gap: no matching rows in this year
Netherlands,1995,Energy Research Centre of the Netherlands,science_agency,,,,,,,,gap: no matching rows in this year
Netherlands,1996,Energy Research Centre of the Netherlands,science_agency,,,,,,,,gap: no matching rows in this year
Netherlands,1997,Energy Research Centre of the Netherlands,science_agency,,,,,,,,gap: no matching rows in this year
Netherlands,1998,Energy Research Centre of the Netherlands,science_agency,,,,,,,,gap: no matching rows in this year
Netherlands,1999,Energy Research Centre of the Netherlands,science_agency,,,,,,,,gap: no matching rows in this year
Netherlands,2000,Energy Research Centre of the Netherlands,science_agency,,,,,,,,gap: no matching rows in this year
Netherlands,2001,Energy Research Centre of the Netherlands,science_agency,,,,,,,,gap: no matching rows in this year
Netherlands,2002,Energy Research Centre of the Netherlands,science_agency,,,,,,,,gap: no matching rows in this year
Netherlands,2003,Energy Research Centre of the Netherlands,science_agency,,,,,,,,gap: no matching rows in this year
Netherlands,2004,Energy Research Centre of the Netherlands,science_agency,,,,,,,,gap: no matching rows in this year
Netherlands,2005,Energy Research Centre of the Netherlands,science_agency,,,,,,,,gap: no matching rows in this year
Netherlands,2006,Energy Research Centre of the Netherlands,science_agency,,,,,,,,gap: no matching rows in this year
Netherlands,2007,Energy Research Centre of the Netherlands,science_agency,,,,,,,,gap: no matching rows in this year
Netherlands,2008,Energy Research Centre of the Netherlands,science_agency,,,,,,,,gap: no matching rows in this year
Netherlands,2009,Energy Research Centre of the Netherlands,science_agency,,,,,,,,gap: no matching rows in this year
Netherlands,2010,Energy Research Centre of the Netherlands,science_agency,,,,,,,,gap: no matching rows in this year
Netherlands,2011,Energy Research Centre of the Netherlands,science_agency,,,,,,,,gap: no matching rows in this year
Netherlands,2012,Energy Research Centre of the Netherlands,science_agency,,,,,,,,gap: no matching rows in this year
Netherlands,2013,Energy Research Centre of the Netherlands,science_agency,,,,,,,,gap: no matching rows in this year
Netherlands,2014,Energy Research Centre of the Netherlands,science_agency,,,,,,,,gap: no matching rows in this year
Netherlands,2015,Energy Research Centre of the Netherlands,science_agency,,,,,,,,gap: no matching rows in this year
Netherlands,2016,Energy Research Centre of the Netherlands,science_agency,,,,,,,,gap: no matching rows in this year
Netherlands,2017,Energy Research Centre of the Netherlands,science_agency,,,,,,,,gap: no matching rows in this year
Netherlands,2018,Energy Research Centre of the Netherlands,science_agency,,,,,,,,gap: no matching rows in this year
Netherlands,2019,Energy Research Centre of the Netherlands,science_agency,,,,,,,,gap: no matching rows in this year
Netherlands,2020,Energy Research Centre of the Netherlands,science_agency,,,,,,,,gap: no matching rows in this year
Netherlands,2021,Energy Research Centre of the Netherlands,science_agency,,,,,,,,gap: no matching rows in this year
Netherlands,2022,Energy Research Centre of the Netherlands,science_agency,,,,,,,,gap: no matching rows in this year
Netherlands,2023,Energy Research Centre of the Netherlands,science_agency,,,,,,,,gap: no matching rows in this year
Netherlands,2024,Energy Research Centre of the Netherlands,science_agency,,,,,,,,gap: no matching rows in this year
Netherlands,2025,Energy Research Centre of the Netherlands,science_agency,,,,,,,,gap: no matching rows in this year
Netherlands,1975,Energy Supply Research,direct_rd,,,,,,,,gap: no matching rows in this year
Netherlands,1976,Energy Supply Research,direct_rd,,,,,,,,gap: no matching rows in this year
Netherlands,1977,Energy Supply Research,direct_rd,,,,,,,,gap: no matching rows in this year
Netherlands,1978,Energy Supply Research,direct_rd,,,,,,,,gap: no matching rows in this year
Netherlands,1979,Energy Supply Research,direct_rd,,,,,,,,gap: no matching rows in this year
Netherlands,1980,Energy Supply Research,direct_rd,,,,,,,,gap: no matching rows in this year
Netherlands,1981,Energy Supply Research,direct_rd,,,,,,,,gap: no matching rows in this year
Netherlands,1982,Energy Supply Research,direct_rd,,,,,,,,gap: no matching rows in this year
Netherlands,1983,Energy Supply Research,direct_rd,,,,,,,,gap: no matching rows in this year
Netherlands,1984,Energy Supply Research,direct_rd,,,,,,,,gap: no matching rows in this year
Netherlands,1985,Energy Supply Research,direct_rd,,,,,,,,gap: no matching rows in this year
Netherlands,1986,Energy Supply Research,direct_rd,,,,,,,,gap: no matching rows in this year
Netherlands,1987,Energy Supply Research,direct_rd,,,,,,,,gap: no matching rows in this year
Netherlands,1988,Energy Supply Research,direct_rd,,,,,,,,gap: no matching rows in this year
Netherlands,1989,Energy Supply Research,direct_rd,,,,,,,,gap: no matching rows in this year
Netherlands,1990,Energy Supply Research,direct_rd,,,,,,,,gap: no matching rows in this year
Netherlands,1991,Energy Supply Research,direct_rd,,,,,,,,gap: no matching rows in this year
Netherlands,1992,Energy Supply Research,direct_rd,,,,,,,,gap: no matching rows in this year
Netherlands,1993,Energy Supply Research,direct_rd,,,,,,,,gap: no matching rows in this year
Netherlands,1994,Energy Supply Research,direct_rd,,,,,,,,gap: no matching rows in this year
Netherlands,1995,Energy Supply Research,direct_rd,,,,,,,,gap: no matching rows in this year
Netherlands,1996,Energy Supply Research,direct_rd,,,,,,,,gap: no matching rows in this year
Netherlands,1997,Energy Supply Research,direct_rd,,,,,,,,gap: no matching rows in this year
Netherlands,1998,Energy Supply Research,direct_rd,,,,,,,,gap: no matching rows in this year
Netherlands,1999,Energy Supply Research,direct_rd,,,,,,,,gap: no matching rows in this year
Netherlands,2000,Energy Supply Research,direct_rd,,,,,,,,"This program focuses on research related to energy supply, indicating R&D relevance."
Netherlands,2001,Energy Supply Research,direct_rd,,,,,,,,gap: no matching rows in this year
Netherlands,2002,Energy Supply Research,direct_rd,,,,,,,,gap: no matching rows in this year
Netherlands,2003,Energy Supply Research,direct_rd,,,,,,,,gap: no matching rows in this year
Netherlands,2004,Energy Supply Research,direct_rd,,,,,,,,gap: no matching rows in this year
Netherlands,2005,Energy Supply Research,direct_rd,,,,,,,,gap: no matching rows in this year
Netherlands,2006,Energy Supply Research,direct_rd,,,,,,,,gap: no matching rows in this year
Netherlands,2007,Energy Supply Research,direct_rd,,,,,,,,gap: no matching rows in this year
Netherlands,2008,Energy Supply Research,direct_rd,,,,,,,,gap: no matching rows in this year
Netherlands,2009,Energy Supply Research,direct_rd,,,,,,,,gap: no matching rows in this year
Netherlands,2010,Energy Supply Research,direct_rd,,,,,,,,gap: no matching rows in this year
Netherlands,2011,Energy Supply Research,direct_rd,,,,,,,,gap: no matching rows in this year
Netherlands,2012,Energy Supply Research,direct_rd,,,,,,,,gap: no matching rows in this year
Netherlands,2013,Energy Supply Research,direct_rd,,,,,,,,gap: no matching rows in this year
Netherlands,2014,Energy Supply Research,direct_rd,,,,,,,,gap: no matching rows in this year
Netherlands,2015,Energy Supply Research,direct_rd,,,,,,,,gap: no matching rows in this year
Netherlands,2016,Energy Supply Research,direct_rd,,,,,,,,gap: no matching rows in this year
Netherlands,2017,Energy Supply Research,direct_rd,,,,,,,,gap: no matching rows in this year
Netherlands,2018,Energy Supply Research,direct_rd,,,,,,,,gap: no matching rows in this year
Netherlands,2019,Energy Supply Research,direct_rd,,,,,,,,gap: no matching rows in this year
Netherlands,2020,Energy Supply Research,direct_rd,,,,,,,,gap: no matching rows in this year
Netherlands,2021,Energy Supply Research,direct_rd,,,,,,,,gap: no matching rows in this year
Netherlands,2022,Energy Supply Research,direct_rd,,,,,,,,gap: no matching rows in this year
Netherlands,2023,Energy Supply Research,direct_rd,,,,,,,,gap: no matching rows in this year
Netherlands,2024,Energy Supply Research,direct_rd,,,,,,,,gap: no matching rows in this year
Netherlands,2025,Energy Supply Research,direct_rd,,,,,,,,gap: no matching rows in this year
Netherlands,1975,Erasmus Universiteit Rotterdam (EUR),higher_education,,,,,,,,gap: no matching rows in this year
Netherlands,1976,Erasmus Universiteit Rotterdam (EUR),higher_education,,,,,,,,gap: no matching rows in this year
Netherlands,1977,Erasmus Universiteit Rotterdam (EUR),higher_education,,,,,,,,gap: no matching rows in this year
Netherlands,1978,Erasmus Universiteit Rotterdam (EUR),higher_education,,,,,,,,gap: no matching rows in this year
Netherlands,1979,Erasmus Universiteit Rotterdam (EUR),higher_education,,,,,,,,gap: no matching rows in this year
Netherlands,1980,Erasmus Universiteit Rotterdam (EUR),higher_education,,,,,,,,gap: no matching rows in this year
Netherlands,1981,Erasmus Universiteit Rotterdam (EUR),higher_education,,,,,,,,gap: no matching rows in this year
Netherlands,1982,Erasmus Universiteit Rotterdam (EUR),higher_education,,,,,,,,gap: no matching rows in this year
Netherlands,1983,Erasmus Universiteit Rotterdam (EUR),higher_education,,,,,,,,gap: no matching rows in this year
Netherlands,1984,Erasmus Universiteit Rotterdam (EUR),higher_education,,,,,,,,gap: no matching rows in this year
Netherlands,1985,Erasmus Universiteit Rotterdam (EUR),higher_education,,,,,,,,gap: no matching rows in this year
Netherlands,1986,Erasmus Universiteit Rotterdam (EUR),higher_education,,,,,,,,gap: no matching rows in this year
Netherlands,1987,Erasmus Universiteit Rotterdam (EUR),higher_education,,,,,,,,gap: no matching rows in this year
Netherlands,1988,Erasmus Universiteit Rotterdam (EUR),higher_education,,,,,,,,gap: no matching rows in this year
Netherlands,1989,Erasmus Universiteit Rotterdam (EUR),higher_education,,,,,,,,gap: no matching rows in this year
Netherlands,1990,Erasmus Universiteit Rotterdam (EUR),higher_education,,,,,,,,gap: no matching rows in this year
Netherlands,1991,Erasmus Universiteit Rotterdam (EUR),higher_education,,,,,,,,gap: no matching rows in this year
Netherlands,1992,Erasmus Universiteit Rotterdam (EUR),higher_education,,,,,,,,gap: no matching rows in this year
Netherlands,1993,Erasmus Universiteit Rotterdam (EUR),higher_education,,,,,,,,gap: no matching rows in this year
Netherlands,1994,Erasmus Universiteit Rotterdam (EUR),higher_education,,,,,,,,gap: no matching rows in this year
Netherlands,1995,Erasmus Universiteit Rotterdam (EUR),higher_education,,,,,,,,gap: no matching rows in this year
Netherlands,1996,Erasmus Universiteit Rotterdam (EUR),higher_education,,,,,,,,gap: no matching rows in this year
Netherlands,1997,Erasmus Universiteit Rotterdam (EUR),higher_education,,,,,,,,gap: no matching rows in this year
Netherlands,1998,Erasmus Universiteit Rotterdam (EUR),higher_education,,,,,,,,gap: no matching rows in this year
Netherlands,1999,Erasmus Universiteit Rotterdam (EUR),higher_education,,,,,,,,gap: no matching rows in this year
Netherlands,2000,Erasmus Universiteit Rotterdam (EUR),higher_education,,,,,,,,gap: no matching rows in this year
Netherlands,2001,Erasmus Universiteit Rotterdam (EUR),higher_education,,,,,,,,gap: no matching rows in this year
Netherlands,2002,Erasmus Universiteit Rotterdam (EUR),higher_education,,,,,,,,gap: no matching rows in this year
Netherlands,2003,Erasmus Universiteit Rotterdam (EUR),higher_education,,,,,,,,gap: no matching rows in this year
Netherlands,2004,Erasmus Universiteit Rotterdam (EUR),higher_education,,,,,,,,gap: no matching rows in this year
Netherlands,2005,Erasmus Universiteit Rotterdam (EUR),higher_education,,,,,,,,gap: no matching rows in this year
Netherlands,2006,Erasmus Universiteit Rotterdam (EUR),higher_education,,,,,,,,gap: no matching rows in this year
Netherlands,2007,Erasmus Universiteit Rotterdam (EUR),higher_education,,,,,,,,gap: no matching rows in this year
Netherlands,2008,Erasmus Universiteit Rotterdam (EUR),higher_education,,,,,,,,gap: no matching rows in this year
Netherlands,2009,Erasmus Universiteit Rotterdam (EUR),higher_education,,,,,,,,gap: no matching rows in this year
Netherlands,2010,Erasmus Universiteit Rotterdam (EUR),higher_education,,,,,,,,gap: no matching rows in this year
Netherlands,2011,Erasmus Universiteit Rotterdam (EUR),higher_education,,,,,,,,gap: no matching rows in this year
Netherlands,2012,Erasmus Universiteit Rotterdam (EUR),higher_education,,,,,,,,gap: no matching rows in this year
Netherlands,2013,Erasmus Universiteit Rotterdam (EUR),higher_education,,,,,,,,gap: no matching rows in this year
Netherlands,2014,Erasmus Universiteit Rotterdam (EUR),higher_education,,,,,,,,gap: no matching rows in this year
Netherlands,2015,Erasmus Universiteit Rotterdam (EUR),higher_education,,,,,,,,gap: no matching rows in this year
Netherlands,2016,Erasmus Universiteit Rotterdam (EUR),higher_education,,,,,,,,gap: no matching rows in this year
Netherlands,2017,Erasmus Universiteit Rotterdam (EUR),higher_education,,,,,,,,gap: no matching rows in this year
Netherlands,2018,Erasmus Universiteit Rotterdam (EUR),higher_education,,,,,,,,gap: no matching rows in this year
Netherlands,2019,Erasmus Universiteit Rotterdam (EUR),higher_education,,,,,,,,gap: no matching rows in this year
Netherlands,2020,Erasmus Universiteit Rotterdam (EUR),higher_education,,,,,,,,gap: no matching rows in this year
Netherlands,2021,Erasmus Universiteit Rotterdam (EUR),higher_education,,,,,,,,gap: no matching rows in this year
Netherlands,2022,Erasmus Universiteit Rotterdam (EUR),higher_education,,,,,,,,gap: no matching rows in this year
Netherlands,2023,Erasmus Universiteit Rotterdam (EUR),higher_education,,,,,,,,gap: no matching rows in this year
Netherlands,2024,Erasmus Universiteit Rotterdam (EUR),higher_education,,,,,,,,gap: no matching rows in this year
Netherlands,2025,Erasmus Universiteit Rotterdam (EUR),higher_education,,,,,,,,gap: no matching rows in this year
Netherlands,1975,Expenditures for Fast Breeder Reactor Prototype,direct_rd,61000000.0,thousand,NLG,line_item,Expenditures related to participation in the prototype of a fast breeder reactor,1975 budget memorandum.pdf,130,This expenditure supports advanced nuclear research.
Netherlands,1976,Expenditures for Fast Breeder Reactor Prototype,direct_rd,71000000.0,thousand,NLG,line_item,Expenditures related to participation in the prototype of a fast breeder reactor,1976 budget memorandum.pdf,143,This expenditure supports advanced nuclear research.
Netherlands,1977,Expenditures for Fast Breeder Reactor Prototype,direct_rd,,,,,,,,gap: no matching rows in this year
Netherlands,1978,Expenditures for Fast Breeder Reactor Prototype,direct_rd,,,,,,,,gap: no matching rows in this year
Netherlands,1979,Expenditures for Fast Breeder Reactor Prototype,direct_rd,,,,,,,,gap: no matching rows in this year
Netherlands,1980,Expenditures for Fast Breeder Reactor Prototype,direct_rd,,,,,,,,gap: no matching rows in this year
Netherlands,1981,Expenditures for Fast Breeder Reactor Prototype,direct_rd,,,,,,,,gap: no matching rows in this year
Netherlands,1982,Expenditures for Fast Breeder Reactor Prototype,direct_rd,,,,,,,,gap: no matching rows in this year
Netherlands,1983,Expenditures for Fast Breeder Reactor Prototype,direct_rd,,,,,,,,gap: no matching rows in this year
Netherlands,1984,Expenditures for Fast Breeder Reactor Prototype,direct_rd,,,,,,,,gap: no matching rows in this year
Netherlands,1985,Expenditures for Fast Breeder Reactor Prototype,direct_rd,,,,,,,,gap: no matching rows in this year
Netherlands,1986,Expenditures for Fast Breeder Reactor Prototype,direct_rd,,,,,,,,gap: no matching rows in this year
Netherlands,1987,Expenditures for Fast Breeder Reactor Prototype,direct_rd,,,,,,,,gap: no matching rows in this year
Netherlands,1988,Expenditures for Fast Breeder Reactor Prototype,direct_rd,,,,,,,,gap: no matching rows in this year
Netherlands,1989,Expenditures for Fast Breeder Reactor Prototype,direct_rd,,,,,,,,gap: no matching rows in this year
Netherlands,1990,Expenditures for Fast Breeder Reactor Prototype,direct_rd,,,,,,,,gap: no matching rows in this year
Netherlands,1991,Expenditures for Fast Breeder Reactor Prototype,direct_rd,,,,,,,,gap: no matching rows in this year
Netherlands,1992,Expenditures for Fast Breeder Reactor Prototype,direct_rd,,,,,,,,gap: no matching rows in this year
Netherlands,1993,Expenditures for Fast Breeder Reactor Prototype,direct_rd,,,,,,,,gap: no matching rows in this year
Netherlands,1994,Expenditures for Fast Breeder Reactor Prototype,direct_rd,,,,,,,,gap: no matching rows in this year
Netherlands,1995,Expenditures for Fast Breeder Reactor Prototype,direct_rd,,,,,,,,gap: no matching rows in this year
Netherlands,1996,Expenditures for Fast Breeder Reactor Prototype,direct_rd,,,,,,,,gap: no matching rows in this year
Netherlands,1997,Expenditures for Fast Breeder Reactor Prototype,direct_rd,,,,,,,,gap: no matching rows in this year
Netherlands,1998,Expenditures for Fast Breeder Reactor Prototype,direct_rd,,,,,,,,gap: no matching rows in this year
Netherlands,1999,Expenditures for Fast Breeder Reactor Prototype,direct_rd,,,,,,,,gap: no matching rows in this year
Netherlands,2000,Expenditures for Fast Breeder Reactor Prototype,direct_rd,,,,,,,,gap: no matching rows in this year
Netherlands,2001,Expenditures for Fast Breeder Reactor Prototype,direct_rd,,,,,,,,gap: no matching rows in this year
Netherlands,2002,Expenditures for Fast Breeder Reactor Prototype,direct_rd,,,,,,,,gap: no matching rows in this year
Netherlands,2003,Expenditures for Fast Breeder Reactor Prototype,direct_rd,,,,,,,,gap: no matching rows in this year
Netherlands,2004,Expenditures for Fast Breeder Reactor Prototype,direct_rd,,,,,,,,gap: no matching rows in this year
Netherlands,2005,Expenditures for Fast Breeder Reactor Prototype,direct_rd,,,,,,,,gap: no matching rows in this year
Netherlands,2006,Expenditures for Fast Breeder Reactor Prototype,direct_rd,,,,,,,,gap: no matching rows in this year
Netherlands,2007,Expenditures for Fast Breeder Reactor Prototype,direct_rd,,,,,,,,gap: no matching rows in this year
Netherlands,2008,Expenditures for Fast Breeder Reactor Prototype,direct_rd,,,,,,,,gap: no matching rows in this year
Netherlands,2009,Expenditures for Fast Breeder Reactor Prototype,direct_rd,,,,,,,,gap: no matching rows in this year
Netherlands,2010,Expenditures for Fast Breeder Reactor Prototype,direct_rd,,,,,,,,gap: no matching rows in this year
Netherlands,2011,Expenditures for Fast Breeder Reactor Prototype,direct_rd,,,,,,,,gap: no matching rows in this year
Netherlands,2012,Expenditures for Fast Breeder Reactor Prototype,direct_rd,,,,,,,,gap: no matching rows in this year
Netherlands,2013,Expenditures for Fast Breeder Reactor Prototype,direct_rd,,,,,,,,gap: no matching rows in this year
Netherlands,2014,Expenditures for Fast Breeder Reactor Prototype,direct_rd,,,,,,,,gap: no matching rows in this year
Netherlands,2015,Expenditures for Fast Breeder Reactor Prototype,direct_rd,,,,,,,,gap: no matching rows in this year
Netherlands,2016,Expenditures for Fast Breeder Reactor Prototype,direct_rd,,,,,,,,gap: no matching rows in this year
Netherlands,2017,Expenditures for Fast Breeder Reactor Prototype,direct_rd,,,,,,,,gap: no matching rows in this year
Netherlands,2018,Expenditures for Fast Breeder Reactor Prototype,direct_rd,,,,,,,,gap: no matching rows in this year
Netherlands,2019,Expenditures for Fast Breeder Reactor Prototype,direct_rd,,,,,,,,gap: no matching rows in this year
Netherlands,2020,Expenditures for Fast Breeder Reactor Prototype,direct_rd,,,,,,,,gap: no matching rows in this year
Netherlands,2021,Expenditures for Fast Breeder Reactor Prototype,direct_rd,,,,,,,,gap: no matching rows in this year
Netherlands,2022,Expenditures for Fast Breeder Reactor Prototype,direct_rd,,,,,,,,gap: no matching rows in this year
Netherlands,2023,Expenditures for Fast Breeder Reactor Prototype,direct_rd,,,,,,,,gap: no matching rows in this year
Netherlands,2024,Expenditures for Fast Breeder Reactor Prototype,direct_rd,,,,,,,,gap: no matching rows in this year
Netherlands,2025,Expenditures for Fast Breeder Reactor Prototype,direct_rd,,,,,,,,gap: no matching rows in this year
Netherlands,1975,Expenditures for Research and Information,direct_rd,,,,,,,,gap: no matching rows in this year
Netherlands,1976,Expenditures for Research and Information,direct_rd,,,,,,,,gap: no matching rows in this year
Netherlands,1977,Expenditures for Research and Information,direct_rd,,,,,,,,gap: no matching rows in this year
Netherlands,1978,Expenditures for Research and Information,direct_rd,,,,,,,,gap: no matching rows in this year
Netherlands,1979,Expenditures for Research and Information,direct_rd,,,,,,,,gap: no matching rows in this year
Netherlands,1980,Expenditures for Research and Information,direct_rd,,,,,,,,gap: no matching rows in this year
Netherlands,1981,Expenditures for Research and Information,direct_rd,,,,,,,,gap: no matching rows in this year
Netherlands,1982,Expenditures for Research and Information,direct_rd,,,,,,,,gap: no matching rows in this year
Netherlands,1983,Expenditures for Research and Information,direct_rd,,,,,,,,gap: no matching rows in this year
Netherlands,1984,Expenditures for Research and Information,direct_rd,,,,,,,,gap: no matching rows in this year
Netherlands,1985,Expenditures for Research and Information,direct_rd,522000000.0,thousand,NLG,line_item,Expenditures for research and information,1985 budget memorandum.pdf,130,This entity involves funding for research and information activities.
Netherlands,1986,Expenditures for Research and Information,direct_rd,,,,,,,,gap: no matching rows in this year
Netherlands,1987,Expenditures for Research and Information,direct_rd,,,,,,,,gap: no matching rows in this year
Netherlands,1988,Expenditures for Research and Information,direct_rd,,,,,,,,gap: no matching rows in this year
Netherlands,1989,Expenditures for Research and Information,direct_rd,,,,,,,,gap: no matching rows in this year
Netherlands,1990,Expenditures for Research and Information,direct_rd,,,,,,,,gap: no matching rows in this year
Netherlands,1991,Expenditures for Research and Information,direct_rd,,,,,,,,gap: no matching rows in this year
Netherlands,1992,Expenditures for Research and Information,direct_rd,,,,,,,,gap: no matching rows in this year
Netherlands,1993,Expenditures for Research and Information,direct_rd,,,,,,,,gap: no matching rows in this year
Netherlands,1994,Expenditures for Research and Information,direct_rd,,,,,,,,gap: no matching rows in this year
Netherlands,1995,Expenditures for Research and Information,direct_rd,,,,,,,,gap: no matching rows in this year
Netherlands,1996,Expenditures for Research and Information,direct_rd,,,,,,,,gap: no matching rows in this year
Netherlands,1997,Expenditures for Research and Information,direct_rd,,,,,,,,gap: no matching rows in this year
Netherlands,1998,Expenditures for Research and Information,direct_rd,,,,,,,,gap: no matching rows in this year
Netherlands,1999,Expenditures for Research and Information,direct_rd,,,,,,,,gap: no matching rows in this year
Netherlands,2000,Expenditures for Research and Information,direct_rd,,,,,,,,gap: no matching rows in this year
Netherlands,2001,Expenditures for Research and Information,direct_rd,,,,,,,,gap: no matching rows in this year
Netherlands,2002,Expenditures for Research and Information,direct_rd,,,,,,,,gap: no matching rows in this year
Netherlands,2003,Expenditures for Research and Information,direct_rd,,,,,,,,gap: no matching rows in this year
Netherlands,2004,Expenditures for Research and Information,direct_rd,,,,,,,,gap: no matching rows in this year
Netherlands,2005,Expenditures for Research and Information,direct_rd,,,,,,,,gap: no matching rows in this year
Netherlands,2006,Expenditures for Research and Information,direct_rd,,,,,,,,gap: no matching rows in this year
Netherlands,2007,Expenditures for Research and Information,direct_rd,,,,,,,,gap: no matching rows in this year
Netherlands,2008,Expenditures for Research and Information,direct_rd,,,,,,,,gap: no matching rows in this year
Netherlands,2009,Expenditures for Research and Information,direct_rd,,,,,,,,gap: no matching rows in this year
Netherlands,2010,Expenditures for Research and Information,direct_rd,,,,,,,,gap: no matching rows in this year
Netherlands,2011,Expenditures for Research and Information,direct_rd,,,,,,,,gap: no matching rows in this year
Netherlands,2012,Expenditures for Research and Information,direct_rd,,,,,,,,gap: no matching rows in this year
Netherlands,2013,Expenditures for Research and Information,direct_rd,,,,,,,,gap: no matching rows in this year
Netherlands,2014,Expenditures for Research and Information,direct_rd,,,,,,,,gap: no matching rows in this year
Netherlands,2015,Expenditures for Research and Information,direct_rd,,,,,,,,gap: no matching rows in this year
Netherlands,2016,Expenditures for Research and Information,direct_rd,,,,,,,,gap: no matching rows in this year
Netherlands,2017,Expenditures for Research and Information,direct_rd,,,,,,,,gap: no matching rows in this year
Netherlands,2018,Expenditures for Research and Information,direct_rd,,,,,,,,gap: no matching rows in this year
Netherlands,2019,Expenditures for Research and Information,direct_rd,,,,,,,,gap: no matching rows in this year
Netherlands,2020,Expenditures for Research and Information,direct_rd,,,,,,,,gap: no matching rows in this year
Netherlands,2021,Expenditures for Research and Information,direct_rd,,,,,,,,gap: no matching rows in this year
Netherlands,2022,Expenditures for Research and Information,direct_rd,,,,,,,,gap: no matching rows in this year
Netherlands,2023,Expenditures for Research and Information,direct_rd,,,,,,,,gap: no matching rows in this year
Netherlands,2024,Expenditures for Research and Information,direct_rd,,,,,,,,gap: no matching rows in this year
Netherlands,2025,Expenditures for Research and Information,direct_rd,,,,,,,,gap: no matching rows in this year
Netherlands,1975,Fiscal R&D Wage Cost Facility,direct_rd,,,,,,,,gap: no matching rows in this year
Netherlands,1976,Fiscal R&D Wage Cost Facility,direct_rd,,,,,,,,gap: no matching rows in this year
Netherlands,1977,Fiscal R&D Wage Cost Facility,direct_rd,,,,,,,,gap: no matching rows in this year
Netherlands,1978,Fiscal R&D Wage Cost Facility,direct_rd,,,,,,,,gap: no matching rows in this year
Netherlands,1979,Fiscal R&D Wage Cost Facility,direct_rd,,,,,,,,gap: no matching rows in this year
Netherlands,1980,Fiscal R&D Wage Cost Facility,direct_rd,,,,,,,,gap: no matching rows in this year
Netherlands,1981,Fiscal R&D Wage Cost Facility,direct_rd,,,,,,,,gap: no matching rows in this year
Netherlands,1982,Fiscal R&D Wage Cost Facility,direct_rd,,,,,,,,gap: no matching rows in this year
Netherlands,1983,Fiscal R&D Wage Cost Facility,direct_rd,,,,,,,,gap: no matching rows in this year
Netherlands,1984,Fiscal R&D Wage Cost Facility,direct_rd,,,,,,,,gap: no matching rows in this year
Netherlands,1985,Fiscal R&D Wage Cost Facility,direct_rd,,,,,,,,gap: no matching rows in this year
Netherlands,1986,Fiscal R&D Wage Cost Facility,direct_rd,,,,,,,,gap: no matching rows in this year
Netherlands,1987,Fiscal R&D Wage Cost Facility,direct_rd,,,,,,,,gap: no matching rows in this year
Netherlands,1988,Fiscal R&D Wage Cost Facility,direct_rd,,,,,,,,gap: no matching rows in this year
Netherlands,1989,Fiscal R&D Wage Cost Facility,direct_rd,,,,,,,,gap: no matching rows in this year
Netherlands,1990,Fiscal R&D Wage Cost Facility,direct_rd,,,,,,,,gap: no matching rows in this year
Netherlands,1991,Fiscal R&D Wage Cost Facility,direct_rd,,,,,,,,gap: no matching rows in this year
Netherlands,1992,Fiscal R&D Wage Cost Facility,direct_rd,,,,,,,,gap: no matching rows in this year
Netherlands,1993,Fiscal R&D Wage Cost Facility,direct_rd,,,,,,,,gap: no matching rows in this year
Netherlands,1994,Fiscal R&D Wage Cost Facility,direct_rd,350000000.0,thousand,NLG,line_item,Fiscal R&D wage cost facility,1994 budget memorandum.pdf,28,This entity provides fiscal support for R&D wage costs.
Netherlands,1995,Fiscal R&D Wage Cost Facility,direct_rd,,,,,,,,gap: no matching rows in this year
Netherlands,1996,Fiscal R&D Wage Cost Facility,direct_rd,,,,,,,,gap: no matching rows in this year
Netherlands,1997,Fiscal R&D Wage Cost Facility,direct_rd,,,,,,,,gap: no matching rows in this year
Netherlands,1998,Fiscal R&D Wage Cost Facility,direct_rd,,,,,,,,gap: no matching rows in this year
Netherlands,1999,Fiscal R&D Wage Cost Facility,direct_rd,,,,,,,,gap: no matching rows in this year
Netherlands,2000,Fiscal R&D Wage Cost Facility,direct_rd,,,,,,,,gap: no matching rows in this year
Netherlands,2001,Fiscal R&D Wage Cost Facility,direct_rd,,,,,,,,gap: no matching rows in this year
Netherlands,2002,Fiscal R&D Wage Cost Facility,direct_rd,,,,,,,,gap: no matching rows in this year
Netherlands,2003,Fiscal R&D Wage Cost Facility,direct_rd,,,,,,,,gap: no matching rows in this year
Netherlands,2004,Fiscal R&D Wage Cost Facility,direct_rd,,,,,,,,gap: no matching rows in this year
Netherlands,2005,Fiscal R&D Wage Cost Facility,direct_rd,,,,,,,,gap: no matching rows in this year
Netherlands,2006,Fiscal R&D Wage Cost Facility,direct_rd,,,,,,,,gap: no matching rows in this year
Netherlands,2007,Fiscal R&D Wage Cost Facility,direct_rd,,,,,,,,gap: no matching rows in this year
Netherlands,2008,Fiscal R&D Wage Cost Facility,direct_rd,,,,,,,,gap: no matching rows in this year
Netherlands,2009,Fiscal R&D Wage Cost Facility,direct_rd,,,,,,,,gap: no matching rows in this year
Netherlands,2010,Fiscal R&D Wage Cost Facility,direct_rd,,,,,,,,gap: no matching rows in this year
Netherlands,2011,Fiscal R&D Wage Cost Facility,direct_rd,,,,,,,,gap: no matching rows in this year
Netherlands,2012,Fiscal R&D Wage Cost Facility,direct_rd,,,,,,,,gap: no matching rows in this year
Netherlands,2013,Fiscal R&D Wage Cost Facility,direct_rd,,,,,,,,gap: no matching rows in this year
Netherlands,2014,Fiscal R&D Wage Cost Facility,direct_rd,,,,,,,,gap: no matching rows in this year
Netherlands,2015,Fiscal R&D Wage Cost Facility,direct_rd,,,,,,,,gap: no matching rows in this year
Netherlands,2016,Fiscal R&D Wage Cost Facility,direct_rd,,,,,,,,gap: no matching rows in this year
Netherlands,2017,Fiscal R&D Wage Cost Facility,direct_rd,,,,,,,,gap: no matching rows in this year
Netherlands,2018,Fiscal R&D Wage Cost Facility,direct_rd,,,,,,,,gap: no matching rows in this year
Netherlands,2019,Fiscal R&D Wage Cost Facility,direct_rd,,,,,,,,gap: no matching rows in this year
Netherlands,2020,Fiscal R&D Wage Cost Facility,direct_rd,,,,,,,,gap: no matching rows in this year
Netherlands,2021,Fiscal R&D Wage Cost Facility,direct_rd,,,,,,,,gap: no matching rows in this year
Netherlands,2022,Fiscal R&D Wage Cost Facility,direct_rd,,,,,,,,gap: no matching rows in this year
Netherlands,2023,Fiscal R&D Wage Cost Facility,direct_rd,,,,,,,,gap: no matching rows in this year
Netherlands,2024,Fiscal R&D Wage Cost Facility,direct_rd,,,,,,,,gap: no matching rows in this year
Netherlands,2025,Fiscal R&D Wage Cost Facility,direct_rd,,,,,,,,gap: no matching rows in this year
Netherlands,1975,Foundation for Hydraulic Engineering Laboratory,science_agency,,,,,,,,gap: no matching rows in this year
Netherlands,1976,Foundation for Hydraulic Engineering Laboratory,science_agency,,,,,,,,gap: no matching rows in this year
Netherlands,1977,Foundation for Hydraulic Engineering Laboratory,science_agency,,,,,,,,gap: no matching rows in this year
Netherlands,1978,Foundation for Hydraulic Engineering Laboratory,science_agency,,,,,,,,gap: no matching rows in this year
Netherlands,1979,Foundation for Hydraulic Engineering Laboratory,science_agency,,,,,,,,gap: no matching rows in this year
Netherlands,1980,Foundation for Hydraulic Engineering Laboratory,science_agency,,,,,,,,gap: no matching rows in this year
Netherlands,1981,Foundation for Hydraulic Engineering Laboratory,science_agency,,,,,,,,gap: no matching rows in this year
Netherlands,1982,Foundation for Hydraulic Engineering Laboratory,science_agency,35000000.0,thousand,NLG,line_item,Foundation for Hydraulic Engineering Laboratory (SWL),1982 budget memorandum.pdf,92,This foundation is focused on hydraulic engineering research.
Netherlands,1983,Foundation for Hydraulic Engineering Laboratory,science_agency,,,,,,,,gap: no matching rows in this year
Netherlands,1984,Foundation for Hydraulic Engineering Laboratory,science_agency,,,,,,,,gap: no matching rows in this year
Netherlands,1985,Foundation for Hydraulic Engineering Laboratory,science_agency,,,,,,,,gap: no matching rows in this year
Netherlands,1986,Foundation for Hydraulic Engineering Laboratory,science_agency,,,,,,,,gap: no matching rows in this year
Netherlands,1987,Foundation for Hydraulic Engineering Laboratory,science_agency,,,,,,,,gap: no matching rows in this year
Netherlands,1988,Foundation for Hydraulic Engineering Laboratory,science_agency,,,,,,,,gap: no matching rows in this year
Netherlands,1989,Foundation for Hydraulic Engineering Laboratory,science_agency,,,,,,,,gap: no matching rows in this year
Netherlands,1990,Foundation for Hydraulic Engineering Laboratory,science_agency,,,,,,,,gap: no matching rows in this year
Netherlands,1991,Foundation for Hydraulic Engineering Laboratory,science_agency,,,,,,,,gap: no matching rows in this year
Netherlands,1992,Foundation for Hydraulic Engineering Laboratory,science_agency,,,,,,,,gap: no matching rows in this year
Netherlands,1993,Foundation for Hydraulic Engineering Laboratory,science_agency,,,,,,,,gap: no matching rows in this year
Netherlands,1994,Foundation for Hydraulic Engineering Laboratory,science_agency,,,,,,,,gap: no matching rows in this year
Netherlands,1995,Foundation for Hydraulic Engineering Laboratory,science_agency,,,,,,,,gap: no matching rows in this year
Netherlands,1996,Foundation for Hydraulic Engineering Laboratory,science_agency,,,,,,,,gap: no matching rows in this year
Netherlands,1997,Foundation for Hydraulic Engineering Laboratory,science_agency,,,,,,,,gap: no matching rows in this year
Netherlands,1998,Foundation for Hydraulic Engineering Laboratory,science_agency,,,,,,,,gap: no matching rows in this year
Netherlands,1999,Foundation for Hydraulic Engineering Laboratory,science_agency,,,,,,,,gap: no matching rows in this year
Netherlands,2000,Foundation for Hydraulic Engineering Laboratory,science_agency,,,,,,,,gap: no matching rows in this year
Netherlands,2001,Foundation for Hydraulic Engineering Laboratory,science_agency,,,,,,,,gap: no matching rows in this year
Netherlands,2002,Foundation for Hydraulic Engineering Laboratory,science_agency,,,,,,,,gap: no matching rows in this year
Netherlands,2003,Foundation for Hydraulic Engineering Laboratory,science_agency,,,,,,,,gap: no matching rows in this year
Netherlands,2004,Foundation for Hydraulic Engineering Laboratory,science_agency,,,,,,,,gap: no matching rows in this year
Netherlands,2005,Foundation for Hydraulic Engineering Laboratory,science_agency,,,,,,,,gap: no matching rows in this year
Netherlands,2006,Foundation for Hydraulic Engineering Laboratory,science_agency,,,,,,,,gap: no matching rows in this year
Netherlands,2007,Foundation for Hydraulic Engineering Laboratory,science_agency,,,,,,,,gap: no matching rows in this year
Netherlands,2008,Foundation for Hydraulic Engineering Laboratory,science_agency,,,,,,,,gap: no matching rows in this year
Netherlands,2009,Foundation for Hydraulic Engineering Laboratory,science_agency,,,,,,,,gap: no matching rows in this year
Netherlands,2010,Foundation for Hydraulic Engineering Laboratory,science_agency,,,,,,,,gap: no matching rows in this year
Netherlands,2011,Foundation for Hydraulic Engineering Laboratory,science_agency,,,,,,,,gap: no matching rows in this year
Netherlands,2012,Foundation for Hydraulic Engineering Laboratory,science_agency,,,,,,,,gap: no matching rows in this year
Netherlands,2013,Foundation for Hydraulic Engineering Laboratory,science_agency,,,,,,,,gap: no matching rows in this year
Netherlands,2014,Foundation for Hydraulic Engineering Laboratory,science_agency,,,,,,,,gap: no matching rows in this year
Netherlands,2015,Foundation for Hydraulic Engineering Laboratory,science_agency,,,,,,,,gap: no matching rows in this year
Netherlands,2016,Foundation for Hydraulic Engineering Laboratory,science_agency,,,,,,,,gap: no matching rows in this year
Netherlands,2017,Foundation for Hydraulic Engineering Laboratory,science_agency,,,,,,,,gap: no matching rows in this year
Netherlands,2018,Foundation for Hydraulic Engineering Laboratory,science_agency,,,,,,,,gap: no matching rows in this year
Netherlands,2019,Foundation for Hydraulic Engineering Laboratory,science_agency,,,,,,,,gap: no matching rows in this year
Netherlands,2020,Foundation for Hydraulic Engineering Laboratory,science_agency,,,,,,,,gap: no matching rows in this year
Netherlands,2021,Foundation for Hydraulic Engineering Laboratory,science_agency,,,,,,,,gap: no matching rows in this year
Netherlands,2022,Foundation for Hydraulic Engineering Laboratory,science_agency,,,,,,,,gap: no matching rows in this year
Netherlands,2023,Foundation for Hydraulic Engineering Laboratory,science_agency,,,,,,,,gap: no matching rows in this year
Netherlands,2024,Foundation for Hydraulic Engineering Laboratory,science_agency,,,,,,,,gap: no matching rows in this year
Netherlands,2025,Foundation for Hydraulic Engineering Laboratory,science_agency,,,,,,,,gap: no matching rows in this year
Netherlands,1975,Funding for National Aerospace Laboratory,science_agency,,,,,,,,gap: no matching rows in this year
Netherlands,1976,Funding for National Aerospace Laboratory,science_agency,,,,,,,,gap: no matching rows in this year
Netherlands,1977,Funding for National Aerospace Laboratory,science_agency,,,,,,,,gap: no matching rows in this year
Netherlands,1978,Funding for National Aerospace Laboratory,science_agency,,,,,,,,gap: no matching rows in this year
Netherlands,1979,Funding for National Aerospace Laboratory,science_agency,,,,,,,,gap: no matching rows in this year
Netherlands,1980,Funding for National Aerospace Laboratory,science_agency,,,,,,,,gap: no matching rows in this year
Netherlands,1981,Funding for National Aerospace Laboratory,science_agency,,,,,,,,gap: no matching rows in this year
Netherlands,1982,Funding for National Aerospace Laboratory,science_agency,35000000.0,thousand,NLG,line_item,Funding for the operational deficit of the National Aerospace Laboratory (NLR),1982 budget memorandum.pdf,92,This funding supports aerospace research activities.
Netherlands,1983,Funding for National Aerospace Laboratory,science_agency,,,,,,,,gap: no matching rows in this year
Netherlands,1984,Funding for National Aerospace Laboratory,science_agency,,,,,,,,gap: no matching rows in this year
Netherlands,1985,Funding for National Aerospace Laboratory,science_agency,,,,,,,,gap: no matching rows in this year
Netherlands,1986,Funding for National Aerospace Laboratory,science_agency,,,,,,,,gap: no matching rows in this year
Netherlands,1987,Funding for National Aerospace Laboratory,science_agency,,,,,,,,gap: no matching rows in this year
Netherlands,1988,Funding for National Aerospace Laboratory,science_agency,,,,,,,,gap: no matching rows in this year
Netherlands,1989,Funding for National Aerospace Laboratory,science_agency,,,,,,,,gap: no matching rows in this year
Netherlands,1990,Funding for National Aerospace Laboratory,science_agency,,,,,,,,gap: no matching rows in this year
Netherlands,1991,Funding for National Aerospace Laboratory,science_agency,,,,,,,,gap: no matching rows in this year
Netherlands,1992,Funding for National Aerospace Laboratory,science_agency,,,,,,,,gap: no matching rows in this year
Netherlands,1993,Funding for National Aerospace Laboratory,science_agency,,,,,,,,gap: no matching rows in this year
Netherlands,1994,Funding for National Aerospace Laboratory,science_agency,,,,,,,,gap: no matching rows in this year
Netherlands,1995,Funding for National Aerospace Laboratory,science_agency,,,,,,,,gap: no matching rows in this year
Netherlands,1996,Funding for National Aerospace Laboratory,science_agency,,,,,,,,gap: no matching rows in this year
Netherlands,1997,Funding for National Aerospace Laboratory,science_agency,,,,,,,,gap: no matching rows in this year
Netherlands,1998,Funding for National Aerospace Laboratory,science_agency,,,,,,,,gap: no matching rows in this year
Netherlands,1999,Funding for National Aerospace Laboratory,science_agency,,,,,,,,gap: no matching rows in this year
Netherlands,2000,Funding for National Aerospace Laboratory,science_agency,,,,,,,,gap: no matching rows in this year
Netherlands,2001,Funding for National Aerospace Laboratory,science_agency,,,,,,,,gap: no matching rows in this year
Netherlands,2002,Funding for National Aerospace Laboratory,science_agency,,,,,,,,gap: no matching rows in this year
Netherlands,2003,Funding for National Aerospace Laboratory,science_agency,,,,,,,,gap: no matching rows in this year
Netherlands,2004,Funding for National Aerospace Laboratory,science_agency,,,,,,,,gap: no matching rows in this year
Netherlands,2005,Funding for National Aerospace Laboratory,science_agency,,,,,,,,gap: no matching rows in this year
Netherlands,2006,Funding for National Aerospace Laboratory,science_agency,,,,,,,,gap: no matching rows in this year
Netherlands,2007,Funding for National Aerospace Laboratory,science_agency,,,,,,,,gap: no matching rows in this year
Netherlands,2008,Funding for National Aerospace Laboratory,science_agency,,,,,,,,gap: no matching rows in this year
Netherlands,2009,Funding for National Aerospace Laboratory,science_agency,,,,,,,,gap: no matching rows in this year
Netherlands,2010,Funding for National Aerospace Laboratory,science_agency,,,,,,,,gap: no matching rows in this year
Netherlands,2011,Funding for National Aerospace Laboratory,science_agency,,,,,,,,gap: no matching rows in this year
Netherlands,2012,Funding for National Aerospace Laboratory,science_agency,,,,,,,,gap: no matching rows in this year
Netherlands,2013,Funding for National Aerospace Laboratory,science_agency,,,,,,,,gap: no matching rows in this year
Netherlands,2014,Funding for National Aerospace Laboratory,science_agency,,,,,,,,gap: no matching rows in this year
Netherlands,2015,Funding for National Aerospace Laboratory,science_agency,,,,,,,,gap: no matching rows in this year
Netherlands,2016,Funding for National Aerospace Laboratory,science_agency,,,,,,,,gap: no matching rows in this year
Netherlands,2017,Funding for National Aerospace Laboratory,science_agency,,,,,,,,gap: no matching rows in this year
Netherlands,2018,Funding for National Aerospace Laboratory,science_agency,,,,,,,,gap: no matching rows in this year
Netherlands,2019,Funding for National Aerospace Laboratory,science_agency,,,,,,,,gap: no matching rows in this year
Netherlands,2020,Funding for National Aerospace Laboratory,science_agency,,,,,,,,gap: no matching rows in this year
Netherlands,2021,Funding for National Aerospace Laboratory,science_agency,,,,,,,,gap: no matching rows in this year
Netherlands,2022,Funding for National Aerospace Laboratory,science_agency,,,,,,,,gap: no matching rows in this year
Netherlands,2023,Funding for National Aerospace Laboratory,science_agency,,,,,,,,gap: no matching rows in this year
Netherlands,2024,Funding for National Aerospace Laboratory,science_agency,,,,,,,,gap: no matching rows in this year
Netherlands,2025,Funding for National Aerospace Laboratory,science_agency,,,,,,,,gap: no matching rows in this year
Netherlands,1975,Innovation Stimulation Scheme (INSTIR),innovation_instruments,,,,,,,,gap: no matching rows in this year
Netherlands,1976,Innovation Stimulation Scheme (INSTIR),innovation_instruments,,,,,,,,gap: no matching rows in this year
Netherlands,1977,Innovation Stimulation Scheme (INSTIR),innovation_instruments,,,,,,,,gap: no matching rows in this year
Netherlands,1978,Innovation Stimulation Scheme (INSTIR),innovation_instruments,,,,,,,,gap: no matching rows in this year
Netherlands,1979,Innovation Stimulation Scheme (INSTIR),innovation_instruments,,,,,,,,gap: no matching rows in this year
Netherlands,1980,Innovation Stimulation Scheme (INSTIR),innovation_instruments,,,,,,,,gap: no matching rows in this year
Netherlands,1981,Innovation Stimulation Scheme (INSTIR),innovation_instruments,,,,,,,,gap: no matching rows in this year
Netherlands,1982,Innovation Stimulation Scheme (INSTIR),innovation_instruments,,,,,,,,gap: no matching rows in this year
Netherlands,1983,Innovation Stimulation Scheme (INSTIR),innovation_instruments,,,,,,,,gap: no matching rows in this year
Netherlands,1984,Innovation Stimulation Scheme (INSTIR),innovation_instruments,,,,,,,,gap: no matching rows in this year
Netherlands,1985,Innovation Stimulation Scheme (INSTIR),innovation_instruments,,,,,,,,gap: no matching rows in this year
Netherlands,1986,Innovation Stimulation Scheme (INSTIR),innovation_instruments,,,,,,,,gap: no matching rows in this year
Netherlands,1987,Innovation Stimulation Scheme (INSTIR),innovation_instruments,,,,,,,,gap: no matching rows in this year
Netherlands,1988,Innovation Stimulation Scheme (INSTIR),innovation_instruments,,,,,,,,gap: no matching rows in this year
Netherlands,1989,Innovation Stimulation Scheme (INSTIR),innovation_instruments,,,,,,,,gap: no matching rows in this year
Netherlands,1990,Innovation Stimulation Scheme (INSTIR),innovation_instruments,,,,,,,,gap: no matching rows in this year
Netherlands,1991,Innovation Stimulation Scheme (INSTIR),innovation_instruments,,,,,,,,gap: no matching rows in this year
Netherlands,1992,Innovation Stimulation Scheme (INSTIR),innovation_instruments,220000000.0,thousand,NLG,program_total,Innovation Stimulation Scheme (INSTIR),1992 budget memorandum.pdf,44,"This entity stimulates innovation, which includes R&D activities."
Netherlands,1993,Innovation Stimulation Scheme (INSTIR),innovation_instruments,,,,,,,,gap: no matching rows in this year
Netherlands,1994,Innovation Stimulation Scheme (INSTIR),innovation_instruments,,,,,,,,gap: no matching rows in this year
Netherlands,1995,Innovation Stimulation Scheme (INSTIR),innovation_instruments,,,,,,,,gap: no matching rows in this year
Netherlands,1996,Innovation Stimulation Scheme (INSTIR),innovation_instruments,,,,,,,,gap: no matching rows in this year
Netherlands,1997,Innovation Stimulation Scheme (INSTIR),innovation_instruments,,,,,,,,gap: no matching rows in this year
Netherlands,1998,Innovation Stimulation Scheme (INSTIR),innovation_instruments,,,,,,,,gap: no matching rows in this year
Netherlands,1999,Innovation Stimulation Scheme (INSTIR),innovation_instruments,,,,,,,,gap: no matching rows in this year
Netherlands,2000,Innovation Stimulation Scheme (INSTIR),innovation_instruments,,,,,,,,gap: no matching rows in this year
Netherlands,2001,Innovation Stimulation Scheme (INSTIR),innovation_instruments,,,,,,,,gap: no matching rows in this year
Netherlands,2002,Innovation Stimulation Scheme (INSTIR),innovation_instruments,,,,,,,,gap: no matching rows in this year
Netherlands,2003,Innovation Stimulation Scheme (INSTIR),innovation_instruments,,,,,,,,gap: no matching rows in this year
Netherlands,2004,Innovation Stimulation Scheme (INSTIR),innovation_instruments,,,,,,,,gap: no matching rows in this year
Netherlands,2005,Innovation Stimulation Scheme (INSTIR),innovation_instruments,,,,,,,,gap: no matching rows in this year
Netherlands,2006,Innovation Stimulation Scheme (INSTIR),innovation_instruments,,,,,,,,gap: no matching rows in this year
Netherlands,2007,Innovation Stimulation Scheme (INSTIR),innovation_instruments,,,,,,,,gap: no matching rows in this year
Netherlands,2008,Innovation Stimulation Scheme (INSTIR),innovation_instruments,,,,,,,,gap: no matching rows in this year
Netherlands,2009,Innovation Stimulation Scheme (INSTIR),innovation_instruments,,,,,,,,gap: no matching rows in this year
Netherlands,2010,Innovation Stimulation Scheme (INSTIR),innovation_instruments,,,,,,,,gap: no matching rows in this year
Netherlands,2011,Innovation Stimulation Scheme (INSTIR),innovation_instruments,,,,,,,,gap: no matching rows in this year
Netherlands,2012,Innovation Stimulation Scheme (INSTIR),innovation_instruments,,,,,,,,gap: no matching rows in this year
Netherlands,2013,Innovation Stimulation Scheme (INSTIR),innovation_instruments,,,,,,,,gap: no matching rows in this year
Netherlands,2014,Innovation Stimulation Scheme (INSTIR),innovation_instruments,,,,,,,,gap: no matching rows in this year
Netherlands,2015,Innovation Stimulation Scheme (INSTIR),innovation_instruments,,,,,,,,gap: no matching rows in this year
Netherlands,2016,Innovation Stimulation Scheme (INSTIR),innovation_instruments,,,,,,,,gap: no matching rows in this year
Netherlands,2017,Innovation Stimulation Scheme (INSTIR),innovation_instruments,,,,,,,,gap: no matching rows in this year
Netherlands,2018,Innovation Stimulation Scheme (INSTIR),innovation_instruments,,,,,,,,gap: no matching rows in this year
Netherlands,2019,Innovation Stimulation Scheme (INSTIR),innovation_instruments,,,,,,,,gap: no matching rows in this year
Netherlands,2020,Innovation Stimulation Scheme (INSTIR),innovation_instruments,,,,,,,,gap: no matching rows in this year
Netherlands,2021,Innovation Stimulation Scheme (INSTIR),innovation_instruments,,,,,,,,gap: no matching rows in this year
Netherlands,2022,Innovation Stimulation Scheme (INSTIR),innovation_instruments,,,,,,,,gap: no matching rows in this year
Netherlands,2023,Innovation Stimulation Scheme (INSTIR),innovation_instruments,,,,,,,,gap: no matching rows in this year
Netherlands,2024,Innovation Stimulation Scheme (INSTIR),innovation_instruments,,,,,,,,gap: no matching rows in this year
Netherlands,2025,Innovation Stimulation Scheme (INSTIR),innovation_instruments,,,,,,,,gap: no matching rows in this year
Netherlands,1975,Innovation-Oriented Research Programs Funding,innovation_instruments,,,,,,,,gap: no matching rows in this year
Netherlands,1976,Innovation-Oriented Research Programs Funding,innovation_instruments,,,,,,,,gap: no matching rows in this year
Netherlands,1977,Innovation-Oriented Research Programs Funding,innovation_instruments,,,,,,,,gap: no matching rows in this year
Netherlands,1978,Innovation-Oriented Research Programs Funding,innovation_instruments,,,,,,,,gap: no matching rows in this year
Netherlands,1979,Innovation-Oriented Research Programs Funding,innovation_instruments,,,,,,,,gap: no matching rows in this year
Netherlands,1980,Innovation-Oriented Research Programs Funding,innovation_instruments,,,,,,,,gap: no matching rows in this year
Netherlands,1981,Innovation-Oriented Research Programs Funding,innovation_instruments,,,,,,,,gap: no matching rows in this year
Netherlands,1982,Innovation-Oriented Research Programs Funding,innovation_instruments,,,,,,,,gap: no matching rows in this year
Netherlands,1983,Innovation-Oriented Research Programs Funding,innovation_instruments,,,,,,,,gap: no matching rows in this year
Netherlands,1984,Innovation-Oriented Research Programs Funding,innovation_instruments,,,,,,,,gap: no matching rows in this year
Netherlands,1985,Innovation-Oriented Research Programs Funding,innovation_instruments,,,,,,,,gap: no matching rows in this year
Netherlands,1986,Innovation-Oriented Research Programs Funding,innovation_instruments,,,,,,,,gap: no matching rows in this year
Netherlands,1987,Innovation-Oriented Research Programs Funding,innovation_instruments,50000000.0,thousand,NLG,line_item,approximately 50 million for innovation-oriented research programs,1987 budget memorandum.pdf,104,This funding is specifically for innovation-oriented research.
Netherlands,1988,Innovation-Oriented Research Programs Funding,innovation_instruments,,,,,,,,gap: no matching rows in this year
Netherlands,1989,Innovation-Oriented Research Programs Funding,innovation_instruments,,,,,,,,gap: no matching rows in this year
Netherlands,1990,Innovation-Oriented Research Programs Funding,innovation_instruments,,,,,,,,gap: no matching rows in this year
Netherlands,1991,Innovation-Oriented Research Programs Funding,innovation_instruments,,,,,,,,gap: no matching rows in this year
Netherlands,1992,Innovation-Oriented Research Programs Funding,innovation_instruments,,,,,,,,gap: no matching rows in this year
Netherlands,1993,Innovation-Oriented Research Programs Funding,innovation_instruments,,,,,,,,gap: no matching rows in this year
Netherlands,1994,Innovation-Oriented Research Programs Funding,innovation_instruments,,,,,,,,gap: no matching rows in this year
Netherlands,1995,Innovation-Oriented Research Programs Funding,innovation_instruments,,,,,,,,gap: no matching rows in this year
Netherlands,1996,Innovation-Oriented Research Programs Funding,innovation_instruments,,,,,,,,gap: no matching rows in this year
Netherlands,1997,Innovation-Oriented Research Programs Funding,innovation_instruments,,,,,,,,gap: no matching rows in this year
Netherlands,1998,Innovation-Oriented Research Programs Funding,innovation_instruments,,,,,,,,gap: no matching rows in this year
Netherlands,1999,Innovation-Oriented Research Programs Funding,innovation_instruments,,,,,,,,gap: no matching rows in this year
Netherlands,2000,Innovation-Oriented Research Programs Funding,innovation_instruments,,,,,,,,gap: no matching rows in this year
Netherlands,2001,Innovation-Oriented Research Programs Funding,innovation_instruments,,,,,,,,gap: no matching rows in this year
Netherlands,2002,Innovation-Oriented Research Programs Funding,innovation_instruments,,,,,,,,gap: no matching rows in this year
Netherlands,2003,Innovation-Oriented Research Programs Funding,innovation_instruments,,,,,,,,gap: no matching rows in this year
Netherlands,2004,Innovation-Oriented Research Programs Funding,innovation_instruments,,,,,,,,gap: no matching rows in this year
Netherlands,2005,Innovation-Oriented Research Programs Funding,innovation_instruments,,,,,,,,gap: no matching rows in this year
Netherlands,2006,Innovation-Oriented Research Programs Funding,innovation_instruments,,,,,,,,gap: no matching rows in this year
Netherlands,2007,Innovation-Oriented Research Programs Funding,innovation_instruments,,,,,,,,gap: no matching rows in this year
Netherlands,2008,Innovation-Oriented Research Programs Funding,innovation_instruments,,,,,,,,gap: no matching rows in this year
Netherlands,2009,Innovation-Oriented Research Programs Funding,innovation_instruments,,,,,,,,gap: no matching rows in this year
Netherlands,2010,Innovation-Oriented Research Programs Funding,innovation_instruments,,,,,,,,gap: no matching rows in this year
Netherlands,2011,Innovation-Oriented Research Programs Funding,innovation_instruments,,,,,,,,gap: no matching rows in this year
Netherlands,2012,Innovation-Oriented Research Programs Funding,innovation_instruments,,,,,,,,gap: no matching rows in this year
Netherlands,2013,Innovation-Oriented Research Programs Funding,innovation_instruments,,,,,,,,gap: no matching rows in this year
Netherlands,2014,Innovation-Oriented Research Programs Funding,innovation_instruments,,,,,,,,gap: no matching rows in this year
Netherlands,2015,Innovation-Oriented Research Programs Funding,innovation_instruments,,,,,,,,gap: no matching rows in this year
Netherlands,2016,Innovation-Oriented Research Programs Funding,innovation_instruments,,,,,,,,gap: no matching rows in this year
Netherlands,2017,Innovation-Oriented Research Programs Funding,innovation_instruments,,,,,,,,gap: no matching rows in this year
Netherlands,2018,Innovation-Oriented Research Programs Funding,innovation_instruments,,,,,,,,gap: no matching rows in this year
Netherlands,2019,Innovation-Oriented Research Programs Funding,innovation_instruments,,,,,,,,gap: no matching rows in this year
Netherlands,2020,Innovation-Oriented Research Programs Funding,innovation_instruments,,,,,,,,gap: no matching rows in this year
Netherlands,2021,Innovation-Oriented Research Programs Funding,innovation_instruments,,,,,,,,gap: no matching rows in this year
Netherlands,2022,Innovation-Oriented Research Programs Funding,innovation_instruments,,,,,,,,gap: no matching rows in this year
Netherlands,2023,Innovation-Oriented Research Programs Funding,innovation_instruments,,,,,,,,gap: no matching rows in this year
Netherlands,2024,Innovation-Oriented Research Programs Funding,innovation_instruments,,,,,,,,gap: no matching rows in this year
Netherlands,2025,Innovation-Oriented Research Programs Funding,innovation_instruments,,,,,,,,gap: no matching rows in this year
Netherlands,1975,KNAW (Royal Netherlands Academy),science_agency,,,,,,,,gap: no matching rows in this year
Netherlands,1976,KNAW (Royal Netherlands Academy),science_agency,,,,,,,,gap: no matching rows in this year
Netherlands,1977,KNAW (Royal Netherlands Academy),science_agency,,,,,,,,gap: no matching rows in this year
Netherlands,1978,KNAW (Royal Netherlands Academy),science_agency,,,,,,,,gap: no matching rows in this year
Netherlands,1979,KNAW (Royal Netherlands Academy),science_agency,,,,,,,,gap: no matching rows in this year
Netherlands,1980,KNAW (Royal Netherlands Academy),science_agency,0.0,thousand,NLG,line_item,Royal Netherlands Academy of Arts and Sciences,1980 budget memorandum.pdf,46,
Netherlands,1981,KNAW (Royal Netherlands Academy),science_agency,,,,,,,,gap: no matching rows in this year
Netherlands,1982,KNAW (Royal Netherlands Academy),science_agency,,,,,,,,gap: no matching rows in this year
Netherlands,1983,KNAW (Royal Netherlands Academy),science_agency,,,,,,,,gap: no matching rows in this year
Netherlands,1984,KNAW (Royal Netherlands Academy),science_agency,200000000.0,thousand,NLG,line_item,Royal Netherlands Academy of Arts and Sciences (KNAW),1984 budget memorandum.pdf,157,
Netherlands,1985,KNAW (Royal Netherlands Academy),science_agency,,,,,,,,gap: no matching rows in this year
Netherlands,1986,KNAW (Royal Netherlands Academy),science_agency,,,,,,,,gap: no matching rows in this year
Netherlands,1987,KNAW (Royal Netherlands Academy),science_agency,,,,,,,,gap: no matching rows in this year
Netherlands,1988,KNAW (Royal Netherlands Academy),science_agency,,,,,,,,gap: no matching rows in this year
Netherlands,1989,KNAW (Royal Netherlands Academy),science_agency,397000000.0,thousand,NLG,line_item,"KNAW, NWO, the scientific libraries and other institutions",1989 budget memorandum.pdf,160,
Netherlands,1990,KNAW (Royal Netherlands Academy),science_agency,410000000.0,thousand,NLG,line_item,"KNAW, NOW, scientific libraries and other institutions",1990 budget memorandum.pdf,146,
Netherlands,1991,KNAW (Royal Netherlands Academy),science_agency,440000000.0,thousand,NLG,line_item,"KNAW, NOW, scientific libraries and other institutions",1991 budget memorandum.pdf,104,
Netherlands,1992,KNAW (Royal Netherlands Academy),science_agency,529000000.0,thousand,NLG,line_item,"KNAW, NWO, the scientific libraries and other institutions",1992 budget memorandum.pdf,111,
Netherlands,1993,KNAW (Royal Netherlands Academy),science_agency,,,,,,,,gap: no matching rows in this year
Netherlands,1994,KNAW (Royal Netherlands Academy),science_agency,,,,,,,,gap: no matching rows in this year
Netherlands,1995,KNAW (Royal Netherlands Academy),science_agency,,,,,,,,gap: no matching rows in this year
Netherlands,1996,KNAW (Royal Netherlands Academy),science_agency,0.0,thousand,NLG,line_item,Royal Netherlands Academy of Arts and Sciences (KNAW),1996 budget memorandum.pdf,108,
Netherlands,1997,KNAW (Royal Netherlands Academy),science_agency,,,,,,,,gap: no matching rows in this year
Netherlands,1998,KNAW (Royal Netherlands Academy),science_agency,,,,,,,,gap: no matching rows in this year
Netherlands,1999,KNAW (Royal Netherlands Academy),science_agency,150000000.0,thousand,NLG,line_item,Contribution to KNAW,1999 budget memorandum.pdf,202,
Netherlands,2000,KNAW (Royal Netherlands Academy),science_agency,,,,,,,,gap: no matching rows in this year
Netherlands,2001,KNAW (Royal Netherlands Academy),science_agency,,,,,,,,gap: no matching rows in this year
Netherlands,2002,KNAW (Royal Netherlands Academy),science_agency,,,,,,,,gap: no matching rows in this year
Netherlands,2003,KNAW (Royal Netherlands Academy),science_agency,,,,,,,,gap: no matching rows in this year
Netherlands,2004,KNAW (Royal Netherlands Academy),science_agency,,,,,,,,gap: no matching rows in this year
Netherlands,2005,KNAW (Royal Netherlands Academy),science_agency,,,,,,,,gap: no matching rows in this year
Netherlands,2006,KNAW (Royal Netherlands Academy),science_agency,,,,,,,,gap: no matching rows in this year
Netherlands,2007,KNAW (Royal Netherlands Academy),science_agency,,,,,,,,gap: no matching rows in this year
Netherlands,2008,KNAW (Royal Netherlands Academy),science_agency,,,,,,,,gap: no matching rows in this year
Netherlands,2009,KNAW (Royal Netherlands Academy),science_agency,,,,,,,,gap: no matching rows in this year
Netherlands,2010,KNAW (Royal Netherlands Academy),science_agency,,,,,,,,gap: no matching rows in this year
Netherlands,2011,KNAW (Royal Netherlands Academy),science_agency,,,,,,,,gap: no matching rows in this year
Netherlands,2012,KNAW (Royal Netherlands Academy),science_agency,,,,,,,,gap: no matching rows in this year
Netherlands,2013,KNAW (Royal Netherlands Academy),science_agency,,,,,,,,gap: no matching rows in this year
Netherlands,2014,KNAW (Royal Netherlands Academy),science_agency,,,,,,,,gap: no matching rows in this year
Netherlands,2015,KNAW (Royal Netherlands Academy),science_agency,,,,,,,,gap: no matching rows in this year
Netherlands,2016,KNAW (Royal Netherlands Academy),science_agency,,,,,,,,gap: no matching rows in this year
Netherlands,2017,KNAW (Royal Netherlands Academy),science_agency,,,,,,,,gap: no matching rows in this year
Netherlands,2018,KNAW (Royal Netherlands Academy),science_agency,,,,,,,,gap: no matching rows in this year
Netherlands,2019,KNAW (Royal Netherlands Academy),science_agency,,,,,,,,gap: no matching rows in this year
Netherlands,2020,KNAW (Royal Netherlands Academy),science_agency,,,,,,,,gap: no matching rows in this year
Netherlands,2021,KNAW (Royal Netherlands Academy),science_agency,,,,,,,,gap: no matching rows in this year
Netherlands,2022,KNAW (Royal Netherlands Academy),science_agency,,,,,,,,gap: no matching rows in this year
Netherlands,2023,KNAW (Royal Netherlands Academy),science_agency,,,,,,,,gap: no matching rows in this year
Netherlands,2024,KNAW (Royal Netherlands Academy),science_agency,,,,,,,,gap: no matching rows in this year
Netherlands,2025,KNAW (Royal Netherlands Academy),science_agency,,,,,,,,gap: no matching rows in this year
Netherlands,1975,KNMI (Royal Netherlands Meteorological Institute),science_agency,,,,,,,,gap: no matching rows in this year
Netherlands,1976,KNMI (Royal Netherlands Meteorological Institute),science_agency,,,,,,,,gap: no matching rows in this year
Netherlands,1977,KNMI (Royal Netherlands Meteorological Institute),science_agency,,,,,,,,gap: no matching rows in this year
Netherlands,1978,KNMI (Royal Netherlands Meteorological Institute),science_agency,,,,,,,,gap: no matching rows in this year
Netherlands,1979,KNMI (Royal Netherlands Meteorological Institute),science_agency,,,,,,,,gap: no matching rows in this year
Netherlands,1980,KNMI (Royal Netherlands Meteorological Institute),science_agency,,,,,,,,gap: no matching rows in this year
Netherlands,1981,KNMI (Royal Netherlands Meteorological Institute),science_agency,,,,,,,,gap: no matching rows in this year
Netherlands,1982,KNMI (Royal Netherlands Meteorological Institute),science_agency,,,,,,,,gap: no matching rows in this year
Netherlands,1983,KNMI (Royal Netherlands Meteorological Institute),science_agency,53000000.0,euro,EUR,program_total,Total budget for KNMI,1983 budget memorandum.pdf,125,
Netherlands,1984,KNMI (Royal Netherlands Meteorological Institute),science_agency,,,,,,,,gap: no matching rows in this year
Netherlands,1985,KNMI (Royal Netherlands Meteorological Institute),science_agency,,,,,,,,gap: no matching rows in this year
Netherlands,1986,KNMI (Royal Netherlands Meteorological Institute),science_agency,,,,,,,,gap: no matching rows in this year
Netherlands,1987,KNMI (Royal Netherlands Meteorological Institute),science_agency,26000000.0,euro,EUR,line_item,KNMI funding,1987 budget memorandum.pdf,103,
Netherlands,1988,KNMI (Royal Netherlands Meteorological Institute),science_agency,,,,,,,,gap: no matching rows in this year
Netherlands,1989,KNMI (Royal Netherlands Meteorological Institute),science_agency,,,,,,,,gap: no matching rows in this year
Netherlands,1990,KNMI (Royal Netherlands Meteorological Institute),science_agency,,,,,,,,gap: no matching rows in this year
Netherlands,1991,KNMI (Royal Netherlands Meteorological Institute),science_agency,,,,,,,,gap: no matching rows in this year
Netherlands,1992,KNMI (Royal Netherlands Meteorological Institute),science_agency,,,,,,,,gap: no matching rows in this year
Netherlands,1993,KNMI (Royal Netherlands Meteorological Institute),science_agency,,,,,,,,gap: no matching rows in this year
Netherlands,1994,KNMI (Royal Netherlands Meteorological Institute),science_agency,,,,,,,,gap: no matching rows in this year
Netherlands,1995,KNMI (Royal Netherlands Meteorological Institute),science_agency,,,,,,,,gap: no matching rows in this year
Netherlands,1996,KNMI (Royal Netherlands Meteorological Institute),science_agency,,,,,,,,gap: no matching rows in this year
Netherlands,1997,KNMI (Royal Netherlands Meteorological Institute),science_agency,,,,,,,,gap: no matching rows in this year
Netherlands,1998,KNMI (Royal Netherlands Meteorological Institute),science_agency,,,,,,,,gap: no matching rows in this year
Netherlands,1999,KNMI (Royal Netherlands Meteorological Institute),science_agency,,,,,,,,gap: no matching rows in this year
Netherlands,2000,KNMI (Royal Netherlands Meteorological Institute),science_agency,89300000.0,euro,EUR,program_total,Totale lasten,2000_ministry12.pdf,7,
Netherlands,2001,KNMI (Royal Netherlands Meteorological Institute),science_agency,20000.0,euro,EUR,line_item,Totale kapitaaluitgaven,2001_ministry12.pdf,8,
Netherlands,2002,KNMI (Royal Netherlands Meteorological Institute),science_agency,42015000.0,euro,EUR,line_item,Total expenses,2002_ministry12.pdf,5,
Netherlands,2003,KNMI (Royal Netherlands Meteorological Institute),science_agency,42165000.0,euro,EUR,line_item,Total capital expenditures,2003_ministry12.pdf,4,
Netherlands,2004,KNMI (Royal Netherlands Meteorological Institute),science_agency,41256000.0,euro,EUR,line_item,Totaal kapitaal-uitgaven,2004_ministry12.pdf,5,
Netherlands,2005,KNMI (Royal Netherlands Meteorological Institute),science_agency,40563000.0,euro,EUR,line_item,Total expenses,2005_ministry12.pdf,5,
Netherlands,2006,KNMI (Royal Netherlands Meteorological Institute),science_agency,43815000.0,euro,EUR,line_item,Total revenues,2006_ministry12.pdf,5,
Netherlands,2007,KNMI (Royal Netherlands Meteorological Institute),science_agency,44305000.0,euro,EUR,line_item,Total capital revenues,2007_ministry12.pdf,5,
Netherlands,2008,KNMI (Royal Netherlands Meteorological Institute),science_agency,44371000.0,euro,EUR,line_item,Total revenues,2008_ministry12.pdf,5,
Netherlands,2009,KNMI (Royal Netherlands Meteorological Institute),science_agency,45464000.0,euro,EUR,line_item,Total revenues,2009_ministry12.pdf,5,
Netherlands,2010,KNMI (Royal Netherlands Meteorological Institute),science_agency,,,,,,,,gap: no matching rows in this year
Netherlands,2011,KNMI (Royal Netherlands Meteorological Institute),science_agency,,,,,,,,gap: no matching rows in this year
Netherlands,2012,KNMI (Royal Netherlands Meteorological Institute),science_agency,58073000.0,euro,EUR,line_item,Total revenues,2012_ministry12.pdf,4,
Netherlands,2013,KNMI (Royal Netherlands Meteorological Institute),science_agency,65407000.0,euro,EUR,line_item,Total revenues,2013_ministry12.pdf,4,
Netherlands,2014,KNMI (Royal Netherlands Meteorological Institute),science_agency,56573000.0,euro,EUR,line_item,Operating expenses,2014_ministry12.pdf,4,
Netherlands,2015,KNMI (Royal Netherlands Meteorological Institute),science_agency,63993000.0,euro,EUR,line_item,Total capital expenditures,2015_ministry12.pdf,4,
Netherlands,2016,KNMI (Royal Netherlands Meteorological Institute),science_agency,4230000.0,euro,EUR,line_item,Totaal kapitaal-uitgaven,2016_ministry12.pdf,4,
Netherlands,2017,KNMI (Royal Netherlands Meteorological Institute),science_agency,70277000.0,euro,EUR,line_item,Total capital expenditures,2017_ministry12.pdf,4,
Netherlands,2018,KNMI (Royal Netherlands Meteorological Institute),science_agency,79312000.0,euro,EUR,line_item,Total capital expenditures,2018_ministry12.pdf,4,
Netherlands,2019,KNMI (Royal Netherlands Meteorological Institute),science_agency,83042000.0,euro,EUR,line_item,Totaal kapitaal-uitgaven,2019_ministry12.pdf,3,
Netherlands,2020,KNMI (Royal Netherlands Meteorological Institute),science_agency,88297000.0,euro,EUR,line_item,Total capital expenditures,2020_ministry12.pdf,3,
Netherlands,2021,KNMI (Royal Netherlands Meteorological Institute),science_agency,92075.0,euro,EUR,line_item,Operating expenses,2021_ministry12.pdf,3,
Netherlands,2022,KNMI (Royal Netherlands Meteorological Institute),science_agency,94761.0,euro,EUR,program_total,Total for KNMI,2022_ministry12.pdf,3,
Netherlands,2023,KNMI (Royal Netherlands Meteorological Institute),science_agency,100793000.0,euro,EUR,line_item,Operating Expenses,2023_ministry12.pdf,3,
Netherlands,2024,KNMI (Royal Netherlands Meteorological Institute),science_agency,,,,,,,,gap: no matching rows in this year
Netherlands,2025,KNMI (Royal Netherlands Meteorological Institute),science_agency,,,,,,,,gap: no matching rows in this year
Netherlands,1975,Knowledge Development and Innovation,innovation_instruments,,,,,,,,gap: no matching rows in this year
Netherlands,1976,Knowledge Development and Innovation,innovation_instruments,,,,,,,,gap: no matching rows in this year
Netherlands,1977,Knowledge Development and Innovation,innovation_instruments,,,,,,,,gap: no matching rows in this year
Netherlands,1978,Knowledge Development and Innovation,innovation_instruments,,,,,,,,gap: no matching rows in this year
Netherlands,1979,Knowledge Development and Innovation,innovation_instruments,,,,,,,,gap: no matching rows in this year
Netherlands,1980,Knowledge Development and Innovation,innovation_instruments,,,,,,,,gap: no matching rows in this year
Netherlands,1981,Knowledge Development and Innovation,innovation_instruments,,,,,,,,gap: no matching rows in this year
Netherlands,1982,Knowledge Development and Innovation,innovation_instruments,,,,,,,,gap: no matching rows in this year
Netherlands,1983,Knowledge Development and Innovation,innovation_instruments,,,,,,,,gap: no matching rows in this year
Netherlands,1984,Knowledge Development and Innovation,innovation_instruments,,,,,,,,gap: no matching rows in this year
Netherlands,1985,Knowledge Development and Innovation,innovation_instruments,,,,,,,,gap: no matching rows in this year
Netherlands,1986,Knowledge Development and Innovation,innovation_instruments,,,,,,,,gap: no matching rows in this year
Netherlands,1987,Knowledge Development and Innovation,innovation_instruments,,,,,,,,gap: no matching rows in this year
Netherlands,1988,Knowledge Development and Innovation,innovation_instruments,,,,,,,,gap: no matching rows in this year
Netherlands,1989,Knowledge Development and Innovation,innovation_instruments,,,,,,,,gap: no matching rows in this year
Netherlands,1990,Knowledge Development and Innovation,innovation_instruments,,,,,,,,gap: no matching rows in this year
Netherlands,1991,Knowledge Development and Innovation,innovation_instruments,,,,,,,,gap: no matching rows in this year
Netherlands,1992,Knowledge Development and Innovation,innovation_instruments,,,,,,,,gap: no matching rows in this year
Netherlands,1993,Knowledge Development and Innovation,innovation_instruments,,,,,,,,gap: no matching rows in this year
Netherlands,1994,Knowledge Development and Innovation,innovation_instruments,,,,,,,,gap: no matching rows in this year
Netherlands,1995,Knowledge Development and Innovation,innovation_instruments,,,,,,,,gap: no matching rows in this year
Netherlands,1996,Knowledge Development and Innovation,innovation_instruments,,,,,,,,gap: no matching rows in this year
Netherlands,1997,Knowledge Development and Innovation,innovation_instruments,,,,,,,,gap: no matching rows in this year
Netherlands,1998,Knowledge Development and Innovation,innovation_instruments,,,,,,,,gap: no matching rows in this year
Netherlands,1999,Knowledge Development and Innovation,innovation_instruments,,,,,,,,gap: no matching rows in this year
Netherlands,2000,Knowledge Development and Innovation,innovation_instruments,,,,,,,,gap: no matching rows in this year
Netherlands,2001,Knowledge Development and Innovation,innovation_instruments,,,,,,,,gap: no matching rows in this year
Netherlands,2002,Knowledge Development and Innovation,innovation_instruments,287142000.0,euro,EUR,program_total,07 Knowledge Development and Innovation,2002_ministry14.pdf,5,"This program focuses on knowledge development and innovation, indicating R&D relevance."
Netherlands,2003,Knowledge Development and Innovation,innovation_instruments,312455000.0,euro,EUR,program_total,Knowledge development and innovation,2003_ministry14.pdf,3,"This program focuses on knowledge development and innovation, indicating R&D relevance."
Netherlands,2004,Knowledge Development and Innovation,innovation_instruments,294770000.0,euro,EUR,program_total,Knowledge development and innovation,2004_ministry14.pdf,4,"This program focuses on knowledge development and innovation, indicating R&D relevance."
Netherlands,2005,Knowledge Development and Innovation,innovation_instruments,205997000.0,euro,EUR,program_total,Knowledge development and innovation,2005_ministry14.pdf,4,"This program focuses on knowledge development and innovation, indicating R&D relevance."
Netherlands,2006,Knowledge Development and Innovation,innovation_instruments,,,,,,,,gap: no matching rows in this year
Netherlands,2007,Knowledge Development and Innovation,innovation_instruments,,,,,,,,gap: no matching rows in this year
Netherlands,2008,Knowledge Development and Innovation,innovation_instruments,,,,,,,,gap: no matching rows in this year
Netherlands,2009,Knowledge Development and Innovation,innovation_instruments,,,,,,,,gap: no matching rows in this year
Netherlands,2010,Knowledge Development and Innovation,innovation_instruments,,,,,,,,gap: no matching rows in this year
Netherlands,2011,Knowledge Development and Innovation,innovation_instruments,,,,,,,,gap: no matching rows in this year
Netherlands,2012,Knowledge Development and Innovation,innovation_instruments,,,,,,,,gap: no matching rows in this year
Netherlands,2013,Knowledge Development and Innovation,innovation_instruments,,,,,,,,gap: no matching rows in this year
Netherlands,2014,Knowledge Development and Innovation,innovation_instruments,,,,,,,,gap: no matching rows in this year
Netherlands,2015,Knowledge Development and Innovation,innovation_instruments,,,,,,,,gap: no matching rows in this year
Netherlands,2016,Knowledge Development and Innovation,innovation_instruments,,,,,,,,gap: no matching rows in this year
Netherlands,2017,Knowledge Development and Innovation,innovation_instruments,,,,,,,,gap: no matching rows in this year
Netherlands,2018,Knowledge Development and Innovation,innovation_instruments,,,,,,,,gap: no matching rows in this year
Netherlands,2019,Knowledge Development and Innovation,innovation_instruments,,,,,,,,gap: no matching rows in this year
Netherlands,2020,Knowledge Development and Innovation,innovation_instruments,,,,,,,,gap: no matching rows in this year
Netherlands,2021,Knowledge Development and Innovation,innovation_instruments,,,,,,,,gap: no matching rows in this year
Netherlands,2022,Knowledge Development and Innovation,innovation_instruments,,,,,,,,gap: no matching rows in this year
Netherlands,2023,Knowledge Development and Innovation,innovation_instruments,,,,,,,,gap: no matching rows in this year
Netherlands,2024,Knowledge Development and Innovation,innovation_instruments,,,,,,,,gap: no matching rows in this year
Netherlands,2025,Knowledge Development and Innovation,innovation_instruments,,,,,,,,gap: no matching rows in this year
Netherlands,1975,Knowledge and Innovation,innovation_instruments,,,,,,,,gap: no matching rows in this year
Netherlands,1976,Knowledge and Innovation,innovation_instruments,,,,,,,,gap: no matching rows in this year
Netherlands,1977,Knowledge and Innovation,innovation_instruments,,,,,,,,gap: no matching rows in this year
Netherlands,1978,Knowledge and Innovation,innovation_instruments,,,,,,,,gap: no matching rows in this year
Netherlands,1979,Knowledge and Innovation,innovation_instruments,,,,,,,,gap: no matching rows in this year
Netherlands,1980,Knowledge and Innovation,innovation_instruments,0.0,thousand,NLG,section_total,Knowledge and innovation,1980 budget memorandum.pdf,44,"This entity focuses on fostering knowledge and innovation, relevant to R&D."
Netherlands,1981,Knowledge and Innovation,innovation_instruments,290000000.0,thousand,NLG,program_total,Knowledge and innovation,1981 budget memorandum.pdf,112,"This entity focuses on fostering knowledge and innovation, relevant to R&D."
Netherlands,1982,Knowledge and Innovation,innovation_instruments,,,,,,,,gap: no matching rows in this year
Netherlands,1983,Knowledge and Innovation,innovation_instruments,,,,,,,,gap: no matching rows in this year
Netherlands,1984,Knowledge and Innovation,innovation_instruments,,,,,,,,gap: no matching rows in this year
Netherlands,1985,Knowledge and Innovation,innovation_instruments,,,,,,,,gap: no matching rows in this year
Netherlands,1986,Knowledge and Innovation,innovation_instruments,,,,,,,,gap: no matching rows in this year
Netherlands,1987,Knowledge and Innovation,innovation_instruments,,,,,,,,gap: no matching rows in this year
Netherlands,1988,Knowledge and Innovation,innovation_instruments,0.0,thousand,NLG,section_total,Knowledge and innovation,1988 budget memorandum.pdf,128,"This entity focuses on fostering knowledge and innovation, relevant to R&D."
Netherlands,1989,Knowledge and Innovation,innovation_instruments,1000000000.0,thousand,NLG,program_total,Knowledge and Innovation,1989 budget memorandum.pdf,173,"This entity focuses on fostering knowledge and innovation, relevant to R&D."
Netherlands,1990,Knowledge and Innovation,innovation_instruments,,,,,,,,gap: no matching rows in this year
Netherlands,1991,Knowledge and Innovation,innovation_instruments,,,,,,,,gap: no matching rows in this year
Netherlands,1992,Knowledge and Innovation,innovation_instruments,300000000.0,thousand,NLG,section_total,Knowledge and innovation,1992 budget memorandum.pdf,286,"This entity focuses on fostering knowledge and innovation, relevant to R&D."
Netherlands,1993,Knowledge and Innovation,innovation_instruments,,,,,,,,gap: no matching rows in this year
Netherlands,1994,Knowledge and Innovation,innovation_instruments,,,,,,,,"This entity focuses on fostering knowledge and innovation, relevant to R&D."
Netherlands,1995,Knowledge and Innovation,innovation_instruments,,,,,,,,gap: no matching rows in this year
Netherlands,1996,Knowledge and Innovation,innovation_instruments,,,,,,,,gap: no matching rows in this year
Netherlands,1997,Knowledge and Innovation,innovation_instruments,,,,,,,,gap: no matching rows in this year
Netherlands,1998,Knowledge and Innovation,innovation_instruments,0.0,thousand,NLG,section_total,Total Knowledge and Innovation,1998 budget memorandum.pdf,94,"This entity focuses on fostering knowledge and innovation, relevant to R&D."
Netherlands,1999,Knowledge and Innovation,innovation_instruments,500000000.0,thousand,NLG,section_total,Total Knowledge and Innovation,1999 budget memorandum.pdf,206,"This entity focuses on fostering knowledge and innovation, relevant to R&D."
Netherlands,2000,Knowledge and Innovation,innovation_instruments,,,,,,,,gap: no matching rows in this year
Netherlands,2001,Knowledge and Innovation,innovation_instruments,,,,,,,,gap: no matching rows in this year
Netherlands,2002,Knowledge and Innovation,innovation_instruments,,,,,,,,gap: no matching rows in this year
Netherlands,2003,Knowledge and Innovation,innovation_instruments,,,,,,,,gap: no matching rows in this year
Netherlands,2004,Knowledge and Innovation,innovation_instruments,,,,,,,,gap: no matching rows in this year
Netherlands,2005,Knowledge and Innovation,innovation_instruments,,,,,,,,gap: no matching rows in this year
Netherlands,2006,Knowledge and Innovation,innovation_instruments,860593000.0,euro,EUR,program_total,Knowledge and innovation,2006_ministry14.pdf,4,"This entity focuses on fostering knowledge and innovation, relevant to R&D."
Netherlands,2007,Knowledge and Innovation,innovation_instruments,900204000.0,euro,EUR,program_total,Knowledge and innovation,2007_ministry14.pdf,4,"This entity focuses on fostering knowledge and innovation, relevant to R&D."
Netherlands,2008,Knowledge and Innovation,innovation_instruments,919908000.0,euro,EUR,program_total,Knowledge and innovation,2008_ministry14.pdf,4,"This entity focuses on fostering knowledge and innovation, relevant to R&D."
Netherlands,2009,Knowledge and Innovation,innovation_instruments,977197000.0,euro,EUR,program_total,Knowledge and innovation,2009_ministry14.pdf,7,"This entity focuses on fostering knowledge and innovation, relevant to R&D."
Netherlands,2010,Knowledge and Innovation,innovation_instruments,,,,,,,,gap: no matching rows in this year
Netherlands,2011,Knowledge and Innovation,innovation_instruments,,,,,,,,gap: no matching rows in this year
Netherlands,2012,Knowledge and Innovation,innovation_instruments,,,,,,,,gap: no matching rows in this year
Netherlands,2013,Knowledge and Innovation,innovation_instruments,,,,,,,,gap: no matching rows in this year
Netherlands,2014,Knowledge and Innovation,innovation_instruments,,,,,,,,gap: no matching rows in this year
Netherlands,2015,Knowledge and Innovation,innovation_instruments,,,,,,,,gap: no matching rows in this year
Netherlands,2016,Knowledge and Innovation,innovation_instruments,,,,,,,,gap: no matching rows in this year
Netherlands,2017,Knowledge and Innovation,innovation_instruments,,,,,,,,gap: no matching rows in this year
Netherlands,2018,Knowledge and Innovation,innovation_instruments,,,,,,,,gap: no matching rows in this year
Netherlands,2019,Knowledge and Innovation,innovation_instruments,,,,,,,,gap: no matching rows in this year
Netherlands,2020,Knowledge and Innovation,innovation_instruments,,,,,,,,gap: no matching rows in this year
Netherlands,2021,Knowledge and Innovation,innovation_instruments,230168000.0,euro,EUR,program_total,Knowledge and innovation,2021_ministry14.pdf,3,"This entity focuses on fostering knowledge and innovation, relevant to R&D."
Netherlands,2022,Knowledge and Innovation,innovation_instruments,244539000.0,euro,EUR,program_total,Knowledge and innovation,2022_ministry14.pdf,3,"This entity focuses on fostering knowledge and innovation, relevant to R&D."
Netherlands,2023,Knowledge and Innovation,innovation_instruments,263509000.0,euro,EUR,program_total,Knowledge and innovation,2023_ministry14.pdf,3,"This entity focuses on fostering knowledge and innovation, relevant to R&D."
Netherlands,2024,Knowledge and Innovation,innovation_instruments,379608000.0,euro,EUR,program_total,Knowledge and innovation,2024_ministry14.pdf,3,"This entity focuses on fostering knowledge and innovation, relevant to R&D."
Netherlands,2025,Knowledge and Innovation,innovation_instruments,407083000.0,euro,EUR,program_total,Knowledge and innovation,2025_ministry14.pdf,3,"This entity focuses on fostering knowledge and innovation, relevant to R&D."
Netherlands,1975,Micro-electronics Policy,innovation_instruments,,,,,,,,gap: no matching rows in this year
Netherlands,1976,Micro-electronics Policy,innovation_instruments,,,,,,,,gap: no matching rows in this year
Netherlands,1977,Micro-electronics Policy,innovation_instruments,,,,,,,,gap: no matching rows in this year
Netherlands,1978,Micro-electronics Policy,innovation_instruments,,,,,,,,gap: no matching rows in this year
Netherlands,1979,Micro-electronics Policy,innovation_instruments,,,,,,,,gap: no matching rows in this year
Netherlands,1980,Micro-electronics Policy,innovation_instruments,,,,,,,,gap: no matching rows in this year
Netherlands,1981,Micro-electronics Policy,innovation_instruments,10000000.0,thousand,NLG,line_item,Micro-electronics Policy,1981 budget memorandum.pdf,111,This policy is aimed at promoting R&D in the micro-electronics sector.
Netherlands,1982,Micro-electronics Policy,innovation_instruments,,,,,,,,gap: no matching rows in this year
Netherlands,1983,Micro-electronics Policy,innovation_instruments,,,,,,,,gap: no matching rows in this year
Netherlands,1984,Micro-electronics Policy,innovation_instruments,,,,,,,,gap: no matching rows in this year
Netherlands,1985,Micro-electronics Policy,innovation_instruments,,,,,,,,gap: no matching rows in this year
Netherlands,1986,Micro-electronics Policy,innovation_instruments,,,,,,,,gap: no matching rows in this year
Netherlands,1987,Micro-electronics Policy,innovation_instruments,,,,,,,,gap: no matching rows in this year
Netherlands,1988,Micro-electronics Policy,innovation_instruments,,,,,,,,gap: no matching rows in this year
Netherlands,1989,Micro-electronics Policy,innovation_instruments,,,,,,,,gap: no matching rows in this year
Netherlands,1990,Micro-electronics Policy,innovation_instruments,,,,,,,,gap: no matching rows in this year
Netherlands,1991,Micro-electronics Policy,innovation_instruments,,,,,,,,gap: no matching rows in this year
Netherlands,1992,Micro-electronics Policy,innovation_instruments,,,,,,,,gap: no matching rows in this year
Netherlands,1993,Micro-electronics Policy,innovation_instruments,,,,,,,,gap: no matching rows in this year
Netherlands,1994,Micro-electronics Policy,innovation_instruments,,,,,,,,gap: no matching rows in this year
Netherlands,1995,Micro-electronics Policy,innovation_instruments,,,,,,,,gap: no matching rows in this year
Netherlands,1996,Micro-electronics Policy,innovation_instruments,,,,,,,,gap: no matching rows in this year
Netherlands,1997,Micro-electronics Policy,innovation_instruments,,,,,,,,gap: no matching rows in this year
Netherlands,1998,Micro-electronics Policy,innovation_instruments,,,,,,,,gap: no matching rows in this year
Netherlands,1999,Micro-electronics Policy,innovation_instruments,,,,,,,,gap: no matching rows in this year
Netherlands,2000,Micro-electronics Policy,innovation_instruments,,,,,,,,gap: no matching rows in this year
Netherlands,2001,Micro-electronics Policy,innovation_instruments,,,,,,,,gap: no matching rows in this year
Netherlands,2002,Micro-electronics Policy,innovation_instruments,,,,,,,,gap: no matching rows in this year
Netherlands,2003,Micro-electronics Policy,innovation_instruments,,,,,,,,gap: no matching rows in this year
Netherlands,2004,Micro-electronics Policy,innovation_instruments,,,,,,,,gap: no matching rows in this year
Netherlands,2005,Micro-electronics Policy,innovation_instruments,,,,,,,,gap: no matching rows in this year
Netherlands,2006,Micro-electronics Policy,innovation_instruments,,,,,,,,gap: no matching rows in this year
Netherlands,2007,Micro-electronics Policy,innovation_instruments,,,,,,,,gap: no matching rows in this year
Netherlands,2008,Micro-electronics Policy,innovation_instruments,,,,,,,,gap: no matching rows in this year
Netherlands,2009,Micro-electronics Policy,innovation_instruments,,,,,,,,gap: no matching rows in this year
Netherlands,2010,Micro-electronics Policy,innovation_instruments,,,,,,,,gap: no matching rows in this year
Netherlands,2011,Micro-electronics Policy,innovation_instruments,,,,,,,,gap: no matching rows in this year
Netherlands,2012,Micro-electronics Policy,innovation_instruments,,,,,,,,gap: no matching rows in this year
Netherlands,2013,Micro-electronics Policy,innovation_instruments,,,,,,,,gap: no matching rows in this year
Netherlands,2014,Micro-electronics Policy,innovation_instruments,,,,,,,,gap: no matching rows in this year
Netherlands,2015,Micro-electronics Policy,innovation_instruments,,,,,,,,gap: no matching rows in this year
Netherlands,2016,Micro-electronics Policy,innovation_instruments,,,,,,,,gap: no matching rows in this year
Netherlands,2017,Micro-electronics Policy,innovation_instruments,,,,,,,,gap: no matching rows in this year
Netherlands,2018,Micro-electronics Policy,innovation_instruments,,,,,,,,gap: no matching rows in this year
Netherlands,2019,Micro-electronics Policy,innovation_instruments,,,,,,,,gap: no matching rows in this year
Netherlands,2020,Micro-electronics Policy,innovation_instruments,,,,,,,,gap: no matching rows in this year
Netherlands,2021,Micro-electronics Policy,innovation_instruments,,,,,,,,gap: no matching rows in this year
Netherlands,2022,Micro-electronics Policy,innovation_instruments,,,,,,,,gap: no matching rows in this year
Netherlands,2023,Micro-electronics Policy,innovation_instruments,,,,,,,,gap: no matching rows in this year
Netherlands,2024,Micro-electronics Policy,innovation_instruments,,,,,,,,gap: no matching rows in this year
Netherlands,2025,Micro-electronics Policy,innovation_instruments,,,,,,,,gap: no matching rows in this year
Netherlands,1975,NIOZ (Royal Netherlands Institute for Sea Research),science_agency,,,,,,,,gap: no matching rows in this year
Netherlands,1976,NIOZ (Royal Netherlands Institute for Sea Research),science_agency,,,,,,,,gap: no matching rows in this year
Netherlands,1977,NIOZ (Royal Netherlands Institute for Sea Research),science_agency,,,,,,,,gap: no matching rows in this year
Netherlands,1978,NIOZ (Royal Netherlands Institute for Sea Research),science_agency,,,,,,,,gap: no matching rows in this year
Netherlands,1979,NIOZ (Royal Netherlands Institute for Sea Research),science_agency,,,,,,,,gap: no matching rows in this year
Netherlands,1980,NIOZ (Royal Netherlands Institute for Sea Research),science_agency,,,,,,,,gap: no matching rows in this year
Netherlands,1981,NIOZ (Royal Netherlands Institute for Sea Research),science_agency,,,,,,,,gap: no matching rows in this year
Netherlands,1982,NIOZ (Royal Netherlands Institute for Sea Research),science_agency,,,,,,,,gap: no matching rows in this year
Netherlands,1983,NIOZ (Royal Netherlands Institute for Sea Research),science_agency,,,,,,,,gap: no matching rows in this year
Netherlands,1984,NIOZ (Royal Netherlands Institute for Sea Research),science_agency,,,,,,,,gap: no matching rows in this year
Netherlands,1985,NIOZ (Royal Netherlands Institute for Sea Research),science_agency,,,,,,,,gap: no matching rows in this year
Netherlands,1986,NIOZ (Royal Netherlands Institute for Sea Research),science_agency,,,,,,,,gap: no matching rows in this year
Netherlands,1987,NIOZ (Royal Netherlands Institute for Sea Research),science_agency,,,,,,,,gap: no matching rows in this year
Netherlands,1988,NIOZ (Royal Netherlands Institute for Sea Research),science_agency,,,,,,,,gap: no matching rows in this year
Netherlands,1989,NIOZ (Royal Netherlands Institute for Sea Research),science_agency,,,,,,,,gap: no matching rows in this year
Netherlands,1990,NIOZ (Royal Netherlands Institute for Sea Research),science_agency,,,,,,,,gap: no matching rows in this year
Netherlands,1991,NIOZ (Royal Netherlands Institute for Sea Research),science_agency,,,,,,,,gap: no matching rows in this year
Netherlands,1992,NIOZ (Royal Netherlands Institute for Sea Research),science_agency,,,,,,,,gap: no matching rows in this year
Netherlands,1993,NIOZ (Royal Netherlands Institute for Sea Research),science_agency,,,,,,,,gap: no matching rows in this year
Netherlands,1994,NIOZ (Royal Netherlands Institute for Sea Research),science_agency,,,,,,,,gap: no matching rows in this year
Netherlands,1995,NIOZ (Royal Netherlands Institute for Sea Research),science_agency,,,,,,,,gap: no matching rows in this year
Netherlands,1996,NIOZ (Royal Netherlands Institute for Sea Research),science_agency,,,,,,,,gap: no matching rows in this year
Netherlands,1997,NIOZ (Royal Netherlands Institute for Sea Research),science_agency,,,,,,,,gap: no matching rows in this year
Netherlands,1998,NIOZ (Royal Netherlands Institute for Sea Research),science_agency,,,,,,,,gap: no matching rows in this year
Netherlands,1999,NIOZ (Royal Netherlands Institute for Sea Research),science_agency,,,,,,,,gap: no matching rows in this year
Netherlands,2000,NIOZ (Royal Netherlands Institute for Sea Research),science_agency,,,,,,,,gap: no matching rows in this year
Netherlands,2001,NIOZ (Royal Netherlands Institute for Sea Research),science_agency,,,,,,,,gap: no matching rows in this year
Netherlands,2002,NIOZ (Royal Netherlands Institute for Sea Research),science_agency,,,,,,,,gap: no matching rows in this year
Netherlands,2003,NIOZ (Royal Netherlands Institute for Sea Research),science_agency,,,,,,,,gap: no matching rows in this year
Netherlands,2004,NIOZ (Royal Netherlands Institute for Sea Research),science_agency,,,,,,,,gap: no matching rows in this year
Netherlands,2005,NIOZ (Royal Netherlands Institute for Sea Research),science_agency,,,,,,,,gap: no matching rows in this year
Netherlands,2006,NIOZ (Royal Netherlands Institute for Sea Research),science_agency,,,,,,,,gap: no matching rows in this year
Netherlands,2007,NIOZ (Royal Netherlands Institute for Sea Research),science_agency,,,,,,,,gap: no matching rows in this year
Netherlands,2008,NIOZ (Royal Netherlands Institute for Sea Research),science_agency,,,,,,,,gap: no matching rows in this year
Netherlands,2009,NIOZ (Royal Netherlands Institute for Sea Research),science_agency,,,,,,,,gap: no matching rows in this year
Netherlands,2010,NIOZ (Royal Netherlands Institute for Sea Research),science_agency,,,,,,,,gap: no matching rows in this year
Netherlands,2011,NIOZ (Royal Netherlands Institute for Sea Research),science_agency,,,,,,,,gap: no matching rows in this year
Netherlands,2012,NIOZ (Royal Netherlands Institute for Sea Research),science_agency,,,,,,,,gap: no matching rows in this year
Netherlands,2013,NIOZ (Royal Netherlands Institute for Sea Research),science_agency,,,,,,,,gap: no matching rows in this year
Netherlands,2014,NIOZ (Royal Netherlands Institute for Sea Research),science_agency,,,,,,,,gap: no matching rows in this year
Netherlands,2015,NIOZ (Royal Netherlands Institute for Sea Research),science_agency,,,,,,,,gap: no matching rows in this year
Netherlands,2016,NIOZ (Royal Netherlands Institute for Sea Research),science_agency,,,,,,,,gap: no matching rows in this year
Netherlands,2017,NIOZ (Royal Netherlands Institute for Sea Research),science_agency,,,,,,,,gap: no matching rows in this year
Netherlands,2018,NIOZ (Royal Netherlands Institute for Sea Research),science_agency,,,,,,,,gap: no matching rows in this year
Netherlands,2019,NIOZ (Royal Netherlands Institute for Sea Research),science_agency,,,,,,,,gap: no matching rows in this year
Netherlands,2020,NIOZ (Royal Netherlands Institute for Sea Research),science_agency,,,,,,,,gap: no matching rows in this year
Netherlands,2021,NIOZ (Royal Netherlands Institute for Sea Research),science_agency,,,,,,,,gap: no matching rows in this year
Netherlands,2022,NIOZ (Royal Netherlands Institute for Sea Research),science_agency,,,,,,,,gap: no matching rows in this year
Netherlands,2023,NIOZ (Royal Netherlands Institute for Sea Research),science_agency,,,,,,,,gap: no matching rows in this year
Netherlands,2024,NIOZ (Royal Netherlands Institute for Sea Research),science_agency,,,,,,,,gap: no matching rows in this year
Netherlands,2025,NIOZ (Royal Netherlands Institute for Sea Research),science_agency,,,,,,,,gap: no matching rows in this year
Netherlands,1975,NWO (Dutch Research Council),science_agency,,,,,,,,gap: no matching rows in this year
Netherlands,1976,NWO (Dutch Research Council),science_agency,,,,,,,,gap: no matching rows in this year
Netherlands,1977,NWO (Dutch Research Council),science_agency,,,,,,,,gap: no matching rows in this year
Netherlands,1978,NWO (Dutch Research Council),science_agency,,,,,,,,gap: no matching rows in this year
Netherlands,1979,NWO (Dutch Research Council),science_agency,291000000.0,thousand,NLG,line_item,Subsidy from ZWO,1979 budget memorandum.pdf,62,
Netherlands,1980,NWO (Dutch Research Council),science_agency,0.0,thousand,NLG,line_item,Dutch Research Council,1980 budget memorandum.pdf,46,
Netherlands,1981,NWO (Dutch Research Council),science_agency,205000000.0,thousand,NLG,line_item,ZWO Funding,1981 budget memorandum.pdf,111,
Netherlands,1982,NWO (Dutch Research Council),science_agency,195000000.0,thousand,NLG,line_item,Dutch Research Council (ZWO),1982 budget memorandum.pdf,92,
Netherlands,1983,NWO (Dutch Research Council),science_agency,190000000.0,thousand,NLG,line_item,Z.W.O. is around 190 million available,1983 budget memorandum.pdf,130,
Netherlands,1984,NWO (Dutch Research Council),science_agency,300000000.0,thousand,NLG,line_item,Dutch Research Council (NWO),1984 budget memorandum.pdf,157,
Netherlands,1985,NWO (Dutch Research Council),science_agency,,,,,,,,gap: no matching rows in this year
Netherlands,1986,NWO (Dutch Research Council),science_agency,,,,,,,,gap: no matching rows in this year
Netherlands,1987,NWO (Dutch Research Council),science_agency,,,,,,,,gap: no matching rows in this year
Netherlands,1988,NWO (Dutch Research Council),science_agency,,,,,,,,gap: no matching rows in this year
Netherlands,1989,NWO (Dutch Research Council),science_agency,397000000.0,thousand,NLG,line_item,"KNAW, NWO, the scientific libraries and other institutions",1989 budget memorandum.pdf,160,
Netherlands,1990,NWO (Dutch Research Council),science_agency,,,,,,,,gap: no matching rows in this year
Netherlands,1991,NWO (Dutch Research Council),science_agency,,,,,,,,gap: no matching rows in this year
Netherlands,1992,NWO (Dutch Research Council),science_agency,529000000.0,thousand,NLG,line_item,"KNAW, NWO, the scientific libraries and other institutions",1992 budget memorandum.pdf,111,
Netherlands,1993,NWO (Dutch Research Council),science_agency,,,,,,,,gap: no matching rows in this year
Netherlands,1994,NWO (Dutch Research Council),science_agency,350000000.0,thousand,NLG,program_total,Dutch Research Council,1994 budget memorandum.pdf,28,
Netherlands,1995,NWO (Dutch Research Council),science_agency,,,,,,,,gap: no matching rows in this year
Netherlands,1996,NWO (Dutch Research Council),science_agency,0.0,thousand,NLG,line_item,Dutch Research Council (NWO),1996 budget memorandum.pdf,108,
Netherlands,1997,NWO (Dutch Research Council),science_agency,,,,,,,,gap: no matching rows in this year
Netherlands,1998,NWO (Dutch Research Council),science_agency,0.0,thousand,NLG,program_total,Dutch Research Council,1998 budget memorandum.pdf,94,
Netherlands,1999,NWO (Dutch Research Council),science_agency,300000000.0,thousand,NLG,line_item,Contribution to NWO,1999 budget memorandum.pdf,202,
Netherlands,2000,NWO (Dutch Research Council),science_agency,,,,,,,,gap: no matching rows in this year
Netherlands,2001,NWO (Dutch Research Council),science_agency,,,,,,,,gap: no matching rows in this year
Netherlands,2002,NWO (Dutch Research Council),science_agency,,,,,,,,gap: no matching rows in this year
Netherlands,2003,NWO (Dutch Research Council),science_agency,,,,,,,,gap: no matching rows in this year
Netherlands,2004,NWO (Dutch Research Council),science_agency,,,,,,,,gap: no matching rows in this year
Netherlands,2005,NWO (Dutch Research Council),science_agency,,,,,,,,gap: no matching rows in this year
Netherlands,2006,NWO (Dutch Research Council),science_agency,,,,,,,,gap: no matching rows in this year
Netherlands,2007,NWO (Dutch Research Council),science_agency,,,,,,,,gap: no matching rows in this year
Netherlands,2008,NWO (Dutch Research Council),science_agency,,,,,,,,gap: no matching rows in this year
Netherlands,2009,NWO (Dutch Research Council),science_agency,,,,,,,,gap: no matching rows in this year
Netherlands,2010,NWO (Dutch Research Council),science_agency,,,,,,,,gap: no matching rows in this year
Netherlands,2011,NWO (Dutch Research Council),science_agency,,,,,,,,gap: no matching rows in this year
Netherlands,2012,NWO (Dutch Research Council),science_agency,,,,,,,,gap: no matching rows in this year
Netherlands,2013,NWO (Dutch Research Council),science_agency,,,,,,,,gap: no matching rows in this year
Netherlands,2014,NWO (Dutch Research Council),science_agency,,,,,,,,gap: no matching rows in this year
Netherlands,2015,NWO (Dutch Research Council),science_agency,,,,,,,,gap: no matching rows in this year
Netherlands,2016,NWO (Dutch Research Council),science_agency,,,,,,,,gap: no matching rows in this year
Netherlands,2017,NWO (Dutch Research Council),science_agency,,,,,,,,gap: no matching rows in this year
Netherlands,2018,NWO (Dutch Research Council),science_agency,,,,,,,,gap: no matching rows in this year
Netherlands,2019,NWO (Dutch Research Council),science_agency,,,,,,,,gap: no matching rows in this year
Netherlands,2020,NWO (Dutch Research Council),science_agency,,,,,,,,gap: no matching rows in this year
Netherlands,2021,NWO (Dutch Research Council),science_agency,,,,,,,,gap: no matching rows in this year
Netherlands,2022,NWO (Dutch Research Council),science_agency,,,,,,,,gap: no matching rows in this year
Netherlands,2023,NWO (Dutch Research Council),science_agency,,,,,,,,gap: no matching rows in this year
Netherlands,2024,NWO (Dutch Research Council),science_agency,,,,,,,,gap: no matching rows in this year
Netherlands,2025,NWO (Dutch Research Council),science_agency,,,,,,,,gap: no matching rows in this year
Netherlands,1981,NWO-TTW / STW (Technology Foundation),science_agency,,,,,,,,gap: no matching rows in this year
Netherlands,1982,NWO-TTW / STW (Technology Foundation),science_agency,,,,,,,,gap: no matching rows in this year
Netherlands,1983,NWO-TTW / STW (Technology Foundation),science_agency,,,,,,,,gap: no matching rows in this year
Netherlands,1984,NWO-TTW / STW (Technology Foundation),science_agency,,,,,,,,gap: no matching rows in this year
Netherlands,1985,NWO-TTW / STW (Technology Foundation),science_agency,,,,,,,,gap: no matching rows in this year
Netherlands,1986,NWO-TTW / STW (Technology Foundation),science_agency,,,,,,,,gap: no matching rows in this year
Netherlands,1987,NWO-TTW / STW (Technology Foundation),science_agency,,,,,,,,gap: no matching rows in this year
Netherlands,1988,NWO-TTW / STW (Technology Foundation),science_agency,,,,,,,,gap: no matching rows in this year
Netherlands,1989,NWO-TTW / STW (Technology Foundation),science_agency,,,,,,,,gap: no matching rows in this year
Netherlands,1990,NWO-TTW / STW (Technology Foundation),science_agency,,,,,,,,gap: no matching rows in this year
Netherlands,1991,NWO-TTW / STW (Technology Foundation),science_agency,,,,,,,,gap: no matching rows in this year
Netherlands,1992,NWO-TTW / STW (Technology Foundation),science_agency,,,,,,,,gap: no matching rows in this year
Netherlands,1993,NWO-TTW / STW (Technology Foundation),science_agency,,,,,,,,gap: no matching rows in this year
Netherlands,1994,NWO-TTW / STW (Technology Foundation),science_agency,,,,,,,,gap: no matching rows in this year
Netherlands,1995,NWO-TTW / STW (Technology Foundation),science_agency,,,,,,,,gap: no matching rows in this year
Netherlands,1996,NWO-TTW / STW (Technology Foundation),science_agency,,,,,,,,gap: no matching rows in this year
Netherlands,1997,NWO-TTW / STW (Technology Foundation),science_agency,,,,,,,,gap: no matching rows in this year
Netherlands,1998,NWO-TTW / STW (Technology Foundation),science_agency,,,,,,,,gap: no matching rows in this year
Netherlands,1999,NWO-TTW / STW (Technology Foundation),science_agency,,,,,,,,gap: no matching rows in this year
Netherlands,2000,NWO-TTW / STW (Technology Foundation),science_agency,,,,,,,,gap: no matching rows in this year
Netherlands,2001,NWO-TTW / STW (Technology Foundation),science_agency,,,,,,,,gap: no matching rows in this year
Netherlands,2002,NWO-TTW / STW (Technology Foundation),science_agency,,,,,,,,gap: no matching rows in this year
Netherlands,2003,NWO-TTW / STW (Technology Foundation),science_agency,,,,,,,,gap: no matching rows in this year
Netherlands,2004,NWO-TTW / STW (Technology Foundation),science_agency,,,,,,,,gap: no matching rows in this year
Netherlands,2005,NWO-TTW / STW (Technology Foundation),science_agency,,,,,,,,gap: no matching rows in this year
Netherlands,2006,NWO-TTW / STW (Technology Foundation),science_agency,,,,,,,,gap: no matching rows in this year
Netherlands,2007,NWO-TTW / STW (Technology Foundation),science_agency,,,,,,,,gap: no matching rows in this year
Netherlands,2008,NWO-TTW / STW (Technology Foundation),science_agency,,,,,,,,gap: no matching rows in this year
Netherlands,2009,NWO-TTW / STW (Technology Foundation),science_agency,,,,,,,,gap: no matching rows in this year
Netherlands,2010,NWO-TTW / STW (Technology Foundation),science_agency,,,,,,,,gap: no matching rows in this year
Netherlands,2011,NWO-TTW / STW (Technology Foundation),science_agency,,,,,,,,gap: no matching rows in this year
Netherlands,2012,NWO-TTW / STW (Technology Foundation),science_agency,,,,,,,,gap: no matching rows in this year
Netherlands,2013,NWO-TTW / STW (Technology Foundation),science_agency,,,,,,,,gap: no matching rows in this year
Netherlands,2014,NWO-TTW / STW (Technology Foundation),science_agency,,,,,,,,gap: no matching rows in this year
Netherlands,2015,NWO-TTW / STW (Technology Foundation),science_agency,,,,,,,,gap: no matching rows in this year
Netherlands,2016,NWO-TTW / STW (Technology Foundation),science_agency,,,,,,,,gap: no matching rows in this year
Netherlands,2017,NWO-TTW / STW (Technology Foundation),science_agency,,,,,,,,gap: no matching rows in this year
Netherlands,1975,OCW Art. 07 Wetenschappelijk onderwijs (universities),higher_education,3660000000.0,thousand,NLG,line_item,Scientific education,1975 budget memorandum.pdf,92,OCW ministry article for university block grants. Use when individual lines unavailable.
Netherlands,1976,OCW Art. 07 Wetenschappelijk onderwijs (universities),higher_education,0.0,thousand,NLG,section_total,Total Scientific Education,1976 budget memorandum.pdf,48,OCW ministry article for university block grants. Use when individual lines unavailable.
Netherlands,1977,OCW Art. 07 Wetenschappelijk onderwijs (universities),higher_education,2979000000.0,thousand,NLG,line_item,Universities and colleges,1977 budget memorandum.pdf,79,OCW ministry article for university block grants. Use when individual lines unavailable.
Netherlands,1978,OCW Art. 07 Wetenschappelijk onderwijs (universities),higher_education,298000000.0,thousand,NLG,program_total,Investments in scientific education,1978 budget memorandum.pdf,192,OCW ministry article for university block grants. Use when individual lines unavailable.
Netherlands,1979,OCW Art. 07 Wetenschappelijk onderwijs (universities),higher_education,3300000000.0,thousand,NLG,line_item,Scientific education,1979 budget memorandum.pdf,62,OCW ministry article for university block grants. Use when individual lines unavailable.
Netherlands,1980,OCW Art. 07 Wetenschappelijk onderwijs (universities),higher_education,3500000000.0,thousand,NLG,section_total,Scientific education,1980 budget memorandum.pdf,46,OCW ministry article for university block grants. Use when individual lines unavailable.
Netherlands,1981,OCW Art. 07 Wetenschappelijk onderwijs (universities),higher_education,898000000.0,thousand,NLG,program_total,Investments in Scientific Education,1981 budget memorandum.pdf,111,OCW ministry article for university block grants. Use when individual lines unavailable.
Netherlands,1982,OCW Art. 07 Wetenschappelijk onderwijs (universities),higher_education,,,,,,,,gap: no matching rows in this year
Netherlands,1983,OCW Art. 07 Wetenschappelijk onderwijs (universities),higher_education,,,,,,,,gap: no matching rows in this year
Netherlands,1984,OCW Art. 07 Wetenschappelijk onderwijs (universities),higher_education,1000000000.0,thousand,NLG,program_total,Scientific education,1984 budget memorandum.pdf,157,OCW ministry article for university block grants. Use when individual lines unavailable.
Netherlands,1985,OCW Art. 07 Wetenschappelijk onderwijs (universities),higher_education,,,,,,,,gap: no matching rows in this year
Netherlands,1986,OCW Art. 07 Wetenschappelijk onderwijs (universities),higher_education,4900000000.0,thousand,NLG,line_item,Expenditures for scientific education and research,1986 budget memorandum.pdf,95,OCW ministry article for university block grants. Use when individual lines unavailable.
Netherlands,1987,OCW Art. 07 Wetenschappelijk onderwijs (universities),higher_education,5100000000.0,thousand,NLG,line_item,"For scientific education and research, including academic hospitals, 5.1 billion is available.",1987 budget memorandum.pdf,101,OCW ministry article for university block grants. Use when individual lines unavailable.
Netherlands,1988,OCW Art. 07 Wetenschappelijk onderwijs (universities),higher_education,,,,,,,,gap: no matching rows in this year
Netherlands,1989,OCW Art. 07 Wetenschappelijk onderwijs (universities),higher_education,348000000.0,thousand,NLG,section_total,Scientific education,1989 budget memorandum.pdf,358,OCW ministry article for university block grants. Use when individual lines unavailable.
Netherlands,1990,OCW Art. 07 Wetenschappelijk onderwijs (universities),higher_education,,,,,,,,gap: no matching rows in this year
Netherlands,1991,OCW Art. 07 Wetenschappelijk onderwijs (universities),higher_education,3135000000.0,thousand,NLG,line_item,Universities,1991 budget memorandum.pdf,103,OCW ministry article for university block grants. Use when individual lines unavailable.
Netherlands,1992,OCW Art. 07 Wetenschappelijk onderwijs (universities),higher_education,4570000000.0,thousand,NLG,section_total,Total Scientific Education,1992 budget memorandum.pdf,111,OCW ministry article for university block grants. Use when individual lines unavailable.
Netherlands,1993,OCW Art. 07 Wetenschappelijk onderwijs (universities),higher_education,4863000000.0,thousand,NLG,section_total,"Universities, academic hospitals and other expenditures for higher education and scientific research",1993 budget memorandum.pdf,185,OCW ministry article for university block grants. Use when individual lines unavailable.
Netherlands,1994,OCW Art. 07 Wetenschappelijk onderwijs (universities),higher_education,4793000000.0,thousand,NLG,section_total,Scientific education,1994 budget memorandum.pdf,131,OCW ministry article for university block grants. Use when individual lines unavailable.
Netherlands,1995,OCW Art. 07 Wetenschappelijk onderwijs (universities),higher_education,4808000000.0,thousand,NLG,program_total,Scientific Education,1995 budget memorandum.pdf,108,OCW ministry article for university block grants. Use when individual lines unavailable.
Netherlands,1996,OCW Art. 07 Wetenschappelijk onderwijs (universities),higher_education,,,,,,,,gap: no matching rows in this year
Netherlands,1997,OCW Art. 07 Wetenschappelijk onderwijs (universities),higher_education,,,,,,,,gap: no matching rows in this year
Netherlands,1998,OCW Art. 07 Wetenschappelijk onderwijs (universities),higher_education,0.0,thousand,NLG,section_total,Total Scientific Education,1998 budget memorandum.pdf,94,OCW ministry article for university block grants. Use when individual lines unavailable.
Netherlands,1999,OCW Art. 07 Wetenschappelijk onderwijs (universities),higher_education,1230000000.0,thousand,NLG,section_total,Total Scientific Education,1999 budget memorandum.pdf,202,OCW ministry article for university block grants. Use when individual lines unavailable.
Netherlands,2000,OCW Art. 07 Wetenschappelijk onderwijs (universities),higher_education,5707000000.0,thousand,NLG,program_total,Scientific education,2000_ministry8.pdf,3,OCW ministry article for university block grants. Use when individual lines unavailable.
Netherlands,2001,OCW Art. 07 Wetenschappelijk onderwijs (universities),higher_education,,,,,,,,gap: no matching rows in this year
Netherlands,2002,OCW Art. 07 Wetenschappelijk onderwijs (universities),higher_education,,,,,,,,gap: no matching rows in this year
Netherlands,2003,OCW Art. 07 Wetenschappelijk onderwijs (universities),higher_education,,,,,,,,gap: no matching rows in this year
Netherlands,2004,OCW Art. 07 Wetenschappelijk onderwijs (universities),higher_education,3179446000.0,euro,EUR,program_total,Scientific education,2004_ministry8.pdf,7,OCW ministry article for university block grants. Use when individual lines unavailable.
Netherlands,2005,OCW Art. 07 Wetenschappelijk onderwijs (universities),higher_education,3255926000.0,euro,EUR,program_total,Scientific education,2005_ministry8.pdf,4,OCW ministry article for university block grants. Use when individual lines unavailable.
Netherlands,2006,OCW Art. 07 Wetenschappelijk onderwijs (universities),higher_education,,,,,,,,gap: no matching rows in this year
Netherlands,2007,OCW Art. 07 Wetenschappelijk onderwijs (universities),higher_education,3467043000.0,euro,EUR,program_total,Scientific Education,2007_ministry8.pdf,4,OCW ministry article for university block grants. Use when individual lines unavailable.
Netherlands,2008,OCW Art. 07 Wetenschappelijk onderwijs (universities),higher_education,,,,,,,,gap: no matching rows in this year
Netherlands,2009,OCW Art. 07 Wetenschappelijk onderwijs (universities),higher_education,3664366000.0,euro,EUR,program_total,Scientific education,2009_ministry8.pdf,7,OCW ministry article for university block grants. Use when individual lines unavailable.
Netherlands,2010,OCW Art. 07 Wetenschappelijk onderwijs (universities),higher_education,3809083000.0,euro,EUR,program_total,Scientific education,2010_ministry8.pdf,4,OCW ministry article for university block grants. Use when individual lines unavailable.
Netherlands,2011,OCW Art. 07 Wetenschappelijk onderwijs (universities),higher_education,3915245000.0,euro,EUR,line_item,Scientific education,2011_ministry8.pdf,5,OCW ministry article for university block grants. Use when individual lines unavailable.
Netherlands,2012,OCW Art. 07 Wetenschappelijk onderwijs (universities),higher_education,,,,,,,,gap: no matching rows in this year
Netherlands,2013,OCW Art. 07 Wetenschappelijk onderwijs (universities),higher_education,,,,,,,,gap: no matching rows in this year
Netherlands,2014,OCW Art. 07 Wetenschappelijk onderwijs (universities),higher_education,4033802000.0,euro,EUR,program_total,Scientific education,2014_ministry8.pdf,3,OCW ministry article for university block grants. Use when individual lines unavailable.
Netherlands,2015,OCW Art. 07 Wetenschappelijk onderwijs (universities),higher_education,4145632000.0,euro,EUR,program_total,Scientific education,2015_ministry8.pdf,3,OCW ministry article for university block grants. Use when individual lines unavailable.
Netherlands,2016,OCW Art. 07 Wetenschappelijk onderwijs (universities),higher_education,4160209.0,euro,EUR,program_total,Scientific education,2016_ministry8.pdf,3,OCW ministry article for university block grants. Use when individual lines unavailable.
Netherlands,2017,OCW Art. 07 Wetenschappelijk onderwijs (universities),higher_education,4310149000.0,euro,EUR,program_total,Scientific education,2017_ministry8.pdf,3,OCW ministry article for university block grants. Use when individual lines unavailable.
Netherlands,2018,OCW Art. 07 Wetenschappelijk onderwijs (universities),higher_education,4483810.0,euro,EUR,program_total,Scientific education,2018_ministry8.pdf,3,OCW ministry article for university block grants. Use when individual lines unavailable.
Netherlands,2019,OCW Art. 07 Wetenschappelijk onderwijs (universities),higher_education,4898729000.0,euro,EUR,program_total,Scientific education,2019_ministry8.pdf,3,OCW ministry article for university block grants. Use when individual lines unavailable.
Netherlands,2020,OCW Art. 07 Wetenschappelijk onderwijs (universities),higher_education,5202998000.0,euro,EUR,line_item,Scientific education,2020_ministry8.pdf,5,OCW ministry article for university block grants. Use when individual lines unavailable.
Netherlands,2021,OCW Art. 07 Wetenschappelijk onderwijs (universities),higher_education,,,,,,,,gap: no matching rows in this year
Netherlands,2022,OCW Art. 07 Wetenschappelijk onderwijs (universities),higher_education,,,,,,,,gap: no matching rows in this year
Netherlands,2023,OCW Art. 07 Wetenschappelijk onderwijs (universities),higher_education,,,,,,,,gap: no matching rows in this year
Netherlands,2024,OCW Art. 07 Wetenschappelijk onderwijs (universities),higher_education,,,,,,,,gap: no matching rows in this year
Netherlands,2025,OCW Art. 07 Wetenschappelijk onderwijs (universities),higher_education,,,,,,,,gap: no matching rows in this year
Netherlands,2002,OCW Art. 16 Onderzoek en wetenschapsbeleid,science_agency,,,,,,,,gap: no matching rows in this year
Netherlands,2003,OCW Art. 16 Onderzoek en wetenschapsbeleid,science_agency,,,,,,,,gap: no matching rows in this year
Netherlands,2004,OCW Art. 16 Onderzoek en wetenschapsbeleid,science_agency,,,,,,,,gap: no matching rows in this year
Netherlands,2005,OCW Art. 16 Onderzoek en wetenschapsbeleid,science_agency,,,,,,,,gap: no matching rows in this year
Netherlands,2006,OCW Art. 16 Onderzoek en wetenschapsbeleid,science_agency,,,,,,,,gap: no matching rows in this year
Netherlands,2007,OCW Art. 16 Onderzoek en wetenschapsbeleid,science_agency,,,,,,,,gap: no matching rows in this year
Netherlands,2008,OCW Art. 16 Onderzoek en wetenschapsbeleid,science_agency,,,,,,,,gap: no matching rows in this year
Netherlands,2009,OCW Art. 16 Onderzoek en wetenschapsbeleid,science_agency,,,,,,,,gap: no matching rows in this year
Netherlands,2010,OCW Art. 16 Onderzoek en wetenschapsbeleid,science_agency,1239302000.0,euro,EUR,program_total,Research and science policy,2010_ministry8.pdf,4,"Contains NWO, KNAW, SURF appropriations as a combined article total."
Netherlands,2011,OCW Art. 16 Onderzoek en wetenschapsbeleid,science_agency,1060781000.0,euro,EUR,program_total,Research and science policy,2011_ministry8.pdf,5,"Contains NWO, KNAW, SURF appropriations as a combined article total."
Netherlands,2012,OCW Art. 16 Onderzoek en wetenschapsbeleid,science_agency,894029000.0,euro,EUR,program_total,Research and science policy,2012_ministry8.pdf,3,"Contains NWO, KNAW, SURF appropriations as a combined article total."
Netherlands,2013,OCW Art. 16 Onderzoek en wetenschapsbeleid,science_agency,885520000.0,euro,EUR,program_total,Research and science policy,2013_ministry8.pdf,3,"Contains NWO, KNAW, SURF appropriations as a combined article total."
Netherlands,2014,OCW Art. 16 Onderzoek en wetenschapsbeleid,science_agency,895771000.0,euro,EUR,program_total,Research and science policy,2014_ministry8.pdf,3,"Contains NWO, KNAW, SURF appropriations as a combined article total."
Netherlands,2015,OCW Art. 16 Onderzoek en wetenschapsbeleid,science_agency,973046000.0,euro,EUR,program_total,Research and science policy,2015_ministry8.pdf,3,"Contains NWO, KNAW, SURF appropriations as a combined article total."
Netherlands,2016,OCW Art. 16 Onderzoek en wetenschapsbeleid,science_agency,953579.0,euro,EUR,program_total,Research and science policy,2016_ministry8.pdf,3,"Contains NWO, KNAW, SURF appropriations as a combined article total."
Netherlands,2017,OCW Art. 16 Onderzoek en wetenschapsbeleid,science_agency,950780000.0,euro,EUR,program_total,Research and science policy,2017_ministry8.pdf,3,"Contains NWO, KNAW, SURF appropriations as a combined article total."
Netherlands,2018,OCW Art. 16 Onderzoek en wetenschapsbeleid,science_agency,1009038.0,euro,EUR,program_total,Research and science policy,2018_ministry8.pdf,3,"Contains NWO, KNAW, SURF appropriations as a combined article total."
Netherlands,2019,OCW Art. 16 Onderzoek en wetenschapsbeleid,science_agency,1228371000.0,euro,EUR,program_total,Research and science policy,2019_ministry8.pdf,3,"Contains NWO, KNAW, SURF appropriations as a combined article total."
Netherlands,2020,OCW Art. 16 Onderzoek en wetenschapsbeleid,science_agency,1172446000.0,euro,EUR,program_total,Research and science policy,2020_ministry8.pdf,5,"Contains NWO, KNAW, SURF appropriations as a combined article total."
Netherlands,2021,OCW Art. 16 Onderzoek en wetenschapsbeleid,science_agency,1134046000.0,euro,EUR,program_total,Research and science policy,2021_ministry8.pdf,3,"Contains NWO, KNAW, SURF appropriations as a combined article total."
Netherlands,2022,OCW Art. 16 Onderzoek en wetenschapsbeleid,science_agency,1236172.0,euro,EUR,program_total,Research and science policy,2022_ministry8.pdf,3,"Contains NWO, KNAW, SURF appropriations as a combined article total."
Netherlands,2023,OCW Art. 16 Onderzoek en wetenschapsbeleid,science_agency,1608827.0,euro,EUR,program_total,Research and science policy,2023_ministry8.pdf,3,"Contains NWO, KNAW, SURF appropriations as a combined article total."
Netherlands,2024,OCW Art. 16 Onderzoek en wetenschapsbeleid,science_agency,1683746.0,euro,EUR,program_total,Research and science policy,2024_ministry8.pdf,3,"Contains NWO, KNAW, SURF appropriations as a combined article total."
Netherlands,2025,OCW Art. 16 Onderzoek en wetenschapsbeleid,science_agency,1670345.0,euro,EUR,program_total,Research and science policy,2025_ministry8.pdf,3,"Contains NWO, KNAW, SURF appropriations as a combined article total."
Netherlands,1975,Practical Research,direct_rd,,,,,,,,gap: no matching rows in this year
Netherlands,1976,Practical Research,direct_rd,,,,,,,,gap: no matching rows in this year
Netherlands,1977,Practical Research,direct_rd,,,,,,,,gap: no matching rows in this year
Netherlands,1978,Practical Research,direct_rd,,,,,,,,gap: no matching rows in this year
Netherlands,1979,Practical Research,direct_rd,,,,,,,,gap: no matching rows in this year
Netherlands,1980,Practical Research,direct_rd,,,,,,,,gap: no matching rows in this year
Netherlands,1981,Practical Research,direct_rd,,,,,,,,gap: no matching rows in this year
Netherlands,1982,Practical Research,direct_rd,,,,,,,,gap: no matching rows in this year
Netherlands,1983,Practical Research,direct_rd,,,,,,,,gap: no matching rows in this year
Netherlands,1984,Practical Research,direct_rd,,,,,,,,gap: no matching rows in this year
Netherlands,1985,Practical Research,direct_rd,,,,,,,,gap: no matching rows in this year
Netherlands,1986,Practical Research,direct_rd,,,,,,,,gap: no matching rows in this year
Netherlands,1987,Practical Research,direct_rd,320000000.0,thousand,NLG,line_item,"For scientific research and practical research, 320 million is allocated in the 1987 budget.",1987 budget memorandum.pdf,104,"This entity focuses on practical research, which is relevant for R&D."
Netherlands,1988,Practical Research,direct_rd,60000000.0,thousand,NLG,program_total,Practical research,1988 budget memorandum.pdf,131,"This entity focuses on practical research, which is relevant for R&D."
Netherlands,1989,Practical Research,direct_rd,21000000.0,thousand,NLG,line_item,Practical research,1989 budget memorandum.pdf,358,"This entity focuses on practical research, which is relevant for R&D."
Netherlands,1990,Practical Research,direct_rd,,,,,,,,gap: no matching rows in this year
Netherlands,1991,Practical Research,direct_rd,,,,,,,,gap: no matching rows in this year
Netherlands,1992,Practical Research,direct_rd,,,,,,,,gap: no matching rows in this year
Netherlands,1993,Practical Research,direct_rd,18000000.0,thousand,NLG,line_item,Practical research,1993 budget memorandum.pdf,202,"This entity focuses on practical research, which is relevant for R&D."
Netherlands,1994,Practical Research,direct_rd,5000000.0,thousand,NLG,line_item,Practical Research,1994 budget memorandum.pdf,151,"This entity focuses on practical research, which is relevant for R&D."
Netherlands,1995,Practical Research,direct_rd,,,,,,,,gap: no matching rows in this year
Netherlands,1996,Practical Research,direct_rd,,,,,,,,gap: no matching rows in this year
Netherlands,1997,Practical Research,direct_rd,,,,,,,,gap: no matching rows in this year
Netherlands,1998,Practical Research,direct_rd,,,,,,,,gap: no matching rows in this year
Netherlands,1999,Practical Research,direct_rd,,,,,,,,gap: no matching rows in this year
Netherlands,2000,Practical Research,direct_rd,,,,,,,,gap: no matching rows in this year
Netherlands,2001,Practical Research,direct_rd,,,,,,,,"This entity focuses on practical research, which is relevant for R&D."
Netherlands,2002,Practical Research,direct_rd,,,,,,,,gap: no matching rows in this year
Netherlands,2003,Practical Research,direct_rd,,,,,,,,gap: no matching rows in this year
Netherlands,2004,Practical Research,direct_rd,,,,,,,,gap: no matching rows in this year
Netherlands,2005,Practical Research,direct_rd,,,,,,,,gap: no matching rows in this year
Netherlands,2006,Practical Research,direct_rd,,,,,,,,gap: no matching rows in this year
Netherlands,2007,Practical Research,direct_rd,,,,,,,,gap: no matching rows in this year
Netherlands,2008,Practical Research,direct_rd,,,,,,,,gap: no matching rows in this year
Netherlands,2009,Practical Research,direct_rd,,,,,,,,gap: no matching rows in this year
Netherlands,2010,Practical Research,direct_rd,,,,,,,,gap: no matching rows in this year
Netherlands,2011,Practical Research,direct_rd,,,,,,,,gap: no matching rows in this year
Netherlands,2012,Practical Research,direct_rd,,,,,,,,gap: no matching rows in this year
Netherlands,2013,Practical Research,direct_rd,,,,,,,,gap: no matching rows in this year
Netherlands,2014,Practical Research,direct_rd,,,,,,,,gap: no matching rows in this year
Netherlands,2015,Practical Research,direct_rd,,,,,,,,gap: no matching rows in this year
Netherlands,2016,Practical Research,direct_rd,,,,,,,,gap: no matching rows in this year
Netherlands,2017,Practical Research,direct_rd,,,,,,,,gap: no matching rows in this year
Netherlands,2018,Practical Research,direct_rd,,,,,,,,gap: no matching rows in this year
Netherlands,2019,Practical Research,direct_rd,,,,,,,,gap: no matching rows in this year
Netherlands,2020,Practical Research,direct_rd,,,,,,,,gap: no matching rows in this year
Netherlands,2021,Practical Research,direct_rd,,,,,,,,gap: no matching rows in this year
Netherlands,2022,Practical Research,direct_rd,,,,,,,,gap: no matching rows in this year
Netherlands,2023,Practical Research,direct_rd,,,,,,,,gap: no matching rows in this year
Netherlands,2024,Practical Research,direct_rd,,,,,,,,gap: no matching rows in this year
Netherlands,2025,Practical Research,direct_rd,,,,,,,,gap: no matching rows in this year
Netherlands,1975,R&D Wage Tax Facility,direct_rd,,,,,,,,gap: no matching rows in this year
Netherlands,1976,R&D Wage Tax Facility,direct_rd,,,,,,,,gap: no matching rows in this year
Netherlands,1977,R&D Wage Tax Facility,direct_rd,,,,,,,,gap: no matching rows in this year
Netherlands,1978,R&D Wage Tax Facility,direct_rd,,,,,,,,gap: no matching rows in this year
Netherlands,1979,R&D Wage Tax Facility,direct_rd,,,,,,,,gap: no matching rows in this year
Netherlands,1980,R&D Wage Tax Facility,direct_rd,,,,,,,,gap: no matching rows in this year
Netherlands,1981,R&D Wage Tax Facility,direct_rd,,,,,,,,gap: no matching rows in this year
Netherlands,1982,R&D Wage Tax Facility,direct_rd,,,,,,,,gap: no matching rows in this year
Netherlands,1983,R&D Wage Tax Facility,direct_rd,,,,,,,,gap: no matching rows in this year
Netherlands,1984,R&D Wage Tax Facility,direct_rd,,,,,,,,gap: no matching rows in this year
Netherlands,1985,R&D Wage Tax Facility,direct_rd,,,,,,,,gap: no matching rows in this year
Netherlands,1986,R&D Wage Tax Facility,direct_rd,,,,,,,,gap: no matching rows in this year
Netherlands,1987,R&D Wage Tax Facility,direct_rd,,,,,,,,gap: no matching rows in this year
Netherlands,1988,R&D Wage Tax Facility,direct_rd,,,,,,,,gap: no matching rows in this year
Netherlands,1989,R&D Wage Tax Facility,direct_rd,,,,,,,,gap: no matching rows in this year
Netherlands,1990,R&D Wage Tax Facility,direct_rd,,,,,,,,gap: no matching rows in this year
Netherlands,1991,R&D Wage Tax Facility,direct_rd,,,,,,,,gap: no matching rows in this year
Netherlands,1992,R&D Wage Tax Facility,direct_rd,,,,,,,,gap: no matching rows in this year
Netherlands,1993,R&D Wage Tax Facility,direct_rd,,,,,,,,gap: no matching rows in this year
Netherlands,1994,R&D Wage Tax Facility,direct_rd,210000000.0,thousand,NLG,line_item,R&D wage tax facility,1994 budget memorandum.pdf,53,This entity provides tax incentives for R&D wage costs.
Netherlands,1995,R&D Wage Tax Facility,direct_rd,,,,,,,,gap: no matching rows in this year
Netherlands,1996,R&D Wage Tax Facility,direct_rd,,,,,,,,gap: no matching rows in this year
Netherlands,1997,R&D Wage Tax Facility,direct_rd,,,,,,,,gap: no matching rows in this year
Netherlands,1998,R&D Wage Tax Facility,direct_rd,,,,,,,,gap: no matching rows in this year
Netherlands,1999,R&D Wage Tax Facility,direct_rd,,,,,,,,gap: no matching rows in this year
Netherlands,2000,R&D Wage Tax Facility,direct_rd,,,,,,,,gap: no matching rows in this year
Netherlands,2001,R&D Wage Tax Facility,direct_rd,,,,,,,,gap: no matching rows in this year
Netherlands,2002,R&D Wage Tax Facility,direct_rd,,,,,,,,gap: no matching rows in this year
Netherlands,2003,R&D Wage Tax Facility,direct_rd,,,,,,,,gap: no matching rows in this year
Netherlands,2004,R&D Wage Tax Facility,direct_rd,,,,,,,,gap: no matching rows in this year
Netherlands,2005,R&D Wage Tax Facility,direct_rd,,,,,,,,gap: no matching rows in this year
Netherlands,2006,R&D Wage Tax Facility,direct_rd,,,,,,,,gap: no matching rows in this year
Netherlands,2007,R&D Wage Tax Facility,direct_rd,,,,,,,,gap: no matching rows in this year
Netherlands,2008,R&D Wage Tax Facility,direct_rd,,,,,,,,gap: no matching rows in this year
Netherlands,2009,R&D Wage Tax Facility,direct_rd,,,,,,,,gap: no matching rows in this year
Netherlands,2010,R&D Wage Tax Facility,direct_rd,,,,,,,,gap: no matching rows in this year
Netherlands,2011,R&D Wage Tax Facility,direct_rd,,,,,,,,gap: no matching rows in this year
Netherlands,2012,R&D Wage Tax Facility,direct_rd,,,,,,,,gap: no matching rows in this year
Netherlands,2013,R&D Wage Tax Facility,direct_rd,,,,,,,,gap: no matching rows in this year
Netherlands,2014,R&D Wage Tax Facility,direct_rd,,,,,,,,gap: no matching rows in this year
Netherlands,2015,R&D Wage Tax Facility,direct_rd,,,,,,,,gap: no matching rows in this year
Netherlands,2016,R&D Wage Tax Facility,direct_rd,,,,,,,,gap: no matching rows in this year
Netherlands,2017,R&D Wage Tax Facility,direct_rd,,,,,,,,gap: no matching rows in this year
Netherlands,2018,R&D Wage Tax Facility,direct_rd,,,,,,,,gap: no matching rows in this year
Netherlands,2019,R&D Wage Tax Facility,direct_rd,,,,,,,,gap: no matching rows in this year
Netherlands,2020,R&D Wage Tax Facility,direct_rd,,,,,,,,gap: no matching rows in this year
Netherlands,2021,R&D Wage Tax Facility,direct_rd,,,,,,,,gap: no matching rows in this year
Netherlands,2022,R&D Wage Tax Facility,direct_rd,,,,,,,,gap: no matching rows in this year
Netherlands,2023,R&D Wage Tax Facility,direct_rd,,,,,,,,gap: no matching rows in this year
Netherlands,2024,R&D Wage Tax Facility,direct_rd,,,,,,,,gap: no matching rows in this year
Netherlands,2025,R&D Wage Tax Facility,direct_rd,,,,,,,,gap: no matching rows in this year
Netherlands,1975,RIVM (National Institute for Public Health),science_agency,,,,,,,,gap: no matching rows in this year
Netherlands,1976,RIVM (National Institute for Public Health),science_agency,,,,,,,,gap: no matching rows in this year
Netherlands,1977,RIVM (National Institute for Public Health),science_agency,,,,,,,,gap: no matching rows in this year
Netherlands,1978,RIVM (National Institute for Public Health),science_agency,,,,,,,,gap: no matching rows in this year
Netherlands,1979,RIVM (National Institute for Public Health),science_agency,,,,,,,,gap: no matching rows in this year
Netherlands,1980,RIVM (National Institute for Public Health),science_agency,,,,,,,,gap: no matching rows in this year
Netherlands,1981,RIVM (National Institute for Public Health),science_agency,,,,,,,,gap: no matching rows in this year
Netherlands,1982,RIVM (National Institute for Public Health),science_agency,,,,,,,,gap: no matching rows in this year
Netherlands,1983,RIVM (National Institute for Public Health),science_agency,,,,,,,,gap: no matching rows in this year
Netherlands,1984,RIVM (National Institute for Public Health),science_agency,,,,,,,,gap: no matching rows in this year
Netherlands,1985,RIVM (National Institute for Public Health),science_agency,,,,,,,,gap: no matching rows in this year
Netherlands,1986,RIVM (National Institute for Public Health),science_agency,,,,,,,,gap: no matching rows in this year
Netherlands,1987,RIVM (National Institute for Public Health),science_agency,,,,,,,,gap: no matching rows in this year
Netherlands,1988,RIVM (National Institute for Public Health),science_agency,,,,,,,,gap: no matching rows in this year
Netherlands,1989,RIVM (National Institute for Public Health),science_agency,,,,,,,,gap: no matching rows in this year
Netherlands,1990,RIVM (National Institute for Public Health),science_agency,7000000.0,euro,EUR,line_item,Extra revenues from knowledge exploitation,1990 budget memorandum.pdf,185,
Netherlands,1991,RIVM (National Institute for Public Health),science_agency,,,,,,,,gap: no matching rows in this year
Netherlands,1992,RIVM (National Institute for Public Health),science_agency,,,,,,,,gap: no matching rows in this year
Netherlands,1993,RIVM (National Institute for Public Health),science_agency,,,,,,,,gap: no matching rows in this year
Netherlands,1994,RIVM (National Institute for Public Health),science_agency,,,,,,,,gap: no matching rows in this year
Netherlands,1995,RIVM (National Institute for Public Health),science_agency,,,,,,,,gap: no matching rows in this year
Netherlands,1996,RIVM (National Institute for Public Health),science_agency,224000.0,euro,EUR,line_item,RIVM,1996 budget memorandum.pdf,120,
Netherlands,1997,RIVM (National Institute for Public Health),science_agency,4311000.0,euro,EUR,line_item,Subtotaal uitgaven VWS,1997 budget memorandum.pdf,86,
Netherlands,1998,RIVM (National Institute for Public Health),science_agency,146000.0,euro,EUR,line_item,RIVM,1998 budget memorandum.pdf,120,
Netherlands,1999,RIVM (National Institute for Public Health),science_agency,144000000.0,euro,EUR,line_item,Rijksinstituut voor Volksgezondheid en Milieu,1999 budget memorandum.pdf,146,
Netherlands,2000,RIVM (National Institute for Public Health),science_agency,302487000.0,euro,EUR,line_item,Personnel and material RIVM,2000_ministry16.pdf,4,
Netherlands,2001,RIVM (National Institute for Public Health),science_agency,310145000.0,euro,EUR,line_item,Personeel en materieel,2001_ministry16.pdf,4,
Netherlands,2002,RIVM (National Institute for Public Health),science_agency,143004000.0,euro,EUR,line_item,Rijksinstituut voor Volksgezondheid en Milieu,2002_ministry16.pdf,4,
Netherlands,2003,RIVM (National Institute for Public Health),science_agency,147214000.0,euro,EUR,line_item,Rijksinstituut voor Volksgezondheid en Milieu,2003_ministry16.pdf,3,
Netherlands,2004,RIVM (National Institute for Public Health),science_agency,18605000.0,euro,EUR,line_item,RIVM Operating Expenses,2004_ministry16.pdf,5,
Netherlands,2005,RIVM (National Institute for Public Health),science_agency,145310000.0,euro,EUR,line_item,Rijksinstituut voor Volksgezondheid en Milieu,2005_ministry16.pdf,5,
Netherlands,2006,RIVM (National Institute for Public Health),science_agency,7446000.0,euro,EUR,line_item,RIVM Operating Expenses,2006_ministry16.pdf,5,
Netherlands,2007,RIVM (National Institute for Public Health),science_agency,31436000.0,euro,EUR,program_total,Totaal,2007_ministry16.pdf,5,
Netherlands,2008,RIVM (National Institute for Public Health),science_agency,28875000.0,euro,EUR,program_total,Totaal,2008_ministry16.pdf,5,
Netherlands,2009,RIVM (National Institute for Public Health),science_agency,321078000.0,euro,EUR,line_item,RIVM Operating Expenses,2009_ministry16.pdf,5,
Netherlands,2010,RIVM (National Institute for Public Health),science_agency,340531000.0,euro,EUR,line_item,Rijksinstituut voor Volksgezondheid en Milieu,2010_ministry16.pdf,5,
Netherlands,2011,RIVM (National Institute for Public Health),science_agency,346792000.0,euro,EUR,line_item,RIVM Operating Costs,2011_ministry16.pdf,4,
Netherlands,2012,RIVM (National Institute for Public Health),science_agency,392109000.0,euro,EUR,line_item,RIVM,2012_ministry16.pdf,4,
Netherlands,2013,RIVM (National Institute for Public Health),science_agency,373316000.0,euro,EUR,line_item,Rijksinstituut voor Volksgezondheid en Milieu,2013_ministry16.pdf,4,
Netherlands,2014,RIVM (National Institute for Public Health),science_agency,339207000.0,euro,EUR,line_item,Rijksinstituut voor Volksgezondheid en Milieu,2014_ministry16.pdf,4,
Netherlands,2015,RIVM (National Institute for Public Health),science_agency,185486.0,euro,EUR,line_item,Inrichten uitvoeringsactiviteiten,2015_ministry16.pdf,8,
Netherlands,2016,RIVM (National Institute for Public Health),science_agency,,,,,,,,gap: no matching rows in this year
Netherlands,2017,RIVM (National Institute for Public Health),science_agency,3600000.0,euro,EUR,line_item,Rijksinstituut voor Volksgezondheid en Milieu,2017_ministry16.pdf,3,
Netherlands,2018,RIVM (National Institute for Public Health),science_agency,3700000.0,euro,EUR,line_item,Rijksinstituut voor Volksgezondheid en Milieu,2018_ministry16.pdf,3,
Netherlands,2019,RIVM (National Institute for Public Health),science_agency,4000000.0,euro,EUR,line_item,Kapitaaluitgaven,2019_ministry16.pdf,3,
Netherlands,2020,RIVM (National Institute for Public Health),science_agency,4800000.0,euro,EUR,line_item,Totaal kapitaal-uitgaven,2020_ministry16.pdf,3,
Netherlands,2021,RIVM (National Institute for Public Health),science_agency,5600000.0,euro,EUR,line_item,Totaal kapitaaluitgaven,2021_ministry16.pdf,3,
Netherlands,2022,RIVM (National Institute for Public Health),science_agency,15000.0,euro,EUR,line_item,Rijksinstituut voor Volksgezondheid en Milieu,2022_ministry16.pdf,3,
Netherlands,2023,RIVM (National Institute for Public Health),science_agency,16500000.0,euro,EUR,line_item,Totaal kapitaaluitgaven,2023_ministry16.pdf,3,
Netherlands,2024,RIVM (National Institute for Public Health),science_agency,,,,,,,,gap: no matching rows in this year
Netherlands,2025,RIVM (National Institute for Public Health),science_agency,,,,,,,,gap: no matching rows in this year
Netherlands,1994,RVO / Senter / SenterNovem (innovation instruments),innovation_instruments,,,,,,,,gap: no matching rows in this year
Netherlands,1995,RVO / Senter / SenterNovem (innovation instruments),innovation_instruments,,,,,,,,gap: no matching rows in this year
Netherlands,1996,RVO / Senter / SenterNovem (innovation instruments),innovation_instruments,,,,,,,,gap: no matching rows in this year
Netherlands,1997,RVO / Senter / SenterNovem (innovation instruments),innovation_instruments,,,,,,,,gap: no matching rows in this year
Netherlands,1998,RVO / Senter / SenterNovem (innovation instruments),innovation_instruments,,,,,,,,gap: no matching rows in this year
Netherlands,1999,RVO / Senter / SenterNovem (innovation instruments),innovation_instruments,,,,,,,,gap: no matching rows in this year
Netherlands,2000,RVO / Senter / SenterNovem (innovation instruments),innovation_instruments,,,,,,,,gap: no matching rows in this year
Netherlands,2001,RVO / Senter / SenterNovem (innovation instruments),innovation_instruments,,,,,,,,gap: no matching rows in this year
Netherlands,2002,RVO / Senter / SenterNovem (innovation instruments),innovation_instruments,,,,,,,,gap: no matching rows in this year
Netherlands,2003,RVO / Senter / SenterNovem (innovation instruments),innovation_instruments,,,,,,,,gap: no matching rows in this year
Netherlands,2004,RVO / Senter / SenterNovem (innovation instruments),innovation_instruments,,,,,,,,gap: no matching rows in this year
Netherlands,2005,RVO / Senter / SenterNovem (innovation instruments),innovation_instruments,,,,,,,,gap: no matching rows in this year
Netherlands,2006,RVO / Senter / SenterNovem (innovation instruments),innovation_instruments,,,,,,,,gap: no matching rows in this year
Netherlands,2007,RVO / Senter / SenterNovem (innovation instruments),innovation_instruments,,,,,,,,gap: no matching rows in this year
Netherlands,2008,RVO / Senter / SenterNovem (innovation instruments),innovation_instruments,,,,,,,,gap: no matching rows in this year
Netherlands,2009,RVO / Senter / SenterNovem (innovation instruments),innovation_instruments,,,,,,,,gap: no matching rows in this year
Netherlands,2010,RVO / Senter / SenterNovem (innovation instruments),innovation_instruments,,,,,,,,gap: no matching rows in this year
Netherlands,2011,RVO / Senter / SenterNovem (innovation instruments),innovation_instruments,,,,,,,,gap: no matching rows in this year
Netherlands,2012,RVO / Senter / SenterNovem (innovation instruments),innovation_instruments,,,,,,,,gap: no matching rows in this year
Netherlands,2013,RVO / Senter / SenterNovem (innovation instruments),innovation_instruments,,,,,,,,gap: no matching rows in this year
Netherlands,2014,RVO / Senter / SenterNovem (innovation instruments),innovation_instruments,,,,,,,,gap: no matching rows in this year
Netherlands,2015,RVO / Senter / SenterNovem (innovation instruments),innovation_instruments,,,,,,,,gap: no matching rows in this year
Netherlands,2016,RVO / Senter / SenterNovem (innovation instruments),innovation_instruments,,,,,,,,gap: no matching rows in this year
Netherlands,2017,RVO / Senter / SenterNovem (innovation instruments),innovation_instruments,,,,,,,,gap: no matching rows in this year
Netherlands,2018,RVO / Senter / SenterNovem (innovation instruments),innovation_instruments,,,,,,,,gap: no matching rows in this year
Netherlands,2019,RVO / Senter / SenterNovem (innovation instruments),innovation_instruments,,,,,,,,gap: no matching rows in this year
Netherlands,2020,RVO / Senter / SenterNovem (innovation instruments),innovation_instruments,,,,,,,,gap: no matching rows in this year
Netherlands,2021,RVO / Senter / SenterNovem (innovation instruments),innovation_instruments,,,,,,,,gap: no matching rows in this year
Netherlands,2022,RVO / Senter / SenterNovem (innovation instruments),innovation_instruments,,,,,,,,gap: no matching rows in this year
Netherlands,2023,RVO / Senter / SenterNovem (innovation instruments),innovation_instruments,,,,,,,,gap: no matching rows in this year
Netherlands,2024,RVO / Senter / SenterNovem (innovation instruments),innovation_instruments,,,,,,,,gap: no matching rows in this year
Netherlands,2025,RVO / Senter / SenterNovem (innovation instruments),innovation_instruments,,,,,,,,gap: no matching rows in this year
Netherlands,1975,Radboud Universiteit Nijmegen,higher_education,,,,,,,,gap: no matching rows in this year
Netherlands,1976,Radboud Universiteit Nijmegen,higher_education,,,,,,,,gap: no matching rows in this year
Netherlands,1977,Radboud Universiteit Nijmegen,higher_education,,,,,,,,gap: no matching rows in this year
Netherlands,1978,Radboud Universiteit Nijmegen,higher_education,,,,,,,,gap: no matching rows in this year
Netherlands,1979,Radboud Universiteit Nijmegen,higher_education,,,,,,,,gap: no matching rows in this year
Netherlands,1980,Radboud Universiteit Nijmegen,higher_education,,,,,,,,gap: no matching rows in this year
Netherlands,1981,Radboud Universiteit Nijmegen,higher_education,,,,,,,,gap: no matching rows in this year
Netherlands,1982,Radboud Universiteit Nijmegen,higher_education,,,,,,,,gap: no matching rows in this year
Netherlands,1983,Radboud Universiteit Nijmegen,higher_education,,,,,,,,gap: no matching rows in this year
Netherlands,1984,Radboud Universiteit Nijmegen,higher_education,,,,,,,,gap: no matching rows in this year
Netherlands,1985,Radboud Universiteit Nijmegen,higher_education,,,,,,,,gap: no matching rows in this year
Netherlands,1986,Radboud Universiteit Nijmegen,higher_education,,,,,,,,gap: no matching rows in this year
Netherlands,1987,Radboud Universiteit Nijmegen,higher_education,,,,,,,,gap: no matching rows in this year
Netherlands,1988,Radboud Universiteit Nijmegen,higher_education,,,,,,,,gap: no matching rows in this year
Netherlands,1989,Radboud Universiteit Nijmegen,higher_education,,,,,,,,gap: no matching rows in this year
Netherlands,1990,Radboud Universiteit Nijmegen,higher_education,,,,,,,,gap: no matching rows in this year
Netherlands,1991,Radboud Universiteit Nijmegen,higher_education,,,,,,,,gap: no matching rows in this year
Netherlands,1992,Radboud Universiteit Nijmegen,higher_education,,,,,,,,gap: no matching rows in this year
Netherlands,1993,Radboud Universiteit Nijmegen,higher_education,,,,,,,,gap: no matching rows in this year
Netherlands,1994,Radboud Universiteit Nijmegen,higher_education,,,,,,,,gap: no matching rows in this year
Netherlands,1995,Radboud Universiteit Nijmegen,higher_education,,,,,,,,gap: no matching rows in this year
Netherlands,1996,Radboud Universiteit Nijmegen,higher_education,,,,,,,,gap: no matching rows in this year
Netherlands,1997,Radboud Universiteit Nijmegen,higher_education,,,,,,,,gap: no matching rows in this year
Netherlands,1998,Radboud Universiteit Nijmegen,higher_education,,,,,,,,gap: no matching rows in this year
Netherlands,1999,Radboud Universiteit Nijmegen,higher_education,,,,,,,,gap: no matching rows in this year
Netherlands,2000,Radboud Universiteit Nijmegen,higher_education,,,,,,,,gap: no matching rows in this year
Netherlands,2001,Radboud Universiteit Nijmegen,higher_education,,,,,,,,gap: no matching rows in this year
Netherlands,2002,Radboud Universiteit Nijmegen,higher_education,,,,,,,,gap: no matching rows in this year
Netherlands,2003,Radboud Universiteit Nijmegen,higher_education,,,,,,,,gap: no matching rows in this year
Netherlands,2004,Radboud Universiteit Nijmegen,higher_education,,,,,,,,gap: no matching rows in this year
Netherlands,2005,Radboud Universiteit Nijmegen,higher_education,,,,,,,,gap: no matching rows in this year
Netherlands,2006,Radboud Universiteit Nijmegen,higher_education,,,,,,,,gap: no matching rows in this year
Netherlands,2007,Radboud Universiteit Nijmegen,higher_education,,,,,,,,gap: no matching rows in this year
Netherlands,2008,Radboud Universiteit Nijmegen,higher_education,,,,,,,,gap: no matching rows in this year
Netherlands,2009,Radboud Universiteit Nijmegen,higher_education,,,,,,,,gap: no matching rows in this year
Netherlands,2010,Radboud Universiteit Nijmegen,higher_education,,,,,,,,gap: no matching rows in this year
Netherlands,2011,Radboud Universiteit Nijmegen,higher_education,,,,,,,,gap: no matching rows in this year
Netherlands,2012,Radboud Universiteit Nijmegen,higher_education,,,,,,,,gap: no matching rows in this year
Netherlands,2013,Radboud Universiteit Nijmegen,higher_education,,,,,,,,gap: no matching rows in this year
Netherlands,2014,Radboud Universiteit Nijmegen,higher_education,,,,,,,,gap: no matching rows in this year
Netherlands,2015,Radboud Universiteit Nijmegen,higher_education,,,,,,,,gap: no matching rows in this year
Netherlands,2016,Radboud Universiteit Nijmegen,higher_education,,,,,,,,gap: no matching rows in this year
Netherlands,2017,Radboud Universiteit Nijmegen,higher_education,,,,,,,,gap: no matching rows in this year
Netherlands,2018,Radboud Universiteit Nijmegen,higher_education,,,,,,,,gap: no matching rows in this year
Netherlands,2019,Radboud Universiteit Nijmegen,higher_education,,,,,,,,gap: no matching rows in this year
Netherlands,2020,Radboud Universiteit Nijmegen,higher_education,,,,,,,,gap: no matching rows in this year
Netherlands,2021,Radboud Universiteit Nijmegen,higher_education,,,,,,,,gap: no matching rows in this year
Netherlands,2022,Radboud Universiteit Nijmegen,higher_education,,,,,,,,gap: no matching rows in this year
Netherlands,2023,Radboud Universiteit Nijmegen,higher_education,,,,,,,,gap: no matching rows in this year
Netherlands,2024,Radboud Universiteit Nijmegen,higher_education,,,,,,,,gap: no matching rows in this year
Netherlands,2025,Radboud Universiteit Nijmegen,higher_education,,,,,,,,gap: no matching rows in this year
Netherlands,1975,Reactor Center Netherlands Funding,science_agency,18000000.0,thousand,NLG,line_item,Contribution to the operating and investment costs of the Reactor Center Netherlands,1975 budget memorandum.pdf,130,This contribution supports the operations of a research reactor.
Netherlands,1976,Reactor Center Netherlands Funding,science_agency,,,,,,,,gap: no matching rows in this year
Netherlands,1977,Reactor Center Netherlands Funding,science_agency,,,,,,,,gap: no matching rows in this year
Netherlands,1978,Reactor Center Netherlands Funding,science_agency,,,,,,,,gap: no matching rows in this year
Netherlands,1979,Reactor Center Netherlands Funding,science_agency,,,,,,,,gap: no matching rows in this year
Netherlands,1980,Reactor Center Netherlands Funding,science_agency,,,,,,,,gap: no matching rows in this year
Netherlands,1981,Reactor Center Netherlands Funding,science_agency,,,,,,,,gap: no matching rows in this year
Netherlands,1982,Reactor Center Netherlands Funding,science_agency,,,,,,,,gap: no matching rows in this year
Netherlands,1983,Reactor Center Netherlands Funding,science_agency,,,,,,,,gap: no matching rows in this year
Netherlands,1984,Reactor Center Netherlands Funding,science_agency,,,,,,,,gap: no matching rows in this year
Netherlands,1985,Reactor Center Netherlands Funding,science_agency,,,,,,,,gap: no matching rows in this year
Netherlands,1986,Reactor Center Netherlands Funding,science_agency,,,,,,,,gap: no matching rows in this year
Netherlands,1987,Reactor Center Netherlands Funding,science_agency,,,,,,,,gap: no matching rows in this year
Netherlands,1988,Reactor Center Netherlands Funding,science_agency,,,,,,,,gap: no matching rows in this year
Netherlands,1989,Reactor Center Netherlands Funding,science_agency,,,,,,,,gap: no matching rows in this year
Netherlands,1990,Reactor Center Netherlands Funding,science_agency,,,,,,,,gap: no matching rows in this year
Netherlands,1991,Reactor Center Netherlands Funding,science_agency,,,,,,,,gap: no matching rows in this year
Netherlands,1992,Reactor Center Netherlands Funding,science_agency,,,,,,,,gap: no matching rows in this year
Netherlands,1993,Reactor Center Netherlands Funding,science_agency,,,,,,,,gap: no matching rows in this year
Netherlands,1994,Reactor Center Netherlands Funding,science_agency,,,,,,,,gap: no matching rows in this year
Netherlands,1995,Reactor Center Netherlands Funding,science_agency,,,,,,,,gap: no matching rows in this year
Netherlands,1996,Reactor Center Netherlands Funding,science_agency,,,,,,,,gap: no matching rows in this year
Netherlands,1997,Reactor Center Netherlands Funding,science_agency,,,,,,,,gap: no matching rows in this year
Netherlands,1998,Reactor Center Netherlands Funding,science_agency,,,,,,,,gap: no matching rows in this year
Netherlands,1999,Reactor Center Netherlands Funding,science_agency,,,,,,,,gap: no matching rows in this year
Netherlands,2000,Reactor Center Netherlands Funding,science_agency,,,,,,,,gap: no matching rows in this year
Netherlands,2001,Reactor Center Netherlands Funding,science_agency,,,,,,,,gap: no matching rows in this year
Netherlands,2002,Reactor Center Netherlands Funding,science_agency,,,,,,,,gap: no matching rows in this year
Netherlands,2003,Reactor Center Netherlands Funding,science_agency,,,,,,,,gap: no matching rows in this year
Netherlands,2004,Reactor Center Netherlands Funding,science_agency,,,,,,,,gap: no matching rows in this year
Netherlands,2005,Reactor Center Netherlands Funding,science_agency,,,,,,,,gap: no matching rows in this year
Netherlands,2006,Reactor Center Netherlands Funding,science_agency,,,,,,,,gap: no matching rows in this year
Netherlands,2007,Reactor Center Netherlands Funding,science_agency,,,,,,,,gap: no matching rows in this year
Netherlands,2008,Reactor Center Netherlands Funding,science_agency,,,,,,,,gap: no matching rows in this year
Netherlands,2009,Reactor Center Netherlands Funding,science_agency,,,,,,,,gap: no matching rows in this year
Netherlands,2010,Reactor Center Netherlands Funding,science_agency,,,,,,,,gap: no matching rows in this year
Netherlands,2011,Reactor Center Netherlands Funding,science_agency,,,,,,,,gap: no matching rows in this year
Netherlands,2012,Reactor Center Netherlands Funding,science_agency,,,,,,,,gap: no matching rows in this year
Netherlands,2013,Reactor Center Netherlands Funding,science_agency,,,,,,,,gap: no matching rows in this year
Netherlands,2014,Reactor Center Netherlands Funding,science_agency,,,,,,,,gap: no matching rows in this year
Netherlands,2015,Reactor Center Netherlands Funding,science_agency,,,,,,,,gap: no matching rows in this year
Netherlands,2016,Reactor Center Netherlands Funding,science_agency,,,,,,,,gap: no matching rows in this year
Netherlands,2017,Reactor Center Netherlands Funding,science_agency,,,,,,,,gap: no matching rows in this year
Netherlands,2018,Reactor Center Netherlands Funding,science_agency,,,,,,,,gap: no matching rows in this year
Netherlands,2019,Reactor Center Netherlands Funding,science_agency,,,,,,,,gap: no matching rows in this year
Netherlands,2020,Reactor Center Netherlands Funding,science_agency,,,,,,,,gap: no matching rows in this year
Netherlands,2021,Reactor Center Netherlands Funding,science_agency,,,,,,,,gap: no matching rows in this year
Netherlands,2022,Reactor Center Netherlands Funding,science_agency,,,,,,,,gap: no matching rows in this year
Netherlands,2023,Reactor Center Netherlands Funding,science_agency,,,,,,,,gap: no matching rows in this year
Netherlands,2024,Reactor Center Netherlands Funding,science_agency,,,,,,,,gap: no matching rows in this year
Netherlands,2025,Reactor Center Netherlands Funding,science_agency,,,,,,,,gap: no matching rows in this year
Netherlands,1975,Research Activities,direct_rd,,,,,,,,gap: no matching rows in this year
Netherlands,1976,Research Activities,direct_rd,,,,,,,,gap: no matching rows in this year
Netherlands,1977,Research Activities,direct_rd,,,,,,,,gap: no matching rows in this year
Netherlands,1978,Research Activities,direct_rd,,,,,,,,gap: no matching rows in this year
Netherlands,1979,Research Activities,direct_rd,,,,,,,,gap: no matching rows in this year
Netherlands,1980,Research Activities,direct_rd,,,,,,,,gap: no matching rows in this year
Netherlands,1981,Research Activities,direct_rd,,,,,,,,gap: no matching rows in this year
Netherlands,1982,Research Activities,direct_rd,,,,,,,,gap: no matching rows in this year
Netherlands,1983,Research Activities,direct_rd,,,,,,,,gap: no matching rows in this year
Netherlands,1984,Research Activities,direct_rd,,,,,,,,gap: no matching rows in this year
Netherlands,1985,Research Activities,direct_rd,,,,,,,,gap: no matching rows in this year
Netherlands,1986,Research Activities,direct_rd,,,,,,,,gap: no matching rows in this year
Netherlands,1987,Research Activities,direct_rd,,,,,,,,gap: no matching rows in this year
Netherlands,1988,Research Activities,direct_rd,,,,,,,,gap: no matching rows in this year
Netherlands,1989,Research Activities,direct_rd,,,,,,,,gap: no matching rows in this year
Netherlands,1990,Research Activities,direct_rd,591000000.0,thousand,NLG,program_total,Research activities,1990 budget memorandum.pdf,146,This entity is directly related to R&D activities.
Netherlands,1991,Research Activities,direct_rd,,,,,,,,gap: no matching rows in this year
Netherlands,1992,Research Activities,direct_rd,,,,,,,,gap: no matching rows in this year
Netherlands,1993,Research Activities,direct_rd,,,,,,,,gap: no matching rows in this year
Netherlands,1994,Research Activities,direct_rd,,,,,,,,gap: no matching rows in this year
Netherlands,1995,Research Activities,direct_rd,,,,,,,,gap: no matching rows in this year
Netherlands,1996,Research Activities,direct_rd,,,,,,,,gap: no matching rows in this year
Netherlands,1997,Research Activities,direct_rd,,,,,,,,gap: no matching rows in this year
Netherlands,1998,Research Activities,direct_rd,,,,,,,,gap: no matching rows in this year
Netherlands,1999,Research Activities,direct_rd,,,,,,,,gap: no matching rows in this year
Netherlands,2000,Research Activities,direct_rd,,,,,,,,gap: no matching rows in this year
Netherlands,2001,Research Activities,direct_rd,,,,,,,,gap: no matching rows in this year
Netherlands,2002,Research Activities,direct_rd,,,,,,,,gap: no matching rows in this year
Netherlands,2003,Research Activities,direct_rd,,,,,,,,gap: no matching rows in this year
Netherlands,2004,Research Activities,direct_rd,,,,,,,,gap: no matching rows in this year
Netherlands,2005,Research Activities,direct_rd,,,,,,,,gap: no matching rows in this year
Netherlands,2006,Research Activities,direct_rd,,,,,,,,gap: no matching rows in this year
Netherlands,2007,Research Activities,direct_rd,,,,,,,,gap: no matching rows in this year
Netherlands,2008,Research Activities,direct_rd,,,,,,,,gap: no matching rows in this year
Netherlands,2009,Research Activities,direct_rd,,,,,,,,gap: no matching rows in this year
Netherlands,2010,Research Activities,direct_rd,,,,,,,,gap: no matching rows in this year
Netherlands,2011,Research Activities,direct_rd,,,,,,,,gap: no matching rows in this year
Netherlands,2012,Research Activities,direct_rd,,,,,,,,gap: no matching rows in this year
Netherlands,2013,Research Activities,direct_rd,,,,,,,,gap: no matching rows in this year
Netherlands,2014,Research Activities,direct_rd,,,,,,,,gap: no matching rows in this year
Netherlands,2015,Research Activities,direct_rd,,,,,,,,gap: no matching rows in this year
Netherlands,2016,Research Activities,direct_rd,,,,,,,,gap: no matching rows in this year
Netherlands,2017,Research Activities,direct_rd,,,,,,,,gap: no matching rows in this year
Netherlands,2018,Research Activities,direct_rd,,,,,,,,gap: no matching rows in this year
Netherlands,2019,Research Activities,direct_rd,,,,,,,,gap: no matching rows in this year
Netherlands,2020,Research Activities,direct_rd,,,,,,,,gap: no matching rows in this year
Netherlands,2021,Research Activities,direct_rd,,,,,,,,gap: no matching rows in this year
Netherlands,2022,Research Activities,direct_rd,,,,,,,,gap: no matching rows in this year
Netherlands,2023,Research Activities,direct_rd,,,,,,,,gap: no matching rows in this year
Netherlands,2024,Research Activities,direct_rd,,,,,,,,gap: no matching rows in this year
Netherlands,2025,Research Activities,direct_rd,,,,,,,,gap: no matching rows in this year
Netherlands,1975,Research Budget of Economic Affairs,direct_rd,,,,,,,,gap: no matching rows in this year
Netherlands,1976,Research Budget of Economic Affairs,direct_rd,,,,,,,,gap: no matching rows in this year
Netherlands,1977,Research Budget of Economic Affairs,direct_rd,,,,,,,,gap: no matching rows in this year
Netherlands,1978,Research Budget of Economic Affairs,direct_rd,,,,,,,,gap: no matching rows in this year
Netherlands,1979,Research Budget of Economic Affairs,direct_rd,,,,,,,,gap: no matching rows in this year
Netherlands,1980,Research Budget of Economic Affairs,direct_rd,,,,,,,,gap: no matching rows in this year
Netherlands,1981,Research Budget of Economic Affairs,direct_rd,,,,,,,,gap: no matching rows in this year
Netherlands,1982,Research Budget of Economic Affairs,direct_rd,,,,,,,,gap: no matching rows in this year
Netherlands,1983,Research Budget of Economic Affairs,direct_rd,8000000.0,thousand,NLG,line_item,Research budget of Economic Affairs,1983 budget memorandum.pdf,81,This budget supports research initiatives within the economic sector.
Netherlands,1984,Research Budget of Economic Affairs,direct_rd,,,,,,,,gap: no matching rows in this year
Netherlands,1985,Research Budget of Economic Affairs,direct_rd,,,,,,,,gap: no matching rows in this year
Netherlands,1986,Research Budget of Economic Affairs,direct_rd,,,,,,,,gap: no matching rows in this year
Netherlands,1987,Research Budget of Economic Affairs,direct_rd,,,,,,,,gap: no matching rows in this year
Netherlands,1988,Research Budget of Economic Affairs,direct_rd,,,,,,,,gap: no matching rows in this year
Netherlands,1989,Research Budget of Economic Affairs,direct_rd,,,,,,,,gap: no matching rows in this year
Netherlands,1990,Research Budget of Economic Affairs,direct_rd,,,,,,,,gap: no matching rows in this year
Netherlands,1991,Research Budget of Economic Affairs,direct_rd,,,,,,,,gap: no matching rows in this year
Netherlands,1992,Research Budget of Economic Affairs,direct_rd,,,,,,,,gap: no matching rows in this year
Netherlands,1993,Research Budget of Economic Affairs,direct_rd,,,,,,,,gap: no matching rows in this year
Netherlands,1994,Research Budget of Economic Affairs,direct_rd,,,,,,,,gap: no matching rows in this year
Netherlands,1995,Research Budget of Economic Affairs,direct_rd,,,,,,,,gap: no matching rows in this year
Netherlands,1996,Research Budget of Economic Affairs,direct_rd,,,,,,,,gap: no matching rows in this year
Netherlands,1997,Research Budget of Economic Affairs,direct_rd,,,,,,,,gap: no matching rows in this year
Netherlands,1998,Research Budget of Economic Affairs,direct_rd,,,,,,,,gap: no matching rows in this year
Netherlands,1999,Research Budget of Economic Affairs,direct_rd,,,,,,,,gap: no matching rows in this year
Netherlands,2000,Research Budget of Economic Affairs,direct_rd,,,,,,,,gap: no matching rows in this year
Netherlands,2001,Research Budget of Economic Affairs,direct_rd,,,,,,,,gap: no matching rows in this year
Netherlands,2002,Research Budget of Economic Affairs,direct_rd,,,,,,,,gap: no matching rows in this year
Netherlands,2003,Research Budget of Economic Affairs,direct_rd,,,,,,,,gap: no matching rows in this year
Netherlands,2004,Research Budget of Economic Affairs,direct_rd,,,,,,,,gap: no matching rows in this year
Netherlands,2005,Research Budget of Economic Affairs,direct_rd,,,,,,,,gap: no matching rows in this year
Netherlands,2006,Research Budget of Economic Affairs,direct_rd,,,,,,,,gap: no matching rows in this year
Netherlands,2007,Research Budget of Economic Affairs,direct_rd,,,,,,,,gap: no matching rows in this year
Netherlands,2008,Research Budget of Economic Affairs,direct_rd,,,,,,,,gap: no matching rows in this year
Netherlands,2009,Research Budget of Economic Affairs,direct_rd,,,,,,,,gap: no matching rows in this year
Netherlands,2010,Research Budget of Economic Affairs,direct_rd,,,,,,,,gap: no matching rows in this year
Netherlands,2011,Research Budget of Economic Affairs,direct_rd,,,,,,,,gap: no matching rows in this year
Netherlands,2012,Research Budget of Economic Affairs,direct_rd,,,,,,,,gap: no matching rows in this year
Netherlands,2013,Research Budget of Economic Affairs,direct_rd,,,,,,,,gap: no matching rows in this year
Netherlands,2014,Research Budget of Economic Affairs,direct_rd,,,,,,,,gap: no matching rows in this year
Netherlands,2015,Research Budget of Economic Affairs,direct_rd,,,,,,,,gap: no matching rows in this year
Netherlands,2016,Research Budget of Economic Affairs,direct_rd,,,,,,,,gap: no matching rows in this year
Netherlands,2017,Research Budget of Economic Affairs,direct_rd,,,,,,,,gap: no matching rows in this year
Netherlands,2018,Research Budget of Economic Affairs,direct_rd,,,,,,,,gap: no matching rows in this year
Netherlands,2019,Research Budget of Economic Affairs,direct_rd,,,,,,,,gap: no matching rows in this year
Netherlands,2020,Research Budget of Economic Affairs,direct_rd,,,,,,,,gap: no matching rows in this year
Netherlands,2021,Research Budget of Economic Affairs,direct_rd,,,,,,,,gap: no matching rows in this year
Netherlands,2022,Research Budget of Economic Affairs,direct_rd,,,,,,,,gap: no matching rows in this year
Netherlands,2023,Research Budget of Economic Affairs,direct_rd,,,,,,,,gap: no matching rows in this year
Netherlands,2024,Research Budget of Economic Affairs,direct_rd,,,,,,,,gap: no matching rows in this year
Netherlands,2025,Research Budget of Economic Affairs,direct_rd,,,,,,,,gap: no matching rows in this year
Netherlands,1975,Research Practice,direct_rd,,,,,,,,gap: no matching rows in this year
Netherlands,1976,Research Practice,direct_rd,,,,,,,,gap: no matching rows in this year
Netherlands,1977,Research Practice,direct_rd,,,,,,,,gap: no matching rows in this year
Netherlands,1978,Research Practice,direct_rd,,,,,,,,gap: no matching rows in this year
Netherlands,1979,Research Practice,direct_rd,,,,,,,,gap: no matching rows in this year
Netherlands,1980,Research Practice,direct_rd,,,,,,,,gap: no matching rows in this year
Netherlands,1981,Research Practice,direct_rd,,,,,,,,gap: no matching rows in this year
Netherlands,1982,Research Practice,direct_rd,,,,,,,,gap: no matching rows in this year
Netherlands,1983,Research Practice,direct_rd,,,,,,,,gap: no matching rows in this year
Netherlands,1984,Research Practice,direct_rd,,,,,,,,gap: no matching rows in this year
Netherlands,1985,Research Practice,direct_rd,,,,,,,,gap: no matching rows in this year
Netherlands,1986,Research Practice,direct_rd,,,,,,,,gap: no matching rows in this year
Netherlands,1987,Research Practice,direct_rd,,,,,,,,gap: no matching rows in this year
Netherlands,1988,Research Practice,direct_rd,,,,,,,,gap: no matching rows in this year
Netherlands,1989,Research Practice,direct_rd,622000000.0,thousand,NLG,program_total,Research Practice,1989 budget memorandum.pdf,160,This entity is likely involved in R&D activities.
Netherlands,1990,Research Practice,direct_rd,,,,,,,,gap: no matching rows in this year
Netherlands,1991,Research Practice,direct_rd,,,,,,,,gap: no matching rows in this year
Netherlands,1992,Research Practice,direct_rd,722000000.0,thousand,NLG,program_total,Research Practice,1992 budget memorandum.pdf,111,This entity is likely involved in R&D activities.
Netherlands,1993,Research Practice,direct_rd,,,,,,,,gap: no matching rows in this year
Netherlands,1994,Research Practice,direct_rd,,,,,,,,gap: no matching rows in this year
Netherlands,1995,Research Practice,direct_rd,,,,,,,,gap: no matching rows in this year
Netherlands,1996,Research Practice,direct_rd,,,,,,,,gap: no matching rows in this year
Netherlands,1997,Research Practice,direct_rd,,,,,,,,gap: no matching rows in this year
Netherlands,1998,Research Practice,direct_rd,,,,,,,,gap: no matching rows in this year
Netherlands,1999,Research Practice,direct_rd,,,,,,,,gap: no matching rows in this year
Netherlands,2000,Research Practice,direct_rd,,,,,,,,gap: no matching rows in this year
Netherlands,2001,Research Practice,direct_rd,,,,,,,,gap: no matching rows in this year
Netherlands,2002,Research Practice,direct_rd,,,,,,,,gap: no matching rows in this year
Netherlands,2003,Research Practice,direct_rd,,,,,,,,gap: no matching rows in this year
Netherlands,2004,Research Practice,direct_rd,,,,,,,,gap: no matching rows in this year
Netherlands,2005,Research Practice,direct_rd,,,,,,,,gap: no matching rows in this year
Netherlands,2006,Research Practice,direct_rd,,,,,,,,gap: no matching rows in this year
Netherlands,2007,Research Practice,direct_rd,,,,,,,,gap: no matching rows in this year
Netherlands,2008,Research Practice,direct_rd,,,,,,,,gap: no matching rows in this year
Netherlands,2009,Research Practice,direct_rd,,,,,,,,gap: no matching rows in this year
Netherlands,2010,Research Practice,direct_rd,,,,,,,,gap: no matching rows in this year
Netherlands,2011,Research Practice,direct_rd,,,,,,,,gap: no matching rows in this year
Netherlands,2012,Research Practice,direct_rd,,,,,,,,gap: no matching rows in this year
Netherlands,2013,Research Practice,direct_rd,,,,,,,,gap: no matching rows in this year
Netherlands,2014,Research Practice,direct_rd,,,,,,,,gap: no matching rows in this year
Netherlands,2015,Research Practice,direct_rd,,,,,,,,gap: no matching rows in this year
Netherlands,2016,Research Practice,direct_rd,,,,,,,,gap: no matching rows in this year
Netherlands,2017,Research Practice,direct_rd,,,,,,,,gap: no matching rows in this year
Netherlands,2018,Research Practice,direct_rd,,,,,,,,gap: no matching rows in this year
Netherlands,2019,Research Practice,direct_rd,,,,,,,,gap: no matching rows in this year
Netherlands,2020,Research Practice,direct_rd,,,,,,,,gap: no matching rows in this year
Netherlands,2021,Research Practice,direct_rd,,,,,,,,gap: no matching rows in this year
Netherlands,2022,Research Practice,direct_rd,,,,,,,,gap: no matching rows in this year
Netherlands,2023,Research Practice,direct_rd,,,,,,,,gap: no matching rows in this year
Netherlands,2024,Research Practice,direct_rd,,,,,,,,gap: no matching rows in this year
Netherlands,2025,Research Practice,direct_rd,,,,,,,,gap: no matching rows in this year
Netherlands,1975,Research and Development Work,direct_rd,36000000.0,thousand,NLG,line_item,Expenditures related to research and development work by the industry,1975 budget memorandum.pdf,130,"This explicitly mentions R&D work, confirming its relevance."
Netherlands,1976,Research and Development Work,direct_rd,179000000.0,thousand,NLG,line_item,Expenditures related to research and development work by the industry,1976 budget memorandum.pdf,143,"This explicitly mentions R&D work, confirming its relevance."
Netherlands,1977,Research and Development Work,direct_rd,,,,,,,,gap: no matching rows in this year
Netherlands,1978,Research and Development Work,direct_rd,,,,,,,,gap: no matching rows in this year
Netherlands,1979,Research and Development Work,direct_rd,,,,,,,,gap: no matching rows in this year
Netherlands,1980,Research and Development Work,direct_rd,,,,,,,,gap: no matching rows in this year
Netherlands,1981,Research and Development Work,direct_rd,,,,,,,,gap: no matching rows in this year
Netherlands,1982,Research and Development Work,direct_rd,,,,,,,,gap: no matching rows in this year
Netherlands,1983,Research and Development Work,direct_rd,,,,,,,,gap: no matching rows in this year
Netherlands,1984,Research and Development Work,direct_rd,,,,,,,,gap: no matching rows in this year
Netherlands,1985,Research and Development Work,direct_rd,140000000.0,thousand,NLG,line_item,Research and development work,1985 budget memorandum.pdf,130,"This explicitly mentions R&D work, confirming its relevance."
Netherlands,1986,Research and Development Work,direct_rd,,,,,,,,gap: no matching rows in this year
Netherlands,1987,Research and Development Work,direct_rd,110000000.0,thousand,NLG,line_item,approximately 110 million allocated for research and development work in the energy sector,1987 budget memorandum.pdf,104,"This explicitly mentions R&D work, confirming its relevance."
Netherlands,1988,Research and Development Work,direct_rd,,,,,,,,gap: no matching rows in this year
Netherlands,1989,Research and Development Work,direct_rd,0.0,thousand,NLG,program_total,Research and development work,1989 budget memorandum.pdf,358,"This explicitly mentions R&D work, confirming its relevance."
Netherlands,1990,Research and Development Work,direct_rd,,,,,,,,gap: no matching rows in this year
Netherlands,1991,Research and Development Work,direct_rd,,,,,,,,gap: no matching rows in this year
Netherlands,1992,Research and Development Work,direct_rd,,,,,,,,gap: no matching rows in this year
Netherlands,1993,Research and Development Work,direct_rd,,,,,,,,gap: no matching rows in this year
Netherlands,1994,Research and Development Work,direct_rd,,,,,,,,gap: no matching rows in this year
Netherlands,1995,Research and Development Work,direct_rd,,,,,,,,gap: no matching rows in this year
Netherlands,1996,Research and Development Work,direct_rd,,,,,,,,gap: no matching rows in this year
Netherlands,1997,Research and Development Work,direct_rd,,,,,,,,gap: no matching rows in this year
Netherlands,1998,Research and Development Work,direct_rd,,,,,,,,gap: no matching rows in this year
Netherlands,1999,Research and Development Work,direct_rd,40000000.0,thousand,NLG,line_item,Extra self-employed deduction for research and development work (R&D),1999 budget memorandum.pdf,121,"This explicitly mentions R&D work, confirming its relevance."
Netherlands,2000,Research and Development Work,direct_rd,,,,,,,,"This explicitly mentions R&D work, confirming its relevance."
Netherlands,2001,Research and Development Work,direct_rd,,,,,,,,"This explicitly mentions R&D work, confirming its relevance."
Netherlands,2002,Research and Development Work,direct_rd,,,,,,,,gap: no matching rows in this year
Netherlands,2003,Research and Development Work,direct_rd,,,,,,,,gap: no matching rows in this year
Netherlands,2004,Research and Development Work,direct_rd,,,,,,,,gap: no matching rows in this year
Netherlands,2005,Research and Development Work,direct_rd,,,,,,,,gap: no matching rows in this year
Netherlands,2006,Research and Development Work,direct_rd,,,,,,,,gap: no matching rows in this year
Netherlands,2007,Research and Development Work,direct_rd,,,,,,,,gap: no matching rows in this year
Netherlands,2008,Research and Development Work,direct_rd,,,,,,,,gap: no matching rows in this year
Netherlands,2009,Research and Development Work,direct_rd,,,,,,,,gap: no matching rows in this year
Netherlands,2010,Research and Development Work,direct_rd,,,,,,,,gap: no matching rows in this year
Netherlands,2011,Research and Development Work,direct_rd,,,,,,,,gap: no matching rows in this year
Netherlands,2012,Research and Development Work,direct_rd,,,,,,,,gap: no matching rows in this year
Netherlands,2013,Research and Development Work,direct_rd,,,,,,,,gap: no matching rows in this year
Netherlands,2014,Research and Development Work,direct_rd,,,,,,,,gap: no matching rows in this year
Netherlands,2015,Research and Development Work,direct_rd,,,,,,,,gap: no matching rows in this year
Netherlands,2016,Research and Development Work,direct_rd,,,,,,,,gap: no matching rows in this year
Netherlands,2017,Research and Development Work,direct_rd,,,,,,,,gap: no matching rows in this year
Netherlands,2018,Research and Development Work,direct_rd,,,,,,,,gap: no matching rows in this year
Netherlands,2019,Research and Development Work,direct_rd,,,,,,,,gap: no matching rows in this year
Netherlands,2020,Research and Development Work,direct_rd,,,,,,,,gap: no matching rows in this year
Netherlands,2021,Research and Development Work,direct_rd,,,,,,,,gap: no matching rows in this year
Netherlands,2022,Research and Development Work,direct_rd,,,,,,,,gap: no matching rows in this year
Netherlands,2023,Research and Development Work,direct_rd,,,,,,,,gap: no matching rows in this year
Netherlands,2024,Research and Development Work,direct_rd,,,,,,,,gap: no matching rows in this year
Netherlands,2025,Research and Development Work,direct_rd,,,,,,,,gap: no matching rows in this year
Netherlands,1975,Research and Information for Technology Policy,unclear,,,,,,,,gap: no matching rows in this year
Netherlands,1976,Research and Information for Technology Policy,unclear,,,,,,,,gap: no matching rows in this year
Netherlands,1977,Research and Information for Technology Policy,unclear,,,,,,,,gap: no matching rows in this year
Netherlands,1978,Research and Information for Technology Policy,unclear,,,,,,,,gap: no matching rows in this year
Netherlands,1979,Research and Information for Technology Policy,unclear,,,,,,,,gap: no matching rows in this year
Netherlands,1980,Research and Information for Technology Policy,unclear,,,,,,,,gap: no matching rows in this year
Netherlands,1981,Research and Information for Technology Policy,unclear,,,,,,,,gap: no matching rows in this year
Netherlands,1982,Research and Information for Technology Policy,unclear,,,,,,,,gap: no matching rows in this year
Netherlands,1983,Research and Information for Technology Policy,unclear,,,,,,,,gap: no matching rows in this year
Netherlands,1984,Research and Information for Technology Policy,unclear,,,,,,,,gap: no matching rows in this year
Netherlands,1985,Research and Information for Technology Policy,unclear,,,,,,,,gap: no matching rows in this year
Netherlands,1986,Research and Information for Technology Policy,unclear,,,,,,,,gap: no matching rows in this year
Netherlands,1987,Research and Information for Technology Policy,unclear,,,,,,,,gap: no matching rows in this year
Netherlands,1988,Research and Information for Technology Policy,unclear,,,,,,,,gap: no matching rows in this year
Netherlands,1989,Research and Information for Technology Policy,unclear,,,,,,,,gap: no matching rows in this year
Netherlands,1990,Research and Information for Technology Policy,unclear,,,,,,,,gap: no matching rows in this year
Netherlands,1991,Research and Information for Technology Policy,unclear,,,,,,,,gap: no matching rows in this year
Netherlands,1992,Research and Information for Technology Policy,unclear,,,,,,,,gap: no matching rows in this year
Netherlands,1993,Research and Information for Technology Policy,unclear,,,,,,,,gap: no matching rows in this year
Netherlands,1994,Research and Information for Technology Policy,unclear,,,,,,,,gap: no matching rows in this year
Netherlands,1995,Research and Information for Technology Policy,unclear,,,,,,,,gap: no matching rows in this year
Netherlands,1996,Research and Information for Technology Policy,unclear,,,,,,,,gap: no matching rows in this year
Netherlands,1997,Research and Information for Technology Policy,unclear,,,,,,,,gap: no matching rows in this year
Netherlands,1998,Research and Information for Technology Policy,unclear,,,,,,,,gap: no matching rows in this year
Netherlands,1999,Research and Information for Technology Policy,unclear,,,,,,,,gap: no matching rows in this year
Netherlands,2000,Research and Information for Technology Policy,unclear,131000000.0,thousand,NLG,line_item,Research and information for technology policy,2000_ministry13.pdf,3,"This research supports technology policy, which can influence R&D directions."
Netherlands,2001,Research and Information for Technology Policy,unclear,,,,,,,,gap: no matching rows in this year
Netherlands,2002,Research and Information for Technology Policy,unclear,,,,,,,,gap: no matching rows in this year
Netherlands,2003,Research and Information for Technology Policy,unclear,,,,,,,,gap: no matching rows in this year
Netherlands,2004,Research and Information for Technology Policy,unclear,,,,,,,,gap: no matching rows in this year
Netherlands,2005,Research and Information for Technology Policy,unclear,,,,,,,,gap: no matching rows in this year
Netherlands,2006,Research and Information for Technology Policy,unclear,,,,,,,,gap: no matching rows in this year
Netherlands,2007,Research and Information for Technology Policy,unclear,,,,,,,,gap: no matching rows in this year
Netherlands,2008,Research and Information for Technology Policy,unclear,,,,,,,,gap: no matching rows in this year
Netherlands,2009,Research and Information for Technology Policy,unclear,,,,,,,,gap: no matching rows in this year
Netherlands,2010,Research and Information for Technology Policy,unclear,,,,,,,,gap: no matching rows in this year
Netherlands,2011,Research and Information for Technology Policy,unclear,,,,,,,,gap: no matching rows in this year
Netherlands,2012,Research and Information for Technology Policy,unclear,,,,,,,,gap: no matching rows in this year
Netherlands,2013,Research and Information for Technology Policy,unclear,,,,,,,,gap: no matching rows in this year
Netherlands,2014,Research and Information for Technology Policy,unclear,,,,,,,,gap: no matching rows in this year
Netherlands,2015,Research and Information for Technology Policy,unclear,,,,,,,,gap: no matching rows in this year
Netherlands,2016,Research and Information for Technology Policy,unclear,,,,,,,,gap: no matching rows in this year
Netherlands,2017,Research and Information for Technology Policy,unclear,,,,,,,,gap: no matching rows in this year
Netherlands,2018,Research and Information for Technology Policy,unclear,,,,,,,,gap: no matching rows in this year
Netherlands,2019,Research and Information for Technology Policy,unclear,,,,,,,,gap: no matching rows in this year
Netherlands,2020,Research and Information for Technology Policy,unclear,,,,,,,,gap: no matching rows in this year
Netherlands,2021,Research and Information for Technology Policy,unclear,,,,,,,,gap: no matching rows in this year
Netherlands,2022,Research and Information for Technology Policy,unclear,,,,,,,,gap: no matching rows in this year
Netherlands,2023,Research and Information for Technology Policy,unclear,,,,,,,,gap: no matching rows in this year
Netherlands,2024,Research and Information for Technology Policy,unclear,,,,,,,,gap: no matching rows in this year
Netherlands,2025,Research and Information for Technology Policy,unclear,,,,,,,,gap: no matching rows in this year
Netherlands,1975,Research and Sciences,direct_rd,,,,,,,,gap: no matching rows in this year
Netherlands,1976,Research and Sciences,direct_rd,,,,,,,,gap: no matching rows in this year
Netherlands,1977,Research and Sciences,direct_rd,,,,,,,,gap: no matching rows in this year
Netherlands,1978,Research and Sciences,direct_rd,,,,,,,,gap: no matching rows in this year
Netherlands,1979,Research and Sciences,direct_rd,,,,,,,,gap: no matching rows in this year
Netherlands,1980,Research and Sciences,direct_rd,,,,,,,,gap: no matching rows in this year
Netherlands,1981,Research and Sciences,direct_rd,,,,,,,,gap: no matching rows in this year
Netherlands,1982,Research and Sciences,direct_rd,,,,,,,,gap: no matching rows in this year
Netherlands,1983,Research and Sciences,direct_rd,,,,,,,,gap: no matching rows in this year
Netherlands,1984,Research and Sciences,direct_rd,,,,,,,,gap: no matching rows in this year
Netherlands,1985,Research and Sciences,direct_rd,,,,,,,,gap: no matching rows in this year
Netherlands,1986,Research and Sciences,direct_rd,,,,,,,,gap: no matching rows in this year
Netherlands,1987,Research and Sciences,direct_rd,,,,,,,,gap: no matching rows in this year
Netherlands,1988,Research and Sciences,direct_rd,,,,,,,,gap: no matching rows in this year
Netherlands,1989,Research and Sciences,direct_rd,,,,,,,,gap: no matching rows in this year
Netherlands,1990,Research and Sciences,direct_rd,,,,,,,,gap: no matching rows in this year
Netherlands,1991,Research and Sciences,direct_rd,,,,,,,,gap: no matching rows in this year
Netherlands,1992,Research and Sciences,direct_rd,,,,,,,,gap: no matching rows in this year
Netherlands,1993,Research and Sciences,direct_rd,,,,,,,,gap: no matching rows in this year
Netherlands,1994,Research and Sciences,direct_rd,,,,,,,,gap: no matching rows in this year
Netherlands,1995,Research and Sciences,direct_rd,,,,,,,,gap: no matching rows in this year
Netherlands,1996,Research and Sciences,direct_rd,,,,,,,,gap: no matching rows in this year
Netherlands,1997,Research and Sciences,direct_rd,,,,,,,,gap: no matching rows in this year
Netherlands,1998,Research and Sciences,direct_rd,,,,,,,,gap: no matching rows in this year
Netherlands,1999,Research and Sciences,direct_rd,,,,,,,,gap: no matching rows in this year
Netherlands,2000,Research and Sciences,direct_rd,,,,,,,,gap: no matching rows in this year
Netherlands,2001,Research and Sciences,direct_rd,,,,,,,,gap: no matching rows in this year
Netherlands,2002,Research and Sciences,direct_rd,,,,,,,,gap: no matching rows in this year
Netherlands,2003,Research and Sciences,direct_rd,741357000.0,euro,EUR,program_total,Research and Sciences,2003_ministry8.pdf,3,This entity is directly related to research activities and scientific inquiry.
Netherlands,2004,Research and Sciences,direct_rd,767491000.0,euro,EUR,program_total,Research and sciences,2004_ministry8.pdf,7,This entity is directly related to research activities and scientific inquiry.
Netherlands,2005,Research and Sciences,direct_rd,812209000.0,euro,EUR,program_total,Research and sciences,2005_ministry8.pdf,7,This entity is directly related to research activities and scientific inquiry.
Netherlands,2006,Research and Sciences,direct_rd,869319000.0,euro,EUR,program_total,Research and sciences,2006_ministry8.pdf,4,This entity is directly related to research activities and scientific inquiry.
Netherlands,2007,Research and Sciences,direct_rd,934162000.0,euro,EUR,program_total,Research and Sciences,2007_ministry8.pdf,4,This entity is directly related to research activities and scientific inquiry.
Netherlands,2008,Research and Sciences,direct_rd,1044108000.0,euro,EUR,program_total,Research and sciences,2008_ministry8.pdf,4,This entity is directly related to research activities and scientific inquiry.
Netherlands,2009,Research and Sciences,direct_rd,1110504000.0,euro,EUR,program_total,Research and sciences,2009_ministry8.pdf,7,This entity is directly related to research activities and scientific inquiry.
Netherlands,2010,Research and Sciences,direct_rd,,,,,,,,gap: no matching rows in this year
Netherlands,2011,Research and Sciences,direct_rd,,,,,,,,gap: no matching rows in this year
Netherlands,2012,Research and Sciences,direct_rd,,,,,,,,gap: no matching rows in this year
Netherlands,2013,Research and Sciences,direct_rd,,,,,,,,gap: no matching rows in this year
Netherlands,2014,Research and Sciences,direct_rd,,,,,,,,gap: no matching rows in this year
Netherlands,2015,Research and Sciences,direct_rd,,,,,,,,gap: no matching rows in this year
Netherlands,2016,Research and Sciences,direct_rd,,,,,,,,gap: no matching rows in this year
Netherlands,2017,Research and Sciences,direct_rd,,,,,,,,gap: no matching rows in this year
Netherlands,2018,Research and Sciences,direct_rd,,,,,,,,gap: no matching rows in this year
Netherlands,2019,Research and Sciences,direct_rd,,,,,,,,gap: no matching rows in this year
Netherlands,2020,Research and Sciences,direct_rd,,,,,,,,gap: no matching rows in this year
Netherlands,2021,Research and Sciences,direct_rd,,,,,,,,gap: no matching rows in this year
Netherlands,2022,Research and Sciences,direct_rd,,,,,,,,gap: no matching rows in this year
Netherlands,2023,Research and Sciences,direct_rd,,,,,,,,gap: no matching rows in this year
Netherlands,2024,Research and Sciences,direct_rd,,,,,,,,gap: no matching rows in this year
Netherlands,2025,Research and Sciences,direct_rd,,,,,,,,gap: no matching rows in this year
Netherlands,1975,Research in the Field of Human Environment,direct_rd,,,,,,,,gap: no matching rows in this year
Netherlands,1976,Research in the Field of Human Environment,direct_rd,,,,,,,,gap: no matching rows in this year
Netherlands,1977,Research in the Field of Human Environment,direct_rd,,,,,,,,gap: no matching rows in this year
Netherlands,1978,Research in the Field of Human Environment,direct_rd,,,,,,,,gap: no matching rows in this year
Netherlands,1979,Research in the Field of Human Environment,direct_rd,,,,,,,,gap: no matching rows in this year
Netherlands,1980,Research in the Field of Human Environment,direct_rd,121000000.0,thousand,NLG,line_item,Research in the Field of Human Environment,1980 budget memorandum.pdf,53,This research is relevant for understanding human-environment interactions.
Netherlands,1981,Research in the Field of Human Environment,direct_rd,,,,,,,,gap: no matching rows in this year
Netherlands,1982,Research in the Field of Human Environment,direct_rd,,,,,,,,gap: no matching rows in this year
Netherlands,1983,Research in the Field of Human Environment,direct_rd,,,,,,,,gap: no matching rows in this year
Netherlands,1984,Research in the Field of Human Environment,direct_rd,,,,,,,,gap: no matching rows in this year
Netherlands,1985,Research in the Field of Human Environment,direct_rd,,,,,,,,gap: no matching rows in this year
Netherlands,1986,Research in the Field of Human Environment,direct_rd,,,,,,,,gap: no matching rows in this year
Netherlands,1987,Research in the Field of Human Environment,direct_rd,,,,,,,,gap: no matching rows in this year
Netherlands,1988,Research in the Field of Human Environment,direct_rd,,,,,,,,gap: no matching rows in this year
Netherlands,1989,Research in the Field of Human Environment,direct_rd,,,,,,,,gap: no matching rows in this year
Netherlands,1990,Research in the Field of Human Environment,direct_rd,,,,,,,,gap: no matching rows in this year
Netherlands,1991,Research in the Field of Human Environment,direct_rd,,,,,,,,gap: no matching rows in this year
Netherlands,1992,Research in the Field of Human Environment,direct_rd,,,,,,,,gap: no matching rows in this year
Netherlands,1993,Research in the Field of Human Environment,direct_rd,,,,,,,,gap: no matching rows in this year
Netherlands,1994,Research in the Field of Human Environment,direct_rd,,,,,,,,gap: no matching rows in this year
Netherlands,1995,Research in the Field of Human Environment,direct_rd,,,,,,,,gap: no matching rows in this year
Netherlands,1996,Research in the Field of Human Environment,direct_rd,,,,,,,,gap: no matching rows in this year
Netherlands,1997,Research in the Field of Human Environment,direct_rd,,,,,,,,gap: no matching rows in this year
Netherlands,1998,Research in the Field of Human Environment,direct_rd,,,,,,,,gap: no matching rows in this year
Netherlands,1999,Research in the Field of Human Environment,direct_rd,,,,,,,,gap: no matching rows in this year
Netherlands,2000,Research in the Field of Human Environment,direct_rd,,,,,,,,gap: no matching rows in this year
Netherlands,2001,Research in the Field of Human Environment,direct_rd,,,,,,,,gap: no matching rows in this year
Netherlands,2002,Research in the Field of Human Environment,direct_rd,,,,,,,,gap: no matching rows in this year
Netherlands,2003,Research in the Field of Human Environment,direct_rd,,,,,,,,gap: no matching rows in this year
Netherlands,2004,Research in the Field of Human Environment,direct_rd,,,,,,,,gap: no matching rows in this year
Netherlands,2005,Research in the Field of Human Environment,direct_rd,,,,,,,,gap: no matching rows in this year
Netherlands,2006,Research in the Field of Human Environment,direct_rd,,,,,,,,gap: no matching rows in this year
Netherlands,2007,Research in the Field of Human Environment,direct_rd,,,,,,,,gap: no matching rows in this year
Netherlands,2008,Research in the Field of Human Environment,direct_rd,,,,,,,,gap: no matching rows in this year
Netherlands,2009,Research in the Field of Human Environment,direct_rd,,,,,,,,gap: no matching rows in this year
Netherlands,2010,Research in the Field of Human Environment,direct_rd,,,,,,,,gap: no matching rows in this year
Netherlands,2011,Research in the Field of Human Environment,direct_rd,,,,,,,,gap: no matching rows in this year
Netherlands,2012,Research in the Field of Human Environment,direct_rd,,,,,,,,gap: no matching rows in this year
Netherlands,2013,Research in the Field of Human Environment,direct_rd,,,,,,,,gap: no matching rows in this year
Netherlands,2014,Research in the Field of Human Environment,direct_rd,,,,,,,,gap: no matching rows in this year
Netherlands,2015,Research in the Field of Human Environment,direct_rd,,,,,,,,gap: no matching rows in this year
Netherlands,2016,Research in the Field of Human Environment,direct_rd,,,,,,,,gap: no matching rows in this year
Netherlands,2017,Research in the Field of Human Environment,direct_rd,,,,,,,,gap: no matching rows in this year
Netherlands,2018,Research in the Field of Human Environment,direct_rd,,,,,,,,gap: no matching rows in this year
Netherlands,2019,Research in the Field of Human Environment,direct_rd,,,,,,,,gap: no matching rows in this year
Netherlands,2020,Research in the Field of Human Environment,direct_rd,,,,,,,,gap: no matching rows in this year
Netherlands,2021,Research in the Field of Human Environment,direct_rd,,,,,,,,gap: no matching rows in this year
Netherlands,2022,Research in the Field of Human Environment,direct_rd,,,,,,,,gap: no matching rows in this year
Netherlands,2023,Research in the Field of Human Environment,direct_rd,,,,,,,,gap: no matching rows in this year
Netherlands,2024,Research in the Field of Human Environment,direct_rd,,,,,,,,gap: no matching rows in this year
Netherlands,2025,Research in the Field of Human Environment,direct_rd,,,,,,,,gap: no matching rows in this year
Netherlands,1975,Research in the Field of Industry and Trade,direct_rd,,,,,,,,gap: no matching rows in this year
Netherlands,1976,Research in the Field of Industry and Trade,direct_rd,,,,,,,,gap: no matching rows in this year
Netherlands,1977,Research in the Field of Industry and Trade,direct_rd,,,,,,,,gap: no matching rows in this year
Netherlands,1978,Research in the Field of Industry and Trade,direct_rd,,,,,,,,gap: no matching rows in this year
Netherlands,1979,Research in the Field of Industry and Trade,direct_rd,,,,,,,,gap: no matching rows in this year
Netherlands,1980,Research in the Field of Industry and Trade,direct_rd,174000000.0,thousand,NLG,line_item,Research in the Field of Industry and Trade,1980 budget memorandum.pdf,53,"This research program focuses on industry and trade, which is relevant for R&D."
Netherlands,1981,Research in the Field of Industry and Trade,direct_rd,,,,,,,,gap: no matching rows in this year
Netherlands,1982,Research in the Field of Industry and Trade,direct_rd,,,,,,,,gap: no matching rows in this year
Netherlands,1983,Research in the Field of Industry and Trade,direct_rd,,,,,,,,gap: no matching rows in this year
Netherlands,1984,Research in the Field of Industry and Trade,direct_rd,,,,,,,,gap: no matching rows in this year
Netherlands,1985,Research in the Field of Industry and Trade,direct_rd,,,,,,,,gap: no matching rows in this year
Netherlands,1986,Research in the Field of Industry and Trade,direct_rd,,,,,,,,gap: no matching rows in this year
Netherlands,1987,Research in the Field of Industry and Trade,direct_rd,,,,,,,,gap: no matching rows in this year
Netherlands,1988,Research in the Field of Industry and Trade,direct_rd,,,,,,,,gap: no matching rows in this year
Netherlands,1989,Research in the Field of Industry and Trade,direct_rd,,,,,,,,gap: no matching rows in this year
Netherlands,1990,Research in the Field of Industry and Trade,direct_rd,,,,,,,,gap: no matching rows in this year
Netherlands,1991,Research in the Field of Industry and Trade,direct_rd,,,,,,,,gap: no matching rows in this year
Netherlands,1992,Research in the Field of Industry and Trade,direct_rd,,,,,,,,gap: no matching rows in this year
Netherlands,1993,Research in the Field of Industry and Trade,direct_rd,,,,,,,,gap: no matching rows in this year
Netherlands,1994,Research in the Field of Industry and Trade,direct_rd,,,,,,,,gap: no matching rows in this year
Netherlands,1995,Research in the Field of Industry and Trade,direct_rd,,,,,,,,gap: no matching rows in this year
Netherlands,1996,Research in the Field of Industry and Trade,direct_rd,,,,,,,,gap: no matching rows in this year
Netherlands,1997,Research in the Field of Industry and Trade,direct_rd,,,,,,,,gap: no matching rows in this year
Netherlands,1998,Research in the Field of Industry and Trade,direct_rd,,,,,,,,gap: no matching rows in this year
Netherlands,1999,Research in the Field of Industry and Trade,direct_rd,,,,,,,,gap: no matching rows in this year
Netherlands,2000,Research in the Field of Industry and Trade,direct_rd,,,,,,,,gap: no matching rows in this year
Netherlands,2001,Research in the Field of Industry and Trade,direct_rd,,,,,,,,gap: no matching rows in this year
Netherlands,2002,Research in the Field of Industry and Trade,direct_rd,,,,,,,,gap: no matching rows in this year
Netherlands,2003,Research in the Field of Industry and Trade,direct_rd,,,,,,,,gap: no matching rows in this year
Netherlands,2004,Research in the Field of Industry and Trade,direct_rd,,,,,,,,gap: no matching rows in this year
Netherlands,2005,Research in the Field of Industry and Trade,direct_rd,,,,,,,,gap: no matching rows in this year
Netherlands,2006,Research in the Field of Industry and Trade,direct_rd,,,,,,,,gap: no matching rows in this year
Netherlands,2007,Research in the Field of Industry and Trade,direct_rd,,,,,,,,gap: no matching rows in this year
Netherlands,2008,Research in the Field of Industry and Trade,direct_rd,,,,,,,,gap: no matching rows in this year
Netherlands,2009,Research in the Field of Industry and Trade,direct_rd,,,,,,,,gap: no matching rows in this year
Netherlands,2010,Research in the Field of Industry and Trade,direct_rd,,,,,,,,gap: no matching rows in this year
Netherlands,2011,Research in the Field of Industry and Trade,direct_rd,,,,,,,,gap: no matching rows in this year
Netherlands,2012,Research in the Field of Industry and Trade,direct_rd,,,,,,,,gap: no matching rows in this year
Netherlands,2013,Research in the Field of Industry and Trade,direct_rd,,,,,,,,gap: no matching rows in this year
Netherlands,2014,Research in the Field of Industry and Trade,direct_rd,,,,,,,,gap: no matching rows in this year
Netherlands,2015,Research in the Field of Industry and Trade,direct_rd,,,,,,,,gap: no matching rows in this year
Netherlands,2016,Research in the Field of Industry and Trade,direct_rd,,,,,,,,gap: no matching rows in this year
Netherlands,2017,Research in the Field of Industry and Trade,direct_rd,,,,,,,,gap: no matching rows in this year
Netherlands,2018,Research in the Field of Industry and Trade,direct_rd,,,,,,,,gap: no matching rows in this year
Netherlands,2019,Research in the Field of Industry and Trade,direct_rd,,,,,,,,gap: no matching rows in this year
Netherlands,2020,Research in the Field of Industry and Trade,direct_rd,,,,,,,,gap: no matching rows in this year
Netherlands,2021,Research in the Field of Industry and Trade,direct_rd,,,,,,,,gap: no matching rows in this year
Netherlands,2022,Research in the Field of Industry and Trade,direct_rd,,,,,,,,gap: no matching rows in this year
Netherlands,2023,Research in the Field of Industry and Trade,direct_rd,,,,,,,,gap: no matching rows in this year
Netherlands,2024,Research in the Field of Industry and Trade,direct_rd,,,,,,,,gap: no matching rows in this year
Netherlands,2025,Research in the Field of Industry and Trade,direct_rd,,,,,,,,gap: no matching rows in this year
Netherlands,1975,Research institutions,science_agency,,,,,,,,gap: no matching rows in this year
Netherlands,1976,Research institutions,science_agency,,,,,,,,gap: no matching rows in this year
Netherlands,1977,Research institutions,science_agency,,,,,,,,gap: no matching rows in this year
Netherlands,1978,Research institutions,science_agency,,,,,,,,gap: no matching rows in this year
Netherlands,1979,Research institutions,science_agency,,,,,,,,gap: no matching rows in this year
Netherlands,1980,Research institutions,science_agency,,,,,,,,gap: no matching rows in this year
Netherlands,1981,Research institutions,science_agency,,,,,,,,gap: no matching rows in this year
Netherlands,1982,Research institutions,science_agency,,,,,,,,gap: no matching rows in this year
Netherlands,1983,Research institutions,science_agency,,,,,,,,gap: no matching rows in this year
Netherlands,1984,Research institutions,science_agency,,,,,,,,gap: no matching rows in this year
Netherlands,1985,Research institutions,science_agency,,,,,,,,gap: no matching rows in this year
Netherlands,1986,Research institutions,science_agency,,,,,,,,gap: no matching rows in this year
Netherlands,1987,Research institutions,science_agency,,,,,,,,gap: no matching rows in this year
Netherlands,1988,Research institutions,science_agency,132000000.0,thousand,NLG,line_item,"Subsidies, contributions to international research institutions",1988 budget memorandum.pdf,115,Research institutions are directly involved in R&D activities.
Netherlands,1989,Research institutions,science_agency,93000000.0,thousand,NLG,line_item,Contributions to international research institutions,1989 budget memorandum.pdf,160,Research institutions are directly involved in R&D activities.
Netherlands,1990,Research institutions,science_agency,101000000.0,thousand,NLG,line_item,Contributions to international research institutions,1990 budget memorandum.pdf,146,Research institutions are directly involved in R&D activities.
Netherlands,1991,Research institutions,science_agency,,,,,,,,gap: no matching rows in this year
Netherlands,1992,Research institutions,science_agency,,,,,,,,gap: no matching rows in this year
Netherlands,1993,Research institutions,science_agency,,,,,,,,gap: no matching rows in this year
Netherlands,1994,Research institutions,science_agency,1084000000.0,thousand,NLG,line_item,Research institutions,1994 budget memorandum.pdf,131,Research institutions are directly involved in R&D activities.
Netherlands,1995,Research institutions,science_agency,,,,,,,,gap: no matching rows in this year
Netherlands,1996,Research institutions,science_agency,,,,,,,,gap: no matching rows in this year
Netherlands,1997,Research institutions,science_agency,,,,,,,,gap: no matching rows in this year
Netherlands,1998,Research institutions,science_agency,,,,,,,,gap: no matching rows in this year
Netherlands,1999,Research institutions,science_agency,,,,,,,,gap: no matching rows in this year
Netherlands,2000,Research institutions,science_agency,,,,,,,,gap: no matching rows in this year
Netherlands,2001,Research institutions,science_agency,,,,,,,,gap: no matching rows in this year
Netherlands,2002,Research institutions,science_agency,,,,,,,,gap: no matching rows in this year
Netherlands,2003,Research institutions,science_agency,,,,,,,,gap: no matching rows in this year
Netherlands,2004,Research institutions,science_agency,,,,,,,,gap: no matching rows in this year
Netherlands,2005,Research institutions,science_agency,,,,,,,,gap: no matching rows in this year
Netherlands,2006,Research institutions,science_agency,,,,,,,,gap: no matching rows in this year
Netherlands,2007,Research institutions,science_agency,,,,,,,,gap: no matching rows in this year
Netherlands,2008,Research institutions,science_agency,,,,,,,,gap: no matching rows in this year
Netherlands,2009,Research institutions,science_agency,,,,,,,,gap: no matching rows in this year
Netherlands,2010,Research institutions,science_agency,,,,,,,,gap: no matching rows in this year
Netherlands,2011,Research institutions,science_agency,,,,,,,,gap: no matching rows in this year
Netherlands,2012,Research institutions,science_agency,,,,,,,,gap: no matching rows in this year
Netherlands,2013,Research institutions,science_agency,,,,,,,,gap: no matching rows in this year
Netherlands,2014,Research institutions,science_agency,,,,,,,,gap: no matching rows in this year
Netherlands,2015,Research institutions,science_agency,,,,,,,,gap: no matching rows in this year
Netherlands,2016,Research institutions,science_agency,,,,,,,,gap: no matching rows in this year
Netherlands,2017,Research institutions,science_agency,,,,,,,,gap: no matching rows in this year
Netherlands,2018,Research institutions,science_agency,,,,,,,,gap: no matching rows in this year
Netherlands,2019,Research institutions,science_agency,,,,,,,,gap: no matching rows in this year
Netherlands,2020,Research institutions,science_agency,,,,,,,,gap: no matching rows in this year
Netherlands,2021,Research institutions,science_agency,,,,,,,,gap: no matching rows in this year
Netherlands,2022,Research institutions,science_agency,,,,,,,,gap: no matching rows in this year
Netherlands,2023,Research institutions,science_agency,,,,,,,,gap: no matching rows in this year
Netherlands,2024,Research institutions,science_agency,,,,,,,,gap: no matching rows in this year
Netherlands,2025,Research institutions,science_agency,,,,,,,,gap: no matching rows in this year
Netherlands,1975,Rijksuniversiteit Groningen (RUG),higher_education,,,,,,,,gap: no matching rows in this year
Netherlands,1976,Rijksuniversiteit Groningen (RUG),higher_education,,,,,,,,gap: no matching rows in this year
Netherlands,1977,Rijksuniversiteit Groningen (RUG),higher_education,,,,,,,,gap: no matching rows in this year
Netherlands,1978,Rijksuniversiteit Groningen (RUG),higher_education,,,,,,,,gap: no matching rows in this year
Netherlands,1979,Rijksuniversiteit Groningen (RUG),higher_education,,,,,,,,gap: no matching rows in this year
Netherlands,1980,Rijksuniversiteit Groningen (RUG),higher_education,,,,,,,,gap: no matching rows in this year
Netherlands,1981,Rijksuniversiteit Groningen (RUG),higher_education,,,,,,,,gap: no matching rows in this year
Netherlands,1982,Rijksuniversiteit Groningen (RUG),higher_education,,,,,,,,gap: no matching rows in this year
Netherlands,1983,Rijksuniversiteit Groningen (RUG),higher_education,,,,,,,,gap: no matching rows in this year
Netherlands,1984,Rijksuniversiteit Groningen (RUG),higher_education,,,,,,,,gap: no matching rows in this year
Netherlands,1985,Rijksuniversiteit Groningen (RUG),higher_education,,,,,,,,gap: no matching rows in this year
Netherlands,1986,Rijksuniversiteit Groningen (RUG),higher_education,,,,,,,,gap: no matching rows in this year
Netherlands,1987,Rijksuniversiteit Groningen (RUG),higher_education,,,,,,,,gap: no matching rows in this year
Netherlands,1988,Rijksuniversiteit Groningen (RUG),higher_education,,,,,,,,gap: no matching rows in this year
Netherlands,1989,Rijksuniversiteit Groningen (RUG),higher_education,,,,,,,,gap: no matching rows in this year
Netherlands,1990,Rijksuniversiteit Groningen (RUG),higher_education,,,,,,,,gap: no matching rows in this year
Netherlands,1991,Rijksuniversiteit Groningen (RUG),higher_education,,,,,,,,gap: no matching rows in this year
Netherlands,1992,Rijksuniversiteit Groningen (RUG),higher_education,,,,,,,,gap: no matching rows in this year
Netherlands,1993,Rijksuniversiteit Groningen (RUG),higher_education,,,,,,,,gap: no matching rows in this year
Netherlands,1994,Rijksuniversiteit Groningen (RUG),higher_education,,,,,,,,gap: no matching rows in this year
Netherlands,1995,Rijksuniversiteit Groningen (RUG),higher_education,,,,,,,,gap: no matching rows in this year
Netherlands,1996,Rijksuniversiteit Groningen (RUG),higher_education,,,,,,,,gap: no matching rows in this year
Netherlands,1997,Rijksuniversiteit Groningen (RUG),higher_education,,,,,,,,gap: no matching rows in this year
Netherlands,1998,Rijksuniversiteit Groningen (RUG),higher_education,,,,,,,,gap: no matching rows in this year
Netherlands,1999,Rijksuniversiteit Groningen (RUG),higher_education,,,,,,,,gap: no matching rows in this year
Netherlands,2000,Rijksuniversiteit Groningen (RUG),higher_education,,,,,,,,gap: no matching rows in this year
Netherlands,2001,Rijksuniversiteit Groningen (RUG),higher_education,,,,,,,,gap: no matching rows in this year
Netherlands,2002,Rijksuniversiteit Groningen (RUG),higher_education,,,,,,,,gap: no matching rows in this year
Netherlands,2003,Rijksuniversiteit Groningen (RUG),higher_education,,,,,,,,gap: no matching rows in this year
Netherlands,2004,Rijksuniversiteit Groningen (RUG),higher_education,,,,,,,,gap: no matching rows in this year
Netherlands,2005,Rijksuniversiteit Groningen (RUG),higher_education,,,,,,,,gap: no matching rows in this year
Netherlands,2006,Rijksuniversiteit Groningen (RUG),higher_education,,,,,,,,gap: no matching rows in this year
Netherlands,2007,Rijksuniversiteit Groningen (RUG),higher_education,,,,,,,,gap: no matching rows in this year
Netherlands,2008,Rijksuniversiteit Groningen (RUG),higher_education,,,,,,,,gap: no matching rows in this year
Netherlands,2009,Rijksuniversiteit Groningen (RUG),higher_education,,,,,,,,gap: no matching rows in this year
Netherlands,2010,Rijksuniversiteit Groningen (RUG),higher_education,,,,,,,,gap: no matching rows in this year
Netherlands,2011,Rijksuniversiteit Groningen (RUG),higher_education,,,,,,,,gap: no matching rows in this year
Netherlands,2012,Rijksuniversiteit Groningen (RUG),higher_education,,,,,,,,gap: no matching rows in this year
Netherlands,2013,Rijksuniversiteit Groningen (RUG),higher_education,,,,,,,,gap: no matching rows in this year
Netherlands,2014,Rijksuniversiteit Groningen (RUG),higher_education,,,,,,,,gap: no matching rows in this year
Netherlands,2015,Rijksuniversiteit Groningen (RUG),higher_education,,,,,,,,gap: no matching rows in this year
Netherlands,2016,Rijksuniversiteit Groningen (RUG),higher_education,,,,,,,,gap: no matching rows in this year
Netherlands,2017,Rijksuniversiteit Groningen (RUG),higher_education,,,,,,,,gap: no matching rows in this year
Netherlands,2018,Rijksuniversiteit Groningen (RUG),higher_education,,,,,,,,gap: no matching rows in this year
Netherlands,2019,Rijksuniversiteit Groningen (RUG),higher_education,,,,,,,,gap: no matching rows in this year
Netherlands,2020,Rijksuniversiteit Groningen (RUG),higher_education,,,,,,,,gap: no matching rows in this year
Netherlands,2021,Rijksuniversiteit Groningen (RUG),higher_education,,,,,,,,gap: no matching rows in this year
Netherlands,2022,Rijksuniversiteit Groningen (RUG),higher_education,,,,,,,,gap: no matching rows in this year
Netherlands,2023,Rijksuniversiteit Groningen (RUG),higher_education,,,,,,,,gap: no matching rows in this year
Netherlands,2024,Rijksuniversiteit Groningen (RUG),higher_education,,,,,,,,gap: no matching rows in this year
Netherlands,2025,Rijksuniversiteit Groningen (RUG),higher_education,,,,,,,,gap: no matching rows in this year
Netherlands,1975,Science and Knowledge Transfer,direct_rd,,,,,,,,gap: no matching rows in this year
Netherlands,1976,Science and Knowledge Transfer,direct_rd,,,,,,,,gap: no matching rows in this year
Netherlands,1977,Science and Knowledge Transfer,direct_rd,,,,,,,,gap: no matching rows in this year
Netherlands,1978,Science and Knowledge Transfer,direct_rd,,,,,,,,gap: no matching rows in this year
Netherlands,1979,Science and Knowledge Transfer,direct_rd,,,,,,,,gap: no matching rows in this year
Netherlands,1980,Science and Knowledge Transfer,direct_rd,,,,,,,,gap: no matching rows in this year
Netherlands,1981,Science and Knowledge Transfer,direct_rd,,,,,,,,gap: no matching rows in this year
Netherlands,1982,Science and Knowledge Transfer,direct_rd,,,,,,,,gap: no matching rows in this year
Netherlands,1983,Science and Knowledge Transfer,direct_rd,,,,,,,,gap: no matching rows in this year
Netherlands,1984,Science and Knowledge Transfer,direct_rd,,,,,,,,gap: no matching rows in this year
Netherlands,1985,Science and Knowledge Transfer,direct_rd,,,,,,,,gap: no matching rows in this year
Netherlands,1986,Science and Knowledge Transfer,direct_rd,,,,,,,,gap: no matching rows in this year
Netherlands,1987,Science and Knowledge Transfer,direct_rd,,,,,,,,gap: no matching rows in this year
Netherlands,1988,Science and Knowledge Transfer,direct_rd,,,,,,,,gap: no matching rows in this year
Netherlands,1989,Science and Knowledge Transfer,direct_rd,,,,,,,,gap: no matching rows in this year
Netherlands,1990,Science and Knowledge Transfer,direct_rd,,,,,,,,gap: no matching rows in this year
Netherlands,1991,Science and Knowledge Transfer,direct_rd,,,,,,,,gap: no matching rows in this year
Netherlands,1992,Science and Knowledge Transfer,direct_rd,,,,,,,,gap: no matching rows in this year
Netherlands,1993,Science and Knowledge Transfer,direct_rd,,,,,,,,gap: no matching rows in this year
Netherlands,1994,Science and Knowledge Transfer,direct_rd,,,,,,,,gap: no matching rows in this year
Netherlands,1995,Science and Knowledge Transfer,direct_rd,,,,,,,,gap: no matching rows in this year
Netherlands,1996,Science and Knowledge Transfer,direct_rd,0.0,thousand,NLG,section_total,Science and Knowledge Transfer,1996 budget memorandum.pdf,118,"This program focuses on transferring scientific knowledge, directly relevant to R&D."
Netherlands,1997,Science and Knowledge Transfer,direct_rd,,,,,,,,gap: no matching rows in this year
Netherlands,1998,Science and Knowledge Transfer,direct_rd,,,,,,,,gap: no matching rows in this year
Netherlands,1999,Science and Knowledge Transfer,direct_rd,,,,,,,,gap: no matching rows in this year
Netherlands,2000,Science and Knowledge Transfer,direct_rd,,,,,,,,gap: no matching rows in this year
Netherlands,2001,Science and Knowledge Transfer,direct_rd,,,,,,,,"This program focuses on transferring scientific knowledge, directly relevant to R&D."
Netherlands,2002,Science and Knowledge Transfer,direct_rd,,,,,,,,gap: no matching rows in this year
Netherlands,2003,Science and Knowledge Transfer,direct_rd,,,,,,,,gap: no matching rows in this year
Netherlands,2004,Science and Knowledge Transfer,direct_rd,,,,,,,,gap: no matching rows in this year
Netherlands,2005,Science and Knowledge Transfer,direct_rd,,,,,,,,gap: no matching rows in this year
Netherlands,2006,Science and Knowledge Transfer,direct_rd,,,,,,,,gap: no matching rows in this year
Netherlands,2007,Science and Knowledge Transfer,direct_rd,,,,,,,,gap: no matching rows in this year
Netherlands,2008,Science and Knowledge Transfer,direct_rd,,,,,,,,gap: no matching rows in this year
Netherlands,2009,Science and Knowledge Transfer,direct_rd,,,,,,,,gap: no matching rows in this year
Netherlands,2010,Science and Knowledge Transfer,direct_rd,,,,,,,,gap: no matching rows in this year
Netherlands,2011,Science and Knowledge Transfer,direct_rd,,,,,,,,gap: no matching rows in this year
Netherlands,2012,Science and Knowledge Transfer,direct_rd,,,,,,,,gap: no matching rows in this year
Netherlands,2013,Science and Knowledge Transfer,direct_rd,,,,,,,,gap: no matching rows in this year
Netherlands,2014,Science and Knowledge Transfer,direct_rd,,,,,,,,gap: no matching rows in this year
Netherlands,2015,Science and Knowledge Transfer,direct_rd,,,,,,,,gap: no matching rows in this year
Netherlands,2016,Science and Knowledge Transfer,direct_rd,,,,,,,,gap: no matching rows in this year
Netherlands,2017,Science and Knowledge Transfer,direct_rd,,,,,,,,gap: no matching rows in this year
Netherlands,2018,Science and Knowledge Transfer,direct_rd,,,,,,,,gap: no matching rows in this year
Netherlands,2019,Science and Knowledge Transfer,direct_rd,,,,,,,,gap: no matching rows in this year
Netherlands,2020,Science and Knowledge Transfer,direct_rd,,,,,,,,gap: no matching rows in this year
Netherlands,2021,Science and Knowledge Transfer,direct_rd,,,,,,,,gap: no matching rows in this year
Netherlands,2022,Science and Knowledge Transfer,direct_rd,,,,,,,,gap: no matching rows in this year
Netherlands,2023,Science and Knowledge Transfer,direct_rd,,,,,,,,gap: no matching rows in this year
Netherlands,2024,Science and Knowledge Transfer,direct_rd,,,,,,,,gap: no matching rows in this year
Netherlands,2025,Science and Knowledge Transfer,direct_rd,,,,,,,,gap: no matching rows in this year
Netherlands,1975,Scientific Research and Development,direct_rd,,,,,,,,gap: no matching rows in this year
Netherlands,1976,Scientific Research and Development,direct_rd,,,,,,,,gap: no matching rows in this year
Netherlands,1977,Scientific Research and Development,direct_rd,,,,,,,,gap: no matching rows in this year
Netherlands,1978,Scientific Research and Development,direct_rd,,,,,,,,gap: no matching rows in this year
Netherlands,1979,Scientific Research and Development,direct_rd,,,,,,,,gap: no matching rows in this year
Netherlands,1980,Scientific Research and Development,direct_rd,,,,,,,,gap: no matching rows in this year
Netherlands,1981,Scientific Research and Development,direct_rd,,,,,,,,gap: no matching rows in this year
Netherlands,1982,Scientific Research and Development,direct_rd,,,,,,,,gap: no matching rows in this year
Netherlands,1983,Scientific Research and Development,direct_rd,,,,,,,,gap: no matching rows in this year
Netherlands,1984,Scientific Research and Development,direct_rd,,,,,,,,gap: no matching rows in this year
Netherlands,1985,Scientific Research and Development,direct_rd,,,,,,,,gap: no matching rows in this year
Netherlands,1986,Scientific Research and Development,direct_rd,,,,,,,,gap: no matching rows in this year
Netherlands,1987,Scientific Research and Development,direct_rd,,,,,,,,gap: no matching rows in this year
Netherlands,1988,Scientific Research and Development,direct_rd,,,,,,,,gap: no matching rows in this year
Netherlands,1989,Scientific Research and Development,direct_rd,,,,,,,,gap: no matching rows in this year
Netherlands,1990,Scientific Research and Development,direct_rd,,,,,,,,gap: no matching rows in this year
Netherlands,1991,Scientific Research and Development,direct_rd,,,,,,,,gap: no matching rows in this year
Netherlands,1992,Scientific Research and Development,direct_rd,,,,,,,,gap: no matching rows in this year
Netherlands,1993,Scientific Research and Development,direct_rd,,,,,,,,gap: no matching rows in this year
Netherlands,1994,Scientific Research and Development,direct_rd,,,,,,,,gap: no matching rows in this year
Netherlands,1995,Scientific Research and Development,direct_rd,,,,,,,,gap: no matching rows in this year
Netherlands,1996,Scientific Research and Development,direct_rd,,,,,,,,gap: no matching rows in this year
Netherlands,1997,Scientific Research and Development,direct_rd,,,,,,,,gap: no matching rows in this year
Netherlands,1998,Scientific Research and Development,direct_rd,,,,,,,,gap: no matching rows in this year
Netherlands,1999,Scientific Research and Development,direct_rd,,,,,,,,gap: no matching rows in this year
Netherlands,2000,Scientific Research and Development,direct_rd,,,,,,,,gap: no matching rows in this year
Netherlands,2001,Scientific Research and Development,direct_rd,,,,,,,,gap: no matching rows in this year
Netherlands,2002,Scientific Research and Development,direct_rd,61949000.0,euro,EUR,line_item,Scientific research and development,2002_ministry10.pdf,4,This entity explicitly mentions scientific research and development.
Netherlands,2003,Scientific Research and Development,direct_rd,,,,,,,,gap: no matching rows in this year
Netherlands,2004,Scientific Research and Development,direct_rd,,,,,,,,gap: no matching rows in this year
Netherlands,2005,Scientific Research and Development,direct_rd,,,,,,,,gap: no matching rows in this year
Netherlands,2006,Scientific Research and Development,direct_rd,,,,,,,,gap: no matching rows in this year
Netherlands,2007,Scientific Research and Development,direct_rd,,,,,,,,gap: no matching rows in this year
Netherlands,2008,Scientific Research and Development,direct_rd,,,,,,,,gap: no matching rows in this year
Netherlands,2009,Scientific Research and Development,direct_rd,,,,,,,,gap: no matching rows in this year
Netherlands,2010,Scientific Research and Development,direct_rd,,,,,,,,gap: no matching rows in this year
Netherlands,2011,Scientific Research and Development,direct_rd,,,,,,,,gap: no matching rows in this year
Netherlands,2012,Scientific Research and Development,direct_rd,,,,,,,,gap: no matching rows in this year
Netherlands,2013,Scientific Research and Development,direct_rd,,,,,,,,gap: no matching rows in this year
Netherlands,2014,Scientific Research and Development,direct_rd,,,,,,,,gap: no matching rows in this year
Netherlands,2015,Scientific Research and Development,direct_rd,,,,,,,,gap: no matching rows in this year
Netherlands,2016,Scientific Research and Development,direct_rd,,,,,,,,gap: no matching rows in this year
Netherlands,2017,Scientific Research and Development,direct_rd,,,,,,,,gap: no matching rows in this year
Netherlands,2018,Scientific Research and Development,direct_rd,,,,,,,,gap: no matching rows in this year
Netherlands,2019,Scientific Research and Development,direct_rd,,,,,,,,gap: no matching rows in this year
Netherlands,2020,Scientific Research and Development,direct_rd,,,,,,,,gap: no matching rows in this year
Netherlands,2021,Scientific Research and Development,direct_rd,,,,,,,,gap: no matching rows in this year
Netherlands,2022,Scientific Research and Development,direct_rd,,,,,,,,gap: no matching rows in this year
Netherlands,2023,Scientific Research and Development,direct_rd,,,,,,,,gap: no matching rows in this year
Netherlands,2024,Scientific Research and Development,direct_rd,,,,,,,,gap: no matching rows in this year
Netherlands,2025,Scientific Research and Development,direct_rd,,,,,,,,gap: no matching rows in this year
Netherlands,1975,Scientific education,higher_education,3660000000.0,thousand,NLG,line_item,Scientific education,1975 budget memorandum.pdf,92,"This entity supports education in scientific fields, which is relevant to R&D."
Netherlands,1976,Scientific education,higher_education,0.0,thousand,NLG,section_total,Total Scientific Education,1976 budget memorandum.pdf,48,"This entity supports education in scientific fields, which is relevant to R&D."
Netherlands,1977,Scientific education,higher_education,256000000.0,thousand,NLG,line_item,Investments in scientific education,1977 budget memorandum.pdf,79,"This entity supports education in scientific fields, which is relevant to R&D."
Netherlands,1978,Scientific education,higher_education,298000000.0,thousand,NLG,program_total,Investments in scientific education,1978 budget memorandum.pdf,192,"This entity supports education in scientific fields, which is relevant to R&D."
Netherlands,1979,Scientific education,higher_education,3300000000.0,thousand,NLG,line_item,Scientific education,1979 budget memorandum.pdf,62,"This entity supports education in scientific fields, which is relevant to R&D."
Netherlands,1980,Scientific education,higher_education,3500000000.0,thousand,NLG,section_total,Scientific education,1980 budget memorandum.pdf,46,"This entity supports education in scientific fields, which is relevant to R&D."
Netherlands,1981,Scientific education,higher_education,898000000.0,thousand,NLG,program_total,Investments in Scientific Education,1981 budget memorandum.pdf,111,"This entity supports education in scientific fields, which is relevant to R&D."
Netherlands,1982,Scientific education,higher_education,,,,,,,,gap: no matching rows in this year
Netherlands,1983,Scientific education,higher_education,,,,,,,,gap: no matching rows in this year
Netherlands,1984,Scientific education,higher_education,1000000000.0,thousand,NLG,program_total,Scientific education,1984 budget memorandum.pdf,157,"This entity supports education in scientific fields, which is relevant to R&D."
Netherlands,1985,Scientific education,higher_education,,,,,,,,gap: no matching rows in this year
Netherlands,1986,Scientific education,higher_education,4900000000.0,thousand,NLG,line_item,Expenditures for scientific education and research,1986 budget memorandum.pdf,95,"This entity supports education in scientific fields, which is relevant to R&D."
Netherlands,1987,Scientific education,higher_education,5100000000.0,thousand,NLG,line_item,"For scientific education and research, including academic hospitals, 5.1 billion is available.",1987 budget memorandum.pdf,101,"This entity supports education in scientific fields, which is relevant to R&D."
Netherlands,1988,Scientific education,higher_education,,,,,,,,gap: no matching rows in this year
Netherlands,1989,Scientific education,higher_education,348000000.0,thousand,NLG,section_total,Scientific education,1989 budget memorandum.pdf,358,"This entity supports education in scientific fields, which is relevant to R&D."
Netherlands,1990,Scientific education,higher_education,,,,,,,,gap: no matching rows in this year
Netherlands,1991,Scientific education,higher_education,,,,,,,,gap: no matching rows in this year
Netherlands,1992,Scientific education,higher_education,4570000000.0,thousand,NLG,section_total,Total Scientific Education,1992 budget memorandum.pdf,111,"This entity supports education in scientific fields, which is relevant to R&D."
Netherlands,1993,Scientific education,higher_education,,,,,,,,gap: no matching rows in this year
Netherlands,1994,Scientific education,higher_education,4793000000.0,thousand,NLG,section_total,Scientific education,1994 budget memorandum.pdf,131,"This entity supports education in scientific fields, which is relevant to R&D."
Netherlands,1995,Scientific education,higher_education,4808000000.0,thousand,NLG,program_total,Scientific Education,1995 budget memorandum.pdf,108,"This entity supports education in scientific fields, which is relevant to R&D."
Netherlands,1996,Scientific education,higher_education,,,,,,,,gap: no matching rows in this year
Netherlands,1997,Scientific education,higher_education,,,,,,,,gap: no matching rows in this year
Netherlands,1998,Scientific education,higher_education,0.0,thousand,NLG,section_total,Total Scientific Education,1998 budget memorandum.pdf,94,"This entity supports education in scientific fields, which is relevant to R&D."
Netherlands,1999,Scientific education,higher_education,1230000000.0,thousand,NLG,section_total,Total Scientific Education,1999 budget memorandum.pdf,202,"This entity supports education in scientific fields, which is relevant to R&D."
Netherlands,2000,Scientific education,higher_education,5707000000.0,thousand,NLG,program_total,Scientific education,2000_ministry8.pdf,3,"This entity supports education in scientific fields, which is relevant to R&D."
Netherlands,2001,Scientific education,higher_education,,,,,,,,"This entity supports education in scientific fields, which is relevant to R&D."
Netherlands,2002,Scientific education,higher_education,,,,,,,,gap: no matching rows in this year
Netherlands,2003,Scientific education,higher_education,,,,,,,,gap: no matching rows in this year
Netherlands,2004,Scientific education,higher_education,3179446000.0,euro,EUR,program_total,Scientific education,2004_ministry8.pdf,7,"This entity supports education in scientific fields, which is relevant to R&D."
Netherlands,2005,Scientific education,higher_education,3255926000.0,euro,EUR,program_total,Scientific education,2005_ministry8.pdf,4,"This entity supports education in scientific fields, which is relevant to R&D."
Netherlands,2006,Scientific education,higher_education,,,,,,,,gap: no matching rows in this year
Netherlands,2007,Scientific education,higher_education,3467043000.0,euro,EUR,program_total,Scientific Education,2007_ministry8.pdf,4,"This entity supports education in scientific fields, which is relevant to R&D."
Netherlands,2008,Scientific education,higher_education,,,,,,,,gap: no matching rows in this year
Netherlands,2009,Scientific education,higher_education,3664366000.0,euro,EUR,program_total,Scientific education,2009_ministry8.pdf,7,"This entity supports education in scientific fields, which is relevant to R&D."
Netherlands,2010,Scientific education,higher_education,3809083000.0,euro,EUR,program_total,Scientific education,2010_ministry8.pdf,4,"This entity supports education in scientific fields, which is relevant to R&D."
Netherlands,2011,Scientific education,higher_education,3915245000.0,euro,EUR,line_item,Scientific education,2011_ministry8.pdf,5,"This entity supports education in scientific fields, which is relevant to R&D."
Netherlands,2012,Scientific education,higher_education,,,,,,,,gap: no matching rows in this year
Netherlands,2013,Scientific education,higher_education,,,,,,,,gap: no matching rows in this year
Netherlands,2014,Scientific education,higher_education,4033802000.0,euro,EUR,program_total,Scientific education,2014_ministry8.pdf,3,"This entity supports education in scientific fields, which is relevant to R&D."
Netherlands,2015,Scientific education,higher_education,4145632000.0,euro,EUR,program_total,Scientific education,2015_ministry8.pdf,3,"This entity supports education in scientific fields, which is relevant to R&D."
Netherlands,2016,Scientific education,higher_education,4160209.0,euro,EUR,program_total,Scientific education,2016_ministry8.pdf,3,"This entity supports education in scientific fields, which is relevant to R&D."
Netherlands,2017,Scientific education,higher_education,4310149000.0,euro,EUR,program_total,Scientific education,2017_ministry8.pdf,3,"This entity supports education in scientific fields, which is relevant to R&D."
Netherlands,2018,Scientific education,higher_education,4483810.0,euro,EUR,program_total,Scientific education,2018_ministry8.pdf,3,"This entity supports education in scientific fields, which is relevant to R&D."
Netherlands,2019,Scientific education,higher_education,4898729000.0,euro,EUR,program_total,Scientific education,2019_ministry8.pdf,3,"This entity supports education in scientific fields, which is relevant to R&D."
Netherlands,2020,Scientific education,higher_education,5202998000.0,euro,EUR,line_item,Scientific education,2020_ministry8.pdf,5,"This entity supports education in scientific fields, which is relevant to R&D."
Netherlands,2021,Scientific education,higher_education,,,,,,,,gap: no matching rows in this year
Netherlands,2022,Scientific education,higher_education,,,,,,,,gap: no matching rows in this year
Netherlands,2023,Scientific education,higher_education,,,,,,,,gap: no matching rows in this year
Netherlands,2024,Scientific education,higher_education,,,,,,,,gap: no matching rows in this year
Netherlands,2025,Scientific education,higher_education,,,,,,,,gap: no matching rows in this year
Netherlands,1975,Social and Humanities Sciences,direct_rd,,,,,,,,gap: no matching rows in this year
Netherlands,1976,Social and Humanities Sciences,direct_rd,,,,,,,,gap: no matching rows in this year
Netherlands,1977,Social and Humanities Sciences,direct_rd,,,,,,,,gap: no matching rows in this year
Netherlands,1978,Social and Humanities Sciences,direct_rd,,,,,,,,gap: no matching rows in this year
Netherlands,1979,Social and Humanities Sciences,direct_rd,,,,,,,,gap: no matching rows in this year
Netherlands,1980,Social and Humanities Sciences,direct_rd,123000000.0,thousand,NLG,line_item,Social and Humanities Sciences,1980 budget memorandum.pdf,53,Research in social and humanities sciences contributes to societal knowledge.
Netherlands,1981,Social and Humanities Sciences,direct_rd,,,,,,,,gap: no matching rows in this year
Netherlands,1982,Social and Humanities Sciences,direct_rd,,,,,,,,gap: no matching rows in this year
Netherlands,1983,Social and Humanities Sciences,direct_rd,,,,,,,,gap: no matching rows in this year
Netherlands,1984,Social and Humanities Sciences,direct_rd,,,,,,,,gap: no matching rows in this year
Netherlands,1985,Social and Humanities Sciences,direct_rd,,,,,,,,gap: no matching rows in this year
Netherlands,1986,Social and Humanities Sciences,direct_rd,,,,,,,,gap: no matching rows in this year
Netherlands,1987,Social and Humanities Sciences,direct_rd,,,,,,,,gap: no matching rows in this year
Netherlands,1988,Social and Humanities Sciences,direct_rd,,,,,,,,gap: no matching rows in this year
Netherlands,1989,Social and Humanities Sciences,direct_rd,,,,,,,,gap: no matching rows in this year
Netherlands,1990,Social and Humanities Sciences,direct_rd,,,,,,,,gap: no matching rows in this year
Netherlands,1991,Social and Humanities Sciences,direct_rd,,,,,,,,gap: no matching rows in this year
Netherlands,1992,Social and Humanities Sciences,direct_rd,,,,,,,,gap: no matching rows in this year
Netherlands,1993,Social and Humanities Sciences,direct_rd,,,,,,,,gap: no matching rows in this year
Netherlands,1994,Social and Humanities Sciences,direct_rd,,,,,,,,gap: no matching rows in this year
Netherlands,1995,Social and Humanities Sciences,direct_rd,,,,,,,,gap: no matching rows in this year
Netherlands,1996,Social and Humanities Sciences,direct_rd,,,,,,,,gap: no matching rows in this year
Netherlands,1997,Social and Humanities Sciences,direct_rd,,,,,,,,gap: no matching rows in this year
Netherlands,1998,Social and Humanities Sciences,direct_rd,,,,,,,,gap: no matching rows in this year
Netherlands,1999,Social and Humanities Sciences,direct_rd,,,,,,,,gap: no matching rows in this year
Netherlands,2000,Social and Humanities Sciences,direct_rd,,,,,,,,gap: no matching rows in this year
Netherlands,2001,Social and Humanities Sciences,direct_rd,,,,,,,,gap: no matching rows in this year
Netherlands,2002,Social and Humanities Sciences,direct_rd,,,,,,,,gap: no matching rows in this year
Netherlands,2003,Social and Humanities Sciences,direct_rd,,,,,,,,gap: no matching rows in this year
Netherlands,2004,Social and Humanities Sciences,direct_rd,,,,,,,,gap: no matching rows in this year
Netherlands,2005,Social and Humanities Sciences,direct_rd,,,,,,,,gap: no matching rows in this year
Netherlands,2006,Social and Humanities Sciences,direct_rd,,,,,,,,gap: no matching rows in this year
Netherlands,2007,Social and Humanities Sciences,direct_rd,,,,,,,,gap: no matching rows in this year
Netherlands,2008,Social and Humanities Sciences,direct_rd,,,,,,,,gap: no matching rows in this year
Netherlands,2009,Social and Humanities Sciences,direct_rd,,,,,,,,gap: no matching rows in this year
Netherlands,2010,Social and Humanities Sciences,direct_rd,,,,,,,,gap: no matching rows in this year
Netherlands,2011,Social and Humanities Sciences,direct_rd,,,,,,,,gap: no matching rows in this year
Netherlands,2012,Social and Humanities Sciences,direct_rd,,,,,,,,gap: no matching rows in this year
Netherlands,2013,Social and Humanities Sciences,direct_rd,,,,,,,,gap: no matching rows in this year
Netherlands,2014,Social and Humanities Sciences,direct_rd,,,,,,,,gap: no matching rows in this year
Netherlands,2015,Social and Humanities Sciences,direct_rd,,,,,,,,gap: no matching rows in this year
Netherlands,2016,Social and Humanities Sciences,direct_rd,,,,,,,,gap: no matching rows in this year
Netherlands,2017,Social and Humanities Sciences,direct_rd,,,,,,,,gap: no matching rows in this year
Netherlands,2018,Social and Humanities Sciences,direct_rd,,,,,,,,gap: no matching rows in this year
Netherlands,2019,Social and Humanities Sciences,direct_rd,,,,,,,,gap: no matching rows in this year
Netherlands,2020,Social and Humanities Sciences,direct_rd,,,,,,,,gap: no matching rows in this year
Netherlands,2021,Social and Humanities Sciences,direct_rd,,,,,,,,gap: no matching rows in this year
Netherlands,2022,Social and Humanities Sciences,direct_rd,,,,,,,,gap: no matching rows in this year
Netherlands,2023,Social and Humanities Sciences,direct_rd,,,,,,,,gap: no matching rows in this year
Netherlands,2024,Social and Humanities Sciences,direct_rd,,,,,,,,gap: no matching rows in this year
Netherlands,2025,Social and Humanities Sciences,direct_rd,,,,,,,,gap: no matching rows in this year
Netherlands,1975,Space Research and Technology,direct_rd,,,,,,,,gap: no matching rows in this year
Netherlands,1976,Space Research and Technology,direct_rd,,,,,,,,gap: no matching rows in this year
Netherlands,1977,Space Research and Technology,direct_rd,,,,,,,,gap: no matching rows in this year
Netherlands,1978,Space Research and Technology,direct_rd,,,,,,,,gap: no matching rows in this year
Netherlands,1979,Space Research and Technology,direct_rd,,,,,,,,gap: no matching rows in this year
Netherlands,1980,Space Research and Technology,direct_rd,100000000.0,thousand,NLG,line_item,Space Research and Technology,1980 budget memorandum.pdf,53,This program is directly related to R&D in space technology.
Netherlands,1981,Space Research and Technology,direct_rd,,,,,,,,gap: no matching rows in this year
Netherlands,1982,Space Research and Technology,direct_rd,,,,,,,,gap: no matching rows in this year
Netherlands,1983,Space Research and Technology,direct_rd,,,,,,,,gap: no matching rows in this year
Netherlands,1984,Space Research and Technology,direct_rd,,,,,,,,gap: no matching rows in this year
Netherlands,1985,Space Research and Technology,direct_rd,,,,,,,,gap: no matching rows in this year
Netherlands,1986,Space Research and Technology,direct_rd,,,,,,,,gap: no matching rows in this year
Netherlands,1987,Space Research and Technology,direct_rd,,,,,,,,gap: no matching rows in this year
Netherlands,1988,Space Research and Technology,direct_rd,,,,,,,,gap: no matching rows in this year
Netherlands,1989,Space Research and Technology,direct_rd,,,,,,,,gap: no matching rows in this year
Netherlands,1990,Space Research and Technology,direct_rd,,,,,,,,gap: no matching rows in this year
Netherlands,1991,Space Research and Technology,direct_rd,,,,,,,,gap: no matching rows in this year
Netherlands,1992,Space Research and Technology,direct_rd,,,,,,,,gap: no matching rows in this year
Netherlands,1993,Space Research and Technology,direct_rd,,,,,,,,gap: no matching rows in this year
Netherlands,1994,Space Research and Technology,direct_rd,,,,,,,,gap: no matching rows in this year
Netherlands,1995,Space Research and Technology,direct_rd,,,,,,,,gap: no matching rows in this year
Netherlands,1996,Space Research and Technology,direct_rd,,,,,,,,gap: no matching rows in this year
Netherlands,1997,Space Research and Technology,direct_rd,,,,,,,,gap: no matching rows in this year
Netherlands,1998,Space Research and Technology,direct_rd,,,,,,,,gap: no matching rows in this year
Netherlands,1999,Space Research and Technology,direct_rd,,,,,,,,gap: no matching rows in this year
Netherlands,2000,Space Research and Technology,direct_rd,,,,,,,,gap: no matching rows in this year
Netherlands,2001,Space Research and Technology,direct_rd,,,,,,,,gap: no matching rows in this year
Netherlands,2002,Space Research and Technology,direct_rd,,,,,,,,gap: no matching rows in this year
Netherlands,2003,Space Research and Technology,direct_rd,,,,,,,,gap: no matching rows in this year
Netherlands,2004,Space Research and Technology,direct_rd,,,,,,,,gap: no matching rows in this year
Netherlands,2005,Space Research and Technology,direct_rd,,,,,,,,gap: no matching rows in this year
Netherlands,2006,Space Research and Technology,direct_rd,,,,,,,,gap: no matching rows in this year
Netherlands,2007,Space Research and Technology,direct_rd,,,,,,,,gap: no matching rows in this year
Netherlands,2008,Space Research and Technology,direct_rd,,,,,,,,gap: no matching rows in this year
Netherlands,2009,Space Research and Technology,direct_rd,,,,,,,,gap: no matching rows in this year
Netherlands,2010,Space Research and Technology,direct_rd,,,,,,,,gap: no matching rows in this year
Netherlands,2011,Space Research and Technology,direct_rd,,,,,,,,gap: no matching rows in this year
Netherlands,2012,Space Research and Technology,direct_rd,,,,,,,,gap: no matching rows in this year
Netherlands,2013,Space Research and Technology,direct_rd,,,,,,,,gap: no matching rows in this year
Netherlands,2014,Space Research and Technology,direct_rd,,,,,,,,gap: no matching rows in this year
Netherlands,2015,Space Research and Technology,direct_rd,,,,,,,,gap: no matching rows in this year
Netherlands,2016,Space Research and Technology,direct_rd,,,,,,,,gap: no matching rows in this year
Netherlands,2017,Space Research and Technology,direct_rd,,,,,,,,gap: no matching rows in this year
Netherlands,2018,Space Research and Technology,direct_rd,,,,,,,,gap: no matching rows in this year
Netherlands,2019,Space Research and Technology,direct_rd,,,,,,,,gap: no matching rows in this year
Netherlands,2020,Space Research and Technology,direct_rd,,,,,,,,gap: no matching rows in this year
Netherlands,2021,Space Research and Technology,direct_rd,,,,,,,,gap: no matching rows in this year
Netherlands,2022,Space Research and Technology,direct_rd,,,,,,,,gap: no matching rows in this year
Netherlands,2023,Space Research and Technology,direct_rd,,,,,,,,gap: no matching rows in this year
Netherlands,2024,Space Research and Technology,direct_rd,,,,,,,,gap: no matching rows in this year
Netherlands,2025,Space Research and Technology,direct_rd,,,,,,,,gap: no matching rows in this year
Netherlands,1975,Specific Business-Oriented Technology Stimulation,innovation_instruments,,,,,,,,gap: no matching rows in this year
Netherlands,1976,Specific Business-Oriented Technology Stimulation,innovation_instruments,,,,,,,,gap: no matching rows in this year
Netherlands,1977,Specific Business-Oriented Technology Stimulation,innovation_instruments,,,,,,,,gap: no matching rows in this year
Netherlands,1978,Specific Business-Oriented Technology Stimulation,innovation_instruments,,,,,,,,gap: no matching rows in this year
Netherlands,1979,Specific Business-Oriented Technology Stimulation,innovation_instruments,,,,,,,,gap: no matching rows in this year
Netherlands,1980,Specific Business-Oriented Technology Stimulation,innovation_instruments,,,,,,,,gap: no matching rows in this year
Netherlands,1981,Specific Business-Oriented Technology Stimulation,innovation_instruments,,,,,,,,gap: no matching rows in this year
Netherlands,1982,Specific Business-Oriented Technology Stimulation,innovation_instruments,,,,,,,,gap: no matching rows in this year
Netherlands,1983,Specific Business-Oriented Technology Stimulation,innovation_instruments,,,,,,,,gap: no matching rows in this year
Netherlands,1984,Specific Business-Oriented Technology Stimulation,innovation_instruments,,,,,,,,gap: no matching rows in this year
Netherlands,1985,Specific Business-Oriented Technology Stimulation,innovation_instruments,,,,,,,,gap: no matching rows in this year
Netherlands,1986,Specific Business-Oriented Technology Stimulation,innovation_instruments,,,,,,,,gap: no matching rows in this year
Netherlands,1987,Specific Business-Oriented Technology Stimulation,innovation_instruments,,,,,,,,gap: no matching rows in this year
Netherlands,1988,Specific Business-Oriented Technology Stimulation,innovation_instruments,,,,,,,,gap: no matching rows in this year
Netherlands,1989,Specific Business-Oriented Technology Stimulation,innovation_instruments,357000000.0,thousand,NLG,line_item,Specific business-oriented technology stimulation,1989 budget memorandum.pdf,173,"This entity stimulates technology development in businesses, related to R&D."
Netherlands,1990,Specific Business-Oriented Technology Stimulation,innovation_instruments,,,,,,,,gap: no matching rows in this year
Netherlands,1991,Specific Business-Oriented Technology Stimulation,innovation_instruments,,,,,,,,gap: no matching rows in this year
Netherlands,1992,Specific Business-Oriented Technology Stimulation,innovation_instruments,,,,,,,,gap: no matching rows in this year
Netherlands,1993,Specific Business-Oriented Technology Stimulation,innovation_instruments,,,,,,,,gap: no matching rows in this year
Netherlands,1994,Specific Business-Oriented Technology Stimulation,innovation_instruments,,,,,,,,gap: no matching rows in this year
Netherlands,1995,Specific Business-Oriented Technology Stimulation,innovation_instruments,,,,,,,,gap: no matching rows in this year
Netherlands,1996,Specific Business-Oriented Technology Stimulation,innovation_instruments,,,,,,,,gap: no matching rows in this year
Netherlands,1997,Specific Business-Oriented Technology Stimulation,innovation_instruments,,,,,,,,gap: no matching rows in this year
Netherlands,1998,Specific Business-Oriented Technology Stimulation,innovation_instruments,,,,,,,,gap: no matching rows in this year
Netherlands,1999,Specific Business-Oriented Technology Stimulation,innovation_instruments,,,,,,,,gap: no matching rows in this year
Netherlands,2000,Specific Business-Oriented Technology Stimulation,innovation_instruments,,,,,,,,gap: no matching rows in this year
Netherlands,2001,Specific Business-Oriented Technology Stimulation,innovation_instruments,,,,,,,,gap: no matching rows in this year
Netherlands,2002,Specific Business-Oriented Technology Stimulation,innovation_instruments,,,,,,,,gap: no matching rows in this year
Netherlands,2003,Specific Business-Oriented Technology Stimulation,innovation_instruments,,,,,,,,gap: no matching rows in this year
Netherlands,2004,Specific Business-Oriented Technology Stimulation,innovation_instruments,,,,,,,,gap: no matching rows in this year
Netherlands,2005,Specific Business-Oriented Technology Stimulation,innovation_instruments,,,,,,,,gap: no matching rows in this year
Netherlands,2006,Specific Business-Oriented Technology Stimulation,innovation_instruments,,,,,,,,gap: no matching rows in this year
Netherlands,2007,Specific Business-Oriented Technology Stimulation,innovation_instruments,,,,,,,,gap: no matching rows in this year
Netherlands,2008,Specific Business-Oriented Technology Stimulation,innovation_instruments,,,,,,,,gap: no matching rows in this year
Netherlands,2009,Specific Business-Oriented Technology Stimulation,innovation_instruments,,,,,,,,gap: no matching rows in this year
Netherlands,2010,Specific Business-Oriented Technology Stimulation,innovation_instruments,,,,,,,,gap: no matching rows in this year
Netherlands,2011,Specific Business-Oriented Technology Stimulation,innovation_instruments,,,,,,,,gap: no matching rows in this year
Netherlands,2012,Specific Business-Oriented Technology Stimulation,innovation_instruments,,,,,,,,gap: no matching rows in this year
Netherlands,2013,Specific Business-Oriented Technology Stimulation,innovation_instruments,,,,,,,,gap: no matching rows in this year
Netherlands,2014,Specific Business-Oriented Technology Stimulation,innovation_instruments,,,,,,,,gap: no matching rows in this year
Netherlands,2015,Specific Business-Oriented Technology Stimulation,innovation_instruments,,,,,,,,gap: no matching rows in this year
Netherlands,2016,Specific Business-Oriented Technology Stimulation,innovation_instruments,,,,,,,,gap: no matching rows in this year
Netherlands,2017,Specific Business-Oriented Technology Stimulation,innovation_instruments,,,,,,,,gap: no matching rows in this year
Netherlands,2018,Specific Business-Oriented Technology Stimulation,innovation_instruments,,,,,,,,gap: no matching rows in this year
Netherlands,2019,Specific Business-Oriented Technology Stimulation,innovation_instruments,,,,,,,,gap: no matching rows in this year
Netherlands,2020,Specific Business-Oriented Technology Stimulation,innovation_instruments,,,,,,,,gap: no matching rows in this year
Netherlands,2021,Specific Business-Oriented Technology Stimulation,innovation_instruments,,,,,,,,gap: no matching rows in this year
Netherlands,2022,Specific Business-Oriented Technology Stimulation,innovation_instruments,,,,,,,,gap: no matching rows in this year
Netherlands,2023,Specific Business-Oriented Technology Stimulation,innovation_instruments,,,,,,,,gap: no matching rows in this year
Netherlands,2024,Specific Business-Oriented Technology Stimulation,innovation_instruments,,,,,,,,gap: no matching rows in this year
Netherlands,2025,Specific Business-Oriented Technology Stimulation,innovation_instruments,,,,,,,,gap: no matching rows in this year
Netherlands,1975,Stimulus Fund for Socially Relevant Research,direct_rd,,,,,,,,gap: no matching rows in this year
Netherlands,1976,Stimulus Fund for Socially Relevant Research,direct_rd,,,,,,,,gap: no matching rows in this year
Netherlands,1977,Stimulus Fund for Socially Relevant Research,direct_rd,,,,,,,,gap: no matching rows in this year
Netherlands,1978,Stimulus Fund for Socially Relevant Research,direct_rd,,,,,,,,gap: no matching rows in this year
Netherlands,1979,Stimulus Fund for Socially Relevant Research,direct_rd,5000000.0,thousand,NLG,line_item,Stimulus fund for socially relevant research,1979 budget memorandum.pdf,62,This fund is designed to stimulate research with social relevance.
Netherlands,1980,Stimulus Fund for Socially Relevant Research,direct_rd,,,,,,,,gap: no matching rows in this year
Netherlands,1981,Stimulus Fund for Socially Relevant Research,direct_rd,,,,,,,,gap: no matching rows in this year
Netherlands,1982,Stimulus Fund for Socially Relevant Research,direct_rd,,,,,,,,gap: no matching rows in this year
Netherlands,1983,Stimulus Fund for Socially Relevant Research,direct_rd,,,,,,,,gap: no matching rows in this year
Netherlands,1984,Stimulus Fund for Socially Relevant Research,direct_rd,,,,,,,,gap: no matching rows in this year
Netherlands,1985,Stimulus Fund for Socially Relevant Research,direct_rd,,,,,,,,gap: no matching rows in this year
Netherlands,1986,Stimulus Fund for Socially Relevant Research,direct_rd,,,,,,,,gap: no matching rows in this year
Netherlands,1987,Stimulus Fund for Socially Relevant Research,direct_rd,,,,,,,,gap: no matching rows in this year
Netherlands,1988,Stimulus Fund for Socially Relevant Research,direct_rd,,,,,,,,gap: no matching rows in this year
Netherlands,1989,Stimulus Fund for Socially Relevant Research,direct_rd,,,,,,,,gap: no matching rows in this year
Netherlands,1990,Stimulus Fund for Socially Relevant Research,direct_rd,,,,,,,,gap: no matching rows in this year
Netherlands,1991,Stimulus Fund for Socially Relevant Research,direct_rd,,,,,,,,gap: no matching rows in this year
Netherlands,1992,Stimulus Fund for Socially Relevant Research,direct_rd,,,,,,,,gap: no matching rows in this year
Netherlands,1993,Stimulus Fund for Socially Relevant Research,direct_rd,,,,,,,,gap: no matching rows in this year
Netherlands,1994,Stimulus Fund for Socially Relevant Research,direct_rd,,,,,,,,gap: no matching rows in this year
Netherlands,1995,Stimulus Fund for Socially Relevant Research,direct_rd,,,,,,,,gap: no matching rows in this year
Netherlands,1996,Stimulus Fund for Socially Relevant Research,direct_rd,,,,,,,,gap: no matching rows in this year
Netherlands,1997,Stimulus Fund for Socially Relevant Research,direct_rd,,,,,,,,gap: no matching rows in this year
Netherlands,1998,Stimulus Fund for Socially Relevant Research,direct_rd,,,,,,,,gap: no matching rows in this year
Netherlands,1999,Stimulus Fund for Socially Relevant Research,direct_rd,,,,,,,,gap: no matching rows in this year
Netherlands,2000,Stimulus Fund for Socially Relevant Research,direct_rd,,,,,,,,gap: no matching rows in this year
Netherlands,2001,Stimulus Fund for Socially Relevant Research,direct_rd,,,,,,,,gap: no matching rows in this year
Netherlands,2002,Stimulus Fund for Socially Relevant Research,direct_rd,,,,,,,,gap: no matching rows in this year
Netherlands,2003,Stimulus Fund for Socially Relevant Research,direct_rd,,,,,,,,gap: no matching rows in this year
Netherlands,2004,Stimulus Fund for Socially Relevant Research,direct_rd,,,,,,,,gap: no matching rows in this year
Netherlands,2005,Stimulus Fund for Socially Relevant Research,direct_rd,,,,,,,,gap: no matching rows in this year
Netherlands,2006,Stimulus Fund for Socially Relevant Research,direct_rd,,,,,,,,gap: no matching rows in this year
Netherlands,2007,Stimulus Fund for Socially Relevant Research,direct_rd,,,,,,,,gap: no matching rows in this year
Netherlands,2008,Stimulus Fund for Socially Relevant Research,direct_rd,,,,,,,,gap: no matching rows in this year
Netherlands,2009,Stimulus Fund for Socially Relevant Research,direct_rd,,,,,,,,gap: no matching rows in this year
Netherlands,2010,Stimulus Fund for Socially Relevant Research,direct_rd,,,,,,,,gap: no matching rows in this year
Netherlands,2011,Stimulus Fund for Socially Relevant Research,direct_rd,,,,,,,,gap: no matching rows in this year
Netherlands,2012,Stimulus Fund for Socially Relevant Research,direct_rd,,,,,,,,gap: no matching rows in this year
Netherlands,2013,Stimulus Fund for Socially Relevant Research,direct_rd,,,,,,,,gap: no matching rows in this year
Netherlands,2014,Stimulus Fund for Socially Relevant Research,direct_rd,,,,,,,,gap: no matching rows in this year
Netherlands,2015,Stimulus Fund for Socially Relevant Research,direct_rd,,,,,,,,gap: no matching rows in this year
Netherlands,2016,Stimulus Fund for Socially Relevant Research,direct_rd,,,,,,,,gap: no matching rows in this year
Netherlands,2017,Stimulus Fund for Socially Relevant Research,direct_rd,,,,,,,,gap: no matching rows in this year
Netherlands,2018,Stimulus Fund for Socially Relevant Research,direct_rd,,,,,,,,gap: no matching rows in this year
Netherlands,2019,Stimulus Fund for Socially Relevant Research,direct_rd,,,,,,,,gap: no matching rows in this year
Netherlands,2020,Stimulus Fund for Socially Relevant Research,direct_rd,,,,,,,,gap: no matching rows in this year
Netherlands,2021,Stimulus Fund for Socially Relevant Research,direct_rd,,,,,,,,gap: no matching rows in this year
Netherlands,2022,Stimulus Fund for Socially Relevant Research,direct_rd,,,,,,,,gap: no matching rows in this year
Netherlands,2023,Stimulus Fund for Socially Relevant Research,direct_rd,,,,,,,,gap: no matching rows in this year
Netherlands,2024,Stimulus Fund for Socially Relevant Research,direct_rd,,,,,,,,gap: no matching rows in this year
Netherlands,2025,Stimulus Fund for Socially Relevant Research,direct_rd,,,,,,,,gap: no matching rows in this year
Netherlands,1975,Structural R&D Facility,direct_rd,,,,,,,,gap: no matching rows in this year
Netherlands,1976,Structural R&D Facility,direct_rd,,,,,,,,gap: no matching rows in this year
Netherlands,1977,Structural R&D Facility,direct_rd,,,,,,,,gap: no matching rows in this year
Netherlands,1978,Structural R&D Facility,direct_rd,,,,,,,,gap: no matching rows in this year
Netherlands,1979,Structural R&D Facility,direct_rd,,,,,,,,gap: no matching rows in this year
Netherlands,1980,Structural R&D Facility,direct_rd,,,,,,,,gap: no matching rows in this year
Netherlands,1981,Structural R&D Facility,direct_rd,,,,,,,,gap: no matching rows in this year
Netherlands,1982,Structural R&D Facility,direct_rd,,,,,,,,gap: no matching rows in this year
Netherlands,1983,Structural R&D Facility,direct_rd,,,,,,,,gap: no matching rows in this year
Netherlands,1984,Structural R&D Facility,direct_rd,,,,,,,,gap: no matching rows in this year
Netherlands,1985,Structural R&D Facility,direct_rd,,,,,,,,gap: no matching rows in this year
Netherlands,1986,Structural R&D Facility,direct_rd,,,,,,,,gap: no matching rows in this year
Netherlands,1987,Structural R&D Facility,direct_rd,,,,,,,,gap: no matching rows in this year
Netherlands,1988,Structural R&D Facility,direct_rd,,,,,,,,gap: no matching rows in this year
Netherlands,1989,Structural R&D Facility,direct_rd,,,,,,,,gap: no matching rows in this year
Netherlands,1990,Structural R&D Facility,direct_rd,,,,,,,,gap: no matching rows in this year
Netherlands,1991,Structural R&D Facility,direct_rd,,,,,,,,gap: no matching rows in this year
Netherlands,1992,Structural R&D Facility,direct_rd,,,,,,,,gap: no matching rows in this year
Netherlands,1993,Structural R&D Facility,direct_rd,,,,,,,,gap: no matching rows in this year
Netherlands,1994,Structural R&D Facility,direct_rd,350000000.0,thousand,NLG,line_item,Structural R&D facility,1994 budget memorandum.pdf,53,This entity is dedicated to supporting R&D activities.
Netherlands,1995,Structural R&D Facility,direct_rd,,,,,,,,gap: no matching rows in this year
Netherlands,1996,Structural R&D Facility,direct_rd,,,,,,,,gap: no matching rows in this year
Netherlands,1997,Structural R&D Facility,direct_rd,,,,,,,,gap: no matching rows in this year
Netherlands,1998,Structural R&D Facility,direct_rd,,,,,,,,gap: no matching rows in this year
Netherlands,1999,Structural R&D Facility,direct_rd,,,,,,,,gap: no matching rows in this year
Netherlands,2000,Structural R&D Facility,direct_rd,,,,,,,,gap: no matching rows in this year
Netherlands,2001,Structural R&D Facility,direct_rd,,,,,,,,gap: no matching rows in this year
Netherlands,2002,Structural R&D Facility,direct_rd,,,,,,,,gap: no matching rows in this year
Netherlands,2003,Structural R&D Facility,direct_rd,,,,,,,,gap: no matching rows in this year
Netherlands,2004,Structural R&D Facility,direct_rd,,,,,,,,gap: no matching rows in this year
Netherlands,2005,Structural R&D Facility,direct_rd,,,,,,,,gap: no matching rows in this year
Netherlands,2006,Structural R&D Facility,direct_rd,,,,,,,,gap: no matching rows in this year
Netherlands,2007,Structural R&D Facility,direct_rd,,,,,,,,gap: no matching rows in this year
Netherlands,2008,Structural R&D Facility,direct_rd,,,,,,,,gap: no matching rows in this year
Netherlands,2009,Structural R&D Facility,direct_rd,,,,,,,,gap: no matching rows in this year
Netherlands,2010,Structural R&D Facility,direct_rd,,,,,,,,gap: no matching rows in this year
Netherlands,2011,Structural R&D Facility,direct_rd,,,,,,,,gap: no matching rows in this year
Netherlands,2012,Structural R&D Facility,direct_rd,,,,,,,,gap: no matching rows in this year
Netherlands,2013,Structural R&D Facility,direct_rd,,,,,,,,gap: no matching rows in this year
Netherlands,2014,Structural R&D Facility,direct_rd,,,,,,,,gap: no matching rows in this year
Netherlands,2015,Structural R&D Facility,direct_rd,,,,,,,,gap: no matching rows in this year
Netherlands,2016,Structural R&D Facility,direct_rd,,,,,,,,gap: no matching rows in this year
Netherlands,2017,Structural R&D Facility,direct_rd,,,,,,,,gap: no matching rows in this year
Netherlands,2018,Structural R&D Facility,direct_rd,,,,,,,,gap: no matching rows in this year
Netherlands,2019,Structural R&D Facility,direct_rd,,,,,,,,gap: no matching rows in this year
Netherlands,2020,Structural R&D Facility,direct_rd,,,,,,,,gap: no matching rows in this year
Netherlands,2021,Structural R&D Facility,direct_rd,,,,,,,,gap: no matching rows in this year
Netherlands,2022,Structural R&D Facility,direct_rd,,,,,,,,gap: no matching rows in this year
Netherlands,2023,Structural R&D Facility,direct_rd,,,,,,,,gap: no matching rows in this year
Netherlands,2024,Structural R&D Facility,direct_rd,,,,,,,,gap: no matching rows in this year
Netherlands,2025,Structural R&D Facility,direct_rd,,,,,,,,gap: no matching rows in this year
Netherlands,1975,Subsidy for the Dutch Organization for Pure Scientific Research,direct_rd,,,,,,,,gap: no matching rows in this year
Netherlands,1976,Subsidy for the Dutch Organization for Pure Scientific Research,direct_rd,,,,,,,,gap: no matching rows in this year
Netherlands,1977,Subsidy for the Dutch Organization for Pure Scientific Research,direct_rd,,,,,,,,gap: no matching rows in this year
Netherlands,1978,Subsidy for the Dutch Organization for Pure Scientific Research,direct_rd,,,,,,,,gap: no matching rows in this year
Netherlands,1979,Subsidy for the Dutch Organization for Pure Scientific Research,direct_rd,,,,,,,,gap: no matching rows in this year
Netherlands,1980,Subsidy for the Dutch Organization for Pure Scientific Research,direct_rd,185000000.0,thousand,NLG,line_item,Subsidy for the Dutch Organization for Pure Scientific Research,1980 budget memorandum.pdf,53,This subsidy directly supports scientific research activities.
Netherlands,1981,Subsidy for the Dutch Organization for Pure Scientific Research,direct_rd,,,,,,,,gap: no matching rows in this year
Netherlands,1982,Subsidy for the Dutch Organization for Pure Scientific Research,direct_rd,,,,,,,,gap: no matching rows in this year
Netherlands,1983,Subsidy for the Dutch Organization for Pure Scientific Research,direct_rd,,,,,,,,gap: no matching rows in this year
Netherlands,1984,Subsidy for the Dutch Organization for Pure Scientific Research,direct_rd,,,,,,,,gap: no matching rows in this year
Netherlands,1985,Subsidy for the Dutch Organization for Pure Scientific Research,direct_rd,,,,,,,,gap: no matching rows in this year
Netherlands,1986,Subsidy for the Dutch Organization for Pure Scientific Research,direct_rd,,,,,,,,gap: no matching rows in this year
Netherlands,1987,Subsidy for the Dutch Organization for Pure Scientific Research,direct_rd,,,,,,,,gap: no matching rows in this year
Netherlands,1988,Subsidy for the Dutch Organization for Pure Scientific Research,direct_rd,,,,,,,,gap: no matching rows in this year
Netherlands,1989,Subsidy for the Dutch Organization for Pure Scientific Research,direct_rd,,,,,,,,gap: no matching rows in this year
Netherlands,1990,Subsidy for the Dutch Organization for Pure Scientific Research,direct_rd,,,,,,,,gap: no matching rows in this year
Netherlands,1991,Subsidy for the Dutch Organization for Pure Scientific Research,direct_rd,,,,,,,,gap: no matching rows in this year
Netherlands,1992,Subsidy for the Dutch Organization for Pure Scientific Research,direct_rd,,,,,,,,gap: no matching rows in this year
Netherlands,1993,Subsidy for the Dutch Organization for Pure Scientific Research,direct_rd,,,,,,,,gap: no matching rows in this year
Netherlands,1994,Subsidy for the Dutch Organization for Pure Scientific Research,direct_rd,,,,,,,,gap: no matching rows in this year
Netherlands,1995,Subsidy for the Dutch Organization for Pure Scientific Research,direct_rd,,,,,,,,gap: no matching rows in this year
Netherlands,1996,Subsidy for the Dutch Organization for Pure Scientific Research,direct_rd,,,,,,,,gap: no matching rows in this year
Netherlands,1997,Subsidy for the Dutch Organization for Pure Scientific Research,direct_rd,,,,,,,,gap: no matching rows in this year
Netherlands,1998,Subsidy for the Dutch Organization for Pure Scientific Research,direct_rd,,,,,,,,gap: no matching rows in this year
Netherlands,1999,Subsidy for the Dutch Organization for Pure Scientific Research,direct_rd,,,,,,,,gap: no matching rows in this year
Netherlands,2000,Subsidy for the Dutch Organization for Pure Scientific Research,direct_rd,,,,,,,,gap: no matching rows in this year
Netherlands,2001,Subsidy for the Dutch Organization for Pure Scientific Research,direct_rd,,,,,,,,gap: no matching rows in this year
Netherlands,2002,Subsidy for the Dutch Organization for Pure Scientific Research,direct_rd,,,,,,,,gap: no matching rows in this year
Netherlands,2003,Subsidy for the Dutch Organization for Pure Scientific Research,direct_rd,,,,,,,,gap: no matching rows in this year
Netherlands,2004,Subsidy for the Dutch Organization for Pure Scientific Research,direct_rd,,,,,,,,gap: no matching rows in this year
Netherlands,2005,Subsidy for the Dutch Organization for Pure Scientific Research,direct_rd,,,,,,,,gap: no matching rows in this year
Netherlands,2006,Subsidy for the Dutch Organization for Pure Scientific Research,direct_rd,,,,,,,,gap: no matching rows in this year
Netherlands,2007,Subsidy for the Dutch Organization for Pure Scientific Research,direct_rd,,,,,,,,gap: no matching rows in this year
Netherlands,2008,Subsidy for the Dutch Organization for Pure Scientific Research,direct_rd,,,,,,,,gap: no matching rows in this year
Netherlands,2009,Subsidy for the Dutch Organization for Pure Scientific Research,direct_rd,,,,,,,,gap: no matching rows in this year
Netherlands,2010,Subsidy for the Dutch Organization for Pure Scientific Research,direct_rd,,,,,,,,gap: no matching rows in this year
Netherlands,2011,Subsidy for the Dutch Organization for Pure Scientific Research,direct_rd,,,,,,,,gap: no matching rows in this year
Netherlands,2012,Subsidy for the Dutch Organization for Pure Scientific Research,direct_rd,,,,,,,,gap: no matching rows in this year
Netherlands,2013,Subsidy for the Dutch Organization for Pure Scientific Research,direct_rd,,,,,,,,gap: no matching rows in this year
Netherlands,2014,Subsidy for the Dutch Organization for Pure Scientific Research,direct_rd,,,,,,,,gap: no matching rows in this year
Netherlands,2015,Subsidy for the Dutch Organization for Pure Scientific Research,direct_rd,,,,,,,,gap: no matching rows in this year
Netherlands,2016,Subsidy for the Dutch Organization for Pure Scientific Research,direct_rd,,,,,,,,gap: no matching rows in this year
Netherlands,2017,Subsidy for the Dutch Organization for Pure Scientific Research,direct_rd,,,,,,,,gap: no matching rows in this year
Netherlands,2018,Subsidy for the Dutch Organization for Pure Scientific Research,direct_rd,,,,,,,,gap: no matching rows in this year
Netherlands,2019,Subsidy for the Dutch Organization for Pure Scientific Research,direct_rd,,,,,,,,gap: no matching rows in this year
Netherlands,2020,Subsidy for the Dutch Organization for Pure Scientific Research,direct_rd,,,,,,,,gap: no matching rows in this year
Netherlands,2021,Subsidy for the Dutch Organization for Pure Scientific Research,direct_rd,,,,,,,,gap: no matching rows in this year
Netherlands,2022,Subsidy for the Dutch Organization for Pure Scientific Research,direct_rd,,,,,,,,gap: no matching rows in this year
Netherlands,2023,Subsidy for the Dutch Organization for Pure Scientific Research,direct_rd,,,,,,,,gap: no matching rows in this year
Netherlands,2024,Subsidy for the Dutch Organization for Pure Scientific Research,direct_rd,,,,,,,,gap: no matching rows in this year
Netherlands,2025,Subsidy for the Dutch Organization for Pure Scientific Research,direct_rd,,,,,,,,gap: no matching rows in this year
Netherlands,1975,TNO (Netherlands Organisation for Applied Research),science_agency,,,,,,,,gap: no matching rows in this year
Netherlands,1976,TNO (Netherlands Organisation for Applied Research),science_agency,,,,,,,,gap: no matching rows in this year
Netherlands,1977,TNO (Netherlands Organisation for Applied Research),science_agency,,,,,,,,gap: no matching rows in this year
Netherlands,1978,TNO (Netherlands Organisation for Applied Research),science_agency,,,,,,,,gap: no matching rows in this year
Netherlands,1979,TNO (Netherlands Organisation for Applied Research),science_agency,,,,,,,,gap: no matching rows in this year
Netherlands,1980,TNO (Netherlands Organisation for Applied Research),science_agency,0.0,thousand,NLG,line_item,Netherlands Organisation for Applied Scientific Research,1980 budget memorandum.pdf,44,
Netherlands,1981,TNO (Netherlands Organisation for Applied Research),science_agency,285000000.0,thousand,NLG,program_total,TNO Research,1981 budget memorandum.pdf,111,
Netherlands,1982,TNO (Netherlands Organisation for Applied Research),science_agency,280000000.0,thousand,NLG,line_item,Subsidy for TNO,1982 budget memorandum.pdf,92,
Netherlands,1983,TNO (Netherlands Organisation for Applied Research),science_agency,4000000.0,thousand,NLG,line_item,TNO,1983 budget memorandum.pdf,81,
Netherlands,1984,TNO (Netherlands Organisation for Applied Research),science_agency,400000000.0,thousand,NLG,line_item,Netherlands Organisation for Applied Scientific Research (TNO),1984 budget memorandum.pdf,157,
Netherlands,1985,TNO (Netherlands Organisation for Applied Research),science_agency,,,,,,,,gap: no matching rows in this year
Netherlands,1986,TNO (Netherlands Organisation for Applied Research),science_agency,,,,,,,,gap: no matching rows in this year
Netherlands,1987,TNO (Netherlands Organisation for Applied Research),science_agency,,,,,,,,gap: no matching rows in this year
Netherlands,1988,TNO (Netherlands Organisation for Applied Research),science_agency,,,,,,,,gap: no matching rows in this year
Netherlands,1989,TNO (Netherlands Organisation for Applied Research),science_agency,,,,,,,,gap: no matching rows in this year
Netherlands,1990,TNO (Netherlands Organisation for Applied Research),science_agency,,,,,,,,gap: no matching rows in this year
Netherlands,1991,TNO (Netherlands Organisation for Applied Research),science_agency,,,,,,,,gap: no matching rows in this year
Netherlands,1992,TNO (Netherlands Organisation for Applied Research),science_agency,,,,,,,,gap: no matching rows in this year
Netherlands,1993,TNO (Netherlands Organisation for Applied Research),science_agency,,,,,,,,gap: no matching rows in this year
Netherlands,1994,TNO (Netherlands Organisation for Applied Research),science_agency,96000000.0,thousand,NLG,program_total,TNO Subsidies,1994 budget memorandum.pdf,257,
Netherlands,1995,TNO (Netherlands Organisation for Applied Research),science_agency,,,,,,,,gap: no matching rows in this year
Netherlands,1996,TNO (Netherlands Organisation for Applied Research),science_agency,,,,,,,,gap: no matching rows in this year
Netherlands,1997,TNO (Netherlands Organisation for Applied Research),science_agency,,,,,,,,gap: no matching rows in this year
Netherlands,1998,TNO (Netherlands Organisation for Applied Research),science_agency,,,,,,,,gap: no matching rows in this year
Netherlands,1999,TNO (Netherlands Organisation for Applied Research),science_agency,100000000.0,thousand,NLG,line_item,Contribution to TNO,1999 budget memorandum.pdf,206,
Netherlands,2000,TNO (Netherlands Organisation for Applied Research),science_agency,,,,,,,,gap: no matching rows in this year
Netherlands,2001,TNO (Netherlands Organisation for Applied Research),science_agency,,,,,,,,gap: no matching rows in this year
Netherlands,2002,TNO (Netherlands Organisation for Applied Research),science_agency,,,,,,,,gap: no matching rows in this year
Netherlands,2003,TNO (Netherlands Organisation for Applied Research),science_agency,,,,,,,,gap: no matching rows in this year
Netherlands,2004,TNO (Netherlands Organisation for Applied Research),science_agency,,,,,,,,gap: no matching rows in this year
Netherlands,2005,TNO (Netherlands Organisation for Applied Research),science_agency,,,,,,,,gap: no matching rows in this year
Netherlands,2006,TNO (Netherlands Organisation for Applied Research),science_agency,,,,,,,,gap: no matching rows in this year
Netherlands,2007,TNO (Netherlands Organisation for Applied Research),science_agency,,,,,,,,gap: no matching rows in this year
Netherlands,2008,TNO (Netherlands Organisation for Applied Research),science_agency,,,,,,,,gap: no matching rows in this year
Netherlands,2009,TNO (Netherlands Organisation for Applied Research),science_agency,,,,,,,,gap: no matching rows in this year
Netherlands,2010,TNO (Netherlands Organisation for Applied Research),science_agency,,,,,,,,gap: no matching rows in this year
Netherlands,2011,TNO (Netherlands Organisation for Applied Research),science_agency,,,,,,,,gap: no matching rows in this year
Netherlands,2012,TNO (Netherlands Organisation for Applied Research),science_agency,,,,,,,,gap: no matching rows in this year
Netherlands,2013,TNO (Netherlands Organisation for Applied Research),science_agency,,,,,,,,gap: no matching rows in this year
Netherlands,2014,TNO (Netherlands Organisation for Applied Research),science_agency,,,,,,,,gap: no matching rows in this year
Netherlands,2015,TNO (Netherlands Organisation for Applied Research),science_agency,,,,,,,,gap: no matching rows in this year
Netherlands,2016,TNO (Netherlands Organisation for Applied Research),science_agency,,,,,,,,gap: no matching rows in this year
Netherlands,2017,TNO (Netherlands Organisation for Applied Research),science_agency,,,,,,,,gap: no matching rows in this year
Netherlands,2018,TNO (Netherlands Organisation for Applied Research),science_agency,,,,,,,,gap: no matching rows in this year
Netherlands,2019,TNO (Netherlands Organisation for Applied Research),science_agency,,,,,,,,gap: no matching rows in this year
Netherlands,2020,TNO (Netherlands Organisation for Applied Research),science_agency,,,,,,,,gap: no matching rows in this year
Netherlands,2021,TNO (Netherlands Organisation for Applied Research),science_agency,,,,,,,,gap: no matching rows in this year
Netherlands,2022,TNO (Netherlands Organisation for Applied Research),science_agency,,,,,,,,gap: no matching rows in this year
Netherlands,2023,TNO (Netherlands Organisation for Applied Research),science_agency,,,,,,,,gap: no matching rows in this year
Netherlands,2024,TNO (Netherlands Organisation for Applied Research),science_agency,,,,,,,,gap: no matching rows in this year
Netherlands,2025,TNO (Netherlands Organisation for Applied Research),science_agency,,,,,,,,gap: no matching rows in this year
Netherlands,1975,TU Delft (Delft University of Technology),higher_education,,,,,,,,gap: no matching rows in this year
Netherlands,1976,TU Delft (Delft University of Technology),higher_education,,,,,,,,gap: no matching rows in this year
Netherlands,1977,TU Delft (Delft University of Technology),higher_education,,,,,,,,gap: no matching rows in this year
Netherlands,1978,TU Delft (Delft University of Technology),higher_education,,,,,,,,gap: no matching rows in this year
Netherlands,1979,TU Delft (Delft University of Technology),higher_education,,,,,,,,gap: no matching rows in this year
Netherlands,1980,TU Delft (Delft University of Technology),higher_education,,,,,,,,gap: no matching rows in this year
Netherlands,1981,TU Delft (Delft University of Technology),higher_education,,,,,,,,gap: no matching rows in this year
Netherlands,1982,TU Delft (Delft University of Technology),higher_education,,,,,,,,gap: no matching rows in this year
Netherlands,1983,TU Delft (Delft University of Technology),higher_education,,,,,,,,gap: no matching rows in this year
Netherlands,1984,TU Delft (Delft University of Technology),higher_education,,,,,,,,gap: no matching rows in this year
Netherlands,1985,TU Delft (Delft University of Technology),higher_education,,,,,,,,gap: no matching rows in this year
Netherlands,1986,TU Delft (Delft University of Technology),higher_education,,,,,,,,gap: no matching rows in this year
Netherlands,1987,TU Delft (Delft University of Technology),higher_education,,,,,,,,gap: no matching rows in this year
Netherlands,1988,TU Delft (Delft University of Technology),higher_education,,,,,,,,gap: no matching rows in this year
Netherlands,1989,TU Delft (Delft University of Technology),higher_education,,,,,,,,gap: no matching rows in this year
Netherlands,1990,TU Delft (Delft University of Technology),higher_education,,,,,,,,gap: no matching rows in this year
Netherlands,1991,TU Delft (Delft University of Technology),higher_education,,,,,,,,gap: no matching rows in this year
Netherlands,1992,TU Delft (Delft University of Technology),higher_education,,,,,,,,gap: no matching rows in this year
Netherlands,1993,TU Delft (Delft University of Technology),higher_education,,,,,,,,gap: no matching rows in this year
Netherlands,1994,TU Delft (Delft University of Technology),higher_education,,,,,,,,gap: no matching rows in this year
Netherlands,1995,TU Delft (Delft University of Technology),higher_education,,,,,,,,gap: no matching rows in this year
Netherlands,1996,TU Delft (Delft University of Technology),higher_education,,,,,,,,gap: no matching rows in this year
Netherlands,1997,TU Delft (Delft University of Technology),higher_education,,,,,,,,gap: no matching rows in this year
Netherlands,1998,TU Delft (Delft University of Technology),higher_education,,,,,,,,gap: no matching rows in this year
Netherlands,1999,TU Delft (Delft University of Technology),higher_education,,,,,,,,gap: no matching rows in this year
Netherlands,2000,TU Delft (Delft University of Technology),higher_education,,,,,,,,gap: no matching rows in this year
Netherlands,2001,TU Delft (Delft University of Technology),higher_education,,,,,,,,gap: no matching rows in this year
Netherlands,2002,TU Delft (Delft University of Technology),higher_education,,,,,,,,gap: no matching rows in this year
Netherlands,2003,TU Delft (Delft University of Technology),higher_education,,,,,,,,gap: no matching rows in this year
Netherlands,2004,TU Delft (Delft University of Technology),higher_education,,,,,,,,gap: no matching rows in this year
Netherlands,2005,TU Delft (Delft University of Technology),higher_education,,,,,,,,gap: no matching rows in this year
Netherlands,2006,TU Delft (Delft University of Technology),higher_education,,,,,,,,gap: no matching rows in this year
Netherlands,2007,TU Delft (Delft University of Technology),higher_education,,,,,,,,gap: no matching rows in this year
Netherlands,2008,TU Delft (Delft University of Technology),higher_education,,,,,,,,gap: no matching rows in this year
Netherlands,2009,TU Delft (Delft University of Technology),higher_education,,,,,,,,gap: no matching rows in this year
Netherlands,2010,TU Delft (Delft University of Technology),higher_education,,,,,,,,gap: no matching rows in this year
Netherlands,2011,TU Delft (Delft University of Technology),higher_education,,,,,,,,gap: no matching rows in this year
Netherlands,2012,TU Delft (Delft University of Technology),higher_education,,,,,,,,gap: no matching rows in this year
Netherlands,2013,TU Delft (Delft University of Technology),higher_education,,,,,,,,gap: no matching rows in this year
Netherlands,2014,TU Delft (Delft University of Technology),higher_education,,,,,,,,gap: no matching rows in this year
Netherlands,2015,TU Delft (Delft University of Technology),higher_education,,,,,,,,gap: no matching rows in this year
Netherlands,2016,TU Delft (Delft University of Technology),higher_education,,,,,,,,gap: no matching rows in this year
Netherlands,2017,TU Delft (Delft University of Technology),higher_education,,,,,,,,gap: no matching rows in this year
Netherlands,2018,TU Delft (Delft University of Technology),higher_education,,,,,,,,gap: no matching rows in this year
Netherlands,2019,TU Delft (Delft University of Technology),higher_education,,,,,,,,gap: no matching rows in this year
Netherlands,2020,TU Delft (Delft University of Technology),higher_education,,,,,,,,gap: no matching rows in this year
Netherlands,2021,TU Delft (Delft University of Technology),higher_education,,,,,,,,gap: no matching rows in this year
Netherlands,2022,TU Delft (Delft University of Technology),higher_education,,,,,,,,gap: no matching rows in this year
Netherlands,2023,TU Delft (Delft University of Technology),higher_education,,,,,,,,gap: no matching rows in this year
Netherlands,2024,TU Delft (Delft University of Technology),higher_education,,,,,,,,gap: no matching rows in this year
Netherlands,2025,TU Delft (Delft University of Technology),higher_education,,,,,,,,gap: no matching rows in this year
Netherlands,1975,TU Eindhoven (TU/e),higher_education,,,,,,,,gap: no matching rows in this year
Netherlands,1976,TU Eindhoven (TU/e),higher_education,,,,,,,,gap: no matching rows in this year
Netherlands,1977,TU Eindhoven (TU/e),higher_education,,,,,,,,gap: no matching rows in this year
Netherlands,1978,TU Eindhoven (TU/e),higher_education,,,,,,,,gap: no matching rows in this year
Netherlands,1979,TU Eindhoven (TU/e),higher_education,,,,,,,,gap: no matching rows in this year
Netherlands,1980,TU Eindhoven (TU/e),higher_education,,,,,,,,gap: no matching rows in this year
Netherlands,1981,TU Eindhoven (TU/e),higher_education,,,,,,,,gap: no matching rows in this year
Netherlands,1982,TU Eindhoven (TU/e),higher_education,,,,,,,,gap: no matching rows in this year
Netherlands,1983,TU Eindhoven (TU/e),higher_education,,,,,,,,gap: no matching rows in this year
Netherlands,1984,TU Eindhoven (TU/e),higher_education,,,,,,,,gap: no matching rows in this year
Netherlands,1985,TU Eindhoven (TU/e),higher_education,,,,,,,,gap: no matching rows in this year
Netherlands,1986,TU Eindhoven (TU/e),higher_education,,,,,,,,gap: no matching rows in this year
Netherlands,1987,TU Eindhoven (TU/e),higher_education,,,,,,,,gap: no matching rows in this year
Netherlands,1988,TU Eindhoven (TU/e),higher_education,,,,,,,,gap: no matching rows in this year
Netherlands,1989,TU Eindhoven (TU/e),higher_education,,,,,,,,gap: no matching rows in this year
Netherlands,1990,TU Eindhoven (TU/e),higher_education,,,,,,,,gap: no matching rows in this year
Netherlands,1991,TU Eindhoven (TU/e),higher_education,,,,,,,,gap: no matching rows in this year
Netherlands,1992,TU Eindhoven (TU/e),higher_education,,,,,,,,gap: no matching rows in this year
Netherlands,1993,TU Eindhoven (TU/e),higher_education,,,,,,,,gap: no matching rows in this year
Netherlands,1994,TU Eindhoven (TU/e),higher_education,,,,,,,,gap: no matching rows in this year
Netherlands,1995,TU Eindhoven (TU/e),higher_education,,,,,,,,gap: no matching rows in this year
Netherlands,1996,TU Eindhoven (TU/e),higher_education,,,,,,,,gap: no matching rows in this year
Netherlands,1997,TU Eindhoven (TU/e),higher_education,,,,,,,,gap: no matching rows in this year
Netherlands,1998,TU Eindhoven (TU/e),higher_education,,,,,,,,gap: no matching rows in this year
Netherlands,1999,TU Eindhoven (TU/e),higher_education,,,,,,,,gap: no matching rows in this year
Netherlands,2000,TU Eindhoven (TU/e),higher_education,,,,,,,,gap: no matching rows in this year
Netherlands,2001,TU Eindhoven (TU/e),higher_education,,,,,,,,gap: no matching rows in this year
Netherlands,2002,TU Eindhoven (TU/e),higher_education,,,,,,,,gap: no matching rows in this year
Netherlands,2003,TU Eindhoven (TU/e),higher_education,,,,,,,,gap: no matching rows in this year
Netherlands,2004,TU Eindhoven (TU/e),higher_education,,,,,,,,gap: no matching rows in this year
Netherlands,2005,TU Eindhoven (TU/e),higher_education,,,,,,,,gap: no matching rows in this year
Netherlands,2006,TU Eindhoven (TU/e),higher_education,,,,,,,,gap: no matching rows in this year
Netherlands,2007,TU Eindhoven (TU/e),higher_education,,,,,,,,gap: no matching rows in this year
Netherlands,2008,TU Eindhoven (TU/e),higher_education,,,,,,,,gap: no matching rows in this year
Netherlands,2009,TU Eindhoven (TU/e),higher_education,,,,,,,,gap: no matching rows in this year
Netherlands,2010,TU Eindhoven (TU/e),higher_education,,,,,,,,gap: no matching rows in this year
Netherlands,2011,TU Eindhoven (TU/e),higher_education,,,,,,,,gap: no matching rows in this year
Netherlands,2012,TU Eindhoven (TU/e),higher_education,,,,,,,,gap: no matching rows in this year
Netherlands,2013,TU Eindhoven (TU/e),higher_education,,,,,,,,gap: no matching rows in this year
Netherlands,2014,TU Eindhoven (TU/e),higher_education,,,,,,,,gap: no matching rows in this year
Netherlands,2015,TU Eindhoven (TU/e),higher_education,,,,,,,,gap: no matching rows in this year
Netherlands,2016,TU Eindhoven (TU/e),higher_education,,,,,,,,gap: no matching rows in this year
Netherlands,2017,TU Eindhoven (TU/e),higher_education,,,,,,,,gap: no matching rows in this year
Netherlands,2018,TU Eindhoven (TU/e),higher_education,,,,,,,,gap: no matching rows in this year
Netherlands,2019,TU Eindhoven (TU/e),higher_education,,,,,,,,gap: no matching rows in this year
Netherlands,2020,TU Eindhoven (TU/e),higher_education,,,,,,,,gap: no matching rows in this year
Netherlands,2021,TU Eindhoven (TU/e),higher_education,,,,,,,,gap: no matching rows in this year
Netherlands,2022,TU Eindhoven (TU/e),higher_education,,,,,,,,gap: no matching rows in this year
Netherlands,2023,TU Eindhoven (TU/e),higher_education,,,,,,,,gap: no matching rows in this year
Netherlands,2024,TU Eindhoven (TU/e),higher_education,,,,,,,,gap: no matching rows in this year
Netherlands,2025,TU Eindhoven (TU/e),higher_education,,,,,,,,gap: no matching rows in this year
Netherlands,1975,Total Education and Fundamental Scientific Research,higher_education,,,,,,,,gap: no matching rows in this year
Netherlands,1976,Total Education and Fundamental Scientific Research,higher_education,,,,,,,,gap: no matching rows in this year
Netherlands,1977,Total Education and Fundamental Scientific Research,higher_education,,,,,,,,gap: no matching rows in this year
Netherlands,1978,Total Education and Fundamental Scientific Research,higher_education,,,,,,,,gap: no matching rows in this year
Netherlands,1979,Total Education and Fundamental Scientific Research,higher_education,,,,,,,,gap: no matching rows in this year
Netherlands,1980,Total Education and Fundamental Scientific Research,higher_education,,,,,,,,gap: no matching rows in this year
Netherlands,1981,Total Education and Fundamental Scientific Research,higher_education,,,,,,,,gap: no matching rows in this year
Netherlands,1982,Total Education and Fundamental Scientific Research,higher_education,,,,,,,,gap: no matching rows in this year
Netherlands,1983,Total Education and Fundamental Scientific Research,higher_education,,,,,,,,gap: no matching rows in this year
Netherlands,1984,Total Education and Fundamental Scientific Research,higher_education,,,,,,,,gap: no matching rows in this year
Netherlands,1985,Total Education and Fundamental Scientific Research,higher_education,,,,,,,,gap: no matching rows in this year
Netherlands,1986,Total Education and Fundamental Scientific Research,higher_education,,,,,,,,gap: no matching rows in this year
Netherlands,1987,Total Education and Fundamental Scientific Research,higher_education,,,,,,,,gap: no matching rows in this year
Netherlands,1988,Total Education and Fundamental Scientific Research,higher_education,,,,,,,,gap: no matching rows in this year
Netherlands,1989,Total Education and Fundamental Scientific Research,higher_education,,,,,,,,gap: no matching rows in this year
Netherlands,1990,Total Education and Fundamental Scientific Research,higher_education,,,,,,,,gap: no matching rows in this year
Netherlands,1991,Total Education and Fundamental Scientific Research,higher_education,,,,,,,,gap: no matching rows in this year
Netherlands,1992,Total Education and Fundamental Scientific Research,higher_education,,,,,,,,gap: no matching rows in this year
Netherlands,1993,Total Education and Fundamental Scientific Research,higher_education,,,,,,,,gap: no matching rows in this year
Netherlands,1994,Total Education and Fundamental Scientific Research,higher_education,,,,,,,,"This funding is directly related to scientific research and education, indicating R&D relevance."
Netherlands,1995,Total Education and Fundamental Scientific Research,higher_education,,,,,,,,gap: no matching rows in this year
Netherlands,1996,Total Education and Fundamental Scientific Research,higher_education,,,,,,,,gap: no matching rows in this year
Netherlands,1997,Total Education and Fundamental Scientific Research,higher_education,,,,,,,,gap: no matching rows in this year
Netherlands,1998,Total Education and Fundamental Scientific Research,higher_education,,,,,,,,gap: no matching rows in this year
Netherlands,1999,Total Education and Fundamental Scientific Research,higher_education,,,,,,,,gap: no matching rows in this year
Netherlands,2000,Total Education and Fundamental Scientific Research,higher_education,,,,,,,,gap: no matching rows in this year
Netherlands,2001,Total Education and Fundamental Scientific Research,higher_education,,,,,,,,gap: no matching rows in this year
Netherlands,2002,Total Education and Fundamental Scientific Research,higher_education,,,,,,,,gap: no matching rows in this year
Netherlands,2003,Total Education and Fundamental Scientific Research,higher_education,,,,,,,,gap: no matching rows in this year
Netherlands,2004,Total Education and Fundamental Scientific Research,higher_education,,,,,,,,gap: no matching rows in this year
Netherlands,2005,Total Education and Fundamental Scientific Research,higher_education,,,,,,,,gap: no matching rows in this year
Netherlands,2006,Total Education and Fundamental Scientific Research,higher_education,,,,,,,,gap: no matching rows in this year
Netherlands,2007,Total Education and Fundamental Scientific Research,higher_education,,,,,,,,gap: no matching rows in this year
Netherlands,2008,Total Education and Fundamental Scientific Research,higher_education,,,,,,,,gap: no matching rows in this year
Netherlands,2009,Total Education and Fundamental Scientific Research,higher_education,,,,,,,,gap: no matching rows in this year
Netherlands,2010,Total Education and Fundamental Scientific Research,higher_education,,,,,,,,gap: no matching rows in this year
Netherlands,2011,Total Education and Fundamental Scientific Research,higher_education,,,,,,,,gap: no matching rows in this year
Netherlands,2012,Total Education and Fundamental Scientific Research,higher_education,,,,,,,,gap: no matching rows in this year
Netherlands,2013,Total Education and Fundamental Scientific Research,higher_education,,,,,,,,gap: no matching rows in this year
Netherlands,2014,Total Education and Fundamental Scientific Research,higher_education,,,,,,,,gap: no matching rows in this year
Netherlands,2015,Total Education and Fundamental Scientific Research,higher_education,,,,,,,,gap: no matching rows in this year
Netherlands,2016,Total Education and Fundamental Scientific Research,higher_education,,,,,,,,gap: no matching rows in this year
Netherlands,2017,Total Education and Fundamental Scientific Research,higher_education,,,,,,,,gap: no matching rows in this year
Netherlands,2018,Total Education and Fundamental Scientific Research,higher_education,,,,,,,,gap: no matching rows in this year
Netherlands,2019,Total Education and Fundamental Scientific Research,higher_education,,,,,,,,gap: no matching rows in this year
Netherlands,2020,Total Education and Fundamental Scientific Research,higher_education,,,,,,,,gap: no matching rows in this year
Netherlands,2021,Total Education and Fundamental Scientific Research,higher_education,,,,,,,,gap: no matching rows in this year
Netherlands,2022,Total Education and Fundamental Scientific Research,higher_education,,,,,,,,gap: no matching rows in this year
Netherlands,2023,Total Education and Fundamental Scientific Research,higher_education,,,,,,,,gap: no matching rows in this year
Netherlands,2024,Total Education and Fundamental Scientific Research,higher_education,,,,,,,,gap: no matching rows in this year
Netherlands,2025,Total Education and Fundamental Scientific Research,higher_education,,,,,,,,gap: no matching rows in this year
Netherlands,1975,Universiteit Leiden,higher_education,,,,,,,,gap: no matching rows in this year
Netherlands,1976,Universiteit Leiden,higher_education,,,,,,,,gap: no matching rows in this year
Netherlands,1977,Universiteit Leiden,higher_education,,,,,,,,gap: no matching rows in this year
Netherlands,1978,Universiteit Leiden,higher_education,,,,,,,,gap: no matching rows in this year
Netherlands,1979,Universiteit Leiden,higher_education,,,,,,,,gap: no matching rows in this year
Netherlands,1980,Universiteit Leiden,higher_education,,,,,,,,gap: no matching rows in this year
Netherlands,1981,Universiteit Leiden,higher_education,,,,,,,,gap: no matching rows in this year
Netherlands,1982,Universiteit Leiden,higher_education,,,,,,,,gap: no matching rows in this year
Netherlands,1983,Universiteit Leiden,higher_education,,,,,,,,gap: no matching rows in this year
Netherlands,1984,Universiteit Leiden,higher_education,,,,,,,,gap: no matching rows in this year
Netherlands,1985,Universiteit Leiden,higher_education,,,,,,,,gap: no matching rows in this year
Netherlands,1986,Universiteit Leiden,higher_education,,,,,,,,gap: no matching rows in this year
Netherlands,1987,Universiteit Leiden,higher_education,,,,,,,,gap: no matching rows in this year
Netherlands,1988,Universiteit Leiden,higher_education,,,,,,,,gap: no matching rows in this year
Netherlands,1989,Universiteit Leiden,higher_education,,,,,,,,gap: no matching rows in this year
Netherlands,1990,Universiteit Leiden,higher_education,,,,,,,,gap: no matching rows in this year
Netherlands,1991,Universiteit Leiden,higher_education,,,,,,,,gap: no matching rows in this year
Netherlands,1992,Universiteit Leiden,higher_education,,,,,,,,gap: no matching rows in this year
Netherlands,1993,Universiteit Leiden,higher_education,,,,,,,,gap: no matching rows in this year
Netherlands,1994,Universiteit Leiden,higher_education,,,,,,,,gap: no matching rows in this year
Netherlands,1995,Universiteit Leiden,higher_education,,,,,,,,gap: no matching rows in this year
Netherlands,1996,Universiteit Leiden,higher_education,,,,,,,,gap: no matching rows in this year
Netherlands,1997,Universiteit Leiden,higher_education,,,,,,,,gap: no matching rows in this year
Netherlands,1998,Universiteit Leiden,higher_education,,,,,,,,gap: no matching rows in this year
Netherlands,1999,Universiteit Leiden,higher_education,,,,,,,,gap: no matching rows in this year
Netherlands,2000,Universiteit Leiden,higher_education,,,,,,,,gap: no matching rows in this year
Netherlands,2001,Universiteit Leiden,higher_education,,,,,,,,gap: no matching rows in this year
Netherlands,2002,Universiteit Leiden,higher_education,,,,,,,,gap: no matching rows in this year
Netherlands,2003,Universiteit Leiden,higher_education,,,,,,,,gap: no matching rows in this year
Netherlands,2004,Universiteit Leiden,higher_education,,,,,,,,gap: no matching rows in this year
Netherlands,2005,Universiteit Leiden,higher_education,,,,,,,,gap: no matching rows in this year
Netherlands,2006,Universiteit Leiden,higher_education,,,,,,,,gap: no matching rows in this year
Netherlands,2007,Universiteit Leiden,higher_education,,,,,,,,gap: no matching rows in this year
Netherlands,2008,Universiteit Leiden,higher_education,,,,,,,,gap: no matching rows in this year
Netherlands,2009,Universiteit Leiden,higher_education,,,,,,,,gap: no matching rows in this year
Netherlands,2010,Universiteit Leiden,higher_education,,,,,,,,gap: no matching rows in this year
Netherlands,2011,Universiteit Leiden,higher_education,,,,,,,,gap: no matching rows in this year
Netherlands,2012,Universiteit Leiden,higher_education,,,,,,,,gap: no matching rows in this year
Netherlands,2013,Universiteit Leiden,higher_education,,,,,,,,gap: no matching rows in this year
Netherlands,2014,Universiteit Leiden,higher_education,,,,,,,,gap: no matching rows in this year
Netherlands,2015,Universiteit Leiden,higher_education,,,,,,,,gap: no matching rows in this year
Netherlands,2016,Universiteit Leiden,higher_education,,,,,,,,gap: no matching rows in this year
Netherlands,2017,Universiteit Leiden,higher_education,,,,,,,,gap: no matching rows in this year
Netherlands,2018,Universiteit Leiden,higher_education,,,,,,,,gap: no matching rows in this year
Netherlands,2019,Universiteit Leiden,higher_education,,,,,,,,gap: no matching rows in this year
Netherlands,2020,Universiteit Leiden,higher_education,,,,,,,,gap: no matching rows in this year
Netherlands,2021,Universiteit Leiden,higher_education,,,,,,,,gap: no matching rows in this year
Netherlands,2022,Universiteit Leiden,higher_education,,,,,,,,gap: no matching rows in this year
Netherlands,2023,Universiteit Leiden,higher_education,,,,,,,,gap: no matching rows in this year
Netherlands,2024,Universiteit Leiden,higher_education,,,,,,,,gap: no matching rows in this year
Netherlands,2025,Universiteit Leiden,higher_education,,,,,,,,gap: no matching rows in this year
Netherlands,1975,Universiteit Utrecht (UU),higher_education,,,,,,,,gap: no matching rows in this year
Netherlands,1976,Universiteit Utrecht (UU),higher_education,,,,,,,,gap: no matching rows in this year
Netherlands,1977,Universiteit Utrecht (UU),higher_education,,,,,,,,gap: no matching rows in this year
Netherlands,1978,Universiteit Utrecht (UU),higher_education,,,,,,,,gap: no matching rows in this year
Netherlands,1979,Universiteit Utrecht (UU),higher_education,,,,,,,,gap: no matching rows in this year
Netherlands,1980,Universiteit Utrecht (UU),higher_education,,,,,,,,gap: no matching rows in this year
Netherlands,1981,Universiteit Utrecht (UU),higher_education,,,,,,,,gap: no matching rows in this year
Netherlands,1982,Universiteit Utrecht (UU),higher_education,,,,,,,,gap: no matching rows in this year
Netherlands,1983,Universiteit Utrecht (UU),higher_education,,,,,,,,gap: no matching rows in this year
Netherlands,1984,Universiteit Utrecht (UU),higher_education,,,,,,,,gap: no matching rows in this year
Netherlands,1985,Universiteit Utrecht (UU),higher_education,,,,,,,,gap: no matching rows in this year
Netherlands,1986,Universiteit Utrecht (UU),higher_education,,,,,,,,gap: no matching rows in this year
Netherlands,1987,Universiteit Utrecht (UU),higher_education,,,,,,,,gap: no matching rows in this year
Netherlands,1988,Universiteit Utrecht (UU),higher_education,,,,,,,,gap: no matching rows in this year
Netherlands,1989,Universiteit Utrecht (UU),higher_education,,,,,,,,gap: no matching rows in this year
Netherlands,1990,Universiteit Utrecht (UU),higher_education,,,,,,,,gap: no matching rows in this year
Netherlands,1991,Universiteit Utrecht (UU),higher_education,,,,,,,,gap: no matching rows in this year
Netherlands,1992,Universiteit Utrecht (UU),higher_education,,,,,,,,gap: no matching rows in this year
Netherlands,1993,Universiteit Utrecht (UU),higher_education,,,,,,,,gap: no matching rows in this year
Netherlands,1994,Universiteit Utrecht (UU),higher_education,,,,,,,,gap: no matching rows in this year
Netherlands,1995,Universiteit Utrecht (UU),higher_education,,,,,,,,gap: no matching rows in this year
Netherlands,1996,Universiteit Utrecht (UU),higher_education,,,,,,,,gap: no matching rows in this year
Netherlands,1997,Universiteit Utrecht (UU),higher_education,,,,,,,,gap: no matching rows in this year
Netherlands,1998,Universiteit Utrecht (UU),higher_education,,,,,,,,gap: no matching rows in this year
Netherlands,1999,Universiteit Utrecht (UU),higher_education,,,,,,,,gap: no matching rows in this year
Netherlands,2000,Universiteit Utrecht (UU),higher_education,,,,,,,,gap: no matching rows in this year
Netherlands,2001,Universiteit Utrecht (UU),higher_education,,,,,,,,gap: no matching rows in this year
Netherlands,2002,Universiteit Utrecht (UU),higher_education,,,,,,,,gap: no matching rows in this year
Netherlands,2003,Universiteit Utrecht (UU),higher_education,,,,,,,,gap: no matching rows in this year
Netherlands,2004,Universiteit Utrecht (UU),higher_education,,,,,,,,gap: no matching rows in this year
Netherlands,2005,Universiteit Utrecht (UU),higher_education,,,,,,,,gap: no matching rows in this year
Netherlands,2006,Universiteit Utrecht (UU),higher_education,,,,,,,,gap: no matching rows in this year
Netherlands,2007,Universiteit Utrecht (UU),higher_education,,,,,,,,gap: no matching rows in this year
Netherlands,2008,Universiteit Utrecht (UU),higher_education,,,,,,,,gap: no matching rows in this year
Netherlands,2009,Universiteit Utrecht (UU),higher_education,,,,,,,,gap: no matching rows in this year
Netherlands,2010,Universiteit Utrecht (UU),higher_education,,,,,,,,gap: no matching rows in this year
Netherlands,2011,Universiteit Utrecht (UU),higher_education,,,,,,,,gap: no matching rows in this year
Netherlands,2012,Universiteit Utrecht (UU),higher_education,,,,,,,,gap: no matching rows in this year
Netherlands,2013,Universiteit Utrecht (UU),higher_education,,,,,,,,gap: no matching rows in this year
Netherlands,2014,Universiteit Utrecht (UU),higher_education,,,,,,,,gap: no matching rows in this year
Netherlands,2015,Universiteit Utrecht (UU),higher_education,,,,,,,,gap: no matching rows in this year
Netherlands,2016,Universiteit Utrecht (UU),higher_education,,,,,,,,gap: no matching rows in this year
Netherlands,2017,Universiteit Utrecht (UU),higher_education,,,,,,,,gap: no matching rows in this year
Netherlands,2018,Universiteit Utrecht (UU),higher_education,,,,,,,,gap: no matching rows in this year
Netherlands,2019,Universiteit Utrecht (UU),higher_education,,,,,,,,gap: no matching rows in this year
Netherlands,2020,Universiteit Utrecht (UU),higher_education,,,,,,,,gap: no matching rows in this year
Netherlands,2021,Universiteit Utrecht (UU),higher_education,,,,,,,,gap: no matching rows in this year
Netherlands,2022,Universiteit Utrecht (UU),higher_education,,,,,,,,gap: no matching rows in this year
Netherlands,2023,Universiteit Utrecht (UU),higher_education,,,,,,,,gap: no matching rows in this year
Netherlands,2024,Universiteit Utrecht (UU),higher_education,,,,,,,,gap: no matching rows in this year
Netherlands,2025,Universiteit Utrecht (UU),higher_education,,,,,,,,gap: no matching rows in this year
Netherlands,1975,Universiteit van Amsterdam (UvA),higher_education,,,,,,,,gap: no matching rows in this year
Netherlands,1976,Universiteit van Amsterdam (UvA),higher_education,,,,,,,,gap: no matching rows in this year
Netherlands,1977,Universiteit van Amsterdam (UvA),higher_education,,,,,,,,gap: no matching rows in this year
Netherlands,1978,Universiteit van Amsterdam (UvA),higher_education,,,,,,,,gap: no matching rows in this year
Netherlands,1979,Universiteit van Amsterdam (UvA),higher_education,,,,,,,,gap: no matching rows in this year
Netherlands,1980,Universiteit van Amsterdam (UvA),higher_education,,,,,,,,gap: no matching rows in this year
Netherlands,1981,Universiteit van Amsterdam (UvA),higher_education,,,,,,,,gap: no matching rows in this year
Netherlands,1982,Universiteit van Amsterdam (UvA),higher_education,,,,,,,,gap: no matching rows in this year
Netherlands,1983,Universiteit van Amsterdam (UvA),higher_education,,,,,,,,gap: no matching rows in this year
Netherlands,1984,Universiteit van Amsterdam (UvA),higher_education,,,,,,,,gap: no matching rows in this year
Netherlands,1985,Universiteit van Amsterdam (UvA),higher_education,,,,,,,,gap: no matching rows in this year
Netherlands,1986,Universiteit van Amsterdam (UvA),higher_education,,,,,,,,gap: no matching rows in this year
Netherlands,1987,Universiteit van Amsterdam (UvA),higher_education,,,,,,,,gap: no matching rows in this year
Netherlands,1988,Universiteit van Amsterdam (UvA),higher_education,,,,,,,,gap: no matching rows in this year
Netherlands,1989,Universiteit van Amsterdam (UvA),higher_education,,,,,,,,gap: no matching rows in this year
Netherlands,1990,Universiteit van Amsterdam (UvA),higher_education,,,,,,,,gap: no matching rows in this year
Netherlands,1991,Universiteit van Amsterdam (UvA),higher_education,,,,,,,,gap: no matching rows in this year
Netherlands,1992,Universiteit van Amsterdam (UvA),higher_education,,,,,,,,gap: no matching rows in this year
Netherlands,1993,Universiteit van Amsterdam (UvA),higher_education,,,,,,,,gap: no matching rows in this year
Netherlands,1994,Universiteit van Amsterdam (UvA),higher_education,,,,,,,,gap: no matching rows in this year
Netherlands,1995,Universiteit van Amsterdam (UvA),higher_education,,,,,,,,gap: no matching rows in this year
Netherlands,1996,Universiteit van Amsterdam (UvA),higher_education,,,,,,,,gap: no matching rows in this year
Netherlands,1997,Universiteit van Amsterdam (UvA),higher_education,,,,,,,,gap: no matching rows in this year
Netherlands,1998,Universiteit van Amsterdam (UvA),higher_education,,,,,,,,gap: no matching rows in this year
Netherlands,1999,Universiteit van Amsterdam (UvA),higher_education,,,,,,,,gap: no matching rows in this year
Netherlands,2000,Universiteit van Amsterdam (UvA),higher_education,,,,,,,,gap: no matching rows in this year
Netherlands,2001,Universiteit van Amsterdam (UvA),higher_education,,,,,,,,gap: no matching rows in this year
Netherlands,2002,Universiteit van Amsterdam (UvA),higher_education,,,,,,,,gap: no matching rows in this year
Netherlands,2003,Universiteit van Amsterdam (UvA),higher_education,,,,,,,,gap: no matching rows in this year
Netherlands,2004,Universiteit van Amsterdam (UvA),higher_education,,,,,,,,gap: no matching rows in this year
Netherlands,2005,Universiteit van Amsterdam (UvA),higher_education,,,,,,,,gap: no matching rows in this year
Netherlands,2006,Universiteit van Amsterdam (UvA),higher_education,,,,,,,,gap: no matching rows in this year
Netherlands,2007,Universiteit van Amsterdam (UvA),higher_education,,,,,,,,gap: no matching rows in this year
Netherlands,2008,Universiteit van Amsterdam (UvA),higher_education,,,,,,,,gap: no matching rows in this year
Netherlands,2009,Universiteit van Amsterdam (UvA),higher_education,,,,,,,,gap: no matching rows in this year
Netherlands,2010,Universiteit van Amsterdam (UvA),higher_education,,,,,,,,gap: no matching rows in this year
Netherlands,2011,Universiteit van Amsterdam (UvA),higher_education,,,,,,,,gap: no matching rows in this year
Netherlands,2012,Universiteit van Amsterdam (UvA),higher_education,,,,,,,,gap: no matching rows in this year
Netherlands,2013,Universiteit van Amsterdam (UvA),higher_education,,,,,,,,gap: no matching rows in this year
Netherlands,2014,Universiteit van Amsterdam (UvA),higher_education,,,,,,,,gap: no matching rows in this year
Netherlands,2015,Universiteit van Amsterdam (UvA),higher_education,,,,,,,,gap: no matching rows in this year
Netherlands,2016,Universiteit van Amsterdam (UvA),higher_education,,,,,,,,gap: no matching rows in this year
Netherlands,2017,Universiteit van Amsterdam (UvA),higher_education,,,,,,,,gap: no matching rows in this year
Netherlands,2018,Universiteit van Amsterdam (UvA),higher_education,,,,,,,,gap: no matching rows in this year
Netherlands,2019,Universiteit van Amsterdam (UvA),higher_education,,,,,,,,gap: no matching rows in this year
Netherlands,2020,Universiteit van Amsterdam (UvA),higher_education,,,,,,,,gap: no matching rows in this year
Netherlands,2021,Universiteit van Amsterdam (UvA),higher_education,,,,,,,,gap: no matching rows in this year
Netherlands,2022,Universiteit van Amsterdam (UvA),higher_education,,,,,,,,gap: no matching rows in this year
Netherlands,2023,Universiteit van Amsterdam (UvA),higher_education,,,,,,,,gap: no matching rows in this year
Netherlands,2024,Universiteit van Amsterdam (UvA),higher_education,,,,,,,,gap: no matching rows in this year
Netherlands,2025,Universiteit van Amsterdam (UvA),higher_education,,,,,,,,gap: no matching rows in this year
Netherlands,1975,Vrije Universiteit Amsterdam (VU),higher_education,,,,,,,,gap: no matching rows in this year
Netherlands,1976,Vrije Universiteit Amsterdam (VU),higher_education,,,,,,,,gap: no matching rows in this year
Netherlands,1977,Vrije Universiteit Amsterdam (VU),higher_education,,,,,,,,gap: no matching rows in this year
Netherlands,1978,Vrije Universiteit Amsterdam (VU),higher_education,,,,,,,,gap: no matching rows in this year
Netherlands,1979,Vrije Universiteit Amsterdam (VU),higher_education,,,,,,,,gap: no matching rows in this year
Netherlands,1980,Vrije Universiteit Amsterdam (VU),higher_education,,,,,,,,gap: no matching rows in this year
Netherlands,1981,Vrije Universiteit Amsterdam (VU),higher_education,,,,,,,,gap: no matching rows in this year
Netherlands,1982,Vrije Universiteit Amsterdam (VU),higher_education,,,,,,,,gap: no matching rows in this year
Netherlands,1983,Vrije Universiteit Amsterdam (VU),higher_education,,,,,,,,gap: no matching rows in this year
Netherlands,1984,Vrije Universiteit Amsterdam (VU),higher_education,,,,,,,,gap: no matching rows in this year
Netherlands,1985,Vrije Universiteit Amsterdam (VU),higher_education,,,,,,,,gap: no matching rows in this year
Netherlands,1986,Vrije Universiteit Amsterdam (VU),higher_education,,,,,,,,gap: no matching rows in this year
Netherlands,1987,Vrije Universiteit Amsterdam (VU),higher_education,,,,,,,,gap: no matching rows in this year
Netherlands,1988,Vrije Universiteit Amsterdam (VU),higher_education,,,,,,,,gap: no matching rows in this year
Netherlands,1989,Vrije Universiteit Amsterdam (VU),higher_education,,,,,,,,gap: no matching rows in this year
Netherlands,1990,Vrije Universiteit Amsterdam (VU),higher_education,,,,,,,,gap: no matching rows in this year
Netherlands,1991,Vrije Universiteit Amsterdam (VU),higher_education,,,,,,,,gap: no matching rows in this year
Netherlands,1992,Vrije Universiteit Amsterdam (VU),higher_education,,,,,,,,gap: no matching rows in this year
Netherlands,1993,Vrije Universiteit Amsterdam (VU),higher_education,,,,,,,,gap: no matching rows in this year
Netherlands,1994,Vrije Universiteit Amsterdam (VU),higher_education,,,,,,,,gap: no matching rows in this year
Netherlands,1995,Vrije Universiteit Amsterdam (VU),higher_education,,,,,,,,gap: no matching rows in this year
Netherlands,1996,Vrije Universiteit Amsterdam (VU),higher_education,,,,,,,,gap: no matching rows in this year
Netherlands,1997,Vrije Universiteit Amsterdam (VU),higher_education,,,,,,,,gap: no matching rows in this year
Netherlands,1998,Vrije Universiteit Amsterdam (VU),higher_education,,,,,,,,gap: no matching rows in this year
Netherlands,1999,Vrije Universiteit Amsterdam (VU),higher_education,,,,,,,,gap: no matching rows in this year
Netherlands,2000,Vrije Universiteit Amsterdam (VU),higher_education,,,,,,,,gap: no matching rows in this year
Netherlands,2001,Vrije Universiteit Amsterdam (VU),higher_education,,,,,,,,gap: no matching rows in this year
Netherlands,2002,Vrije Universiteit Amsterdam (VU),higher_education,,,,,,,,gap: no matching rows in this year
Netherlands,2003,Vrije Universiteit Amsterdam (VU),higher_education,,,,,,,,gap: no matching rows in this year
Netherlands,2004,Vrije Universiteit Amsterdam (VU),higher_education,,,,,,,,gap: no matching rows in this year
Netherlands,2005,Vrije Universiteit Amsterdam (VU),higher_education,,,,,,,,gap: no matching rows in this year
Netherlands,2006,Vrije Universiteit Amsterdam (VU),higher_education,,,,,,,,gap: no matching rows in this year
Netherlands,2007,Vrije Universiteit Amsterdam (VU),higher_education,,,,,,,,gap: no matching rows in this year
Netherlands,2008,Vrije Universiteit Amsterdam (VU),higher_education,,,,,,,,gap: no matching rows in this year
Netherlands,2009,Vrije Universiteit Amsterdam (VU),higher_education,,,,,,,,gap: no matching rows in this year
Netherlands,2010,Vrije Universiteit Amsterdam (VU),higher_education,,,,,,,,gap: no matching rows in this year
Netherlands,2011,Vrije Universiteit Amsterdam (VU),higher_education,,,,,,,,gap: no matching rows in this year
Netherlands,2012,Vrije Universiteit Amsterdam (VU),higher_education,,,,,,,,gap: no matching rows in this year
Netherlands,2013,Vrije Universiteit Amsterdam (VU),higher_education,,,,,,,,gap: no matching rows in this year
Netherlands,2014,Vrije Universiteit Amsterdam (VU),higher_education,,,,,,,,gap: no matching rows in this year
Netherlands,2015,Vrije Universiteit Amsterdam (VU),higher_education,,,,,,,,gap: no matching rows in this year
Netherlands,2016,Vrije Universiteit Amsterdam (VU),higher_education,,,,,,,,gap: no matching rows in this year
Netherlands,2017,Vrije Universiteit Amsterdam (VU),higher_education,,,,,,,,gap: no matching rows in this year
Netherlands,2018,Vrije Universiteit Amsterdam (VU),higher_education,,,,,,,,gap: no matching rows in this year
Netherlands,2019,Vrije Universiteit Amsterdam (VU),higher_education,,,,,,,,gap: no matching rows in this year
Netherlands,2020,Vrije Universiteit Amsterdam (VU),higher_education,,,,,,,,gap: no matching rows in this year
Netherlands,2021,Vrije Universiteit Amsterdam (VU),higher_education,,,,,,,,gap: no matching rows in this year
Netherlands,2022,Vrije Universiteit Amsterdam (VU),higher_education,,,,,,,,gap: no matching rows in this year
Netherlands,2023,Vrije Universiteit Amsterdam (VU),higher_education,,,,,,,,gap: no matching rows in this year
Netherlands,2024,Vrije Universiteit Amsterdam (VU),higher_education,,,,,,,,gap: no matching rows in this year
Netherlands,2025,Vrije Universiteit Amsterdam (VU),higher_education,,,,,,,,gap: no matching rows in this year
Netherlands,1975,Wageningen Universiteit (WUR),higher_education,,,,,,,,gap: no matching rows in this year
Netherlands,1976,Wageningen Universiteit (WUR),higher_education,,,,,,,,gap: no matching rows in this year
Netherlands,1977,Wageningen Universiteit (WUR),higher_education,,,,,,,,gap: no matching rows in this year
Netherlands,1978,Wageningen Universiteit (WUR),higher_education,,,,,,,,gap: no matching rows in this year
Netherlands,1979,Wageningen Universiteit (WUR),higher_education,,,,,,,,gap: no matching rows in this year
Netherlands,1980,Wageningen Universiteit (WUR),higher_education,,,,,,,,gap: no matching rows in this year
Netherlands,1981,Wageningen Universiteit (WUR),higher_education,,,,,,,,gap: no matching rows in this year
Netherlands,1982,Wageningen Universiteit (WUR),higher_education,,,,,,,,gap: no matching rows in this year
Netherlands,1983,Wageningen Universiteit (WUR),higher_education,,,,,,,,gap: no matching rows in this year
Netherlands,1984,Wageningen Universiteit (WUR),higher_education,,,,,,,,gap: no matching rows in this year
Netherlands,1985,Wageningen Universiteit (WUR),higher_education,,,,,,,,gap: no matching rows in this year
Netherlands,1986,Wageningen Universiteit (WUR),higher_education,,,,,,,,gap: no matching rows in this year
Netherlands,1987,Wageningen Universiteit (WUR),higher_education,,,,,,,,gap: no matching rows in this year
Netherlands,1988,Wageningen Universiteit (WUR),higher_education,,,,,,,,gap: no matching rows in this year
Netherlands,1989,Wageningen Universiteit (WUR),higher_education,,,,,,,,gap: no matching rows in this year
Netherlands,1990,Wageningen Universiteit (WUR),higher_education,,,,,,,,gap: no matching rows in this year
Netherlands,1991,Wageningen Universiteit (WUR),higher_education,,,,,,,,gap: no matching rows in this year
Netherlands,1992,Wageningen Universiteit (WUR),higher_education,,,,,,,,gap: no matching rows in this year
Netherlands,1993,Wageningen Universiteit (WUR),higher_education,,,,,,,,gap: no matching rows in this year
Netherlands,1994,Wageningen Universiteit (WUR),higher_education,,,,,,,,gap: no matching rows in this year
Netherlands,1995,Wageningen Universiteit (WUR),higher_education,,,,,,,,gap: no matching rows in this year
Netherlands,1996,Wageningen Universiteit (WUR),higher_education,,,,,,,,gap: no matching rows in this year
Netherlands,1997,Wageningen Universiteit (WUR),higher_education,,,,,,,,gap: no matching rows in this year
Netherlands,1998,Wageningen Universiteit (WUR),higher_education,,,,,,,,gap: no matching rows in this year
Netherlands,1999,Wageningen Universiteit (WUR),higher_education,,,,,,,,gap: no matching rows in this year
Netherlands,2000,Wageningen Universiteit (WUR),higher_education,,,,,,,,gap: no matching rows in this year
Netherlands,2001,Wageningen Universiteit (WUR),higher_education,,,,,,,,gap: no matching rows in this year
Netherlands,2002,Wageningen Universiteit (WUR),higher_education,,,,,,,,gap: no matching rows in this year
Netherlands,2003,Wageningen Universiteit (WUR),higher_education,,,,,,,,gap: no matching rows in this year
Netherlands,2004,Wageningen Universiteit (WUR),higher_education,,,,,,,,gap: no matching rows in this year
Netherlands,2005,Wageningen Universiteit (WUR),higher_education,,,,,,,,gap: no matching rows in this year
Netherlands,2006,Wageningen Universiteit (WUR),higher_education,,,,,,,,gap: no matching rows in this year
Netherlands,2007,Wageningen Universiteit (WUR),higher_education,,,,,,,,gap: no matching rows in this year
Netherlands,2008,Wageningen Universiteit (WUR),higher_education,,,,,,,,gap: no matching rows in this year
Netherlands,2009,Wageningen Universiteit (WUR),higher_education,,,,,,,,gap: no matching rows in this year
Netherlands,2010,Wageningen Universiteit (WUR),higher_education,,,,,,,,gap: no matching rows in this year
Netherlands,2011,Wageningen Universiteit (WUR),higher_education,,,,,,,,gap: no matching rows in this year
Netherlands,2012,Wageningen Universiteit (WUR),higher_education,,,,,,,,gap: no matching rows in this year
Netherlands,2013,Wageningen Universiteit (WUR),higher_education,,,,,,,,gap: no matching rows in this year
Netherlands,2014,Wageningen Universiteit (WUR),higher_education,,,,,,,,gap: no matching rows in this year
Netherlands,2015,Wageningen Universiteit (WUR),higher_education,,,,,,,,gap: no matching rows in this year
Netherlands,2016,Wageningen Universiteit (WUR),higher_education,,,,,,,,gap: no matching rows in this year
Netherlands,2017,Wageningen Universiteit (WUR),higher_education,,,,,,,,gap: no matching rows in this year
Netherlands,2018,Wageningen Universiteit (WUR),higher_education,,,,,,,,gap: no matching rows in this year
Netherlands,2019,Wageningen Universiteit (WUR),higher_education,,,,,,,,gap: no matching rows in this year
Netherlands,2020,Wageningen Universiteit (WUR),higher_education,,,,,,,,gap: no matching rows in this year
Netherlands,2021,Wageningen Universiteit (WUR),higher_education,,,,,,,,gap: no matching rows in this year
Netherlands,2022,Wageningen Universiteit (WUR),higher_education,,,,,,,,gap: no matching rows in this year
Netherlands,2023,Wageningen Universiteit (WUR),higher_education,,,,,,,,gap: no matching rows in this year
Netherlands,2024,Wageningen Universiteit (WUR),higher_education,,,,,,,,gap: no matching rows in this year
Netherlands,2025,Wageningen Universiteit (WUR),higher_education,,,,,,,,gap: no matching rows in this year
