reform_id,country_code,country_name,survey_year,implementation_year,announcement_year,announcement_year_source,announcement_year_confidence,legislation_year,legislation_year_source,legislation_year_confidence,implementation_year_end,implementation_year_source,implementation_year_confidence,theme,sub_theme,secondary_type,alternative_theme,rd_actor,rd_stage,growth_orientation,growth_orientation_rationale,growth_orientation_confidence,package_name,component_name,is_component,status,status_evidence,status_confidence,is_major_reform,importance_bucket,importance_rationale,importance_confidence,description,source_quote,source_page_start,source_page_end
CAN_1994_002,CAN,Canada,1994,1991.0,,,,,,,,explicit,high,innovation,human_capital,other,,public_private,applied,growth_supporting,"By enhancing private sector involvement in training, the initiative aims to improve workforce skills and employability, contributing to economic growth.",high,Labour Market Development Package,Labour Force Development Board,True,implemented,The board has been actively functioning since its establishment.,high,False,2,The establishment of the board represents a significant but narrower reform focused on training and development.,medium,"The Labour Force Development Board was created in 1991 to enhance private sector involvement in UI-sponsored training and developmental programmes, reflecting a significant policy shift towards active labour market measures.",The Labour Force Development Board was created in 1991 to provide a mechanism for private sector involvement in UI-sponsored training and other developmental programmes.,75.0,75.0
CAN_1992_001,CAN,Canada,1992,1992.0,,,,,,,,explicit,high,innovation,human_capital,,,public,applied,growth_supporting,"By investing in training for the unemployed, the reform aims to enhance the skills of the workforce, thereby supporting economic growth.",high,Unemployment Insurance Reform,Unemployment Insurance Reform,False,implemented,The reform has been put into effect as indicated by its implementation status.,high,True,3,"The reform represents a significant structural change in the unemployment insurance system, focusing on skill development.",medium,"The reform of the unemployment-insurance system has directed more funds towards training for the unemployed, while reducing the generosity of the system by reducing the maximum duration of benefits and increasing the minimum period of work required to qualify for benefits.","Under the Labour Force Development Strategy, funding for training was raised from C$ 0.5 billion in 1990 to C$ 2 billion in 1992.",78.0,78.0
CAN_1992_002,CAN,Canada,1992,1992.0,,,,,,,,explicit,high,innovation,knowledge_transfer,,,public_private,applied,growth_supporting,"By fostering collaboration between academia and industry, the initiative aims to enhance R&D outcomes and drive innovation.",high,Centres for Excellence Initiative,Centres for Excellence,False,implemented,The initiative has been established and is operational as indicated by its implementation status.,high,False,2,The initiative represents a significant effort to enhance R&D collaboration but does not constitute a major overhaul of the system.,medium,"The Canadian Government has initiated the establishment of Centres for Excellence to link top researchers from universities with major corporations, aiming to improve the effectiveness of existing R&D support.","The Government has initiated a number of programmes to address these problems. Among these is the establishment of the Centres for Excellence, which link up top researchers of universities and major corporations.",,
CAN_1993_001,CAN,Canada,1993,1992.0,,,,,,,,explicit,high,innovation,innovation_instruments,,,public,applied,growth_supporting,"The initiative aims to enhance competitiveness, which is expected to support economic growth.",high,Prosperity Initiative,Consultation Process,True,implemented,The initiative has been launched and is in effect.,high,False,2,The initiative represents a significant effort to reform and improve economic competitiveness.,medium,The Prosperity Initiative was launched as a consultation process aimed at identifying and building consensus around structural reforms to enhance the competitiveness of the Canadian economy.,"In 1992 the authorities launched the Prosperity Initiative, a consultation process to help identify, and build a consensus around, further structural reforms needed to improve the competitiveness of the economy.",55.0,55.0
CAN_1993_002,CAN,Canada,1993,1993.0,1992.0,explicit,high,,,,,explicit,high,innovation,rd_funding,,,private,applied,growth_supporting,Increased funding for R&D is expected to boost innovation and economic growth in the private sector.,high,R&D Support Enhancement,Funding and Access Streamlining,True,implemented,The government has successfully increased support and streamlined access.,high,False,2,The increase in funding and improved access to R&D programmes represent significant enhancements to support for innovation.,medium,"The Canadian government increased support for R&D by providing additional funding to Canadian corporations undertaking research and development, while also streamlining access to R&D programmes and services.","In its December 1992 Economic and Fiscal Statement, and again in the April 1993 Budget, the Government provided additional support to Canadian corporations undertaking R&D.",56.0,56.0
CAN_1994_001,CAN,Canada,1994,1994.0,,,,,,,,explicit,high,innovation,innovation_instruments,,,public_private,applied,growth_supporting,"These initiatives are designed to enhance innovation and support small businesses, which are expected to contribute positively to economic growth.",high,Innovation and Employment Support Package,Innovation Initiatives,True,implemented,The measures have been actively put into practice as part of the government's initiatives.,high,True,3,The reforms represent a significant overhaul of the unemployment insurance system and a strong push towards innovation and job training.,medium,"The Government is implementing initiatives to promote innovative activities in Canada, including support for the development of environmental technologies, reforming the unemployment-insurance system, enhancing job training, supporting small businesses, and promoting technological innovation.","The new Government has taken measures to reform the unemployment-insurance system, enhance job training, support small businesses, and promote technological innovation.",,
CAN_2001_004,CAN,Canada,2001,1994.0,,,,,,,,explicit,high,innovation,rd_funding,,,public,applied,growth_supporting,"Creating partnerships and networks for R&D spending enhances collaboration and innovation, which can drive economic growth.",high,Science and Technology Strategy,,False,implemented,The strategy has been launched and is in effect.,high,True,3,The strategy represents a significant shift in how the government approaches R&D funding and collaboration.,high,"The federal government launched a new Science and Technology Strategy aimed at repositioning its policies to create partnerships and networks for R&D spending, with the goal of improving Canada's R&D performance.","In 1994, the government had launched a wholesale policy review and repositioned its policies in a new Science and Technology Strategy.",,
CAN_1995_001,CAN,Canada,1995,1995.0,,,,,,,,explicit,high,innovation,innovation_instruments,,,public_private,applied,growth_supporting,"The reforms aim to stimulate R&D spending and enhance industrial performance, which are expected to raise productivity and innovation.",high,Innovation Performance Enhancement,Tax Credits and Grants,True,implemented,The Canadian government has implemented tax credits and grants as primary instruments.,high,True,3,The implementation of tax credits and grants as well as a coherent strategy for innovation represents a significant structural change in the innovation policy landscape.,high,"The Canadian government has implemented tax credits and grants as primary instruments to encourage private sector R&D spending, aiming to stimulate innovation and enhance industrial performance. Additionally, a strategy has been outlined to improve Canada's innovation performance by linking various economic development instruments into a coherent agenda, focusing on expanding markets, encouraging small business growth, and promoting science and technology across all sectors. A federal Science and Technology Strategy is also intended to streamline support for innovation and ensure it is conducive to private sector growth, particularly among small businesses.",The Government has recently outlined a number of proposals to make the economy more innovative and productive.,126.0,126.0
CAN_1995_002,CAN,Canada,1995,1995.0,,,,,,,,explicit,high,innovation,startup_ecosystem,,,public_private,adoption,growth_supporting,Enhancing access to capital for SMEs is expected to support their growth and innovation capabilities.,high,SME Financing Enhancement,,False,implemented,The federal government plans to stimulate commercial bank lending.,high,False,2,The initiative to establish performance benchmarks for small business financing represents a significant but narrower reform aimed at improving access to capital.,medium,"The federal government plans to stimulate commercial bank lending to small businesses by establishing performance benchmarks for small business financing, aiming to enhance access to capital for SMEs.",The federal government also intends to stimulate commercial bank lending to small businesses by working with the banks to establish performance benchmarks for small business financing.,110.0,110.0
CAN_1995_003,CAN,Canada,1995,1995.0,,,,,,,,explicit,high,innovation,research_infrastructure,,,public,adoption,growth_supporting,Investing in high-speed communications infrastructure is expected to enhance innovation capabilities and technology transfer.,high,Research Infrastructure Development,,False,implemented,The government is increasing funding for CANARIE.,high,False,2,Increasing funding for CANARIE represents a significant investment in research infrastructure that supports innovation.,medium,"The government is increasing funding for the Canadian Network for the Advancement of Research, Industry and Education (CANARIE) to create a high-speed experimental communications network, facilitating innovation and technology transfer.","Increased funding will be provided for the Canadian Network for the Advancement of Research, Industry and Education (CANARIE) which is charged with, among other things, creating a high speed experimental communications network.",,
CAN_1996_001,CAN,Canada,1996,1996.0,,,,,,,,explicit,high,innovation,innovation_instruments,,,public,applied,growth_supporting,The funding and support for technology development are expected to enhance competitiveness and innovation in the private sector.,high,Technology and Innovation Funding,Budget Reallocation and TPC Programme,True,implemented,The reforms were implemented as part of the 1996 Budget.,high,False,2,"The reforms involve significant funding and support mechanisms for technology development, but do not represent a structural overhaul.",medium,"The 1996 Budget reallocates C$ 260 million over three years towards technology and innovation, including the introduction of the Technology Partnerships Canada (TPC) programme to provide reimbursable financing to firms for close-to-market development of key technologies, aiming to enhance Canada's competitive edge.","On the expenditure side, over the next three years spending of up to C$ 260 million will be reallocated in three structural-policy priority areas: education and employment opportunities for young Canadians; technology and innovation; and international trade.",,
CAN_1996_002,CAN,Canada,1996,1996.0,,,,,,,,explicit,high,innovation,human_capital,,,public_private,unknown,growth_supporting,Improving labor mobility is expected to enhance the efficiency of the labor market and support economic growth.,high,Labor Mobility Improvement,Labor Mobility Chapter,False,implemented,The reform was implemented as part of the Internal Agreement on Trade.,high,False,2,"The reform addresses significant barriers to labor mobility, which can have a meaningful impact on the labor market.",medium,The Internal Agreement on Trade includes a chapter aimed at improving inter-provincial labor mobility by eliminating barriers that prevent qualified workers from accessing employment opportunities across Canada.,The Agreement has a specific chapter dealing with labour mobility which aims to eliminate existing barriers that prevent a worker qualified for an occupation in one part of Canada having access to employment opportunities in that occupation elsewhere in the country.,,
CAN_1996_003,CAN,Canada,1996,1996.0,,,,,,,,explicit,high,innovation,knowledge_transfer,,,private,commercialization,growth_supporting,"By providing access to expertise and information, the CTN supports firms in commercializing technology, which can enhance innovation and economic growth.",high,Technology Access and Expertise,,False,implemented,The CTN was launched and is operational.,high,False,2,The establishment of the CTN represents a significant initiative to improve access to technology-related business support.,medium,"The Canadian Technology Network (CTN) was launched to provide firms with quick and easy access to business expertise, advice, and information on technology, facilitating knowledge transfer and commercialization.","The Canadian Technology Network (CTN), a grouping of industry associations, research organisations, government institutes, and universities, was launched in 1996 to provide firms with quick and easy access to business expertise, advice and information on technology.",114.0,114.0
CAN_1998_002,CAN,Canada,1998,1996.0,,,,,,,,explicit,high,innovation,human_capital,other,,public_private,adoption,growth_supporting,"The EI system supports workforce reintegration, enhancing human capital and productivity.",high,Employment Support Programs,,False,implemented,The EI system has been fully implemented and operational.,high,True,3,The introduction of the EI system represents a major reform in employment support.,high,"The Canadian government introduced the Employment Insurance (EI) system, which includes active employment benefits aimed at providing training and assistance to individuals re-entering the labor market.",The new Employment Insurance (EI) system includes both a component focused on delivering benefits and one concentrated on delivering training and other assistance to speed up re-integration into the labour market.,,
CAN_1997_001,CAN,Canada,1997,1997.0,,,,,,,,explicit,high,innovation,human_capital,,,public,applied,growth_supporting,"Improving tax treatment for education investments encourages more individuals to pursue higher education, thereby enhancing the skilled workforce.",high,Human Capital Investment Reform,,False,implemented,The reform has been put into effect as stated.,high,False,2,"While it is a significant reform, it does not represent a structural change to the system.",medium,"The tax treatment of human capital investment has been improved through enhanced deductions for tuition and increased contribution limits to Registered Education Savings Plans, which support post-secondary education savings.","The tax treatment of human capital investment has been improved. Deductions for tuition and for students attending educational institutions have been enhanced, and contribution limits to Registered Education Savings Plans... have been increased.",,
CAN_1997_002,CAN,Canada,1997,1997.0,1997.0,explicit,high,,,,,explicit,high,innovation,rd_funding,,,public,applied,growth_supporting,"The allocation of funds for R&D is expected to stimulate innovation and technological advancements, contributing positively to economic growth.",high,R&D Funding Initiative,,False,implemented,The fund has been established and is operational.,high,False,2,This funding initiative is significant but does not represent a major overhaul of the funding system.,medium,The federal government announced a ten-year research and development fund with an allocation of C$ 500 million to support innovation and technological advancement.,Ontario tabled its budget which included... C$ 500 million for a ten-year research and development fund.,137.0,137.0
CAN_1997_003,CAN,Canada,1997,1997.0,,,,,,,,explicit,high,innovation,research_infrastructure,,,public,applied,growth_supporting,Investing in research infrastructure is crucial for fostering innovation and improving the capacity for scientific research.,high,Canada Foundation for Innovation,,False,implemented,The foundation has been established and is operational.,high,True,3,This reform represents a major structural change in the funding and support of research infrastructure.,high,"The Canada Foundation for Innovation was established with a funding commitment of C$ 800 million over five years to enhance research infrastructure and support innovation, aiming to modernize research infrastructure at post-secondary institutions and hospitals.",The creation of a Canada Foundation for Innovation to modernise and enhance research infrastructure at post-secondary institutions and hospitals.,43.0,43.0
CAN_1997_004,CAN,Canada,1997,1997.0,,,,,,,,explicit,high,innovation,innovation_instruments,,,private,applied,growth_supporting,"These measures are designed to stimulate private sector investment in R&D, which is essential for innovation and economic growth.",high,Innovation Instruments Enhancement,,False,implemented,The reforms have been enacted and are currently in effect.,high,False,2,"While significant, these reforms do not represent a major overhaul of the innovation support system.",medium,"The Canadian government introduced a refundable R&D tax credit for small firms, broadening the definition of R&D and technology for tax purposes, alongside additional funding for the Industrial Research Assistance Program (IRAP) to stabilize its funding and incentivize R&D activities in high unemployment regions.",The recent Budget announced additional funding for the Industrial Research Assistance Program (IRAP) to stabilise its funding at C$ 97 million per year.,,
CAN_1997_005,CAN,Canada,1997,1997.0,,,,,,,,explicit,high,innovation,knowledge_transfer,,,public_private,applied,growth_supporting,"Fostering collaboration between sectors enhances knowledge transfer and innovation, which is beneficial for economic growth.",high,Networks of Centers of Excellence,,False,implemented,The renewal has been completed and the programme is operational.,high,False,2,The renewal of the programme is significant but does not represent a major structural change.,medium,"The Canadian government created Networks of Centers of Excellence in 1988 to promote collaboration between universities, industry, and government in key areas of research and innovation, with a renewal of the programme in 1997 to support university-industry research partnerships.",The recent Budget announced the renewal of the Networks of Centres of Excellence (NCE) programme with stable funding of C$ 47 million per year.,76.0,76.0
CAN_1998_004,CAN,Canada,1998,1997.0,1997.0,explicit,high,,,,,explicit,high,innovation,research_infrastructure,,,public,applied,growth_supporting,Investment in research infrastructure is critical for advancing scientific research and innovation capabilities.,high,Research Infrastructure Development,,False,implemented,The foundation has been fully operational since its establishment.,high,True,3,The establishment of the Canada Foundation for Innovation represents a major reform in research infrastructure funding.,high,The Canada Foundation for Innovation was established with an initial funding of C$ 800 million to enhance research infrastructure and support innovation in Canadian universities and research institutions.,the Canada Foundation for Innovation with up-front funding of C$ 800 million,182.0,182.0
CAN_2001_001,CAN,Canada,2001,1997.0,,,,1997.0,explicit,high,,explicit,high,innovation,research_infrastructure,,,public_private,applied,growth_supporting,"Investing in research infrastructure enhances the capacity for innovation and research output, which supports economic growth.",high,Canada Foundation for Innovation,Research Infrastructure Funding,True,implemented,The Canada Foundation for Innovation was established and has been operational since 1997.,high,True,3,The establishment of the Canada Foundation for Innovation represents a significant structural change in funding research infrastructure.,high,"The Canada Foundation for Innovation was established to provide funding for updating research infrastructure and equipment in collaboration with provinces and the private sector, as well as to support universities, colleges, hospitals, and other not-for-profit institutions in obtaining necessary research infrastructure. Measures to boost the Foundation were included in the October 2000 Budget Update.","Canada Foundation for Innovation C$1.0billion1996-97 to2002-03 Established1997 Independent not-for-profit corporation created under the Budget Implementation Act1997 to provide funding to universities, colleges, hospitals and other not-for-profit institutions to obtain necessary research infrastructure.",184.0,184.0
CAN_2012_017,CAN,Canada,2012,1997.0,,,,,,,,explicit,high,innovation,research_infrastructure,,,public,applied,growth_supporting,"By funding research infrastructure, the CFI enhances the capacity for research and innovation, which can lead to increased productivity and economic growth.",high,Canada Foundation for Innovation,,False,implemented,The CFI has been established and continues to fund research infrastructure.,high,True,3,"The CFI represents a significant investment in research infrastructure, crucial for enhancing Canada's research capacity and innovation ecosystem.",high,"The Canada Foundation for Innovation (CFI) funds infrastructure costs for research projects in Canadian universities, colleges, research hospitals, and non-profit research institutions, providing up to 40% of funding with additional support from institutions and partners.","The CFI funds infrastructure costs for research projects in Canadian universities, colleges, research hospitals and non-profit research institutions.",119.0,119.0
CAN_1998_003,CAN,Canada,1998,1998.0,,,,,,,,explicit,high,innovation,innovation_instruments,,,private,applied,growth_supporting,"The tax credit is designed to stimulate private sector investment in R&D, fostering innovation and economic growth.",high,R&D Incentives,,False,implemented,The tax credit has been successfully implemented.,high,False,2,"While significant, the tax credit is a narrower reform compared to broader initiatives.",medium,"Saskatchewan announced a new corporate tax credit for research and development, aimed at incentivizing private sector investment in R&D activities.",Saskatchewan announced a new corporate tax credit for research and development.,,
CAN_1998_005,CAN,Canada,1998,1998.0,1998.0,explicit,high,,,,,explicit,high,innovation,rd_funding,,,public,applied,growth_supporting,"The fund is intended to stimulate R&D activities, which can lead to job creation and economic growth.",high,R&D Funding Initiatives,,False,implemented,The fund has been successfully implemented.,high,False,2,The fund represents a significant but narrower initiative compared to broader reforms.,medium,"The Ontario government announced a C$ 500 million fund dedicated to research and development, aimed at fostering innovation and supporting job creation.",Other highlights include increased spending for health care and job creation; C$ 500 million for a ten-year research and development fund; and tax credits for small businesses.,,
CAN_1999_001,CAN,Canada,1999,1998.0,,,,,,,,explicit,high,innovation,innovation_instruments,,,public,unknown,growth_supporting,"Improving performance measurement is expected to enhance innovation outcomes, thereby supporting economic growth.",high,Innovation Performance Frameworks,Performance Measurement Frameworks,True,implemented,The framework has been developed and is in use.,high,False,2,"The reform is significant as it establishes a framework for measuring innovation performance, but it is not a major overhaul.",medium,"Industry Canada developed frameworks for performance measurement in five strategic areas, including innovation, to improve Canada's innovation performance and transition to a knowledge-based economy.","In 1998, Industry Canada addressed the need for corporate-level performance information by developing frameworks for each of its five strategic areas.",75.0,75.0
CAN_1999_002,CAN,Canada,1999,1998.0,1998.0,explicit,high,,,,,explicit,high,innovation,human_capital,,,public,basic,growth_supporting,"By enhancing access to higher education, the program aims to build a skilled workforce, which supports long-term economic growth.",high,Millennium Scholarship Foundation,Scholarship Program,True,implemented,The foundation has been established and is actively granting scholarships.,high,False,2,The establishment of a scholarship foundation is significant for improving education access but does not represent a major systemic change.,medium,"The Canadian government established the Millennium Scholarship Foundation in 1998 to improve accessibility and affordability of post-secondary education, granting 100,000 scholarships per year based on financial need and merit, aiming to enhance access to higher education.","In order to improve both the accessibility and affordability of post-secondary education in Canada, the federal government established the Millennium Scholarship Foundation in 1998.",60.0,60.0
CAN_2000_002,CAN,Canada,2000,1999.0,1999.0,explicit,high,,,,,explicit,high,innovation,rd_funding,,,public,applied,growth_supporting,The targeted spending initiatives are designed to foster economic growth in priority areas.,high,Targeted Spending Initiatives,,False,implemented,The initiatives have been explicitly stated as implemented in the February 1999 Budget.,high,False,2,The initiatives are significant but do not represent a major reform.,medium,"The February 1999 Budget included targeted spending initiatives in priority areas such as health care and innovation, aimed at fostering economic growth.","The February 1999 Budget, like its predecessor, included targeted tax relief as well as spending initiatives in priority areas (such as health care and innovation).",57.0,57.0
CAN_2000_004,CAN,Canada,2000,1999.0,,,,1999.0,explicit,high,,explicit,high,innovation,innovation_instruments,,,private,adoption,growth_supporting,"Promoting competition in financial services can lead to better access and options for businesses, supporting economic growth.",high,Foreign Bank Legislation Reform,Branch Services Legislation,False,implemented,The legislation has been explicitly stated as implemented.,high,False,2,The reform is significant in enhancing competition but does not represent a major overhaul.,medium,"Legislation was passed allowing foreign banks to offer a full range of services via branches rather than as separate subsidiaries, promoting competition and increasing the variety of financial services available.","Legislation was passed in June 1999 allowing foreign banks to offer a full range of services via branches rather than as separate, fully regulated banking subsidiaries.",99.0,99.0
CAN_1998_001,CAN,Canada,1998,2000.0,1998.0,explicit,high,,,,,explicit,high,innovation,human_capital,,,public,adoption,growth_supporting,"These initiatives aim to enhance the skills and employability of youth, thereby supporting economic growth.",high,Human Capital Initiatives,Scholarships and Internships,True,implemented,Both initiatives have been successfully implemented.,high,True,3,Both initiatives represent significant reforms aimed at improving human capital in Canada.,high,"The Canada Millennium Scholarships programme was created to address accessibility and affordability issues in post-secondary education, providing 100,000 scholarships per year starting in 2000, targeted based on needs and merit. Additionally, the Youth Internship Canada initiative was announced, providing funds for internships aimed at unemployed and underemployed youth to gain experience in growth areas of the economy.",The 1998 federal budget attempts to address the issues of accessibility and affordability of post-secondary education through the creation of the Canada Millennium Scholarships programme.,125.0,125.0
CAN_2000_001,CAN,Canada,2000,2000.0,2000.0,explicit,high,,,,,explicit,high,innovation,rd_funding,,,public,applied,growth_supporting,"The funding and evaluation framework are designed to enhance the productive capacity of the economy, which supports growth.",high,University Research Capacity Enhancement,,False,implemented,The reforms have been explicitly stated as implemented in the latest Budget.,high,False,2,The reforms involve significant funding initiatives but do not represent a structural overhaul.,medium,"The latest Budget provides funding for initiatives aimed at boosting universities' research capacity and improving infrastructure, which are essential for enhancing the economy's productive capacity. This includes funding for the Canada Foundation for Innovation and the creation of research centres for genomic science, alongside a framework to evaluate discretionary public spending to determine effective initiatives.",Set up a comprehensive framework to evaluate discretionary spending measures to determine whether they are achieving their objectives and to develop a list of 'what works' to target future expenditures effectively.,,
CAN_2000_003,CAN,Canada,2000,2000.0,,,,,,,,explicit,high,innovation,knowledge_transfer,,,public,adoption,growth_supporting,"Providing comprehensive information on financing needs supports SMEs in accessing necessary funding, which can enhance their growth.",high,SME Financing Data Initiative,SME Financing Data Collection,False,implemented,The initiative has been explicitly stated as implemented.,high,False,1,This initiative is important for improving data availability but does not represent a major reform.,medium,"The government will give Statistics Canada the mandate to collect and publish data on the supply of debt and equity financing to SMEs, building upon existing banking data to provide comprehensive information on financing needs.",The government will give Statistics Canada the mandate to collect and publish data on the supply of debt and equity financing to SMEs.,,
CAN_2001_005,CAN,Canada,2001,2000.0,,,,,,,,explicit,high,innovation,rd_funding,,,public,applied,growth_supporting,Doubling R&D spending is expected to significantly boost innovation capacity and economic competitiveness.,high,R&D Spending Objective,,False,implemented,The objective has been set and is being pursued.,high,True,3,This objective represents a major commitment to enhancing R&D funding.,high,"The Canadian government has set an objective to double direct federal R&D spending by 2010, aiming to enhance the country's innovation capacity and competitiveness.","Canada's official goal is to be one of the OECD’s top five R&D performers by 2010. In that perspective, the government has set an objective of doubling direct federal R&D spending by that point.",,
CAN_2012_018,CAN,Canada,2012,2000.0,,,,,,,,explicit,high,innovation,human_capital,,,public,basic,growth_supporting,"By attracting and retaining top researchers, the programme strengthens the research base, which can lead to innovation and economic growth.",high,Canada Research Chairs programme,,False,implemented,The programme has been created and continues to provide funding to researchers.,high,True,3,"This programme is a major initiative to enhance research capacity in Canada, directly impacting the quality and quantity of research output.",high,"The Canada Research Chairs programme provides funding to outstanding researchers and emerging talents, enhancing the research capacity of Canadian universities.",The Canada Research Chairs programme provides funding of CAD200000 annually for seven years to 1000 Tier-1 chairs selected for outstanding research contributions.,,
CAN_2001_006,CAN,Canada,2001,2001.0,2001.0,explicit,high,,,,,explicit,high,innovation,rd_funding,,,public,applied,growth_supporting,Investing in R&D projects is expected to stimulate innovation and economic growth.,high,R&D Investment Announcement,,False,announced,The investment was announced in March 2001.,high,True,3,The announcement represents a significant financial commitment to R&D.,high,"In March 2001, the government announced a significant investment of C$750 million for new research and development projects, building on an earlier allocation of C$500 million in the October 2000 Budget Update.","In March 2001, the government announced that C$750 million would be spent on new research and development projects.",,
CAN_2003_001,CAN,Canada,2003,2002.0,2002.0,explicit,high,,,,,explicit,high,innovation,innovation_instruments,,,public_private,applied,growth_supporting,Enhancing competition and innovation in research funding is expected to stimulate R&D activities and improve the overall innovation landscape.,high,Canada's Innovation Strategy,Broadening Contestable Funding Pools,True,implemented,"The government launched Canada’s Innovation Strategy, which sets out long-term goals for creating a strong framework for innovation and improving work-related skill levels.",high,True,3,The release of the Innovation Strategy represents a significant structural change aimed at improving Canada's innovation ecosystem.,high,"The government released its Innovation Strategy in February 2002, aiming to close the innovation gap with the United States by encouraging knowledge commercialization, maintaining a supply of knowledge workers, and strengthening communities for innovation. As part of this strategy, the government plans to broaden the contestable funding pools to include all players, particularly government labs, to enhance competition and innovation in research funding. Additionally, the government intends to quickly implement the priority recommendations developed in the November 2002 National Summit on the Innovation Strategy to enhance Canada's innovation landscape.","In February 2002 the government released its Innovation Strategy, which lays out an ambitious agenda for closing the innovation gap with the United States.",215.0,215.0
CAN_2003_005,CAN,Canada,2003,2002.0,2002.0,explicit,high,,,,,explicit,high,innovation,knowledge_transfer,,,public_private,commercialization,growth_supporting,Strengthening the relationship between academia and the private sector is expected to facilitate the commercialization of research outputs.,high,Knowledge Transfer Enhancement,Strengthening receptor capacity,False,implemented,The strategy includes a recommendation to improve the relationship between the receptor community and universities.,high,False,2,This recommendation is significant for improving knowledge transfer but is part of a broader strategy.,medium,"The strategy includes a recommendation to improve the relationship between the receptor community and universities, colleges, and researchers, aiming to strengthen receptor capacity and incentivize the private sector to commercialize new products.","Improve the relationship between the receptor community and universities, colleges and researchers. Strengthen receptor capacity (e.g. by establishing clusters and providing incentives for the private sector to commercialise new products).",215.0,215.0
CAN_2003_006,CAN,Canada,2003,2002.0,2002.0,explicit,high,,,,,explicit,high,innovation,research_infrastructure,,,public,applied,growth_supporting,Strengthening research infrastructure is expected to enhance research capabilities and outputs across universities.,high,Research Infrastructure Expansion,Strengthening research infrastructure,False,implemented,The strategy recommends expanding university-based research by strengthening research infrastructure.,high,False,2,This recommendation is significant for improving research capacity but is part of a broader strategy.,medium,The strategy recommends expanding university-based research by strengthening research infrastructure and ensuring participation across universities of all sizes and disciplines.,Continue to expand university-based research by strengthening research infrastructure.,215.0,215.0
CAN_2003_007,CAN,Canada,2003,2002.0,2002.0,explicit,high,,,,,explicit,high,innovation,innovation_instruments,,,public,applied,growth_supporting,Establishing a strong framework for innovation is expected to create a conducive environment for R&D and skill development.,high,Canada's Innovation Strategy,Framework for Innovation,True,implemented,The government launched Canada’s Innovation Strategy.,high,True,3,The launch of the Innovation Strategy represents a significant structural change aimed at improving Canada's innovation ecosystem.,high,"The government launched Canada’s Innovation Strategy, which sets out long-term goals for creating a strong framework for innovation and improving work-related skill levels.","The government launched Canada’s Innovation Strategy, which sets out long-term goals for creating a strong framework for innovation and to improving work-related skill levels.",227.0,227.0
CAN_2004_005,CAN,Canada,2004,2002.0,,,,,,,,explicit,high,innovation,innovation_instruments,,,public_private,adoption,growth_supporting,Improving accessibility to tax credits is expected to encourage more R&D investment by universities and research hospitals.,high,Tax Credit Accessibility Improvements,SR&ED Tax Credit Enhancements,True,implemented,The enhancements were explicitly stated as implemented.,high,False,1,This reform is an administrative adjustment rather than a major policy change.,medium,Enhancements to the application process for the Scientific Research and Experimental Development tax credit were implemented to improve accessibility for universities and research hospitals.,"Since 2002, a number of service enhancements have been implemented to improve the application process for the Scientific Research and Experimental Development tax credit.",60.0,60.0
CAN_2006_001,CAN,Canada,2006,2002.0,,,,,,,,explicit,high,innovation,innovation_instruments,,,public_private,applied,growth_supporting,"The reforms aim to enhance the business environment for innovation and support R&D activities, which are expected to raise productivity and innovation.",high,National Innovation Strategy,Innovation Instruments and Tax Credits,True,implemented,The innovation strategy was developed and the SR&ED tax credit is currently in effect.,high,True,3,The development of a national innovation strategy and the implementation of significant tax credits represent major structural changes in the innovation policy landscape.,high,"The Canadian government has developed an innovation strategy aimed at enhancing the national innovation agenda, which includes the provision of the Scientific Research and Experimental Development (SR&ED) Investment Tax Credit to encourage private sector R&D. Additionally, the government is examining the efficiency of the SR&ED tax credits to better target R&D in new firms and create more economically efficient framework conditions for enterprises.","The federal government provides the Scientific Research and Experimental Development (SR&ED) Investment Tax Credit, which has the objective of encouraging the private sector to undertake scientific research and experimental development in Canada.",90.0,90.0
CAN_2018_012,CAN,Canada,2018,2002.0,,,,2002.0,explicit,high,,explicit,high,innovation,human_capital,,,public,unknown,growth_supporting,"By selecting immigrants based on long-term economic needs and human capital, the reform aims to enhance the productivity and skills of the workforce, contributing positively to economic growth.",high,Immigration and Refugee Protection Act,Points-based system overhaul,False,implemented,The points-based system was overhauled as part of the Immigration and Refugee Protection Act.,high,True,3,"This reform represents a structural change in immigration policy, significantly altering how immigrants are selected based on their potential economic contributions, which has long-term implications for the labor market.",high,"A major change occurred in 2002, when the points-based system for selecting economic-class immigrants was overhauled to focus on human capital factors, such as educational attainment and language ability, rather than short-term labour market shortages.","A major change occurred in 2002, when the points-based system was overhauled.",176.0,176.0
CAN_2003_002,CAN,Canada,2003,2003.0,,,,,,,,explicit,high,innovation,innovation_instruments,,,private,applied,growth_supporting,"Simplifying the application process is expected to lower barriers for businesses, thereby increasing their participation in R&D activities.",high,R&D Tax Credit Simplification,Simplify R&D Tax Credit Application,False,announced,The government aims to simplify the application process for the R&D tax credit.,high,False,2,"While significant, this reform is a narrower adjustment aimed at improving access to existing tax incentives.",medium,The government aims to simplify the application process for the R&D tax credit to encourage more businesses to engage in research and development activities.,Continue to simplify the application process for the R&D tax credit.,102.0,102.0
CAN_2008_012,CAN,Canada,2008,2003.0,,,,,,,,explicit,high,innovation,sectoral_rd,,,public_private,applied,growth_supporting,"The APF aims to enhance the agricultural sector's growth potential through innovation and improved practices, which can lead to increased productivity and competitiveness.",high,Agriculture Policy Framework,,False,implemented,The APF was said to be designed to change Canada’s agricultural policy from simply focusing on income support to a more comprehensive approach.,high,True,3,"The APF represents a structural change in agricultural policy, integrating multiple aspects of agricultural management and innovation, which is crucial for the sector's long-term sustainability and competitiveness.",high,"The Agriculture Policy Framework (APF) was implemented to reshape Canada's agricultural policies, focusing on long-term viability and competitiveness in the agricultural sector, integrating risk management with innovation and science.","In essence, the APF was said to be designed to change Canada’s agricultural policy from simply focusing on income support to a more comprehensive approach that would include not only risk management but also the long-run viability of the agriculture and agri-food industry through technology and innovation.",,
CAN_2012_019,CAN,Canada,2012,2003.0,,,,,,,,explicit,high,innovation,innovation_instruments,,,public,applied,growth_supporting,"By covering indirect costs, the programme enables institutions to better support research activities, thereby enhancing overall research output and innovation.",high,Indirect Costs programme,,False,implemented,The programme was introduced to address the indirect costs of research.,high,False,2,"While important, this programme is a targeted initiative rather than a structural overhaul of the research funding system.",medium,The Indirect Costs programme provides annual grants to universities and colleges to help fund a portion of indirect institutional costs of federally funded research projects.,The Indirect Costs programme provides annual grants to universities and colleges to help fund a portion of indirect institutional costs of federally funded research projects.,,
CAN_2004_001,CAN,Canada,2004,2004.0,2004.0,explicit,high,,,,,explicit,high,innovation,rd_funding,,,public,applied,growth_supporting,"The reforms aim to enhance R&D performance and support commercialization, which are expected to boost innovation and productivity.",high,Innovation Strategy and Commercialization Support,Innovation Strategy and R&D Commercialization,True,implemented,The reforms were explicitly stated as implemented in the 2004 federal budget.,high,False,2,The reforms involve significant funding increases and strategic initiatives but do not represent a complete overhaul of the system.,medium,"The Canadian government presented its Innovation Strategy in 2002, aiming to encourage innovation and improve skills across the country, with specific targets for R&D performance and community innovation. The March 2004 federal budget included additional spending to support the commercialization of research, emphasizing funding for CIHR, NSERC, SSHRC, universities, and research hospitals, alongside an allocation of C$60 million to strengthen Genome Canada's research capabilities.","Additional spending through a range of channels (including CIHR, NSERC, SSHRC, universities and research hospitals, and Genome Canada) with special emphasis on support for commercialisation of research.",30.0,30.0
CAN_2004_002,CAN,Canada,2004,2004.0,2004.0,explicit,high,,,,,explicit,high,innovation,rd_funding,,,public_private,applied,growth_supporting,"The funding aims to enhance R&D capabilities, which is expected to foster innovation and economic growth.",high,R&D Funding and Administrative Support,R&D Funding Enhancement,True,implemented,"The funding was part of the 2004 Budget, which was implemented.",high,False,2,The funding is significant but does not represent a major structural change.,medium,"The Canadian government announced further funding for R&D in specific areas in the 2004 Budget, alongside the establishment of a private sector-led group to reduce administrative burdens on small and medium-sized enterprises.","Further funding for R&D in specific areas was announced in the 2004 Budget, along with a new private sector-led group to focus on reducing administrative burdens on small and medium-sized enterprises.",,
CAN_2004_003,CAN,Canada,2004,2004.0,2004.0,explicit,high,,,,,explicit,high,innovation,innovation_instruments,,,private,adoption,growth_supporting,"The increase in capital cost allowance rates is designed to encourage investment in technology, which can enhance productivity and innovation.",high,Technology Investment Incentives,Capital Cost Allowance Increase,True,implemented,"The reform was part of the 2004 federal budget, which was implemented.",high,False,1,This reform is a minor adjustment to existing tax incentives rather than a major overhaul.,medium,"The March 2004 federal budget increased the capital cost allowance rates for computer and broadband equipment, aiming to stimulate investment in technology and infrastructure.","Increase in the capital cost allowance (i.e. depreciation) rate for computer equipment from 30 per cent to 45 per cent and in the rate for broadband, Internet and other data network infrastructure equipment from 20 per cent to 30 per cent.",30.0,30.0
CAN_2004_004,CAN,Canada,2004,2004.0,,,,,,,,explicit,high,innovation,rd_funding,,,public,basic,growth_supporting,Increasing funding for basic research is expected to enhance knowledge creation and innovation capacity.,high,Basic Research Funding Enhancement,Annual Increase for Granting Councils,True,implemented,The funding increase was explicitly stated as implemented in the 2004 federal budget.,high,True,3,"This reform represents a significant increase in funding for basic research, which is a structural change in support for R&D.",high,"The Canadian government provided an annual increase of C$90 million to the three federal granting councils that fund basic research, along with additional funding to offset indirect costs of research and support Genome Canada.",Funding provided in the 2004 federal budget: annual increase of C$90 million to Canada’s three federal granting councils which fund basic research.,60.0,60.0
CAN_2004_006,CAN,Canada,2004,2004.0,2004.0,explicit,high,,,,,explicit,high,innovation,sectoral_rd,,,public,adoption,growth_supporting,"The action plan aims to enhance healthcare access and efficiency, which can lead to better health outcomes and productivity.",high,Health Action Plan,10-Year Health Funding Initiative,True,announced,The action plan was agreed upon but not yet implemented.,medium,True,3,This reform represents a significant commitment to improving health services and funding over a decade.,high,"The First Ministers agreed on a 10-year action plan on health, which includes new funding to improve access to care and reduce wait times for essential medical services.",On 13-15 September 2004 the First Ministers met in Ottawa and agreed on a 10-year action plan on health with a view to improving access to care and reducing wait times.,,
CAN_2006_007,CAN,Canada,2006,2004.0,2004.0,explicit,high,,,,,explicit,high,innovation,human_capital,,,public,applied,growth_supporting,"By developing skills and literacy, the initiative aims to enhance the employability and productivity of low-wage earners.",medium,Workplace Skills Initiative,Workplace Skills Initiative,False,implemented,The initiative was introduced and is currently in effect.,high,False,2,The initiative represents a significant effort to improve human capital development in the workforce.,medium,"The Workplace Skills Initiative, introduced in the 2004 federal Budget, supports pilot projects aimed at developing skills and literacy in the workplace, particularly for low-wage earners.","Efforts have already been made in this direction in Canada through the Workplace Skills Initiative, introduced in the 2004 federal Budget.",,
CAN_2012_015,CAN,Canada,2012,2004.0,,,,,,,,explicit,high,innovation,human_capital,,,public,unknown,growth_supporting,"By targeting financial support to low-income families, the CLB aims to increase educational attainment, which is essential for long-term economic growth.",high,2004 Education Savings Initiative,Canada Learning Bond,False,implemented,The Canada Learning Bond targets low-income families to provide financial support.,high,False,2,"The CLB is a targeted initiative that addresses financial barriers to education for low-income families, thereby promoting equity in access to post-secondary education.",medium,"The Canada Learning Bond (CLB) was introduced to provide financial support to low-income families, aiming to improve access to post-secondary education for their children.","The Canada Learning Bond (CLB) targets low-income families, which work to provide targeted support to individuals facing non-financial and financial barriers.",,
CAN_2006_003,CAN,Canada,2006,2005.0,,,,,,,,explicit,high,innovation,knowledge_transfer,,,public_private,commercialization,growth_supporting,"By ensuring private sector involvement in commercialization policy, the initiative aims to enhance the effectiveness of knowledge transfer and commercialization efforts.",medium,Commercialization Partnership Initiative,Commercialization Partnership Board,False,implemented,"The recommendation has been acted upon, leading to the establishment of the board.",high,False,2,The recommendation for a Commercialization Partnership Board represents a significant step towards improving knowledge transfer mechanisms.,medium,The establishment of a business-led Commercialization Partnership Board was recommended to ensure the private sector has a strong voice in public policy design for commercialization.,The panel recommended the establishment of a business-led Commercialization Partnership Board to advise the Minister of Industry and ensure the private sector has a strong voice in the design of public policies to improve commercialisation.,91.0,91.0
CAN_2006_005,CAN,Canada,2006,2005.0,2005.0,explicit,high,,,,,explicit,high,innovation,startup_ecosystem,,,public_private,adoption,growth_supporting,"By reducing regulatory burdens, the initiative aims to enhance the operational efficiency of small businesses, thereby supporting innovation and growth.",medium,Paperwork Burden Reduction Initiative,,False,implemented,The initiative has been announced and is currently in effect.,high,False,2,The initiative represents a significant effort to improve the business environment for startups and small enterprises.,medium,"The Canadian authorities announced the Paperwork Burden Reduction Initiative (PBRI), aimed at reducing the costs of paperwork and regulatory compliance for small businesses, facilitating their operations.","In 2005 the Canadian authorities announced the Paperwork Burden Reduction Initiative (PBRI), a public–private sector partnership aimed at reducing the costs of paperwork and regulatory compliance for small businesses.",,
CAN_2006_006,CAN,Canada,2006,2006.0,2006.0,explicit,high,,,,,explicit,high,innovation,human_capital,,,public,adoption,growth_supporting,"By increasing work incentives for low-income workers, the initiative aims to enhance labor market participation and productivity.",medium,Employment Tax Credit Initiative,Employment Tax Credit,False,implemented,The Employment Tax Credit was announced and is currently in effect.,high,False,2,The tax credit represents a significant but narrower reform aimed at improving human capital and labor market outcomes.,medium,"The Employment Tax Credit, announced in the 2006 federal Budget, aims to offset the tax payable on up to CAD1000 of an individual’s employment income per year, thereby increasing work incentives for low-income workers.","The Employment Tax Credit, announced in the 2006 federal Budget, will offset the tax payable on up to CAD1000 of an individual’s employment income per year.",122.0,122.0
CAN_2010_002,CAN,Canada,2010,2006.0,,,,,,,,explicit,high,innovation,rd_funding,,,public,applied,growth_supporting,"The investment in green technologies is expected to foster innovation and sustainability, contributing positively to economic growth.",high,Green Investment Strategy,,False,implemented,The investment has been ongoing since 2006.,high,True,3,This reform represents a significant financial commitment to environmental sustainability and innovation.,high,"The federal government has invested more than CAD10 billion since 2006 to reduce greenhouse gas emissions and build a more sustainable environment through investments in green infrastructure, energy efficiency, and clean-energy technologies.","Since 2006, the Government of Canada has invested more than CAD10 billion to reduce greenhouse gas emissions and build a more sustainable environment through investments in green infrastructure, energy efficiency and clean-energy technologies.",,
CAN_2018_014,CAN,Canada,2018,2006.0,,,,,,,,explicit,high,innovation,knowledge_transfer,,,public,commercialization,growth_supporting,"By streamlining registration processes and improving support for internationally trained professionals, the initiative enhances labor market participation and productivity.",high,Fairness in Professional Registration,,False,implemented,The Ontario OFC has guided changes that removed unnecessary hurdles for applicants through streamlined processes.,high,False,2,The establishment of these offices represents a significant step towards improving the integration of skilled immigrants into the workforce by addressing regulatory barriers.,medium,"The creation of Offices of the Fairness Commissioner in various provinces aims to ensure that registration practices in regulated professions are transparent and fair, helping to reduce barriers for immigrants seeking to practice their professions.","A useful innovation to reduce unwarranted barriers to immigrants registering in licenced professions has been the creation of several Offices of the Fairness Commissioner (OFCs) in various provinces, starting with Ontario in 2006.",186.0,186.0
CAN_2008_001,CAN,Canada,2008,2007.0,,,,,,,,explicit,high,innovation,innovation_instruments,,,private,applied,growth_supporting,"By providing higher R&D credits, the program incentivizes small firms to invest in research and development, which can lead to innovation and economic growth.",high,2007 Small Business R&D Incentive Program,,False,implemented,The program allows small firms to claim R&D credits at a higher rate.,high,False,2,"This reform significantly enhances the support for small businesses in R&D, which is crucial for fostering innovation in the economy.",medium,"The federal government has implemented a program that allows small firms to claim R&D credits at a higher rate of 35%, compared to 20% for large firms, to encourage innovation and support growth in the small business sector.",Small firms can claim federal R&D credits at a rate of 35% against only 20% for large firms.,,
CAN_2008_003,CAN,Canada,2008,2007.0,2007.0,explicit,high,,,,,explicit,high,innovation,innovation_instruments,,,public,applied,growth_supporting,"The strategy aims to enhance Canada's innovation capacity and competitiveness, which can lead to increased productivity and economic growth.",high,Mobilising Science and Technology to Canada’s Advantage,,False,implemented,The new S&T strategy was announced and is being implemented.,high,True,3,"This reform represents a significant shift in Canada's approach to science and technology, aiming to integrate and prioritize innovation across sectors, which is crucial for long-term economic growth.",high,"Canada announced a new science and technology strategy, Mobilising Science and Technology to Canada’s Advantage, which focuses on promoting world-class excellence, prioritizing key areas, encouraging partnerships, and enhancing accountability.","In May 2007 Canada announced a new S&T strategy, Mobilising Science and Technology to Canada’s Advantage, which is based on four core principles: promoting world-class excellence, focussing on priorities, encouraging partnerships, and enhancing accountability.",,
CAN_2008_005,CAN,Canada,2008,2007.0,,,,,,,,explicit,high,innovation,rd_funding,,,public,applied,growth_supporting,"Focusing funding on priority areas can enhance innovation and technological development, leading to improved economic performance and environmental outcomes.",high,Science and Technology Strategy,,False,implemented,The federal government indicated its willingness to focus funding on priority areas.,high,False,2,"This reform represents a significant shift in funding priorities, aiming to enhance innovation in key sectors, particularly energy.",medium,"The federal government indicated its willingness to focus funding on priority areas that are in the national interest from a social and economic perspective, including environmental sustainability and energy innovation.","In its Science and Technology Strategy, the federal government indicated its willingness to focus funding on priority areas that are in the national interest from a social and economic perspective.",124.0,124.0
CAN_2008_008,CAN,Canada,2008,2007.0,,,,,,,,explicit,high,innovation,innovation_instruments,,,public,adoption,growth_supporting,"By improving the efficiency of the regulatory process, this initiative is expected to facilitate investment in energy projects, thereby supporting economic growth.",high,2007 Major Projects Initiative,Major Projects Management Office,False,implemented,CAD 150 million over five years was allocated to create the Major Projects Management Office.,high,False,2,"This reform represents a significant step towards improving the regulatory framework for energy projects, which is crucial for attracting investment and fostering innovation.",medium,"The 2007 federal budget established a Major Projects Management Office to streamline the approval process for energy projects, enhancing regulatory efficiency and accountability.",The 2007 federal budget took an important step in addressing the issue by putting in place a Major Projects Management Office.,,
CAN_2008_009,CAN,Canada,2008,2007.0,2007.0,explicit,high,,,,,explicit,high,innovation,sectoral_rd,,,public,applied,growth_supporting,"This initiative aims to enhance the production of renewable energy sources, which can lead to increased innovation in the energy sector and contribute to sustainable economic growth.",high,ecoENERGY for Biofuels Initiative,,False,announced,"On 5 July 2007, the federal government announced the creation of the ecoENERGY for Biofuels Initiative.",high,True,3,"This initiative represents a significant investment in renewable energy, aiming to transform the biofuels sector and promote sustainable energy practices across Canada.",high,"The federal government announced the creation of the ecoENERGY for Biofuels Initiative, which will invest up to CAD1.5 billion over nine years to boost Canada’s production of biofuels such as ethanol and biodiesel.","On 5 July 2007, the federal government announced the creation of the ecoENERGY for Biofuels Initiative, which will invest up to CAD1.5 billion over nine years to boost Canada’s production of biofuels such as ethanol and biodiesel.",,
CAN_2008_010,CAN,Canada,2008,2007.0,2007.0,explicit,high,,,,,explicit,high,innovation,sectoral_rd,,,public,commercialization,growth_supporting,"By investing in the commercialization of advanced renewable technologies, this initiative is expected to stimulate innovation and economic growth in the renewable energy sector.",high,Next Generation Renewables Initiative,,False,announced,The 2007 federal Budget allocated CAD500 million for large facilities producing 'next generation' renewables.,high,True,3,"This funding represents a major commitment to advancing renewable energy technologies, which is crucial for Canada's transition to a sustainable energy future.",high,"The government is committed to facilitating the commercialisation of cellulose ethanol, with the 2007 federal Budget allocating CAD500 million for large facilities producing 'next generation' renewables.","The government is committed to facilitating the commercialisation of cellulose ethanol, and the 2007 federal Budget allocated CAD500 million for large facilities producing 'next generation' renewables.",131.0,131.0
CAN_2008_011,CAN,Canada,2008,2007.0,2007.0,explicit,high,,,,,explicit,high,innovation,innovation_instruments,,,public,adoption,growth_supporting,"By establishing frameworks that support environmental innovation, the government aims to foster new technologies and practices that can lead to economic growth and sustainability.",high,Clean Air and Climate Change Initiative,,False,announced,The federal government is encouraging environmental innovation by creating clear and effective policy frameworks.,high,True,3,"This initiative represents a significant shift towards integrating environmental considerations into innovation policy, which is essential for long-term sustainability.",high,"The federal government is encouraging environmental innovation by creating clear and effective policy frameworks, including the Clean Air and Climate Change Trust Fund to support major projects aimed at reducing GHG emissions.","The federal government is encouraging environmental innovation by: i) creating clear and effective policy frameworks for the environment, including the Regulatory Framework for Air Emissions to reduce air pollution and greenhouse gas emissions.",131.0,131.0
CAN_2012_020,CAN,Canada,2012,2007.0,,,,,,,,explicit,high,innovation,knowledge_transfer,,,public_private,commercialization,growth_supporting,"By facilitating the commercialisation of research, the CECR programme enhances the transfer of knowledge to the market, promoting innovation and economic growth.",high,Centres of Excellence in Commercialisation and Research programme,,False,implemented,The CECR programme was launched to advance research and assist commercialisation.,high,True,3,"This programme represents a significant investment in bridging the gap between research and market application, crucial for enhancing innovation.",high,"The Centres of Excellence in Commercialisation and Research programme (CECR) invests in centres to advance research and assist the commercialisation of new technologies, products, and services.",The Centres of Excellence in Commercialisation and Research programme (CECR) is investing CAD285 million over five years in centres to advance research and assist the commercialisation of new technologies.,,
CAN_2008_004,CAN,Canada,2008,2008.0,2008.0,explicit,high,,,,,explicit,high,innovation,innovation_instruments,,,private,applied,growth_supporting,"By reducing disincentives for small businesses to grow, this reform encourages investment in R&D, which can lead to innovation and economic expansion.",high,2008 Budget Reforms,SR&ED Benefits Adjustment,True,implemented,Changes to the SR&ED benefits were included in the 2008 budget.,high,False,2,"This adjustment to the SR&ED benefits is significant for small businesses, as it directly impacts their ability to invest in R&D, thus fostering innovation.",medium,"Changes to the phase-out limits for access to the enhanced SR&ED benefits for small businesses were introduced in the 2008 budget, aimed at reducing disincentives to growth.",Changes to the phase-out limits for access to the enhanced SR&ED benefits for small businesses in the 2008 budget will reduce the disincentive to growth.,40.0,40.0
CAN_2008_006,CAN,Canada,2008,2008.0,,,,,,,,explicit,high,innovation,innovation_instruments,,,private,adoption,growth_supporting,"By raising the cost of carbon emissions, the tax encourages firms to innovate and adopt cleaner technologies, potentially leading to long-term economic benefits.",high,British Columbia Carbon Tax,,False,implemented,A more substantial carbon tax has also been introduced in British Columbia and will take effect in July 2008.,high,False,2,The carbon tax represents a significant policy tool aimed at reducing emissions and promoting innovation in clean technologies.,medium,"The introduction of a carbon tax in British Columbia aims to internalize the cost of GHG emissions, thereby incentivizing the private sector to invest in sustainable innovations and technologies.",A more substantial carbon tax has also been introduced in British Columbia and will take effect in July 2008.,121.0,121.0
CAN_2008_007,CAN,Canada,2008,2008.0,,,,,,,,explicit,high,innovation,sectoral_rd,,,public_private,applied,growth_supporting,"This initiative aims to develop a technology with significant potential to reduce greenhouse gas emissions, thereby contributing to environmental sustainability and innovation in the energy sector.",high,2008 Carbon Capture Initiative,Saskatchewan CCS Demonstration,False,implemented,The federal Budget provides CAD 240 million in trust for this initiative.,high,False,2,This funding represents a significant investment in a promising technology that could enhance environmental innovation and sustainability in the energy sector.,medium,"The federal government allocated CAD 240 million to Saskatchewan for a full-scale commercial demonstration of carbon capture and storage technology in the coal-fired electricity sector, aiming to support environmental innovation.",The 2008 federal Budget provides CAD 240 million in trust in the fiscal year 2007 to Saskatchewan for this initiative.,,
CAN_2008_013,CAN,Canada,2008,2008.0,2006.0,explicit,high,,,,,explicit,high,innovation,sectoral_rd,,,public,applied,growth_supporting,"The initiative aims to reduce reliance on fossil fuels, create new markets for agricultural commodities, and lower greenhouse gas emissions, thereby supporting economic growth.",high,Bio-Energy Expansion Initiative,Ethanol and Biodiesel Mandates,False,implemented,The mandates for ethanol and biodiesel blends were introduced as part of the government's bio-energy production strategy.,high,True,3,"This reform represents a significant shift in Canada's energy policy, promoting renewable energy sources and aligning agricultural production with environmental goals.",high,"The Canadian government launched an initiative to mandate a 5% ethanol blend in gasoline by 2010 and a 2% biodiesel blend in on-road diesel and heating oil by 2012, alongside budgetary support for production facilities and next-generation technologies.",In 2006 the Canadian federal government launched an initiative to mandate a 5% ethanol blend in gasoline by 2010 and a 2% biodiesel blend in on-road diesel and heating oil by 2012.,,
CAN_2012_014,CAN,Canada,2012,2009.0,,,,,,,,explicit,high,innovation,human_capital,,,public,unknown,growth_supporting,"By easing the financial burden of student debt, the RAP encourages higher education attainment, which can enhance the skills and productivity of the workforce.",high,2009 Student Debt Relief Initiative,Repayment Assistance Plan,False,implemented,The RAP was introduced to assist students with their loan repayments.,high,False,2,"The RAP represents a significant effort to improve financial support for students, particularly those from lower-income backgrounds, thereby enhancing access to education.",medium,"The federal government introduced the Repayment Assistance Plan (RAP) in 2009 to provide eligible candidates with more affordable monthly payments based on their family income and size, helping to alleviate the burden of student debt.",The federal government introduced the Repayment Assistance Plan (RAP) in 2009... based on their family income and family size.,,
CAN_2010_003,CAN,Canada,2010,2010.0,2010.0,explicit,high,,,,,explicit,high,innovation,innovation_instruments,,,public,unknown,unclear_or_neutral,The review aims to enhance R&D support but the direct impact on growth is uncertain until changes are implemented.,medium,R&D Support Review,,False,implemented,The review was announced in the federal budget and is part of ongoing efforts.,high,False,2,The review is significant as it aims to improve the effectiveness of existing R&D support mechanisms.,medium,The 2010 federal budget announced a comprehensive review of all federal support for research and development to improve its contribution to innovation.,The 2010 federal budget announced a comprehensive review of all federal support for research and development to improve its contribution to innovation.,,
CAN_2012_016,CAN,Canada,2012,2011.0,2011.0,explicit,high,,,,,explicit,high,innovation,human_capital,,,public,applied,growth_supporting,"Enhances the skill set of the workforce, particularly in high-demand areas, which can lead to increased innovation and productivity.",high,2011 Digital Skills Initiative,,False,implemented,The federal budget allocated funds for the development of digital skills.,high,False,2,"The initiative addresses a critical skills gap in the workforce, particularly in STEM fields, which is essential for fostering innovation.",medium,"The 2011 federal budget announced that HRSDC would reallocate CAD60 million over three years to fund the development of 'digital skills' among youth and Aboriginal groups, and to promote enrolment in key disciplines such as STEM disciplines.","The 2011 federal budget announced that HRSDC would reallocate CAD60 million over three years to fund the development of 'digital skills' among youth and Aboriginal groups, and to promote enrolment in key disciplines such as STEM disciplines.",,
CAN_2010_004,CAN,Canada,2010,2012.0,2010.0,explicit,high,,,,,explicit,high,innovation,innovation_instruments,,,public,unknown,growth_hindering,"The phase-out of the tax credit may reduce incentives for investment in certain funds, potentially hindering growth.",medium,Tax Credit Phase-Out,,False,announced,The proposal has been made but not yet implemented.,high,False,1,The phase-out represents a minor adjustment to existing tax policy rather than a significant reform.,medium,Ontario proposed to complete the phase-out of its tax credit for Labour-Sponsored Investment Funds by 2012.,Ontario proposed to complete the phase-out of its tax credit for Labour-Sponsored Investment Funds by 2012.,61.0,61.0
CAN_2012_001,CAN,Canada,2012,2012.0,,,,,,,,explicit,high,innovation,innovation_instruments,,,public_private,applied,growth_supporting,"By aligning NRC's research focus with business needs, the reform aims to enhance the commercialization of research and foster innovation in the private sector.",high,2012 Innovation Strategy,NRC Refocus,False,implemented,The NRC has been refocused to support business-oriented research.,high,False,2,"This reform represents a significant shift in the NRC's focus, which could lead to improved collaboration between public research and private sector innovation.",medium,The federal government has refocused the National Research Council (NRC) on business-oriented research to better support innovation in the private sector.,The government has refocused the NRC on business-oriented research.,,
CAN_2012_002,CAN,Canada,2012,2012.0,,,,,,,,explicit,high,innovation,rd_funding,,,public,applied,growth_supporting,Increasing funding to IRAP is expected to enhance the capacity of small and medium-sized enterprises to innovate and compete.,high,2012 Innovation Strategy,IRAP Funding Increase,False,implemented,Funding to small and medium-sized businesses through IRAP is being doubled immediately.,high,False,2,This funding increase is a significant enhancement of an existing program aimed at fostering innovation among SMEs.,medium,"The 2012 budget proposed to double funding to small and medium-sized businesses through the Industrial Research Assistance Program (IRAP), enhancing support for innovation.",Funding to small and medium-sized businesses through IRAP is being doubled immediately.,33.0,33.0
CAN_2012_003,CAN,Canada,2012,2012.0,2012.0,explicit,high,,,,,explicit,high,innovation,rd_funding,,,private,applied,growth_supporting,"By reallocating funds to direct grants, the reform aims to enhance the effectiveness of R&D investments, potentially leading to increased innovation and productivity.",high,2012 Federal Budget R&D Support Reform,R&D Funding Targeting Improvement,False,announced,The federal budget proposed significant changes to R&D funding targeting.,high,False,2,"This reform represents a significant shift in funding strategy aimed at improving the effectiveness of R&D support, which is crucial for fostering innovation.",medium,"The federal government has proposed to improve targeting of government support for business R&D by shifting funding from the SR&ED tax subsidies to direct grants, aiming to enhance the efficiency of R&D funding.",Further improve targeting of government support for business R&D by shifting funding at the margin away from the scientific research and experimental development (SR&ED) tax subsidies.,37.0,37.0
CAN_2012_004,CAN,Canada,2012,2012.0,2012.0,explicit,high,,,,,explicit,high,innovation,innovation_instruments,,,public,adoption,growth_supporting,"By reducing regulatory burdens, the reform aims to facilitate faster project execution, which can lead to increased investment and innovation in infrastructure.",high,2012 Infrastructure Streamlining Initiative,Regulatory Approval Streamlining,False,announced,The recent federal budget proposes significant streamlining of regulatory approvals for major infrastructure projects.,high,False,2,"This initiative is significant as it aims to enhance the efficiency of infrastructure projects, which are critical for supporting broader economic growth and innovation.",medium,"The government has announced plans to streamline regulatory approvals for major infrastructure projects, which is expected to enhance the efficiency of project implementation and support innovation in related sectors.","The recent federal budget, in fact, proposes significant streamlining of regulatory approvals for major infrastructure projects such as oil pipelines.",36.0,36.0
CAN_2012_005,CAN,Canada,2012,2012.0,2012.0,explicit,high,,,,,explicit,high,innovation,startup_ecosystem,,,private,commercialization,growth_supporting,"Attracting skilled immigrants and entrepreneurs is expected to boost innovation and investment in Canadian firms, enhancing overall economic growth.",high,2012 Business Immigration Initiative,,False,implemented,The federal government outlined that it will begin to target more active investment in Canadian growth companies and more innovative entrepreneurs under the Business Immigration Program.,high,False,2,"This reform is significant as it aims to enhance the entrepreneurial landscape in Canada by attracting skilled immigrants, which can lead to increased innovation and economic activity.",medium,"The federal government is enhancing the Business Immigration Program to attract experienced investors and innovative entrepreneurs, aiming to stimulate investment in Canadian growth companies.",The federal government outlined that it will begin to target more active investment in Canadian growth companies and more innovative entrepreneurs under the Business Immigration Program.,67.0,67.0
CAN_2012_007,CAN,Canada,2012,2012.0,2012.0,explicit,high,,,,,explicit,high,innovation,rd_funding,,,public_private,applied,growth_supporting,"By increasing funding for R&D and innovative activities, the reform aims to stimulate business innovation and enhance competitiveness.",high,2012 Federal Budget,IRAP Funding Increase,False,implemented,The 2012 federal budget doubled the programme’s contributions to small and medium-sized businesses.,high,False,2,"The increase in funding for IRAP represents a significant enhancement of support for SMEs, which is crucial for fostering innovation.",medium,"The 2012 federal budget doubled the contributions of the Industrial Research Assistance Program (IRAP) to small and medium-sized businesses, enhancing support for R&D and innovative activities.",The 2012 federal budget doubled the programme’s contributions to small and medium-sized businesses.,,
CAN_2012_008,CAN,Canada,2012,2012.0,,,,,,,,explicit,high,innovation,innovation_instruments,,,public,commercialization,growth_supporting,"Expanding IRAP and commercialisation vouchers is expected to enhance support for innovation and R&D activities among small firms, thereby fostering economic growth.",high,2012 Innovation Strategy,IRAP Expansion and Voucher Consolidation,False,implemented,The report's recommendations were acted upon to enhance the effectiveness of existing programmes.,high,True,3,"This reform represents a significant restructuring of funding mechanisms for innovation, aiming to improve the efficiency and effectiveness of public support for R&D.",high,"The Jenkins report recommended using savings from streamlining the small-firm SR&ED to expand the Industrial Research Assistance Program (IRAP) and commercialisation vouchers, while consolidating smaller programmes into distinct product lines.",The Jenkins report...recommended using the savings from streamlining the small-firm SR&ED to expand IRAP and commercialisation vouchers.,,
CAN_2012_009,CAN,Canada,2012,2012.0,,,,,,,,explicit,high,innovation,innovation_instruments,,,public,adoption,growth_supporting,"By encouraging innovative solutions through public procurement, the policy aims to stimulate market demand for new technologies and services, thus supporting economic growth.",high,2012 Innovation Strategy,Public Procurement for Innovation,False,implemented,The report's recommendations were adopted to enhance public procurement practices.,high,False,2,"This reform enhances existing procurement practices to better support innovation, particularly for small and medium enterprises.",medium,"The Jenkins panel report supported using public procurement to bolster innovation, particularly for SMEs, by framing procurement tenders in terms of needs to be met rather than detailed specifications.","The Jenkins panel report supported using public procurement to bolster innovation, particularly for SMEs.",73.0,73.0
CAN_2012_010,CAN,Canada,2012,2012.0,2012.0,explicit,high,,,,,explicit,high,innovation,innovation_instruments,,,public_private,adoption,growth_supporting,"This funding is expected to stimulate private investment in venture capital, thereby enhancing innovation and economic growth.",high,2012 Venture Capital Support Initiative,,False,implemented,The federal budget made available an extra CAD 500 million in funding to VC support.,high,True,3,"This reform represents a significant increase in public investment in venture capital, which is crucial for fostering innovation and supporting the growth of the private equity market.",high,"The 2012 federal budget allocated an additional CAD 500 million to support venture capital, including CAD 100 million through the BDC, aimed at enhancing the private VC and equity industry.","The 2012 federal budget made available an extra CAD 500 million in funding to VC support, including CAD 100 million through the BDC.",,
CAN_2012_011,CAN,Canada,2012,2012.0,2012.0,explicit,high,,,,,explicit,high,innovation,innovation_instruments,,,private,adoption,growth_supporting,"By eliminating tax barriers, the reform encourages private investment in venture capital, which can lead to increased innovation and economic activity.",high,2012 Private Equity Tax Reform,,False,implemented,The federal government has removed major tax barriers to private equity.,high,True,3,"This reform significantly alters the investment landscape for private equity, promoting a more dynamic venture capital market essential for innovation.",high,"The government has removed major tax barriers to private equity, facilitating a more favorable environment for venture capital investments.",The federal government has removed major tax barriers to private equity.,78.0,78.0
CAN_2012_022,CAN,Canada,2012,2012.0,,,,,,,,explicit,high,innovation,innovation_instruments,,,public,unknown,growth_supporting,"Linking funding to performance indicators can incentivize universities to improve educational outcomes, thereby enhancing the overall quality of education and innovation.",high,Performance Commitments Initiative,,False,implemented,"Québec has introduced 'performance commitments', which formally designate all tuition and public funding increases to universities between 2012-13 and 2016-17 to meet objectives based on the attainment of 13 target indicators.",high,False,2,"This initiative represents a significant shift in how funding is allocated, aiming to improve educational quality and institutional accountability.",medium,Québec introduced 'performance commitments' that tie tuition and public funding increases to the attainment of specific target indicators for universities.,"Québec has introduced 'performance commitments', which formally designate all tuition and public funding increases to universities between 2012-13 and 2016-17 to meet objectives based on the attainment of 13 target indicators.",,
CAN_2012_025,CAN,Canada,2012,2012.0,,,,,,,,explicit,high,innovation,human_capital,knowledge_transfer,,public_private,applied,growth_supporting,Enhancing the skills of the workforce and improving the performance of educational institutions can lead to increased innovation and productivity.,high,2012 Innovation Policy Framework,,False,implemented,The overarching theme of this Survey is improving the policy framework for innovation.,high,True,3,"This reform represents a significant shift in policy focus towards innovation, aiming to enhance the capabilities of the tertiary education sector, which is crucial for long-term economic growth.",high,"The Canadian government is focusing on improving the policy framework for innovation, particularly by strengthening the role of the tertiary education sector to enhance business innovation.","The overarching theme of this Survey is improving the policy framework for innovation, including in particular by strengthening the role of the tertiary education sector.",13.0,13.0
CAN_2014_002,CAN,Canada,2014,2013.0,2013.0,explicit,high,,,,,explicit,high,innovation,innovation_instruments,,,private,commercialization,growth_supporting,"By increasing risk financing, the VCAP aims to enhance the capacity of innovative firms to grow and succeed.",high,Venture Capital Action Plan,VCAP Implementation,True,implemented,The VCAP has been successfully implemented since its announcement.,high,True,3,This plan represents a major initiative to bolster the venture capital landscape in Canada.,high,The Venture Capital Action Plan (VCAP) was announced to deploy CAD400 million in new capital to strengthen Canada's venture capital industry and increase risk financing for innovative firms.,"The Government of Canada announced in January 2013 the Venture Capital Action Plan (VCAP), a comprehensive strategy for deploying CAD400 million in new capital.",55.0,55.0
CAN_2012_006,CAN,Canada,2012,2014.0,2012.0,explicit,high,,,,,explicit,high,innovation,innovation_instruments,,,private,applied,growth_hindering,"The reduction in the tax credit may discourage R&D investment by firms, particularly larger ones that rely on these credits for funding their research activities.",high,2012 Federal Budget,SR&ED Tax Credit Reduction,False,announced,The 2012 federal budget proposed the reduction in the SR&ED tax credit rate.,high,False,2,"While the reform represents a significant change in the tax credit structure, it is not a complete overhaul of the innovation funding system in Canada.",medium,"The Canadian government proposed to reduce the general SR&ED investment tax credit rate from 20% to 15% as part of the 2012 federal budget, aligning it with recent corporate income tax reductions.","The 2012 federal budget proposes, as of 2014, a reduction in the general SR&ED investment tax credit rate from 20% to 15%.",,
CAN_2014_001,CAN,Canada,2014,2014.0,2012.0,explicit,high,,,,,explicit,high,innovation,rd_funding,,,private,applied,growth_supporting,Increased funding for R&D is expected to enhance innovation and productivity in the private sector.,high,Business R&D Support Reform,SR&ED Tax Subsidies Adjustment,True,implemented,The reform has been put into effect as of 2014.,high,True,3,This reform represents a significant change in the allocation of public funds for business R&D.,high,"The Canadian government improved the targeting of business R&D support by adjusting the SR&ED tax subsidies and increasing direct grants for business innovation, with nearly CAD1.9 billion allocated over four years.","Budget 2012 announced changes to simplify, enhance predictability and improve the cost-effectiveness of the SR&ED programme (with all changes fully in effect in 2014).",,
CAN_2014_003,CAN,Canada,2014,2014.0,2014.0,explicit,high,,,,,explicit,high,innovation,knowledge_transfer,,,public_private,commercialization,growth_supporting,Facilitating connections between SMEs and research institutions is expected to enhance innovation and commercialization efforts.,high,Business Innovation Access Program,Program Launch,True,implemented,The program has been launched and is operational.,high,False,2,"While significant, this program is not as transformative as the major reforms.",medium,The Business Innovation Access Program was launched to connect small and medium-sized enterprises with research institutions to facilitate the commercialization of ideas and products.,"In March 2014, the federal government launched the Business Innovation Access Program, to connect small and medium-sized enterprises with universities, colleges and other research institutions.",,
CAN_2014_004,CAN,Canada,2014,2014.0,,,,,,,,explicit,high,innovation,human_capital,,,public_private,applied,growth_supporting,"By aligning training with labor market needs, the initiative is expected to enhance workforce skills and employability.",high,Canada Job Grant Initiative,Job Grant Implementation,True,implemented,The grant has been implemented and is operational.,high,True,3,This initiative represents a significant shift in how public training funds are allocated and utilized.,high,"The new Canada Job Grant aims to align public training expenditures with labor market demand by allowing employers to participate in training decisions, ensuring better job matching.","The new Canada Job Grant is intended to orient public training expenditures towards meeting labour market demand, which would improve job matching.",,
CAN_2014_005,CAN,Canada,2014,2014.0,,,,,,,,inferred,low,innovation,human_capital,,,public,applied,growth_supporting,"By reducing financial barriers, the loan is expected to encourage more individuals to complete their technical training.",high,Canada Apprentice Loan Proposal,Loan Proposal,True,announced,The proposal has been announced but not yet implemented.,medium,False,2,"While beneficial, this proposal is not as significant as major reforms.",medium,"The Canada Apprentice Loan was proposed to provide interest-free loans of up to CAD 4000 for apprentices during their technical training, aimed at reducing financial barriers to completing in-school training.","To reduce the financial barrier to apprentices completing their in-school training, the interest-free Canada Apprentice Loan of up to CAD 4000 per period of technical training for apprentices in their first Red Seal trade was proposed in the 2014 federal budget.",,
CAN_2016_001,CAN,Canada,2016,2016.0,2016.0,explicit,high,,,,,explicit,high,innovation,human_capital,,,public,unknown,growth_supporting,"Increased access to education enhances the skill level of the workforce, which can lead to higher productivity and innovation.",high,2016 Federal Budget,Post-Secondary Education Investment,False,implemented,The government now provides more information on fields of study and occupational outcomes.,high,True,3,"This reform represents a significant investment in human capital, addressing barriers to education and aiming to improve the overall skill level of the population, which is crucial for long-term economic growth.",high,"The 2016 federal budget announced significant investments to make post-secondary education more affordable for students from low- and middle-income families, including increased Canada Student Grants amounts and expanded eligibility thresholds.",The 2016 federal budget announced significant investments to make post-secondary education more affordable for students from low- and middle-income families.,,
CAN_2016_002,CAN,Canada,2016,2016.0,2016.0,explicit,high,,,,,explicit,high,innovation,human_capital,research_infrastructure,,public,applied,growth_supporting,Investing in education and infrastructure for Indigenous Peoples is expected to enhance human capital and promote inclusive economic growth.,high,2016 Indigenous Peoples Development Initiative,,False,implemented,The budget includes a significant increase in funding for Indigenous Peoples.,high,True,3,"This reform represents a major investment aimed at addressing long-standing socio-economic disparities, with potential long-term impacts on growth and inclusivity.",high,"The federal government proposed a substantial increase in funding of CAD 8.4 billion over the next five years to improve the socio-economic conditions facing Indigenous Peoples, focusing on education, training, and infrastructure.",The budget proposes a substantial increase in funding of CAD 8.4 billion over the next five years to improve the sub-standard socio-economic conditions facing Indigenous Peoples.,,
CAN_2016_003,CAN,Canada,2016,2016.0,2016.0,explicit,high,,,,,explicit,high,innovation,startup_ecosystem,,,public_private,adoption,growth_supporting,"This initiative aims to enhance the competitiveness of innovative firms, which can lead to increased productivity and economic growth.",high,2016 High-Impact Firm Initiative,,False,announced,The federal budget proposes to launch a new initiative in 2016-17.,high,False,2,"This initiative represents a significant effort to support innovative firms, which are crucial for economic growth and job creation.",medium,"The federal government is launching a new initiative to help high-impact innovative firms scale up and enhance their global competitiveness by providing tailored services such as finance, advice, and innovation support.",The 2016 federal budget proposes to launch a new initiative in 2016-17 to help high-impact (innovative) firms scale up and further their global competitiveness.,,
CAN_2016_005,CAN,Canada,2016,2016.0,2016.0,explicit,high,,,,,explicit,high,innovation,rd_funding,,,public,applied,growth_supporting,Increased funding for R&D support enhances innovation capacity and competitiveness among Canadian firms.,high,2016 Innovation Agenda,Industrial Research Assistance Program funding increase,False,implemented,The budget allocated additional funding for the Industrial Research Assistance Program.,high,False,2,This funding increase is significant for enhancing R&D support but does not represent a structural overhaul of the funding system.,medium,"The 2016 federal budget increases funding for the Industrial Research Assistance Program by CAD 50 million in 2016-17, building on previous increases, to support innovation networks and clusters.",The 2016 federal budget increases funding for the Industrial Research Assistance Program by CAD 50 million in 2016-17.,,
CAN_2016_006,CAN,Canada,2016,2016.0,2016.0,explicit,high,,,,,explicit,high,innovation,knowledge_transfer,,,public_private,commercialization,growth_supporting,"Facilitating collaboration between academia and industry enhances knowledge transfer and innovation, leading to economic growth.",high,2016 Innovation Agenda,Research collaboration support,False,implemented,The government supports research collaborations through various initiatives.,high,False,2,This initiative is important for enhancing collaboration and knowledge transfer but does not represent a major systemic change.,medium,"The federal government supports research collaborations between academia and businesses through various initiatives, including a voucher program enabling SMEs to access business services from publicly funded institutions.",The federal government supports research collaborations between academia and businesses in a variety of ways.,,
CAN_2016_008,CAN,Canada,2016,2017.0,2016.0,explicit,high,,,,,explicit,high,innovation,sectoral_rd,,,public_private,applied,growth_supporting,"The framework aims to foster innovation in clean technology, which can lead to job creation and economic growth in the clean energy sector.",high,Pan-Canadian Framework for Clean Growth,,False,announced,The federal government is working with the provinces and territories to implement the framework by early 2017.,high,True,3,"This framework represents a significant policy shift towards integrating clean technology and innovation into Canada's economic strategy, with potential long-term impacts on the economy and environment.",high,"The federal government is working with provinces and territories to implement a pan-Canadian framework for clean growth and climate change, which includes a focus on clean technology, innovation, and jobs.",The federal government is working with the provinces and territories to implement a pan-Canadian framework for clean growth and climate change by early 2017.,,
CAN_2016_009,CAN,Canada,2016,2017.0,2016.0,explicit,high,,,,,explicit,high,innovation,rd_funding,,,public,applied,growth_supporting,"The fund is designed to finance initiatives that will reduce greenhouse gas emissions, thereby promoting innovation in clean technologies and contributing to economic growth.",high,Low Carbon Economy Fund,,False,announced,The federal government has also recently announced CAD 2 billion for the creation of the Low Carbon Economy Fund.,high,True,3,"This funding represents a major investment in climate action and innovation, with the potential to significantly impact Canada's transition to a low-carbon economy.",high,"The federal government announced CAD 2 billion for the creation of the Low Carbon Economy Fund, which will support provincial and territorial actions to address climate change.","The federal government has also recently announced CAD 2 billion for the creation of the Low Carbon Economy Fund, which will support provincial and territorial actions to address climate change.",57.0,57.0
CAN_2018_006,CAN,Canada,2018,2017.0,2017.0,explicit,high,,,,,explicit,high,innovation,human_capital,knowledge_transfer,,public_private,applied,growth_supporting,"This funding enhances the skills and employability of students, fostering a more skilled workforce that can contribute to innovation and economic growth.",high,2017 Student Work Placements Initiative,,False,implemented,"Funding is delivered by Mitacs, a not-for-profit organisation that builds partnerships between industry and educational institutions.",high,False,2,"This initiative significantly increases opportunities for students to gain practical experience, which is crucial for enhancing their employability and skills relevant to the innovation sector.",medium,"Budget 2017 provided CAD 221 million over five years to provide work experience in businesses to Canadian post-secondary students, generally at the graduate-level, through the Student Work Placements programme.","Budget 2017 provided CAD 221 million over five years, starting in 2017–18, to provide work experience in businesses to Canadian post-secondary students, generally at the graduate-level.",83.0,83.0
CAN_2018_013,CAN,Canada,2018,2017.0,2017.0,explicit,high,,,,,explicit,high,innovation,human_capital,knowledge_transfer,,public_private,applied,growth_supporting,"By improving the recognition of foreign credentials and providing work experience, the strategy enhances the employability of newcomers, thereby increasing productivity and economic contribution.",high,2017 Targeted Employment Strategy,,False,implemented,The strategy includes several pilots underway to gather evidence on effective approaches.,high,False,2,"The strategy addresses a significant barrier to employment for newcomers, which is the recognition of foreign credentials, and aims to improve their integration into the labor market.",medium,The Targeted Employment Strategy for Newcomers aims to facilitate foreign-credentials recognition and help immigrants gain Canadian work experience in their profession through improved pre-arrival supports and targeted employment-assistance measures.,The Targeted Employment Strategy for Newcomers announced in the 2017 budget is aimed at facilitating foreign-credentials recognition and helping immigrants to gain Canadian work experience in their profession.,64.0,64.0
CAN_2018_001,CAN,Canada,2018,2018.0,2018.0,explicit,high,,,,,explicit,high,innovation,human_capital,,,public,unknown,growth_supporting,"Investing in early childhood education for Indigenous children is expected to enhance their educational outcomes, which can lead to better employment opportunities and economic participation in the long run.",high,Indigenous Early Learning and Child Care Framework,,False,implemented,The federal government has committed funding to develop the framework.,high,False,2,"This initiative represents a significant investment in human capital aimed at addressing educational disparities among Indigenous populations, which is crucial for long-term economic growth.",medium,"The federal government has committed CAD 360 million over three years to engage with Indigenous Peoples to develop an Indigenous Early Learning and Child Care Framework, aiming to improve educational outcomes for Indigenous children.",The federal government has committed CAD 360 million over three years to engage with Indigenous Peoples to develop an Indigenous Early Learning and Child Care Framework.,31.0,31.0
CAN_2018_002,CAN,Canada,2018,2018.0,,,,,,,,explicit,high,innovation,innovation_instruments,,,private,commercialization,growth_supporting,"Increases access to late-stage financing, which is crucial for scaling innovative startups and enhancing their contribution to economic growth.",high,Venture Capital Catalyst Initiative,,False,implemented,The funding has been allocated to support late-stage financing for entrepreneurs.,high,False,2,"This funding represents a significant investment in the venture capital landscape, aimed at addressing a critical gap in financing for innovative firms.",medium,The Canadian government allocated CAD 400 million over three years for the Venture Capital Catalyst Initiative to increase late-stage financing available to Canadian entrepreneurs.,"A positive step in this regard is the CAD 400 million funding over three years for the Venture Capital Catalyst Initiative, which will increase late-stage financing available to Canadian entrepreneurs.",68.0,68.0
CAN_2018_003,CAN,Canada,2018,2018.0,,,,,,,,explicit,high,innovation,innovation_instruments,,,public_private,adoption,growth_supporting,"By fostering collaboration and innovation in key regional sectors, this initiative is expected to enhance productivity and economic growth.",high,Supercluster Initiative,,False,implemented,The federal government has allocated CAD 950 million to accelerate innovation through five regional 'superclusters'.,high,False,2,"This funding is a significant investment aimed at enhancing regional innovation ecosystems, which can lead to substantial economic benefits.",medium,"The federal government allocated CAD 950 million to accelerate innovation through five regional 'superclusters', which aims to boost economic growth by leveraging existing local strengths.","The federal government has also allocated CAD 950 million to accelerate innovation through five regional 'superclusters', which has the potential to boost economic growth through one-off funding that complements existing local strengths.",68.0,68.0
CAN_2018_004,CAN,Canada,2018,2018.0,,,,,,,,explicit,high,innovation,rd_funding,,,public,basic,growth_supporting,Increased funding for fundamental research addresses critical market failures and supports long-term innovation capacity.,high,2018 Federal Budget R&D Funding,,False,implemented,The 2018 federal budget allocated additional funding for research and development.,high,False,2,"This funding is a significant enhancement to the public R&D budget, aimed at strengthening Canada's research capabilities.",medium,"The 2018 federal budget included around CAD 650 million per year in additional funding for research and development, focusing on fundamental research where market failures are most prevalent.","Around CAD 650 million per year in additional funding for research and development in the 2018 federal budget is focussed on fundamental research, where market failures are most pervasive.",,
CAN_2018_005,CAN,Canada,2018,2018.0,,,,,,,,explicit,high,innovation,innovation_instruments,,,public,unknown,growth_supporting,"Improved data collection will enhance the evaluation of innovation programs, leading to more effective policy decisions and resource allocation.",high,2018 Innovation Evaluation Initiative,,False,implemented,New funding for data collection was provided in Budget 2018.,high,False,2,This initiative represents a significant step towards enhancing the effectiveness of innovation programs through better evaluation mechanisms.,medium,"The Government of Canada will be collecting better data to evaluate interventions in a robust manner, with new funding for this purpose provided in Budget 2018 to Statistics Canada and the Treasury Board Secretariat.","As an outcome of the 2017 horizontal review of federal business innovation programmes, the Government of Canada will be collecting better data to be able to evaluate interventions in a robust manner, with new funding for this purpose provided in Budget 2018 to Statistics Canada and the Treasury Board Secretariat.",83.0,83.0
CAN_2018_007,CAN,Canada,2018,2018.0,2018.0,explicit,high,,,,,explicit,high,innovation,startup_ecosystem,,,private,unknown,growth_supporting,"This investment aims to enhance the growth of women-led technology firms, contributing to diversity in the startup ecosystem and fostering innovation.",high,2018 Women-Led Ventures Initiative,,False,implemented,BDC has committed to investing CAD 200 million in women-led technology firms.,high,False,2,"This commitment represents a significant investment aimed at supporting underrepresented groups in the technology sector, which is crucial for fostering a more inclusive innovation landscape.",medium,BDC has committed to investing CAD 200 million in women-led technology firms over 2018-19 to 2022-23.,BDC has committed to investing CAD 200 million in women-led technology firms over 2018-19 to 2022-23.,83.0,83.0
CAN_2018_009,CAN,Canada,2018,2018.0,2018.0,explicit,high,,,,,explicit,high,innovation,human_capital,,,public,adoption,growth_supporting,"By increasing job placements, the initiative enhances youth employability and aligns workforce skills with business needs, contributing to overall economic productivity.",high,2018 Youth Employment Initiatives,Canada Summer Jobs program expansion,False,implemented,The government provided additional funding to support the program.,high,False,2,"The expansion of the Canada Summer Jobs program represents a significant investment in youth employment, addressing immediate labor market needs and enhancing skills development.",medium,"The government provided additional funding in its 2018 Budget to support doubling the number of job placements funded under the Canada Summer Jobs program, which aims to enhance youth employment opportunities.",The government provided additional funding in its 2018 Budget to support doubling of the number of job placements funded under the Canada Summer Jobs program.,,
CAN_2018_010,CAN,Canada,2018,2018.0,2018.0,explicit,high,,,,,explicit,high,innovation,human_capital,,,public,adoption,growth_supporting,"This program aims to bridge the gap between education and employment, equipping students with practical skills that are in demand in the labor market.",high,2018 Youth Employment Initiatives,Student Work-Integrated Learning Program,False,implemented,The program was launched to assist students in gaining work experience.,high,False,2,"The program represents a targeted effort to improve the employability of students in key sectors, addressing skills mismatches in the labor market.",medium,"The Student Work-Integrated Learning Program was launched to help post-secondary students in STEM and business programs gain work experience, thereby enhancing their employability.",The government launched the Student Work-Integrated Learning Program to help post-secondary students in STEM and business programs get work experience.,,
CAN_2018_011,CAN,Canada,2018,2018.0,2018.0,explicit,high,,,,,explicit,high,innovation,human_capital,,,public,adoption,growth_supporting,"By targeting underrepresented groups, the program aims to enhance diversity in the trades and improve overall labor market participation, which can lead to economic growth.",high,2018 Youth Employment Initiatives,Pre-Apprenticeship Program,False,implemented,The Pre-Apprenticeship Program was announced to support underrepresented groups in the trades.,high,False,2,"This initiative is significant in promoting inclusivity in the trades, addressing labor shortages, and enhancing the skill set of the workforce.",medium,"A new Pre-Apprenticeship Program was announced in the 2018 federal Budget to target underrepresented groups in the trades, including women, youth, Indigenous Peoples, and new immigrants.",A new Pre-Apprenticeship Program announced in the 2018 federal Budget will target people who are currently underrepresented in the trades.,118.0,118.0
CAN_2025_012,CAN,Canada,2025,2018.0,,,,,,,,explicit,high,innovation,research_infrastructure,,,public,applied,growth_supporting,"Investing in climate-resilient infrastructure reduces future disaster costs and enhances community safety, thereby supporting economic stability.",high,Disaster Mitigation and Adaptation Fund,,False,implemented,The federal government has committed a total of CAD 3.8 billion through the Disaster Mitigation and Adaptation Fund.,high,False,2,"This significant investment in infrastructure projects addresses climate risks and enhances resilience, which is crucial for long-term economic stability.",medium,The federal government has committed CAD 3.8 billion through the Disaster Mitigation and Adaptation Fund to finance infrastructure projects aimed at reducing long-term risks from climate hazards.,The federal government has committed a total of CAD 3.8 billion (or slightly over 0.1% of GDP in 2023) through the Disaster Mitigation and Adaptation Fund until 2033 to finance infrastructure projects designed to reduce long-term risks from climate hazards.,85.0,85.0
CAN_2021_007,CAN,Canada,2021,2019.0,2019.0,explicit,high,,,,,explicit,high,innovation,rd_funding,,,public_private,adoption,growth_supporting,"This strategy aims to address homelessness, which is crucial for social stability and economic productivity.",high,Reaching Home Strategy,Reaching Home Strategy,False,implemented,The Reaching Home Strategy has been launched and is actively supporting vulnerable Canadians.,high,True,3,The strategy represents a major commitment to addressing homelessness in Canada.,medium,"The Reaching Home: Canada’s Homelessness Strategy was launched to support vulnerable Canadians in maintaining safe, stable, and affordable housing, with a goal to reduce chronic homelessness by half by 2027-2028.","Launched in April 2019, Reaching Home: Canada’s Homelessness Strategy is intended to support the most vulnerable Canadians in maintaining safe, stable and affordable housing.",98.0,98.0
CAN_2021_008,CAN,Canada,2021,2019.0,,,,,,,,explicit,high,innovation,innovation_instruments,,,public_private,applied,growth_supporting,This flexible funding approach is designed to empower First Nations communities and enhance their capacity for self-determination and development.,high,Flexible Funding for First Nations,Ten-Year Grant System,False,implemented,The flexible funding system has been implemented and is operational for First Nations communities.,high,False,2,"While this reform is significant, it does not represent a major overhaul of funding mechanisms.",medium,"The federal government has implemented a flexible funding system for First Nations communities, allowing for ten-year grants instead of annual appropriations, which reduces administrative burdens and provides greater discretion in resource allocation.","The federal government funds First Nations communities with various flexible funding instruments... began to offer ten-year grants, which afford their governments a lower administrative and reporting burden.",117.0,117.0
CAN_2021_001,CAN,Canada,2021,2020.0,,,,,,,,explicit,high,innovation,innovation_instruments,,,public_private,adoption,growth_supporting,"These initiatives aim to improve housing availability and broadband access, which are essential for economic growth and social inclusion.",high,National Housing and Broadband Strategy,Housing and Broadband Initiatives,True,implemented,The National Housing Strategy and the Rapid Housing Initiative have been implemented as part of the government's ongoing efforts.,high,True,3,The reforms represent significant investments and structural changes in housing and broadband access.,medium,"The federal government has implemented a National Housing Strategy aimed at reducing housing need for 530,000 households and chronic homelessness by half by 2027-2028, with an initial budget of CAD 40 billion, later expanded to over CAD 55 billion. Additionally, the Rapid Housing Initiative aims to provide CAD 1 billion for the construction of modular housing and the conversion of existing buildings into affordable housing, while the Universal Broadband Fund will provide CAD 1.75 billion for broadband projects, including CAD 50 million earmarked for mobile projects benefiting Indigenous communities.","The Rapid Housing Initiative (announced September 2020), a federal-government scheme that will provide CAD 1 billion for funding the construction of modular housing, land acquisition and the conversion of existing buildings into affordable housing.",56.0,56.0
CAN_2021_005,CAN,Canada,2021,2020.0,,,,,,,,explicit,high,innovation,startup_ecosystem,,,public,adoption,growth_supporting,"This initiative aims to address housing shortages, which can stimulate economic activity and support community development.",high,Rapid Housing Initiative,Rapid Housing Initiative,False,implemented,The Rapid Housing Initiative has been launched and is actively facilitating the construction of affordable housing.,high,False,2,"While the initiative is significant, it is not as transformative as major structural reforms.",medium,"The Rapid Housing Initiative was launched to facilitate the rapid construction of permanent affordable housing units, with an investment of CAD 1 billion to create up to 3,000 units.","In 2020 the federal government also launched the Rapid Housing Initiative, a CAD 1 billion dollar measure for the rapid construction of as many as 3 000 permanent affordable housing units.",94.0,94.0
CAN_2023_007,CAN,Canada,2023,2020.0,,,,,,,,explicit,high,innovation,research_infrastructure,,,public,adoption,growth_supporting,"Enhancing energy-efficiency standards is expected to lead to long-term energy savings and environmental benefits, supporting economic growth.",high,Energy Efficiency Standards Update,NECB 2020 Update,False,implemented,The NECB has been updated.,high,True,3,This update represents a significant structural change in building standards.,high,"The National Energy Code of Canada for Buildings (NECB) has been updated to enhance energy-efficiency standards for new buildings, aiming for net zero energy-ready buildings by 2050.","The latest version of the code (NECB 2020) enhances previous minimum energy-efficiency standards for building envelopes, ventilation, and water and space heating systems.",107.0,107.0
CAN_2021_002,CAN,Canada,2021,2021.0,2020.0,explicit,high,,,,,explicit,high,innovation,human_capital,,,public,applied,growth_supporting,Investing in early learning and child care is expected to enhance human capital by improving access to education and supporting workforce participation.,high,Early Learning and Child Care Investment,,False,implemented,The commitment to invest in early learning and child care has been officially announced and is in the process of being implemented.,high,False,2,This investment is significant but not as transformative as major structural reforms.,medium,"The federal government has committed to invest approximately CAD 1.2 billion in early learning and child care, aiming to make affordable childcare available to all children aged three and under.","This year, the federal government will invest approximately CAD 1.2 billion in total in early learning and child care and has committed to future investments.",56.0,56.0
CAN_2021_006,CAN,Canada,2021,2021.0,2021.0,explicit,high,,,,,inferred,low,innovation,rd_funding,,,public_private,applied,growth_supporting,"Increasing funding for rental construction is expected to enhance housing supply and affordability, contributing to economic growth.",high,Rental Construction Financing Initiative Boost,Rental Construction Financing Initiative Boost,False,announced,The intent to boost the initiative has been announced but not yet implemented.,high,False,2,This boost in funding is significant but not a major overhaul of the existing initiative.,medium,"The federal government announced an intent to boost the existing Rental Construction Financing Initiative by CAD 12 billion over seven years, allowing the Canada Mortgage and Housing Corporation to provide low-interest loans and mortgage insurance for developers of purpose-built rental housing.",The federal government just announced its intent to boost the existing Rental Construction Financing Initiative by CAD 12 billion over seven years.,,
CAN_2023_002,CAN,Canada,2023,2022.0,,,,,,,,explicit,high,innovation,sectoral_rd,,,public,applied,growth_supporting,"The transition to a new royalty regime is designed to enhance investment in resource development, which can stimulate economic growth.",high,Royalty Regime Transition,Windfall Mechanism Implementation,False,implemented,British Columbia began a two-year transition.,high,False,2,The change in the royalty regime is significant but does not represent a complete overhaul of the system.,medium,"British Columbia began a two-year transition to a new royalty regime that includes a windfall mechanism, applying a price-sensitive royalty rate on revenues exceeding capital costs for development.","In 2022, British Columbia began a two-year transition to a new royalty regime that includes a windfall mechanism.",38.0,38.0
CAN_2023_003,CAN,Canada,2023,2022.0,2022.0,explicit,high,,,,,explicit,high,innovation,innovation_instruments,,,public,applied,growth_supporting,"The review aims to enhance the effectiveness of the SR&ED program, which supports innovation and R&D activities in Canada.",high,SR&ED Program Review,SR&ED Program Review,False,implemented,Budget 2022 announced the review.,high,False,2,The review represents a significant adjustment to the existing program but does not constitute a complete overhaul.,medium,"Budget 2022 announced a review of the Scientific Research and Experimental Development (SR&ED) Program, shifting away from tax-subsidies by lowering the small firm tax-credit rate toward the large firm rate. The savings from this move are intended to reinstate capital costs in the base for the credit and to scale up direct grants.",Budget 2022 announced a review of the SR&ED Program.,43.0,43.0
CAN_2023_004,CAN,Canada,2023,2022.0,2022.0,explicit,high,,,,,explicit,high,innovation,human_capital,,,public_private,adoption,growth_supporting,"Increasing access to affordable childcare is expected to enhance workforce participation and productivity, supporting economic growth.",high,Childcare Access Initiative,,False,implemented,The federal government has initiated the initiative.,high,True,3,This initiative represents a significant structural change in the provision of childcare services.,high,"The federal government has initiated a major federal-provincial initiative to increase access to affordable childcare, aiming to ramp up the number of childcare spaces and reduce median costs significantly.",A major federal-provincial initiative is now underway that should see substantial progress towards increasing access to affordable childcare.,,
CAN_2023_005,CAN,Canada,2023,2022.0,,,,,,,,explicit,high,innovation,innovation_instruments,,,private,commercialization,growth_supporting,"These grants and tax credits are intended to enhance the competitiveness of low-carbon technologies, fostering innovation and economic growth.",high,Low-Carbon Energy Grants,,False,implemented,Natural Resources Canada administers these grants.,high,False,2,The range of grants represents a significant but not transformative change in support for low-carbon energy.,medium,"Natural Resources Canada administers a range of federal grants designed to improve the cost competitiveness of low-carbon energy generation, including a new initiative offering a refundable tax credit for solar and other energy systems.",Natural Resources Canada administers a range of federal grants designed to improve the cost competitiveness of low-carbon energy generation.,,
CAN_2023_001,CAN,Canada,2023,2023.0,,,,,,,,explicit,high,innovation,sectoral_rd,,,public_private,applied,growth_supporting,"The reforms aim to stimulate investment in green technology and accelerate the transition to clean energy, which supports economic growth.",high,Green Technology Investment,Green Technology Fund and Regulations,True,announced,The federal government has announced a new fund and proposed regulations.,high,True,3,The introduction of a new fund and significant regulatory changes represent major structural reforms in the energy sector.,high,"The federal government has announced a new fund for financing investment in green technology, aiming to spur innovation and reduce greenhouse gas emissions. Additionally, the government proposes to introduce clean electricity regulations that would phase out unabated fossil fuel electricity by 2035, aiming to accelerate the decarbonisation of the electricity grid. To support this, a new Canada Growth Fund is proposed to offer 'contracts for difference' to reduce carbon cost uncertainty for firms making major green investments.",The federal government is proposing to use a new Canada Growth Fund to offer 'contracts for difference' as a means for reducing carbon cost uncertainty.,,
CAN_2023_006,CAN,Canada,2023,2023.0,,,,,,,,explicit,high,innovation,research_infrastructure,,,public_private,adoption,growth_supporting,"Supporting the development of charging networks is crucial for the widespread adoption of electric vehicles, which can contribute to economic growth and environmental sustainability.",high,Electric Vehicle Charging Support,Charging Network Development,False,implemented,The federal government is providing support.,high,False,2,"While important, this support does not represent a major overhaul of infrastructure policy.",medium,"The federal government is providing support for the development of charging networks to facilitate the adoption of electric vehicles, including credits and direct funding for charging station providers.",Federal government support aims to accelerate development of charging networks. CFR credits and direct funding are available for providers of charging stations.,101.0,101.0
CAN_2023_008,CAN,Canada,2023,2023.0,2022.0,explicit,high,,,,,explicit,high,innovation,research_infrastructure,,,public,applied,growth_supporting,"Investing in climate-informed standards is expected to enhance the resilience of infrastructure, which supports long-term economic stability and growth.",high,Climate-Informed Infrastructure Standards,Climate-informed codes funding,False,implemented,The federal government is allocating funds.,high,False,2,"While significant, this allocation does not represent a major overhaul of infrastructure policy.",medium,The federal government is allocating CAD 60 million over five years to accelerate the use of climate-informed codes and standards for resilient infrastructure.,The federal government is allocating CAD 60 million over five years to accelerate use of 'climate-informed codes' and standards for resilient infrastructure.,115.0,115.0
CAN_2023_009,CAN,Canada,2023,2023.0,2022.0,explicit,high,,,,,explicit,high,innovation,rd_funding,,,public,basic,growth_supporting,"Funding climate science assessments is essential for informed policy-making and can lead to better preparedness for climate impacts, supporting economic growth.",high,National Climate Science Assessment,Climate science assessment funding,False,implemented,The federal government is funding the assessment.,high,False,2,"While important, this funding does not represent a major overhaul of climate science funding.",medium,The federal government is funding a national climate science assessment to provide new data and information about ongoing and future climate change in Canada.,"The federal government is funding a national climate science assessment, which will provide new data and information about ongoing and future climate change in Canada.",,
CAN_2025_007,CAN,Canada,2025,2023.0,2023.0,explicit,high,,,,,explicit,high,innovation,innovation_instruments,,,public_private,applied,growth_supporting,"By incentivizing higher-density housing, the fund aims to increase the supply of affordable housing, which can alleviate housing shortages and support economic growth.",high,National Housing Strategy,Housing Accelerator Fund,True,implemented,The fund was launched to provide financial rewards to municipalities.,high,False,2,"This initiative represents a significant effort to address housing supply issues through local government engagement, which is crucial for urban development.",medium,"The Housing Accelerator Fund was launched in 2023 to encourage municipalities to reform zoning laws to allow for higher-density housing, providing financial rewards for compliance.","Notably, the Housing Accelerator Fund was launched in 2023 to encourage municipalities to reform zoning laws to allow for higher-density housing.",64.0,64.0
CAN_2025_011,CAN,Canada,2025,2023.0,,,,,,,,explicit,high,innovation,innovation_instruments,,,public_private,adoption,growth_supporting,"The fund promotes energy efficiency in buildings, which can lead to reduced energy costs and lower emissions, supporting sustainable economic growth.",high,2023 Energy Efficiency Initiative,Codes Acceleration Fund,True,implemented,The fund was launched to support the implementation of updated energy codes.,high,False,2,"The fund represents a significant investment in energy efficiency, which is crucial for meeting climate targets and improving building standards across Canada.",medium,"Canada launched a CAD 100 million Codes Acceleration Fund in 2023 to help provinces, municipalities, and other stakeholders implement updated energy codes, facilitating faster adoption of energy-efficient building standards.","Canada launched a CAD 100 million Codes Acceleration Fund in 2023 to help provinces, municipalities, and other stakeholders implement the updated energy codes.",80.0,80.0
CAN_2025_003,CAN,Canada,2025,2024.0,2023.0,explicit,high,,,,,explicit,high,innovation,rd_funding,,,public,applied,growth_supporting,"Increasing R&D spending is expected to enhance innovation capacity and productivity, contributing positively to GDP growth.",high,2024 R&D Investment Initiative,,False,announced,The plan to increase R&D spending has been publicly announced as part of the economic strategy.,high,True,3,"This reform represents a significant commitment to enhancing R&D funding, which is crucial for long-term economic growth and competitiveness.",high,Canada plans to increase gross domestic expenditure on R&D (GERD) by 0.5% of GDP over 5 years to reduce the gap to the OECD average by half.,Increase gross domestic expenditure on R&D (GERD) by 0.5% of GDP to reduce the gap to the OECD average by half over 5 years.,31.0,31.0
CAN_2025_006,CAN,Canada,2025,2024.0,2020.0,explicit,high,,,,,explicit,high,innovation,innovation_instruments,,,private,unknown,growth_supporting,"The DST aims to create a fairer tax environment for digital services, potentially increasing government revenues that can be reinvested in innovation and public services.",medium,2024 Digital Services Tax Initiative,,False,implemented,The tax was enacted and applies to revenues earned since 2022.,high,False,2,"The DST represents a significant shift in tax policy aimed at the digital economy, addressing fairness in taxation and generating new revenue streams.",medium,"Canada introduced a Digital Services Tax (DST) of 3% on digital services revenues, targeting businesses with significant global and Canadian revenues, aimed at enhancing tax fairness and generating additional revenue.",Canada has moved ahead with the introduction of a Digital Services Tax (DST). It has enacted a 3% tax on digital services revenues in 2024.,,
CAN_2025_008,CAN,Canada,2025,2024.0,2024.0,explicit,high,,,,,explicit,high,innovation,research_infrastructure,,,public,applied,growth_supporting,"By addressing infrastructure needs, this fund aims to facilitate the construction of new housing, thereby supporting economic growth and improving living conditions.",high,Canada’s Housing Plan 2024,Canada Housing Infrastructure Fund,False,announced,The fund was introduced in Budget 2024 to support infrastructure needs.,high,False,2,"This fund is a significant addition to existing housing policies, aiming to enhance infrastructure that supports housing development.",medium,The Canada Housing Infrastructure Fund was introduced in Budget 2024 to provide funding to municipalities for urgent infrastructure needs related to housing.,The Canada Housing Infrastructure Fund was introduced in Budget 2024 to provide funding to municipalities for urgent infrastructure needs.,,
CAN_2025_009,CAN,Canada,2025,2024.0,2024.0,explicit,high,,,,,explicit,high,innovation,startup_ecosystem,,,public_private,commercialization,growth_supporting,"This initiative aims to increase the supply of affordable housing, which can enhance overall economic stability and community development.",high,2024 Co-operative Housing Initiative,,False,announced,The federal government introduced a new co-operative housing development programme worth CAD 1.5 billion until 2028.,high,True,3,"This reform represents a significant investment in affordable housing, addressing a critical need in the market and potentially transforming the housing landscape.",high,"The federal government introduced a new co-operative housing development programme worth CAD 1.5 billion until 2028, offering access to forgivable and low-interest repayable loans to build and convert affordable rental co-operative housing.",The federal government introduced a CAD 1.5 billion Canada Rental Protection Fund to support community housing providers in acquiring units and preserving rents.,,
CAN_2025_010,CAN,Canada,2025,2024.0,2024.0,explicit,high,,,,,explicit,high,innovation,innovation_instruments,,,private,adoption,growth_supporting,"This tax rebate is designed to lower the financial barriers for rental housing development, potentially increasing the supply of affordable units.",high,2024 Housing Tax Incentives,,False,implemented,The federal government put in place a temporary 100% GST/federal portion of HST rebate for new purpose-built rental housing.,high,False,2,"This measure is a significant adjustment to existing tax policy, aimed at stimulating rental housing development, but it is not a comprehensive overhaul.",medium,"The federal government implemented a temporary 100% GST/federal portion of HST rebate for new purpose-built rental housing, aimed at reducing upfront costs for developers.",The federal government put in place a temporary 100% GST/federal portion of HST rebate for new purpose-built rental housing.,69.0,69.0
CAN_2025_013,CAN,Canada,2025,2024.0,2023.0,explicit,high,,,,,explicit,high,innovation,research_infrastructure,,,public,applied,growth_supporting,"This initiative aims to improve infrastructure resilience, which can lead to reduced economic losses from climate-related disasters and enhance overall economic stability.",high,National Adaptation Strategy,Climate-Informed Codes Initiative,False,announced,The federal government is allocating CAD 60 million over five years to accelerate the use of climate-informed codes.,high,False,2,"This funding represents a significant investment in improving infrastructure standards, which is crucial for adapting to climate change and reducing future risks.",medium,"The federal government is allocating CAD 60 million over five years to accelerate the use of climate-informed codes and standards for resilient infrastructure, aiming to enhance the resilience of buildings and infrastructure against climate impacts.",The federal government is allocating CAD 60 million over five years to accelerate use of 'climate-informed codes' and standards for resilient infrastructure.,87.0,88.0
CAN_2025_014,CAN,Canada,2025,2024.0,2023.0,explicit,high,,,,,explicit,high,innovation,innovation_instruments,,,public_private,applied,growth_supporting,"By enhancing tax incentives, the reform aims to stimulate R&D investment among firms, particularly small and medium-sized enterprises, thereby fostering innovation and productivity growth.",high,2024 R&D Tax Incentive Modernization,,False,announced,The government recently undertook consultations on a modernisation of the SR&ED tax incentives.,high,True,3,"This reform represents a significant overhaul of a major R&D funding mechanism, which is crucial for enhancing innovation capacity across the Canadian economy.",high,"The government is modernizing the Scientific Research and Experimental Development (SR&ED) tax incentives to increase the annual expenditure limit and capital phase-out thresholds, extend access to public corporations, and restore eligibility for capital expenditures.",The Fall Economic Statement 2024 proposed increasing the annual expenditure limit and capital phase-out thresholds of the SR&ED programme’s enhanced credit available to small- and medium-sized Canadian-controlled private corporations.,107.0,107.0
CAN_2025_015,CAN,Canada,2025,2024.0,2023.0,explicit,high,,,,,explicit,high,innovation,innovation_instruments,,,public_private,applied,growth_supporting,"The CIC aims to enhance R&D support for small businesses, facilitating innovation and product development, which can lead to increased productivity and economic growth.",high,2024 Canadian Innovation Corporation Launch,,False,announced,"In 2023, the government tabled a blueprint for a new Canadian Innovation Corporation (CIC).",high,True,3,"The establishment of the CIC represents a structural change in how Canada supports business R&D, aiming to significantly enhance innovation capacity and competitiveness.",high,"The government is establishing a new Canadian Innovation Corporation (CIC) to provide a national-scale platform for business R&D support, incorporating the Industrial Research Assistance Program (NRC IRAP) to help small businesses scale up their R&D efforts.",The government recently undertook consultations on a modernisation of the Scientific Research and Experimental Development (SR&ED) tax incentives.,107.0,107.0
CAN_2025_016,CAN,Canada,2025,2024.0,2024.0,explicit,high,,,,,explicit,high,innovation,innovation_instruments,,,public,applied,growth_supporting,"This investment aims to enhance productivity through AI adoption, which can lead to significant economic benefits across various sectors.",high,2024 AI Development and Deployment Initiative,,False,announced,The government announced a CAD 2.4 billion package of measures for AI.,high,True,3,"This reform represents a significant investment in AI infrastructure and support, which is crucial for enhancing Canada's competitiveness in the global digital economy.",high,"The Canadian government announced a CAD 2.4 billion package to support the development and deployment of AI technologies, which includes funding for computing capabilities, AI startups, and an AI Safety Institute.",Budget 2024 announced a CAD 2.4 billion package of measures including CAD 2 billion for investment in computing capabilities and technological infrastructure for AI researchers and businesses.,110.0,110.0
CAN_2025_017,CAN,Canada,2025,2024.0,2023.0,explicit,high,,,,,explicit,high,innovation,startup_ecosystem,,,public_private,unknown,growth_supporting,"By providing additional funding and support to startups, this initiative aims to enhance their growth potential and competitiveness in the market.",high,2024 Venture Capital Support Initiative,National Co-Investment Fund,False,announced,The government introduced the national co-investment fund as a policy option to support early-stage financing.,high,False,2,"This reform addresses a critical gap in early-stage financing for startups, which is essential for fostering innovation and growth in the Canadian economy.",medium,"The Canadian government announced a national co-investment fund aimed at investing alongside business angels to leverage their investment and expertise, particularly in the startup ecosystem.",One policy option is a national co-investment fund that would invest alongside angels to leverage their investment and expertise.,,
CAN_2025_018,CAN,Canada,2025,2024.0,2023.0,explicit,high,,,,,explicit,high,innovation,other,,,public,unknown,growth_supporting,"By improving access to data on internal trade barriers, this initiative is expected to facilitate better resource allocation and enhance competition among businesses.",high,2024 Internal Trade Enhancement Initiative,Canadian Internal Trade Data Hub,False,announced,The creation of the Canadian internal trade data and information Hub was announced to help identify barriers.,high,False,2,"This initiative is significant for improving the efficiency of internal trade, which is crucial for enhancing overall economic performance.",medium,"The Canadian government launched the Canadian Internal Trade Data and Information Hub to provide insights on obstacles and innovations to internal trade, aiming to enhance market efficiency.","The creation of the Canadian internal trade data and information Hub in 2024, which features novel data and analysis on drivers and patterns of internal trade.",117.0,117.0
CAN_2025_019,CAN,Canada,2025,2024.0,,,,,,,,explicit,high,innovation,research_infrastructure,,,public_private,adoption,growth_supporting,"Improving broadband access enhances digital technology adoption, which can boost productivity and economic growth.",high,2024 Broadband Initiative,,False,implemented,The CIB has made significant investments to improve internet access.,high,False,2,"This investment represents a significant effort to enhance digital infrastructure, which is crucial for economic development in underserved areas.",medium,"The Canada Infrastructure Bank (CIB) has invested CAD 2 billion to expand high-speed internet access in underserved communities, targeting Indigenous, rural, and remote regions.","As of September 2024, the Canada Infrastructure Bank (CIB) has invested CAD 2 billion through its Broadband Initiative.",119.0,119.0
CAN_2025_001,CAN,Canada,2025,2025.0,,,,,,,,explicit,high,innovation,innovation_instruments,,,private,applied,growth_supporting,"By reducing distortions in R&D funding, this reform is expected to enhance overall R&D investment and productivity in the private sector.",high,2025 R&D Tax Reform Initiative,Harmonization of SR&ED Tax Credit,False,announced,The government has announced plans to harmonize the SR&ED tax credit.,high,False,2,"This reform addresses a significant issue in the R&D tax credit system, which could lead to improved investment in R&D across firms of different sizes.",medium,"The Canadian government plans to harmonize the SR&ED tax credit for R&D activities across small and larger firms, addressing distortions caused by the larger credit for small firms.","Harmonise the SR&ED tax credit for R&D activities across small and larger firms, and consider reinstating capital costs in the credit base.",18.0,18.0
CAN_2025_002,CAN,Canada,2025,2025.0,,,,,,,,explicit,high,innovation,rd_funding,,,public_private,applied,growth_supporting,"Direct grants can provide targeted support for innovative projects, enhancing the development of new technologies and improving productivity.",high,2025 R&D Funding Enhancement,Direct Grants for R&D,False,announced,The government has announced plans to make more use of direct grants to support R&D.,high,False,2,"This reform represents a shift towards more direct funding mechanisms, which could enhance the effectiveness of public support for R&D.",medium,"The government aims to make more use of direct grants to support R&D, particularly for digital technologies like artificial intelligence.","Make more use of direct grants to support R&D, including to support digital technologies such as artificial intelligence.",18.0,18.0
CAN_2025_004,CAN,Canada,2025,2025.0,,,,,,,,explicit,high,innovation,innovation_instruments,,,public_private,applied,growth_supporting,"By enhancing R&D incentives, the reform is expected to stimulate business investment in innovation, thereby improving productivity and economic growth.",high,2025 Productivity Enhancement Initiative,R&D Tax Incentive Streamlining,False,announced,The government has announced plans to streamline R&D tax incentives.,high,False,2,"This reform addresses a significant barrier to productivity growth by enhancing R&D support, which is crucial for fostering innovation in the business sector.",medium,"Canada aims to streamline existing R&D tax incentives to provide more direct support for both smaller and larger companies, addressing the low business R&D spending that contributes to productivity gaps.",Existing R&D tax incentives should be streamlined for both smaller and larger companies and include more direct support.,16.0,16.0
CAN_2025_005,CAN,Canada,2025,2025.0,,,,,,,,explicit,high,innovation,rd_funding,,,public,applied,growth_supporting,"Increased R&D spending is expected to enhance innovation capacity and productivity, contributing positively to long-term economic growth.",high,2025 R&D Enhancement Initiative,,False,announced,Policies to increase R&D spending are discussed in the text.,high,True,3,"This reform represents a significant increase in public investment in R&D, which is crucial for fostering innovation and enhancing the competitiveness of the Canadian economy.",high,"The Canadian government plans to increase gross domestic expenditure on R&D (GERD) by 0.5% of GDP, through higher funding for direct R&D support and financing programmes for young and innovative firms.","Increase R&D spending Increase gross domestic expenditure on R&D (GERD) by 0.5% of GDP, through higher funding for direct R&D support and financing programmes for young and innovative firms.",31.0,31.0
CAN_2025_020,CAN,Canada,2025,2025.0,2024.0,explicit,high,,,,,explicit,high,innovation,innovation_instruments,,,public_private,adoption,growth_supporting,"Facilitating competition in telecommunications can lead to lower prices and improved services, enhancing overall economic productivity.",high,2024 Telecommunications Reform,,False,announced,Implementation is expected in February 2025.,high,False,2,"This reform is significant as it enhances competition in the telecommunications sector, which is vital for digital innovation and consumer welfare.",medium,"The Canadian Radio and Telecommunications Commission (CRTC) announced provisions allowing smaller internet competitors to use the fibre networks of large telephone companies nationwide, expected to lower prices and widen consumer choice.","In August 2024, the CRTC announced provisions that allow smaller internet competitors to use the fibre networks of large telephone companies nationwide.",120.0,120.0
CAN_2025_023,CAN,Canada,2025,2025.0,,,,,,,,explicit,high,innovation,rd_funding,,,public,applied,growth_supporting,"Rebalancing R&D support and enhancing competition can lead to increased innovation and productivity, positively impacting economic growth.",high,2025 Productivity Enhancement Initiative,,False,announced,Policies to boost productivity require a combination of measures including rebalancing R&D support.,high,True,3,"This reform represents a significant shift in policy focus towards enhancing productivity through R&D, which is crucial for long-term economic growth.",high,Canada aims to boost productivity by rebalancing R&D support and enhancing competition and digitalisation in the economy.,"Boosting productivity requires a combination of policies, including rebalancing R&D support, reducing regulatory barriers in internal markets, enhancing competition and digitalisation of the economy.",,
CAN_1961_001,CAN,Canada,1961,,,,,,,,,,,innovation,startup_ecosystem,,,public_private,adoption,growth_supporting,"The measures aim to create jobs and stimulate economic growth, which supports overall productivity and allocative efficiency.",high,Employment and Urban Renewal Initiatives,Municipal Assistance Programme,False,implemented,The measures have been put into action to stimulate employment and growth.,high,False,2,"The reform is significant as it involves a larger programme of assistance, but it is not a structural change.",medium,"The Canadian government introduced measures to stimulate immediate employment opportunities and long-term economic growth, including a larger programme of assistance to municipalities for winter work projects and incentives for urban renewal.","The first set of measures included another and larger programme of assistance to municipalities for winter work projects, another special winter housing programme, and incentives for urban renewal and slum clearance.",,
CAN_1961_002,CAN,Canada,1961,,,,,,,,,,,innovation,innovation_instruments,,,private,applied,growth_supporting,"The tax changes are designed to encourage investment in small businesses, which can lead to increased productivity and innovation.",high,Tax Incentives for Small Businesses,Tax Incentives for Small Business,False,implemented,The changes to income tax regulations have been enacted to support small businesses.,high,False,2,"The reform is significant as it provides targeted support for small businesses, but it does not represent a major overhaul of the tax system.",medium,"The Canadian government announced changes to income tax regulations to assist small businesses, including capital depreciation allowances at double the normal rate in the first year to encourage investment.","Income tax regulations were changed in order to assist small business, and capital depreciation allowances at double the normal rate in the first year were to be used to encourage firms to invest in designated areas.",23.0,24.0
CAN_1962_001,CAN,Canada,1962,,,,,,,,,,,innovation,innovation_instruments,,,public,unknown,growth_supporting,"The establishment of a National Economic Development Board is aimed at fostering economic growth, which is inherently supportive of productivity and innovation.",high,National Economic Development Initiative,,False,announced,The government proposed legislation.,high,True,3,The proposal represents a significant structural change in the governance of economic development.,medium,The government proposed legislation to establish a National Economic Development Board to encourage economic growth and strengthen the balance of payments.,Legislation establishing a National Economic Development Board would be proposed.,27.0,27.0
CAN_1962_002,CAN,Canada,1962,,,,,,,,,,,innovation,innovation_instruments,,,private,applied,growth_supporting,"Reintroducing tax incentives is expected to stimulate industrial research and production, thereby enhancing innovation and economic activity.",high,Tax Incentives for Industrial Research,,False,announced,The government plans to reintroduce various tax incentives.,high,False,2,"While significant, the reintroduction of tax incentives is a narrower reform compared to the establishment of a national board.",medium,The government plans to reintroduce various tax incentives to stimulate production and industrial research.,Various tax incentives to stimulate production and industrial research would be re-introduced.,27.0,27.0
CAN_1963_001,CAN,Canada,1963,,,,,,,,,,,innovation,human_capital,,,public,applied,growth_supporting,"By enhancing the skills of the workforce, the programme aims to reduce unemployment and improve productivity, contributing positively to economic growth.",high,1960 Vocational Training Initiative,,False,implemented,Budget allocations for this purpose are rising sharply.,high,False,2,"The programme represents a significant effort to address unemployment through skill development, which is crucial for enhancing the employability of workers.",medium,"The Vocational Training Programme was established to provide unskilled workers with opportunities to acquire more qualified jobs, addressing structural unemployment in Canada.","Recognition of the structural aspects of unemployment led to the vote, in 1960, of a Vocational Training Programme designed to give unskilled workers the opportunity to take on more qualified jobs.",16.0,16.0
CAN_1964_001,CAN,Canada,1964,,,,,,,,,,,other,other,,,public,unknown,growth_supporting,"By providing informed recommendations on economic policies, the council aims to enhance the effectiveness of government interventions for growth.",high,1963 Economic Council Initiative,Economic Council of Canada,False,implemented,The establishment of a new Department of Industry and the Economic Council of Canada.,high,False,2,The creation of the Economic Council represents a significant institutional reform aimed at improving economic policy formulation.,medium,The establishment of the Economic Council of Canada was aimed at assessing medium- and long-term economic prospects and recommending policies to realize growth potential.,Other measures taken in 1963 consisted of the establishment of a new Department of Industry and the Economic Council of Canada.,24.0,24.0
CAN_1964_002,CAN,Canada,1964,,,,,,,,,,,innovation,innovation_instruments,,,private,applied,growth_supporting,"These incentives are designed to stimulate investment in new machinery and facilities, which can enhance productivity and economic growth.",high,Manufacturing Incentives,Capital Cost Allowances,False,implemented,The reforms have been put into effect as part of the government's strategy to boost manufacturing.,high,False,2,"The reforms provide significant but targeted incentives to stimulate investment in manufacturing, which is important for economic development.",medium,"The Canadian government introduced generous capital cost allowances for manufacturing or processing companies purchasing new machinery and equipment, along with a three-year tax exemption for those establishing new facilities in designated areas of slow growth and high unemployment, aimed at stimulating domestic expansion.","Similar incentives, together with a three-year tax exemption, for manufacturing and processing companies establishing new facilities in designated areas of slow growth and high unemployment.",24.0,24.0
CAN_1965_001,CAN,Canada,1965,,,,,,,,,,,innovation,innovation_instruments,,,private,applied,growth_supporting,"The new grant system is expected to incentivize higher research spending by firms, thereby enhancing innovation and productivity.",high,1965 Research and Development Initiative,Outright Grants for Research,False,implemented,The tax concessions were replaced by a system of outright grants.,high,False,2,"This reform represents a significant shift in funding mechanisms for research, likely leading to increased investment in R&D by the private sector.",medium,"The Canadian government introduced a new system of outright grants to replace the previous tax concessions for scientific research expenditures, which were aimed at increasing research outlays by firms.",The tax concessions previously in force regarding expenditures on scientific research... are to be replaced by a system of outright grants.,,
CAN_1968_001,CAN,Canada,1968,,,,,,,,,,,innovation,innovation_instruments,,,public_private,adoption,growth_supporting,"By increasing the availability of mortgage funds, the reform aims to stimulate residential construction and support economic growth.",high,1966 Banking Reform,,False,implemented,The new Bank Act has been in effect since last May.,high,False,2,The reform represents a significant change in banking policy that could enhance the mortgage market and support housing construction.,medium,"The new Bank Act allows chartered banks to make conventional mortgage loans on both residential and industrial construction, increasing their ability to compete for deposits and potentially increasing the availability of mortgage funds.","The new Bank Act, in effect since last May, permits chartered banks to make conventional mortgage loans on both residential and industrial construction up to 75 per cent of the value of the property.",16.0,16.0
CAN_1971_001,CAN,Canada,1971,,,,,,,,,,,innovation,innovation_instruments,,,public_private,adoption,growth_supporting,"These measures are designed to stimulate investment and job creation, which can enhance productivity and economic growth.",high,Capital Investment Incentives,Machinery and Equipment Tax Credit,False,implemented,The measures have been put into effect as part of the government's economic strategy.,high,False,2,The reforms represent significant but narrower changes aimed at stimulating investment in the economy.,medium,"The Canadian government implemented a series of capital-incentive measures, including a loan fund of CJ 150 million to be distributed to provinces based on unemployment levels for job-creating capital projects, capital-incentive grants to stimulate investment in the private business sector, and a 10 percent tax credit on purchases of new machinery and equipment produced in the United States to incentivize domestic investment in capital goods.","a special programme was launched to finance capital projects in regions of slower economic growth, and there was a further increase in transfer payments to provinces.",,
CAN_1972_001,CAN,Canada,1972,,,,,,,,,,,innovation,human_capital,,,public,applied,growth_supporting,"Improving skills and creating jobs enhances labor productivity and adaptability, contributing positively to economic growth.",high,Manpower and Employment Initiatives,Manpower Training and Job Expansion,True,implemented,The reforms have been put into action as indicated by their implementation status.,high,False,2,The reforms significantly enhance workforce skills and job creation but do not represent a structural overhaul.,medium,"The Federal Government has rapidly expanded manpower training and mobility programmes, significantly increasing expenditures to improve the skills and adaptability of the labor force, particularly in regions with low educational standards. Additionally, a Federal Winter Job Expansion Plan was announced to combat seasonal unemployment, aiming to create over 140,000 jobs through various direct job-creation projects.","In the 1970-1971 fiscal year, about C$ 297 million was spent on Federal manpower training and mobility programmes, compared to about C$ 108 million only three years earlier.",29.0,29.0
CAN_1972_002,CAN,Canada,1972,,,,,,,,,,,innovation,innovation_instruments,,,private,applied,growth_supporting,"These tax incentives are designed to stimulate investment in manufacturing, thereby enhancing productivity and economic growth.",high,Manufacturing Tax Incentives,Tax Incentives for Manufacturing,False,implemented,The measures have been enacted as part of the Federal budget.,high,True,3,The introduction of significant tax measures represents a major reform in the innovation support system for manufacturing.,high,"The 8th May 1972 Federal budget introduced measures for faster write-off of machinery and equipment costs in manufacturing, alongside a reduction in corporate tax rates for manufacturing and processing profits.",New measures proposed in the 8th May Federal budget include faster write-off of the costs of machinery and equipment used for the purpose of manufacturing or processing.,45.0,45.0
CAN_1973_001,CAN,Canada,1973,,,,,,,,,,,innovation,innovation_instruments,,,private,adoption,growth_supporting,"The proposed tax reductions and incentives are designed to stimulate business investment and support the growth of small businesses, which can enhance productivity and economic growth.",high,1973 Canadian Economic Reform Package,Tax and Investment Incentives,True,announced,The budget proposals were announced as part of the government's economic strategy.,high,False,2,"The reforms are significant in their intent to stimulate investment and support small businesses, but they do not represent a structural overhaul of the innovation system.",medium,"The Canadian federal government proposed a budget aimed at reducing unemployment while combating inflation, which included measures such as accelerated depreciation for machinery and equipment, a reduction in the corporate tax rate from 49% to 40%, and a reduction in income tax for small businesses from 25% to 20% to stimulate business investment and support their growth.",Le Gouvernement fédéral a indiqué que son principal objectif était de réduire sensiblement le chômage tout en luttant contre l'inflation.,31.0,31.0
CAN_1978_001,CAN,Canada,1978,,,,,,,,,,,innovation,innovation_instruments,,,private,adoption,growth_supporting,"By incentivizing investment in underdeveloped regions, the reform aims to stimulate economic activity and enhance productivity.",high,1977 Investment Incentives Package,Investment Tax Credit Extension,False,implemented,The investment tax credit scheme was extended with increased benefits.,high,False,2,"The extension of the investment tax credit represents a significant adjustment to existing policy aimed at stimulating investment in specific regions, which can have meaningful effects on local economies.",medium,"The Canadian government extended the investment tax credit scheme, broadening its scope and increasing benefits to encourage investment in slower-growth regions.",This provision was extended for a further year in October 1977.,12.0,12.0
CAN_1979_001,CAN,Canada,1979,,,,,,,,,,,innovation,rd_funding,,,public,applied,growth_supporting,Stimulating R&D expenditure is expected to enhance innovation and productivity.,high,R&D Stimulus Measures,,False,implemented,The measures were part of the fiscal policy for the specified year.,high,False,2,The measures are significant but not structural.,medium,The Canadian government announced measures to stimulate research and development expenditure as part of its fiscal policy for 1978/79.,"Other measures, which were mainly aimed at stimulating corporate investment as well as research and development, were of a minor nature.",29.0,29.0
CAN_1979_002,CAN,Canada,1979,,,,,,,,,,,innovation,innovation_instruments,sectoral_rd,,public_private,applied,growth_supporting,"The programme supports innovation and product development, which can lead to economic growth.",high,Enterprise Development Programme,,False,implemented,The programme is currently providing assistance as described.,high,True,3,The programme represents a significant reform in innovation assistance.,medium,"The Enterprise Development Programme provides innovation assistance in the form of grants for product development costs, alongside adjustment assistance through loan guarantees for vulnerable industries.",The Enterprise Development Programme...provides innovation assistance in the form of grants up to one-half (or three-quarters for small firms) of product development costs.,39.0,39.0
CAN_1982_001,CAN,Canada,1982,,,,,,,,,,,innovation,innovation_instruments,,,public,applied,growth_supporting,"The reforms aim to enhance industrial development and innovation, which are expected to contribute positively to economic growth.",high,Industrial Development and Innovation Support,Office of Industrial and Regional Benefits,False,implemented,The federal Government has confirmed its intention and established the necessary programs.,high,True,3,The establishment of a dedicated office and program for industrial and regional benefits represents a significant structural change in government policy.,medium,"The federal Government has confirmed its intention of intervening actively in support of regional development and fostering growth sectors by establishing an Office of Industrial and Regional Benefits to coordinate industrial development aspects of Federal legislation and policies. Additionally, an Industrial Opportunities Program is being created to coordinate support for industrial restructuring, innovation, and all phases of product development.",The federal Government has confirmed its intention of intervening actively in support of regional development and of fostering growth sectors while at the same time strengthening the operation of markets and the adjustment process.,,
CAN_1983_001,CAN,Canada,1983,,,,,,,,,,,innovation,innovation_instruments,,,private,applied,growth_supporting,"The program is designed to enhance private investment, which is expected to stimulate economic growth.",high,Special Recovery Program,Investment Tax Credits and Recovery Funds,False,announced,The reform was announced as part of the Federal budget.,high,True,3,The reform represents a significant policy change aimed at boosting private investment through tax incentives.,medium,The Federal budget includes a Special Recovery Program aimed at boosting private fixed investment through enhanced investment tax credits and the establishment of Special Recovery Funds for investment and export financing.,"A Special Recovery Program, costed at $4.8 billion over 4 years and consisting of two major parts: incentives to boost private fixed investment... through enhancement of investment tax credits.",50.0,50.0
CAN_1983_002,CAN,Canada,1983,,,,,,,,,,,innovation,rd_funding,,,public_private,applied,growth_supporting,Promoting technology and R&D expenditure is expected to enhance innovation and economic growth.,high,Technology and R&D Promotion,Promotion of Technology and R&D,False,announced,The reform was part of the Federal budget announcements.,high,False,2,"While significant, this reform is not as major as the Special Recovery Program.",medium,The Federal budget promotes technology and R&D expenditure as part of its measures to stimulate economic growth.,"Measures to stimulate residential investment, including promotion of technology and R&D expenditure.",50.0,50.0
CAN_1984_001,CAN,Canada,1984,,,,,,,,,,,innovation,innovation_instruments,,,private,applied,growth_supporting,"The program is designed to stimulate private investment, which can lead to increased productivity and economic growth.",high,Special Recovery Program,,False,implemented,The budget confirmed the medium-term strategy and introduced the Special Recovery Program.,high,True,3,"This program represents a significant structural change aimed at revitalizing the economy through targeted investment incentives, which is crucial for long-term economic recovery.",high,The federal budget introduced a Special Recovery Program aimed at boosting private fixed investment through enhanced investment tax credits and the establishment of Special Recovery Funds for investment and export financing.,"A Special Recovery Program, costed at $4.8 billion over 4 years and consisting of two major parts: incentives to boost private fixed investment through enhancement of investment tax credits.",,
CAN_1985_001,CAN,Canada,1985,,,,,,,,,,,innovation,startup_ecosystem,,,public,commercialization,growth_supporting,"The initiative aims to foster entrepreneurship, which can lead to job creation and economic growth.",high,Youth Initiatives Package,Entrepreneurial Skills Development,True,implemented,The initiative has been put into action as part of the government's efforts to support youth entrepreneurship.,high,False,2,"While it is a significant initiative, it does not represent a structural change in the innovation system.",medium,The federal government announced a youth initiatives package aimed at developing entrepreneurial skills through interest-free loans.,"Youth initiatives package, including interest-free loans, announced to develop entrepreneurial skills.",54.0,54.0
CAN_1985_002,CAN,Canada,1985,,,,,,,,,,,innovation,human_capital,innovation_instruments,,public_private,applied,growth_supporting,"By enhancing skills and fostering innovation, the strategy aims to improve workforce adaptability and productivity.",high,Canadian Jobs Strategy,Skills Upgrade and Innovation,True,implemented,The strategy has been actively implemented to address labor market challenges.,high,True,3,"The CJS represents a major overhaul of existing training and job creation programs, significantly impacting the labor market.",high,"The Canadian Jobs Strategy (CJS) was introduced to upgrade labor force skills and assist individuals in adapting to technical changes and international competition, incorporating the Innovations programme to encourage new ideas and pilot projects related to labor market concerns.","The primary objective of the Strategy, which replaces existing training and job creation programs, is to upgrade labour force skills and to assist individuals to adapt to requirements imposed by technical change and international competition.",41.0,41.0
CAN_1985_003,CAN,Canada,1985,,,,,,,,,,,innovation,rd_funding,,,private,applied,growth_supporting,"The incentives are designed to encourage R&D investment, which can lead to innovation and economic growth.",high,R&D Incentives,,False,implemented,The budget measures have been enacted and are currently in effect.,high,False,2,"While significant, the incentives are an enhancement rather than a complete overhaul of the funding system.",medium,"The May budget provided enriched incentives for research and development to stimulate business fixed investment, particularly targeting small and medium-sized enterprises.",Enriched incentives for research and development were provided in the May budget.,,
CAN_1987_001,CAN,Canada,1987,,,,,,,,,,,innovation,rd_funding,,,private,applied,growth_supporting,"The grants are expected to stimulate investment and job creation in the oil and gas sector, enhancing economic activity.",high,1987 Exploration and Development Grants,,False,implemented,The government has allocated the funds for the grants.,high,False,2,"The grants represent a significant financial commitment to support the oil and gas sector, which is crucial for the regional economy.",medium,"The federal government provides cash grants totaling $350 million a year to encourage exploration and development by mostly small and medium-sized oil and gas companies in Western Canada, estimated to generate $1 billion of extra investment and 15,000 jobs.",Federal Government provides cash grants totalling $350 million a year to encourage exploration and development by mostly small and medium-sized oil and gas companies in Western Canada.,74.0,74.0
CAN_1989_001,CAN,Canada,1989,,,,,,,,,,,innovation,rd_funding,rd_funding,,public,applied,growth_supporting,"The funding aims to enhance research and innovation capacity, which is expected to boost competitiveness and productivity.",high,Science and Technology Enhancement Programme,Job Training and R&D Enhancement,True,announced,The federal government announced an additional C$1.3 billion programme.,high,False,2,"The reform represents a significant increase in funding for science and technology, which is important for enhancing R&D capacity.",medium,"The federal government announced an additional C$1.3 billion programme for science and technology over the next five years, aimed at enhancing research and innovation capacity. This includes a proposal to double the C$250 million spent on job training under the unemployment insurance programme, along with additional funding for existing programmes addressing skill shortages and measures to encourage R&D to boost competitiveness.","However, it proposed a doubling of the C$250 million spent on job training under the unemployment insurance programme, C$300 million more for existing programmes dealing with skill shortages, a new training tax and tax concessions to promote private sector worker training, national standards for redundancy notice and minimum severance pay, as well as measures to encourage R&D to boost competitiveness.",105.0,105.0
CAN_1989_002,CAN,Canada,1989,,,,,,,,,,,innovation,innovation_instruments,,,private,applied,growth_supporting,"The tax credit is designed to incentivize small firms to invest in R&D, thereby fostering innovation and economic growth.",high,R&D Tax Credit Initiative,R&D Tax Credit for Small Firms,False,implemented,The Canadian government introduced a refundable R&D tax credit.,high,False,2,The introduction of a refundable R&D tax credit is a significant reform aimed at supporting small firms in their research efforts.,medium,The Canadian government introduced a refundable R&D tax credit for small firms as part of its efforts to rationalize the tax and grant system for research and development.,Introduced refundable R&D tax credit for small firms.,,
CAN_1996_004,CAN,Canada,1996,,1996.0,explicit,high,,,,,,,innovation,startup_ecosystem,,,public_private,commercialization,growth_supporting,"By fostering partnerships between universities and SMEs, the programme is expected to enhance innovation and support the growth of the startup ecosystem.",high,Partnerships for Research and Commercialization,,False,announced,The programme was announced but not yet implemented.,medium,False,2,The initiative represents a significant effort to enhance collaboration between academia and industry.,medium,"The Technology Partnerships Programme, a joint initiative of three Research Councils, aims to create partnerships among universities and SMEs for research development and commercialization.","The Technology Partnerships Programme, a joint initiative of three Research Councils, aims to create partnerships among universities and SMEs for research development and commercialisation.",114.0,114.0
CAN_2001_002,CAN,Canada,2001,,,,,,,,,,,innovation,human_capital,,,public,basic,growth_supporting,"Attracting top researchers enhances the quality of research and innovation, contributing to economic growth.",high,Canada Research Chairs Program,,False,implemented,The program has been operational and is contributing to the research landscape.,high,False,2,"While significant, the program is not as transformative as the establishment of the Canada Foundation for Innovation.",medium,"The Canada Research Chairs program was initiated to attract top researchers to Canadian universities, thereby enhancing the research landscape.",Other recent initiatives include Canada Research Chairs to attract the best researchers to Canadian universities.,154.0,154.0
CAN_2001_003,CAN,Canada,2001,,,,,,,,,,,innovation,sectoral_rd,,,public_private,applied,growth_supporting,Supporting research in artificial intelligence can lead to innovations that enhance productivity and economic growth.,high,PRECARN Consortium,,False,implemented,The consortium has been established and is operational.,high,False,2,"While it supports a specific sector, it does not represent a major overhaul of the R&D landscape.",medium,"PRECARN was established as an industry-led consortium to assist companies in conducting research in artificial intelligence, fostering collaboration between industry and research institutions.","PRECARN, an industry-led consortium to help companies undertake research in artificial intelligence.",155.0,155.0
CAN_2003_003,CAN,Canada,2003,,,,,,,,,,,innovation,human_capital,,,public,applied,growth_supporting,"Improving adult education and literacy is expected to enhance the skill level of the workforce, contributing to innovation and productivity.",high,Adult Education Improvement,Adult Education Improvement Initiative,False,announced,The Canadian government aims to improve access to and the quality of adult education.,high,False,2,This reform is significant in addressing educational barriers but is not as transformative as major structural changes.,medium,"The Canadian government aims to improve access to and the quality of adult education, addressing the significant issue of adult literacy and ensuring that those who need education the most receive it.",Improving access to and the quality of adult education is one of the government’s key goals.,70.0,70.0
CAN_2003_004,CAN,Canada,2003,,,,,,,,,,,innovation,rd_funding,,,public,applied,growth_supporting,Enhancing the effectiveness of federal spending on research is expected to improve research outcomes and innovation capacity.,high,Science System Enhancement,,False,implemented,The Canadian government has made various changes to the science system to enhance the effectiveness of federal spending on research.,high,False,2,These changes are significant but do not represent a complete overhaul of the funding system.,medium,"The Canadian government has made various changes to the science system to enhance the effectiveness of federal spending on research, including better alignment of funding with policy priorities and increased use of contracts and grants for university research.","In recent years, various changes have been made to the science system in order to increase the effectiveness of federal spending.",,
CAN_2006_002,CAN,Canada,2006,,,,,,,,,,,innovation,sectoral_rd,,,public,applied,growth_supporting,"The programme aims to foster innovation in clean technologies, which can lead to economic benefits and environmental improvements.",medium,Climate Change Innovation Programme,,False,announced,"The government is encouraged to design the programme, indicating it has not yet been implemented.",medium,False,2,The proposal for a climate change programme represents a significant but narrower reform focused on sectoral R&D.,medium,"The federal government is encouraged to design a 'Made-in-Canada' climate change programme that achieves greenhouse gas emissions reductions at the lowest economic cost, potentially involving innovation in clean technologies.",Another task will be for the federal government to design its 'Made-in-Canada' climate change programme so that as-yet undefined reductions in greenhouse gas emissions are achieved at the lowest possible economic cost.,12.0,12.0
CAN_2006_004,CAN,Canada,2006,,,,,,,,,,,innovation,human_capital,,,private,applied,growth_supporting,"By enhancing the talent pool in the private sector, the program aims to improve commercialization efforts and innovation capacity.",medium,Commercialization Fellowships Initiative,Canada Commercialization Fellowships Program,False,announced,The program has been proposed but not yet implemented.,medium,False,2,The proposal for a fellowships program represents a significant initiative to enhance human capital for innovation.,medium,A new Canada Commercialization Fellowships Program was proposed to spur private sector hiring of highly qualified personnel with commercialization talents.,Talent: develop a new Canada Commercialization Fellowships Program; spur private sector hiring of highly qualified personnel with commercialisation talents.,91.0,91.0
CAN_2008_002,CAN,Canada,2008,,,,,,,,,,,innovation,innovation_instruments,,,private,applied,growth_supporting,"The R&D tax credits are designed to stimulate private investment in research, which can lead to innovation and productivity gains in the economy.",high,2008 R&D Tax Credit Evaluation,,False,implemented,R&D credits figure among the top 10 federal tax expenditures in Canada.,high,True,3,"The R&D tax credit scheme represents a structural change in how Canada supports innovation, significantly impacting the private sector's investment in research.",high,"Canada's R&D credit scheme is highlighted as a significant tax subsidy aimed at encouraging private sector research and development, addressing the under-investment in R&D due to externalities.",Tax subsidies to private research are used by virtually all OECD countries because of the existence of externalities and therefore under-investment in R&D in the absence of government support.,77.0,77.0
CAN_2010_001,CAN,Canada,2010,,,,,,,,,,,innovation,innovation_instruments,knowledge_transfer,,public_private,adoption,growth_supporting,"The integration of ICT in health care is expected to enhance efficiency and quality, leading to better health outcomes and potentially reducing costs.",high,Health Innovation Initiative,ICT Application and Quality Monitoring,True,announced,Both initiatives are proposed and have not yet been implemented.,high,False,2,"The reforms aim to significantly improve health care delivery and accountability, which are important but not structural changes.",medium,"Canada is promoting the application of information and communication technologies (ICT) in health care to improve quality and cost-efficiency, while also proposing the establishment of an independent, pan-Canadian agency to monitor health-care quality and provide advice on best practices to enhance accountability and improve health outcomes.","Accelerate the applications of information and communication technologies in health care, starting small-scale if necessary, resolving privacy issues and changing provider incentives.",153.0,153.0
CAN_2012_012,CAN,Canada,2012,,,,,,,,,,,innovation,knowledge_transfer,,,public_private,commercialization,growth_supporting,"Facilitates the transfer of knowledge and technology from academia to the market, enhancing innovation and productivity.",high,Business Innovation Enhancement Initiative,Academic-Business Collaboration Support,True,announced,Governments are attempting to stimulate academic-business collaborations.,medium,False,2,"This initiative represents a significant effort to enhance collaboration between academia and industry, which is crucial for fostering innovation.",medium,"The government is attempting to stimulate academic-business collaborations and knowledge transfers through networks of excellence and incubators, aiming to reduce informational asymmetries and transaction costs that hinder collaboration.","Governments are also attempting to stimulate academic-business collaborations and knowledge transfers through networks of excellence, incubators and the like.",82.0,82.0
CAN_2012_013,CAN,Canada,2012,,,,,,,,,,,innovation,knowledge_transfer,,,public_private,commercialization,growth_supporting,"Encourages universities to commercialize research effectively, potentially leading to increased innovation and economic growth.",high,Intellectual Property Reform Initiative,Innovator Ownership Model Proposal,True,announced,The Competition Policy Review Panel suggested that Canada’s tertiary education institutions could expedite the transfer of IP rights.,medium,False,2,"This proposal aims to significantly improve the commercialization of university research, which is vital for enhancing innovation in Canada.",medium,"The Competition Policy Review Panel suggested that Canada's tertiary education institutions could expedite the transfer of IP rights by moving to an 'innovator ownership' model, which would enhance commercialization of university research.",The Competition Policy Review Panel suggested that Canada’s tertiary education institutions could expedite the transfer of IP rights by moving to an 'innovator ownership' model.,83.0,83.0
CAN_2012_021,CAN,Canada,2012,,2011.0,explicit,high,,,,,,,innovation,human_capital,,,public,applied,growth_supporting,"Enhancing international education can attract foreign students and improve the skills of domestic students, contributing to a more skilled workforce and innovation capacity.",high,International Education Strategy,,False,announced,The federal government announced funding and appointed an advisory panel to develop an international education strategy.,high,False,2,"The strategy aims to improve Canada's international education standing, which is significant for attracting talent and fostering innovation.",medium,The federal government announced funding and appointed an advisory panel to develop an international education strategy aimed at enhancing Canada's global competitiveness in higher education.,"In 2011, the federal government announced funding and appointed an advisory panel to develop an international education strategy.",,
CAN_2012_023,CAN,Canada,2012,,2012.0,explicit,high,,,,,,,innovation,innovation_instruments,,,private,applied,growth_supporting,"By unifying tax subsidies, firms are incentivized to scale up, which can lead to increased R&D investment and innovation.",high,2012 Innovation Strategy,R&D Tax Subsidy Reform,False,announced,The government has indicated a focus on improving business innovation and productivity growth.,high,False,2,"This reform represents a significant adjustment in the tax subsidy framework aimed at enhancing business R&D, which is crucial for improving innovation outcomes.",medium,"The Canadian government aims to boost innovation by sharpening incentives and raising performance in business R&D, suggesting a unification of the tax subsidy rate for small domestic firms at the lower large firm rate to encourage scale adoption of innovations.",Government support to R&D should focus more on sharpening incentives and raising performance; the higher current tax subsidy rate for small domestic firms should be unified at the lower large firm rate to encourage firms to attain the scale needed to adopt innovations.,10.0,10.0
CAN_2012_024,CAN,Canada,2012,,2012.0,explicit,high,,,,,,,innovation,human_capital,,,public,unknown,growth_supporting,"Enhancing the quality and accessibility of tertiary education will help build a skilled workforce, which is essential for driving innovation and productivity.",high,2012 Tertiary Education Initiative,Tertiary Education Improvement,False,announced,Efforts should be increased to recruit foreign tertiary students and integrate them into the workforce upon graduation.,high,False,2,"This initiative is significant as it addresses the critical need for a skilled workforce in a knowledge-driven economy, impacting long-term economic growth.",medium,"The Canadian government emphasizes the need for improvements in tertiary education to support a knowledge-driven economy, focusing on increasing participation and equity of access.",Further improving equity of access by reducing non-financial barriers and increasing targeted need-based financial assistance is a priority.,10.0,11.0
CAN_2012_026,CAN,Canada,2012,,,,,,,,,,,innovation,sectoral_rd,,,public_private,applied,growth_supporting,"By aligning research efforts with business needs, this reform is expected to enhance innovation and productivity in the private sector.",high,National Research Council Reconfiguration,,False,announced,The federal government has committed to carrying it further in its new budget.,high,True,3,"This reform represents a significant shift in the focus of a major public research institution, aiming to bridge the gap between academic research and business innovation.",high,"The federal government has committed to reconfiguring the National Research Council (NRC) to focus more on demand-driven applied research that better serves the needs of businesses, addressing the commercialisation gap between academic and applied research.",The Jenkins report for the federal government recommended that the National Research Council (NRC) – which governs the main public research institutes – be reconfigured to be more focused on demand-driven applied research better able to serve the needs of business.,,
CAN_2012_027,CAN,Canada,2012,,2012.0,explicit,high,,,,,,,innovation,innovation_instruments,,,private,unknown,growth_supporting,"By examining and potentially reducing compliance costs, this reform could enhance the effectiveness of the SR&ED program, encouraging more firms to engage in R&D.",medium,SR&ED Tax Incentive Review,,False,announced,The 2012 budget announced a study of contingency fees charged by tax preparers.,high,False,2,"This reform addresses a significant issue within the SR&ED program, which is crucial for encouraging R&D investment among Canadian firms.",medium,"The federal government has announced a study of contingency fees charged by tax preparers for the SR&ED tax incentive program, which is designed to support R&D activities in Canada.",The 2012 budget announced a study of contingency fees charged by tax preparers.,,
CAN_2014_006,CAN,Canada,2014,,2014.0,explicit,high,,,,,,,innovation,human_capital,,,public_private,applied,growth_supporting,Harmonizing apprenticeship programs is expected to improve access and completion rates for apprentices across Canada.,high,Apprenticeship Program Harmonization Proposal,Harmonization Proposal,True,announced,The proposal has been announced but not yet implemented.,medium,False,2,This proposal is significant but not as transformative as major reforms.,medium,The federal government proposed to work with provinces to harmonize apprenticeship programs across all provinces and territories to facilitate inter-provincial mobility and reduce barriers to completion.,The federal government should continue to work with provinces to harmonise programmes.,35.0,35.0
CAN_2016_004,CAN,Canada,2016,,,,,,,,,,,innovation,rd_funding,,,private,applied,growth_supporting,"By providing substantial tax credits for R&D, the program incentivizes firms to invest in innovation, which can lead to increased productivity and economic growth.",high,SR&ED Tax Credit Program,,False,implemented,Canadian governments provide enhanced (refundable) Scientific Research and Experimental Development (SR&ED) tax credits.,high,False,2,"The SR&ED tax credit program is a significant mechanism for encouraging R&D investment among small and medium-sized enterprises, which is vital for fostering innovation.",medium,The federal government provides enhanced refundable Scientific Research and Experimental Development (SR&ED) tax credits to Canadian Controlled Private Companies (CCPCs) with qualifying annual R&D expenditures.,Canadian governments provide enhanced (refundable) Scientific Research and Experimental Development (SR&ED) tax credits to Canadian Controlled Private Companies (CCPCs) with qualifying annual R&D expenditure up to CAD 3 million.,53.0,53.0
CAN_2016_007,CAN,Canada,2016,,,,,,,,,,,innovation,startup_ecosystem,,,public_private,adoption,growth_supporting,"Increases access to capital for small businesses, facilitating their growth and innovation potential.",high,Small Business Financing Initiatives,,False,implemented,The federal government operates several programs to increase lending to small businesses.,high,False,2,"These programs provide significant support to small businesses, which are crucial for innovation and economic growth.",medium,"The federal government operates several programs to increase lending to small businesses, including the Business Development Bank of Canada's Financing Program and the Small Business Financing Program, which guarantees loans from the private sector.",The federal government also operates a number of programmes to increase lending to small businesses either directly or through the government-owned Business Development Bank of Canada (BDC).,,
CAN_2016_010,CAN,Canada,2016,,,,,,,,,,,innovation,startup_ecosystem,,,public_private,unknown,growth_supporting,"These programs aim to enhance productivity and support the growth of small businesses, which are crucial for economic dynamism.",high,Small Business Support Programs,,False,implemented,The government operates a number of programs to support small businesses.,high,False,2,"These programs represent a significant effort to enhance the small business sector, which is vital for overall economic growth.",medium,"The Canadian government operates several programs to support small businesses, including financing, R&D support, and entrepreneurship encouragement, with a focus on addressing market failures efficiently.","Canadian governments operate a number of programmes to support small businesses, aimed at facilitating small business financing, supporting research and development (R&D) and innovation, and encouraging entrepreneurship.",,
CAN_2016_011,CAN,Canada,2016,,,,,,,,,,,innovation,startup_ecosystem,,,private,unknown,growth_supporting,"By providing financing for projects too risky for conventional debt, the programme supports the growth of innovative firms, potentially enhancing overall economic productivity.",high,BDC Growth and Transition Capital Programme,,False,implemented,The programme is actively providing financing to high-potential firms.,high,False,2,"The programme addresses a specific gap in the financing landscape for high-risk firms, contributing to the dynamism of the small business sector.",medium,"The BDC's Growth and Transition Capital programme targets high-potential firms needing financing to sustain growth or transition between owners, addressing capital market failures by providing riskier debt and equity-like investments.",The BDC’s Growth and Transition Capital programme targets high-potential firms that need financing to sustain growth or to transition between owners.,143.0,143.0
CAN_2016_012,CAN,Canada,2016,,2013.0,explicit,high,,,,,,,innovation,startup_ecosystem,,,public_private,unknown,growth_supporting,"By increasing the availability of venture capital, the VCAP aims to stimulate innovation and entrepreneurship, which can lead to higher economic growth.",high,Venture Capital Action Plan,,False,announced,The federal government announced the Venture Capital Action Plan in January 2013.,high,True,3,"The VCAP represents a significant investment in the venture capital sector, aiming to revitalize and expand the availability of capital for innovative firms.",high,"The federal government announced the Venture Capital Action Plan (VCAP) to boost the venture capital industry, involving CAD400 million in direct and indirect investments focused on later-stage financing.",The federal government announced the Venture Capital Action Plan (VCAP) in January 2013 to boost the venture capital industry.,,
CAN_2016_013,CAN,Canada,2016,,,,,,,,,,,innovation,rd_funding,,,private,applied,growth_supporting,"By increasing the financial incentives for small firms to engage in R&D, this program aims to stimulate innovation and productivity growth.",high,Enhanced R&D Tax Credit Program,,False,implemented,Canadian governments provide higher tax credits to small CCPCs with qualifying annual R&D expenditures.,high,False,2,"The enhanced R&D tax credits represent a significant policy tool to encourage small business innovation, which is vital for economic growth.",medium,"Canadian governments provide enhanced R&D tax credits for small CCPCs with qualifying annual R&D expenditures, significantly increasing the incentive for small firms to invest in R&D.",Canadian governments provide higher tax credits to small CCPCs with qualifying annual R&D expenditures up to CAD 3 million than to other companies.,148.0,148.0
CAN_2016_014,CAN,Canada,2016,,,,,,,,,,,innovation,startup_ecosystem,,,public_private,adoption,growth_supporting,"Enhancing support for female entrepreneurs can lead to increased business dynamism and productivity, contributing positively to economic growth.",high,Support for Female Entrepreneurship,,False,announced,Recommendation to support female entrepreneurship.,medium,False,2,"This reform addresses a significant gap in support for female entrepreneurs, which can enhance overall economic participation and growth.",medium,"The recommendation aims to scale up business development support specifically for growth-oriented female ventures, addressing the unique challenges faced by female entrepreneurs in Canada.",Scale up business development support to growth-oriented female ventures.,,
CAN_2016_015,CAN,Canada,2016,,,,,,,,,,,innovation,human_capital,,,public,applied,growth_supporting,"By enhancing education and skills, this initiative aims to empower Indigenous entrepreneurs, leading to increased business ownership and economic contributions.",high,Indigenous Entrepreneurship Development,,False,announced,"To promote Indigenous entrepreneurship, the top priority is to invest in education and capacity building.",medium,False,2,"This reform is significant as it targets a marginalized group, aiming to enhance their economic participation and entrepreneurship.",medium,The initiative focuses on investing in education and capacity building for Indigenous Peoples to promote entrepreneurship and improve access to resources necessary for business success.,"To promote Indigenous entrepreneurship, the top priority is to invest in education and capacity building.",,
CAN_2018_008,CAN,Canada,2018,,2018.0,explicit,high,,,,,,,innovation,startup_ecosystem,,,public,commercialization,growth_supporting,"By increasing access to financing for women entrepreneurs, the strategy aims to enhance economic participation and productivity, which can lead to overall economic growth.",high,Women Entrepreneurship Strategy,,False,announced,The federal government has given priority to supporting women entrepreneurs through the Women Entrepreneurship Strategy.,high,True,3,"This strategy represents a significant structural change aimed at addressing gender disparities in entrepreneurship, which is crucial for economic inclusivity and growth.",high,"The federal government has prioritized supporting women entrepreneurs through the Women Entrepreneurship Strategy, which includes CAD 1.4 billion in new financing and aims to narrow entrepreneurship gaps.","The federal government has given priority to supporting women entrepreneurs through the Women Entrepreneurship Strategy, which has the potential to bring together scattered existing programmes and build institutional consensus on the policies required to narrow entrepreneurship gaps.",,
CAN_2021_003,CAN,Canada,2021,,2019.0,explicit,high,,,,,,,innovation,other,,,public,unknown,unclear_or_neutral,The impact of a quality-of-life framework on economic growth is uncertain as it depends on the specific policies implemented under this framework.,medium,Quality of Life Framework,,False,announced,The framework has been announced but not yet implemented.,high,False,1,"While the framework is a new approach, it does not represent a significant change in policy or funding.",medium,Canada's federal government plans to adopt a quality-of-life framework with an economic lens to guide policy towards long-term inclusive and environmentally sustainable growth.,The federal government should follow through on its plan to adopt a quality-of-life (well-being) framework with an economic lens to help guide the policy agenda to enhance long-term inclusive and environmentally sustainable growth.,75.0,75.0
CAN_2021_004,CAN,Canada,2021,,2020.0,explicit,high,,,,,,,innovation,human_capital,,,public,unknown,growth_supporting,Improving women's economic participation is expected to enhance overall economic productivity and growth.,medium,Action Plan on Women in the Economy,,False,announced,The commitment to create a task force has been announced but not yet implemented.,high,False,2,The creation of a task force is significant but not a major structural reform.,medium,"The federal government committed to creating a task force to guide an Action Plan on Women in the Economy, aiming to address gender inequality and improve women's economic participation.",the federal government recently committed to creating a task force to guide an Action Plan on Women in the Economy.,118.0,118.0
CAN_2025_021,CAN,Canada,2025,,,,,,,,,,,innovation,human_capital,knowledge_transfer,,public,applied,growth_supporting,"By increasing women's participation in STEM, the program enhances the talent pool in high-demand sectors, contributing to overall economic productivity and innovation.",high,Women in STEM Initiative,,False,implemented,The program provides ongoing funding and support for women in STEM.,high,False,2,"The initiative addresses a significant gender gap in STEM fields, which is crucial for enhancing innovation and economic growth.",medium,"Canada's Promoting Women in STEM Program provides funding to encourage women to pursue education and careers in STEM fields, aiming to reduce gender disparities in high-paying and high-demand areas through grants, scholarships, and mentorship support.","Canada's Promoting Women in STEM Program, which is part of the federal government's Women Entrepreneurship Strategy, provides funding to encourage women to pursue education and careers in STEM fields.",129.0,129.0
CAN_2025_022,CAN,Canada,2025,,,,,,,,,,,innovation,human_capital,,,public,applied,growth_supporting,"By increasing women's participation in skilled trades, the initiative helps to address labor shortages and enhances productivity in these sectors.",high,Women in Skilled Trades Initiative,,False,implemented,The initiative funds various projects aimed at recruiting women into skilled trades.,high,False,2,"This initiative is significant in promoting gender diversity in skilled trades, which is essential for economic growth and innovation.",medium,"The Women in the Skilled Trades Initiative funds projects that create partnerships to recruit women into skilled trades, offering mentorship and organizing women-led events to attract women to these fields.","The Women in the Skilled Trades Initiative funds projects that create partnerships to recruit women, organise women-led events to attract women to the skilled trades, offer mentorship by female role models.",129.0,129.0
JPN_1994_001,JPN,Japan,1994,1994.0,1994.0,explicit,high,,,,,explicit,high,innovation,innovation_instruments,,,public_private,adoption,growth_supporting,This reform aims to enhance domestic demand and innovation in the automotive sector by facilitating the integration of foreign technology and standards.,high,Automobile Innovation Support,Foreign Automobile Promotion,True,implemented,The reform has been put into action as part of the government's economic initiatives.,high,False,2,"While not a major overhaul, this reform significantly supports innovation in the automotive sector.",medium,"The government will promote the purchase of foreign automobiles and auto parts by providing financial support for exhibitions of foreign cars and assistance for design-in training, alongside improving standards and certification procedures.",The government will promote the purchase of foreign automobiles and auto parts by providing financial support for exhibitions of foreign cars and assistance for design-in training.,136.0,136.0
JPN_1994_002,JPN,Japan,1994,1994.0,1994.0,explicit,high,,,,,explicit,high,innovation,innovation_instruments,,,public,adoption,growth_supporting,The comprehensive economic package is designed to stimulate the economy and promote innovation through deregulation and financial support.,high,Economic Stimulus Package,,False,implemented,The economic package has been executed as part of the government's strategy.,high,True,3,This package represents a significant structural change aimed at revitalizing the economy.,medium,"The government announced a comprehensive economic package amounting to ¥15.3 trillion, which includes stimulus measures and deregulation efforts aimed at boosting domestic demand.",The government announces a comprehensive economic package amounting to ¥15.3 trillion.,139.0,139.0
JPN_1995_001,JPN,Japan,1995,1995.0,1995.0,explicit,high,,,,,explicit,high,innovation,startup_ecosystem,,,public_private,commercialization,growth_supporting,"The measures are designed to stimulate economic activity by attracting foreign investment, which can lead to increased productivity and innovation.",high,Inward Investment Promotion,,False,implemented,The measures have been put into effect to facilitate foreign investment.,high,True,3,The reform represents a significant structural change in Japan's approach to foreign investment.,medium,"Japan announced measures to promote inward direct investment by removing unnecessary regulations and implementing policies to reduce start-up costs for new foreign investors, including low-interest loans and tax incentives.","In July 1995, Japan announced measures to promote inward direct investment by removing unnecessary regulations and by implementing policies to reduce the start-up costs for new foreign investors.",89.0,89.0
JPN_1996_002,JPN,Japan,1996,1995.0,,,,,,,,explicit,high,innovation,sectoral_rd,,,public,applied,growth_supporting,Targeted R&D in critical areas is expected to drive innovation and economic growth.,high,Sectoral R&D Initiatives,,False,implemented,The programmes have been adopted and are currently in force.,high,False,2,These initiatives represent significant but narrower reforms aimed at specific sectors.,medium,"The 'New Sunshine Programme' focuses on energy conservation, while the 'Industrial Science and Technology Frontier Programme' emphasizes new materials, biotechnology, and information technologies, aiming to boost R&D in these critical areas.","The 1995 'New Sunshine Programme', for example, focuses on energy conservation, while the 'Industrial Science and Technology Frontier Programme' emphasises new materials, biotechnology and information technologies.",,
JPN_1995_002,JPN,Japan,1995,1996.0,1994.0,explicit,high,,,,,explicit,high,innovation,knowledge_transfer,,,public_private,commercialization,growth_supporting,"Harmonising patent systems enhances intellectual property protection, which can encourage innovation and investment in new technologies.",high,Patent System Harmonization,,False,legislated,The agreement to harmonise patent systems has been formalised but not yet fully implemented.,high,True,3,"This reform represents a major change in the intellectual property landscape, facilitating international collaboration and innovation.",medium,"Japan and the United States decided to harmonise their patent systems to improve intellectual property protection, including accepting initial patent filings in English and accelerating examination processes.","Japan and the United States decided, in 1994, to take measures to harmonise their respective patent systems in order to improve intellectual property right protection in the two countries.",86.0,86.0
JPN_1996_001,JPN,Japan,1996,1996.0,,,,,,,,explicit,high,innovation,rd_funding,,,public,basic,growth_supporting,"Increasing public spending on basic research is expected to enhance the overall research landscape, leading to higher productivity and innovation.",high,Five-Year R&D Improvement Plan,,False,implemented,The plan has been adopted and is currently in force.,high,True,3,"The reform represents a structural, system-wide change in public R&D funding.",medium,"The government adopted a five-year plan to improve the quality of R&D and increase public spending on basic research, aiming to enhance the overall research landscape in Japan.","In the area of science and technology, the government adopted in July 1996 a five-year plan to improve the quality of R&D and increase public spending on basic research.",153.0,153.0
JPN_1998_001,JPN,Japan,1998,1998.0,,,,,,,,explicit,high,innovation,innovation_instruments,,,public,unknown,growth_supporting,"Reducing tax rates is expected to stimulate economic activity and encourage entrepreneurship, which can enhance innovation.",high,Tax Reform for Innovation,Tax Rate Reduction and Review,True,implemented,The government has proposed a substantial reduction in the top marginal income tax rate for individuals and the corporate income tax rate.,high,True,3,The proposed tax reforms represent a significant structural change in the taxation system aimed at stimulating innovation.,high,"The government has proposed a substantial reduction in the top marginal income tax rate for individuals and the corporate income tax rate, while also undertaking a fundamental review of the personal taxation system to address high marginal tax rates and narrow tax bases, which are seen as disincentives to labor force participation and entrepreneurship.",The government has stated that from 1999 the top marginal income tax rate for individuals and the corporate income tax rate will be reduced substantially.,,
JPN_1998_002,JPN,Japan,1998,1998.0,,,,,,,,explicit,high,innovation,rd_funding,,,public_private,applied,growth_supporting,Enhancing the efficiency of R&D funding and improving collaboration among research entities is expected to boost innovation and economic growth.,high,Innovation Capacity Enhancement,R&D Funding Efficiency,True,implemented,The government has initiated reforms to enhance the nation's innovative capacity.,high,True,3,These reforms represent a significant overhaul of the R&D funding system aimed at improving innovation outcomes.,high,"The government has initiated reforms to enhance the nation's innovative capacity by improving the flow of information and researchers among government research laboratories, universities, and businesses, while also raising the efficiency of public funding through competitive budgetary allocations and strict third-party evaluations of publicly funded projects.","The government has readied the legal and institutional infrastructure for a leap in the supply of risk capital to finance new business ventures, including... enhancing the efficiency of R&D funding through the introduction of competitive considerations in budgetary allocation.",186.0,186.0
JPN_1998_003,JPN,Japan,1998,1998.0,,,,,,,,explicit,high,innovation,startup_ecosystem,,,private,commercialization,growth_supporting,Improving access to risk capital is crucial for the growth of innovative firms and can significantly enhance the startup ecosystem.,high,Venture Capital Support,Risk Capital Infrastructure,True,implemented,The government is working to improve the legal and institutional infrastructure for risk capital.,high,False,2,These measures represent significant but narrower reforms aimed at supporting venture companies.,medium,"The government is working to improve the legal and institutional infrastructure for risk capital, including easing restrictions on investment in unlisted shares and creating a special OTC market for innovative companies, while also adopting measures to promote the establishment and growth of venture companies by improving the provision of private risk capital.","The government has readied the legal and institutional infrastructure for a potentially huge increase in the supply of risk capital, including the easing of restrictions on investment in unlisted shares by pension funds.",186.0,186.0
JPN_1998_004,JPN,Japan,1998,1998.0,,,,,,,,explicit,high,innovation,rd_funding,,,public,basic,growth_supporting,Increasing investment in basic research is essential for long-term innovation and economic growth.,high,Basic Research Investment,Science and Technology Basic Plan,True,implemented,The government has initiated the Science and Technology Basic Plan.,high,True,3,The significant increase in R&D investment represents a major reform in the funding landscape for basic research.,high,"The government has initiated the Science and Technology Basic Plan, which aims to increase government investment in R&D by 17 trillion yen from FY 1996 to FY 2000, enhancing the ratio of R&D to GDP and promoting basic research, while also implementing the Science Basic Plan to increase the emphasis on basic research and improve the efficiency of public spending on technology.",The Plan envisages a large increase in government investment in R&D (17 trillion yen in total from FY 1996 to FY 2000) which is expected to raise its ratio to GDP to a level comparable to that in other developed countries.,,
JPN_1998_005,JPN,Japan,1998,1998.0,,,,,,,,explicit,high,innovation,knowledge_transfer,,,public_private,commercialization,growth_supporting,Promoting technology transfer and strengthening IP protection are critical for enhancing innovation and commercialization of research.,high,Technology Transfer and IP Reform,Technology Transfer Law and Patent Revisions,True,legislated,The government has introduced a law to promote technology transfer from universities to industry.,high,False,2,"These reforms are significant but not major, focusing on improving technology transfer and IP frameworks.",medium,"The government has introduced a law to promote technology transfer from universities to industry, enhancing collaboration and commercialization of research outcomes, while also revising patent-related laws to strengthen the protection of innovators' intellectual property rights, promoting greater use of dormant patents that could benefit middle-sized companies.",The patent-related laws have been revised to strengthen the protection of innovators’ intellectual property rights.,,
JPN_1999_002,JPN,Japan,1999,1998.0,,,,,,,,explicit,high,innovation,startup_ecosystem,,,private,adoption,growth_supporting,Encouraging start-ups through financial support is expected to foster innovation and job creation.,high,Startup Support Initiatives,Tax and Lending Programmes for Start-ups,True,implemented,The tax and lending programmes were introduced as part of the Emergency Economic Measures.,high,False,2,The introduction of tax and lending programmes represents a significant but narrower reform aimed at supporting start-ups.,medium,Numerous tax and lending programmes were introduced to encourage more start-ups and venture businesses as part of the Emergency Economic Measures.,Numerous tax and lending programmes since the November 1998 Emergency Economic Measures.,193.0,193.0
JPN_2006_009,JPN,Japan,2006,1998.0,,,,,,,,explicit,high,innovation,knowledge_transfer,,,public_private,commercialization,growth_supporting,"Facilitates the transfer of knowledge from universities to the private sector, enhancing innovation and economic growth.",high,Innovation System Enhancement,Technology Licensing Offices,True,implemented,47 TLOs have been established and are operational.,high,True,3,"The establishment of TLOs represents a significant structural change in how university research is commercialized, enhancing collaboration between academia and industry.",high,"The government has implemented key reforms that strengthened the links between the business sector and publicly-funded scientific research, including the establishment of Technology Licensing Offices (TLOs) to facilitate patenting and licensing of university research.","One of the most important reforms was the introduction in 1998 of Technology Licensing Offices (TLOs), which obtain patents for university researchers and licence them to private companies.",156.0,156.0
JPN_1999_001,JPN,Japan,1999,1999.0,,,,1999.0,explicit,high,,explicit,high,innovation,rd_funding,,,public_private,commercialization,growth_supporting,Enhancing intellectual property rights and providing tax incentives are expected to stimulate R&D investment and innovation.,high,Intellectual Property and R&D Incentives,IP Rights and R&D Tax Credit,True,implemented,The Industrial Revitalisation Law was legislated and the tax credit was implemented.,high,True,3,The reforms represent significant structural changes in the management of intellectual property and funding for R&D.,high,"The Industrial Revitalisation Law was legislated to accord researchers intellectual property rights on government-sponsored research, while the government has decided to hand back intellectual property rights to private-sector researchers for research conducted on its behalf. Additionally, a special tax credit for incremental R&D expenditures was introduced to encourage firms to invest in research and development activities.",The government has decided to begin to hand back to private-sector researchers the intellectual property rights on research they have conducted on its behalf in order to encourage them to exploit its potential and thereby strengthen industrial competitiveness.,201.0,201.0
JPN_1999_004,JPN,Japan,1999,1999.0,,,,1999.0,explicit,high,,explicit,high,innovation,startup_ecosystem,,,public_private,adoption,growth_supporting,Supporting start-ups through legal reforms is expected to enhance innovation and job creation.,high,Startup Support Initiatives,Revised Law for Start-ups,True,implemented,The revised law was implemented in January 1999.,high,False,2,The revised law represents a significant but narrower reform aimed at supporting start-ups.,medium,"The government implemented a revised law in January 1999 to support start-ups and promote venture businesses, aiming to create employment opportunities and encourage existing companies to develop new lines of business.","A revised law was implemented in January 1999 to these ends. It also aimed to encourage existing companies that have abundant managerial resources, including technological and human resources, to make aggressive efforts towards the development and expansion of new lines of business based on this abundance.",,
JPN_1999_005,JPN,Japan,1999,1999.0,,,,,,,,explicit,high,innovation,startup_ecosystem,,,private,adoption,growth_supporting,Facilitating corporate restructuring and providing financial support is expected to enhance innovation and economic dynamism.,high,Corporate Restructuring and Innovation Support,Corporate Restructuring Initiatives,True,implemented,The government has implemented these changes.,high,True,3,The changes represent a major reform aimed at promoting innovation and restructuring within the corporate sector.,high,"The government has implemented changes to ease corporate restructuring, promote technological innovation, and encourage private sector venture risks by facilitating mergers and acquisitions, employee buyouts, and providing loans and credit insurance to start-ups and venture firms.","The government has just made a number of changes that will ease corporate restructuring, promote technological innovation and encourage the private sector to take more business venture risks.",200.0,200.0
JPN_2000_002,JPN,Japan,2000,1999.0,,,,,,,,explicit,high,innovation,knowledge_transfer,,,private,commercialization,growth_supporting,"By granting full patent rights, the reform incentivizes private companies to engage in R&D, which can lead to increased innovation and economic growth.",high,Patent Rights Reform,,False,implemented,"The law has been implemented, as indicated by the granting of patent rights to private companies.",high,False,2,"While significant, the reform is more focused and does not represent a systemic change like the FILP and startup support reform.",medium,"The government has implemented a new law that grants 100% patent rights to private companies for projects sponsored by the government, encouraging R&D activities.",Another scheme seeks to encourage R&D through granting 100 per cent patent rights to private companies for projects sponsored by the government.,,
JPN_1999_003,JPN,Japan,1999,2000.0,,,,,,,,explicit,high,innovation,startup_ecosystem,,,public_private,adoption,growth_supporting,"Establishing venture-capital funds is expected to enhance financial support for start-ups, promoting innovation and economic growth.",high,Venture Capital Initiatives,Venture-Capital Funds for Start-ups,True,announced,The government is planning to set up the funds.,high,False,2,The establishment of venture-capital funds represents a significant initiative to support start-ups but is not a major reform.,medium,The government is planning to set up a series of venture-capital funds in collaboration with the private sector to provide financial support to promising start-up companies.,The government is also planning to join with the private sector to set up a series of venture-capital funds to provide cash to promising start-up companies.,201.0,201.0
JPN_2001_002,JPN,Japan,2001,2000.0,,,,,,,,explicit,high,innovation,other,,,public_private,adoption,growth_supporting,"Improving housing market efficiency can enhance mobility, which is beneficial for innovation.",medium,Housing Market Reform,Fixed-term Rental Contracts,True,implemented,The reform has been implemented as of 2000.,high,False,2,"While not a major reform, it represents a significant change in housing policy that can support innovation indirectly.",medium,"The introduction of fixed-term rental contracts for houses is expected to stimulate the supply of rental houses by allowing flexible rental terms, which could enhance mobility and indirectly support innovation by improving housing market efficiency.",A new law allowing genuine fixed-term rental contracts for houses was introduced in March 2000.,,
JPN_2002_002,JPN,Japan,2002,2000.0,,,,,,,,explicit,high,innovation,knowledge_transfer,,,public_private,commercialization,growth_supporting,Facilitating technology transfer and collaboration between academia and industry is expected to enhance innovation and economic growth.,high,Technology Transfer and Collaboration,Technology Licensing and Collaboration,True,implemented,The government has established Technology Licensing Organisations (TLO) to promote technology transfer.,high,False,2,The establishment of TLOs and the promotion of collaboration represent significant but narrower reforms in the innovation landscape.,medium,"The government has established Technology Licensing Organisations (TLO) to promote technology transfer from universities to the private sector, allowing researchers to work with private companies. This initiative is complemented by a portion of research funds received from industry staying with universities, promoting collaboration and enhancing the commercialization of research outputs.","Since FY2000, a portion of research funds received from industry stays with the university, and contracts can now run longer than a fiscal year.",,
JPN_2000_001,JPN,Japan,2000,2001.0,1999.0,explicit,high,,,,,explicit,high,innovation,startup_ecosystem,,,public,applied,growth_supporting,"The reforms are designed to improve funding mechanisms and support for startups, which are expected to enhance innovation and economic growth.",high,FILP and Startup Support Reform,Startup Ecosystem Enhancement,True,implemented,"The startup ecosystem enhancement has been implemented, as indicated by the government's objective to increase the number of startups.",high,True,3,The reforms represent significant structural changes aimed at improving public funding efficiency and fostering startup growth.,medium,"The FILP reform aims to enhance the efficiency of special public institutions by requiring them to raise funds on financial markets, thereby promoting greater expenditure discipline. Additionally, the government has set an objective to increase the number of start-ups from 140,000 to 240,000 by creating an appropriate environment, including easier financing from public financial institutions.","The government has set an objective to increase the number of start-ups from 140,000 at present to 240,000 mainly by creating an appropriate environment including easier financing from public financial institutions.",110.0,110.0
JPN_2001_001,JPN,Japan,2001,2001.0,,,,,,,,explicit,high,innovation,rd_funding,,,public,basic,growth_supporting,Enhancing public R&D funding and encouraging private investment in innovation are expected to raise productivity and innovation capacity.,high,Innovation Funding and Support,Public R&D Funding and Corporate Pension Reform,True,implemented,Both reforms have been implemented as of 2001.,high,True,3,The reforms represent significant structural changes in public R&D funding and corporate investment incentives.,medium,"The establishment of the Council for Science and Technology Policy aims to increase emphasis on basic research and improve the efficiency of public technology spending, while the new defined contribution system for corporate pension funds allows firms and self-employed individuals to enjoy favorable tax treatment, enhancing financial stability and encouraging investment in innovative sectors.",The new defined contribution system... is available not only for employees but also for self-employed.,,
JPN_2001_003,JPN,Japan,2001,2001.0,,,,,,,,explicit,high,innovation,knowledge_transfer,,,private,commercialization,growth_supporting,Enhancing intellectual property protection is expected to facilitate innovation commercialization and increase investment in R&D.,high,Intellectual Property Reform,Patent Law Revision,True,implemented,The reform has been implemented as of 2001.,high,False,2,The revision of patent law is significant for improving the commercialization of innovations but does not represent a structural change.,medium,"The revised patent law allows patent attorneys to play a greater role in the trade of intellectual property rights, enhancing the protection and commercialization of innovations.",Revised law for patent attorney in force since January 2001.,83.0,83.0
JPN_2001_004,JPN,Japan,2001,2001.0,,,,,,,,explicit,high,innovation,startup_ecosystem,,,private,adoption,growth_supporting,Encouraging start-ups and venture businesses is expected to foster innovation and economic growth.,high,Startup Ecosystem Enhancement,Venture Security Markets,True,implemented,The reform has been implemented as of 2001.,high,False,2,The establishment of venture security markets is significant for supporting start-ups but does not represent a major overhaul of the system.,medium,"Three competing venture security markets were established to encourage more start-ups and venture business operations, aiming to enhance the startup ecosystem.",Three competing venture security markets now in full operation.,83.0,83.0
JPN_2002_005,JPN,Japan,2002,2001.0,,,,,,,,explicit,high,innovation,rd_funding,,,public,applied,growth_supporting,Allocating significant funding to enhance technology efficiency is expected to raise productivity and innovation.,high,Public Technology Efficiency Enhancement,Technology Efficiency Funding,True,implemented,The government has introduced a basic plan to allocate 24 trillion yen.,high,True,3,The allocation of 24 trillion yen represents a major public investment in technology efficiency.,medium,"The government has introduced a basic plan to allocate 24 trillion yen over five years to enhance public technology efficiency, focusing on IT, environment, biotechnology, and nanotechnology.","The basic plan adopted in March 2001 envisages allocating 24 trillion yen over the next five years to four areas: IT, environment, biotechnology and nanotechnology.",141.0,141.0
JPN_2006_010,JPN,Japan,2006,2001.0,,,,,,,,explicit,high,innovation,startup_ecosystem,,,public_private,commercialization,growth_supporting,Increases the number of startups and enhances the entrepreneurial ecosystem by allowing universities to engage more freely with the private sector.,high,Innovation System Enhancement,University-Based Venture Firms,True,implemented,The number of university-related venture businesses has risen from around 100 in 2000 to 1130 in 2005.,high,True,3,"This reform significantly enhances the capacity of universities to contribute to the startup ecosystem, fostering innovation and economic growth.",high,"The government has encouraged the creation of university-based venture firms by reorganizing government research institutes into independent administrative agencies, granting them increased autonomy and accountability.",The government has also encouraged the creation of university-based venture firms by reorganising some government research institutes into 'independent administrative agencies'.,156.0,156.0
JPN_2002_003,JPN,Japan,2002,2002.0,,,,,,,,explicit,high,innovation,innovation_instruments,,,private,applied,growth_supporting,Facilitating efficient land use is expected to enhance urban development and economic activity.,high,Urban Development and Planning Reform,Private Developer Management,True,implemented,The government has introduced a new law allowing private developers to manage city planning.,high,False,2,The introduction of a new law represents a significant reform in urban planning and development.,medium,"The government has introduced a new law allowing private developers to manage city planning for designated urban areas, which aims to facilitate efficient land use by easing existing regulations.",A new law has been introduced to allow private developers and planners to manage city planning for designated sites in urban areas regardless of existing regulations.,,
JPN_2002_010,JPN,Japan,2002,2002.0,,,,,,,,explicit,high,innovation,startup_ecosystem,,,public,commercialization,growth_supporting,Promoting knowledge-intensive clusters is expected to enhance innovation and economic growth.,high,Knowledge-Intensive Clusters Initiative,Venture Business Support,True,implemented,The government has allocated supplementary budget funds.,high,False,2,The allocation of supplementary funds represents a significant but narrower reform in the startup ecosystem.,medium,The government has allocated supplementary budget funds to promote knowledge-intensive clusters and foster venture business at universities and technology licensing organizations.,Funds are also allocated to promoting knowledge-intensive clusters and fostering venture business at universities and technology licensing organisations (TLOs).,,
JPN_2008_006,JPN,Japan,2008,2002.0,,,,,,,,explicit,high,innovation,other,,,public_private,adoption,growth_supporting,"By allowing local experimentation with deregulation, the initiative aims to foster innovation and economic revitalization.",high,Structural Reform Zones,,False,implemented,The initiative has been actively implemented to test regulatory reforms.,high,True,3,The initiative represents a significant structural reform aimed at enhancing regional economic performance.,high,"The 'Special Zones for Structural Reform' initiative allows local areas to test regulatory reforms that can later be implemented nationwide, aiming to revitalize regional economies through deregulation.","The programme for 'Special Zones for Structural Reform' began in 2002; it marked the start of a fundamentally new approach in Japan, based on local initiatives to advance nationwide regulatory reform.",,
JPN_2003_001,JPN,Japan,2003,2003.0,2003.0,explicit,high,2002.0,explicit,high,,explicit,high,innovation,startup_ecosystem,,,public_private,adoption,growth_supporting,"These reforms are designed to enhance business development and entrepreneurship, which are expected to raise productivity and innovation.",high,Startup and Business Development Reforms,Special Zones and Zoning Reforms,True,implemented,The reforms have been implemented as part of the government's strategy to promote innovation and entrepreneurship.,high,True,3,The reforms represent significant structural changes aimed at fostering innovation and entrepreneurship.,medium,"The creation of special zones for structural reform allows local authorities to propose regulatory changes tailored to their regions, promoting business development and innovation through enhanced collaboration between businesses and academia. Additionally, minimum required capital for start-ups has been reduced to 1 yen if certain conditions are satisfied, aiming to encourage more start-ups and venture businesses. Reforms to urban zoning regulations have also been implemented to encourage more efficient use of land and ease requirements for starting new companies, promoting entrepreneurship.","In particular, urban zoning regulations have been reformed to encourage more efficient use of land, while requirements for starting new companies have been eased to promote entrepreneurship.",19.0,19.0
JPN_2003_002,JPN,Japan,2003,2003.0,,,,,,,,explicit,high,innovation,innovation_instruments,,,public_private,adoption,growth_supporting,"This initiative aims to enhance the investment climate, which is expected to attract more foreign investment and stimulate economic growth.",high,Foreign Direct Investment Initiative,,False,implemented,The action plan has been implemented to achieve the objective of doubling FDI.,high,True,3,The initiative represents a significant policy change aimed at improving the investment climate in Japan.,medium,"The government has set an objective of doubling the stock of foreign direct investment (FDI) in Japan over a five-year period, drawing up an action plan with 74 items to improve the investment climate.","The government has set an objective of doubling the stock of FDI in Japan over a five-year period. To meet that goal, it has drawn up an action plan that covers 74 items.",169.0,169.0
JPN_2003_003,JPN,Japan,2003,2003.0,2002.0,explicit,high,,,,,explicit,high,innovation,rd_funding,,,private,applied,growth_supporting,"The tax credits are designed to incentivize private sector investment in R&D, which is expected to enhance innovation and economic growth.",high,R&D Tax Incentives,R&D Investment Tax Credits,False,implemented,The tax credits have been implemented as part of the FY2003 budget.,high,False,2,"While significant, the introduction of tax credits is a narrower reform compared to broader structural changes.",medium,"The FY2003 budget introduced tax credits for investment in R&D and information and communication facilities, aiming to promote growth by increasing incentives for investment.",The tax reductions in FY2003 include an introduction of tax credits for investment in R&D and information and communication facilities.,84.0,84.0
JPN_2003_004,JPN,Japan,2003,2003.0,,,,,,,,explicit,high,innovation,rd_funding,,,public,basic,growth_supporting,"The programme aims to enhance the creation and protection of IP, which is crucial for fostering innovation and economic growth.",high,Intellectual Property Promotion Programme,,False,implemented,The programme has been adopted and is in effect.,high,False,2,The programme is significant but more focused compared to broader reforms.,medium,The Strategic Council on Intellectual Property has adopted a comprehensive programme to promote the creation of intellectual property (IP) by providing more incentives to universities and strengthening the protection of IP rights.,"The Strategic Council on Intellectual Property has adopted a comprehensive programme to promote the creation of intellectual property (IP) through giving more incentives to universities, strengthening the protection of IP rights and accelerating the process of approving patent licences.",154.0,154.0
JPN_2005_001,JPN,Japan,2005,2003.0,,,,,,,,explicit,high,innovation,startup_ecosystem,,,private,commercialization,growth_supporting,"Lowering capital requirements encourages entrepreneurship and the formation of new businesses, which can enhance economic dynamism and job creation.",high,2003 Startup Support Initiative,,False,implemented,The reduction in capital requirements led to a significant increase in new company formations.,high,False,2,"This reform significantly lowered barriers to entry for new businesses, fostering a more vibrant startup ecosystem.",medium,The reduction of capital requirements for new start-ups in 2003 from 3 million yen to only 1 yen contributed to a 10 percent rise in the number of newly created companies.,Another important reform was the reduction of the capital requirements for new start-ups in 2003 from 3 million yen (10 million yen for companies that issue stock) to only 1 yen.,150.0,150.0
JPN_2006_011,JPN,Japan,2006,2003.0,,,,,,,,explicit,high,innovation,innovation_instruments,,,private,applied,growth_supporting,"Encourages private sector investment in R&D, which is essential for driving innovation and economic growth.",high,R&D Tax Incentive Program,R&D Tax Credit,True,implemented,The tax credit on R&D and investment incentives was introduced in FY2003.,high,True,3,"This reform represents a significant shift in fiscal policy aimed at enhancing R&D investment, crucial for long-term economic growth.",high,"The introduction of a tax credit for R&D and investment incentives in FY2003 aimed to stimulate business investment in innovation, particularly for SMEs.",The tax subsidy for R&D in Japan in 2001 was close to zero but it had risen above the OECD average by 2004.,157.0,157.0
JPN_2002_001,JPN,Japan,2002,2004.0,,,,,,,,explicit,high,innovation,rd_funding,,,public,basic,growth_supporting,Enhancing competition and improving research quality in universities is expected to raise productivity and innovation capacity.,high,University Reform and Innovation Enhancement,University Competition and Excellence,True,announced,The government has begun to promote reform of state-run universities.,high,True,3,The reform represents a structural change in the university system aimed at improving research quality and innovation.,medium,"The government has begun to promote reform of state-run universities to enhance competition and improve research quality, including the introduction of 'Centres of Excellence' based on performance assessments. This initiative is part of a broader strategy to identify barriers to innovation and propose regulatory reforms and technology programs to stimulate supply and meet latent consumer demand, alongside increasing joint research projects between industry and universities to enhance innovation capacity.","The government plans to select around ten to twenty 'Centres of Excellence' in 10 major subjects based on a performance assessment by a third party, and to allocate more funds to them so as to provide a strong incentive to improve the quality of their research.",161.0,161.0
JPN_2006_005,JPN,Japan,2006,2004.0,,,,,,,,explicit,high,innovation,innovation_instruments,,,public,applied,growth_supporting,Encouraging a comprehensive approach to innovation can enhance productivity and foster economic growth.,high,New Industry Promotion Strategy,,False,implemented,The government is actively participating in policy formation to promote science and technology.,high,False,2,"This initiative represents a significant effort to integrate science and technology policies with broader economic policies, which is crucial for enhancing innovation.",medium,"The government is promoting the development of science and technology by actively participating in the formation of policies in other areas, aiming to strengthen the overall innovation system.",Promote the development of science and technology by actively participating in the formation of policies in other areas.,144.0,144.0
JPN_2019_005,JPN,Japan,2019,2004.0,,,,,,,,explicit,high,innovation,startup_ecosystem,,,public_private,commercialization,growth_supporting,"This reform is expected to enhance collaboration and innovation in the biomedical sector, leading to economic growth and improved health outcomes.",high,Biomedical Innovation Cluster,Osaka Biomedical Cluster,True,implemented,The lifting of the ban on businesses run by professors has been implemented.,high,True,3,This reform represents a significant structural change in the regulatory environment for biomedical innovation.,high,"Osaka Prefecture promotes the creation of a biomedical innovation cluster by lifting the ban on businesses run by professors at national universities, fostering collaboration between academia and industry.","In 2004, the national government approved Osaka Prefecture’s proposal to designate a district in its northern area as a Structural Reform Special Zone to promote the creation of a biomedical innovation cluster.",69.0,69.0
JPN_2008_005,JPN,Japan,2008,2005.0,,,,,,,,explicit,high,innovation,sectoral_rd,,,public,applied,growth_supporting,"These initiatives aim to enhance productivity and innovation in the service sector, contributing positively to economic growth.",high,Service Sector Development Initiatives,,False,implemented,Both initiatives have been actively implemented to support the service sector.,high,True,3,The initiatives represent a major strategic shift towards enhancing the service sector's role in the economy.,high,"The Japanese government has launched the 'New Industry Development Strategy 2005' to accelerate the development of the service sector, focusing on priority areas such as business services, software contents, health/welfare, and environment/energy. Additionally, the government has initiated the 'Program for Enhancing Growth Potential' to boost productivity growth across all industries, with a specific focus on raising productivity in the service sector.","The 'Program for Enhancing Growth Potential' presented by the Council on Economic and Fiscal Policy (CEFP) in 2007 aims to boost productivity growth, as measured by value-added per worker, by 50% for all industries over five years.",,
JPN_2006_001,JPN,Japan,2006,2006.0,,,,,,,,explicit,high,innovation,rd_funding,,,public,applied,growth_supporting,"By focusing on efficiency and competitive grants, the plan aims to optimize R&D investments, potentially leading to higher innovation outputs.",high,Third Science and Technology Basic Plan,,False,implemented,The plan covers the period FY2006-10 and includes specific measures for R&D funding.,high,True,3,"This plan represents a significant structural change in Japan's approach to R&D funding, emphasizing efficiency and competitive allocation, which is crucial for enhancing innovation capacity.",high,The third Science and Technology Basic Plan aims to enhance the efficiency of public R&D spending and increase the share of competitive grants in the allocation of public R&D funds.,The third Science and Technology Basic Plan... contains a number of positive changes from the preceding plans.,6.0,6.0
JPN_2006_002,JPN,Japan,2006,2006.0,,,,,,,,explicit,high,innovation,rd_funding,,,public,applied,growth_supporting,"Increasing competitive grants is expected to drive more effective use of R&D funds, fostering innovation and productivity.",high,Third Science and Technology Basic Plan,Competitive Grants Initiative,True,implemented,The plan states that government R&D investment should be 1% of GDP each year between FY2006 and FY2010.,high,False,2,"This initiative is a significant enhancement of existing funding mechanisms, aimed at improving the effectiveness of public R&D investments.",medium,The government plans to increase the share of competitive grants in public R&D funding to enhance spending efficiency.,Increase further the share of competitive grants in the allocation of public R&D funds to enhance the efficiency of spending.,20.0,20.0
JPN_2006_003,JPN,Japan,2006,2006.0,2006.0,explicit,high,,,,,explicit,high,innovation,rd_funding,,,public,applied,growth_supporting,"Increased public R&D spending is expected to enhance innovation capacity and productivity, contributing positively to economic growth.",high,Third Science and Technology Basic Plan,,False,announced,The government announced the third Science and Technology Basic Plan for FY2006-2010.,high,True,3,"This plan represents a significant structural change in Japan's approach to R&D funding, aiming to enhance the overall innovation system and address key national challenges.",high,"The third Science and Technology Basic Plan aims to increase total public R&D spending to 25 trillion yen over five years, emphasizing the importance of creating a knowledge-based economy and enhancing innovation through human resource development and competitive research environments.","The government announced in March 2006 the third Science and Technology Basic Plan for FY2006-2010, which was formulated by the CSTP.",142.0,142.0
JPN_2006_004,JPN,Japan,2006,2006.0,2006.0,explicit,high,,,,,explicit,high,innovation,innovation_instruments,,,public_private,applied,growth_supporting,"By fostering venture companies and improving researcher mobility, the strategy aims to enhance innovation and economic growth.",high,Comprehensive Strategy for Creating Innovation,,False,announced,The CSTP made specific recommendations to improve the R&D system.,high,False,2,"The strategy introduces significant measures to enhance the innovation ecosystem, particularly in venture creation and researcher mobility.",medium,"The Comprehensive Strategy for Creating Innovation includes recommendations to improve the R&D system, such as increasing R&D-based venture companies and enhancing researcher mobility.","The CSTP made specific recommendations to improve the R&D system, including measures to encourage closer industry-academia co-operation.",142.0,142.0
JPN_2006_007,JPN,Japan,2006,2006.0,,,,2006.0,explicit,high,,explicit,high,innovation,innovation_instruments,,,public,adoption,growth_supporting,"Enhancing competition is expected to foster innovation and improve market efficiency, benefiting consumers and the economy.",high,2006 Competition Policy Reform,,False,implemented,The revised Anti-Monopoly Act came into force in January 2006.,high,False,2,"The reform significantly enhances the framework for competition, which is crucial for innovation, but does not fundamentally alter the structure of the economy.",medium,"The revised Anti-Monopoly Act introduced measures to strengthen competition, including increased surcharges for violations and a leniency program for cooperating firms.",The revised Anti-Monopoly Act that came into force in January 2006 has a number of positive features.,43.0,43.0
JPN_2006_012,JPN,Japan,2006,2006.0,,,,,,,,explicit,high,innovation,innovation_instruments,,,private,applied,growth_supporting,"Encourages increased investment in R&D by firms, which can lead to innovation and economic growth.",high,2006 R&D Tax Credit Initiative,,False,implemented,The R&D tax credit was introduced and is currently in effect.,high,True,3,"This reform represents a significant structural change in the tax policy aimed at enhancing R&D investment, which is crucial for long-term economic growth.",high,"The R&D tax credit was introduced to incentivize corporate R&D activities, providing a proportional tax credit based on R&D spending, with additional credits for SMEs and joint R&D activities.","The R&D tax credit: For corporate R&D activities, a proportional R&D tax credit of 8%, plus 2% for the period FY2003-05, of the amount of R&D spending, was introduced.",162.0,162.0
JPN_2006_013,JPN,Japan,2006,2006.0,,,,,,,,explicit,high,innovation,human_capital,knowledge_transfer,,public_private,applied,growth_supporting,"Enhances the skills of technology managers, facilitating better integration of technology and management, which can drive innovation.",high,2006 Entrepreneurship Promotion Programme,,False,implemented,METI is promoting an Entrepreneurship Promotion Programme to solicit proposals from universities.,high,False,2,"This programme is significant for enhancing the capabilities of technology managers, which is essential for fostering innovation in the economy.",medium,The Entrepreneurship Promotion Programme was initiated to solicit proposals from universities to develop and evaluate management of technology (MOT) programmes in collaboration with industry.,METI is promoting an Entrepreneurship Promotion Programme to solicit proposals from universities to develop and evaluate MOT programmes in co-operation with industry.,162.0,162.0
JPN_2006_015,JPN,Japan,2006,2006.0,2006.0,explicit,high,,,,,explicit,high,innovation,human_capital,startup_ecosystem,,public,applied,growth_supporting,"By attracting outstanding talent and improving the education system, the strategy aims to enhance the skills of the workforce, which is essential for innovation and productivity growth.",high,Globalisation Strategy,,False,implemented,The strategy was published and includes a wide range of proposals.,high,True,3,"The Globalisation Strategy represents a comprehensive approach to enhancing Japan's competitiveness through significant reforms in human capital and foreign investment, which are critical for long-term economic growth.",high,"In May 2006, the Council on Economic and Fiscal Policy published a 'Globalisation Strategy' aimed at enhancing Japan's international competitiveness through various reforms, including improving human resources and increasing foreign direct investment.","In May 2006, the Council on Economic and Fiscal Policy (CEFP) published a 'Globalisation Strategy' that aims at enhancing Japan’s international competitiveness.",,
JPN_2008_001,JPN,Japan,2008,2006.0,,,,,,,,explicit,high,innovation,innovation_instruments,,,private,applied,growth_supporting,"The incentives are designed to increase R&D spending and promote innovation among SMEs, which supports economic growth.",high,R&D Incentives for SMEs,R&D Tax Incentives,True,implemented,The reforms have been actively implemented to support SMEs.,high,False,2,The reforms significantly enhance existing R&D incentives but do not constitute a major overhaul of the system.,medium,"The R&D incentive for small and medium-sized enterprises (SMEs) was extended for an additional two years, promoting innovation and investment in research activities. Additionally, a permanent 10% increase in the tax subsidy for R&D was estimated to raise the level of R&D spending by over 8%, alongside new measures including a temporary tax incentive for acquiring information infrastructure to support technological advancement.",A permanent 10% increase in the tax subsidy for R&D was estimated to raise the level of R&D spending by over 8%.,,
JPN_2008_002,JPN,Japan,2008,2006.0,,,,,,,,explicit,high,innovation,human_capital,,,public,applied,growth_supporting,"Enhancing researcher mobility is expected to improve the overall quality and output of research, contributing to innovation.",high,Researcher Mobility Initiative,,False,implemented,The project has been launched and is currently in operation.,high,False,2,The initiative is significant in promoting career diversification but does not represent a major structural change.,medium,"The MEXT launched a project to promote the diversification of the career path for researchers, enhancing their mobility within public research institutes.",The MEXT launched a project to promote the diversification of the career path for researchers in FY2006 and FY2007.,47.0,47.0
JPN_2008_003,JPN,Japan,2008,2006.0,,,,,,,,explicit,high,innovation,knowledge_transfer,,,public_private,commercialization,growth_supporting,"By fostering collaboration between businesses and research organizations, the plan aims to enhance innovation and commercialization of research outputs.",high,Basic Plan of Science and Technology,,False,implemented,The plan has been actively implemented to promote cooperation.,high,False,2,The plan is significant in promoting collaboration but does not represent a major overhaul of the existing framework.,medium,"The 3rd Basic Plan of Science and Technology promotes cooperation between business and R&D organisations through conferences, facilitating knowledge transfer and collaboration.",The 3rd Basic Plan of Science and Technology promotes co-operation between business and R&D organisations through conferences.,,
JPN_2011_004,JPN,Japan,2011,2006.0,,,,,,,,explicit,high,innovation,knowledge_transfer,,,public_private,commercialization,growth_supporting,Strengthening ties between academia and industry facilitates knowledge transfer and enhances innovation capacity.,high,Third Science and Technology Basic Plan,,False,implemented,The plan aimed at increasing the role of tertiary education in innovation.,high,True,3,"This plan represents a significant structural change in how Japan approaches innovation through education, aiming to enhance the overall R&D landscape.",high,"The third Science and Technology Basic Plan aimed to enhance the role of tertiary education in innovation by strengthening collaboration between industry, universities, and the government, particularly through support for technology licensing organizations.","The third Science and Technology Basic Plan for FY2006-10 aimed at increasing the role of tertiary education in innovation by strengthening ties between industry, universities and the government.",136.0,136.0
JPN_2008_004,JPN,Japan,2008,2007.0,,,,,,,,explicit,high,innovation,rd_funding,,,public,applied,growth_supporting,"Increasing competitive grants enhances funding availability for research, which can lead to greater innovation and productivity.",high,Public R&D Funding Increase,,False,implemented,The increase in competitive grants has been implemented.,high,False,2,The increase in grants is significant but does not represent a major reform of the funding system.,medium,"The amount of competitive grants for public R&D funds rose, increasing its share in central government outlays on science and technology.",The amount of competitive grants rose from 471 billion yen in FY2006 to 477 billion yen in FY2007.,48.0,48.0
JPN_2009_001,JPN,Japan,2009,2008.0,,,,,,,,explicit,high,innovation,rd_funding,,,public,applied,growth_supporting,"The investment in R&D for environmental technologies is expected to promote innovation and efficiency, contributing positively to economic growth.",high,Cool Earth Promotion Programme,R&D Investment in Climate Technologies,True,implemented,The programme has been launched and funding is allocated for R&D investment.,high,True,3,"The reform represents a significant investment in R&D aimed at addressing climate change, which is a major policy initiative.",high,"Japan plans to invest about $30 billion over the next five years in R&D focused on environmental and energy efficiency technologies through the 2008 Cool Earth Promotion Programme, which allocates this funding for climate-related technologies.",the 2008 Cool Earth Promotion Programme that targets $30 billion (0.6% of 2008 GDP) in public funding for R&D investment in this area over the next five years.,,
JPN_2009_003,JPN,Japan,2009,2008.0,2007.0,explicit,high,,,,,explicit,high,innovation,innovation_instruments,,,public,adoption,growth_supporting,"Improving the efficiency of medical device reviews can accelerate innovation and market entry, supporting economic growth.",high,Medical Device Review Efficiency,Task Force for Medical Device Reviews,True,implemented,The task force's recommendations have been established and are in effect.,high,False,2,"While significant, this reform is narrower in scope compared to major funding initiatives.",medium,"In 2007, the government established a task force to reduce the time lags and improve the efficiency of reviews for medical devices, recommending simplification of information requirements and harmonization with international standards.","In 2007, the government established a task force, including domestic and foreign industry representatives, to reduce the time lags and improve the efficiency of reviews.",,
JPN_2009_004,JPN,Japan,2009,2008.0,,,,,,,,explicit,high,innovation,sectoral_rd,,,public,applied,growth_supporting,Transitioning to zero-emission energy sources is expected to drive innovation and economic growth in the energy sector.,high,Low-Carbon Society Action Plan,Electricity Transition Plan,True,implemented,The action plan has been launched and is actively being pursued.,high,True,3,This action plan represents a significant policy shift towards sustainable energy.,high,"The 2008 Action Plan for Achieving a Low-Carbon Society aims to increase the proportion of electricity from zero-emission sources, including renewable and nuclear energy, from 40% in 2006 to over 50% by around 2020.","The 2008 Action Plan for Achieving a Low-Carbon Society aims to increase the proportion of electricity from zero-emission sources, notably renewable and nuclear, from 40% in 2006 to over 50% by around 2020.",,
JPN_2011_001,JPN,Japan,2011,2010.0,2010.0,explicit,high,,,,,explicit,high,innovation,startup_ecosystem,,,public_private,commercialization,growth_supporting,"By fostering entrepreneurship and reducing barriers to starting new firms, the strategy aims to stimulate economic growth and innovation.",high,New Growth Strategy,Higher Education and Innovation,True,implemented,The strategy has been put into action to enhance the role of education in innovation.,high,True,3,"This reform represents a significant shift in policy aimed at integrating education with innovation, which is crucial for long-term economic growth.",high,"The New Growth Strategy aims to increase the role of higher education in innovation, promoting entrepreneurship and business start-ups by reducing the cost of creating new firms and strengthening competition policy.",The New Growth Strategy aims to increase the role of higher education in innovation.,71.0,71.0
JPN_2011_002,JPN,Japan,2011,2010.0,2010.0,explicit,high,,,,,explicit,high,innovation,human_capital,,,public,applied,growth_supporting,"Improving the quality of tertiary education is expected to enhance human capital, which is linked to faster innovation and productivity gains.",high,New Growth Strategy,Tertiary Education Upgrade,False,implemented,The New Growth Strategy was announced and includes education policies.,high,True,3,"This reform represents a significant shift in educational policy aimed at enhancing innovation capacity, which is crucial for Japan's economic growth.",high,The New Growth Strategy aims to enhance the role of universities in innovation by upgrading tertiary education and increasing competition and internationalisation.,"The New Growth Strategy’s objective of integrating kindergartens and childcare would improve the quality of education for children in childcare, while allowing cost savings by merging the two parallel systems.",119.0,119.0
JPN_2011_007,JPN,Japan,2011,2010.0,2010.0,explicit,high,,,,,explicit,high,innovation,innovation_instruments,,,public,unknown,mixed,"While the restrictions aim to stabilize employment, they may lead firms to increase reliance on overtime or shift production overseas, potentially hindering growth.",medium,Labor Market Reforms,Restrictions on Dispatched Workers,False,announced,The Japanese government proposed a law in 2010 to legally restrict the use of dispatched workers.,high,False,2,"This reform is significant as it addresses labor market flexibility and worker rights, impacting a large segment of the workforce.",medium,The Japanese government proposed a law in 2010 to legally restrict the use of dispatched workers for less than two months and prohibit their use for less than one year in manufacturing.,The Japanese government proposed a law in 2010 to legally restrict the use of dispatched workers for less than two months.,154.0,154.0
JPN_2011_008,JPN,Japan,2011,2010.0,2010.0,explicit,high,,,,,explicit,high,innovation,sectoral_rd,,,public_private,applied,growth_supporting,"The initiative promotes investment in green technologies, which can lead to job creation and stimulate economic growth.",high,New Growth Strategy,Green Innovation Initiative,True,implemented,The Strategy was launched in June 2010 and includes specific projects aimed at green innovation.,high,True,3,This reform represents a significant shift towards green technologies and aims to address major economic challenges while creating jobs.,high,"Japan's New Growth Strategy aims to create 50 trillion yen of new demand and 1.4 million new jobs through the development and diffusion of green technologies, including a feed-in tariff system and investment in smart grids.",The Strategy targets the creation of 50 trillion yen of new demand and 1.4 million new jobs through the development and diffusion of green technologies.,77.0,77.0
JPN_2011_009,JPN,Japan,2011,2010.0,2010.0,explicit,high,,,,,explicit,high,innovation,innovation_instruments,,,public_private,adoption,growth_supporting,"By reducing barriers to entry and enhancing competition, the reform aims to stimulate innovation and productivity growth.",high,New Growth Strategy,Regulatory Reform Initiative,True,implemented,The decision in January 2011 that 'regulatory reforms in particular will be more vigorously promoted as policy tools to advance the New Growth Strategy' indicates implementation.,high,True,3,This reform is crucial for enhancing the overall business environment and fostering innovation across sectors.,high,"The New Growth Strategy emphasizes the need for regulatory reform to facilitate the creation of new enterprises and boost productivity, particularly in the service sector.",The decision in January 2011 that 'regulatory reforms in particular will be more vigorously promoted as policy tools to advance the New Growth Strategy' is certainly welcome.,,
JPN_2011_010,JPN,Japan,2011,2010.0,,,,,,,,explicit,high,innovation,human_capital,rd_funding,,public_private,applied,growth_supporting,"Enhances the capacity for R&D through improved funding processes and collaboration, which can lead to increased innovation and economic growth.",high,Japan's New Growth Strategy,"Creation of Science, Technology and Innovation Strategy Headquarters",False,implemented,The headquarters was established to enhance R&D capabilities.,high,False,2,The establishment of this headquarters represents a significant step towards improving Japan's R&D landscape and fostering innovation through better governance and funding.,medium,"The Science, Technology and Innovation Strategy Headquarters was created in 2010 to improve the R&D budget process, strengthen public-private participation, and increase basic research capabilities.","The Science, Technology and Innovation Strategy Headquarters was created in 2010 to improve the R&D budget process, strengthen public-private participation and increase basic research capabilities.",79.0,79.0
JPN_2011_012,JPN,Japan,2011,2010.0,2010.0,explicit,high,,,,,explicit,high,innovation,innovation_instruments,,,public_private,adoption,growth_supporting,"The programme aims to enhance the investment environment, which is expected to boost productivity and innovation through increased competition and knowledge transfer from foreign firms.",high,Japan's New Growth Strategy,Inward Investment Promotion Programme,False,implemented,The government announced the programme to accelerate FDI and domestic investment.,high,True,3,"This reform represents a significant shift in Japan's approach to attracting foreign investment, which is crucial for enhancing economic growth and competitiveness.",high,"Japan's New Growth Strategy includes the establishment of the 'Inward Investment Promotion Programme' aimed at accelerating foreign direct investment (FDI) and domestic investment through various incentives, including tax preferences and deregulation.","In November 2010, the government announced the 'Inward Investment Promotion Programme' to accelerate FDI as well as domestic investment by establishing the 'world’s best investment environment'.",,
JPN_2011_013,JPN,Japan,2011,2010.0,2010.0,explicit,high,,,,,explicit,high,innovation,startup_ecosystem,,,public_private,adoption,growth_supporting,"By fostering collaboration between universities and industries, these programmes are expected to stimulate innovation and support the growth of startups.",high,Japan's New Growth Strategy,Regional Innovation Cluster Programmes,True,implemented,Japan adopted a new approach that promotes regional innovation through clusters.,high,True,3,This reform represents a strategic shift towards enhancing local innovation capabilities and competitiveness through targeted support for regional clusters.,high,"The New Growth Strategy promotes regional innovation through clusters, including the New Competitive Cluster Project Start-ups and the Regional Innovation Cluster Programme, aimed at enhancing university-industry collaboration.","Japan adopted a new approach that promotes regional innovation through clusters, including two national-level programmes.",93.0,93.0
JPN_2011_016,JPN,Japan,2011,2010.0,,,,,,,,explicit,high,innovation,human_capital,knowledge_transfer,,public_private,applied,growth_supporting,"Enhances the skills of graduates to meet labor market demands, thereby improving employability and productivity.",high,New Growth Strategy,Vocational Education Enhancement Initiative,True,implemented,The government launched a new initiative to encourage universities.,high,False,2,"This initiative represents a significant effort to align educational outcomes with labor market needs, which is crucial for economic growth.",medium,"The government launched a new initiative to encourage universities to enhance students’ employability by providing more career guidance, involving firms and unions in developing vocational education curricula.","In 2010, the government launched a new initiative to encourage universities to enhance students’ employability by providing more career guidance.",,
JPN_2013_001,JPN,Japan,2013,2010.0,,,,,,,,explicit,high,innovation,innovation_instruments,,,private,adoption,growth_supporting,"By facilitating access to low-cost funding, the facility aims to stimulate investment and innovation in targeted growth sectors.",high,Monetary Policy Measures,Growth-Supporting Funding Facility,False,implemented,The scheme has been operational since its introduction.,high,False,2,"The facility represents a significant effort to direct financial resources towards innovation and growth sectors, enhancing the overall lending environment.",medium,"The Bank of Japan introduced the Growth-Supporting Funding Facility to encourage banks to lend to firms in growth industries, providing long-term funding at low costs.",The BoJ introduced the Growth-Supporting Funding Facility in June 2010 to directly encourage banks to lend to firms by providing long-term funding at low costs.,21.0,21.0
JPN_2011_011,JPN,Japan,2011,2011.0,2011.0,explicit,high,,,,,explicit,high,innovation,innovation_instruments,,,public,unknown,growth_supporting,"By increasing the cost of fossil fuels, the tax incentivizes the development and adoption of cleaner technologies, promoting innovation in the energy sector.",high,Japan's New Growth Strategy,Carbon Tax Implementation Plan,False,announced,The government announced a plan to raise the tax rate on fossil fuel products.,high,False,2,"The introduction of a carbon tax is a significant policy shift aimed at reducing emissions and promoting green innovation, although it is not yet implemented.",medium,"The government announced a plan to raise the tax rate on fossil fuel products, including oil and coal, in October 2011 as part of efforts to implement a carbon tax.","The government announced a plan to raise the tax rate on fossil fuel products, including oil and coal, in October 2011.",79.0,79.0
JPN_2013_004,JPN,Japan,2013,2011.0,,,,,,,,explicit,high,innovation,innovation_instruments,,,public_private,adoption,growth_supporting,"Facilitates private investment and innovation in disaster-affected areas, promoting economic revitalization.",high,Tohoku Reconstruction Initiative,Special Zones for Reconstruction,False,implemented,31 zones have been created with various deregulation measures.,high,False,2,The initiative represents a significant effort to stimulate economic activity in the Tohoku region through targeted regulatory reforms and financial incentives.,medium,"The government introduced Special Zones for Reconstruction to leverage private-sector dynamism in rebuilding efforts, allowing municipalities to propose special zones that receive regulatory and financial support.",The government introduced Special Zones for Reconstruction in 2011.,,
JPN_2013_002,JPN,Japan,2013,2012.0,,,,,,,,explicit,high,innovation,knowledge_transfer,,,public_private,commercialization,growth_supporting,"Facilitates the transfer of knowledge and technology from universities to the private sector, enhancing innovation capacity.",high,2012 Higher Education Reform,University-Industry Cooperation Fund,False,implemented,The government is supporting cooperation through a fund.,high,False,2,"Significant investment aimed at enhancing collaboration between academia and industry, which is crucial for innovation.",medium,The government is supporting cooperation between university research and industry through a fund of 45 billion yen in FY2012.,The government is supporting such cooperation through a fund of 45 billion yen in FY2012.,,
JPN_2013_003,JPN,Japan,2013,2012.0,,,,,,,,explicit,high,innovation,human_capital,,,public,applied,growth_supporting,"Enhancing the quality of higher education is expected to improve the skill level of the workforce, thereby supporting innovation and economic growth.",high,Higher Education Reform Initiative,Leading Universities Investment,False,implemented,Public investment in programs to create leading universities increased from 12 billion yen in FY2011 to 21 billion yen in FY2012.,high,False,2,"This reform represents a significant increase in funding aimed at improving higher education, which is crucial for fostering innovation and economic development.",medium,"Public investment in programs to create leading universities increased significantly, aiming to enhance the quality and competitiveness of higher education in Japan.",Public investment in programs to create leading universities increased from 12 billion yen in FY2011 to 21 billion yen in FY2012.,,
JPN_2013_006,JPN,Japan,2013,2012.0,,,,,,,,explicit,high,innovation,innovation_instruments,,,public_private,adoption,growth_supporting,"The FIT programme incentivizes investment in renewable energy, potentially leading to job creation and new industries, thus supporting economic growth.",high,Renewable Energy Promotion Initiative,Feed-in-Tariff Programme,False,implemented,The FIT programme was launched to promote renewable energy.,high,False,2,"The FIT programme represents a significant policy shift towards renewable energy, aiming to increase its share in the energy mix, which is crucial for Japan's energy strategy.",medium,"Japan launched a feed-in-tariff (FIT) programme in 2012, obligating general electric utilities to purchase electricity from renewable energy producers at a fixed long-term price, thereby promoting the development of renewable energy.","In 2012, Japan launched a feed-in-tariff (FIT) programme, which obliges the general electric utilities to purchase electricity from almost all renewable energy producers to promote renewable energy.",101.0,101.0
JPN_2006_008,JPN,Japan,2006,2013.0,,,,,,,,explicit,high,innovation,innovation_instruments,,,public,commercialization,growth_supporting,Reducing patent examination times is expected to encourage innovation by allowing faster access to patent protections for inventors.,high,2013 Patent Examination Improvement Initiative,,False,announced,METI has set an objective of reducing the exceptionally long waiting time for patent examination.,high,False,2,"This initiative addresses a critical bottleneck in the innovation process, enhancing the efficiency of the patent system.",medium,"The government aims to reduce the long waiting time for patent examination from 27 months to 11 months by 2013, primarily by hiring more staff.","METI has set an objective of reducing the exceptionally long waiting time for patent examination, which has recently increased to 27 months, to 11 months by 2013.",153.0,153.0
JPN_2011_006,JPN,Japan,2011,2013.0,2010.0,explicit,high,,,,,explicit,high,innovation,human_capital,,,public,unknown,growth_supporting,"By promoting equal treatment and stability in employment, the reforms aim to enhance worker productivity and economic growth.",high,New Growth Strategy,Labor Law Revisions,False,announced,The government plans to take steps by FY2013 to achieve the New Growth Strategy’s goal.,high,True,3,"This reform represents a significant structural change aimed at addressing labor market dualism, which has broad implications for economic equity and productivity.",high,The Japanese government plans to revise labor laws to achieve equal treatment of all workers and promote the transition of non-permanent workers to permanent status by FY2013.,The government plans to take steps by FY2013 to achieve the New Growth Strategy’s goal of 'equal and equitable treatment' of all workers.,154.0,154.0
JPN_2013_009,JPN,Japan,2013,2013.0,,,,,,,,explicit,high,innovation,innovation_instruments,,,private,applied,growth_supporting,"By promoting R&D and innovation, the measures aim to enhance productivity and competitiveness in the industrial sector, which can lead to economic growth.",high,2013 Fiscal Package,Industrial Competitiveness and Innovation Measures,False,implemented,The fiscal package includes allocated funds for various measures to stimulate industrial competitiveness and innovation.,high,True,3,"The measures represent a significant investment in promoting innovation and competitiveness, which are critical for Japan's economic recovery and long-term growth.",high,"The fiscal package includes measures to promote industrial competitiveness and innovation, with a focus on stimulating private investment and encouraging business investment in energy savings and renewable energy.",Measures to promote industrial competitiveness and innovation (3.1 trillion yen) include stimulating private investment and promoting R&D and innovation.,,
JPN_2015_001,JPN,Japan,2015,2014.0,2013.0,explicit,high,,,,,explicit,high,innovation,sectoral_rd,,,public,applied,growth_supporting,"By enhancing the infrastructure for science and technology, the reform aims to foster innovation, which is crucial for economic growth.",high,Japan Revitalisation Strategy,Stimulate innovation through science and technology,True,implemented,The budget for science and technology was centralised to promote effective R&D.,high,True,3,"This reform represents a significant structural change aimed at enhancing Japan's innovation capacity, which is critical for long-term economic growth.",high,"The Japan Revitalisation Strategy includes measures to promote growth through innovation, aiming to make Japan a technology frontier by enhancing science and technology infrastructure.","The budget for science and technology, which had been managed by a number of ministries, was centralised in the Council for Science, Technology and Innovation to promote effective R&D.",,
JPN_2015_002,JPN,Japan,2015,2014.0,2013.0,explicit,high,,,,,explicit,high,innovation,startup_ecosystem,,,private,commercialization,growth_supporting,"By fostering a supportive environment for startups, the reform is expected to enhance innovation and economic dynamism.",high,Japan Revitalisation Strategy,Promotion of venture business,True,implemented,Measures to promote crowdfunding were promulgated in 2014.,high,False,2,"This reform is significant as it aims to enhance the startup ecosystem, which is vital for innovation and economic growth.",medium,"The promotion of venture business aims to create an entrepreneur-friendly environment, leading to globally competitive companies through a virtuous cycle of venture funding and business creation.",A ‘Venture ecosystem’ (virtuous cycle of venture funding and business creation) was promoted in 2014.,,
JPN_2015_003,JPN,Japan,2015,2014.0,2014.0,explicit,high,,,,,explicit,high,innovation,startup_ecosystem,,,public_private,commercialization,growth_supporting,"Supporting SMEs is expected to enhance innovation and productivity, contributing positively to economic growth.",high,Japan Revitalisation Strategy,SME Support Initiative,True,implemented,The government stated its commitment to support SMEs in December 2014.,high,False,2,"This initiative is significant as it targets a crucial sector for innovation and economic growth, although it builds on existing frameworks rather than introducing a completely new system.",medium,"The Japanese government aims to enhance support for small and medium-sized enterprises (SMEs) to start and rehabilitate firms, which is crucial for boosting productivity and growth.",Enhanced support for small and medium-sized enterprises (SMEs) to start and rehabilitate firms.,,
JPN_2015_004,JPN,Japan,2015,2014.0,,,,,,,,explicit,high,innovation,startup_ecosystem,,,public_private,adoption,growth_supporting,"By fostering an environment conducive to innovation and investment, the initiative is expected to enhance corporate competitiveness and create jobs.",high,National Strategic Special Zones Initiative,,False,implemented,The initiative was launched with designated zones and objectives outlined.,high,True,3,"This initiative represents a significant shift in Japan's approach to regulatory reform, aiming to enhance the business environment and stimulate innovation at a national level.",high,"The National Strategic Special Zones initiative aims to create international centres for business and innovation, focusing on regulatory reforms in urban development, education, employment, and healthcare to stimulate private-sector investment.",The National Strategic Special Zones’ main objectives are: i) formation of international centres with the 'best environment in the world'; ii) creation of international innovation in healthcare; and iii) the formation of action centres for agriculture.,76.0,76.0
JPN_2015_007,JPN,Japan,2015,2014.0,,,,,,,,explicit,high,innovation,startup_ecosystem,,,private,adoption,growth_supporting,"These measures enhance the financing environment for start-ups, encouraging entrepreneurship and innovation, which can lead to economic growth.",high,Revitalisation Strategy,Venture Capital Promotion,True,implemented,Measures to promote venture capital were introduced as part of the Revitalisation Strategy.,high,False,2,"The reforms significantly improve the venture capital landscape, which is crucial for fostering innovation and entrepreneurship in Japan.",medium,"The government introduced measures to promote venture capital, including making the tax system for business angels more user-friendly and allowing firms investing in venture capital funds to be designated as 'Specified Investment Businesses' eligible for financial support.",The Revitalisation Strategy includes measures to promote start-ups and venture businesses.,92.0,92.0
JPN_2015_008,JPN,Japan,2015,2014.0,,,,,,,,explicit,high,innovation,startup_ecosystem,,,private,adoption,growth_supporting,"By facilitating access to funding for start-ups, this initiative can stimulate entrepreneurship and innovation, contributing to economic growth.",high,Revitalisation Strategy,Equity Crowd-funding Promotion,True,implemented,Measures to promote crowd-funding were promulgated in May 2014.,high,False,2,"This reform introduces a new funding mechanism that can enhance the financial ecosystem for start-ups, thus supporting innovation.",medium,"The government plans to promote equity crowd-funding to enable novice entrepreneurs to obtain financing without red tape, creating a new channel for ordinary citizens to fund companies in exchange for shares.",The government plans to promote equity crowd-funding to raise money through relatively small donations from a large number of people.,94.0,94.0
JPN_2015_011,JPN,Japan,2015,2014.0,,,,,,,,explicit,high,innovation,innovation_instruments,,,public_private,applied,growth_supporting,"Improving corporate governance is expected to lead to better investment decisions and increased innovation, thereby supporting economic growth.",high,Corporate Governance Reform Strategy,,False,implemented,"Japan has taken steps to reform corporate governance, including the Stewardship Code introduced in 2014.",high,True,3,"This reform represents a significant shift in corporate governance practices, which is crucial for enhancing Japan's economic dynamism and innovation capacity.",high,Japan's Strategy aims to enhance corporate governance to improve innovation and investment by reducing cross-shareholdings and introducing a corporate governance code.,"Japan has taken steps to reform corporate governance, including the Stewardship Code introduced in 2014.",,
JPN_2017_008,JPN,Japan,2017,2014.0,2013.0,explicit,high,,,,,explicit,high,innovation,research_infrastructure,,,public,adoption,growth_supporting,"Investing in educational digitalisation is expected to enhance learning outcomes and prepare students for a technology-driven economy, supporting long-term economic growth.",high,Educational Digitalisation Initiative,Digital Education Infrastructure Investment,False,implemented,The digitalisation plan has been successfully launched and is in progress.,high,False,2,"While significant, this initiative is part of a broader educational strategy rather than a standalone major reform.",medium,"Japan launched a four-year plan to digitalise the educational environment, investing 671 billion yen to equip schools with computers, electronic blackboards, and education software.","In 2014, Japan launched a four-year plan, totalling 671 billion yen (USD 5.9 billion) to equip schools with more computers (for both teachers and students), electronic blackboards, wireless LANs and education software.",119.0,119.0
JPN_2021_008,JPN,Japan,2021,2014.0,,,,,,,,explicit,high,innovation,knowledge_transfer,,,private,commercialization,growth_supporting,Supporting SMEs in understanding IP issues can facilitate access to finance and promote innovation.,high,IP Business Support Initiative,,False,implemented,The IP Business Valuation Report and proposal are in use.,high,False,2,This initiative is significant for SMEs but does not represent a major overhaul of the IP system.,medium,"The Japan Patent Office introduced the IP Business Valuation Report and the IP business proposal to assist financial institutions in understanding intellectual property issues when lending to small and medium-sized enterprises, thereby supporting the development of the market based on intangibles.",The Japan Patent Office introduced the IP Business Valuation Report and the IP business proposal in 2014 to help financial institutions better understand intellectual property issues when lending to small and medium-sized enterprises.,82.0,82.0
JPN_2024_006,JPN,Japan,2024,2014.0,,,,,,,,explicit,high,innovation,startup_ecosystem,,,public_private,unknown,growth_supporting,"The initiative aims to foster a vibrant startup ecosystem, which can enhance innovation and economic growth by supporting new business ventures.",high,Fukuoka Startup Initiative,,False,implemented,Fukuoka City has a Startup Support Hub that offers various services to startups.,high,False,2,"The establishment of the Startup Support Hub represents a significant effort to enhance the startup ecosystem in Fukuoka, which can lead to increased innovation and economic activity.",medium,"Fukuoka City has established a Startup Support Hub, which provides integrated services for startups, including a startup visa programme and special corporate tax reductions.","Designated a National Strategic Special Zone for Global Startups and Job Creation in 2014, Fukuoka City has a Startup Support Hub, which offers integrated startup support services, a startup visa programme and special corporate tax reductions for startups.",42.0,42.0
JPN_2015_009,JPN,Japan,2015,2015.0,,,,,,,,explicit,high,innovation,startup_ecosystem,,,public_private,adoption,growth_supporting,Enhancing the financial health of SMEs through better banking relationships can lead to increased innovation and firm growth.,high,2015 SME Financing Initiative,Relationship Banking Promotion,True,implemented,The government is actively promoting relationship banking.,high,False,2,"This reform aims to improve SME financing, which is crucial for fostering innovation and entrepreneurship in Japan.",medium,"The government is encouraging direct relations between SMEs and financial institutions to reduce information asymmetry, promoting a system of 'relationship banking'.","The government is encouraging direct relations between SMEs and financial institutions, so-called 'relationship banking', to reduce the information asymmetry.",101.0,101.0
JPN_2015_010,JPN,Japan,2015,2015.0,,,,,,,,explicit,high,innovation,knowledge_transfer,,,public_private,commercialization,growth_supporting,Improving collaboration between academia and industry can lead to more effective knowledge transfer and commercialization of research.,high,2015 Innovation System Upgrade,Linkage Strengthening Initiative,True,implemented,The government is taking steps to strengthen linkages between different sectors.,high,False,2,"This initiative is significant for enhancing the overall innovation ecosystem in Japan, facilitating better collaboration and knowledge exchange.",medium,"The government aims to strengthen the linkages between academia, the business sector, and government research institutes to enhance the innovation system.","Strengthen the linkages between academia, the business sector and government research institutes.",102.0,102.0
JPN_2017_004,JPN,Japan,2017,2015.0,,,,,,,,explicit,high,innovation,innovation_instruments,,,public,unknown,growth_supporting,"Improved corporate governance is expected to lead to better capital allocation, which can enhance innovation and economic growth.",high,Corporate Governance Reforms,,False,implemented,The governance reforms have been successfully implemented.,high,False,2,"While important, these reforms are part of a broader governance framework rather than a standalone major reform.",medium,The government introduced a Stewardship Code for institutional investors and a Corporate Governance Code for publicly-listed companies to enhance corporate governance and improve capital allocation.,The government introduced a Stewardship Code for institutional investors in 2014 and a Corporate Governance Code for publicly-listed companies in 2015.,,
JPN_2017_001,JPN,Japan,2017,2016.0,,,,,,,,explicit,high,innovation,rd_funding,,,public,applied,growth_supporting,"The reforms aim to enhance the effectiveness of R&D funding and promote innovation, which is expected to raise productivity and efficiency in the public research sector.",high,Science and Technology Budget Reforms,Centralisation of Science and Technology Budget,True,implemented,The budget reforms have been implemented as part of the ongoing strategy for science and technology.,high,True,3,The centralisation of the budget and the strategic planning represent a significant structural change in how R&D is funded and managed.,medium,"The budget for science and technology was centralised in the Council for Science, Technology and Innovation to promote effective R&D and stimulate innovation through science and technology. The 5th Science and Technology Basic Plan aims at achieving more effective use of government research grants by boosting the share of public research funds for universities that is allocated competitively. Additionally, the Cabinet Office Council for Science, Technology and Innovation formulated the National Energy and Environment Strategy for Technological Innovation towards 2050, focusing on promoting the innovation and diffusion of energy-saving and abatement technologies.","The budget for science and technology, which had been managed by a number of ministries, was centralised in the Council for Science, Technology and Innovation to promote effective R&D.",19.0,19.0
JPN_2017_003,JPN,Japan,2017,2016.0,,,,,,,,explicit,high,innovation,startup_ecosystem,,,private,adoption,growth_supporting,"These reforms aim to improve access to financing for SMEs, which can enhance their ability to innovate and grow, contributing positively to the economy.",high,SME Financing Reforms,Market Forces in SME Financing,False,implemented,The reforms have been implemented to enhance SME financing.,high,False,2,"The reforms represent a significant change in SME financing practices, although they are not as comprehensive as other major reforms.",medium,Japan is implementing reforms to strengthen market forces in SME financing by requiring banks to provide loans to SMEs without personal guarantees and reducing the coverage of the largest guarantee scheme.,The government is planning to reform the guarantee system: i) banks applying for credit guarantees will have to supply loans to SMEs without credit guarantees; and ii) the largest 100% guarantee scheme will lower its rate to 80%.,110.0,110.0
JPN_2017_007,JPN,Japan,2017,2016.0,,,,,,,,explicit,high,innovation,knowledge_transfer,startup_ecosystem,,public_private,applied,growth_supporting,"This program aims to enhance collaboration between academia and industry, facilitating knowledge transfer and innovation, which can positively impact economic growth.",high,Open Innovation Initiatives,,False,implemented,The OPERA program has been successfully launched and is operational.,high,False,2,"While significant for promoting collaboration, this initiative is part of a broader strategy rather than a major reform.",medium,"The government launched the Program for an Open Innovation Platform with Enterprises, Research Institutes and Academia (OPERA) to promote R&D collaboration between universities and firms, particularly at the pre-competitive stage of development.","In 2016, the government launched the Program on Open Innovation Platform with Enterprises, Research Institute and Academia (OPERA) to foster university-industry partnerships, funded by companies and the government.",40.0,40.0
JPN_2017_002,JPN,Japan,2017,2017.0,,,,,,,,explicit,high,innovation,startup_ecosystem,,,private,commercialization,growth_supporting,"These reforms aim to enhance access to funding for startups, which is expected to foster innovation and entrepreneurship, thereby supporting economic growth.",high,Startup Ecosystem Enhancements,Business Angel and Crowdfunding Reforms,True,implemented,The reforms have been successfully implemented to support the startup ecosystem.,high,False,2,"While significant, these reforms are part of a broader effort to enhance the startup ecosystem rather than a standalone major reform.",medium,"The tax system for business angels was made more user-friendly, and measures to promote crowdfunding were launched to create a venture ecosystem. Additionally, Japan Finance Corporation is expanding the targets of loan programmes for start-ups in FY 2017, providing second opportunities for entrepreneurs.","Japan Finance Corporation is expanding the targets of loan programmes for start-ups in FY 2017, providing second opportunities for entrepreneurs.",70.0,70.0
JPN_2021_009,JPN,Japan,2021,2017.0,,,,,,,,explicit,high,innovation,human_capital,,,public_private,applied,growth_supporting,"Training existing workers is essential for enhancing skills and productivity, which supports economic growth.",high,Workforce Training Initiative,Worker Training Initiative,False,implemented,The training initiatives are in place and operational.,high,False,2,"While important for addressing skill shortages, this initiative is not a major reform.",medium,"The government has recognized the need for training existing workers to address skill shortages and prepare for digital transformation, promoting job change and providing vouchers for job training.",The government has recognised this and accompanying the 2018 Work Style reforms they promoted job change regardless of age.,,
JPN_2019_002,JPN,Japan,2019,2018.0,,,,,,,,explicit,high,innovation,innovation_instruments,,,public_private,applied,growth_supporting,"This reform encourages innovation by providing a controlled environment for testing, which can lead to increased productivity and technological advancement.",high,Innovation Support Framework,Regulatory Sandbox,True,implemented,The regulatory sandbox framework has been implemented.,high,False,2,The regulatory sandbox framework is significant for innovation but does not represent a major overhaul of the system.,medium,A framework for project-based regulatory sandboxes was created in 2018 to foster innovation by allowing businesses to test new technologies and services in a controlled environment.,A framework for project-based regulatory sandboxes was created in 2018.,43.0,43.0
JPN_2019_003,JPN,Japan,2019,2018.0,,,,,,,,explicit,high,innovation,sectoral_rd,,,public_private,applied,growth_supporting,"This reform aims to enhance collaboration in R&D, which is expected to drive innovation and productivity in key technology sectors.",high,Sectoral R&D Enhancement,AI and IoT Collaboration,True,implemented,The revised guidelines have been implemented to support R&D projects.,high,False,2,The revision of guidelines is significant for promoting collaboration but does not represent a major structural change.,medium,The guideline for the strategic basic technology advancement/collaboration support projects was revised in 2018 to expand its coverage to include R&D projects related to AI and IoT between SMEs and universities and government research institutes.,"In 2018, the guideline for the strategic basic technology advancement/collaboration support projects was revised and its coverage expanded to include R&D projects related to AI and IoT between SMEs and universities and government research institutes.",56.0,56.0
JPN_2019_004,JPN,Japan,2019,2018.0,,,,,,,,explicit,high,innovation,sectoral_rd,,,public,applied,growth_supporting,"This initiative aims to enhance technological capabilities in energy production, which can lead to improved efficiency and reduced emissions, supporting sustainable growth.",high,Environmental Technology Development,Power Generation Efficiency,True,implemented,The promotion of technologies for power generation efficiency has been implemented.,high,False,2,"While significant, this initiative does not represent a major overhaul of the energy sector's R&D framework.",medium,"Japan is promoting the development of technologies to improve power generation efficiency and drastically reduce GHG emissions, in part through carbon capture, utilisation and storage (CCUS).","Japan is promoting the development of technologies to improve power generation efficiency and drastically reduce GHG emissions, in part through carbon capture, utilisation and storage (CCUS).",59.0,59.0
JPN_2019_001,JPN,Japan,2019,2019.0,,,,,,,,explicit,high,innovation,innovation_instruments,,,public_private,adoption,growth_supporting,"These reforms are designed to enhance connectivity and support innovation, which are expected to raise productivity and efficiency in various sectors.",high,Innovation Support Framework,5G and Regulatory Sandbox,True,implemented,"The 5G frequency allocation and regulatory sandbox framework have been implemented, as well as the revisions to the Feed-in Tariffs.",high,False,2,"While these reforms are significant in promoting innovation, they do not represent a structural overhaul of the innovation system.",medium,"The government allocated 5G frequency bands in 2019 to facilitate the rollout of commercial services starting in 2020, aiming to enhance connectivity and support innovation in various sectors. Additionally, a framework for project-based regulatory sandboxes was created in 2018 to foster innovation by allowing businesses to test new technologies and services in a controlled environment. The government has also revised the Feed-in Tariffs (FITs) and introduced reverse tendering for large-scale solar energy projects to enhance renewable energy generation.",Preferential treatment in public procurement will be granted for advanced technology and SMEs and venture businesses.,43.0,43.0
JPN_2021_010,JPN,Japan,2021,2019.0,,,,,,,,explicit,high,innovation,human_capital,,,public,applied,growth_supporting,Increasing the number of skilled workers in innovative industries is crucial for enhancing productivity and innovation.,high,AI Skills Training Initiative,,False,implemented,The AI Skills Training initiative is operational.,high,False,2,"While significant for workforce development, this initiative is not a major reform.",medium,"The Artificial Intelligence Strategy from 2019 supports training to increase the numbers of skilled workers in innovative industries, particularly in IT skills such as artificial intelligence, cloud computing, and data science.",The Artificial Intelligence Strategy from 2019 supports training to increase the numbers of skilled workers in innovative industries.,,
JPN_2024_013,JPN,Japan,2024,2019.0,,,,,,,,explicit,high,innovation,human_capital,,,private,adoption,growth_supporting,"By attracting skilled foreign workers, the programme aims to alleviate labor shortages and enhance productivity in key sectors, contributing positively to economic growth.",high,2024 Foreign Worker Integration Initiative,Specified Skilled Worker Programme,False,implemented,The programme has been operational since April 2019.,high,True,3,"This reform represents a structural change in Japan's labor policy, addressing critical labor shortages and enhancing the country's ability to attract foreign talent, which is essential for economic sustainability.",high,"Japan launched the Specified Skilled Worker Programme in April 2019, allowing medium-skilled foreign workers to be employed on working visas in sectors facing labor shortages, marking a significant shift from previous trainee-based employment.","In April 2019, Japan launched the Specified Skilled Worker Programme, a new residency status for work-ready foreigners with expertise in 14 business lines facing labour shortages.",118.0,118.0
JPN_2021_002,JPN,Japan,2021,2020.0,,,,,,,,explicit,high,innovation,sectoral_rd,,,public,applied,growth_supporting,"The fund is intended to support R&D in green technologies, which can contribute to sustainable economic growth.",high,Carbon Neutrality R&D Fund,R&D Fund for Carbon Neutrality,False,implemented,The fund has been established and is operational.,high,False,2,"While significant, the fund is narrower in scope compared to the broader economic policy package.",medium,"The government is establishing a fund for R&Ds toward carbon neutrality, aimed at promoting research and development in green technologies.",Establishing a fund for R&Ds toward carbon neutrality: JPY 2.0 trillion.,32.0,32.0
JPN_2021_004,JPN,Japan,2021,2020.0,,,,,,,,explicit,high,innovation,startup_ecosystem,,,public,adoption,growth_supporting,"Supporting SMEs is crucial for economic resilience and innovation, which can positively impact overall economic growth.",high,SME Financial Support Enhancement,Financial Support for SMEs,False,implemented,The financial support measures have been enhanced and are in effect.,high,False,2,"While important, the enhancement of financial support is a significant but narrower reform.",medium,"The government is enhancing financial support for SMEs, which includes various forms of financial assistance to bolster their resilience during economic challenges.",Enhancing financial support for SMEs: JPY 3.2 trillion.,32.0,32.0
JPN_2021_001,JPN,Japan,2021,2021.0,2021.0,explicit,high,,,,,explicit,high,innovation,rd_funding,,,public,applied,growth_supporting,"The fund aims to enhance R&D and investment in advanced technologies, which is expected to raise productivity and innovation.",high,University Endowment Fund and Economic Policy Package,University Endowment Fund,True,implemented,The fund and policy package have been initiated and are in operation.,high,True,3,The establishment of a significant fund and a comprehensive economic policy package represents a structural change in R&D funding.,high,"The Japanese government is initiating the operation of a University Endowment Fund worth JPY 10 trillion in FY2021 to expand investment and R&D, particularly in clean energy technologies, as part of a new economic policy package aimed at enhancing R&D and investment in advanced technologies, promoting digital transformation and green growth.","The growth strategy includes expanding investment and R&D, especially for starting the operation of the University Endowment Fund worth JPY 10 trillion in FY2021.",31.0,31.0
JPN_2021_003,JPN,Japan,2021,2021.0,2021.0,explicit,high,,,,,explicit,high,innovation,innovation_instruments,,,public,adoption,growth_supporting,"The establishment of the Digital Agency is expected to improve public service efficiency and productivity, contributing to overall economic growth.",high,Digital Agency Establishment,Establishment of Digital Agency,False,implemented,The Digital Agency has been established and is operational.,high,True,3,The creation of a new government agency represents a significant reform in governance for digital transformation.,high,The Japanese government established a new 'Digital Agency' in September 2021 to enhance digital transformation and improve the productivity and efficiency of public service provision.,"To address these issues, the Japanese government established a new 'Digital Agency' in September 2021, with a staff of 600 officials, including 200 ICT engineers.",72.0,72.0
JPN_2021_005,JPN,Japan,2021,2021.0,,,,,,,,explicit,high,innovation,sectoral_rd,,,public_private,applied,growth_supporting,"The framework aims to foster innovation in renewable energy, which can contribute to economic growth and sustainability.",high,Fukushima Innovation Coast Framework,Hydrogen Demonstration Project,False,implemented,The framework has been established and is operational.,high,False,2,The framework represents a significant initiative but is more focused on a specific region and sector.,medium,"The Fukushima Innovation Coast Framework promotes digitalisation and renewable energy projects in the region, including a major hydrogen demonstration project aimed at reducing production costs and managing power grid demand.",Fukushima is the site of a major hydrogen demonstration project examining the possibilities of lowering the cost of hydrogen production as well as adjusting demand in the power grid by changing the production of hydrogen.,41.0,41.0
JPN_2021_006,JPN,Japan,2021,2021.0,,,,,,,,explicit,high,innovation,startup_ecosystem,,,public_private,commercialization,growth_supporting,"Promoting the semiconductor sector is expected to enhance innovation and attract investment, contributing to economic growth.",high,Fukuoka Semiconductor Promotion,Semiconductor Sector Promotion,False,implemented,The promotion measures for the semiconductor sector are in effect.,high,False,2,"While significant for the local economy, this initiative is more focused and does not represent a system-wide change.",medium,"Fukuoka city is promoting the semiconductor sector by supporting semiconductor design companies and institutions, aiming to create a vibrant business environment for start-ups and attract foreign investment.",Fukuoka is promoting the semiconductor sector with the Fukuoka Institute of System LSI Design Industry playing a central role in these efforts.,,
JPN_2024_008,JPN,Japan,2024,2022.0,2022.0,explicit,high,,,,,explicit,high,innovation,research_infrastructure,startup_ecosystem,,public,applied,growth_supporting,"The fund enhances research capabilities and supports the creation of start-ups, fostering innovation and economic growth.",high,2024 University Endowment Initiative,,False,implemented,The fund is currently operational and providing support.,high,True,3,"This initiative represents a significant structural change in funding for universities, aiming to enhance their research capabilities and support innovation ecosystems.",high,"The University Endowment Fund, launched in March 2022, aims to provide selected universities with stable long-term funding to upgrade their research infrastructure and support university start-ups.","The University Endowment Fund, launched in March 2022 and with a current allocation of about JPY 10 trillion, is set to use the gains from the investment of the fund’s assets to provide selected universities with stable long-term funding.",48.0,48.0
JPN_2024_005,JPN,Japan,2024,2023.0,2023.0,explicit,high,,,,,explicit,high,innovation,innovation_instruments,,,private,applied,growth_supporting,"The package aims to stimulate business investment in R&D and innovation, which can enhance productivity and economic growth.",high,2023 Economic Package,,False,implemented,The economic package was launched with specific measures to support R&D financing.,high,True,3,"This reform represents a significant shift in policy aimed at enhancing R&D and innovation capabilities, which are critical for long-term economic growth.",high,"The November 2023 economic package includes stronger tax incentives for businesses to achieve structural wage increases, regulatory reforms, and R&D financing to generate new frontiers of growth in space and oceans.","The November 2023 economic package includes stronger tax incentives for businesses to achieve structural wage increases, regulatory reforms and R&D financing to generate new frontiers of growth in space and oceans.",31.0,31.0
JPN_2024_011,JPN,Japan,2024,2023.0,,,,,,,,explicit,high,innovation,innovation_instruments,,,private,unknown,growth_supporting,"This tax incentive is designed to stimulate private investment in start-ups, which can lead to increased innovation and economic activity.",high,2024 Tax Incentive Reform,,False,implemented,Companies can now benefit from the new tax deduction for equity investments in start-ups.,high,False,2,"This reform provides a significant incentive for private sector investment in innovation, which is essential for fostering a vibrant start-up ecosystem.",medium,"As of April 2023, companies can deduct 25% of the value of an equity investment in start-ups from their corporate tax liabilities, enhancing incentives for investment in innovative firms.","As of April 2023, companies can deduct 25% of the value of an equity investment in start-ups from their corporate tax liabilities.",,
JPN_2024_012,JPN,Japan,2024,2023.0,2023.0,explicit,high,,,,,explicit,high,innovation,human_capital,other,,public,applied,growth_supporting,"By improving financial support and childcare services, the initiative aims to enhance the well-being of families, which can lead to increased fertility and a more stable workforce.",high,2023 Children and Families Initiative,,False,implemented,The Children and Families Agency was established and began operations in April 2023.,high,True,3,"This reform represents a significant structural change in how child-related policies are managed and implemented, aiming to address long-standing issues related to family support and fertility rates.",high,"The government established the Children and Families Agency to consolidate child-related policies and enhance support for families, including financial assistance and improved childcare services.",The government established the Children and Families Agency on 1 April 2023 by combining offices responsible for child-related policy across the government into one organisation.,84.0,84.0
JPN_2024_001,JPN,Japan,2024,2024.0,,,,,,,,explicit,high,innovation,rd_funding,,,private,applied,growth_supporting,"Increasing public support for R&D is expected to stimulate private sector investment and innovation, leading to higher productivity and economic growth.",high,2024 R&D Support Initiative,Direct Grants for R&D,False,announced,The government has announced plans to enhance public support for business R&D.,high,True,3,"This reform represents a significant shift in Japan's approach to R&D funding, aiming to align public support with private sector needs and enhance overall innovation capacity.",high,"Japan aims to enhance public support for business R&D, which has been below the OECD average and has decreased in recent years. The reform focuses on increasing the use of direct grants targeting specific objectives to promote R&D spending effectively.",Public support to business R&D is below the OECD average and has decreased markedly in recent years.,46.0,46.0
JPN_2024_002,JPN,Japan,2024,2024.0,,,,,,,,explicit,high,innovation,knowledge_transfer,,,public_private,commercialization,growth_supporting,"By improving collaboration between universities and businesses, the reform is expected to enhance knowledge transfer and innovation, leading to economic growth.",high,2024 University-Business Collaboration Initiative,Strengthening University Links,False,announced,The government has announced plans to enhance the role of universities in innovation.,high,False,2,"This initiative is significant as it aims to bridge the gap between academia and industry, which is crucial for fostering innovation in Japan.",medium,"The government is focusing on boosting the innovation potential of universities by enhancing their links with businesses, particularly SMEs, to foster creative innovation and increase the share of business-financed R&D performed at universities.","Enhancing the role of universities and public research institutions by strengthening their links with businesses, especially SMEs, could help fulfil the government’s objective to boost creative innovation.",47.0,47.0
JPN_2024_003,JPN,Japan,2024,2024.0,2024.0,explicit,high,,,,,inferred,medium,innovation,innovation_instruments,,,private,applied,growth_supporting,"By improving the effectiveness of the R&D tax credit, the reform aims to stimulate investment in innovation among start-ups and SMEs, which can lead to increased productivity and economic growth.",high,2024 Innovation Enhancement Initiative,R&D Tax Credit Reform,False,announced,The government plans to make the R&D tax credit refundable or reinstate the tax carry-over.,high,True,3,"This reform represents a significant change in the R&D tax credit system, which is crucial for enhancing innovation capacity among SMEs and start-ups, thereby addressing broader economic challenges.",high,The government plans to make the R&D tax credit refundable or reinstate the tax carry-over to enhance incentives for innovative start-ups and early-stage SMEs.,Make the R&D tax credit refundable or reinstate the tax carry-over to enhance incentives to invest by innovative start-ups and early-stage SMEs.,15.0,15.0
JPN_2024_004,JPN,Japan,2024,2024.0,2022.0,explicit,high,,,,,explicit,high,innovation,startup_ecosystem,,,public_private,commercialization,growth_supporting,"The plan is designed to enhance the start-up ecosystem, which can lead to increased innovation and economic growth through new business creation.",high,2024 Start-up Development Initiative,,False,implemented,The government allocated JPY 1 trillion to the plan in the FY2022 supplementary budget.,high,True,3,"This initiative represents a significant structural change in Japan's approach to fostering innovation and entrepreneurship, with potential long-term impacts on the economy.",high,"The government introduced the Five-year Start-up Development Plan, aiming to increase start-up investment significantly and create a substantial number of unicorns and start-ups.","The Five-year Start-up Development Plan, introduced in November 2022, set a goal of increasing start-up investment by more than tenfold (to JPY 10 trillion) by FY2027.",19.0,19.0
JPN_2024_009,JPN,Japan,2024,2024.0,2023.0,explicit,high,,,,,explicit,high,innovation,startup_ecosystem,,,private,adoption,growth_supporting,"By easing collateral requirements, the reform aims to facilitate access to finance for innovative start-ups, thereby promoting entrepreneurship and economic dynamism.",high,2024 Start-up Financing Reform,,False,announced,The government aims to submit new legislation to introduce the possibility of incorporating intangible assets into collateral.,high,False,2,"This reform addresses a critical barrier to start-up financing, potentially enhancing the entrepreneurial landscape in Japan.",medium,The government plans to reform the collateral system to improve financing conditions for start-ups by allowing new lending to be secured by the entirety of a business's assets.,"Government plans to reform the collateral system, which will improve financing conditions for start-ups with growth potential, are welcome.",51.0,51.0
JPN_2024_010,JPN,Japan,2024,2024.0,2023.0,explicit,high,,,,,explicit,high,innovation,rd_funding,,,public_private,applied,growth_supporting,"This funding aims to enhance R&D capabilities in start-ups, fostering innovation and productivity growth in the economy.",high,2024 R&D Support Initiative,,False,announced,The NEDO has announced the allocation of funds for R&D start-ups.,high,True,3,"This reform represents a significant investment in R&D funding for start-ups, which is crucial for driving innovation and economic growth.",high,"The national research and development authority (NEDO) will spend JPY 20 billion per year (until 2027) to subsidise two thirds of R&D start-ups’ costs of practical application development, provided the remaining third is funded through (certified) venture capital investment.",The national research and development authority (NEDO) will spend JPY 20 billion per year (until 2027) to subsidise two thirds of R&D start-ups’ costs of practical application development.,56.0,56.0
JPN_1965_001,JPN,Japan,1965,,,,,,,,,,,innovation,rd_funding,,,public,applied,growth_supporting,"Increases public investment in key sectors, which can stimulate economic activity and support recovery from recession.",high,1965 Financial Loan and Investment Program Expansion,,False,implemented,The Financial Loans and Investment Program was increased to provide additional support.,high,False,2,"The increase in funding is significant for addressing immediate economic challenges, though it builds on an existing program rather than creating a new framework.",medium,"The Financial Loan and Investment Program was increased by 210 billion yen to support various sectors, including housing and transportation, in response to the economic downturn.","The Financial Loans and Investment Program was increased by 210 billion yen; 50 billion yen for housing, 30 billion yen for water supply and sewer systems, 20 billion yen for transportation, etc.",36.0,36.0
JPN_1967_001,JPN,Japan,1967,,,,,,,,,,,innovation,rd_funding,,,public,applied,growth_supporting,"The increase in budget spending and expansion of public investment are aimed at stimulating economic recovery, which supports growth.",high,Fiscal Policy Reforms 1966,,False,implemented,Both reforms were part of the fiscal year 1966 budget and are stated to be implemented.,high,True,3,The reforms represent a significant structural change in fiscal policy aimed at economic recovery.,medium,"The fiscal year 1966 budget introduced a significant increase in general account budget spending, marking a shift in fiscal policy to stimulate economic recovery. Additionally, the Financial Loan and Investment Programme (FLIP) was expanded by 25% over the initial 1965 programme to enhance public investment.",The most important features of the new programme were: i) a 17.9 per cent increase of initial general account budget spending over the initial 1965 budget.,22.0,22.0
JPN_1975_001,JPN,Japan,1975,,,,,,,,,,,innovation,rd_funding,,,public,applied,growth_supporting,"Investments in education and scientific research are expected to enhance human capital and innovation capacity, contributing positively to economic growth.",high,FY 1975 Budget,Education and Scientific Techniques Promotion,False,implemented,The FY 1975 budget was approved by the Diet and includes these expenditures.,high,False,2,"The budget reflects a significant commitment to education and research, which are crucial for long-term economic development.",medium,"The FY 1975 budget includes significant outlays for promoting education and developing scientific techniques, indicating a commitment to enhance research and innovation capabilities.",The total includes a very steep increase in social expenditures and outlays for promoting education and the development of scientific techniques.,,
JPN_1978_001,JPN,Japan,1978,,,,,,,,,,,innovation,human_capital,,,public,applied,growth_supporting,"The reforms aim to enhance labor mobility and support for unemployed individuals, which can lead to improved productivity and economic resilience.",high,Employment Support and Mobility,Labor Transfer Facilitation Law,False,implemented,Both the Employment Stabilisation Fund and the law for labor transfer and reemployment have been established and are in effect.,high,False,2,The reforms are significant in addressing labor market challenges but do not represent a structural overhaul.,medium,"The Employment Stabilisation Fund was established to promote occupational mobility and provide comprehensive support for unemployment allowances, alongside a law enacted to facilitate the transfer and reemployment of labor from structurally depressed industries, providing support for affected workers.","In October 1977, the 'Employment Adjustment Grant' scheme... was integrated in a permanent and more comprehensive 'Employment Stabilisation Fund' aiming notably at promoting occupational mobility.",,
JPN_1979_001,JPN,Japan,1979,,,,,,,,,,,innovation,innovation_instruments,,,private,applied,growth_supporting,"The tax credit incentivizes private sector investment in energy-saving technologies, which can enhance productivity and innovation.",high,Investment Incentives for Innovation,Energy-Saving Investment Tax Credit,True,implemented,The investment tax credit was introduced and is currently in effect.,high,False,2,"While significant, the reform is not a structural change but rather an introduction of a new incentive.",medium,"An investment tax credit was introduced for the first time, aimed at encouraging investments in energy-saving and pollution control initiatives.",A tax rebate of 300 billion yen was granted to households and an investment tax credit was introduced for the first time.,34.0,34.0
JPN_1979_002,JPN,Japan,1979,,,,,,,,,,,innovation,human_capital,,,public_private,adoption,growth_supporting,"By providing subsidies for hiring older workers, the fund aims to reduce unemployment and enhance the labor market's efficiency.",high,Employment Support Initiatives,Employment Stabilisation Fund,True,implemented,The fund has been established and is currently operational.,high,False,2,The establishment of the fund is significant for addressing demographic unemployment but does not represent a systemic overhaul.,medium,"The 'Employment Stabilisation Fund' was established to provide subsidies to firms hiring older workers, aimed at addressing unemployment among this demographic.",In FY 1978 the 'Employment Stabilisation Fund' started to grant subsidies to firms recruiting workers between 45 and 64 years of age.,,
JPN_1980_001,JPN,Japan,1980,,,,,,,,,,,innovation,innovation_instruments,,,private,applied,growth_supporting,"The tax credit incentivizes investment in equipment and machinery, which can enhance productivity and drive structural changes in the industry.",high,1980 Industrial Structural Change Initiative,,False,implemented,The investment tax credit remains effective until the end of FY 1980.,high,False,2,"The investment tax credit is a significant policy tool aimed at encouraging industrial investment, which can lead to broader economic benefits.",medium,"A 10 percent investment tax credit on equipment and machinery was provided to promote structural changes in industry, effective until the end of FY 1980.",A 10 per cent investment tax credit on equipment and machinery was provided to promote structural changes in industry.,,
JPN_1981_001,JPN,Japan,1981,,,,,,,,,,,innovation,rd_funding,,,public,applied,growth_supporting,"This funding enhances R&D capabilities, fostering innovation and competitiveness in key industries.",high,Technologically Advanced Industries Support,,False,implemented,Government financial assistance was provided under various schemes.,high,True,3,This reform represents a significant investment in R&D that is crucial for the advancement of Japan's technological capabilities and global competitiveness.,high,"The Japanese government provided financial assistance in the form of grants, concessional loans, and special tax benefits to promote research and development in technologically-advanced industries.",The expansion of technologically-sophisticated industries was promoted by specific development plans formulated by MITI and government financial assistance provided under various schemes.,50.0,50.0
JPN_1985_001,JPN,Japan,1985,,,,,,,,,,,innovation,sectoral_rd,,,public_private,applied,growth_supporting,"The reform aims to enhance technological development and application, which supports economic growth.",high,Structural Improvement and Technology Development,,False,implemented,The law has been enacted and is currently in force.,high,True,3,The reform represents a significant structural change aimed at improving industry capacity and technology.,medium,The 'Temporary Measures Law for Structural Improvement of Specific Industries' was enacted to assist in the elimination of excess capacity and promote the development and application of new technology in 26 industries.,New legislation (the 'Temporary Measures Law for Structural Improvement of Specific Industries') was therefore put in place.,,
JPN_1985_002,JPN,Japan,1985,,,,,,,,,,,innovation,rd_funding,,,public_private,applied,growth_supporting,"The subsidies are designed to stimulate investment in the computer industry, fostering innovation and economic growth.",high,Computer Development Subsidies,,False,implemented,The system has been adopted and is currently operational.,high,False,2,"While significant, the reform is not as transformative as major structural changes.",medium,"The System of Subsidies for Promoting the Development of Computers was adopted, providing conditional loans for the development costs of new machines to boost the domestic computer industry.","In 1971, the System of Subsidies for Promoting the Development of Computers was adopted: a 50 percent conditional loan was provided for the development costs of the new machines.",,
JPN_1989_001,JPN,Japan,1989,,,,,,,,,,,innovation,rd_funding,,,public_private,applied,growth_supporting,"These policies are designed to stimulate R&D activities in high-technology industries, which can enhance innovation and economic growth.",high,1989 R&D Promotion Initiative,,False,implemented,The role of government has been important in stimulating research and development in high-technology industries.,high,True,3,"This reform represents a significant structural change in how R&D is funded and supported in Japan, with implications for the entire innovation ecosystem.",high,"The Japanese government has implemented major policy instruments to promote research and development, including direct research in national organizations and financing private sector research through the Fiscal Investment and Loan Program.","Major policy instruments for research and development promotion are: Direct research in national organisations; Financing private sector research through the Fiscal Investment and Loan Program; Tax privileges for R&D expenditure, and subsidies to basic research such as development of new energy technologies.",,
JPN_1990_001,JPN,Japan,1990,,,,,,,,,,,innovation,human_capital,,,private,unknown,growth_supporting,"Increased competition in pension fund management can enhance the efficiency of capital allocation and improve the financial security of workers, thereby supporting economic growth.",high,1989 Pension Scheme Reform,,False,implemented,The number of newly-established firm pension funds tripled in 1989.,high,False,2,"The reform significantly increased the number of pension funds, enhancing the retirement savings landscape in Japan, which is crucial for addressing the challenges of an aging population.",medium,"Regulations on the establishment of firm pension schemes were relaxed in 1989, leading to increased competition among financial institutions for the management of these schemes and a tripling in the number of newly-established firm pension funds.","Regulations on the establishment of firm pension schemes were relaxed in 1989, covering smaller-sized firms, and the competition among financial institutions for the management of these schemes has increased.",104.0,104.0
JPN_2002_004,JPN,Japan,2002,,,,,,,,,,,innovation,startup_ecosystem,,,public_private,adoption,growth_supporting,Facilitating entrepreneurship and foreign direct investment is expected to enhance economic growth.,high,Structural Reform Zones Initiative,Regulatory Barrier Waiver,True,announced,The government proposed the creation of 'special structural reform zones'.,high,False,2,The proposal represents a significant reform aimed at enhancing the startup ecosystem.,medium,"The government proposed the creation of 'special structural reform zones' to allow local authorities to identify and waive regulatory barriers to development, facilitating entrepreneurship and foreign direct investment.",An important initiative proposed by the central government is the creation of 'special structural reform zones'.,122.0,122.0
JPN_2002_006,JPN,Japan,2002,,,,,,,,,,,innovation,startup_ecosystem,,,private,commercialization,growth_supporting,Providing comprehensive support for startups is expected to enhance innovation and economic growth.,high,Startup Support Initiative,Entrepreneurship Support,True,implemented,The government is providing support for start-ups.,high,False,2,The support for startups represents a significant but narrower reform in the innovation ecosystem.,medium,"The government is providing support for start-ups through management training, loans, subsidies, and special tax treatment to encourage entrepreneurship.","Support for start-ups including management training, loans, subsidies and special tax treatment is provided by the government.",141.0,141.0
JPN_2002_007,JPN,Japan,2002,,2002.0,explicit,high,,,,,,,innovation,research_infrastructure,,,public,adoption,growth_supporting,Enhancing ICT infrastructure is expected to facilitate innovation and economic growth.,high,National Broadband Initiative,High-Speed Internet Deployment,True,announced,The government announced a national broadband initiative.,high,False,2,The national broadband initiative represents a significant investment in research infrastructure.,medium,The government announced a national broadband initiative aimed at promoting the deployment of high speed/ultra high speed Internet infrastructure to enhance ICT use and diffusion across Japan.,The government believes that ICT use will be a major force driving future growth and socio-economic developments and to this end has announced a national broadband initiative.,152.0,152.0
JPN_2002_008,JPN,Japan,2002,,,,,,,,,,,innovation,startup_ecosystem,,,public_private,commercialization,growth_supporting,Setting ambitious targets for venture companies is expected to stimulate innovation and economic growth.,high,Venture Company Initiative,University Venture Targets,True,announced,The government has set targets for establishing 1000 venture companies.,high,False,2,The initiative represents a significant but narrower reform aimed at enhancing the startup ecosystem.,medium,The government has set targets for establishing 1000 venture companies stemming from universities within three years and aims to increase the number of intellectual property rights granted by universities tenfold within a decade.,The government has set targets for the establishment of 1000 venture companies stemming from universities within three years.,171.0,171.0
JPN_2002_009,JPN,Japan,2002,,,,,,,,,,,innovation,knowledge_transfer,,,public_private,commercialization,growth_supporting,Creating a more open relationship is expected to enhance collaboration and innovation.,high,Industry-Science Relationship Initiative,Transparency in Cooperation,True,announced,The government is moving to create a more open and transparent industry-science relationship.,high,False,2,The initiative represents a significant but narrower reform aimed at improving knowledge transfer.,medium,"The government is moving to create a more open and transparent industry-science relationship, aiming to remove disincentives to cooperation between universities and national research institutions.",The government’s move to create a more open and transparent industry-science relationship and to remove the disincentives to co-operation facing the universities and the NRIs goes in the right direction.,175.0,175.0
JPN_2006_006,JPN,Japan,2006,,,,,,,,,,,innovation,human_capital,,,public,applied,growth_supporting,Enhancing researcher mobility can lead to better knowledge transfer and innovation across sectors.,high,Mobility Enhancement Initiative,,False,implemented,The government is taking measures to increase the mobility of researchers.,high,False,2,"This initiative addresses a key weakness in the innovation system by promoting researcher mobility, which is essential for fostering innovation.",medium,The government is taking measures to increase the mobility of researchers by restructuring the national pension system to increase portability and advising institutions to establish fair human resource management systems.,The government is taking measures to increase the mobility of researchers by restructuring the national pension system to increase portability.,148.0,148.0
JPN_2006_014,JPN,Japan,2006,,,,,,,,,,,innovation,sectoral_rd,,,public_private,applied,growth_supporting,"Enhancing the R&D framework and education system is expected to lead to higher productivity, which supports economic growth.",high,National Innovation System Upgrade,,False,announced,The need to upgrade the innovation system was highlighted as a key challenge for sustaining growth.,high,True,3,"This reform addresses systemic issues in the innovation framework, which are crucial for long-term economic sustainability and productivity enhancement.",high,"Japan aims to upgrade its national innovation system to enhance productivity growth, focusing on improving the R&D framework and education system.",Upgrading the innovation system to help boost productivity growth.,13.0,13.0
JPN_2009_002,JPN,Japan,2009,,,,,,,,,,,innovation,rd_funding,,,public,basic,growth_supporting,"Investing in basic R&D is crucial for fostering innovation and reducing emissions, which can lead to long-term economic benefits.",high,Basic R&D Investment,Direct Investment in Basic R&D,True,announced,The government has proposed this investment but it has not yet been implemented.,medium,True,3,This reform is a major initiative aimed at enhancing R&D capabilities and addressing climate change.,high,"Japan's government should invest directly in basic R&D to share the risk of developing new technologies with the private sector, aiming to achieve the innovations necessary for targeted emissions reductions.","Specific policies, in addition to price-based instruments, are needed therefore to foster R&D and the development of renewable energy sources.",,
JPN_2011_003,JPN,Japan,2011,,2010.0,explicit,high,,,,,,,innovation,rd_funding,,,public,applied,growth_supporting,Increasing R&D investment is expected to enhance innovation capabilities and drive economic growth.,high,New Growth Strategy,R&D Investment Increase,False,announced,The government plans to increase R&D investment to at least 4% of GDP.,high,True,3,"This reform represents a fundamental commitment to enhancing Japan's R&D capabilities, which is critical for long-term economic competitiveness.",high,The government plans to increase R&D investment to at least 4% of GDP as part of its strategy to boost innovation.,Increase R&D investment to at least 4% of GDP.,74.0,74.0
JPN_2011_005,JPN,Japan,2011,,,,,,,,,,,innovation,rd_funding,,,public,applied,growth_supporting,"Increasing competitive funding can lead to more effective allocation of resources, fostering innovation and research excellence.",high,Public Research Funding Reform,,False,announced,The share of government R&D funding for universities that is allocated competitively should be increased to enhance its effectiveness.,medium,False,2,"This reform is significant as it aims to improve the effectiveness of public funding for research, which is crucial for enhancing innovation outcomes.",medium,The government proposed to increase the share of public research funds for universities that is allocated competitively to enhance the effectiveness of R&D funding.,The share of government R&D funding for universities that is allocated competitively should be increased to enhance its effectiveness.,137.0,137.0
JPN_2011_014,JPN,Japan,2011,,,,,,,,,,,innovation,startup_ecosystem,,,private,adoption,growth_supporting,"By supporting SMEs, the initiative fosters entrepreneurship and innovation, which can lead to job creation and economic growth.",high,New Growth Strategy,New Competitive Cluster Project Start-ups,False,announced,The project is part of the New Growth Strategy aimed at creating demand and jobs.,high,False,2,"The initiative is significant as it targets the growth of SMEs, which are crucial for innovation and economic dynamism.",medium,"The New Competitive Cluster Project Start-ups aims to support SMEs in specific fields, enhancing their capacity for innovation and growth.","The New Competitive Cluster Project Start-ups, led by METI, to support SMEs in specific fields.",,
JPN_2011_015,JPN,Japan,2011,,,,,,,,,,,innovation,knowledge_transfer,,,public_private,commercialization,growth_supporting,"By fostering collaboration between universities and industries, the programme enhances knowledge transfer and innovation, contributing to economic growth.",high,New Growth Strategy,Regional Innovation Cluster Programme,False,announced,The programme is part of the New Growth Strategy aimed at creating demand and jobs.,high,False,2,"The programme is significant as it aims to strengthen the link between academia and industry, which is vital for innovation.",medium,"The Regional Innovation Cluster Programme is designed to promote greater university-industry collaboration, enhancing innovation through partnerships.","The Regional Innovation Cluster Programme, directed by the Ministry for Education, Culture, Sports, Science and Technology, centred around key universities to promote greater university-industry collaboration.",93.0,93.0
JPN_2013_005,JPN,Japan,2013,,,,,,,,,,,innovation,innovation_instruments,,,private,adoption,growth_supporting,"Encourages private investment in the region, aiding economic recovery and job creation.",high,Tohoku Reconstruction Initiative,Fukushima Construction Subsidy Fund,False,implemented,The fund was established to support construction in the disaster-affected area.,high,False,1,"While it provides necessary support for recovery, the fund is a specific financial instrument rather than a broad structural reform.",medium,"A 170 billion yen fund was established by the Ministry of Economy, Trade and Industry to subsidize construction by firms locating in Fukushima prefecture.","A 170 billion yen fund was established by the Ministry of Economy, Trade and Industry to subsidise construction by firms locating in Fukushima prefecture.",,
JPN_2013_007,JPN,Japan,2013,,,,,,,,,,,innovation,innovation_instruments,,,public,applied,growth_supporting,"The feed-in-tariff system is designed to incentivize investment in renewable energy technologies, which can lead to innovation and economic growth.",high,Renewable Energy Policy Framework,Feed-in-Tariff System,False,announced,The government plans to ensure appropriate incentives for R&D through the feed-in-tariff system.,high,False,2,The introduction of a feed-in-tariff system represents a significant policy shift aimed at promoting renewable energy and associated R&D.,medium,"The government plans to ensure that the newly-established feed-in-tariff system provides appropriate incentives, including for R&D.","Ensure that the newly-established feed-in-tariff system provides appropriate incentives, including for R&D.",,
JPN_2013_008,JPN,Japan,2013,,,,,,,,,,,innovation,innovation_instruments,,,public_private,applied,growth_supporting,"By putting a price on carbon, the policy encourages investment in cleaner technologies and innovation in the energy sector.",high,Green Growth Strategy,Carbon Pricing Mechanism,False,announced,Introduce carbon pricing through an emissions trading system in combination with a carbon tax to promote investment in green technologies.,high,False,2,The introduction of a carbon pricing mechanism is a significant step towards incentivizing green technology investment and innovation.,medium,"The introduction of carbon pricing through an emissions trading system in combination with a carbon tax is aimed at promoting investment in green technologies, including renewables.","Introduce carbon pricing through an emissions trading system in combination with a carbon tax to promote investment in green technologies, including renewables.",104.0,104.0
JPN_2015_005,JPN,Japan,2015,,,,,,,,,,,innovation,knowledge_transfer,,,public_private,commercialization,growth_supporting,Enhancing collaboration between sectors can lead to increased innovation and commercialization of research outputs.,high,Innovation National System,Role of Government Research Institutes,False,announced,The government is trying to enhance the role of government research institutes under the new Innovation National System.,high,False,2,"This reform aims to improve collaboration between key sectors, which is significant for enhancing innovation capacity.",medium,"The government is planning to enhance the role of government research institutes (GRIs) to promote exchanges between business, academia, and the government under the new Innovation National System (the Amari Plan).","The government is also trying to enhance the role of government research institutes (GRIs). Under the new Innovation National System (the Amari Plan), they are to play a bridging role to promote exchanges between business, academia and the government.",87.0,87.0
JPN_2015_006,JPN,Japan,2015,,,,,,,,,,,innovation,human_capital,,,public_private,applied,growth_supporting,Facilitating mobility among researchers can enhance knowledge transfer and innovation across sectors.,high,Labour Mobility Initiative,Cross-appointments for Researchers,True,announced,The government is planning to promote labour mobility by allowing researchers to have cross-appointments.,high,False,2,"This initiative is significant for enhancing the interaction between academia and industry, which is crucial for innovation.",medium,"The government plans to promote labour mobility by allowing researchers to have cross-appointments in universities, government research institutes, and firms to enhance collaboration and innovation.","The government is planning to promote labour mobility by allowing researchers to have cross-appointments in universities, GRIs and firms.",,
JPN_2015_012,JPN,Japan,2015,,,,,,,,,,,innovation,innovation_instruments,,,public,applied,growth_supporting,"By reducing regulatory burdens, these zones are expected to stimulate private investment in innovation and improve overall productivity.",high,National Strategic Special Zones Initiative,,False,implemented,The government has launched 'National Strategic Special Zones' to promote regulatory reforms.,high,False,2,"This initiative represents a targeted approach to regulatory reform that can significantly impact specific sectors and regions, enhancing innovation potential.",medium,The government has launched 'National Strategic Special Zones' to promote regulatory reforms aimed at enhancing productivity and innovation.,"To promote reform in specific sectors and geographic areas, the government has launched 'National Strategic Special Zones'.",,
JPN_2015_013,JPN,Japan,2015,,,,,,,,,,,innovation,startup_ecosystem,,,private,commercialization,growth_supporting,"Encouraging venture capital investment is expected to foster entrepreneurship and innovation, leading to job creation and economic growth.",high,Venture Capital Revitalization Strategy,,False,implemented,"To expand the role of venture capital, policies should encourage entrepreneurship and enhance the role of venture capital firms.",high,False,2,"This strategy addresses a critical gap in Japan's innovation ecosystem by promoting venture capital, which is essential for supporting startups and new business ventures.",medium,"The Strategy aims to revitalize venture capital investment to promote firm creation and innovation, addressing the low levels of venture capital in Japan.",Revitalising venture capital investment to promote firm creation and innovation.,,
JPN_2015_014,JPN,Japan,2015,,,,,,,,,,,innovation,knowledge_transfer,,,public_private,commercialization,growth_supporting,"Facilitates the transfer of university research to the market, enhancing innovation and economic growth.",high,Technology Licensing Initiative,,False,implemented,The government assists TLOs through subsidies and by waiving patent fees.,high,False,2,"The establishment of TLOs represents a significant step towards enhancing collaboration between universities and the private sector, although their current impact is limited.",medium,"The government has launched technology licensing organisations (TLOs) to obtain patents for university research results and license the technology to private firms, promoting academia-industry cooperation.","The government has launched technology licensing organisations (TLOs), which are corporations that obtain patents for university research results and license the technology to private firms, thereby promoting academia-industry cooperation.",86.0,86.0
JPN_2017_005,JPN,Japan,2017,,,,,,,,,,,innovation,human_capital,knowledge_transfer,,public_private,applied,growth_supporting,"By enhancing financial education for SME owners and managers, the initiative aims to improve their ability to access and utilize financing, thereby supporting innovation and growth.",high,SME Training Initiatives,SME Training Institute,False,implemented,The SME Training Institute has been established and is operational.,high,False,2,This initiative is significant for improving human capital in SMEs but is not a major reform on its own.,medium,"Japan has established the SME Training Institute, which offers seminars for owners and managers of SMEs, focusing on financial education to help them utilize market-based financing instruments beyond traditional bank lending.","Japan has established the SME Training Institute, which offers seminars for owners and managers of SMEs.",94.0,94.0
JPN_2017_006,JPN,Japan,2017,,,,,,,,,,,innovation,human_capital,,,public,applied,growth_supporting,"These educational programmes aim to develop entrepreneurial skills among students, which can lead to increased innovation and economic activity.",high,Entrepreneurship Education Initiatives,Global Entrepreneur Program,False,announced,The government has announced the launch of these educational programmes.,high,False,2,"While important for fostering skills, these initiatives are part of a broader educational strategy rather than a standalone major reform.",medium,The government has launched educational programmes such as the Enhancing Development of Global Entrepreneur Program aimed at university and graduate students to foster entrepreneurial skills.,The government has launched educational programmes such as the Enhancing Development of Global Entrepreneur Program.,94.0,94.0
JPN_2017_009,JPN,Japan,2017,,2013.0,explicit,high,,,,,,,innovation,human_capital,,,public,applied,growth_supporting,"Improving IT literacy is essential for enabling individuals to participate in a digital economy, which can enhance overall productivity and economic growth.",high,IT Literacy Initiative,IT Literacy Enhancement Program,False,announced,The government has announced plans to increase IT literacy.,high,False,2,"While important for enhancing skills, this initiative is part of a broader strategy rather than a standalone major reform.",medium,"The government aims to increase IT literacy across all age groups, particularly focusing on older adults who have relatively poor IT skills.",The government stated that it will consider policies to develop human resources to drive IT utilisation at private-sector companies.,119.0,119.0
JPN_2019_006,JPN,Japan,2019,,,,,,,,,,,innovation,startup_ecosystem,,,private,adoption,growth_supporting,"These tax incentives are designed to attract businesses in life sciences and alternative energy, which can stimulate economic growth and innovation.",high,Special Economic Zones,Tax Incentives for Life Sciences,True,implemented,The establishment of local special zones with tax incentives has been implemented.,high,False,2,"While beneficial, these tax incentives do not represent a major overhaul of the economic framework.",medium,"Osaka Prefecture has established local special zones where the corporate income tax rate is cut to zero for approved life science or alternative energy businesses, promoting growth in these sectors.",Osaka Prefecture promotes growth through local special zones in which the local corporate income tax rate is cut to as low as zero for approved life science or alternative energy businesses.,69.0,69.0
JPN_2021_007,JPN,Japan,2021,,,,,,,,,,,innovation,innovation_instruments,,,private,adoption,growth_supporting,"Accelerating tax depreciation for ICT investments is expected to incentivize firms to invest in digital technologies, enhancing productivity.",high,ICT Investment Tax Incentive,Tax Depreciation Allowances,False,announced,The proposal is currently under consideration.,medium,False,1,This proposal is an adjustment to existing tax policy rather than a major reform.,medium,The government is considering accelerated tax depreciation allowances for investment in ICT to address shortfalls in digital investment among firms.,Accelerated tax depreciation allowances for investment in ICT could be considered.,79.0,79.0
JPN_2024_007,JPN,Japan,2024,,,,,,,,,,,innovation,knowledge_transfer,,,public_private,commercialization,growth_supporting,"By facilitating better communication and legal navigation for startups, this initiative can enhance the commercialization of innovative products and technologies.",high,Open Innovation Support Initiative,,False,implemented,The Japan Patent Office has thus set up model contracts helping R&D start-ups and business companies to improve their communication and successfully navigate the legal and negotiating hurdles of joint research and licence agreements.,high,False,2,"This initiative is significant as it addresses a critical barrier for startups in the commercialization process, potentially leading to increased innovation and economic activity.",medium,The Japan Patent Office has introduced model contracts to assist R&D start-ups and businesses in navigating joint research and licensing agreements.,"To better support open innovation, the Japan Patent Office has thus set up model contracts helping R&D start-ups and business companies to improve their communication and successfully navigate the legal and negotiating hurdles of joint research and licence agreements.",46.0,46.0
JPN_2024_014,JPN,Japan,2024,,2024.0,explicit,high,,,,,,,innovation,startup_ecosystem,,,private,unknown,growth_supporting,"Enhancing the innovation framework and start-up incentives is expected to increase productivity, which can lead to economic growth.",high,2024 Innovation Framework Enhancement,,False,announced,Reforms to improve the innovation framework and incentives for start-ups are key to boost productivity.,high,True,3,"This reform addresses systemic issues in the innovation ecosystem, which is crucial for long-term economic resilience and productivity growth.",high,Reforms to improve the innovation framework and incentives for start-ups are key to boost productivity and address ageing pressures.,Reforms to improve the innovation framework and incentives for start-ups are key to boost productivity and address ageing pressures.,18.0,18.0
USA_1991_001,USA,United States,1991,1991.0,,,,,,,,explicit,high,innovation,rd_funding,,,public,basic,growth_supporting,"Increased funding for basic research is expected to enhance innovation capacity, leading to higher productivity and economic growth.",high,R&D Funding Enhancement,,False,implemented,The reform has been enacted and is currently in force.,high,True,3,"The reform represents a significant increase in public funding for basic research, which is a structural change in the innovation policy landscape.",medium,"The United States government increased its expenditure for basic research and development, aiming to enhance the country's innovation capacity.",an increase in government expenditure for basic research and development,,
USA_1991_002,USA,United States,1991,1991.0,,,,,,,,explicit,high,innovation,innovation_instruments,,,private,applied,growth_supporting,Incentivizing private sector investment in R&D is expected to stimulate innovation and economic growth.,high,R&D Tax Credit Extension,,False,implemented,The tax credit extension has been enacted and is currently in effect.,high,False,2,The extension of the R&D tax credit is a significant but narrower reform aimed at encouraging private investment in R&D.,medium,The extension of the R&D tax credit for another year aims to incentivize private sector investment in research and development activities.,an extension of the R&D tax credit for another year,,
USA_1994_002,USA,United States,1994,1991.0,,,,,,,,explicit,high,innovation,other,,,public,applied,growth_supporting,"By fostering innovative educational approaches, charter schools can enhance educational outcomes and contribute to a more skilled workforce.",high,Charter School Reform,Charter School Initiative,True,implemented,The reform has been enacted in nine states since 1991.,high,False,2,"The establishment of charter schools represents a significant shift in educational policy, promoting innovation within the public school system.",medium,"Charter schools have been established as independent public schools, allowing for innovative educational approaches outside traditional district regulations. This reform has been enacted in nine states since 1991.",'Charter schools' are another innovation that appears to be spreading. These are public schools that are created and run independently of local school districts.,,
USA_1992_001,USA,United States,1992,1992.0,1992.0,explicit,high,,,,,explicit,high,innovation,innovation_instruments,,,public_private,adoption,growth_supporting,"By providing financial assistance for health insurance, the reform aims to increase access to healthcare, potentially improving public health and productivity.",high,Comprehensive Health Reform Plan,Tax Credits and Deductions,True,announced,The Administration published its proposal in February 1992.,high,True,3,"This reform represents a significant shift in health financing policy, aiming to address the coverage gap for millions of uninsured individuals, which has broad implications for public health and economic stability.",high,"The Administration's 'Comprehensive Health Reform Plan' proposed to expand access to health insurance through tax credits and deductions for eligible individuals and families, aiming to cover about 24 million uninsured people.","In February 1992, the Administration published its proposal to build on the current health-financing system by retaining, and enlarging, the role of private-sector insurance.",115.0,115.0
USA_2000_001,USA,United States,2000,1992.0,,,,1990.0,explicit,high,,explicit,high,innovation,innovation_instruments,,,public_private,adoption,growth_supporting,"Emissions trading encourages cost-effective pollution reduction, fostering innovation in pollution control technologies and practices.",high,Clean Air Act Emissions Trading Program,SO and NO Trading Schemes,True,implemented,The SO trading system has been in operation since 1992.,high,True,3,"The emissions trading program represents a significant shift in environmental policy, moving from command-and-control regulations to market-based mechanisms, which has had a substantial impact on reducing emissions.",high,"The introduction of emissions trading under the Clean Air Act represents an innovative approach to pollution control, allowing for the trading of emission permits to meet specific targets.",A particularly innovative approach to pollution control – emissions trading– has been introduced in two programmes under the Clean Air Act.,130.0,130.0
USA_1993_001,USA,United States,1993,1993.0,,,,,,,,explicit,high,innovation,sectoral_rd,,,public_private,applied,growth_supporting,"The shift towards civilian and dual-use technologies is expected to enhance productivity and competitiveness in high technology sectors, supporting economic growth.",high,R&D Reallocation Initiative,,False,implemented,The reform has been actively implemented since its announcement.,high,True,3,"This reform represents a structural change in federal R&D priorities, indicating a major shift in focus and funding.",high,"The U.S. government is shifting its focus from military R&D to civilian and dual-use technologies, aiming to improve the productivity of private R&D through federally-funded mission-oriented research. This includes a significant reallocation of federal R&D spending from defense-related projects to enhance productivity and competitiveness in high technology manufacturing industries.","Too much of the nation's R&D spending has been devoted to defence-related projects, and direct federal outlays are set to shift to civilian and dual-use technologies.",,
USA_1993_003,USA,United States,1993,1993.0,,,,,,,,explicit,high,innovation,innovation_instruments,,,public_private,applied,growth_supporting,"Making the tax credit permanent is expected to provide stable support for R&D activities, while the conversion initiative aims to facilitate innovation and economic adaptation in affected communities.",high,Tax Credit and Defence Conversion Initiative,,False,implemented,The initiatives have been implemented as part of the Administration's policy.,high,True,3,"The initiative represents a significant reform in innovation policy, impacting both tax incentives and defense sector transitions.",high,"The Administration proposed to make the Research and Experimentation Tax Credit permanent, enhancing its effectiveness in promoting R&D activities. Additionally, the Defence Reinvestment and Conversion Initiative includes various programs aimed at easing the transition for defense workers and communities, fostering partnerships between industry and national laboratories for dual-use technology.","The Administration proposed to make the credit permanent which would have served to enhance its effectiveness, but Congress extended it only through June 1995.",,
USA_1993_004,USA,United States,1993,1993.0,,,,,,,,explicit,high,innovation,knowledge_transfer,,,public_private,commercialization,growth_supporting,"These initiatives are designed to enhance collaboration between public and private sectors, facilitating the transfer and commercialization of technology, which is vital for economic growth.",high,Technology Transfer Initiatives,Technology Outreach Centres,False,implemented,The initiatives have been actively implemented since their announcement.,high,False,2,"While important for technology transfer, these initiatives are more focused and do not represent a major overhaul of the system.",medium,"The Administration intends to promote 'Regional Technology Alliances' and 'Agile Manufacturing Programs' to assist in the exploitation of network externalities and stimulate technology transfer. Additionally, the proposed establishment of technology outreach or extension centres aims to facilitate the diffusion and exploitation of existing technologies between national laboratories and private industry.","The Administration intends to promote 'Regional Technology Alliances' and 'Agile Manufacturing Programs' in order to assist in the exploitation of network externalities, and technology outreach or extension centres to stimulate technology transfer.",93.0,93.0
USA_1993_002,USA,United States,1993,1994.0,,,,,,,,explicit,high,innovation,rd_funding,,,public,applied,growth_supporting,"The proposed budget increase and investment initiatives are designed to foster innovation and economic growth, enhancing the technological capabilities of the U.S.",high,Advanced Technology Investment Package,Advanced Technology Program Funding,False,announced,The proposals have been announced but not yet implemented.,high,False,2,"While significant, these reforms are narrower in scope compared to major structural changes.",medium,"The U.S. government proposed a major budgetary increase for the National Institute of Standards and Technology to support the Advanced Technology Program aimed at developing high-risk generic technologies. Additionally, a series of investment initiatives totaling $220 billion were proposed to stimulate economic growth across various sectors, including technology and worker training.",The new Administration has also indicated a willingness to move toward greater activism by proposing a major budgetary increase ($535 million in FY 1994).,91.0,91.0
USA_1993_005,USA,United States,1993,1994.0,1994.0,explicit,high,,,,,explicit,high,innovation,human_capital,other,,public_private,applied,growth_supporting,"The proposed overhaul aims to improve health care access and quality, which can enhance the productivity of the workforce.",high,Health Care Overhaul Proposal,Managed Competition Overhaul,False,announced,The proposal has been announced but not yet legislated.,high,True,3,"This reform represents a significant structural change in the health care system, impacting a large segment of the population.",high,"The Administration proposed a comprehensive overhaul of the health-care system, aiming for near-universal coverage through managed competition and state-based cooperatives, which is expected to require additional spending of about $35 billion per year.","The reform proposes a form of managed competition, rather than any kind of single-payer system.",41.0,41.0
USA_1994_003,USA,United States,1994,1994.0,,,,,,,,explicit,high,innovation,innovation_instruments,,,public_private,applied,growth_supporting,"By fostering collaboration between government and industry, the act aims to enhance innovation and competitiveness in the economy.",high,National Competitiveness Act,Venture Capital Provision,True,announced,The proposal has been made but not yet implemented.,high,True,3,The act represents a major policy initiative aimed at enhancing national competitiveness through significant funding and collaboration.,high,"The National Competitiveness Act proposes $1.9 billion to strengthen ties between government and industry, including a venture capital provision for joint ventures.",A so-called National Competitiveness Act is also being debated in the Congress. Its latest version provides $1.9 billion for forging closer ties between the government and industry.,62.0,62.0
USA_1995_001,USA,United States,1995,1994.0,,,,,,,,explicit,high,innovation,rd_funding,,,public_private,applied,growth_supporting,Enhancing domestic manufacturing capacity in technology is expected to raise productivity and innovation.,high,Technology Reinvestment Project,Flat-Panel Display R&D,True,implemented,The reform has been actively allocated and utilized as intended.,high,False,2,"While significant, the reform is not structural or system-wide.",medium,"The Technology Reinvestment Project allocated $202 million towards flat-panel display research and development, aiming to enhance domestic manufacturing capacity in this technology area.",The Technology Reinvestment Project gave some $202 million toward flat-panel display research and development in October 1994 in exchange for promises by the recipients to build domestic manufacturing capacity for the existing technology.,,
USA_1995_002,USA,United States,1995,1994.0,,,,1994.0,explicit,high,,explicit,high,innovation,human_capital,,,public,applied,growth_supporting,"Improving education quality is expected to enhance the skills of the workforce, thereby supporting innovation and productivity.",high,Goals 2000 Initiative,,False,implemented,The initiative has been established and is actively influencing educational standards.,high,True,3,This initiative represents a significant overhaul of educational standards.,high,The 'Goals 2000' initiative aims to improve the quality of the education system by establishing voluntary national standards for initial education and vocational skills.,"Goals 2000 seeks to improve the quality of the education system in a variety of ways, including the creation of 'voluntary' national standards for initial education and for vocational skills.",,
USA_1995_003,USA,United States,1995,1994.0,,,,1994.0,explicit,high,,explicit,high,innovation,human_capital,,,public_private,applied,growth_supporting,Developing systems for better career preparation is expected to enhance workforce readiness and innovation capacity.,high,School-to-Work Opportunities Act,,False,implemented,The act has been enacted and is actively providing funding for workforce development.,high,True,3,This act represents a significant investment in workforce development.,high,The 'School-to-Work Opportunities Act' provides seed money to states and localities to develop improved systems for preparing students for college and careers.,The 'School-to-Work Opportunities Act' provides 'seed money' to states and localities to plan and develop improved systems for preparing students for college and careers.,,
USA_1996_001,USA,United States,1996,1994.0,,,,1994.0,explicit,high,,explicit,high,innovation,innovation_instruments,,,public_private,adoption,growth_supporting,"These initiatives are designed to enhance technological development and adoption, which supports economic growth.",high,Innovation Support Programs,Tax Credit for R&E Expenditures,False,implemented,All programs mentioned are stated to be implemented.,high,False,2,These reforms significantly enhance the support for innovation but do not represent a structural overhaul.,medium,"The government promotes private initiatives through tax provisions and partnerships with industry to develop and diffuse technology, including a tax credit for research and experimentation expenditures. Additionally, the Advanced Technology Program facilitates industry-led partnerships to share costs for developing high-risk advanced technologies that private firms would not otherwise undertake, while the Manufacturing Extension Partnership (MEP) has expanded its network of technology extension centres to help small and medium-sized enterprises adopt appropriate manufacturing technologies.","The Manufacturing Extension Partnership (MEP), which links universities, communities, and government through a nation-wide network of technology extension centres to help SMEs adopt appropriate manufacturing technologies, has expanded from 7 to 44 centres.",122.0,122.0
USA_2004_002,USA,United States,2004,1996.0,,,,1996.0,explicit,high,,explicit,high,innovation,innovation_instruments,,,public_private,adoption,growth_supporting,"By promoting competition in telecommunications, the reform is expected to enhance service quality and foster innovation in the sector.",high,Telecommunications Reforms,Telecommunications Act,True,implemented,The act was enacted and is currently in force.,high,True,3,"The act represents a major reform in telecommunications policy, fundamentally changing the competitive landscape.",high,"The Telecommunications Act of 1996 aimed to spur local service competition by allowing Bell operating companies to enter long-distance service if local service was open to competition, linking the two goals to improve services and spur innovation.",The Telecommunications Act of 1996 began the national effort to spur local service competition.,160.0,160.0
USA_1997_001,USA,United States,1997,1998.0,1997.0,explicit,high,,,,,explicit,high,innovation,human_capital,,,public,applied,growth_supporting,"Investing in charter schools enhances educational opportunities, which can lead to a more skilled workforce.",high,Charter School Initiative,Charter School Funding,True,announced,The funding request was made in the FY 1998 budget.,high,False,2,"While significant, the funding request is not a structural overhaul but an extension of existing support.",medium,"The Administration requested $100 million in support for charter schools in the FY 1998 budget, aiming to establish another 3,000 charter schools by the end of the decade.","The Administration, despite teachers’ union opposition, requested $100 million in support in the FY 1998 budget (double this year’s expenditure and up from $5 million in FY 1995), targeting the establishment of another 3 000 charter schools by the end of the decade.",100.0,100.0
USA_1979_001,USA,United States,1979,2000.0,,,,,,,,explicit,high,innovation,sectoral_rd,,,public,applied,growth_supporting,"The initiatives aim to enhance energy security and promote renewable energy sources, which can lead to increased innovation and economic growth.",high,Energy Transition Initiatives,Renewable Energy and Oil Substitutes Programme,True,announced,The President announced these initiatives.,high,False,2,These initiatives represent significant but narrower reforms aimed at enhancing energy production and security.,medium,"The President announced a programme aimed at increasing the share of solar power and energy from renewable resources to 20% by the year 2000, alongside the creation of an energy security corporation to direct the development of 2.5 mbd of oil substitutes from various sources by 1990.",In June the President announced a programme aimed at increasing the share of solar power and energy from other renewable resources from the current 6 per cent of energy consumption to 20 per cent by the year 2000.,78.0,78.0
USA_2001_001,USA,United States,2001,2001.0,2001.0,explicit,high,,,,,explicit,high,innovation,rd_funding,,,public,applied,growth_supporting,"By providing research support and tax incentives, the policy aims to enhance energy production and efficiency, which can lead to economic growth.",high,National Energy Policy,,False,implemented,The report was issued and included commitments to support energy-related research.,high,True,3,"This reform represents a significant shift in national energy policy, focusing on research and development to address energy challenges, which is crucial for long-term economic stability and growth.",high,"The new Administration issued a report outlining its national energy policy, which includes tax credits and research support for various energy-related projects, aiming to expand production and improve transmission infrastructure.","In May 2001, the new Administration issued a report outlining its national energy policy... to provide tax credits and research support for a variety of energy-related projects.",,
USA_2005_002,USA,United States,2005,2001.0,,,,,,,,explicit,high,innovation,sectoral_rd,,,public,applied,growth_supporting,"Funding research on cleaner technologies can lead to advancements in energy production and environmental sustainability, supporting economic growth.",high,National Energy Policy,Nuclear and Coal Research Funding,False,implemented,The National Energy Policy has been enacted and is currently in force.,high,False,2,"While significant, the proposed reforms are not as transformative as the establishment of the Electric Reliability Organisation.",medium,The National Energy Policy proposed expanding the use of nuclear power and funding research on cleaner burning coal technologies.,"The plan pledged to ease the regulatory climate facing energy producers, including environmental protection rules, and to provide tax credits and research support for a variety of energy-related projects.",179.0,179.0
USA_2002_001,USA,United States,2002,2002.0,,,,,,,,explicit,high,innovation,innovation_instruments,,,public,applied,growth_supporting,Improving healthcare quality can lead to better health outcomes and increased efficiency in the healthcare system.,high,Healthcare Quality Improvement,Patient Safety Task Force,True,implemented,The task force has been established and is operational.,high,False,2,The establishment of a task force represents a significant but narrower reform aimed at improving healthcare quality.,medium,The Department of Health and Human Services has established a Patient Safety Task Force to identify and implement improvement strategies in healthcare quality.,The Department of Health and Human Services has established a Patient Safety Task Force to identify and implement improvement strategies.,115.0,115.0
USA_2002_002,USA,United States,2002,2002.0,,,,2002.0,explicit,high,,explicit,high,innovation,innovation_instruments,,,public,unknown,growth_supporting,"Enhancing the accuracy of financial statements can improve market confidence and stability, fostering a better investment environment.",high,Corporate Financial Reform,Sarbanes-Oxley Act,True,implemented,The act has been enacted and is currently in force.,high,True,3,The Sarbanes-Oxley Act represents a major overhaul of corporate governance and financial reporting standards.,high,"The Sarbanes-Oxley Act of 2002 introduced significant reforms to enhance the accuracy of corporate financial statements and established a new oversight body for accountants, aiming to restore investor confidence.","The Sarbanes-Oxley Act of 2002 created a new oversight body to supervise accountants, tightened the responsibility of corporate officers for financial reports and stiffened penalties.",,
USA_2004_001,USA,United States,2004,2002.0,,,,2002.0,explicit,high,,explicit,high,innovation,innovation_instruments,,,public,unknown,growth_supporting,"The reform aims to restore investor confidence, which can lead to increased investment and innovation in the economy.",high,Corporate Governance Reforms,Sarbanes-Oxley Act,True,implemented,The act was enacted and is currently in force.,high,True,3,The Sarbanes-Oxley Act represents a significant overhaul of corporate governance and accountability standards.,high,The Sarbanes-Oxley Act (SOA) was enacted to address corporate governance issues and restore investor confidence following major accounting scandals. It established the Public Company Accounting Oversight Board (PCAOB) and introduced new disclosure requirements and penalties for securities fraud.,"Congress passed the Sarbanes-Oxley Act (SOA), which took effect 30 July 2002. This is arguably the most important securities legislation since the 1930s.",,
USA_2005_001,USA,United States,2005,2005.0,,,,2005.0,explicit,high,,explicit,high,innovation,innovation_instruments,sectoral_rd,,public,applied,growth_supporting,"The reforms aim to enhance energy reliability and promote research into technologies that reduce greenhouse gas emissions, which can lead to increased innovation and productivity in the energy sector.",high,Energy Policy and Climate Change Initiatives,Electric Reliability Organisation and GHG Reduction Research,True,implemented,The Energy Policy Act and the Climate Change Plan have been enacted and are currently in force.,high,True,3,The establishment of an Electric Reliability Organisation and the significant climate change initiatives represent major structural changes in energy policy.,medium,"The Energy Policy Act of August 2005 includes provisions to strengthen electric transmission system reliability through the establishment of an Electric Reliability Organisation to develop and enforce mandatory reliability standards. Additionally, the Administration's Climate Change Plan aims to cut the emissions intensity of output by 18% over ten years, promoting research into breakthrough technologies for GHG reduction.",The Energy Policy Act of August 2005 includes provisions to strengthen electric transmission system reliability through the establishment of an Electric Reliability Organisation to develop and enforce mandatory reliability standards.,,
USA_2005_003,USA,United States,2005,2006.0,,,,,,,,explicit,high,innovation,rd_funding,,,public,applied,growth_supporting,"Continued support for R&D in alternative energy sources is expected to foster innovation and development in the energy sector, contributing to economic growth.",high,FY2006 Budget Proposal for Energy R&D,,False,announced,The budget proposal has been presented but not yet implemented.,high,False,1,"While it supports important initiatives, the budget proposal is an extension of existing support rather than a major reform.",medium,The FY2006 budget proposal continues strong support for research and development in alternative energy sources and extends incentives for hybrid and fuel-cell vehicles.,The FY2006 budget proposal continues strong support for such research and development and extends incentives for the purchase of hybrid and fuel-cell vehicles.,,
USA_2012_018,USA,United States,2012,2007.0,,,,2007.0,explicit,high,,explicit,high,innovation,rd_funding,,,public,applied,growth_supporting,Sustaining R&D funding is crucial for maintaining innovation capacity and supporting long-term economic growth.,high,America COMPETES Act Funding Continuation,,False,implemented,Funds would be appropriated to continue on the path approved in the 2007 America COMPETES Act.,high,True,3,"This reform represents a significant commitment to R&D funding, which is essential for maintaining the US's competitive edge in innovation.",high,"To foster innovation and economic growth, reductions in the federal R&D budget should be as limited as possible, ideally continuing the funding path approved in the 2007 America COMPETES Act to double the budgets for three key science agencies within a decade.","Ideally, Congress would go further by appropriating the funds approved in the 2007 America COMPETES Act, which called for doubling the funding of three key basic research agencies.",39.0,39.0
USA_2007_002,USA,United States,2007,2008.0,,,,,,,,explicit,high,innovation,innovation_instruments,,,public_private,adoption,growth_supporting,"The proposed tax credit is designed to make homeownership more accessible, which can stimulate economic activity and investment in housing.",high,Homeownership Tax Reform,Mortgage Interest Deduction Reform,False,announced,The reform has been proposed and is awaiting implementation.,medium,True,3,This reform represents a significant change in tax policy aimed at enhancing homeownership opportunities.,medium,"The President’s Tax Reform Panel recommended reducing the deductibility of mortgage interest expense from the taxable income base and replacing it with a tax credit available to all homeowners, aimed at promoting homeownership while reducing the skew towards higher income households.","The Panel recommended that the existing deduction be replaced with a better targeted tax expenditure, a tax credit available to all homeowners, which would be equal to 15% of mortgage interest paid.",,
USA_2010_001,USA,United States,2010,2009.0,,,,2009.0,explicit,high,,explicit,high,innovation,sectoral_rd,rd_funding,,public_private,applied,growth_supporting,"The reforms aim to enhance energy efficiency and promote the use of renewable energy sources, which are expected to contribute positively to economic growth.",high,Energy Innovation Reforms,Energy Sector R&D and Funding,True,implemented,Both reforms have been enacted and are currently in effect.,high,True,3,Both reforms represent significant policy changes aimed at enhancing energy innovation and reducing greenhouse gas emissions.,high,"The Energy Independence and Security Act of 2007 (EISA) revised the Renewable Fuels Standard (RFS) to increase the use of bio-fuels and set mandatory life-cycle GHG emissions thresholds. Additionally, the American Reinvestment and Recovery Act of 2009 significantly increased public funding for Research, Development, and Deployment (RD&D) to reduce greenhouse gas emissions, allocating approximately USD 26.7 billion, with a focus on energy efficiency and advanced energy technologies.","The Administration gave a substantial boost to public funding for Research, Development and Deployment (RD&D) to reduce GHGemissions through the American Reinvestment and Recovery Act of2009 (ARRA), which boosted such funding by about USD26.7 billion.",42.0,42.0
USA_2012_006,USA,United States,2012,2009.0,,,,,,,,explicit,high,innovation,human_capital,,,public,adoption,growth_supporting,"The expanded UI benefits provide financial support to liquidity-constrained households, stimulating aggregate demand and economic activity.",high,American Recovery and Reinvestment Act,Unemployment Insurance Expansion,False,implemented,The federal government moved decisively to expand the income support available to the long-term unemployed.,high,True,3,"This reform represents a significant policy change aimed at addressing the high levels of unemployment during the recession, providing essential support to a large number of individuals.",high,"The federal government expanded unemployment insurance (UI) benefits during the recession, increasing both the benefit levels and the maximum duration of eligibility to support the long-term unemployed.","Beginning with the American Recovery and Reinvestment Act (ARRA) in 2009, federal support was strengthened by increasing both the benefit levels and the maximum duration of eligibility.",63.0,63.0
USA_2012_012,USA,United States,2012,2009.0,,,,2009.0,explicit,high,,explicit,high,innovation,rd_funding,,,public,applied,growth_supporting,"By funding high-risk energy technologies, the initiative aims to stimulate innovation in the energy sector, which can lead to long-term economic benefits.",high,American Recovery and Reinvestment Act,Funding for ARPA-E,True,implemented,The ARRA included USD400 million of funding for the Department of Energy’s ARPA-E.,high,False,2,"The funding for ARPA-E represents a significant investment in innovative energy technologies, which is crucial for addressing energy challenges.",medium,"The ARRA included significant funding for the Department of Energy’s Advanced Research Projects Agency – Energy (ARPA – E), which supports high-risk energy technology projects that may not receive private funding.",The ARRA included USD400 million of funding for the Department of Energy’s (DOE’s) Advanced Research Projects Agency – Energy (ARPA – E)...,,
USA_2010_002,USA,United States,2010,2010.0,,,,2010.0,explicit,high,,explicit,high,innovation,innovation_instruments,,,private,adoption,growth_supporting,"The reform is designed to incentivize hiring, which can lead to increased employment and productivity.",high,Employment Incentives,Social Security Contribution Cuts,True,implemented,The reform was passed and is currently in effect.,high,False,2,"While the reform is not a major overhaul, it represents a significant adjustment aimed at improving employment conditions.",medium,"Cuts to employer social security contributions for hiring workers unemployed more than 60 days were passed in the United States in March 2010, aimed at reducing unit labour costs and boosting hiring.","Cuts to employer social security contributions for hiring workers unemployed more than 60 days, with additional incentives if those workers remain employed a year later, as passed in the United States in March 2010, should also reduce unit labour costs and help boost hiring.",14.0,14.0
USA_2012_020,USA,United States,2012,2010.0,,,,,,,,explicit,high,innovation,human_capital,,,public_private,applied,growth_supporting,"By improving educational standards and teacher effectiveness, the RTT programme aims to enhance the skills of the workforce, which is essential for long-term economic growth.",high,Race to the Top Programme,,False,implemented,The RTT programme has been launched and is actively promoting educational reforms.,high,True,3,"The RTT programme represents a significant shift in educational policy aimed at improving the quality of education across states, which has long-term implications for workforce development and economic competitiveness.",high,"The Administration has taken measures to promote educational reforms through the Race to the Top (RTT) programme, which encourages states to adopt higher standards and improve educational outcomes.","The Administration has taken measures to promote these and other reforms, notably through the Race to the Top (RTT) programme.",28.0,28.0
USA_2010_003,USA,United States,2010,2011.0,,,,,,,,explicit,high,innovation,rd_funding,,,public,basic,growth_supporting,Doubling investment in basic research is expected to foster innovation and technological advancements in energy sciences.,high,Energy Research Investment,Basic Research Funding Increase,True,announced,The plan has been announced but not yet implemented.,high,True,3,This reform represents a significant commitment to enhancing the foundational research necessary for future energy technologies.,high,"The DOE plans to double investment in basic research over the next five years, focusing on energy sciences and various energy technologies.",The government plans to double investment in basic research over the next five years.,,
USA_2012_011,USA,United States,2012,2011.0,,,,2011.0,explicit,high,,explicit,high,innovation,innovation_instruments,,,public,commercialization,growth_supporting,"By improving patent quality and reducing costs associated with patent disputes, the Act encourages innovation and investment in new technologies.",high,America Invents Act,,False,implemented,The America Invents Act was passed in 2011 and is currently in effect.,high,True,3,"The Act represents a significant overhaul of the US patent system, aiming to enhance patent quality and streamline processes, which is crucial for fostering innovation.",high,"The America Invents Act aims to increase patent quality by introducing new procedures for challenging patent validity and allowing the USPTO to prioritize certain applications, which may lead to quicker resolution of patent disputes and improved patent quality.","Passed in 2011, the America Invents Act aims to increase patent quality by providing for new procedures for challenging patent validity...",,
USA_2012_013,USA,United States,2012,2011.0,2011.0,explicit,high,,,,,explicit,high,innovation,innovation_instruments,,,public_private,applied,growth_supporting,"By enhancing manufacturing capabilities and efficiency, the initiative is expected to boost productivity and innovation in the sector.",high,Advanced Manufacturing Partnership,,False,implemented,The President announced the Advanced Manufacturing Partnership in June 2011.,high,False,2,"This initiative represents a significant allocation of resources aimed at enhancing manufacturing innovation, which is crucial for economic competitiveness.",medium,"The Administration proposed the Advanced Manufacturing Partnership to focus approximately USD500 million of existing programme funds on improving manufacturing performance, including the development of advanced materials and energy-efficient manufacturing processes.",In June 2011 the President announced the Advanced Manufacturing Partnership to focus approximately USD500 million of existing programme funds on improving manufacturing performance for national security needs.,,
USA_2012_021,USA,United States,2012,2011.0,,,,2011.0,explicit,high,,explicit,high,innovation,innovation_instruments,,,public,commercialization,growth_supporting,"By streamlining the patent process and improving quality, the Act is expected to foster innovation and encourage investment in new technologies.",high,America Invents Act,Patent System Improvement,False,implemented,Some of the major concerns about the performance of the US patent system were addressed in the America Invents Act of 2011.,high,True,3,"This reform represents a major overhaul of the patent system, which is crucial for fostering innovation and protecting intellectual property.",high,"The America Invents Act of 2011 aimed to improve the US patent system by reducing review times and enhancing patent quality, thereby encouraging innovation.","In particular, this Act aims to reduce both review times and improve the quality of patents.",39.0,39.0
USA_2012_004,USA,United States,2012,2012.0,2011.0,explicit,high,,,,,explicit,high,innovation,innovation_instruments,,,private,adoption,growth_supporting,"By incentivizing employers to hire long-term unemployed individuals, the tax credit can help reduce unemployment and stimulate economic activity.",high,American Jobs Act,Hiring Tax Credit,False,announced,The tax credit proposed in the American Jobs Act appears more promising than the HIRE Act subsidy.,high,False,2,"The tax credit is a targeted measure that aims to address specific unemployment issues, making it a significant but not structural reform.",medium,"The American Jobs Act proposed a tax credit for hiring new employees who had previously been unemployed for more than six months, aimed at stimulating job creation.",The tax credit proposed in the American Jobs Act (AJA) appears more promising than the HIRE Act subsidy.,26.0,26.0
USA_2012_007,USA,United States,2012,2012.0,,,,2012.0,explicit,high,,explicit,high,innovation,human_capital,knowledge_transfer,,public,applied,growth_supporting,"Enhances the skills and employability of unemployed individuals, thereby supporting labor market reintegration and economic productivity.",high,Middle Class Tax Relief and Job Creation Act,Re-employment Services Requirement,False,implemented,The Act included measures that require re-employment services for EUC recipients.,high,False,2,"The requirement for re-employment services represents a significant enhancement to the unemployment compensation system, aiming to improve job readiness and reduce long-term unemployment.",medium,"The Middle Class Tax Relief and Job Creation Act of 2012 added a requirement for Extended Unemployment Compensation recipients to receive eligibility assessments and re-employment services, including skills assessments and a re-employment plan.",The Middle Class Tax Relief and Job Creation Act of 2012 added a requirement that all Extended Unemployment Compensation (EUC) recipients receive eligibility assessments and re-employment services.,65.0,65.0
USA_2012_015,USA,United States,2012,2012.0,2012.0,explicit,high,,,,,explicit,high,innovation,innovation_instruments,,,public_private,applied,growth_supporting,"By fostering collaboration and providing targeted support, the NNMI is expected to enhance innovation capabilities within the manufacturing sector.",high,National Network for Manufacturing Innovation,,False,announced,The Administration’s new National Network for Manufacturing Innovation (NNMI) is to be structured very much along these lines.,high,False,2,This initiative represents a strategic approach to enhancing manufacturing innovation through regional collaboration and support.,medium,The Administration's National Network for Manufacturing Innovation (NNMI) aims to enhance manufacturing innovation through regional programs that provide technological and operational assistance to clusters of manufacturing firms.,The Administration’s new National Network for Manufacturing Innovation (NNMI) is to be structured very much along these lines.,,
USA_2016_006,USA,United States,2016,2012.0,,,,2011.0,explicit,high,,explicit,high,innovation,knowledge_transfer,,,public,commercialization,growth_supporting,Reducing patent processing times facilitates innovation by allowing firms to secure patent protection more quickly.,high,America Invents Act,,False,implemented,The America Invents Act was enacted and is in force.,high,True,3,The Act represents a major reform in the patent system aimed at enhancing innovation.,medium,"The introduction of the America Invents Act in 2012 aimed to reduce patent processing times, which has been a significant barrier for small firms seeking to innovate and grow.","After the introduction of the America Invents Act in 2012, the US Patent and Trademark Office made progress in addressing the application backlog and reducing the time for examiners to review applications.",37.0,37.0
USA_2012_003,USA,United States,2012,2013.0,2012.0,explicit,high,,,,,explicit,high,innovation,human_capital,knowledge_transfer,,public_private,applied,growth_supporting,"Investing in human capital through enhanced training and education services can improve workforce skills and employability, thereby supporting economic growth.",high,FY2013 Activation System Investment,Comprehensive Activation System,False,announced,The Administration’s FY2013 budget proposal included several measures aimed at investing in a more comprehensive activation system.,high,False,2,"The proposal represents a significant investment in human capital development, which is crucial for addressing long-term unemployment and skill mismatches in the labor market.",medium,"The Administration’s FY2013 budget proposal included several measures aimed at investing in a more comprehensive activation system for re-employment services, including funding for state and community college partnerships.",The Administration’s FY2013 budget proposal included several other measures aimed at investing in a more comprehensive activation system.,,
USA_2012_014,USA,United States,2012,2013.0,2012.0,explicit,high,,,,,explicit,high,innovation,innovation_instruments,,,private,applied,growth_supporting,"By enhancing the tax credit, the proposal aims to incentivize greater business investment in R&D, which is essential for innovation and economic growth.",high,R&E Tax Credit Reform,,False,announced,The proposal to reform the R&E tax credit was included in the President’s FY2013 budget.,high,False,2,"This reform is significant as it aims to enhance a key instrument for stimulating private sector R&D investment, which is vital for innovation.",medium,"The President proposed reforms to the Research and Experimentation (R&E) tax credit to increase its value and make it permanent, aiming to strengthen its impact on business R&D investments.","In addition, the R&E tax credit should be made permanent, as proposed in the President’s FY2013 budget, to strengthen its impact on R&D investments.",104.0,104.0
USA_2018_002,USA,United States,2018,2014.0,,,,2014.0,explicit,high,,explicit,high,innovation,human_capital,knowledge_transfer,,public_private,applied,growth_supporting,"The act aims to enhance workforce skills and align them with market needs, which supports economic growth through improved employment outcomes.",high,Workforce Development Package,,False,implemented,The act has been fully implemented to assist job seekers.,high,True,3,This reform represents a significant change in workforce development policy.,high,"The Workforce Innovation and Opportunity Act of 2014 introduced reforms to assist job seekers by better matching them to growing sectors, aiming to build regional partnerships among employers, education and training providers, and public stakeholders.",The Workforce Innovation and Opportunity Act of 2014 introduced reforms to assisting job seekers by better matching them to growing sectors.,79.0,79.0
USA_2014_001,USA,United States,2014,2015.0,2014.0,explicit,high,,,,,explicit,high,innovation,rd_funding,innovation_instruments,,public,applied,growth_supporting,Increased funding for R&D and energy innovation is expected to enhance productivity and technological advancement.,high,Federal R&D and Energy Innovation Support,R&D Funding and Energy Trust Fund,True,announced,The proposals are part of the 2015 Budget and other announcements.,high,True,3,The reforms represent significant increases in federal R&D funding and the establishment of a dedicated trust fund for energy innovation.,high,"The Administration has proposed increases in Federal support of R&D, most recently in the 2015 Budget proposal of USD 135.4 billion, alongside the creation of an Energy Security Trust Fund to support innovation in energy-saving technology and low carbon technology. Additionally, the America COMPETES Act established the Advanced Research Projects Agency–Energy, which funds energy technology projects to promote innovation in energy efficiency and low carbon technology.","The Administration has proposed increases in Federal support of R&D, most recently in the 2015 Budget proposal of USD 135.4 billion, a nominal increase of 1.2% over 2014.",54.0,54.0
USA_2016_001,USA,United States,2016,2015.0,,,,2015.0,explicit,high,,explicit,high,innovation,innovation_instruments,,,public_private,applied,growth_supporting,"The reforms provide financial incentives for R&D and innovation, which are expected to enhance productivity and competitiveness.",high,R&D Tax and Innovation Support,R&D Tax Credit and FAST Act Grants,True,implemented,The R&D tax credit was made permanent and the FAST Act was enacted.,high,True,3,The reforms represent significant changes in the funding landscape for R&D and innovation support.,medium,"The R&D tax credit was made permanent in 2015, providing ongoing financial support for research and development activities, while the Fixing America’s Surface Transportation (FAST) Act established a competitive grant program aimed at supporting economically beneficial projects that facilitate improved freight movement. Additionally, proposals to establish a patent box regime have been discussed to lower the tax rate on income from patents and intellectual property, enhancing competitiveness.",The Fixing America’s Surface Transportation (FAST) Act signed in December 2015 established the Nationally Significant Freight and Highway Projects competitive grant program aimed to support economically beneficial projects that will facilitate improved freight movement.,,
USA_2016_009,USA,United States,2016,2016.0,,,,,,,,explicit,high,innovation,research_infrastructure,,,public,adoption,growth_supporting,Improving broadband access is essential for enabling research and innovation in underserved areas.,high,Connect America Fund,,False,implemented,The Connect America Fund was established and is in operation.,high,False,2,This fund is significant for enhancing infrastructure that supports research and innovation.,medium,"The Federal Communications Commission established the Connect America Fund to improve broadband access in under-supplied areas, particularly in rural regions.","In response to these shortcomings, the Federal Communications Commission has established a Connect America Fund to address provision in areas that are currently under-supplied.",,
USA_2016_003,USA,United States,2016,2017.0,2015.0,explicit,high,,,,,explicit,high,innovation,human_capital,,,public,basic,growth_supporting,Improving access to quality education in STEM fields is essential for building a skilled workforce that can drive innovation.,high,STEM Education Improvement,,False,announced,The reform has been proposed but not yet implemented.,high,False,2,This reform is significant for enhancing the educational foundation for future innovators.,medium,An important step in increasing tertiary education attainment in STEM fields is improving access to quality secondary education.,An important step in doing so is improving access to quality secondary education so that students are better prepared for STEM tertiary studies.,,
USA_2016_004,USA,United States,2016,2017.0,2017.0,explicit,high,,,,,explicit,high,innovation,innovation_instruments,,,private,adoption,growth_supporting,This tax credit is designed to improve workforce development and align education with industry needs.,high,Community College Partnership Tax Credit,,False,announced,The proposal for the tax credit has been announced but not yet implemented.,high,False,2,The reform is significant for enhancing the connection between education and employment.,medium,"The proposed FY2017 budget includes a community college partnership tax credit aimed at encouraging businesses to hire graduates from community and technical colleges, thereby enhancing employer engagement in education and training pathways.",The proposed FY2017 budget also calls for a community college partnership tax credit.,,
USA_2018_001,USA,United States,2018,2018.0,,,,2017.0,explicit,high,,explicit,high,innovation,innovation_instruments,,,public_private,applied,growth_supporting,"The tax reform is designed to incentivize investment, while the national innovation office aims to streamline innovation efforts, both of which are expected to enhance economic growth.",high,Innovation and Tax Reform Package,Tax Reform,True,implemented,Both reforms have been implemented as part of the national strategy.,high,True,3,Both reforms represent significant structural changes in the innovation and taxation landscape.,high,"The tax reform introduced significant changes to corporate taxation, reducing marginal statutory tax rates and simplifying the tax system, which is expected to spur greater investment. Additionally, the establishment of a national innovation office aims to enhance coherence and continuity in the implementation of the national innovation strategy.","The main thrust of the reforms reduced marginal statutory tax rates for personal and corporate income, which combined with simplification will reduce distortions embedded in the tax system and spur greater investment.",46.0,46.0
USA_2020_004,USA,United States,2020,2018.0,,,,,,,,explicit,high,innovation,knowledge_transfer,,,public,adoption,growth_supporting,"Enhancing worker mobility can lead to better job matches and increased wages, supporting economic growth.",high,Non-Compete Agreement Reforms,Low-Income Worker Protections,False,implemented,The reforms have been enacted and are currently in effect.,high,False,1,The reforms are important but do not represent a major overhaul of labor laws.,medium,"Several States have enacted reforms to limit the enforceability of non-compete agreements for low-income or low-skilled workers, aiming to enhance worker mobility and wage growth, alongside Massachusetts introducing regulations to make non-compete agreements more employee-friendly, including restrictions on duration and requirements for prior notice and compensation.","Massachusetts 2018 Regulation to make non-competes more employee-friendly (duration, prior notice, compensation, low-incomes).",134.0,134.0
USA_2007_001,USA,United States,2007,2019.0,2006.0,explicit,high,,,,,explicit,high,innovation,human_capital,,,public,basic,growth_supporting,"Increasing financial support for education enhances access to higher education, which can lead to a more skilled workforce.",high,Pell Grant Reform,Pell Grant Increase,False,implemented,The reform has been put into effect as part of the educational funding strategy.,high,True,3,The reform represents a significant structural change in financial aid policy aimed at improving access to education.,medium,"The Spellings Commission proposed an increase in needs-based financial grants, specifically aiming to raise the purchasing power of the average Pell Grant to 70% of the average in-state tuition at public four-year institutions over five years.",The Commission concluded that 'Access to higher education in the United States is unduly limited by …persistent financial barriers …There is ample evidence that qualified young people from low-income families are far less likely to go to college than their similarly qualified peers from high-income families.',,
USA_2020_001,USA,United States,2020,2020.0,,,,,,,,explicit,high,innovation,human_capital,,,public,applied,growth_supporting,Enhancing the workforce availability during the pandemic supports economic recovery and productivity.,high,Pandemic Response Licensing Reforms,Emergency Licensing Measures,False,implemented,The reforms have been enacted and are currently in effect.,high,False,1,The reforms are significant but do not represent a structural change.,medium,"States responded to the coronavirus pandemic by waiving many licensing requirements, allowing out-of-State licensed professionals to obtain temporary emergency licenses to practice, and permitting retired health workers or students close to graduation to practice temporarily without a license.","States responded to the crisis by waiving many licensing requirements, by allowing out-of-State licensed professionals to obtain temporary emergency licences to practice.",98.0,98.0
USA_2022_004,USA,United States,2022,2021.0,2021.0,explicit,high,2021.0,explicit,high,,explicit,high,innovation,research_infrastructure,,,public,adoption,growth_supporting,"Investing in EV charging infrastructure supports the transition to electric vehicles, which can reduce emissions and promote sustainable economic growth.",high,Infrastructure Investment and Jobs Act,EV Charging Infrastructure,True,implemented,"The reform is part of the Infrastructure Investment and Jobs Act, which has been implemented.",high,True,3,This investment represents a significant commitment to enhancing the infrastructure necessary for the adoption of electric vehicles.,high,"The Infrastructure Investment and Jobs Act includes US$5 billion over five years to build charging stations for electric vehicles, aiming to enhance infrastructure for EV adoption.",The Infrastructure Investment and Jobs Act passed in November 2021 also includes US$5 billion over five years to be spent on building charging stations.,115.0,115.0
USA_2024_002,USA,United States,2024,2021.0,2021.0,explicit,high,,,,,explicit,high,innovation,innovation_instruments,,,public,adoption,growth_supporting,"By promoting competition, the initiative is expected to foster innovation and efficiency in the economy.",high,Competition Enhancement Initiative,,False,implemented,The order has been enacted and agencies are directed to follow its guidelines.,high,True,3,The Executive Order represents a significant policy shift aimed at improving market dynamics and innovation.,high,"The Executive Order on Promoting Competition in the American Economy aims to enhance competition across various sectors, including digital markets, by directing agencies to reduce barriers and promote fair practices.","In 2021, the President issued the Executive Order on Promoting Competition in the American Economy.",41.0,41.0
USA_2022_001,USA,United States,2022,2022.0,,,,2022.0,explicit,high,,explicit,high,innovation,sectoral_rd,,,public,adoption,growth_supporting,"This reform aims to reduce drug prices, potentially increasing access to medications and improving public health outcomes, which can support economic growth.",high,Inflation Reduction Act,Medicare Drug Price Negotiation,True,implemented,"The reform is part of the Inflation Reduction Act, which has been implemented.",high,True,3,"This reform represents a significant structural change in how drug prices are negotiated, impacting the healthcare sector broadly.",high,"As part of the Inflation Reduction Act, Medicare will be able to directly negotiate prescription drug prices with manufacturers and impose a tax penalty if drug companies increase their prices faster than inflation.","As part of the recent Inflation Reduction Act, Medicare will be able to directly negotiate prescription drug prices with manufacturers and impose a tax penalty if drug companies increase their prices faster than inflation.",60.0,60.0
USA_2022_002,USA,United States,2022,2022.0,,,,2022.0,explicit,high,,explicit,high,innovation,innovation_instruments,,,public_private,adoption,growth_supporting,"These incentives are designed to stimulate investment in clean energy technologies and improve energy efficiency, which can lead to job creation and economic growth.",high,Inflation Reduction Act,Clean Energy Incentives,True,implemented,"The reform is part of the Inflation Reduction Act, which has been implemented.",high,True,3,The expansion of clean energy tax credits and grants represents a major shift in federal support for clean energy technologies.,high,"The Inflation Reduction Act expands clean energy tax credits for various technologies, including wind, solar, nuclear, clean hydrogen, and carbon capture, while also providing US$1 billion in grants to state and local governments for adopting stringent building energy codes and offering up to US$14,000 in rebates for low- and middle-income households to purchase energy-efficient appliances and electric vehicles.","As part of the Inflation Reduction Act, low- and middle-income households now benefit from up to US$14,000 in direct consumer rebates to purchase heat pumps, other energy efficient home appliances, and for upgrading home electric systems to support electrification.",113.0,113.0
USA_2022_003,USA,United States,2022,2022.0,,,,2022.0,explicit,high,,explicit,high,innovation,human_capital,,,public,applied,growth_supporting,"Training contractors enhances the workforce's skills in energy efficiency, which can lead to better implementation of energy-saving technologies and contribute to economic growth.",high,Inflation Reduction Act,Contractor Training Grants,True,implemented,"The reform is part of the Inflation Reduction Act, which has been implemented.",high,False,2,"While significant, this reform is narrower in scope compared to the broader clean energy incentives.",medium,The Inflation Reduction Act includes US$200 million in grants for training contractors involved in the installation of home energy efficiency and electrification improvements.,The Inflation Reduction Act includes US$200 million in grants for training contractors involved in installation of home energy efficiency and electrification improvements.,104.0,104.0
USA_2024_001,USA,United States,2024,2024.0,,,,2021.0,explicit,high,,explicit,high,innovation,sectoral_rd,,,public,applied,growth_supporting,"These initiatives are designed to enhance technological capabilities and support the transition to low-carbon industries, which are expected to raise productivity and innovation.",high,Sectoral R&D Funding Initiatives,Hydrogen Hubs and Carbon Capture Funding,False,implemented,The reforms have been allocated funding and are actively being implemented.,high,True,3,The reforms represent significant investments in key sectors aimed at fostering innovation and addressing climate change.,high,"The Infrastructure Investment and Jobs Act allocated $8 billion for 6-10 hydrogen hubs, while the Inflation Reduction Act allocated $5.8 billion for the Advanced Industrial Facilities Deployment Program, supporting low-carbon technologies. Additionally, the CHIPS and Science Act invests federal funding to boost domestic semiconductor capacity, including tax credits for manufacturing and sectoral R&D funding.","The Infrastructure Investment and Jobs Act allocated $8 billion for 6-10 hydrogen hubs that create networks of hydrogen producers, consumers and local connective infrastructure and USD6.4 billion in funding for carbon capture use and storage.",88.0,88.0
USA_1965_001,USA,United States,1965,,,,,,,,,,,innovation,innovation_instruments,,,public,unknown,growth_supporting,"By limiting capital outflow and encouraging domestic investment, these measures aim to stabilize the economy and promote growth.",high,Interest Equalisation Tax Measures,,False,implemented,The measures were announced and put into effect to address the capital outflow issue.,high,False,2,The measures represent a significant policy adjustment aimed at stabilizing the balance of payments and encouraging domestic investment.,medium,"The President announced a series of measures in February to reduce the outflow of U.S. private capital, including the extension of the Interest Equalisation Tax (IET) to bank loans to borrowers in developed countries.","To reduce this outflow, the President announced a series of measures in February.",,
USA_1977_001,USA,United States,1977,,,,,,,,,,,innovation,rd_funding,,,public,applied,growth_supporting,"The funding is aimed at stimulating economic activity and job creation, which supports overall growth.",high,Economic Stimulus Programme,,False,implemented,The reform has been enacted and is currently in force.,high,True,3,The reform represents a significant allocation of public funds for economic stimulus.,medium,"The Administration announced a public spending part of the economic stimulus programme, appropriating funds totaling $20.1 billion for various initiatives including public service jobs and local public works.","$20.1 billion, included: (0) $7.9 billion for public service jobs; (ii) $4 billion for local public works; (iii) $1.4 billion for employment and training programmes.",,
USA_1977_002,USA,United States,1977,,,,,,,,,,,innovation,innovation_instruments,,,private,adoption,growth_supporting,"The tax cuts are designed to incentivize hiring and investment, which can enhance economic growth.",high,Tax Reduction Initiative,,False,implemented,The tax-cut bill has been enacted and is currently in force.,high,True,3,The reform represents a major change in tax policy aimed at stimulating economic activity.,medium,"A tax-cut bill was enacted, reducing taxes by $2.6 billion in FY 1977 and $17.8 billion in FY 1978, including a tax credit for employers hiring new workers.","Tax-cut bill enacted, reducing taxes by $2.6 billion in FY 1977 and $17.8 billion in FY 1978.",67.0,67.0
USA_1978_001,USA,United States,1978,,,,,,,,,,,innovation,innovation_instruments,,,private,commercialization,growth_supporting,"The job tax credit incentivizes hiring among employers, potentially reducing unemployment and increasing economic activity.",high,1979 Job Tax Credit Initiative,,False,announced,President Carter proposed the job tax credit as part of his economic initiatives.,high,False,2,"The job tax credit represents a significant policy change aimed at reducing unemployment among specific demographics, with potential positive effects on the labor market.",medium,"President Carter proposed a job tax credit aimed at low-income or handicapped unemployed individuals, allowing employers to claim a tax credit based on a percentage of the employee's wages.",President Carter proposes a job tax credit designed to benefit an estimated 1.9 million low-income or handicapped unemployed people between 18 and 24 years of age.,58.0,58.0
USA_1979_002,USA,United States,1979,,,,,,,,,,,innovation,sectoral_rd,,,public,applied,growth_supporting,"The Act promotes energy conservation, which can lead to more efficient energy use and stimulate innovation in energy technologies.",high,Energy Conservation Measures,,False,implemented,The Act was passed by Congress.,high,True,3,"The National Energy Act represents a structural, system-wide change in energy policy.",medium,"The National Energy Act was passed by Congress in October 1978, introducing measures aimed at reducing energy consumption and promoting energy conservation.",A National Energy Act was finally passed by Congress in October 1978.,,
USA_1979_003,USA,United States,1979,,,,,,,,,,,innovation,innovation_instruments,,,public,adoption,growth_supporting,"The initiative aims to support low-income households and promote energy-saving investments, which can enhance overall economic efficiency.",high,Energy Security Fund Initiative,,False,announced,The President announced the plans.,high,False,2,This initiative represents a significant reform in energy policy aimed at supporting vulnerable populations and promoting energy efficiency.,medium,"In April 1979, the President announced plans to decontrol oil prices and proposed a windfall profits tax to fund an Energy Security Fund for low-income households and energy-saving investments.","In April 1979, the President announced that he would use this discretionary period to decontrol oil prices.",,
USA_1980_001,USA,United States,1980,,,,,,,,,,,innovation,sectoral_rd,,,public_private,applied,growth_supporting,"The initiative aims to reduce dependency on traditional oil imports and foster the development of alternative energy sources, which can enhance energy security and stimulate economic growth.",high,Energy Security Trust Fund,Synthetic Fuels Development,False,implemented,The bill was enacted to support the development of synthetic fuels.,high,True,3,"This reform represents a significant shift towards alternative energy sources, with potential long-term impacts on energy independence and economic resilience.",high,"Congress enacted a bill encouraging the development of synthetic fuels from various sources, with a government Synthetic Fuels Corporation providing loan and price guarantees to support this initiative.","Congress enacted a bill encouraging the development of synthetic fuels from coal liquids and gases, oil shale, biomass and unconventional gas in June.",,
USA_1986_001,USA,United States,1986,,,,,,,,,,,innovation,innovation_instruments,,,private,applied,growth_supporting,"By reducing tax burdens and enhancing capital allowances, the reform is expected to incentivize business investment and stimulate economic growth.",high,1981 Economic Recovery Tax Act,,False,implemented,The tax cuts and ACRS provisions were enacted as part of the 1981 Economic Recovery Tax Act.,high,True,3,"The reform represents a structural change in tax policy aimed at enhancing investment incentives, with significant implications for economic growth.",high,"The 1981 Economic Recovery Tax Act (ERTA) introduced significant tax cuts and an Accelerated Cost Recovery System (ACRS) for capital allowances, aimed at stimulating business investment.",The 1981 Economic Recovery Tax Act (ERTA) made across-the-board cuts in income tax rates and introduced an Accelerated Cost Recovery System (ACRS) for capital allowances.,,
USA_1989_001,USA,United States,1989,,,,,,,,,,,innovation,innovation_instruments,,,public_private,adoption,growth_supporting,"Facilitates the transfer of technology to industry, enhancing productivity and competitiveness in manufacturing.",high,Omnibus Trade and Competitiveness Act,,False,implemented,The Act was passed and provisions for commercialization were enacted.,high,True,3,"The Act represents a significant structural change in U.S. trade and innovation policy, aiming to enhance the competitiveness of U.S. industries through improved commercialization of research.",high,"The Omnibus Trade and Competitiveness Act includes provisions aimed at improving the commercialization of U.S. R&D efforts, focusing on the rapid transfer of technology to industry through regional centers that support small and medium-sized manufacturing firms.",The major element was the initiation of a series of actions against 'unfair trade practices'... The Act grants the President 'fast-track' authority to negotiate in a new GATT round...,,
USA_1994_001,USA,United States,1994,,,,,,,,,,,innovation,human_capital,knowledge_transfer,,public,applied,growth_supporting,"The program aims to improve student retention and vocational skills, contributing to a more skilled workforce.",high,Career Academy Initiative,Career Academy Program,True,implemented,The program has been established and replicated in multiple states.,high,False,2,"While significant, the program is not a structural overhaul but rather an effective initiative within existing educational frameworks.",medium,"The 'Career Academy' program was established in high schools to retain students at risk of dropping out, focusing on vocational themes such as health and finance. This initiative has been replicated in multiple states, demonstrating its effectiveness in dropout prevention.",An example of an apparently successful innovation is the so-called 'Career Academy'. These are special programmes established in a high school... designed to retain students who are viewed as being likely drop-outs.,155.0,155.0
USA_1997_002,USA,United States,1997,,,,,,,,,,,innovation,rd_funding,,,public,commercialization,growth_supporting,"By funding the commercialization of scientific discoveries, ATP enhances innovation and competitiveness in the private sector.",high,Advanced Technology Program,ATP Funding,True,implemented,The ATP is currently operational and providing funding.,high,False,2,The ATP is a significant program but does not represent a complete overhaul of the innovation funding landscape.,medium,"The Advanced Technology Program (ATP) provides funding to assist US businesses in applying or commercializing new scientific discoveries, aiming to strengthen links between the research community and enterprises.",ATP provides funding to assist US businesses to apply or commercialise new scientific discoveries.,179.0,179.0
USA_1997_003,USA,United States,1997,,,,,,,,,,,innovation,knowledge_transfer,,,public_private,adoption,growth_supporting,"The MEP enhances the competitiveness of smaller manufacturers, facilitating technology adoption and innovation.",high,Manufacturing Extension Partnership,MEP Network,True,implemented,The MEP is currently operational and assisting manufacturers.,high,False,2,The MEP is a significant initiative but does not represent a fundamental change in the manufacturing sector.,medium,The Manufacturing Extension Partnership (MEP) is a nationwide network of locally managed manufacturing extension centers that help smaller manufacturers improve their competitiveness by adopting modern technologies.,MEP is a nation-wide network of locally managed manufacturing extension centres dedicated to helping smaller manufacturers improve their competitiveness by adopting modern technologies.,179.0,180.0
USA_1999_001,USA,United States,1999,,1999.0,explicit,high,,,,,,,innovation,human_capital,,,public_private,commercialization,growth_supporting,"Encourages personal savings and investment, which can enhance financial security and economic stability for individuals.",high,Social Security Reform Proposals,Individual Savings Accounts,False,announced,The President outlined a new set of proposals to ensure that sufficient resources would be available to fund Social Security benefits.,high,False,2,"The initiative aims to enhance personal savings and financial independence, particularly for low-income individuals, which is significant for long-term economic health.",medium,"The proposed creation of individual savings accounts represents an innovation that could boost personal saving in the future, particularly for low-income groups, as part of the government transfer to these accounts will be in the form of a matching income-related credit.","The proposed creation of individual savings accounts represents an innovation that could boost personal saving in the future, particularly for low-income groups.",17.0,17.0
USA_2012_001,USA,United States,2012,,,,,,,,,,,innovation,rd_funding,,,public,applied,growth_supporting,"Increased R&D funding is expected to drive innovation, leading to economic growth and improved productivity.",high,America COMPETES Act Funding Continuation,,False,announced,The recommendation emphasizes the need for limited reductions in the federal R&D budget.,high,True,3,"This reform represents a significant commitment to R&D funding, which is crucial for fostering innovation and maintaining the competitive edge of the US economy.",high,"The government aims to strengthen support for R&D investments to enhance innovation and economic growth, ideally continuing the funding trajectory established by the 2007 America COMPETES Act.","Given the importance of R&D for innovation and economic growth, reductions in the federal R&D budget should be as limited as possible.",13.0,13.0
USA_2012_002,USA,United States,2012,,,,,,,,,,,innovation,human_capital,,,public,basic,growth_supporting,Enhancing STEM education is expected to build a skilled workforce that can drive innovation and economic growth.,high,STEM Education Enhancement,,False,announced,Tertiary education attainment in STEM fields needs to be increased.,high,False,2,This reform is important as it addresses the foundational education necessary for developing a workforce capable of contributing to high-tech industries.,medium,The report emphasizes the need to increase tertiary education attainment in STEM fields by improving access to quality secondary education.,Tertiary education attainment in STEM fields needs to be increased.,13.0,13.0
USA_2012_005,USA,United States,2012,,2012.0,explicit,high,,,,,,,innovation,innovation_instruments,,,public,unknown,growth_supporting,"A national innovation agency would enhance the effectiveness of innovation policy, leading to improved coordination and strategic focus on innovation.",high,National Innovation Agency Proposal,,False,announced,Establish a national innovation agency to recognize that innovation is a national priority.,high,True,3,"Creating a national innovation agency would represent a structural change in how innovation policy is managed in the U.S., addressing a significant gap in the current system.",high,The proposal to establish a national innovation agency aims to create a dedicated body for coordinating and developing innovation policy in the U.S.,Establish a national innovation agency to recognize that innovation is a national priority.,46.0,46.0
USA_2012_008,USA,United States,2012,,,,,,,,,,,innovation,human_capital,knowledge_transfer,,public,applied,growth_supporting,"Facilitates skill acquisition and job placement for displaced workers, enhancing their employability and contributing to economic recovery.",high,Universal Displaced Worker Program,,False,announced,"The Administration has a variety of proposals to further enhance ALMPs, including the UDWP.",medium,False,2,"The UDWP represents a significant initiative to improve the support system for dislocated workers, addressing a critical gap in employment services.",medium,"The proposed Universal Displaced Worker Program (UDWP) aims to streamline training and employment services for dislocated workers, providing job-search assistance and financial support for training.",A major component of the Administration’s plan is to create a new Universal Displaced Worker Program (UDWP) that would streamline training and employment services for dislocated workers.,66.0,66.0
USA_2012_009,USA,United States,2012,,2011.0,explicit,high,,,,,,,innovation,rd_funding,,,public,basic,growth_supporting,Increased government funding for R&D is expected to enhance innovation capacity and stimulate economic growth by providing the necessary resources for fundamental research.,high,Federal R&D Investment Initiative,,False,announced,The government plans to increase federally-funded R&D.,high,True,3,"This reform represents a significant commitment to enhancing the R&D landscape in the U.S., which is critical for maintaining competitiveness and fostering innovation across various sectors.",high,"The government plans to increase federally-funded R&D investments to address under-investment by firms and to support fundamental research, which is crucial for expanding scientific knowledge and fostering private R&D investments.",Government plans to increase federally-funded R&D should be implemented.,38.0,38.0
USA_2012_010,USA,United States,2012,,,,,,,,,,,innovation,startup_ecosystem,,,public_private,commercialization,growth_supporting,"By providing targeted funding to start-ups, the SBIR program aims to stimulate innovation and economic growth through the commercialization of new technologies.",high,Small Business Innovation Research Program,,False,implemented,The program is designed to encourage innovation-based start-ups and has been operational for several years.,high,False,2,"The SBIR program plays a significant role in supporting small businesses and fostering innovation, although it is part of a broader set of initiatives.",medium,"The Small Business Innovation Research Program (SBIR) provides funding to encourage innovation-based start-ups, linking awards to public sector customer requirements.","The Small Business Innovation Research Program (SBIR), which is worth over USD2 billion annually is aimed at encouraging innovation-based start-ups.",91.0,91.0
USA_2012_016,USA,United States,2012,,,,,,,,,,,innovation,innovation_instruments,,,public,unknown,growth_supporting,"A dedicated agency would improve the effectiveness of innovation policy, leading to better resource allocation and enhanced innovation outcomes.",high,National Innovation Agency Initiative,,False,announced,The proposal for a national innovation agency has been publicly discussed and recommended.,high,True,3,"The establishment of a national innovation agency represents a structural change in how innovation policy is coordinated and implemented, which is crucial for enhancing the overall innovation ecosystem.",high,"The federal government should establish a national innovation agency to enhance coherence, continuity, and coordination in innovation policy development and implementation, addressing the lack of a dedicated agency responsible for national innovation policy.","Establish a national innovation agency to enhance coherence, continuity and coordination in innovation policy development and implementation.",5.0,5.0
USA_2012_017,USA,United States,2012,,,,,,,,,,,innovation,startup_ecosystem,,,private,commercialization,growth_supporting,"Increasing access to capital and reducing restrictions on entrepreneurship will foster new business creation and innovation, contributing to economic growth.",high,Startup America Initiative,,False,announced,"A variety of approaches to alleviate these pressures are being publicly discussed and, in some cases, experimented.",high,False,2,"This reform aims to enhance the startup ecosystem, which is significant for fostering innovation and entrepreneurship, but does not represent a complete overhaul of existing systems.",medium,The federal government should implement measures to encourage innovation-based entrepreneurship by increasing access to capital for young firms and limiting non-compete covenants in employment contracts.,Encourage innovation-based entrepreneurship by increasing access to capital that supports young firms and by limiting non-compete covenants in employment contracts.,47.0,47.0
USA_2012_019,USA,United States,2012,,,,,,,,,,,innovation,innovation_instruments,,,private,commercialization,growth_supporting,"Improving patent laws can enhance innovation by providing clearer guidelines and protections for inventors, thus encouraging investment in new technologies.",high,Patent Reform Initiative,,False,announced,Patent reform should be taken further than in the America Invents Act.,medium,False,2,"This reform is significant as it aims to enhance the patent system, which is crucial for protecting innovations and fostering a competitive market.",medium,Patent reform should be taken further than in the America Invents Act by ensuring that the legal standards for granting injunctive relief and damages awards for patent infringement reflect realistic business practices and the relative contributions of patented components of complex products.,Patent reform should be taken further than in the America Invents Act by ensuring that the legal standards for granting injunctive relief and damages awards for patent infringement reflect realistic business practices.,11.0,11.0
USA_2012_022,USA,United States,2012,,,,,,,,,,,innovation,innovation_instruments,,,private,applied,growth_supporting,"Making the R&E tax credit permanent is expected to provide firms with a stable incentive to invest in R&D, thereby enhancing innovation and economic growth.",high,R&E Tax Credit Reform,Permanent R&E Tax Credit,False,announced,"Implement the measures proposed by the Administration to strengthen manufacturing competitiveness, including... making the R&E tax credit permanent.",medium,False,2,"This reform is significant as it aims to stabilize and simplify an important innovation funding mechanism, which can have a positive impact on R&D investment.",medium,The proposal to make the R&E tax credit permanent and less complicated aims to encourage research and development activities among firms.,making the R&E tax credit permanent and less complicated...,47.0,47.0
USA_2012_023,USA,United States,2012,,,,,,,,,,,innovation,innovation_instruments,,,public,unknown,growth_supporting,"A national innovation office is expected to streamline efforts and improve the effectiveness of innovation policies, thereby supporting economic growth.",high,National Innovation Strategy,National Innovation Office,False,announced,Establish a national innovation office to increase coherence and continuity in implementation of the national innovation strategy.,medium,False,2,"This reform is important as it aims to create a dedicated body to oversee and coordinate innovation efforts, which can enhance the overall effectiveness of innovation policies.",medium,The establishment of a national innovation office is proposed to enhance coherence and continuity in the implementation of the national innovation strategy.,Establish a national innovation office to increase coherence and continuity in implementation of the national innovation strategy.,47.0,47.0
USA_2014_002,USA,United States,2014,,2014.0,explicit,high,,,,,,,innovation,human_capital,,,public,applied,growth_supporting,Investing in STEM education is expected to enhance the quality of the workforce and support innovation.,high,STEM Education Improvement,,False,announced,The actions are based on recommendations and are part of ongoing policy efforts.,medium,False,2,The initiative aims to significantly improve the quality of secondary education and increase the number of qualified STEM teachers.,medium,"The US is taking policy actions to improve quality secondary education, based on the recommendations of the President’s Council of Advisors on Science and Technology (PCAST) 2010 report Prepare and Inspire, including supporting state-led standards for secondary education and making investments toward preparing 100,000 more STEM-qualified teachers over the next decade.","The US is taking policy actions to improve quality secondary education, based on the recommendations of the President’s Council of Advisors on Science and Technology (PCAST) 2010 report Prepare and Inspire.",,
USA_2014_003,USA,United States,2014,,,,,,,,,,,innovation,human_capital,other,,public_private,applied,growth_supporting,Improving preschool education quality is expected to enhance early childhood education outcomes and support future innovation.,high,Preschool Quality Standards Initiative,,False,announced,The initiative is part of the Administration's proposals for early childhood education.,medium,True,3,The initiative represents a significant policy change aimed at improving early childhood education standards.,high,"Under the Administration’s Preschool for All initiative, States would need to meet quality standards to receive federal funds, including requiring preschool teachers to have a bachelor degree and ongoing professional development, as well as requiring higher preschool staff salaries.","Under the Administration’s Preschool for All initiative, States would need to meet quality standards to receive federal funds, including requiring preschool teachers to have a bachelor degree and ongoing professional development.",79.0,79.0
USA_2016_002,USA,United States,2016,,,,,,,,,,,innovation,rd_funding,,,public,applied,growth_supporting,Protecting the R&D budget is crucial for maintaining investment in innovation and research activities.,high,Federal R&D Budget Protection,,False,announced,The proposal to protect the R&D budget has been stated but not yet implemented.,high,True,3,This reform is a major policy initiative aimed at securing funding for R&D.,medium,"The federal R&D budget should be protected from expenditure cuts, ensuring continued investment in research and development.",The federal R&D budget should be protected from the expenditure cuts.,,
USA_2016_005,USA,United States,2016,,,,,,,,,,,innovation,innovation_instruments,,,private,commercialization,growth_supporting,Lowering tax rates on patent income is expected to incentivize innovation and investment in R&D.,high,Patent Box Regime Proposal,,False,announced,The proposal for the patent box regime has been discussed but not yet implemented.,high,False,2,This proposal is significant for enhancing the competitive landscape for innovation.,medium,"Proposals to establish a patent box regime have been discussed, which would lower the tax rate on income from patents and intellectual property to enhance competitiveness.",A number of proposals to support R&D further has included calls to establish a so-called patent box.,38.0,38.0
USA_2016_007,USA,United States,2016,,2016.0,explicit,high,,,,,,,innovation,innovation_instruments,,,private,applied,growth_supporting,"Making tax credits refundable would provide crucial financial support to new firms, fostering innovation.",high,Refundable R&D Tax Credits for Startups,Refundable R&D Tax Credits for New Firms,False,announced,The recommendation has been made but not yet implemented.,high,False,2,This recommendation is significant for enhancing support for startups.,medium,"The recommendation to make R&D tax credits refundable for new firms aims to enhance the financial support available to startups, thereby encouraging innovation and entrepreneurship.",Make R&D tax credits refundable for new firms.,,
USA_2016_008,USA,United States,2016,,2016.0,explicit,high,,,,,,,innovation,innovation_instruments,,,public,commercialization,growth_supporting,Improving patenting efficiency is expected to facilitate innovation by allowing quicker access to patent rights.,high,Patent System Efficiency Improvement,Expedited Patenting Decisions,False,announced,The recommendation has been made but not yet implemented.,high,False,2,This recommendation is significant for enhancing the patenting process.,medium,"The recommendation to speed up patenting decisions aims to enhance the efficiency of the patent system, thereby supporting innovation by reducing the time it takes for inventors to secure patent protection.",Continue to speed up patenting decisions in line with targets without compromising patent quality.,95.0,95.0
USA_2018_003,USA,United States,2018,,,,,,,,,,,innovation,innovation_instruments,,,public,adoption,unclear_or_neutral,The impact of these proposed reforms on economic growth is uncertain as they may stabilize housing finance but could also introduce risks associated with privatization.,medium,Housing Finance Reform Package,,False,announced,The government is currently considering these reforms.,medium,True,3,This reform is significant but not as transformative as the other reforms.,medium,"The government is considering reforms to the government-sponsored enterprises (GSEs) Fannie Mae and Freddie Mac to reduce their risks and improve housing finance stability, including proposals to privatize the GSEs and subject them to the same regulations as other mortgage-backed security issuers.",The last Economic Survey recommended leaving the securitisation of mortgages to the private sector.,32.0,32.0
USA_2020_002,USA,United States,2020,,,,,,,,,,,innovation,innovation_instruments,,,private,applied,growth_supporting,Providing financial support to startups encourages innovation and economic growth.,high,R&D Tax Credit Reform,R&D Tax Credit Refundability,False,announced,The proposal has been put forward but not yet implemented.,high,False,1,"While beneficial, the reform does not represent a major overhaul of the tax system.",medium,The proposal to make R&D tax credits refundable for new firms aims to enhance innovation by providing financial support to startups engaging in research and development activities.,Make R&D tax credits refundable for new firms. No action taken.,39.0,39.0
USA_2020_003,USA,United States,2020,,,,,,,,,,,innovation,startup_ecosystem,,,public_private,adoption,growth_supporting,Ensuring affordable housing can support workforce stability and economic growth.,high,Affordable Housing Initiatives,Inclusionary Zoning,False,implemented,The reforms have been enacted and are currently in effect.,high,False,1,The reform is significant but does not represent a major systemic change.,medium,Inclusionary zoning has been increasingly adopted to ensure affordable housing provision by requiring developers to allocate a portion of new housing units for low-to-moderate income families.,Inclusionary zoning has attracted increasing attention since it was introduced in California in the 1970s and appears a way to ensure affordable housing provision.,85.0,85.0
