country,year,canonical_name,category,amount_local,unit,currency,item_type,line_description_en,source_file,page_number,series_notes
Germany,2004,683 21 Research and Development Projects: Renewable Energies,direct_rd,,,,,,,,This entity is dedicated to R&D projects in renewable energy.
Germany,2005,683 21 Research and Development Projects: Renewable Energies,direct_rd,,,,,,,,This entity is dedicated to R&D projects in renewable energy.
Germany,2006,683 21 Research and Development Projects: Renewable Energies,direct_rd,,,,,,,,This entity is dedicated to R&D projects in renewable energy.
Germany,2021,ATHENA,direct_rd,,,,,,,,ATHENA is a specific R&D programme aimed at advancing research initiatives.
Germany,2021,Agency for the Promotion of Leap Innovations,innovation_instruments,,,,,,,,The agency is focused on promoting innovative research and development projects.
Germany,2021,Alexander von Humboldt Foundation,science_agency,54500000.0,euro,EUR,line_item,Operations and Operational Funds,2021 1922600.pdf,478,The Alexander von Humboldt Foundation primarily supports research and international collaboration in science.
Germany,2007,Alfred Wegener Institute Helmholtz Centre for Polar and Marine Research,science_agency,34821000.0,euro,EUR,program_total,Total for AWI Bremerhaven,2007 1602300.pdf,2796,The AWI is a dedicated research institute focused on polar and marine research.
Germany,2008,Alfred Wegener Institute Helmholtz Centre for Polar and Marine Research,science_agency,,,,,,,,gap: no matching rows in this year
Germany,2009,Alfred Wegener Institute Helmholtz Centre for Polar and Marine Research,science_agency,,,,,,,,gap: no matching rows in this year
Germany,2010,Alfred Wegener Institute Helmholtz Centre for Polar and Marine Research,science_agency,,,,,,,,gap: no matching rows in this year
Germany,2011,Alfred Wegener Institute Helmholtz Centre for Polar and Marine Research,science_agency,,,,,,,,gap: no matching rows in this year
Germany,2012,Alfred Wegener Institute Helmholtz Centre for Polar and Marine Research,science_agency,,,,,,,,gap: no matching rows in this year
Germany,2013,Alfred Wegener Institute Helmholtz Centre for Polar and Marine Research,science_agency,,,,,,,,gap: no matching rows in this year
Germany,2014,Alfred Wegener Institute Helmholtz Centre for Polar and Marine Research,science_agency,,,,,,,,gap: no matching rows in this year
Germany,2015,Alfred Wegener Institute Helmholtz Centre for Polar and Marine Research,science_agency,,,,,,,,gap: no matching rows in this year
Germany,2016,Alfred Wegener Institute Helmholtz Centre for Polar and Marine Research,science_agency,,,,,,,,gap: no matching rows in this year
Germany,2017,Alfred Wegener Institute Helmholtz Centre for Polar and Marine Research,science_agency,,,,,,,,gap: no matching rows in this year
Germany,2018,Alfred Wegener Institute Helmholtz Centre for Polar and Marine Research,science_agency,,,,,,,,gap: no matching rows in this year
Germany,2019,Alfred Wegener Institute Helmholtz Centre for Polar and Marine Research,science_agency,,,,,,,,gap: no matching rows in this year
Germany,2020,Alfred Wegener Institute Helmholtz Centre for Polar and Marine Research,science_agency,,,,,,,,gap: no matching rows in this year
Germany,2021,Alfred Wegener Institute Helmholtz Centre for Polar and Marine Research,science_agency,141080000.0,euro,EUR,line_item,"Alfred Wegener Institute Helmholtz Centre for Polar and Marine Research (AWI), Bremerhaven",2021 1922600.pdf,3025,The AWI is a dedicated research institute focused on polar and marine research.
Germany,2010,Allocations and Grants for Research,direct_rd,,,,,,,,This entity provides financial support specifically for research projects.
Germany,2011,Allocations and Grants for Research,direct_rd,,,,,,,,gap: no matching rows in this year
Germany,2012,Allocations and Grants for Research,direct_rd,,,,,,,,gap: no matching rows in this year
Germany,2013,Allocations and Grants for Research,direct_rd,,,,,,,,This entity provides financial support specifically for research projects.
Germany,2014,Allocations and Grants for Research,direct_rd,,,,,,,,gap: no matching rows in this year
Germany,2015,Allocations and Grants for Research,direct_rd,,,,,,,,This entity provides financial support specifically for research projects.
Germany,2016,Allocations and Grants for Research,direct_rd,,,,,,,,This entity provides financial support specifically for research projects.
Germany,2017,Allocations and Grants for Research,direct_rd,,,,,,,,gap: no matching rows in this year
Germany,2018,Allocations and Grants for Research,direct_rd,,,,,,,,This entity provides financial support specifically for research projects.
Germany,2019,Allocations and Grants for Research,direct_rd,,,,,,,,gap: no matching rows in this year
Germany,2020,Allocations and Grants for Research,direct_rd,,,,,,,,gap: no matching rows in this year
Germany,2021,Allocations and Grants for Research,direct_rd,,,,,,,,This entity provides financial support specifically for research projects.
Germany,2022,Allocations and Grants for Research,direct_rd,,,,,,,,gap: no matching rows in this year
Germany,2023,Allocations and Grants for Research,direct_rd,,,,,,,,This entity provides financial support specifically for research projects.
Germany,2024,Allocations and Grants for Research,direct_rd,,,,,,,,This entity provides financial support specifically for research projects.
Germany,2025,Allocations and Grants for Research,direct_rd,,,,,,,,This entity provides financial support specifically for research projects.
Germany,2021,Allocations for Research and Development,direct_rd,,,,,,,,This entity is directly related to funding for research and development activities.
Germany,2022,Allocations for Research and Development,direct_rd,,,,,,,,This entity is directly related to funding for research and development activities.
Germany,2023,Allocations for Research and Development,direct_rd,,,,,,,,This entity is directly related to funding for research and development activities.
Germany,1975,Allocations for Research and Technology,direct_rd,,,,,,,,This entity is dedicated to funding research and technology initiatives.
Germany,1976,Allocations for Research and Technology,direct_rd,,,,,,,,gap: no matching rows in this year
Germany,1977,Allocations for Research and Technology,direct_rd,,,,,,,,gap: no matching rows in this year
Germany,1978,Allocations for Research and Technology,direct_rd,,,,,,,,gap: no matching rows in this year
Germany,1979,Allocations for Research and Technology,direct_rd,,,,,,,,This entity is dedicated to funding research and technology initiatives.
Germany,1980,Allocations for Research and Technology,direct_rd,,,,,,,,gap: no matching rows in this year
Germany,1981,Allocations for Research and Technology,direct_rd,,,,,,,,gap: no matching rows in this year
Germany,1982,Allocations for Research and Technology,direct_rd,,,,,,,,gap: no matching rows in this year
Germany,1983,Allocations for Research and Technology,direct_rd,,,,,,,,gap: no matching rows in this year
Germany,1984,Allocations for Research and Technology,direct_rd,,,,,,,,gap: no matching rows in this year
Germany,1985,Allocations for Research and Technology,direct_rd,,,,,,,,This entity is dedicated to funding research and technology initiatives.
Germany,2021,Alternative Methods to Animal Testing,direct_rd,,,,,,,,This entry specifically indicates a research programme focused on developing alternatives to animal testing.
Germany,2021,Application-oriented basic research on green hydrogen,direct_rd,,,,,,,,The entry specifically indicates a research programme focused on green hydrogen.
Germany,1955,BAM (Bundesanstalt für Materialforschung),science_agency,,,,,,,,gap: no matching rows in this year
Germany,1975,BAM (Bundesanstalt für Materialforschung),science_agency,,,,,,,,gap: no matching rows in this year
Germany,1976,BAM (Bundesanstalt für Materialforschung),science_agency,,,,,,,,gap: no matching rows in this year
Germany,1977,BAM (Bundesanstalt für Materialforschung),science_agency,,,,,,,,gap: no matching rows in this year
Germany,1978,BAM (Bundesanstalt für Materialforschung),science_agency,,,,,,,,gap: no matching rows in this year
Germany,1979,BAM (Bundesanstalt für Materialforschung),science_agency,,,,,,,,gap: no matching rows in this year
Germany,1980,BAM (Bundesanstalt für Materialforschung),science_agency,,,,,,,,gap: no matching rows in this year
Germany,1981,BAM (Bundesanstalt für Materialforschung),science_agency,,,,,,,,gap: no matching rows in this year
Germany,1982,BAM (Bundesanstalt für Materialforschung),science_agency,,,,,,,,gap: no matching rows in this year
Germany,1983,BAM (Bundesanstalt für Materialforschung),science_agency,,,,,,,,gap: no matching rows in this year
Germany,1984,BAM (Bundesanstalt für Materialforschung),science_agency,,,,,,,,gap: no matching rows in this year
Germany,1985,BAM (Bundesanstalt für Materialforschung),science_agency,,,,,,,,gap: no matching rows in this year
Germany,1986,BAM (Bundesanstalt für Materialforschung),science_agency,,,,,,,,gap: no matching rows in this year
Germany,1987,BAM (Bundesanstalt für Materialforschung),science_agency,,,,,,,,gap: no matching rows in this year
Germany,1988,BAM (Bundesanstalt für Materialforschung),science_agency,,,,,,,,gap: no matching rows in this year
Germany,1989,BAM (Bundesanstalt für Materialforschung),science_agency,,,,,,,,gap: no matching rows in this year
Germany,1990,BAM (Bundesanstalt für Materialforschung),science_agency,,,,,,,,gap: no matching rows in this year
Germany,1991,BAM (Bundesanstalt für Materialforschung),science_agency,,,,,,,,gap: no matching rows in this year
Germany,1992,BAM (Bundesanstalt für Materialforschung),science_agency,,,,,,,,gap: no matching rows in this year
Germany,1993,BAM (Bundesanstalt für Materialforschung),science_agency,,,,,,,,gap: no matching rows in this year
Germany,1994,BAM (Bundesanstalt für Materialforschung),science_agency,,,,,,,,gap: no matching rows in this year
Germany,1995,BAM (Bundesanstalt für Materialforschung),science_agency,,,,,,,,gap: no matching rows in this year
Germany,1996,BAM (Bundesanstalt für Materialforschung),science_agency,,,,,,,,gap: no matching rows in this year
Germany,1997,BAM (Bundesanstalt für Materialforschung),science_agency,,,,,,,,gap: no matching rows in this year
Germany,1998,BAM (Bundesanstalt für Materialforschung),science_agency,,,,,,,,gap: no matching rows in this year
Germany,1999,BAM (Bundesanstalt für Materialforschung),science_agency,,,,,,,,gap: no matching rows in this year
Germany,2000,BAM (Bundesanstalt für Materialforschung),science_agency,,,,,,,,gap: no matching rows in this year
Germany,2001,BAM (Bundesanstalt für Materialforschung),science_agency,,,,,,,,gap: no matching rows in this year
Germany,2002,BAM (Bundesanstalt für Materialforschung),science_agency,,,,,,,,gap: no matching rows in this year
Germany,2003,BAM (Bundesanstalt für Materialforschung),science_agency,,,,,,,,
Germany,2004,BAM (Bundesanstalt für Materialforschung),science_agency,,,,,,,,
Germany,2005,BAM (Bundesanstalt für Materialforschung),science_agency,,,,,,,,
Germany,2006,BAM (Bundesanstalt für Materialforschung),science_agency,,,,,,,,
Germany,2007,BAM (Bundesanstalt für Materialforschung),science_agency,,,,,,,,gap: no matching rows in this year
Germany,2008,BAM (Bundesanstalt für Materialforschung),science_agency,,,,,,,,gap: no matching rows in this year
Germany,2009,BAM (Bundesanstalt für Materialforschung),science_agency,,,,,,,,gap: no matching rows in this year
Germany,2010,BAM (Bundesanstalt für Materialforschung),science_agency,,,,,,,,gap: no matching rows in this year
Germany,2011,BAM (Bundesanstalt für Materialforschung),science_agency,,,,,,,,gap: no matching rows in this year
Germany,2012,BAM (Bundesanstalt für Materialforschung),science_agency,,,,,,,,gap: no matching rows in this year
Germany,2013,BAM (Bundesanstalt für Materialforschung),science_agency,,,,,,,,gap: no matching rows in this year
Germany,2014,BAM (Bundesanstalt für Materialforschung),science_agency,,,,,,,,gap: no matching rows in this year
Germany,2015,BAM (Bundesanstalt für Materialforschung),science_agency,,,,,,,,gap: no matching rows in this year
Germany,2016,BAM (Bundesanstalt für Materialforschung),science_agency,,,,,,,,gap: no matching rows in this year
Germany,2017,BAM (Bundesanstalt für Materialforschung),science_agency,,,,,,,,gap: no matching rows in this year
Germany,2018,BAM (Bundesanstalt für Materialforschung),science_agency,,,,,,,,gap: no matching rows in this year
Germany,2019,BAM (Bundesanstalt für Materialforschung),science_agency,,,,,,,,gap: no matching rows in this year
Germany,2020,BAM (Bundesanstalt für Materialforschung),science_agency,,,,,,,,gap: no matching rows in this year
Germany,2021,BAM (Bundesanstalt für Materialforschung),science_agency,,,,,,,,
Germany,2022,BAM (Bundesanstalt für Materialforschung),science_agency,,,,,,,,gap: no matching rows in this year
Germany,2023,BAM (Bundesanstalt für Materialforschung),science_agency,,,,,,,,gap: no matching rows in this year
Germany,2024,BAM (Bundesanstalt für Materialforschung),science_agency,,,,,,,,gap: no matching rows in this year
Germany,2025,BAM (Bundesanstalt für Materialforschung),science_agency,,,,,,,,gap: no matching rows in this year
Germany,1955,BMBF (Bundesministerium für Bildung und Forschung),science_agency,,,,,,,,gap: no matching rows in this year
Germany,1975,BMBF (Bundesministerium für Bildung und Forschung),science_agency,,,,,,,,"Main federal ministry for R&D (BMFT pre-1994, BMBF 1994-2025, BMFTR 2025+). Total appropriation (Epl 30 Summe Ausgaben) as reported in Bundeshaushalt."
Germany,1976,BMBF (Bundesministerium für Bildung und Forschung),science_agency,,,,,,,,"Main federal ministry for R&D (BMFT pre-1994, BMBF 1994-2025, BMFTR 2025+). Total appropriation (Epl 30 Summe Ausgaben) as reported in Bundeshaushalt."
Germany,1977,BMBF (Bundesministerium für Bildung und Forschung),science_agency,,,,,,,,"Main federal ministry for R&D (BMFT pre-1994, BMBF 1994-2025, BMFTR 2025+). Total appropriation (Epl 30 Summe Ausgaben) as reported in Bundeshaushalt."
Germany,1978,BMBF (Bundesministerium für Bildung und Forschung),science_agency,,,,,,,,"Main federal ministry for R&D (BMFT pre-1994, BMBF 1994-2025, BMFTR 2025+). Total appropriation (Epl 30 Summe Ausgaben) as reported in Bundeshaushalt."
Germany,1979,BMBF (Bundesministerium für Bildung und Forschung),science_agency,,,,,,,,"Main federal ministry for R&D (BMFT pre-1994, BMBF 1994-2025, BMFTR 2025+). Total appropriation (Epl 30 Summe Ausgaben) as reported in Bundeshaushalt."
Germany,1980,BMBF (Bundesministerium für Bildung und Forschung),science_agency,,,,,,,,"Main federal ministry for R&D (BMFT pre-1994, BMBF 1994-2025, BMFTR 2025+). Total appropriation (Epl 30 Summe Ausgaben) as reported in Bundeshaushalt."
Germany,1981,BMBF (Bundesministerium für Bildung und Forschung),science_agency,,,,,,,,"Main federal ministry for R&D (BMFT pre-1994, BMBF 1994-2025, BMFTR 2025+). Total appropriation (Epl 30 Summe Ausgaben) as reported in Bundeshaushalt."
Germany,1982,BMBF (Bundesministerium für Bildung und Forschung),science_agency,,,,,,,,"Main federal ministry for R&D (BMFT pre-1994, BMBF 1994-2025, BMFTR 2025+). Total appropriation (Epl 30 Summe Ausgaben) as reported in Bundeshaushalt."
Germany,1983,BMBF (Bundesministerium für Bildung und Forschung),science_agency,,,,,,,,"Main federal ministry for R&D (BMFT pre-1994, BMBF 1994-2025, BMFTR 2025+). Total appropriation (Epl 30 Summe Ausgaben) as reported in Bundeshaushalt."
Germany,1984,BMBF (Bundesministerium für Bildung und Forschung),science_agency,,,,,,,,"Main federal ministry for R&D (BMFT pre-1994, BMBF 1994-2025, BMFTR 2025+). Total appropriation (Epl 30 Summe Ausgaben) as reported in Bundeshaushalt."
Germany,1985,BMBF (Bundesministerium für Bildung und Forschung),science_agency,,,,,,,,"Main federal ministry for R&D (BMFT pre-1994, BMBF 1994-2025, BMFTR 2025+). Total appropriation (Epl 30 Summe Ausgaben) as reported in Bundeshaushalt."
Germany,1986,BMBF (Bundesministerium für Bildung und Forschung),science_agency,,,,,,,,"Main federal ministry for R&D (BMFT pre-1994, BMBF 1994-2025, BMFTR 2025+). Total appropriation (Epl 30 Summe Ausgaben) as reported in Bundeshaushalt."
Germany,1987,BMBF (Bundesministerium für Bildung und Forschung),science_agency,,,,,,,,"Main federal ministry for R&D (BMFT pre-1994, BMBF 1994-2025, BMFTR 2025+). Total appropriation (Epl 30 Summe Ausgaben) as reported in Bundeshaushalt."
Germany,1988,BMBF (Bundesministerium für Bildung und Forschung),science_agency,,,,,,,,"Main federal ministry for R&D (BMFT pre-1994, BMBF 1994-2025, BMFTR 2025+). Total appropriation (Epl 30 Summe Ausgaben) as reported in Bundeshaushalt."
Germany,1989,BMBF (Bundesministerium für Bildung und Forschung),science_agency,,,,,,,,"Main federal ministry for R&D (BMFT pre-1994, BMBF 1994-2025, BMFTR 2025+). Total appropriation (Epl 30 Summe Ausgaben) as reported in Bundeshaushalt."
Germany,1990,BMBF (Bundesministerium für Bildung und Forschung),science_agency,,,,,,,,"Main federal ministry for R&D (BMFT pre-1994, BMBF 1994-2025, BMFTR 2025+). Total appropriation (Epl 30 Summe Ausgaben) as reported in Bundeshaushalt."
Germany,1991,BMBF (Bundesministerium für Bildung und Forschung),science_agency,,,,,,,,"Main federal ministry for R&D (BMFT pre-1994, BMBF 1994-2025, BMFTR 2025+). Total appropriation (Epl 30 Summe Ausgaben) as reported in Bundeshaushalt."
Germany,1992,BMBF (Bundesministerium für Bildung und Forschung),science_agency,,,,,,,,"Main federal ministry for R&D (BMFT pre-1994, BMBF 1994-2025, BMFTR 2025+). Total appropriation (Epl 30 Summe Ausgaben) as reported in Bundeshaushalt."
Germany,1993,BMBF (Bundesministerium für Bildung und Forschung),science_agency,,,,,,,,"Main federal ministry for R&D (BMFT pre-1994, BMBF 1994-2025, BMFTR 2025+). Total appropriation (Epl 30 Summe Ausgaben) as reported in Bundeshaushalt."
Germany,1994,BMBF (Bundesministerium für Bildung und Forschung),science_agency,,,,,,,,"Main federal ministry for R&D (BMFT pre-1994, BMBF 1994-2025, BMFTR 2025+). Total appropriation (Epl 30 Summe Ausgaben) as reported in Bundeshaushalt."
Germany,1995,BMBF (Bundesministerium für Bildung und Forschung),science_agency,,,,,,,,"Main federal ministry for R&D (BMFT pre-1994, BMBF 1994-2025, BMFTR 2025+). Total appropriation (Epl 30 Summe Ausgaben) as reported in Bundeshaushalt."
Germany,1996,BMBF (Bundesministerium für Bildung und Forschung),science_agency,,,,,,,,"Main federal ministry for R&D (BMFT pre-1994, BMBF 1994-2025, BMFTR 2025+). Total appropriation (Epl 30 Summe Ausgaben) as reported in Bundeshaushalt."
Germany,1997,BMBF (Bundesministerium für Bildung und Forschung),science_agency,,,,,,,,"Main federal ministry for R&D (BMFT pre-1994, BMBF 1994-2025, BMFTR 2025+). Total appropriation (Epl 30 Summe Ausgaben) as reported in Bundeshaushalt."
Germany,1998,BMBF (Bundesministerium für Bildung und Forschung),science_agency,,,,,,,,"Main federal ministry for R&D (BMFT pre-1994, BMBF 1994-2025, BMFTR 2025+). Total appropriation (Epl 30 Summe Ausgaben) as reported in Bundeshaushalt."
Germany,1999,BMBF (Bundesministerium für Bildung und Forschung),science_agency,,,,,,,,"Main federal ministry for R&D (BMFT pre-1994, BMBF 1994-2025, BMFTR 2025+). Total appropriation (Epl 30 Summe Ausgaben) as reported in Bundeshaushalt."
Germany,2000,BMBF (Bundesministerium für Bildung und Forschung),science_agency,,,,,,,,"Main federal ministry for R&D (BMFT pre-1994, BMBF 1994-2025, BMFTR 2025+). Total appropriation (Epl 30 Summe Ausgaben) as reported in Bundeshaushalt."
Germany,2001,BMBF (Bundesministerium für Bildung und Forschung),science_agency,,,,,,,,"Main federal ministry for R&D (BMFT pre-1994, BMBF 1994-2025, BMFTR 2025+). Total appropriation (Epl 30 Summe Ausgaben) as reported in Bundeshaushalt."
Germany,2002,BMBF (Bundesministerium für Bildung und Forschung),science_agency,,,,,,,,"Main federal ministry for R&D (BMFT pre-1994, BMBF 1994-2025, BMFTR 2025+). Total appropriation (Epl 30 Summe Ausgaben) as reported in Bundeshaushalt."
Germany,2003,BMBF (Bundesministerium für Bildung und Forschung),science_agency,,,,,,,,"Main federal ministry for R&D (BMFT pre-1994, BMBF 1994-2025, BMFTR 2025+). Total appropriation (Epl 30 Summe Ausgaben) as reported in Bundeshaushalt."
Germany,2004,BMBF (Bundesministerium für Bildung und Forschung),science_agency,,,,,,,,"Main federal ministry for R&D (BMFT pre-1994, BMBF 1994-2025, BMFTR 2025+). Total appropriation (Epl 30 Summe Ausgaben) as reported in Bundeshaushalt."
Germany,2005,BMBF (Bundesministerium für Bildung und Forschung),science_agency,,,,,,,,"Main federal ministry for R&D (BMFT pre-1994, BMBF 1994-2025, BMFTR 2025+). Total appropriation (Epl 30 Summe Ausgaben) as reported in Bundeshaushalt."
Germany,2006,BMBF (Bundesministerium für Bildung und Forschung),science_agency,,,,,,,,"Main federal ministry for R&D (BMFT pre-1994, BMBF 1994-2025, BMFTR 2025+). Total appropriation (Epl 30 Summe Ausgaben) as reported in Bundeshaushalt."
Germany,2007,BMBF (Bundesministerium für Bildung und Forschung),science_agency,,,,,,,,"Main federal ministry for R&D (BMFT pre-1994, BMBF 1994-2025, BMFTR 2025+). Total appropriation (Epl 30 Summe Ausgaben) as reported in Bundeshaushalt."
Germany,2008,BMBF (Bundesministerium für Bildung und Forschung),science_agency,,,,,,,,"Main federal ministry for R&D (BMFT pre-1994, BMBF 1994-2025, BMFTR 2025+). Total appropriation (Epl 30 Summe Ausgaben) as reported in Bundeshaushalt."
Germany,2009,BMBF (Bundesministerium für Bildung und Forschung),science_agency,,,,,,,,"Main federal ministry for R&D (BMFT pre-1994, BMBF 1994-2025, BMFTR 2025+). Total appropriation (Epl 30 Summe Ausgaben) as reported in Bundeshaushalt."
Germany,2010,BMBF (Bundesministerium für Bildung und Forschung),science_agency,,,,,,,,"Main federal ministry for R&D (BMFT pre-1994, BMBF 1994-2025, BMFTR 2025+). Total appropriation (Epl 30 Summe Ausgaben) as reported in Bundeshaushalt."
Germany,2011,BMBF (Bundesministerium für Bildung und Forschung),science_agency,,,,,,,,"Main federal ministry for R&D (BMFT pre-1994, BMBF 1994-2025, BMFTR 2025+). Total appropriation (Epl 30 Summe Ausgaben) as reported in Bundeshaushalt."
Germany,2012,BMBF (Bundesministerium für Bildung und Forschung),science_agency,,,,,,,,"Main federal ministry for R&D (BMFT pre-1994, BMBF 1994-2025, BMFTR 2025+). Total appropriation (Epl 30 Summe Ausgaben) as reported in Bundeshaushalt."
Germany,2013,BMBF (Bundesministerium für Bildung und Forschung),science_agency,,,,,,,,"Main federal ministry for R&D (BMFT pre-1994, BMBF 1994-2025, BMFTR 2025+). Total appropriation (Epl 30 Summe Ausgaben) as reported in Bundeshaushalt."
Germany,2014,BMBF (Bundesministerium für Bildung und Forschung),science_agency,,,,,,,,"Main federal ministry for R&D (BMFT pre-1994, BMBF 1994-2025, BMFTR 2025+). Total appropriation (Epl 30 Summe Ausgaben) as reported in Bundeshaushalt."
Germany,2015,BMBF (Bundesministerium für Bildung und Forschung),science_agency,,,,,,,,"Main federal ministry for R&D (BMFT pre-1994, BMBF 1994-2025, BMFTR 2025+). Total appropriation (Epl 30 Summe Ausgaben) as reported in Bundeshaushalt."
Germany,2016,BMBF (Bundesministerium für Bildung und Forschung),science_agency,,,,,,,,"Main federal ministry for R&D (BMFT pre-1994, BMBF 1994-2025, BMFTR 2025+). Total appropriation (Epl 30 Summe Ausgaben) as reported in Bundeshaushalt."
Germany,2017,BMBF (Bundesministerium für Bildung und Forschung),science_agency,,,,,,,,"Main federal ministry for R&D (BMFT pre-1994, BMBF 1994-2025, BMFTR 2025+). Total appropriation (Epl 30 Summe Ausgaben) as reported in Bundeshaushalt."
Germany,2018,BMBF (Bundesministerium für Bildung und Forschung),science_agency,,,,,,,,"Main federal ministry for R&D (BMFT pre-1994, BMBF 1994-2025, BMFTR 2025+). Total appropriation (Epl 30 Summe Ausgaben) as reported in Bundeshaushalt."
Germany,2019,BMBF (Bundesministerium für Bildung und Forschung),science_agency,,,,,,,,"Main federal ministry for R&D (BMFT pre-1994, BMBF 1994-2025, BMFTR 2025+). Total appropriation (Epl 30 Summe Ausgaben) as reported in Bundeshaushalt."
Germany,2020,BMBF (Bundesministerium für Bildung und Forschung),science_agency,,,,,,,,"Main federal ministry for R&D (BMFT pre-1994, BMBF 1994-2025, BMFTR 2025+). Total appropriation (Epl 30 Summe Ausgaben) as reported in Bundeshaushalt."
Germany,2021,BMBF (Bundesministerium für Bildung und Forschung),science_agency,,,,,,,,"Main federal ministry for R&D (BMFT pre-1994, BMBF 1994-2025, BMFTR 2025+). Total appropriation (Epl 30 Summe Ausgaben) as reported in Bundeshaushalt."
Germany,2022,BMBF (Bundesministerium für Bildung und Forschung),science_agency,,,,,,,,"Main federal ministry for R&D (BMFT pre-1994, BMBF 1994-2025, BMFTR 2025+). Total appropriation (Epl 30 Summe Ausgaben) as reported in Bundeshaushalt."
Germany,2023,BMBF (Bundesministerium für Bildung und Forschung),science_agency,,,,,,,,"Main federal ministry for R&D (BMFT pre-1994, BMBF 1994-2025, BMFTR 2025+). Total appropriation (Epl 30 Summe Ausgaben) as reported in Bundeshaushalt."
Germany,2024,BMBF (Bundesministerium für Bildung und Forschung),science_agency,,,,,,,,"Main federal ministry for R&D (BMFT pre-1994, BMBF 1994-2025, BMFTR 2025+). Total appropriation (Epl 30 Summe Ausgaben) as reported in Bundeshaushalt."
Germany,2025,BMBF (Bundesministerium für Bildung und Forschung),science_agency,,,,,,,,"Main federal ministry for R&D (BMFT pre-1994, BMBF 1994-2025, BMFTR 2025+). Total appropriation (Epl 30 Summe Ausgaben) as reported in Bundeshaushalt."
Germany,2021,Basic Research on Energy Efficiency and Renewable Energies,direct_rd,,,,,,,,The name indicates a specific R&D programme focused on energy efficiency and renewable energies.
Germany,2021,Berlin Excellence Alliance,higher_education,,,,,,,,The Berlin Excellence Alliance is a specific R&D programme aimed at promoting research excellence in Berlin.
Germany,2021,Bernhard Nocht Institute for Tropical Medicine,science_agency,,,,,,,,The institute is dedicated to conducting research in tropical medicine.
Germany,2003,Bioinformatics,direct_rd,,,,,,,,This area is relevant for R&D in bioinformatics.
Germany,2021,Center for Psychological Information and Documentation,direct_rd,,,,,,,,"The entity focuses on psychological research and documentation, indicating R&D relevance."
Germany,2021,Cherenkov Telescope Array,direct_rd,,,,,,,,The Cherenkov Telescope Array is a specific research initiative focused on astrophysics and particle physics.
Germany,2021,Climate Research and Earth Habitat - R&D Projects,direct_rd,,,,,,,,The name indicates a specific R&D programme focused on climate research.
Germany,2021,Coalition for Epidemic Preparedness Innovations,direct_rd,,,,,,,,CEPI is focused on funding research and development for epidemic preparedness.
Germany,2021,"Collaborative Research Center - Hannover, HCTM",direct_rd,,,,,,,,"The entry refers to a specific collaborative research center, which is a recognized R&D programme."
Germany,2021,Comprehensive research on technological and societal aspects of cybersecurity,direct_rd,,,,,,,,The entry clearly indicates a specific R&D programme focused on cybersecurity research.
Germany,2004,Computer and Network-Based Learning,higher_education,,,,,,,,"This program focuses on innovative learning technologies, which are relevant for R&D in education."
Germany,2005,Computer and Network-Based Learning,higher_education,,,,,,,,"This program focuses on innovative learning technologies, which are relevant for R&D in education."
Germany,2006,Computer and Network-Based Learning,higher_education,,,,,,,,"This program focuses on innovative learning technologies, which are relevant for R&D in education."
Germany,2006,Connected World,innovation_instruments,,,,,,,,This initiative focuses on R&D in connectivity and technology.
Germany,2007,Connected World,innovation_instruments,,,,,,,,This initiative focuses on R&D in connectivity and technology.
Germany,2021,Conservation Research Accompanying the Energy Transition,direct_rd,,,,,,,,The name indicates a specific research programme focused on conservation in the context of energy transition.
Germany,2021,Contracts to universities and research centers (Hans Ertel Center),direct_rd,,,,,,,,This entry represents funding specifically allocated for research contracts with universities and research centers.
Germany,2021,Creation of remote sensing data,direct_rd,,,,,,,,The entry indicates a specific R&D programme focused on remote sensing data.
Germany,2003,Cross-Cutting Activities in Biotechnology,direct_rd,,,,,,,,"This initiative supports biotechnology research, which is essential for innovation."
Germany,2021,Cross-regional Research Funding in Higher Education,higher_education,,,,,,,,Supports research funding across regions in higher education.
Germany,1955,DFG (Deutsche Forschungsgemeinschaft),science_agency,,,,,,,,gap: no matching rows in this year
Germany,1975,DFG (Deutsche Forschungsgemeinschaft),science_agency,,,,,,,,gap: no matching rows in this year
Germany,1976,DFG (Deutsche Forschungsgemeinschaft),science_agency,,,,,,,,gap: no matching rows in this year
Germany,1977,DFG (Deutsche Forschungsgemeinschaft),science_agency,,,,,,,,gap: no matching rows in this year
Germany,1978,DFG (Deutsche Forschungsgemeinschaft),science_agency,,,,,,,,gap: no matching rows in this year
Germany,1979,DFG (Deutsche Forschungsgemeinschaft),science_agency,,,,,,,,gap: no matching rows in this year
Germany,1980,DFG (Deutsche Forschungsgemeinschaft),science_agency,,,,,,,,gap: no matching rows in this year
Germany,1981,DFG (Deutsche Forschungsgemeinschaft),science_agency,,,,,,,,gap: no matching rows in this year
Germany,1982,DFG (Deutsche Forschungsgemeinschaft),science_agency,,,,,,,,Main competitive research funding agency. Grant funded by federal + Länder contributions.
Germany,1983,DFG (Deutsche Forschungsgemeinschaft),science_agency,,,,,,,,gap: no matching rows in this year
Germany,1984,DFG (Deutsche Forschungsgemeinschaft),science_agency,,,,,,,,gap: no matching rows in this year
Germany,1985,DFG (Deutsche Forschungsgemeinschaft),science_agency,,,,,,,,gap: no matching rows in this year
Germany,1986,DFG (Deutsche Forschungsgemeinschaft),science_agency,,,,,,,,gap: no matching rows in this year
Germany,1987,DFG (Deutsche Forschungsgemeinschaft),science_agency,,,,,,,,gap: no matching rows in this year
Germany,1988,DFG (Deutsche Forschungsgemeinschaft),science_agency,,,,,,,,gap: no matching rows in this year
Germany,1989,DFG (Deutsche Forschungsgemeinschaft),science_agency,,,,,,,,gap: no matching rows in this year
Germany,1990,DFG (Deutsche Forschungsgemeinschaft),science_agency,,,,,,,,gap: no matching rows in this year
Germany,1991,DFG (Deutsche Forschungsgemeinschaft),science_agency,,,,,,,,gap: no matching rows in this year
Germany,1992,DFG (Deutsche Forschungsgemeinschaft),science_agency,,,,,,,,Main competitive research funding agency. Grant funded by federal + Länder contributions.
Germany,1993,DFG (Deutsche Forschungsgemeinschaft),science_agency,,,,,,,,gap: no matching rows in this year
Germany,1994,DFG (Deutsche Forschungsgemeinschaft),science_agency,,,,,,,,gap: no matching rows in this year
Germany,1995,DFG (Deutsche Forschungsgemeinschaft),science_agency,,,,,,,,gap: no matching rows in this year
Germany,1996,DFG (Deutsche Forschungsgemeinschaft),science_agency,,,,,,,,gap: no matching rows in this year
Germany,1997,DFG (Deutsche Forschungsgemeinschaft),science_agency,,,,,,,,gap: no matching rows in this year
Germany,1998,DFG (Deutsche Forschungsgemeinschaft),science_agency,,,,,,,,gap: no matching rows in this year
Germany,1999,DFG (Deutsche Forschungsgemeinschaft),science_agency,,,,,,,,gap: no matching rows in this year
Germany,2000,DFG (Deutsche Forschungsgemeinschaft),science_agency,,,,,,,,gap: no matching rows in this year
Germany,2001,DFG (Deutsche Forschungsgemeinschaft),science_agency,,,,,,,,gap: no matching rows in this year
Germany,2002,DFG (Deutsche Forschungsgemeinschaft),science_agency,,,,,,,,gap: no matching rows in this year
Germany,2003,DFG (Deutsche Forschungsgemeinschaft),science_agency,,,,,,,,Main competitive research funding agency. Grant funded by federal + Länder contributions.
Germany,2004,DFG (Deutsche Forschungsgemeinschaft),science_agency,,,,,,,,Main competitive research funding agency. Grant funded by federal + Länder contributions.
Germany,2005,DFG (Deutsche Forschungsgemeinschaft),science_agency,,,,,,,,Main competitive research funding agency. Grant funded by federal + Länder contributions.
Germany,2006,DFG (Deutsche Forschungsgemeinschaft),science_agency,,,,,,,,Main competitive research funding agency. Grant funded by federal + Länder contributions.
Germany,2007,DFG (Deutsche Forschungsgemeinschaft),science_agency,,,,,,,,Main competitive research funding agency. Grant funded by federal + Länder contributions.
Germany,2008,DFG (Deutsche Forschungsgemeinschaft),science_agency,,,,,,,,Main competitive research funding agency. Grant funded by federal + Länder contributions.
Germany,2009,DFG (Deutsche Forschungsgemeinschaft),science_agency,,,,,,,,Main competitive research funding agency. Grant funded by federal + Länder contributions.
Germany,2010,DFG (Deutsche Forschungsgemeinschaft),science_agency,,,,,,,,gap: no matching rows in this year
Germany,2011,DFG (Deutsche Forschungsgemeinschaft),science_agency,,,,,,,,gap: no matching rows in this year
Germany,2012,DFG (Deutsche Forschungsgemeinschaft),science_agency,,,,,,,,gap: no matching rows in this year
Germany,2013,DFG (Deutsche Forschungsgemeinschaft),science_agency,,,,,,,,gap: no matching rows in this year
Germany,2014,DFG (Deutsche Forschungsgemeinschaft),science_agency,,,,,,,,gap: no matching rows in this year
Germany,2015,DFG (Deutsche Forschungsgemeinschaft),science_agency,,,,,,,,gap: no matching rows in this year
Germany,2016,DFG (Deutsche Forschungsgemeinschaft),science_agency,,,,,,,,gap: no matching rows in this year
Germany,2017,DFG (Deutsche Forschungsgemeinschaft),science_agency,,,,,,,,gap: no matching rows in this year
Germany,2018,DFG (Deutsche Forschungsgemeinschaft),science_agency,,,,,,,,gap: no matching rows in this year
Germany,2019,DFG (Deutsche Forschungsgemeinschaft),science_agency,,,,,,,,gap: no matching rows in this year
Germany,2020,DFG (Deutsche Forschungsgemeinschaft),science_agency,,,,,,,,gap: no matching rows in this year
Germany,2021,DFG (Deutsche Forschungsgemeinschaft),science_agency,2853666000.0,euro,EUR,program_total,Institutional funding,2021 1922600.pdf,2984,Main competitive research funding agency. Grant funded by federal + Länder contributions.
Germany,2022,DFG (Deutsche Forschungsgemeinschaft),science_agency,,,,,,,,Main competitive research funding agency. Grant funded by federal + Länder contributions.
Germany,2023,DFG (Deutsche Forschungsgemeinschaft),science_agency,,,,,,,,gap: no matching rows in this year
Germany,2024,DFG (Deutsche Forschungsgemeinschaft),science_agency,,,,,,,,gap: no matching rows in this year
Germany,2025,DFG (Deutsche Forschungsgemeinschaft),science_agency,2518432000.0,euro,EUR,program_total,German Research Foundation,2025 Gesamtplan_und_Uebersichten.pdf,30,Main competitive research funding agency. Grant funded by federal + Länder contributions.
Germany,2021,Departmental Research Plan for the Environment,direct_rd,,,,,,,,The name indicates a specific research programme focused on environmental research.
Germany,2004,Development and Use of New Media and Information Technologies in Education and Research,higher_education,,,,,,,,This initiative supports R&D in educational technologies.
Germany,2005,Development and Use of New Media and Information Technologies in Education and Research,higher_education,,,,,,,,This initiative supports R&D in educational technologies.
Germany,2006,Development of Magnetic Levitation Technology,direct_rd,,,,,,,,This project focuses on R&D in magnetic levitation technology.
Germany,2003,Diagnostics and Therapy Development using Molecular Genetic Methods,direct_rd,,,,,,,,This program focuses on R&D in molecular genetics for diagnostics and therapy.
Germany,2007,Disease-Oriented Genome Networks,direct_rd,,,,,,,,Focuses on genomic research related to disease.
Germany,2021,Disruptive Innovations in Cybersecurity and Key Technologies,innovation_instruments,,,,,,,,The name indicates a specific R&D programme focused on cybersecurity and key technologies.
Germany,2021,Doping Analytics and Anti-Doping Research,direct_rd,,,,,,,,The entry specifically indicates a research programme focused on doping analytics and anti-doping efforts.
Germany,2021,Electronic systems for autonomous driving,innovation_instruments,,,,,,,,The entry indicates a specific R&D programme focused on developing electronic systems for autonomous driving.
Germany,2021,Energy Lab 2.0,innovation_instruments,,,,,,,,This entry represents a specific R&D programme focused on energy research.
Germany,2021,"Energy Technologies and Efficient Energy Use, Green Hydrogen - Research and Development Projects",direct_rd,,,,,,,,The entry specifically mentions research and development projects related to energy technologies.
Germany,2021,Environmental Technologies and Resource Efficiency,innovation_instruments,,,,,,,,The name indicates a specific programme focused on R&D in environmental technologies.
Germany,2021,"Environmental technologies, resources and geoscience",direct_rd,,,,,,,,The name indicates a specific R&D programme focused on environmental technologies and geoscience.
Germany,2003,Establishment of Disease-Oriented Competence Networks,science_agency,,,,,,,,This initiative is focused on R&D in genome research.
Germany,2021,"Ethical, Legal, and Social Aspects in Life Sciences",direct_rd,,,,,,,,The name indicates a specific R&D programme focused on ethical and social aspects in life sciences.
Germany,2021,European Research Infrastructures,science_agency,,,,,,,,"Supports the development of research infrastructures, crucial for R&D."
Germany,2021,European Space Agency (ESA) Contribution,direct_rd,920000000.0,euro,EUR,line_item,Contribution or services to the European Space Agency (ESA) in Paris,2021 1922600.pdf,1162,The contribution to ESA is specifically for research and development in space technology.
Germany,2007,European XFEL,science_agency,,,,,,,,A major research facility for X-ray free electron lasers.
Germany,2005,Excellence Initiative for Top-Level Support of Universities,higher_education,,,,,,,,This initiative supports excellence in research at universities.
Germany,2006,Excellence Initiative for Top-Level Support of Universities,higher_education,,,,,,,,This initiative supports excellence in research at universities.
Germany,2007,Excellence Initiative for Top-Level Support of Universities,higher_education,,,,,,,,This initiative supports excellence in research at universities.
Germany,2006,Excellence Initiative for the Promotion of Universities,higher_education,,,,,,,,"Promotes university excellence, directly relevant to R&D."
Germany,2007,Excellence Initiative for the Promotion of Universities,higher_education,,,,,,,,"Promotes university excellence, directly relevant to R&D."
Germany,2021,Excellence Strategy for the Promotion of Top Research at Universities,higher_education,,,,,,,,This programme is specifically aimed at promoting research excellence at universities.
Germany,2006,Experimental and Clinical Research Center,science_agency,,,,,,,,This center is dedicated to experimental and clinical research.
Germany,2007,Experimental and Clinical Research Center,science_agency,,,,,,,,This center is dedicated to experimental and clinical research.
Germany,2021,FIZ Karlsruhe - Leibniz Institute for Information Infrastructure,science_agency,,,,,,,,"FIZ Karlsruhe is a dedicated research institute focused on information infrastructure, indicating R&D relevance."
Germany,1955,Fraunhofer-Gesellschaft,science_agency,,,,,,,,gap: no matching rows in this year
Germany,1975,Fraunhofer-Gesellschaft,science_agency,,,,,,,,gap: no matching rows in this year
Germany,1976,Fraunhofer-Gesellschaft,science_agency,,,,,,,,gap: no matching rows in this year
Germany,1977,Fraunhofer-Gesellschaft,science_agency,,,,,,,,gap: no matching rows in this year
Germany,1978,Fraunhofer-Gesellschaft,science_agency,,,,,,,,gap: no matching rows in this year
Germany,1979,Fraunhofer-Gesellschaft,science_agency,,,,,,,,gap: no matching rows in this year
Germany,1980,Fraunhofer-Gesellschaft,science_agency,,,,,,,,gap: no matching rows in this year
Germany,1981,Fraunhofer-Gesellschaft,science_agency,,,,,,,,gap: no matching rows in this year
Germany,1982,Fraunhofer-Gesellschaft,science_agency,,,,,,,,
Germany,1983,Fraunhofer-Gesellschaft,science_agency,,,,,,,,gap: no matching rows in this year
Germany,1984,Fraunhofer-Gesellschaft,science_agency,,,,,,,,gap: no matching rows in this year
Germany,1985,Fraunhofer-Gesellschaft,science_agency,,,,,,,,gap: no matching rows in this year
Germany,1986,Fraunhofer-Gesellschaft,science_agency,,,,,,,,gap: no matching rows in this year
Germany,1987,Fraunhofer-Gesellschaft,science_agency,,,,,,,,gap: no matching rows in this year
Germany,1988,Fraunhofer-Gesellschaft,science_agency,,,,,,,,gap: no matching rows in this year
Germany,1989,Fraunhofer-Gesellschaft,science_agency,,,,,,,,gap: no matching rows in this year
Germany,1990,Fraunhofer-Gesellschaft,science_agency,,,,,,,,gap: no matching rows in this year
Germany,1991,Fraunhofer-Gesellschaft,science_agency,,,,,,,,gap: no matching rows in this year
Germany,1992,Fraunhofer-Gesellschaft,science_agency,,,,,,,,gap: no matching rows in this year
Germany,1993,Fraunhofer-Gesellschaft,science_agency,,,,,,,,gap: no matching rows in this year
Germany,1994,Fraunhofer-Gesellschaft,science_agency,,,,,,,,gap: no matching rows in this year
Germany,1995,Fraunhofer-Gesellschaft,science_agency,,,,,,,,gap: no matching rows in this year
Germany,1996,Fraunhofer-Gesellschaft,science_agency,,,,,,,,gap: no matching rows in this year
Germany,1997,Fraunhofer-Gesellschaft,science_agency,,,,,,,,gap: no matching rows in this year
Germany,1998,Fraunhofer-Gesellschaft,science_agency,,,,,,,,gap: no matching rows in this year
Germany,1999,Fraunhofer-Gesellschaft,science_agency,,,,,,,,gap: no matching rows in this year
Germany,2000,Fraunhofer-Gesellschaft,science_agency,,,,,,,,gap: no matching rows in this year
Germany,2001,Fraunhofer-Gesellschaft,science_agency,,,,,,,,gap: no matching rows in this year
Germany,2002,Fraunhofer-Gesellschaft,science_agency,,,,,,,,gap: no matching rows in this year
Germany,2003,Fraunhofer-Gesellschaft,science_agency,,,,,,,,
Germany,2004,Fraunhofer-Gesellschaft,science_agency,,,,,,,,
Germany,2005,Fraunhofer-Gesellschaft,science_agency,,,,,,,,
Germany,2006,Fraunhofer-Gesellschaft,science_agency,,,,,,,,
Germany,2007,Fraunhofer-Gesellschaft,science_agency,,,,,,,,
Germany,2008,Fraunhofer-Gesellschaft,science_agency,,,,,,,,
Germany,2009,Fraunhofer-Gesellschaft,science_agency,,,,,,,,
Germany,2010,Fraunhofer-Gesellschaft,science_agency,,,,,,,,gap: no matching rows in this year
Germany,2011,Fraunhofer-Gesellschaft,science_agency,,,,,,,,gap: no matching rows in this year
Germany,2012,Fraunhofer-Gesellschaft,science_agency,,,,,,,,gap: no matching rows in this year
Germany,2013,Fraunhofer-Gesellschaft,science_agency,,,,,,,,gap: no matching rows in this year
Germany,2014,Fraunhofer-Gesellschaft,science_agency,,,,,,,,gap: no matching rows in this year
Germany,2015,Fraunhofer-Gesellschaft,science_agency,,,,,,,,gap: no matching rows in this year
Germany,2016,Fraunhofer-Gesellschaft,science_agency,,,,,,,,gap: no matching rows in this year
Germany,2017,Fraunhofer-Gesellschaft,science_agency,,,,,,,,gap: no matching rows in this year
Germany,2018,Fraunhofer-Gesellschaft,science_agency,,,,,,,,gap: no matching rows in this year
Germany,2019,Fraunhofer-Gesellschaft,science_agency,,,,,,,,gap: no matching rows in this year
Germany,2020,Fraunhofer-Gesellschaft,science_agency,,,,,,,,gap: no matching rows in this year
Germany,2021,Fraunhofer-Gesellschaft,science_agency,779000000.0,euro,EUR,line_item,Institutional grants to the Fraunhofer Society,2021 1922600.pdf,2989,
Germany,2022,Fraunhofer-Gesellschaft,science_agency,,,,,,,,gap: no matching rows in this year
Germany,2023,Fraunhofer-Gesellschaft,science_agency,,,,,,,,gap: no matching rows in this year
Germany,2024,Fraunhofer-Gesellschaft,science_agency,,,,,,,,gap: no matching rows in this year
Germany,2025,Fraunhofer-Gesellschaft,science_agency,,,,,,,,gap: no matching rows in this year
Germany,2003,Fuel Cells,direct_rd,,,,,,,,"This program focuses on fuel cell technology, which is a key area of R&D."
Germany,2005,Fundamental Natural Science Research - Research and Development Projects,direct_rd,,,,,,,,"This entity focuses on fundamental research, which is inherently R&D relevant."
Germany,2006,Fundamental Natural Science Research - Research and Development Projects,direct_rd,,,,,,,,gap: no matching rows in this year
Germany,2007,Fundamental Natural Science Research - Research and Development Projects,direct_rd,,,,,,,,"This entity focuses on fundamental research, which is inherently R&D relevant."
Germany,2008,Fundamental Natural Science Research - Research and Development Projects,direct_rd,,,,,,,,gap: no matching rows in this year
Germany,2009,Fundamental Natural Science Research - Research and Development Projects,direct_rd,,,,,,,,gap: no matching rows in this year
Germany,2010,Fundamental Natural Science Research - Research and Development Projects,direct_rd,,,,,,,,gap: no matching rows in this year
Germany,2011,Fundamental Natural Science Research - Research and Development Projects,direct_rd,,,,,,,,gap: no matching rows in this year
Germany,2012,Fundamental Natural Science Research - Research and Development Projects,direct_rd,,,,,,,,gap: no matching rows in this year
Germany,2013,Fundamental Natural Science Research - Research and Development Projects,direct_rd,,,,,,,,gap: no matching rows in this year
Germany,2014,Fundamental Natural Science Research - Research and Development Projects,direct_rd,,,,,,,,gap: no matching rows in this year
Germany,2015,Fundamental Natural Science Research - Research and Development Projects,direct_rd,,,,,,,,gap: no matching rows in this year
Germany,2016,Fundamental Natural Science Research - Research and Development Projects,direct_rd,,,,,,,,gap: no matching rows in this year
Germany,2017,Fundamental Natural Science Research - Research and Development Projects,direct_rd,,,,,,,,gap: no matching rows in this year
Germany,2018,Fundamental Natural Science Research - Research and Development Projects,direct_rd,,,,,,,,gap: no matching rows in this year
Germany,2019,Fundamental Natural Science Research - Research and Development Projects,direct_rd,,,,,,,,gap: no matching rows in this year
Germany,2020,Fundamental Natural Science Research - Research and Development Projects,direct_rd,,,,,,,,gap: no matching rows in this year
Germany,2021,Fundamental Natural Science Research - Research and Development Projects,direct_rd,,,,,,,,"This entity focuses on fundamental research, which is inherently R&D relevant."
Germany,2021,Funding Advice 'Research and Innovation' of the Federal Government,innovation_instruments,,,,,,,,The name indicates a specific programme aimed at supporting research and innovation.
Germany,2021,Funding initiative Innovative University,higher_education,,,,,,,,The name indicates a specific funding initiative aimed at promoting research and innovation in universities.
Germany,2006,Future Security of German Magnetic Levitation Technology,innovation_instruments,,,,,,,,"Focuses on advanced technology, indicating R&D relevance."
Germany,2021,GESIS - Leibniz Institute for the Social Sciences,science_agency,,,,,,,,"GESIS is a dedicated research institute focused on social sciences, qualifying as a dedicated R&D agency."
Germany,2005,GKSS Research Center Geesthacht,science_agency,,,,,,,,This is a dedicated research center focusing on environmental and health research.
Germany,2005,GSF Research Center for Environment and Health,science_agency,,,,,,,,This is a dedicated research center focusing on health and environmental research.
Germany,2021,GSI Helmholtz Centre for Heavy Ion Research,science_agency,1665096000.0,euro,EUR,line_item,"FAIR (Facility for Antiproton and Ion Research) at GSI, Darmstadt",2021 1922600.pdf,3019,The GSI Helmholtz Centre is a dedicated research institution focused on heavy ion research.
Germany,2003,Geothermal Power Generation Research,direct_rd,,,,,,,,This initiative focuses on R&D in geothermal power generation.
Germany,2003,Geothermal Systems Research,direct_rd,,,,,,,,This program supports research in geothermal energy systems.
Germany,2021,German Academic Exchange Service,higher_education,186204000.0,euro,EUR,line_item,Institutional Funding,2021 1922600.pdf,487,"The funding is for institutional support related to academic exchange, which typically includes research activities."
Germany,1975,German Aerospace Center,science_agency,,,,,,,,gap: no matching rows in this year
Germany,1976,German Aerospace Center,science_agency,,,,,,,,gap: no matching rows in this year
Germany,1977,German Aerospace Center,science_agency,,,,,,,,gap: no matching rows in this year
Germany,1978,German Aerospace Center,science_agency,,,,,,,,gap: no matching rows in this year
Germany,1979,German Aerospace Center,science_agency,,,,,,,,gap: no matching rows in this year
Germany,1980,German Aerospace Center,science_agency,,,,,,,,gap: no matching rows in this year
Germany,1981,German Aerospace Center,science_agency,,,,,,,,gap: no matching rows in this year
Germany,1982,German Aerospace Center,science_agency,,,,,,,,"DLR (formerly DFVLR). Federal institutional grant for aerospace, transport, energy, and digitisation R&D."
Germany,1983,German Aerospace Center,science_agency,,,,,,,,gap: no matching rows in this year
Germany,1984,German Aerospace Center,science_agency,,,,,,,,gap: no matching rows in this year
Germany,1985,German Aerospace Center,science_agency,,,,,,,,gap: no matching rows in this year
Germany,1986,German Aerospace Center,science_agency,,,,,,,,gap: no matching rows in this year
Germany,1987,German Aerospace Center,science_agency,,,,,,,,gap: no matching rows in this year
Germany,1988,German Aerospace Center,science_agency,,,,,,,,gap: no matching rows in this year
Germany,1989,German Aerospace Center,science_agency,,,,,,,,gap: no matching rows in this year
Germany,1990,German Aerospace Center,science_agency,,,,,,,,gap: no matching rows in this year
Germany,1991,German Aerospace Center,science_agency,,,,,,,,gap: no matching rows in this year
Germany,1992,German Aerospace Center,science_agency,,,,,,,,gap: no matching rows in this year
Germany,1993,German Aerospace Center,science_agency,,,,,,,,gap: no matching rows in this year
Germany,1994,German Aerospace Center,science_agency,,,,,,,,gap: no matching rows in this year
Germany,1995,German Aerospace Center,science_agency,,,,,,,,gap: no matching rows in this year
Germany,1996,German Aerospace Center,science_agency,,,,,,,,gap: no matching rows in this year
Germany,1997,German Aerospace Center,science_agency,,,,,,,,gap: no matching rows in this year
Germany,1998,German Aerospace Center,science_agency,,,,,,,,gap: no matching rows in this year
Germany,1999,German Aerospace Center,science_agency,,,,,,,,gap: no matching rows in this year
Germany,2000,German Aerospace Center,science_agency,,,,,,,,gap: no matching rows in this year
Germany,2001,German Aerospace Center,science_agency,,,,,,,,gap: no matching rows in this year
Germany,2002,German Aerospace Center,science_agency,,,,,,,,gap: no matching rows in this year
Germany,2003,German Aerospace Center,science_agency,,,,,,,,"DLR (formerly DFVLR). Federal institutional grant for aerospace, transport, energy, and digitisation R&D."
Germany,2004,German Aerospace Center,science_agency,,,,,,,,"DLR (formerly DFVLR). Federal institutional grant for aerospace, transport, energy, and digitisation R&D."
Germany,2005,German Aerospace Center,science_agency,,,,,,,,"DLR (formerly DFVLR). Federal institutional grant for aerospace, transport, energy, and digitisation R&D."
Germany,2006,German Aerospace Center,science_agency,,,,,,,,"DLR (formerly DFVLR). Federal institutional grant for aerospace, transport, energy, and digitisation R&D."
Germany,2007,German Aerospace Center,science_agency,,,,,,,,"DLR (formerly DFVLR). Federal institutional grant for aerospace, transport, energy, and digitisation R&D."
Germany,2008,German Aerospace Center,science_agency,,,,,,,,"DLR (formerly DFVLR). Federal institutional grant for aerospace, transport, energy, and digitisation R&D."
Germany,2009,German Aerospace Center,science_agency,,,,,,,,"DLR (formerly DFVLR). Federal institutional grant for aerospace, transport, energy, and digitisation R&D."
Germany,2010,German Aerospace Center,science_agency,,,,,,,,gap: no matching rows in this year
Germany,2011,German Aerospace Center,science_agency,,,,,,,,gap: no matching rows in this year
Germany,2012,German Aerospace Center,science_agency,,,,,,,,gap: no matching rows in this year
Germany,2013,German Aerospace Center,science_agency,,,,,,,,gap: no matching rows in this year
Germany,2014,German Aerospace Center,science_agency,,,,,,,,gap: no matching rows in this year
Germany,2015,German Aerospace Center,science_agency,,,,,,,,gap: no matching rows in this year
Germany,2016,German Aerospace Center,science_agency,,,,,,,,gap: no matching rows in this year
Germany,2017,German Aerospace Center,science_agency,,,,,,,,gap: no matching rows in this year
Germany,2018,German Aerospace Center,science_agency,,,,,,,,gap: no matching rows in this year
Germany,2019,German Aerospace Center,science_agency,,,,,,,,gap: no matching rows in this year
Germany,2020,German Aerospace Center,science_agency,,,,,,,,gap: no matching rows in this year
Germany,2021,German Aerospace Center,science_agency,,,,,,,,"DLR (formerly DFVLR). Federal institutional grant for aerospace, transport, energy, and digitisation R&D."
Germany,2022,German Aerospace Center,science_agency,,,,,,,,gap: no matching rows in this year
Germany,2023,German Aerospace Center,science_agency,,,,,,,,gap: no matching rows in this year
Germany,2024,German Aerospace Center,science_agency,,,,,,,,gap: no matching rows in this year
Germany,2025,German Aerospace Center,science_agency,,,,,,,,gap: no matching rows in this year
Germany,2021,German Cancer Research Center,science_agency,217435000.0,euro,EUR,line_item,"German Cancer Research Center (DKFZ), Heidelberg",2021 1922600.pdf,3025,The German Cancer Research Center is primarily dedicated to conducting cancer research.
Germany,2021,German Center for Cardiovascular Research,science_agency,,,,,,,,The DZHK is a dedicated agency focused on cardiovascular research.
Germany,2021,German Center for Diabetes Research,science_agency,,,,,,,,The German Center for Diabetes Research is dedicated to conducting research on diabetes.
Germany,2021,German Center for Lung Research,science_agency,,,,,,,,The German Center for Lung Research is dedicated to conducting and funding research in lung health.
Germany,2021,German Center for Neurodegenerative Diseases,science_agency,,,,,,,,The DZNE is primarily focused on conducting and funding research related to neurodegenerative diseases.
Germany,2021,German Electron Synchrotron,science_agency,339382000.0,euro,EUR,line_item,"German Electron Synchrotron (DESY), Hamburg",2021 1922600.pdf,3025,DESY is a dedicated research facility primarily focused on conducting R&D in particle physics.
Germany,1992,German Research Centre for Geosciences (GFZ),science_agency,,,,,,,,gap: no matching rows in this year
Germany,1993,German Research Centre for Geosciences (GFZ),science_agency,,,,,,,,gap: no matching rows in this year
Germany,1994,German Research Centre for Geosciences (GFZ),science_agency,,,,,,,,gap: no matching rows in this year
Germany,1995,German Research Centre for Geosciences (GFZ),science_agency,,,,,,,,gap: no matching rows in this year
Germany,1996,German Research Centre for Geosciences (GFZ),science_agency,,,,,,,,gap: no matching rows in this year
Germany,1997,German Research Centre for Geosciences (GFZ),science_agency,,,,,,,,gap: no matching rows in this year
Germany,1998,German Research Centre for Geosciences (GFZ),science_agency,,,,,,,,gap: no matching rows in this year
Germany,1999,German Research Centre for Geosciences (GFZ),science_agency,,,,,,,,gap: no matching rows in this year
Germany,2000,German Research Centre for Geosciences (GFZ),science_agency,,,,,,,,gap: no matching rows in this year
Germany,2001,German Research Centre for Geosciences (GFZ),science_agency,,,,,,,,gap: no matching rows in this year
Germany,2002,German Research Centre for Geosciences (GFZ),science_agency,,,,,,,,gap: no matching rows in this year
Germany,2003,German Research Centre for Geosciences (GFZ),science_agency,,,,,,,,
Germany,2004,German Research Centre for Geosciences (GFZ),science_agency,24378000.0,euro,EUR,program_total,Federal Grants,2004 1501500.pdf,2534,
Germany,2005,German Research Centre for Geosciences (GFZ),science_agency,37134000.0,euro,EUR,program_total,"Group 13 Geo Research Center Foundation (GFZ), Potsdam",2005 1503660.pdf,2585,
Germany,2006,German Research Centre for Geosciences (GFZ),science_agency,,,,,,,,
Germany,2007,German Research Centre for Geosciences (GFZ),science_agency,,,,,,,,
Germany,2008,German Research Centre for Geosciences (GFZ),science_agency,,,,,,,,gap: no matching rows in this year
Germany,2009,German Research Centre for Geosciences (GFZ),science_agency,,,,,,,,gap: no matching rows in this year
Germany,2010,German Research Centre for Geosciences (GFZ),science_agency,,,,,,,,gap: no matching rows in this year
Germany,2011,German Research Centre for Geosciences (GFZ),science_agency,,,,,,,,gap: no matching rows in this year
Germany,2012,German Research Centre for Geosciences (GFZ),science_agency,,,,,,,,gap: no matching rows in this year
Germany,2013,German Research Centre for Geosciences (GFZ),science_agency,,,,,,,,gap: no matching rows in this year
Germany,2014,German Research Centre for Geosciences (GFZ),science_agency,,,,,,,,gap: no matching rows in this year
Germany,2015,German Research Centre for Geosciences (GFZ),science_agency,,,,,,,,gap: no matching rows in this year
Germany,2016,German Research Centre for Geosciences (GFZ),science_agency,,,,,,,,gap: no matching rows in this year
Germany,2017,German Research Centre for Geosciences (GFZ),science_agency,,,,,,,,gap: no matching rows in this year
Germany,2018,German Research Centre for Geosciences (GFZ),science_agency,,,,,,,,gap: no matching rows in this year
Germany,2019,German Research Centre for Geosciences (GFZ),science_agency,,,,,,,,gap: no matching rows in this year
Germany,2020,German Research Centre for Geosciences (GFZ),science_agency,,,,,,,,gap: no matching rows in this year
Germany,2021,German Research Centre for Geosciences (GFZ),science_agency,65763000.0,euro,EUR,section_total,Total amount for research and development,2021 1922600.pdf,3042,
Germany,2022,German Research Centre for Geosciences (GFZ),science_agency,,,,,,,,gap: no matching rows in this year
Germany,2023,German Research Centre for Geosciences (GFZ),science_agency,,,,,,,,gap: no matching rows in this year
Germany,2024,German Research Centre for Geosciences (GFZ),science_agency,,,,,,,,gap: no matching rows in this year
Germany,2025,German Research Centre for Geosciences (GFZ),science_agency,,,,,,,,gap: no matching rows in this year
Germany,2021,German contribution to GALILEO,innovation_instruments,,,,,,,,This entry represents a specific contribution to a research and development programme for satellite navigation.
Germany,2004,German-French Research Institute St. Louis,science_agency,,,,,,,,This institute focuses on collaborative research between Germany and France.
Germany,2003,Grants for Research Projects on Detection and Combat of New Infectious Diseases,direct_rd,,,,,,,,This entity provides funding for critical research on infectious diseases.
Germany,2004,Grants for Research Projects on Detection and Combat of New Infectious Diseases,direct_rd,,,,,,,,This entity provides funding for critical research on infectious diseases.
Germany,2005,Grants for Research Projects on Detection and Combat of New Infectious Diseases,direct_rd,,,,,,,,This entity provides funding for critical research on infectious diseases.
Germany,2006,Grants for Research Projects on Detection and Combat of New Infectious Diseases,direct_rd,,,,,,,,This entity provides funding for critical research on infectious diseases.
Germany,2007,Grants for Research Projects on Detection and Combat of New Infectious Diseases,direct_rd,,,,,,,,This entity provides funding for critical research on infectious diseases.
Germany,2008,Grants for Research Projects on Detection and Combat of New Infectious Diseases,direct_rd,,,,,,,,gap: no matching rows in this year
Germany,2009,Grants for Research Projects on Detection and Combat of New Infectious Diseases,direct_rd,,,,,,,,gap: no matching rows in this year
Germany,2010,Grants for Research Projects on Detection and Combat of New Infectious Diseases,direct_rd,,,,,,,,gap: no matching rows in this year
Germany,2011,Grants for Research Projects on Detection and Combat of New Infectious Diseases,direct_rd,,,,,,,,gap: no matching rows in this year
Germany,2012,Grants for Research Projects on Detection and Combat of New Infectious Diseases,direct_rd,,,,,,,,gap: no matching rows in this year
Germany,2013,Grants for Research Projects on Detection and Combat of New Infectious Diseases,direct_rd,,,,,,,,gap: no matching rows in this year
Germany,2014,Grants for Research Projects on Detection and Combat of New Infectious Diseases,direct_rd,,,,,,,,gap: no matching rows in this year
Germany,2015,Grants for Research Projects on Detection and Combat of New Infectious Diseases,direct_rd,,,,,,,,gap: no matching rows in this year
Germany,2016,Grants for Research Projects on Detection and Combat of New Infectious Diseases,direct_rd,,,,,,,,gap: no matching rows in this year
Germany,2017,Grants for Research Projects on Detection and Combat of New Infectious Diseases,direct_rd,,,,,,,,gap: no matching rows in this year
Germany,2018,Grants for Research Projects on Detection and Combat of New Infectious Diseases,direct_rd,,,,,,,,gap: no matching rows in this year
Germany,2019,Grants for Research Projects on Detection and Combat of New Infectious Diseases,direct_rd,,,,,,,,gap: no matching rows in this year
Germany,2020,Grants for Research Projects on Detection and Combat of New Infectious Diseases,direct_rd,,,,,,,,gap: no matching rows in this year
Germany,2021,Grants for Research Projects on Detection and Combat of New Infectious Diseases,direct_rd,,,,,,,,This entity provides funding for critical research on infectious diseases.
Germany,2021,HOVER,direct_rd,,,,,,,,HOVER is a specific R&D programme focused on research activities.
Germany,2021,Health Research and Health Economy,direct_rd,,,,,,,,The name indicates a specific programme focused on health research.
Germany,2003,Health and Medicine,direct_rd,,,,,,,,"Focuses on health, indicating relevance to R&D."
Germany,2004,Health and Medicine,direct_rd,,,,,,,,gap: no matching rows in this year
Germany,2005,Health and Medicine,direct_rd,,,,,,,,gap: no matching rows in this year
Germany,2006,Health and Medicine,direct_rd,,,,,,,,"Focuses on health, indicating relevance to R&D."
Germany,2021,Heinrich Pette Institute - Leibniz Institute for Experimental Virology,science_agency,,,,,,,,The institute is dedicated to conducting research in experimental virology.
Germany,1992,Helmholtz Center Dresden-Rossendorf (HZDR),science_agency,,,,,,,,gap: no matching rows in this year
Germany,1993,Helmholtz Center Dresden-Rossendorf (HZDR),science_agency,,,,,,,,gap: no matching rows in this year
Germany,1994,Helmholtz Center Dresden-Rossendorf (HZDR),science_agency,,,,,,,,gap: no matching rows in this year
Germany,1995,Helmholtz Center Dresden-Rossendorf (HZDR),science_agency,,,,,,,,gap: no matching rows in this year
Germany,1996,Helmholtz Center Dresden-Rossendorf (HZDR),science_agency,,,,,,,,gap: no matching rows in this year
Germany,1997,Helmholtz Center Dresden-Rossendorf (HZDR),science_agency,,,,,,,,gap: no matching rows in this year
Germany,1998,Helmholtz Center Dresden-Rossendorf (HZDR),science_agency,,,,,,,,gap: no matching rows in this year
Germany,1999,Helmholtz Center Dresden-Rossendorf (HZDR),science_agency,,,,,,,,gap: no matching rows in this year
Germany,2000,Helmholtz Center Dresden-Rossendorf (HZDR),science_agency,,,,,,,,gap: no matching rows in this year
Germany,2001,Helmholtz Center Dresden-Rossendorf (HZDR),science_agency,,,,,,,,gap: no matching rows in this year
Germany,2002,Helmholtz Center Dresden-Rossendorf (HZDR),science_agency,,,,,,,,gap: no matching rows in this year
Germany,2003,Helmholtz Center Dresden-Rossendorf (HZDR),science_agency,,,,,,,,gap: no matching rows in this year
Germany,2004,Helmholtz Center Dresden-Rossendorf (HZDR),science_agency,,,,,,,,gap: no matching rows in this year
Germany,2005,Helmholtz Center Dresden-Rossendorf (HZDR),science_agency,,,,,,,,gap: no matching rows in this year
Germany,2006,Helmholtz Center Dresden-Rossendorf (HZDR),science_agency,,,,,,,,gap: no matching rows in this year
Germany,2007,Helmholtz Center Dresden-Rossendorf (HZDR),science_agency,,,,,,,,gap: no matching rows in this year
Germany,2008,Helmholtz Center Dresden-Rossendorf (HZDR),science_agency,,,,,,,,gap: no matching rows in this year
Germany,2009,Helmholtz Center Dresden-Rossendorf (HZDR),science_agency,,,,,,,,gap: no matching rows in this year
Germany,2010,Helmholtz Center Dresden-Rossendorf (HZDR),science_agency,,,,,,,,gap: no matching rows in this year
Germany,2011,Helmholtz Center Dresden-Rossendorf (HZDR),science_agency,,,,,,,,gap: no matching rows in this year
Germany,2012,Helmholtz Center Dresden-Rossendorf (HZDR),science_agency,,,,,,,,gap: no matching rows in this year
Germany,2013,Helmholtz Center Dresden-Rossendorf (HZDR),science_agency,,,,,,,,gap: no matching rows in this year
Germany,2014,Helmholtz Center Dresden-Rossendorf (HZDR),science_agency,,,,,,,,gap: no matching rows in this year
Germany,2015,Helmholtz Center Dresden-Rossendorf (HZDR),science_agency,,,,,,,,gap: no matching rows in this year
Germany,2016,Helmholtz Center Dresden-Rossendorf (HZDR),science_agency,,,,,,,,gap: no matching rows in this year
Germany,2017,Helmholtz Center Dresden-Rossendorf (HZDR),science_agency,,,,,,,,gap: no matching rows in this year
Germany,2018,Helmholtz Center Dresden-Rossendorf (HZDR),science_agency,,,,,,,,gap: no matching rows in this year
Germany,2019,Helmholtz Center Dresden-Rossendorf (HZDR),science_agency,,,,,,,,gap: no matching rows in this year
Germany,2020,Helmholtz Center Dresden-Rossendorf (HZDR),science_agency,,,,,,,,gap: no matching rows in this year
Germany,2021,Helmholtz Center Dresden-Rossendorf (HZDR),science_agency,86491000.0,euro,EUR,line_item,Helmholtz Center Dresden-Rossendorf (HZDR),2021 1922600.pdf,3026,
Germany,2022,Helmholtz Center Dresden-Rossendorf (HZDR),science_agency,,,,,,,,gap: no matching rows in this year
Germany,2023,Helmholtz Center Dresden-Rossendorf (HZDR),science_agency,,,,,,,,gap: no matching rows in this year
Germany,2024,Helmholtz Center Dresden-Rossendorf (HZDR),science_agency,,,,,,,,gap: no matching rows in this year
Germany,2025,Helmholtz Center Dresden-Rossendorf (HZDR),science_agency,,,,,,,,gap: no matching rows in this year
Germany,2021,Helmholtz Center for Information Security CISPA,science_agency,,,,,,,,The Helmholtz Center for Information Security CISPA is primarily focused on conducting research in information security.
Germany,2021,Helmholtz Centre Berlin for Materials and Energy,science_agency,,,,,,,,"The Helmholtz Centre Berlin is a dedicated research institution focused on materials and energy, qualifying it as R&D relevant."
Germany,2021,"Helmholtz Centre Geesthacht, Centre for Materials and Coastal Research",science_agency,,,,,,,,The Helmholtz Centre Geesthacht is a dedicated research institution focused on materials and coastal research.
Germany,1955,Helmholtz Centre Munich,science_agency,,,,,,,,gap: no matching rows in this year
Germany,1975,Helmholtz Centre Munich,science_agency,,,,,,,,gap: no matching rows in this year
Germany,1976,Helmholtz Centre Munich,science_agency,,,,,,,,gap: no matching rows in this year
Germany,1977,Helmholtz Centre Munich,science_agency,,,,,,,,gap: no matching rows in this year
Germany,1978,Helmholtz Centre Munich,science_agency,,,,,,,,gap: no matching rows in this year
Germany,1979,Helmholtz Centre Munich,science_agency,,,,,,,,gap: no matching rows in this year
Germany,1980,Helmholtz Centre Munich,science_agency,,,,,,,,gap: no matching rows in this year
Germany,1981,Helmholtz Centre Munich,science_agency,,,,,,,,gap: no matching rows in this year
Germany,1982,Helmholtz Centre Munich,science_agency,,,,,,,,gap: no matching rows in this year
Germany,1983,Helmholtz Centre Munich,science_agency,,,,,,,,gap: no matching rows in this year
Germany,1984,Helmholtz Centre Munich,science_agency,,,,,,,,gap: no matching rows in this year
Germany,1985,Helmholtz Centre Munich,science_agency,,,,,,,,gap: no matching rows in this year
Germany,1986,Helmholtz Centre Munich,science_agency,,,,,,,,gap: no matching rows in this year
Germany,1987,Helmholtz Centre Munich,science_agency,,,,,,,,gap: no matching rows in this year
Germany,1988,Helmholtz Centre Munich,science_agency,,,,,,,,gap: no matching rows in this year
Germany,1989,Helmholtz Centre Munich,science_agency,,,,,,,,gap: no matching rows in this year
Germany,1990,Helmholtz Centre Munich,science_agency,,,,,,,,gap: no matching rows in this year
Germany,1991,Helmholtz Centre Munich,science_agency,,,,,,,,gap: no matching rows in this year
Germany,1992,Helmholtz Centre Munich,science_agency,,,,,,,,gap: no matching rows in this year
Germany,1993,Helmholtz Centre Munich,science_agency,,,,,,,,gap: no matching rows in this year
Germany,1994,Helmholtz Centre Munich,science_agency,,,,,,,,gap: no matching rows in this year
Germany,1995,Helmholtz Centre Munich,science_agency,,,,,,,,gap: no matching rows in this year
Germany,1996,Helmholtz Centre Munich,science_agency,,,,,,,,gap: no matching rows in this year
Germany,1997,Helmholtz Centre Munich,science_agency,,,,,,,,gap: no matching rows in this year
Germany,1998,Helmholtz Centre Munich,science_agency,,,,,,,,gap: no matching rows in this year
Germany,1999,Helmholtz Centre Munich,science_agency,,,,,,,,gap: no matching rows in this year
Germany,2000,Helmholtz Centre Munich,science_agency,,,,,,,,gap: no matching rows in this year
Germany,2001,Helmholtz Centre Munich,science_agency,,,,,,,,gap: no matching rows in this year
Germany,2002,Helmholtz Centre Munich,science_agency,,,,,,,,gap: no matching rows in this year
Germany,2003,Helmholtz Centre Munich,science_agency,,,,,,,,gap: no matching rows in this year
Germany,2004,Helmholtz Centre Munich,science_agency,,,,,,,,gap: no matching rows in this year
Germany,2005,Helmholtz Centre Munich,science_agency,,,,,,,,gap: no matching rows in this year
Germany,2006,Helmholtz Centre Munich,science_agency,,,,,,,,gap: no matching rows in this year
Germany,2007,Helmholtz Centre Munich,science_agency,,,,,,,,gap: no matching rows in this year
Germany,2008,Helmholtz Centre Munich,science_agency,,,,,,,,gap: no matching rows in this year
Germany,2009,Helmholtz Centre Munich,science_agency,,,,,,,,gap: no matching rows in this year
Germany,2010,Helmholtz Centre Munich,science_agency,,,,,,,,gap: no matching rows in this year
Germany,2011,Helmholtz Centre Munich,science_agency,,,,,,,,gap: no matching rows in this year
Germany,2012,Helmholtz Centre Munich,science_agency,,,,,,,,gap: no matching rows in this year
Germany,2013,Helmholtz Centre Munich,science_agency,,,,,,,,gap: no matching rows in this year
Germany,2014,Helmholtz Centre Munich,science_agency,,,,,,,,gap: no matching rows in this year
Germany,2015,Helmholtz Centre Munich,science_agency,,,,,,,,gap: no matching rows in this year
Germany,2016,Helmholtz Centre Munich,science_agency,,,,,,,,gap: no matching rows in this year
Germany,2017,Helmholtz Centre Munich,science_agency,,,,,,,,gap: no matching rows in this year
Germany,2018,Helmholtz Centre Munich,science_agency,,,,,,,,gap: no matching rows in this year
Germany,2019,Helmholtz Centre Munich,science_agency,,,,,,,,gap: no matching rows in this year
Germany,2020,Helmholtz Centre Munich,science_agency,,,,,,,,gap: no matching rows in this year
Germany,2021,Helmholtz Centre Munich,science_agency,273714000.0,euro,EUR,section_total,Total amount for research and development,2021 1922600.pdf,3043,
Germany,2022,Helmholtz Centre Munich,science_agency,,,,,,,,gap: no matching rows in this year
Germany,2023,Helmholtz Centre Munich,science_agency,,,,,,,,gap: no matching rows in this year
Germany,2024,Helmholtz Centre Munich,science_agency,,,,,,,,gap: no matching rows in this year
Germany,2025,Helmholtz Centre Munich,science_agency,,,,,,,,gap: no matching rows in this year
Germany,1991,Helmholtz Centre for Environmental Research (UFZ),science_agency,,,,,,,,gap: no matching rows in this year
Germany,1992,Helmholtz Centre for Environmental Research (UFZ),science_agency,,,,,,,,gap: no matching rows in this year
Germany,1993,Helmholtz Centre for Environmental Research (UFZ),science_agency,,,,,,,,gap: no matching rows in this year
Germany,1994,Helmholtz Centre for Environmental Research (UFZ),science_agency,,,,,,,,gap: no matching rows in this year
Germany,1995,Helmholtz Centre for Environmental Research (UFZ),science_agency,,,,,,,,gap: no matching rows in this year
Germany,1996,Helmholtz Centre for Environmental Research (UFZ),science_agency,,,,,,,,gap: no matching rows in this year
Germany,1997,Helmholtz Centre for Environmental Research (UFZ),science_agency,,,,,,,,gap: no matching rows in this year
Germany,1998,Helmholtz Centre for Environmental Research (UFZ),science_agency,,,,,,,,gap: no matching rows in this year
Germany,1999,Helmholtz Centre for Environmental Research (UFZ),science_agency,,,,,,,,gap: no matching rows in this year
Germany,2000,Helmholtz Centre for Environmental Research (UFZ),science_agency,,,,,,,,gap: no matching rows in this year
Germany,2001,Helmholtz Centre for Environmental Research (UFZ),science_agency,,,,,,,,gap: no matching rows in this year
Germany,2002,Helmholtz Centre for Environmental Research (UFZ),science_agency,,,,,,,,gap: no matching rows in this year
Germany,2003,Helmholtz Centre for Environmental Research (UFZ),science_agency,,,,,,,,
Germany,2004,Helmholtz Centre for Environmental Research (UFZ),science_agency,,,,,,,,
Germany,2005,Helmholtz Centre for Environmental Research (UFZ),science_agency,48157000.0,euro,EUR,program_total,Institutionelle Förderung,2005 1503660.pdf,2589,
Germany,2006,Helmholtz Centre for Environmental Research (UFZ),science_agency,53670000.0,euro,EUR,program_total,Institutionelle Förderung,2006 1600750.pdf,2831,
Germany,2007,Helmholtz Centre for Environmental Research (UFZ),science_agency,,,,,,,,
Germany,2008,Helmholtz Centre for Environmental Research (UFZ),science_agency,,,,,,,,gap: no matching rows in this year
Germany,2009,Helmholtz Centre for Environmental Research (UFZ),science_agency,,,,,,,,gap: no matching rows in this year
Germany,2010,Helmholtz Centre for Environmental Research (UFZ),science_agency,,,,,,,,gap: no matching rows in this year
Germany,2011,Helmholtz Centre for Environmental Research (UFZ),science_agency,,,,,,,,gap: no matching rows in this year
Germany,2012,Helmholtz Centre for Environmental Research (UFZ),science_agency,,,,,,,,gap: no matching rows in this year
Germany,2013,Helmholtz Centre for Environmental Research (UFZ),science_agency,,,,,,,,gap: no matching rows in this year
Germany,2014,Helmholtz Centre for Environmental Research (UFZ),science_agency,,,,,,,,gap: no matching rows in this year
Germany,2015,Helmholtz Centre for Environmental Research (UFZ),science_agency,,,,,,,,gap: no matching rows in this year
Germany,2016,Helmholtz Centre for Environmental Research (UFZ),science_agency,,,,,,,,gap: no matching rows in this year
Germany,2017,Helmholtz Centre for Environmental Research (UFZ),science_agency,,,,,,,,gap: no matching rows in this year
Germany,2018,Helmholtz Centre for Environmental Research (UFZ),science_agency,,,,,,,,gap: no matching rows in this year
Germany,2019,Helmholtz Centre for Environmental Research (UFZ),science_agency,,,,,,,,gap: no matching rows in this year
Germany,2020,Helmholtz Centre for Environmental Research (UFZ),science_agency,,,,,,,,gap: no matching rows in this year
Germany,2021,Helmholtz Centre for Environmental Research (UFZ),science_agency,82796000.0,euro,EUR,line_item,"Helmholtz Centre for Environmental Research GmbH - UFZ, Leipzig",2021 1922600.pdf,3025,
Germany,2022,Helmholtz Centre for Environmental Research (UFZ),science_agency,,,,,,,,gap: no matching rows in this year
Germany,2023,Helmholtz Centre for Environmental Research (UFZ),science_agency,,,,,,,,gap: no matching rows in this year
Germany,2024,Helmholtz Centre for Environmental Research (UFZ),science_agency,,,,,,,,gap: no matching rows in this year
Germany,2025,Helmholtz Centre for Environmental Research (UFZ),science_agency,,,,,,,,gap: no matching rows in this year
Germany,1975,Helmholtz Centre for Infection Research (HZI),science_agency,,,,,,,,gap: no matching rows in this year
Germany,1976,Helmholtz Centre for Infection Research (HZI),science_agency,,,,,,,,gap: no matching rows in this year
Germany,1977,Helmholtz Centre for Infection Research (HZI),science_agency,,,,,,,,gap: no matching rows in this year
Germany,1978,Helmholtz Centre for Infection Research (HZI),science_agency,,,,,,,,gap: no matching rows in this year
Germany,1979,Helmholtz Centre for Infection Research (HZI),science_agency,,,,,,,,gap: no matching rows in this year
Germany,1980,Helmholtz Centre for Infection Research (HZI),science_agency,,,,,,,,gap: no matching rows in this year
Germany,1981,Helmholtz Centre for Infection Research (HZI),science_agency,,,,,,,,gap: no matching rows in this year
Germany,1982,Helmholtz Centre for Infection Research (HZI),science_agency,,,,,,,,gap: no matching rows in this year
Germany,1983,Helmholtz Centre for Infection Research (HZI),science_agency,,,,,,,,gap: no matching rows in this year
Germany,1984,Helmholtz Centre for Infection Research (HZI),science_agency,,,,,,,,gap: no matching rows in this year
Germany,1985,Helmholtz Centre for Infection Research (HZI),science_agency,,,,,,,,gap: no matching rows in this year
Germany,1986,Helmholtz Centre for Infection Research (HZI),science_agency,,,,,,,,gap: no matching rows in this year
Germany,1987,Helmholtz Centre for Infection Research (HZI),science_agency,,,,,,,,gap: no matching rows in this year
Germany,1988,Helmholtz Centre for Infection Research (HZI),science_agency,,,,,,,,gap: no matching rows in this year
Germany,1989,Helmholtz Centre for Infection Research (HZI),science_agency,,,,,,,,gap: no matching rows in this year
Germany,1990,Helmholtz Centre for Infection Research (HZI),science_agency,,,,,,,,gap: no matching rows in this year
Germany,1991,Helmholtz Centre for Infection Research (HZI),science_agency,,,,,,,,gap: no matching rows in this year
Germany,1992,Helmholtz Centre for Infection Research (HZI),science_agency,,,,,,,,gap: no matching rows in this year
Germany,1993,Helmholtz Centre for Infection Research (HZI),science_agency,,,,,,,,gap: no matching rows in this year
Germany,1994,Helmholtz Centre for Infection Research (HZI),science_agency,,,,,,,,gap: no matching rows in this year
Germany,1995,Helmholtz Centre for Infection Research (HZI),science_agency,,,,,,,,gap: no matching rows in this year
Germany,1996,Helmholtz Centre for Infection Research (HZI),science_agency,,,,,,,,gap: no matching rows in this year
Germany,1997,Helmholtz Centre for Infection Research (HZI),science_agency,,,,,,,,gap: no matching rows in this year
Germany,1998,Helmholtz Centre for Infection Research (HZI),science_agency,,,,,,,,gap: no matching rows in this year
Germany,1999,Helmholtz Centre for Infection Research (HZI),science_agency,,,,,,,,gap: no matching rows in this year
Germany,2000,Helmholtz Centre for Infection Research (HZI),science_agency,,,,,,,,gap: no matching rows in this year
Germany,2001,Helmholtz Centre for Infection Research (HZI),science_agency,,,,,,,,gap: no matching rows in this year
Germany,2002,Helmholtz Centre for Infection Research (HZI),science_agency,,,,,,,,gap: no matching rows in this year
Germany,2003,Helmholtz Centre for Infection Research (HZI),science_agency,,,,,,,,gap: no matching rows in this year
Germany,2004,Helmholtz Centre for Infection Research (HZI),science_agency,,,,,,,,gap: no matching rows in this year
Germany,2005,Helmholtz Centre for Infection Research (HZI),science_agency,,,,,,,,gap: no matching rows in this year
Germany,2006,Helmholtz Centre for Infection Research (HZI),science_agency,,,,,,,,gap: no matching rows in this year
Germany,2007,Helmholtz Centre for Infection Research (HZI),science_agency,,,,,,,,gap: no matching rows in this year
Germany,2008,Helmholtz Centre for Infection Research (HZI),science_agency,,,,,,,,gap: no matching rows in this year
Germany,2009,Helmholtz Centre for Infection Research (HZI),science_agency,,,,,,,,gap: no matching rows in this year
Germany,2010,Helmholtz Centre for Infection Research (HZI),science_agency,,,,,,,,gap: no matching rows in this year
Germany,2011,Helmholtz Centre for Infection Research (HZI),science_agency,,,,,,,,gap: no matching rows in this year
Germany,2012,Helmholtz Centre for Infection Research (HZI),science_agency,,,,,,,,gap: no matching rows in this year
Germany,2013,Helmholtz Centre for Infection Research (HZI),science_agency,,,,,,,,gap: no matching rows in this year
Germany,2014,Helmholtz Centre for Infection Research (HZI),science_agency,,,,,,,,gap: no matching rows in this year
Germany,2015,Helmholtz Centre for Infection Research (HZI),science_agency,,,,,,,,gap: no matching rows in this year
Germany,2016,Helmholtz Centre for Infection Research (HZI),science_agency,,,,,,,,gap: no matching rows in this year
Germany,2017,Helmholtz Centre for Infection Research (HZI),science_agency,,,,,,,,gap: no matching rows in this year
Germany,2018,Helmholtz Centre for Infection Research (HZI),science_agency,,,,,,,,gap: no matching rows in this year
Germany,2019,Helmholtz Centre for Infection Research (HZI),science_agency,,,,,,,,gap: no matching rows in this year
Germany,2020,Helmholtz Centre for Infection Research (HZI),science_agency,,,,,,,,gap: no matching rows in this year
Germany,2021,Helmholtz Centre for Infection Research (HZI),science_agency,104960000.0,euro,EUR,line_item,"Helmholtz Centre for Infection Research GmbH (HZI), Braunschweig",2021 1922600.pdf,3025,
Germany,2022,Helmholtz Centre for Infection Research (HZI),science_agency,,,,,,,,gap: no matching rows in this year
Germany,2023,Helmholtz Centre for Infection Research (HZI),science_agency,,,,,,,,gap: no matching rows in this year
Germany,2024,Helmholtz Centre for Infection Research (HZI),science_agency,,,,,,,,gap: no matching rows in this year
Germany,2025,Helmholtz Centre for Infection Research (HZI),science_agency,,,,,,,,gap: no matching rows in this year
Germany,2004,Helmholtz Centre for Ocean Research Kiel (GEOMAR),science_agency,,,,,,,,gap: no matching rows in this year
Germany,2005,Helmholtz Centre for Ocean Research Kiel (GEOMAR),science_agency,,,,,,,,gap: no matching rows in this year
Germany,2006,Helmholtz Centre for Ocean Research Kiel (GEOMAR),science_agency,,,,,,,,gap: no matching rows in this year
Germany,2007,Helmholtz Centre for Ocean Research Kiel (GEOMAR),science_agency,,,,,,,,gap: no matching rows in this year
Germany,2008,Helmholtz Centre for Ocean Research Kiel (GEOMAR),science_agency,,,,,,,,gap: no matching rows in this year
Germany,2009,Helmholtz Centre for Ocean Research Kiel (GEOMAR),science_agency,,,,,,,,gap: no matching rows in this year
Germany,2010,Helmholtz Centre for Ocean Research Kiel (GEOMAR),science_agency,,,,,,,,gap: no matching rows in this year
Germany,2011,Helmholtz Centre for Ocean Research Kiel (GEOMAR),science_agency,,,,,,,,gap: no matching rows in this year
Germany,2012,Helmholtz Centre for Ocean Research Kiel (GEOMAR),science_agency,,,,,,,,gap: no matching rows in this year
Germany,2013,Helmholtz Centre for Ocean Research Kiel (GEOMAR),science_agency,,,,,,,,gap: no matching rows in this year
Germany,2014,Helmholtz Centre for Ocean Research Kiel (GEOMAR),science_agency,,,,,,,,gap: no matching rows in this year
Germany,2015,Helmholtz Centre for Ocean Research Kiel (GEOMAR),science_agency,,,,,,,,gap: no matching rows in this year
Germany,2016,Helmholtz Centre for Ocean Research Kiel (GEOMAR),science_agency,,,,,,,,gap: no matching rows in this year
Germany,2017,Helmholtz Centre for Ocean Research Kiel (GEOMAR),science_agency,,,,,,,,gap: no matching rows in this year
Germany,2018,Helmholtz Centre for Ocean Research Kiel (GEOMAR),science_agency,,,,,,,,gap: no matching rows in this year
Germany,2019,Helmholtz Centre for Ocean Research Kiel (GEOMAR),science_agency,,,,,,,,gap: no matching rows in this year
Germany,2020,Helmholtz Centre for Ocean Research Kiel (GEOMAR),science_agency,,,,,,,,gap: no matching rows in this year
Germany,2021,Helmholtz Centre for Ocean Research Kiel (GEOMAR),science_agency,44721000.0,euro,EUR,line_item,Helmholtz Center for Ocean Research Kiel (GEOMAR),2021 1922600.pdf,3026,
Germany,2022,Helmholtz Centre for Ocean Research Kiel (GEOMAR),science_agency,,,,,,,,gap: no matching rows in this year
Germany,2023,Helmholtz Centre for Ocean Research Kiel (GEOMAR),science_agency,,,,,,,,gap: no matching rows in this year
Germany,2024,Helmholtz Centre for Ocean Research Kiel (GEOMAR),science_agency,,,,,,,,gap: no matching rows in this year
Germany,2025,Helmholtz Centre for Ocean Research Kiel (GEOMAR),science_agency,,,,,,,,gap: no matching rows in this year
Germany,1975,Helmholtz-Gemeinschaft (HGF),science_agency,,,,,,,,gap: no matching rows in this year
Germany,1976,Helmholtz-Gemeinschaft (HGF),science_agency,,,,,,,,gap: no matching rows in this year
Germany,1977,Helmholtz-Gemeinschaft (HGF),science_agency,,,,,,,,gap: no matching rows in this year
Germany,1978,Helmholtz-Gemeinschaft (HGF),science_agency,,,,,,,,gap: no matching rows in this year
Germany,1979,Helmholtz-Gemeinschaft (HGF),science_agency,,,,,,,,gap: no matching rows in this year
Germany,1980,Helmholtz-Gemeinschaft (HGF),science_agency,,,,,,,,gap: no matching rows in this year
Germany,1981,Helmholtz-Gemeinschaft (HGF),science_agency,,,,,,,,gap: no matching rows in this year
Germany,1982,Helmholtz-Gemeinschaft (HGF),science_agency,,,,,,,,Formerly Arbeitsgemeinschaft der Großforschungseinrichtungen (AGF).
Germany,1983,Helmholtz-Gemeinschaft (HGF),science_agency,,,,,,,,gap: no matching rows in this year
Germany,1984,Helmholtz-Gemeinschaft (HGF),science_agency,,,,,,,,gap: no matching rows in this year
Germany,1985,Helmholtz-Gemeinschaft (HGF),science_agency,,,,,,,,gap: no matching rows in this year
Germany,1986,Helmholtz-Gemeinschaft (HGF),science_agency,,,,,,,,gap: no matching rows in this year
Germany,1987,Helmholtz-Gemeinschaft (HGF),science_agency,,,,,,,,gap: no matching rows in this year
Germany,1988,Helmholtz-Gemeinschaft (HGF),science_agency,,,,,,,,gap: no matching rows in this year
Germany,1989,Helmholtz-Gemeinschaft (HGF),science_agency,,,,,,,,gap: no matching rows in this year
Germany,1990,Helmholtz-Gemeinschaft (HGF),science_agency,,,,,,,,gap: no matching rows in this year
Germany,1991,Helmholtz-Gemeinschaft (HGF),science_agency,,,,,,,,gap: no matching rows in this year
Germany,1992,Helmholtz-Gemeinschaft (HGF),science_agency,,,,,,,,gap: no matching rows in this year
Germany,1993,Helmholtz-Gemeinschaft (HGF),science_agency,,,,,,,,gap: no matching rows in this year
Germany,1994,Helmholtz-Gemeinschaft (HGF),science_agency,,,,,,,,gap: no matching rows in this year
Germany,1995,Helmholtz-Gemeinschaft (HGF),science_agency,,,,,,,,gap: no matching rows in this year
Germany,1996,Helmholtz-Gemeinschaft (HGF),science_agency,,,,,,,,gap: no matching rows in this year
Germany,1997,Helmholtz-Gemeinschaft (HGF),science_agency,,,,,,,,gap: no matching rows in this year
Germany,1998,Helmholtz-Gemeinschaft (HGF),science_agency,,,,,,,,gap: no matching rows in this year
Germany,1999,Helmholtz-Gemeinschaft (HGF),science_agency,,,,,,,,gap: no matching rows in this year
Germany,2000,Helmholtz-Gemeinschaft (HGF),science_agency,,,,,,,,gap: no matching rows in this year
Germany,2001,Helmholtz-Gemeinschaft (HGF),science_agency,,,,,,,,gap: no matching rows in this year
Germany,2002,Helmholtz-Gemeinschaft (HGF),science_agency,,,,,,,,gap: no matching rows in this year
Germany,2003,Helmholtz-Gemeinschaft (HGF),science_agency,,,,,,,,Formerly Arbeitsgemeinschaft der Großforschungseinrichtungen (AGF).
Germany,2004,Helmholtz-Gemeinschaft (HGF),science_agency,,,,,,,,Formerly Arbeitsgemeinschaft der Großforschungseinrichtungen (AGF).
Germany,2005,Helmholtz-Gemeinschaft (HGF),science_agency,,,,,,,,Formerly Arbeitsgemeinschaft der Großforschungseinrichtungen (AGF).
Germany,2006,Helmholtz-Gemeinschaft (HGF),science_agency,,,,,,,,Formerly Arbeitsgemeinschaft der Großforschungseinrichtungen (AGF).
Germany,2007,Helmholtz-Gemeinschaft (HGF),science_agency,,,,,,,,Formerly Arbeitsgemeinschaft der Großforschungseinrichtungen (AGF).
Germany,2008,Helmholtz-Gemeinschaft (HGF),science_agency,,,,,,,,Formerly Arbeitsgemeinschaft der Großforschungseinrichtungen (AGF).
Germany,2009,Helmholtz-Gemeinschaft (HGF),science_agency,,,,,,,,Formerly Arbeitsgemeinschaft der Großforschungseinrichtungen (AGF).
Germany,2010,Helmholtz-Gemeinschaft (HGF),science_agency,,,,,,,,gap: no matching rows in this year
Germany,2011,Helmholtz-Gemeinschaft (HGF),science_agency,,,,,,,,gap: no matching rows in this year
Germany,2012,Helmholtz-Gemeinschaft (HGF),science_agency,,,,,,,,gap: no matching rows in this year
Germany,2013,Helmholtz-Gemeinschaft (HGF),science_agency,,,,,,,,gap: no matching rows in this year
Germany,2014,Helmholtz-Gemeinschaft (HGF),science_agency,,,,,,,,gap: no matching rows in this year
Germany,2015,Helmholtz-Gemeinschaft (HGF),science_agency,,,,,,,,gap: no matching rows in this year
Germany,2016,Helmholtz-Gemeinschaft (HGF),science_agency,,,,,,,,gap: no matching rows in this year
Germany,2017,Helmholtz-Gemeinschaft (HGF),science_agency,,,,,,,,gap: no matching rows in this year
Germany,2018,Helmholtz-Gemeinschaft (HGF),science_agency,,,,,,,,gap: no matching rows in this year
Germany,2019,Helmholtz-Gemeinschaft (HGF),science_agency,,,,,,,,gap: no matching rows in this year
Germany,2020,Helmholtz-Gemeinschaft (HGF),science_agency,,,,,,,,gap: no matching rows in this year
Germany,2021,Helmholtz-Gemeinschaft (HGF),science_agency,2770000000.0,euro,EUR,line_item,Institutional grants to the Helmholtz Association,2021 1922600.pdf,2989,Formerly Arbeitsgemeinschaft der Großforschungseinrichtungen (AGF).
Germany,2022,Helmholtz-Gemeinschaft (HGF),science_agency,,,,,,,,gap: no matching rows in this year
Germany,2023,Helmholtz-Gemeinschaft (HGF),science_agency,,,,,,,,gap: no matching rows in this year
Germany,2024,Helmholtz-Gemeinschaft (HGF),science_agency,,,,,,,,gap: no matching rows in this year
Germany,2025,Helmholtz-Gemeinschaft (HGF),science_agency,,,,,,,,gap: no matching rows in this year
Germany,2021,HiT-NMR,direct_rd,,,,,,,,HiT-NMR is a specific research programme focused on nuclear magnetic resonance technology.
Germany,2004,High-Performance Computing and Grid Computing,direct_rd,,,,,,,,This program supports R&D in high-performance and grid computing technologies.
Germany,2006,High-Tech Founder Fund,innovation_instruments,,,,,,,,"This fund supports high-tech startups, fostering innovation and R&D activities."
Germany,2007,High-Tech Start-up Fund,innovation_instruments,,,,,,,,"This fund supports high-tech start-ups, which are crucial for fostering R&D."
Germany,2003,High-Temperature Solar Thermal Energy Research,direct_rd,,,,,,,,This program supports R&D in solar thermal energy technologies.
Germany,2021,High-resolution superconducting sensors,direct_rd,,,,,,,,The entry indicates a specific R&D programme focused on superconducting sensors.
Germany,2003,Human Genome Research,direct_rd,,,,,,,,The name indicates a specific research programme focused on genome research.
Germany,2004,Human Genome Research,direct_rd,,,,,,,,gap: no matching rows in this year
Germany,2005,Human Genome Research,direct_rd,,,,,,,,The name indicates a specific research programme focused on genome research.
Germany,2006,Human Genome Research,direct_rd,,,,,,,,gap: no matching rows in this year
Germany,2007,Human Genome Research,direct_rd,,,,,,,,The name indicates a specific research programme focused on genome research.
Germany,2008,Human Genome Research,direct_rd,,,,,,,,gap: no matching rows in this year
Germany,2009,Human Genome Research,direct_rd,,,,,,,,gap: no matching rows in this year
Germany,2010,Human Genome Research,direct_rd,,,,,,,,gap: no matching rows in this year
Germany,2011,Human Genome Research,direct_rd,,,,,,,,gap: no matching rows in this year
Germany,2012,Human Genome Research,direct_rd,,,,,,,,gap: no matching rows in this year
Germany,2013,Human Genome Research,direct_rd,,,,,,,,gap: no matching rows in this year
Germany,2014,Human Genome Research,direct_rd,,,,,,,,gap: no matching rows in this year
Germany,2015,Human Genome Research,direct_rd,,,,,,,,gap: no matching rows in this year
Germany,2016,Human Genome Research,direct_rd,,,,,,,,gap: no matching rows in this year
Germany,2017,Human Genome Research,direct_rd,,,,,,,,gap: no matching rows in this year
Germany,2018,Human Genome Research,direct_rd,,,,,,,,gap: no matching rows in this year
Germany,2019,Human Genome Research,direct_rd,,,,,,,,gap: no matching rows in this year
Germany,2020,Human Genome Research,direct_rd,,,,,,,,gap: no matching rows in this year
Germany,2021,Human Genome Research,direct_rd,,,,,,,,The name indicates a specific research programme focused on genome research.
Germany,2021,Humanities and Social Science Dimensions and Societal Dialogue,direct_rd,,,,,,,,The name indicates a specific R&D programme focused on humanities and social sciences.
Germany,2005,INNO-WATT,innovation_instruments,,,,,,,,This program promotes innovative growth in energy sectors.
Germany,2006,INNO-WATT,innovation_instruments,,,,,,,,This program promotes innovative growth in energy sectors.
Germany,2003,Impact of Global Change Research,direct_rd,,,,,,,,"This research addresses global change impacts, relevant to environmental R&D."
Germany,2004,Impact of Global Change Research,direct_rd,,,,,,,,"This research addresses global change impacts, relevant to environmental R&D."
Germany,2021,Individual and Cooperative Projects Including Network Management Funding,direct_rd,,,,,,,,The name indicates a specific R&D programme focused on projects and network management.
Germany,2021,Industrial Research for Companies,innovation_instruments,,,,,,,,The name indicates a specific R&D programme aimed at supporting industrial research.
Germany,2004,Industry-led Collaborative Projects for MST,innovation_instruments,,,,,,,,This initiative supports collaborative R&D projects in microsystem technology.
Germany,2005,Industry-led Collaborative Projects for MST,innovation_instruments,,,,,,,,gap: no matching rows in this year
Germany,2006,Industry-led Collaborative Projects for MST,innovation_instruments,,,,,,,,gap: no matching rows in this year
Germany,2007,Industry-led Collaborative Projects for MST,innovation_instruments,,,,,,,,This initiative supports collaborative R&D projects in microsystem technology.
Germany,2004,InnoRegio,innovation_instruments,,,,,,,,This program promotes innovation in specific regions.
Germany,2005,InnoRegio,innovation_instruments,,,,,,,,This program promotes innovation in specific regions.
Germany,2004,Innovative Component Functions,direct_rd,,,,,,,,This initiative is likely aimed at R&D in innovative building components.
Germany,2005,Innovative Component Functions,direct_rd,,,,,,,,This initiative is likely aimed at R&D in innovative building components.
Germany,2006,Innovative Component Functions,direct_rd,,,,,,,,gap: no matching rows in this year
Germany,2007,Innovative Component Functions,direct_rd,,,,,,,,This initiative is likely aimed at R&D in innovative building components.
Germany,2021,Institute for Composite Materials,science_agency,,,,,,,,"The institute is dedicated to research in composite materials, indicating a focus on R&D."
Germany,2021,Integrated Research and Treatment Centers,direct_rd,,,,,,,,"The entity focuses on research and treatment, indicating a specific R&D programme."
Germany,2021,Interactive Technologies for Health and Quality of Life,direct_rd,,,,,,,,The name indicates a specific R&D programme focused on health technologies.
Germany,2007,International Cooperation in Basic Natural Science,direct_rd,,,,,,,,Promotes international collaboration in basic natural sciences.
Germany,2021,International Research Cooperations,direct_rd,,,,,,,,The name indicates a specific programme aimed at facilitating international research collaborations.
Germany,2021,Investments for the research of universe and matter (ErUM) and FIS roadmap,direct_rd,,,,,,,,"The entry specifically mentions research investments, indicating a dedicated R&D programme."
Germany,2005,Jülich Research Center,science_agency,271146000.0,euro,EUR,program_total,"Group 13 Jülich Research Center (FZJ), Jülich",2005 1503660.pdf,2584,The Jülich Research Center is a dedicated research institution focused on various scientific fields.
Germany,2006,Jülich Research Center,science_agency,,,,,,,,The Jülich Research Center is a dedicated research institution focused on various scientific fields.
Germany,2007,Jülich Research Center,science_agency,,,,,,,,The Jülich Research Center is a dedicated research institution focused on various scientific fields.
Germany,2008,Jülich Research Center,science_agency,,,,,,,,gap: no matching rows in this year
Germany,2009,Jülich Research Center,science_agency,,,,,,,,gap: no matching rows in this year
Germany,2010,Jülich Research Center,science_agency,,,,,,,,gap: no matching rows in this year
Germany,2011,Jülich Research Center,science_agency,,,,,,,,gap: no matching rows in this year
Germany,2012,Jülich Research Center,science_agency,,,,,,,,gap: no matching rows in this year
Germany,2013,Jülich Research Center,science_agency,,,,,,,,gap: no matching rows in this year
Germany,2014,Jülich Research Center,science_agency,,,,,,,,gap: no matching rows in this year
Germany,2015,Jülich Research Center,science_agency,,,,,,,,gap: no matching rows in this year
Germany,2016,Jülich Research Center,science_agency,,,,,,,,gap: no matching rows in this year
Germany,2017,Jülich Research Center,science_agency,,,,,,,,gap: no matching rows in this year
Germany,2018,Jülich Research Center,science_agency,,,,,,,,gap: no matching rows in this year
Germany,2019,Jülich Research Center,science_agency,,,,,,,,gap: no matching rows in this year
Germany,2020,Jülich Research Center,science_agency,,,,,,,,gap: no matching rows in this year
Germany,2021,Jülich Research Center,science_agency,432554000.0,euro,EUR,section_total,Total Expenditures,2021 1922600.pdf,3040,The Jülich Research Center is a dedicated research institution focused on various scientific fields.
Germany,2021,Kiepenheuer Institute for Solar Physics,science_agency,,,,,,,,"The Kiepenheuer Institute is dedicated to solar physics research, qualifying it as a dedicated R&D agency."
Germany,2021,Leibniz Center for Tropical Marine Research,science_agency,,,,,,,,The Leibniz Center for Tropical Marine Research is dedicated to conducting research in marine sciences.
Germany,2021,Leibniz Institute for Aging Research Fritz Lipmann Institute,science_agency,,,,,,,,The entity is a dedicated research institute focused on aging research.
Germany,2021,Leibniz Institute for European History,science_agency,,,,,,,,"The institute is dedicated to conducting research in European history, qualifying it as a dedicated R&D agency."
Germany,2021,Leibniz Institute for Knowledge Media,science_agency,,,,,,,,"The institute is dedicated to research in knowledge media, qualifying it as a dedicated R&D agency."
Germany,2021,Leibniz Institute for Materials-Oriented Technologies,science_agency,,,,,,,,The Leibniz Institute for Materials-Oriented Technologies primarily conducts research in materials science.
Germany,2021,Leibniz Institute for Media Research,science_agency,,,,,,,,"The institute is dedicated to media research, qualifying it as a dedicated R&D agency."
Germany,2021,Leibniz Institute for Natural Product Research and Infection Biology,science_agency,,,,,,,,This institute is dedicated to conducting research in natural products and infection biology.
Germany,2021,Leibniz Institute for Prevention Research and Epidemiology,science_agency,,,,,,,,The entity is a dedicated research institute focused on prevention research and epidemiology.
Germany,2021,Leibniz Institute for Zoo and Wildlife Research,science_agency,,,,,,,,The Leibniz Institute for Zoo and Wildlife Research is dedicated to conducting research in wildlife and zoo biology.
Germany,2020,Leibniz-Gemeinschaft (WGL),science_agency,,,,,,,,gap: no matching rows in this year
Germany,2021,Leibniz-Gemeinschaft (WGL),science_agency,616000000.0,euro,EUR,line_item,Grants to the Leibniz Association,2021 1922600.pdf,2949,Formerly 'Blaue Liste' (Blue List) research institutes.
Germany,2022,Leibniz-Gemeinschaft (WGL),science_agency,,,,,,,,gap: no matching rows in this year
Germany,2023,Leibniz-Gemeinschaft (WGL),science_agency,,,,,,,,gap: no matching rows in this year
Germany,2024,Leibniz-Gemeinschaft (WGL),science_agency,,,,,,,,gap: no matching rows in this year
Germany,2025,Leibniz-Gemeinschaft (WGL),science_agency,,,,,,,,gap: no matching rows in this year
Germany,2021,METimage Earth Observation Instrument Development,direct_rd,,,,,,,,"The entry specifically refers to the development of an Earth observation instrument, indicating R&D spending."
Germany,2021,Marine Biotechnology,direct_rd,,,,,,,,The name indicates a specific R&D programme focused on marine biotechnology.
Germany,2003,Marine and Polar Research,direct_rd,,,,,,,,"This research is vital for understanding marine and polar ecosystems, relevant to R&D."
Germany,2004,Marine and Polar Research,direct_rd,,,,,,,,"This research is vital for understanding marine and polar ecosystems, relevant to R&D."
Germany,2005,Marine and Polar Research,direct_rd,,,,,,,,gap: no matching rows in this year
Germany,2006,Marine and Polar Research,direct_rd,,,,,,,,gap: no matching rows in this year
Germany,2007,Marine and Polar Research,direct_rd,,,,,,,,"This research is vital for understanding marine and polar ecosystems, relevant to R&D."
Germany,2021,Material Innovations,innovation_instruments,,,,,,,,The name suggests a specific programme focused on research and development in material innovations.
Germany,2005,"Mathematics, Natural and Engineering Sciences",science_agency,,,,,,,,This program supports R&D in fundamental sciences.
Germany,2021,Max Delbrück Center for Molecular Medicine,science_agency,,,,,,,,The MDC is a dedicated research institution focused on molecular medicine.
Germany,1955,Max-Planck-Gesellschaft (MPG),science_agency,,,,,,,,gap: no matching rows in this year
Germany,1975,Max-Planck-Gesellschaft (MPG),science_agency,,,,,,,,gap: no matching rows in this year
Germany,1976,Max-Planck-Gesellschaft (MPG),science_agency,,,,,,,,gap: no matching rows in this year
Germany,1977,Max-Planck-Gesellschaft (MPG),science_agency,,,,,,,,gap: no matching rows in this year
Germany,1978,Max-Planck-Gesellschaft (MPG),science_agency,,,,,,,,gap: no matching rows in this year
Germany,1979,Max-Planck-Gesellschaft (MPG),science_agency,,,,,,,,gap: no matching rows in this year
Germany,1980,Max-Planck-Gesellschaft (MPG),science_agency,,,,,,,,gap: no matching rows in this year
Germany,1981,Max-Planck-Gesellschaft (MPG),science_agency,,,,,,,,gap: no matching rows in this year
Germany,1982,Max-Planck-Gesellschaft (MPG),science_agency,,,,,,,,
Germany,1983,Max-Planck-Gesellschaft (MPG),science_agency,,,,,,,,gap: no matching rows in this year
Germany,1984,Max-Planck-Gesellschaft (MPG),science_agency,,,,,,,,gap: no matching rows in this year
Germany,1985,Max-Planck-Gesellschaft (MPG),science_agency,,,,,,,,gap: no matching rows in this year
Germany,1986,Max-Planck-Gesellschaft (MPG),science_agency,,,,,,,,gap: no matching rows in this year
Germany,1987,Max-Planck-Gesellschaft (MPG),science_agency,,,,,,,,gap: no matching rows in this year
Germany,1988,Max-Planck-Gesellschaft (MPG),science_agency,,,,,,,,gap: no matching rows in this year
Germany,1989,Max-Planck-Gesellschaft (MPG),science_agency,,,,,,,,gap: no matching rows in this year
Germany,1990,Max-Planck-Gesellschaft (MPG),science_agency,,,,,,,,gap: no matching rows in this year
Germany,1991,Max-Planck-Gesellschaft (MPG),science_agency,,,,,,,,gap: no matching rows in this year
Germany,1992,Max-Planck-Gesellschaft (MPG),science_agency,,,,,,,,gap: no matching rows in this year
Germany,1993,Max-Planck-Gesellschaft (MPG),science_agency,,,,,,,,gap: no matching rows in this year
Germany,1994,Max-Planck-Gesellschaft (MPG),science_agency,,,,,,,,gap: no matching rows in this year
Germany,1995,Max-Planck-Gesellschaft (MPG),science_agency,,,,,,,,gap: no matching rows in this year
Germany,1996,Max-Planck-Gesellschaft (MPG),science_agency,,,,,,,,gap: no matching rows in this year
Germany,1997,Max-Planck-Gesellschaft (MPG),science_agency,,,,,,,,gap: no matching rows in this year
Germany,1998,Max-Planck-Gesellschaft (MPG),science_agency,,,,,,,,gap: no matching rows in this year
Germany,1999,Max-Planck-Gesellschaft (MPG),science_agency,,,,,,,,gap: no matching rows in this year
Germany,2000,Max-Planck-Gesellschaft (MPG),science_agency,,,,,,,,gap: no matching rows in this year
Germany,2001,Max-Planck-Gesellschaft (MPG),science_agency,,,,,,,,gap: no matching rows in this year
Germany,2002,Max-Planck-Gesellschaft (MPG),science_agency,,,,,,,,gap: no matching rows in this year
Germany,2003,Max-Planck-Gesellschaft (MPG),science_agency,,,,,,,,
Germany,2004,Max-Planck-Gesellschaft (MPG),science_agency,,,,,,,,
Germany,2005,Max-Planck-Gesellschaft (MPG),science_agency,,,,,,,,
Germany,2006,Max-Planck-Gesellschaft (MPG),science_agency,,,,,,,,
Germany,2007,Max-Planck-Gesellschaft (MPG),science_agency,,,,,,,,
Germany,2008,Max-Planck-Gesellschaft (MPG),science_agency,,,,,,,,
Germany,2009,Max-Planck-Gesellschaft (MPG),science_agency,,,,,,,,
Germany,2010,Max-Planck-Gesellschaft (MPG),science_agency,,,,,,,,gap: no matching rows in this year
Germany,2011,Max-Planck-Gesellschaft (MPG),science_agency,,,,,,,,gap: no matching rows in this year
Germany,2012,Max-Planck-Gesellschaft (MPG),science_agency,,,,,,,,gap: no matching rows in this year
Germany,2013,Max-Planck-Gesellschaft (MPG),science_agency,,,,,,,,gap: no matching rows in this year
Germany,2014,Max-Planck-Gesellschaft (MPG),science_agency,,,,,,,,gap: no matching rows in this year
Germany,2015,Max-Planck-Gesellschaft (MPG),science_agency,,,,,,,,gap: no matching rows in this year
Germany,2016,Max-Planck-Gesellschaft (MPG),science_agency,,,,,,,,gap: no matching rows in this year
Germany,2017,Max-Planck-Gesellschaft (MPG),science_agency,,,,,,,,gap: no matching rows in this year
Germany,2018,Max-Planck-Gesellschaft (MPG),science_agency,,,,,,,,gap: no matching rows in this year
Germany,2019,Max-Planck-Gesellschaft (MPG),science_agency,,,,,,,,gap: no matching rows in this year
Germany,2020,Max-Planck-Gesellschaft (MPG),science_agency,,,,,,,,gap: no matching rows in this year
Germany,2021,Max-Planck-Gesellschaft (MPG),science_agency,1169151000.0,euro,EUR,section_total,Total amount for the Max Planck Society,2021 1922600.pdf,2964,
Germany,2022,Max-Planck-Gesellschaft (MPG),science_agency,,,,,,,,gap: no matching rows in this year
Germany,2023,Max-Planck-Gesellschaft (MPG),science_agency,,,,,,,,gap: no matching rows in this year
Germany,2024,Max-Planck-Gesellschaft (MPG),science_agency,,,,,,,,gap: no matching rows in this year
Germany,2025,Max-Planck-Gesellschaft (MPG),science_agency,,,,,,,,gap: no matching rows in this year
Germany,2021,Methods Development for Life Sciences,direct_rd,,,,,,,,The name indicates a specific R&D programme focused on life sciences methods development.
Germany,2021,Methods and Structure Development in Life Sciences,direct_rd,,,,,,,,The name indicates a specific R&D programme focused on life sciences.
Germany,2004,Microsystem Technology,direct_rd,,,,,,,,This program is likely focused on R&D in microsystem technology.
Germany,2005,Microsystem Technology,direct_rd,,,,,,,,gap: no matching rows in this year
Germany,2006,Microsystem Technology,direct_rd,,,,,,,,This program is likely focused on R&D in microsystem technology.
Germany,2007,Microsystem Technology,direct_rd,,,,,,,,This program is likely focused on R&D in microsystem technology.
Germany,2021,Monitoring Biodiversity in Agricultural Landscapes,direct_rd,,,,,,,,The name indicates a specific R&D programme focused on biodiversity research.
Germany,2003,Nanobiotechnology,direct_rd,,,,,,,,This area is relevant for R&D in nanobiotechnology.
Germany,2004,Nanoelectronics,direct_rd,,,,,,,,This program supports R&D in the field of nanoelectronics.
Germany,2005,Nanoelectronics,direct_rd,,,,,,,,This program supports R&D in the field of nanoelectronics.
Germany,2006,Nanoelectronics,direct_rd,,,,,,,,This program supports R&D in the field of nanoelectronics.
Germany,2007,Nanoelectronics,direct_rd,,,,,,,,This program supports R&D in the field of nanoelectronics.
Germany,2005,Nanotechnology,direct_rd,,,,,,,,This program supports R&D in the field of nanotechnology.
Germany,2004,National Reference Centers for Transmissible Diseases,direct_rd,,,,,,,,This funding supports reference centers focused on disease prevention.
Germany,2021,National Research Data Infrastructure,direct_rd,,,,,,,,"The entity is focused on establishing a national infrastructure for research data, indicating a clear R&D relevance."
Germany,2005,New Chip Systems Based on Nanotechnologies,direct_rd,,,,,,,,Focuses on research in nanotechnology for chip systems.
Germany,2004,New Chip Systems Based on Sub 100nm Technologies,direct_rd,,,,,,,,Researches advanced chip technologies under 100nm.
Germany,2021,Operation of research vessels,direct_rd,,,,,,,,This entry indicates a specific programme related to the operation of vessels used for research purposes.
Germany,2005,Optical Systems,direct_rd,,,,,,,,This program likely involves R&D in optical systems.
Germany,2005,Optical Technologies,direct_rd,,,,,,,,This program supports R&D in optical technologies.
Germany,2006,Optical Technologies,direct_rd,,,,,,,,This program supports R&D in optical technologies.
Germany,2003,Organ Function Replacement Research,direct_rd,,,,,,,,"Involves research into organ function replacement, a significant R&D area."
Germany,2007,PETRA III,innovation_instruments,,,,,,,,"Supports technological innovation, indicating R&D relevance."
Germany,1955,PTB (Physikalisch-Technische Bundesanstalt),science_agency,,,,,,,,
Germany,1975,PTB (Physikalisch-Technische Bundesanstalt),science_agency,,,,,,,,gap: no matching rows in this year
Germany,1976,PTB (Physikalisch-Technische Bundesanstalt),science_agency,,,,,,,,gap: no matching rows in this year
Germany,1977,PTB (Physikalisch-Technische Bundesanstalt),science_agency,,,,,,,,gap: no matching rows in this year
Germany,1978,PTB (Physikalisch-Technische Bundesanstalt),science_agency,,,,,,,,gap: no matching rows in this year
Germany,1979,PTB (Physikalisch-Technische Bundesanstalt),science_agency,,,,,,,,gap: no matching rows in this year
Germany,1980,PTB (Physikalisch-Technische Bundesanstalt),science_agency,,,,,,,,gap: no matching rows in this year
Germany,1981,PTB (Physikalisch-Technische Bundesanstalt),science_agency,,,,,,,,gap: no matching rows in this year
Germany,1982,PTB (Physikalisch-Technische Bundesanstalt),science_agency,,,,,,,,gap: no matching rows in this year
Germany,1983,PTB (Physikalisch-Technische Bundesanstalt),science_agency,,,,,,,,gap: no matching rows in this year
Germany,1984,PTB (Physikalisch-Technische Bundesanstalt),science_agency,,,,,,,,gap: no matching rows in this year
Germany,1985,PTB (Physikalisch-Technische Bundesanstalt),science_agency,,,,,,,,gap: no matching rows in this year
Germany,1986,PTB (Physikalisch-Technische Bundesanstalt),science_agency,,,,,,,,gap: no matching rows in this year
Germany,1987,PTB (Physikalisch-Technische Bundesanstalt),science_agency,,,,,,,,gap: no matching rows in this year
Germany,1988,PTB (Physikalisch-Technische Bundesanstalt),science_agency,,,,,,,,gap: no matching rows in this year
Germany,1989,PTB (Physikalisch-Technische Bundesanstalt),science_agency,,,,,,,,gap: no matching rows in this year
Germany,1990,PTB (Physikalisch-Technische Bundesanstalt),science_agency,,,,,,,,gap: no matching rows in this year
Germany,1991,PTB (Physikalisch-Technische Bundesanstalt),science_agency,,,,,,,,gap: no matching rows in this year
Germany,1992,PTB (Physikalisch-Technische Bundesanstalt),science_agency,,,,,,,,gap: no matching rows in this year
Germany,1993,PTB (Physikalisch-Technische Bundesanstalt),science_agency,,,,,,,,gap: no matching rows in this year
Germany,1994,PTB (Physikalisch-Technische Bundesanstalt),science_agency,,,,,,,,gap: no matching rows in this year
Germany,1995,PTB (Physikalisch-Technische Bundesanstalt),science_agency,,,,,,,,gap: no matching rows in this year
Germany,1996,PTB (Physikalisch-Technische Bundesanstalt),science_agency,,,,,,,,gap: no matching rows in this year
Germany,1997,PTB (Physikalisch-Technische Bundesanstalt),science_agency,,,,,,,,gap: no matching rows in this year
Germany,1998,PTB (Physikalisch-Technische Bundesanstalt),science_agency,,,,,,,,gap: no matching rows in this year
Germany,1999,PTB (Physikalisch-Technische Bundesanstalt),science_agency,,,,,,,,gap: no matching rows in this year
Germany,2000,PTB (Physikalisch-Technische Bundesanstalt),science_agency,,,,,,,,gap: no matching rows in this year
Germany,2001,PTB (Physikalisch-Technische Bundesanstalt),science_agency,,,,,,,,gap: no matching rows in this year
Germany,2002,PTB (Physikalisch-Technische Bundesanstalt),science_agency,,,,,,,,gap: no matching rows in this year
Germany,2003,PTB (Physikalisch-Technische Bundesanstalt),science_agency,,,,,,,,
Germany,2004,PTB (Physikalisch-Technische Bundesanstalt),science_agency,,,,,,,,
Germany,2005,PTB (Physikalisch-Technische Bundesanstalt),science_agency,,,,,,,,
Germany,2006,PTB (Physikalisch-Technische Bundesanstalt),science_agency,,,,,,,,
Germany,2007,PTB (Physikalisch-Technische Bundesanstalt),science_agency,,,,,,,,
Germany,2008,PTB (Physikalisch-Technische Bundesanstalt),science_agency,,,,,,,,gap: no matching rows in this year
Germany,2009,PTB (Physikalisch-Technische Bundesanstalt),science_agency,,,,,,,,gap: no matching rows in this year
Germany,2010,PTB (Physikalisch-Technische Bundesanstalt),science_agency,,,,,,,,gap: no matching rows in this year
Germany,2011,PTB (Physikalisch-Technische Bundesanstalt),science_agency,,,,,,,,gap: no matching rows in this year
Germany,2012,PTB (Physikalisch-Technische Bundesanstalt),science_agency,,,,,,,,gap: no matching rows in this year
Germany,2013,PTB (Physikalisch-Technische Bundesanstalt),science_agency,,,,,,,,gap: no matching rows in this year
Germany,2014,PTB (Physikalisch-Technische Bundesanstalt),science_agency,,,,,,,,gap: no matching rows in this year
Germany,2015,PTB (Physikalisch-Technische Bundesanstalt),science_agency,,,,,,,,gap: no matching rows in this year
Germany,2016,PTB (Physikalisch-Technische Bundesanstalt),science_agency,,,,,,,,gap: no matching rows in this year
Germany,2017,PTB (Physikalisch-Technische Bundesanstalt),science_agency,,,,,,,,gap: no matching rows in this year
Germany,2018,PTB (Physikalisch-Technische Bundesanstalt),science_agency,,,,,,,,gap: no matching rows in this year
Germany,2019,PTB (Physikalisch-Technische Bundesanstalt),science_agency,,,,,,,,gap: no matching rows in this year
Germany,2020,PTB (Physikalisch-Technische Bundesanstalt),science_agency,,,,,,,,gap: no matching rows in this year
Germany,2021,PTB (Physikalisch-Technische Bundesanstalt),science_agency,284275000.0,euro,EUR,program_total,Gesamtausgaben,2021 1922600.pdf,1220,
Germany,2022,PTB (Physikalisch-Technische Bundesanstalt),science_agency,,,,,,,,gap: no matching rows in this year
Germany,2023,PTB (Physikalisch-Technische Bundesanstalt),science_agency,,,,,,,,gap: no matching rows in this year
Germany,2024,PTB (Physikalisch-Technische Bundesanstalt),science_agency,,,,,,,,gap: no matching rows in this year
Germany,2025,PTB (Physikalisch-Technische Bundesanstalt),science_agency,,,,,,,,gap: no matching rows in this year
Germany,2004,Performance Competitions and Awards for Young Scientists,innovation_instruments,,,,,,,,This initiative promotes research and innovation through awards and competitions.
Germany,2005,Physical Technologies,direct_rd,,,,,,,,This program supports R&D in various physical technologies.
Germany,2021,Pilot Innovation Competitions,innovation_instruments,,,,,,,,The name indicates a specific programme aimed at fostering innovation through research.
Germany,2003,Platform Technologies: Proteomics,direct_rd,,,,,,,,"This program is focused on proteomics, a significant area of research and development."
Germany,2005,Potsdam Institute for Climate Impact Research,science_agency,,,,,,,,"A dedicated research institute focused on climate impact, highly relevant to R&D."
Germany,2021,Power electronics for efficient energy use,direct_rd,,,,,,,,The entry indicates a specific R&D programme focused on energy efficiency.
Germany,2021,Product Development Partnerships,innovation_instruments,,,,,,,,The name indicates a specific R&D programme focused on product development.
Germany,2006,Production Systems and Technologies,direct_rd,,,,,,,,This program supports R&D in production systems and technologies.
Germany,2021,Projects and measures for testing applications with large data sets in healthcare,direct_rd,,,,,,,,The entry specifically indicates a programme focused on R&D in healthcare using large data sets.
Germany,2004,Promotion of Industrial Collaborative Research and Development,direct_rd,,,,,,,,This entity promotes collaborative R&D efforts in the industrial sector.
Germany,2005,Promotion of Industrial Collaborative Research and Development,direct_rd,,,,,,,,This entity promotes collaborative R&D efforts in the industrial sector.
Germany,2006,Promotion of Industrial Collaborative Research and Development,direct_rd,,,,,,,,This entity promotes collaborative R&D efforts in the industrial sector.
Germany,2007,Promotion of Industrial Collaborative Research and Development,direct_rd,,,,,,,,This entity promotes collaborative R&D efforts in the industrial sector.
Germany,2003,Promotion of Innovative Networks (Innonet),innovation_instruments,,,,,,,,"This program supports innovative networks, indicating a focus on R&D."
Germany,2004,Promotion of Innovative Networks (Innonet),innovation_instruments,,,,,,,,"This program supports innovative networks, indicating a focus on R&D."
Germany,2005,Promotion of Innovative Networks (Innonet),innovation_instruments,,,,,,,,"This program supports innovative networks, indicating a focus on R&D."
Germany,2006,Promotion of Innovative Networks (Innonet),innovation_instruments,,,,,,,,"This program supports innovative networks, indicating a focus on R&D."
Germany,2007,Promotion of Innovative Networks (Innonet),innovation_instruments,,,,,,,,"This program supports innovative networks, indicating a focus on R&D."
Germany,2003,Protection and Sustainable Use of the Biosphere,direct_rd,,,,,,,,"This initiative involves research on biosphere sustainability, relevant to environmental R&D."
Germany,2004,Protection and Sustainable Use of the Biosphere,direct_rd,,,,,,,,"This initiative involves research on biosphere sustainability, relevant to environmental R&D."
Germany,2021,"Quantum Technologies, Photonics",direct_rd,,,,,,,,The name indicates a specific R&D programme focused on quantum technologies and photonics.
Germany,2003,R&D of Environmentally Friendly Energy Forms,direct_rd,,,,,,,,This program focuses on R&D for sustainable energy solutions.
Germany,2021,RWTH Aachen University,higher_education,,,,,,,,"RWTH Aachen University is a prominent research university, contributing to R&D activities."
Germany,2007,Regeneration Technologies and Tissue Engineering,direct_rd,,,,,,,,This initiative focuses on R&D in regenerative medicine and tissue engineering.
Germany,2007,Region-oriented Innovation Promotion in the New States,innovation_instruments,,,,,,,,"Supports innovation in specific regions, relevant for R&D."
Germany,2008,Region-oriented Innovation Promotion in the New States,innovation_instruments,,,,,,,,gap: no matching rows in this year
Germany,2009,Region-oriented Innovation Promotion in the New States,innovation_instruments,,,,,,,,gap: no matching rows in this year
Germany,2010,Region-oriented Innovation Promotion in the New States,innovation_instruments,,,,,,,,gap: no matching rows in this year
Germany,2011,Region-oriented Innovation Promotion in the New States,innovation_instruments,,,,,,,,gap: no matching rows in this year
Germany,2012,Region-oriented Innovation Promotion in the New States,innovation_instruments,,,,,,,,gap: no matching rows in this year
Germany,2013,Region-oriented Innovation Promotion in the New States,innovation_instruments,,,,,,,,gap: no matching rows in this year
Germany,2014,Region-oriented Innovation Promotion in the New States,innovation_instruments,,,,,,,,gap: no matching rows in this year
Germany,2015,Region-oriented Innovation Promotion in the New States,innovation_instruments,,,,,,,,gap: no matching rows in this year
Germany,2016,Region-oriented Innovation Promotion in the New States,innovation_instruments,,,,,,,,gap: no matching rows in this year
Germany,2017,Region-oriented Innovation Promotion in the New States,innovation_instruments,,,,,,,,gap: no matching rows in this year
Germany,2018,Region-oriented Innovation Promotion in the New States,innovation_instruments,,,,,,,,gap: no matching rows in this year
Germany,2019,Region-oriented Innovation Promotion in the New States,innovation_instruments,,,,,,,,gap: no matching rows in this year
Germany,2020,Region-oriented Innovation Promotion in the New States,innovation_instruments,,,,,,,,gap: no matching rows in this year
Germany,2021,Region-oriented Innovation Promotion in the New States,innovation_instruments,,,,,,,,"Supports innovation in specific regions, relevant for R&D."
Germany,1992,Renewable Energies and Rational Energy Use,science_agency,,,,,,,,This initiative is focused on R&D in renewable energy technologies.
Germany,2021,"Research Center Borstel, Leibniz Center for Medicine and Biosciences",science_agency,,,,,,,,This entity is a dedicated research center focused on medicine and biosciences.
Germany,2021,Research Data Management and Digitization,direct_rd,,,,,,,,The name indicates a specific R&D programme focused on research data management and digitization.
Germany,2006,Research Drilling Facility,direct_rd,,,,,,,,This facility is used for research purposes in drilling technology.
Germany,2007,Research Drilling Facility,direct_rd,,,,,,,,This facility is used for research purposes in drilling technology.
Germany,2021,Research Networks for Health Innovations in Sub-Saharan Africa,direct_rd,,,,,,,,The name indicates a specific R&D programme focused on health innovations.
Germany,2004,Research and Development Projects for AIDS and STDs,direct_rd,,,,,,,,"This program is specifically aimed at R&D for health-related issues, making it relevant for R&D classification."
Germany,2005,Research and Development Projects for AIDS and STDs,direct_rd,,,,,,,,"This program is specifically aimed at R&D for health-related issues, making it relevant for R&D classification."
Germany,2006,Research and Development Projects for AIDS and STDs,direct_rd,,,,,,,,"This program is specifically aimed at R&D for health-related issues, making it relevant for R&D classification."
Germany,2004,Research and Development Projects for the Detection and Combat of AIDS and Other Sexually Transmitted Diseases,direct_rd,,,,,,,,This initiative is directly focused on R&D for health-related issues.
Germany,2005,Research and Development Projects for the Detection and Combat of AIDS and Other Sexually Transmitted Diseases,direct_rd,,,,,,,,This initiative is directly focused on R&D for health-related issues.
Germany,2006,Research and Development Projects for the Detection and Combat of AIDS and Other Sexually Transmitted Diseases,direct_rd,,,,,,,,This initiative is directly focused on R&D for health-related issues.
Germany,2007,Research and Development Projects for the Detection and Combat of AIDS and Other Sexually Transmitted Diseases,direct_rd,,,,,,,,This initiative is directly focused on R&D for health-related issues.
Germany,2010,Research and Development in Higher Education,higher_education,,,,,,,,This entity focuses on R&D activities within higher education institutions.
Germany,2011,Research and Development in Higher Education,higher_education,,,,,,,,gap: no matching rows in this year
Germany,2012,Research and Development in Higher Education,higher_education,,,,,,,,This entity focuses on R&D activities within higher education institutions.
Germany,2013,Research and Development in Higher Education,higher_education,,,,,,,,gap: no matching rows in this year
Germany,2014,Research and Development in Higher Education,higher_education,,,,,,,,gap: no matching rows in this year
Germany,2015,Research and Development in Higher Education,higher_education,,,,,,,,This entity focuses on R&D activities within higher education institutions.
Germany,2016,Research and Development in Higher Education,higher_education,,,,,,,,gap: no matching rows in this year
Germany,2017,Research and Development in Higher Education,higher_education,,,,,,,,This entity focuses on R&D activities within higher education institutions.
Germany,2018,Research and Development in Higher Education,higher_education,,,,,,,,gap: no matching rows in this year
Germany,2019,Research and Development in Higher Education,higher_education,,,,,,,,gap: no matching rows in this year
Germany,2020,Research and Development in Higher Education,higher_education,,,,,,,,gap: no matching rows in this year
Germany,2021,Research and Development in Higher Education,higher_education,,,,,,,,gap: no matching rows in this year
Germany,2022,Research and Development in Higher Education,higher_education,,,,,,,,This entity focuses on R&D activities within higher education institutions.
Germany,2023,Research and Development in Higher Education,higher_education,,,,,,,,This entity focuses on R&D activities within higher education institutions.
Germany,2024,Research and Development in Higher Education,higher_education,,,,,,,,This entity focuses on R&D activities within higher education institutions.
Germany,2003,Research and Experimental Development for Industrial Productivity and Technology,direct_rd,,,,,,,,This entity focuses on R&D aimed at enhancing industrial productivity.
Germany,2004,Research and Experimental Development for Industrial Productivity and Technology,direct_rd,,,,,,,,This entity focuses on R&D aimed at enhancing industrial productivity.
Germany,2005,Research and Experimental Development for Industrial Productivity and Technology,direct_rd,,,,,,,,This entity focuses on R&D aimed at enhancing industrial productivity.
Germany,2003,Research and Experimental Development for the Protection and Promotion of Human Health,direct_rd,,,,,,,,This entity is focused on health-related R&D initiatives.
Germany,2004,Research and Experimental Development for the Protection and Promotion of Human Health,direct_rd,,,,,,,,This entity is focused on health-related R&D initiatives.
Germany,2005,Research and Experimental Development for the Protection and Promotion of Human Health,direct_rd,,,,,,,,This entity is focused on health-related R&D initiatives.
Germany,2006,Research at Universities of Applied Sciences,higher_education,,,,,,,,This entry represents a specific R&D programme aimed at research activities in applied sciences.
Germany,2007,Research at Universities of Applied Sciences,higher_education,,,,,,,,This entry represents a specific R&D programme aimed at research activities in applied sciences.
Germany,2008,Research at Universities of Applied Sciences,higher_education,,,,,,,,gap: no matching rows in this year
Germany,2009,Research at Universities of Applied Sciences,higher_education,,,,,,,,gap: no matching rows in this year
Germany,2010,Research at Universities of Applied Sciences,higher_education,,,,,,,,gap: no matching rows in this year
Germany,2011,Research at Universities of Applied Sciences,higher_education,,,,,,,,gap: no matching rows in this year
Germany,2012,Research at Universities of Applied Sciences,higher_education,,,,,,,,gap: no matching rows in this year
Germany,2013,Research at Universities of Applied Sciences,higher_education,,,,,,,,gap: no matching rows in this year
Germany,2014,Research at Universities of Applied Sciences,higher_education,,,,,,,,gap: no matching rows in this year
Germany,2015,Research at Universities of Applied Sciences,higher_education,,,,,,,,gap: no matching rows in this year
Germany,2016,Research at Universities of Applied Sciences,higher_education,,,,,,,,gap: no matching rows in this year
Germany,2017,Research at Universities of Applied Sciences,higher_education,,,,,,,,gap: no matching rows in this year
Germany,2018,Research at Universities of Applied Sciences,higher_education,,,,,,,,gap: no matching rows in this year
Germany,2019,Research at Universities of Applied Sciences,higher_education,,,,,,,,gap: no matching rows in this year
Germany,2020,Research at Universities of Applied Sciences,higher_education,,,,,,,,gap: no matching rows in this year
Germany,2021,Research at Universities of Applied Sciences,higher_education,,,,,,,,This entry represents a specific R&D programme aimed at research activities in applied sciences.
Germany,2003,Research for Climate Protection,direct_rd,,,,,,,,"This program is dedicated to research aimed at climate protection, indicating R&D relevance."
Germany,2004,Research for Climate Protection,direct_rd,,,,,,,,"This program is dedicated to research aimed at climate protection, indicating R&D relevance."
Germany,2005,Research for Climate Protection,direct_rd,,,,,,,,gap: no matching rows in this year
Germany,2006,Research for Climate Protection,direct_rd,,,,,,,,gap: no matching rows in this year
Germany,2007,Research for Climate Protection,direct_rd,,,,,,,,"This program is dedicated to research aimed at climate protection, indicating R&D relevance."
Germany,2021,Research funding for universities,higher_education,,,,,,,,Provides funding for university research activities.
Germany,2021,Research grant for companies,innovation_instruments,,,,,,,,The entry clearly indicates a specific grant programme aimed at supporting research activities in companies.
Germany,2006,Research under Space Conditions,direct_rd,,,,,,,,The name indicates a specific research programme focused on space conditions.
Germany,2007,Research under Space Conditions,direct_rd,,,,,,,,gap: no matching rows in this year
Germany,2008,Research under Space Conditions,direct_rd,,,,,,,,gap: no matching rows in this year
Germany,2009,Research under Space Conditions,direct_rd,,,,,,,,gap: no matching rows in this year
Germany,2010,Research under Space Conditions,direct_rd,,,,,,,,gap: no matching rows in this year
Germany,2011,Research under Space Conditions,direct_rd,,,,,,,,gap: no matching rows in this year
Germany,2012,Research under Space Conditions,direct_rd,,,,,,,,gap: no matching rows in this year
Germany,2013,Research under Space Conditions,direct_rd,,,,,,,,gap: no matching rows in this year
Germany,2014,Research under Space Conditions,direct_rd,,,,,,,,gap: no matching rows in this year
Germany,2015,Research under Space Conditions,direct_rd,,,,,,,,gap: no matching rows in this year
Germany,2016,Research under Space Conditions,direct_rd,,,,,,,,gap: no matching rows in this year
Germany,2017,Research under Space Conditions,direct_rd,,,,,,,,gap: no matching rows in this year
Germany,2018,Research under Space Conditions,direct_rd,,,,,,,,gap: no matching rows in this year
Germany,2019,Research under Space Conditions,direct_rd,,,,,,,,gap: no matching rows in this year
Germany,2020,Research under Space Conditions,direct_rd,,,,,,,,gap: no matching rows in this year
Germany,2021,Research under Space Conditions,direct_rd,,,,,,,,The name indicates a specific research programme focused on space conditions.
Germany,2021,Research within the framework of the scientific center for biodiversity monitoring,direct_rd,,,,,,,,"The entry specifies research activities related to biodiversity monitoring, indicating identifiable R&D spending."
Germany,2004,"Research, Development and Innovation in the SME Sector",innovation_instruments,,,,,,,,Supports R&D initiatives in small and medium enterprises.
Germany,2005,"Research, Development and Innovation in the SME Sector",innovation_instruments,,,,,,,,Supports R&D initiatives in small and medium enterprises.
Germany,2006,"Research, Development and Innovation in the SME Sector",innovation_instruments,,,,,,,,gap: no matching rows in this year
Germany,2007,"Research, Development and Innovation in the SME Sector",innovation_instruments,,,,,,,,Supports R&D initiatives in small and medium enterprises.
Germany,2021,Roman-Germanic Central Museum Leibniz Research Institute for Archaeology,science_agency,,,,,,,,"This institute is dedicated to archaeological research, qualifying it as a dedicated R&D agency."
Germany,2021,SME Digital,innovation_instruments,,,,,,,,"This programme supports digitalization in small and medium-sized enterprises, which includes R&D activities."
Germany,2021,"SME and Startup Promotion, Technology Transfer in Life Sciences",innovation_instruments,,,,,,,,The entry indicates a specific programme aimed at promoting R&D in SMEs and technology transfer.
Germany,2021,SME-innovative: ICT - Software Engineering,innovation_instruments,,,,,,,,This entry represents a specific R&D programme aimed at supporting innovation in software engineering for SMEs.
Germany,2006,Science and Research Development Outside Higher Education,direct_rd,,,,,,,,This program supports R&D activities outside of traditional higher education.
Germany,2007,Science and Research Development Outside Higher Education,direct_rd,,,,,,,,This program supports R&D activities outside of traditional higher education.
Germany,2021,Science partnerships in transformation countries North Africa/Middle East,direct_rd,,,,,,,,The entry indicates a specific R&D programme focused on scholarships for partnerships in science.
Germany,2007,Scientific Cooperation,direct_rd,,,,,,,,The name indicates a specific programme aimed at fostering scientific research collaboration.
Germany,2008,Scientific Cooperation,direct_rd,,,,,,,,gap: no matching rows in this year
Germany,2009,Scientific Cooperation,direct_rd,,,,,,,,gap: no matching rows in this year
Germany,2010,Scientific Cooperation,direct_rd,,,,,,,,gap: no matching rows in this year
Germany,2011,Scientific Cooperation,direct_rd,,,,,,,,gap: no matching rows in this year
Germany,2012,Scientific Cooperation,direct_rd,,,,,,,,gap: no matching rows in this year
Germany,2013,Scientific Cooperation,direct_rd,,,,,,,,gap: no matching rows in this year
Germany,2014,Scientific Cooperation,direct_rd,,,,,,,,gap: no matching rows in this year
Germany,2015,Scientific Cooperation,direct_rd,,,,,,,,gap: no matching rows in this year
Germany,2016,Scientific Cooperation,direct_rd,,,,,,,,gap: no matching rows in this year
Germany,2017,Scientific Cooperation,direct_rd,,,,,,,,gap: no matching rows in this year
Germany,2018,Scientific Cooperation,direct_rd,,,,,,,,gap: no matching rows in this year
Germany,2019,Scientific Cooperation,direct_rd,,,,,,,,gap: no matching rows in this year
Germany,2020,Scientific Cooperation,direct_rd,,,,,,,,gap: no matching rows in this year
Germany,2021,Scientific Cooperation,direct_rd,,,,,,,,The name indicates a specific programme aimed at fostering scientific research collaboration.
Germany,2007,Selected Focus Areas of Basic Natural Science Research,direct_rd,,,,,,,,"Focuses on basic research in natural sciences, relevant for R&D."
Germany,2021,Social-Ecological Research and Economics for Sustainability,direct_rd,,,,,,,,The name indicates a specific R&D programme focused on sustainability research.
Germany,2005,Society for Biotechnological Research,science_agency,,,,,,,,"This entity is dedicated to biotechnological research, indicating strong R&D relevance."
Germany,2006,Software Systems,direct_rd,,,,,,,,This program likely involves R&D in software development.
Germany,2007,Software Systems,direct_rd,,,,,,,,This program likely involves R&D in software development.
Germany,2008,Software Systems,direct_rd,,,,,,,,gap: no matching rows in this year
Germany,2009,Software Systems,direct_rd,,,,,,,,gap: no matching rows in this year
Germany,2010,Software Systems,direct_rd,,,,,,,,gap: no matching rows in this year
Germany,2011,Software Systems,direct_rd,,,,,,,,gap: no matching rows in this year
Germany,2012,Software Systems,direct_rd,,,,,,,,gap: no matching rows in this year
Germany,2013,Software Systems,direct_rd,,,,,,,,gap: no matching rows in this year
Germany,2014,Software Systems,direct_rd,,,,,,,,gap: no matching rows in this year
Germany,2015,Software Systems,direct_rd,,,,,,,,gap: no matching rows in this year
Germany,2016,Software Systems,direct_rd,,,,,,,,gap: no matching rows in this year
Germany,2017,Software Systems,direct_rd,,,,,,,,gap: no matching rows in this year
Germany,2018,Software Systems,direct_rd,,,,,,,,gap: no matching rows in this year
Germany,2019,Software Systems,direct_rd,,,,,,,,gap: no matching rows in this year
Germany,2020,Software Systems,direct_rd,,,,,,,,gap: no matching rows in this year
Germany,2021,Software Systems,direct_rd,,,,,,,,This program likely involves R&D in software development.
Germany,2021,Software-intensive embedded systems for the Internet of Things; Industry 4.0,innovation_instruments,,,,,,,,The entry clearly indicates a specific R&D programme focused on technology development.
Germany,2006,Space Transport,direct_rd,,,,,,,,This entity is relevant as it pertains to R&D in space transport technologies.
Germany,2021,Special Fund for Large Research at the Karlsruhe Institute of Technology,direct_rd,,,,,,,,This fund is specifically designated for large research projects at a recognized research institution.
Germany,2021,Start-ups from Science (EXIST),innovation_instruments,,,,,,,,"The EXIST programme supports the commercialization of research results, indicating a focus on R&D."
Germany,2007,Start-ups from Universities and Research Institutions,innovation_instruments,,,,,,,,This initiative supports the commercialization of research through start-ups.
Germany,2021,State project funding for nuclear safety research,direct_rd,,,,,,,,The entry specifically indicates funding allocated for research in nuclear safety.
Germany,2021,Structural Further Development of IT Research,direct_rd,,,,,,,,The name indicates a specific programme aimed at advancing IT research.
Germany,2004,Structural Innovations in Education and Research,innovation_instruments,,,,,,,,This entity supports innovative approaches in education and research.
Germany,2005,Structural Innovations in Education and Research,innovation_instruments,,,,,,,,This entity supports innovative approaches in education and research.
Germany,2006,Structural Innovations in Education and Research,innovation_instruments,,,,,,,,This entity supports innovative approaches in education and research.
Germany,2007,Structural Innovations in Education and Research,innovation_instruments,,,,,,,,This entity supports innovative approaches in education and research.
Germany,2021,Sustainable Use of Biobased Resources,direct_rd,,,,,,,,The name indicates a specific R&D programme focused on biobased resources.
Germany,2021,Systemic Approaches for Sustainable Urban Mobility,innovation_instruments,,,,,,,,The name indicates a specific R&D programme focused on urban mobility solutions.
Germany,2021,Systems Medicine,direct_rd,,,,,,,,The name indicates a specific R&D programme focused on systems medicine.
Germany,2005,Technological Innovation for Biotechnology: Tissue Engineering,direct_rd,,,,,,,,"This program supports R&D in biotechnology, specifically tissue engineering."
Germany,2004,Technological Innovation for the Biotech Industry,innovation_instruments,,,,,,,,"Supports biotech innovation, indicating strong R&D relevance."
Germany,2004,Technology Transfer University - Industry Partnership,innovation_instruments,,,,,,,,This program facilitates R&D collaboration between universities and industry.
Germany,2006,Technology for Space Systems and Other Activities,direct_rd,,,,,,,,"This program supports technology development for space systems, relevant to R&D."
Germany,2021,Tools for chip and system design and selected chip production technologies,direct_rd,,,,,,,,The entry specifically indicates a focus on R&D related to chip design and production technologies.
Germany,2006,Transrapid Test Facility Grants,innovation_instruments,,,,,,,,Funding for a test facility indicates strong R&D relevance.
Germany,2007,University Pact 2020,higher_education,,,,,,,,"Supports universities, indicating relevance to R&D."
Germany,2021,University of Tübingen,higher_education,,,,,,,,"Universities typically engage in R&D activities, and funding for them often supports research initiatives."
Germany,2021,c-START,innovation_instruments,,,,,,,,c-START is a specific programme aimed at supporting research and innovation initiatives.
Germany,2021,eXPlore,direct_rd,,,,,,,,eXPlore is a specific R&D programme aimed at fostering research initiatives.
