country,year,source_file,page_number,item_type,section_code,section_name,section_name_en,line_code,line_description,line_description_en,amount_local,amount_prior,unit,currency,rd_category,decision,confidence,llm_model,extraction_pass,notes
Colombia,1996,pdf_2508d1dcba32__1996_ley_0224_1995.txt,0,section_total,,CAPÍTULO III. DE LOS GASTOS.,CAPÍTULO III. DE LOS GASTOS.,,CAPÍTULO III. DE LOS GASTOS.,CAPÍTULO III. DE LOS GASTOS.,1989.0,,unit,COP,unclear,review,0.5,docx_parser,docx_table,"Parsed from table 0, row 0"
Colombia,1997,pdf_246cad5a98a3__1997_ley_0331_1996.txt,0,section_total,,CAPÍTULO III. DE LOS GASTOS,CAPÍTULO III. DE LOS GASTOS,,CAPÍTULO III. DE LOS GASTOS,CAPÍTULO III. DE LOS GASTOS,1989.0,,unit,COP,unclear,review,0.5,docx_parser,docx_table,"Parsed from table 0, row 0"
Colombia,1997,pdf_246cad5a98a3__1997_ley_0331_1996.txt,0,section_total,,CAPÍTULO IV. DE LAS VIGENCIAS FUTURAS,CAPÍTULO IV. DE LAS VIGENCIAS FUTURAS,,CAPÍTULO IV. DE LAS VIGENCIAS FUTURAS,CAPÍTULO IV. DE LAS VIGENCIAS FUTURAS,1998.0,,unit,COP,unclear,review,0.5,docx_parser,docx_table,"Parsed from table 0, row 0"
Colombia,1997,pdf_246cad5a98a3__1997_ley_0331_1996.txt,0,section_total,,CAPÍTULO VI. DISPOSICIONES VARIAS,CAPÍTULO VI. DISPOSICIONES VARIAS,,CAPÍTULO VI. DISPOSICIONES VARIAS,CAPÍTULO VI. DISPOSICIONES VARIAS,1995.0,,unit,COP,unclear,review,0.5,docx_parser,docx_table,"Parsed from table 0, row 0"
Colombia,1998,pdf_3126855ba4c5__1998_ley_0413_1997.txt,0,section_total,,CAPITULO III. DE LOS GASTOS,CAPITULO III. DE LOS GASTOS,,CAPITULO III. DE LOS GASTOS,CAPITULO III. DE LOS GASTOS,1989.0,,unit,COP,unclear,review,0.5,docx_parser,docx_table,"Parsed from table 0, row 0"
Colombia,1998,pdf_3126855ba4c5__1998_ley_0413_1997.txt,0,section_total,,INGRESOS CORRIENTES DE LA NACION,INGRESOS CORRIENTES DE LA NACION,,INGRESOS CORRIENTES DE LA NACION,INGRESOS CORRIENTES DE LA NACION,1.0,,unit,COP,unclear,review,0.5,docx_parser,docx_table,"Parsed from table 0, row 0"
Colombia,2002,pdf_85625e3f7481__2002_1455638231019_44655.txt,0,section_total,,A- INGRESOS CORRIENTES,A- INGRESOS CORRIENTES,,A- INGRESOS CORRIENTES,A- INGRESOS CORRIENTES,616135530000.0,,unit,COP,unclear,review,0.5,docx_parser,docx_table,"Parsed from table 0, row 0"
Colombia,2002,pdf_85625e3f7481__2002_1455638231019_44655.txt,0,section_total,,AC TUALIZACION DE INFORMAC ION PARA PROC ESAMIENTO,AC TUALIZACION DE INFORMAC ION PARA PROC ESAMIENTO,,AC TUALIZACION DE INFORMAC ION PARA PROC ESAMIENTO,AC TUALIZACION DE INFORMAC ION PARA PROC ESAMIENTO,102000000.0,,unit,COP,unclear,review,0.5,docx_parser,docx_table,"Parsed from table 0, row 0"
Colombia,2002,pdf_85625e3f7481__2002_1455638231019_44655.txt,0,section_total,,AC UEDUC TO Y ALC ANTARILLADO,AC UEDUC TO Y ALC ANTARILLADO,,AC UEDUC TO Y ALC ANTARILLADO,AC UEDUC TO Y ALC ANTARILLADO,12467500000.0,,unit,COP,unclear,review,0.5,docx_parser,docx_table,"Parsed from table 0, row 0"
Colombia,2002,pdf_85625e3f7481__2002_1455638231019_44655.txt,0,section_total,,ACTUALIZAC ION DE INFORMACIO N PARA PROC ESAMIENTO,ACTUALIZAC ION DE INFORMACIO N PARA PROC ESAMIENTO,,ACTUALIZAC ION DE INFORMACIO N PARA PROC ESAMIENTO,ACTUALIZAC ION DE INFORMACIO N PARA PROC ESAMIENTO,12078590000.0,,unit,COP,unclear,review,0.5,docx_parser,docx_table,"Parsed from table 0, row 0"
Colombia,2002,pdf_85625e3f7481__2002_1455638231019_44655.txt,0,section_total,,"ADMINISTRAC ION, C ONTROL Y ORGANIZAC IO N INSTITUCIONAL PARA APOYO A LA ADMINISTRAC ION DEL ESTADO","ADMINISTRAC ION, C ONTROL Y ORGANIZAC IO N INSTITUCIONAL PARA APOYO A LA ADMINISTRAC ION DEL ESTADO",,"ADMINISTRAC ION, C ONTROL Y ORGANIZAC IO N INSTITUCIONAL PARA APOYO A LA ADMINISTRAC ION DEL ESTADO","ADMINISTRAC ION, C ONTROL Y ORGANIZAC IO N INSTITUCIONAL PARA APOYO A LA ADMINISTRAC ION DEL ESTADO",5320000000.0,,unit,COP,unclear,review,0.6,docx_parser,docx_table,"Parsed from table 0, row 0"
Colombia,2002,pdf_85625e3f7481__2002_1455638231019_44655.txt,0,section_total,,"ADMINISTRAC ION, C ONTROL Y ORGANIZAC ION INSTITUCIONAL PARA APOYO A LA ADMINISTRAC ION DEL ESTADO","ADMINISTRAC ION, C ONTROL Y ORGANIZAC ION INSTITUCIONAL PARA APOYO A LA ADMINISTRAC ION DEL ESTADO",,"ADMINISTRAC ION, C ONTROL Y ORGANIZAC ION INSTITUCIONAL PARA APOYO A LA ADMINISTRAC ION DEL ESTADO","ADMINISTRAC ION, C ONTROL Y ORGANIZAC ION INSTITUCIONAL PARA APOYO A LA ADMINISTRAC ION DEL ESTADO",19548600000.0,,unit,COP,unclear,review,0.5,docx_parser,docx_table,"Parsed from table 0, row 0"
Colombia,2002,pdf_85625e3f7481__2002_1455638231019_44655.txt,0,section_total,,"ADMINISTRAC ION, C ONTROL Y ORGANIZACION INSTITUC IONAL PARA APOYO A LA ADMINISTRAC ION DEL ESTADO","ADMINISTRAC ION, C ONTROL Y ORGANIZACION INSTITUC IONAL PARA APOYO A LA ADMINISTRAC ION DEL ESTADO",,"ADMINISTRAC ION, C ONTROL Y ORGANIZACION INSTITUC IONAL PARA APOYO A LA ADMINISTRAC ION DEL ESTADO","ADMINISTRAC ION, C ONTROL Y ORGANIZACION INSTITUC IONAL PARA APOYO A LA ADMINISTRAC ION DEL ESTADO",75000000.0,,unit,COP,unclear,review,0.5,docx_parser,docx_table,"Parsed from table 0, row 0"
Colombia,2002,pdf_85625e3f7481__2002_1455638231019_44655.txt,0,section_total,,"ADMINISTRAC ION, CO NTROL Y ORGANIZACION INSTITUCIONAL PARA APOYO A LA ADMINISTRAC ION DEL ESTADO","ADMINISTRAC ION, CO NTROL Y ORGANIZACION INSTITUCIONAL PARA APOYO A LA ADMINISTRAC ION DEL ESTADO",,"ADMINISTRAC ION, CO NTROL Y ORGANIZACION INSTITUCIONAL PARA APOYO A LA ADMINISTRAC ION DEL ESTADO","ADMINISTRAC ION, CO NTROL Y ORGANIZACION INSTITUCIONAL PARA APOYO A LA ADMINISTRAC ION DEL ESTADO",123712746000.0,,unit,COP,unclear,review,0.5,docx_parser,docx_table,"Parsed from table 0, row 0"
Colombia,2002,pdf_85625e3f7481__2002_1455638231019_44655.txt,0,section_total,,ADMINISTRACION DE JUSTICIA,ADMINISTRACION DE JUSTICIA,,ADMINISTRACION DE JUSTICIA,ADMINISTRACION DE JUSTICIA,68163800000.0,,unit,COP,unclear,review,0.5,docx_parser,docx_table,"Parsed from table 0, row 0"
Colombia,2002,pdf_85625e3f7481__2002_1455638231019_44655.txt,0,section_total,,ADMINISTRACION DEL ESTADO PAGO DE RESERVAS,ADMINISTRACION DEL ESTADO PAGO DE RESERVAS,,ADMINISTRACION DEL ESTADO PAGO DE RESERVAS,ADMINISTRACION DEL ESTADO PAGO DE RESERVAS,6100000000.0,,unit,COP,unclear,review,0.5,docx_parser,docx_table,"Parsed from table 0, row 0"
Colombia,2002,pdf_85625e3f7481__2002_1455638231019_44655.txt,0,section_total,,"ADMINISTRACION, C ONTROL Y ORGANIZAC ION INSTITUC IONAL PARA APOYO A LA ADMINISTRACION DEL ESTADO","ADMINISTRACION, C ONTROL Y ORGANIZAC ION INSTITUC IONAL PARA APOYO A LA ADMINISTRACION DEL ESTADO",,"ADMINISTRACION, C ONTROL Y ORGANIZAC ION INSTITUC IONAL PARA APOYO A LA ADMINISTRACION DEL ESTADO","ADMINISTRACION, C ONTROL Y ORGANIZAC ION INSTITUC IONAL PARA APOYO A LA ADMINISTRACION DEL ESTADO",2844041000.0,,unit,COP,unclear,review,0.5,docx_parser,docx_table,"Parsed from table 0, row 0"
Colombia,2002,pdf_85625e3f7481__2002_1455638231019_44655.txt,0,section_total,,ADQUISIC ION DE INFRAESTRUC TURA PROPIA DEL,ADQUISIC ION DE INFRAESTRUC TURA PROPIA DEL,,ADQUISIC ION DE INFRAESTRUC TURA PROPIA DEL,ADQUISIC ION DE INFRAESTRUC TURA PROPIA DEL,7385000000.0,,unit,COP,unclear,review,0.5,docx_parser,docx_table,"Parsed from table 0, row 0"
Colombia,2002,pdf_85625e3f7481__2002_1455638231019_44655.txt,0,section_total,,"ADQUISIC ION Y/O PRODUC CION DE EQUIPOS, MATERIALES SUMINISTRO S Y SERVIC IOS PROPIOS DEL SECTOR","ADQUISIC ION Y/O PRODUC CION DE EQUIPOS, MATERIALES SUMINISTRO S Y SERVIC IOS PROPIOS DEL SECTOR",,"ADQUISIC ION Y/O PRODUC CION DE EQUIPOS, MATERIALES SUMINISTRO S Y SERVIC IOS PROPIOS DEL SECTOR","ADQUISIC ION Y/O PRODUC CION DE EQUIPOS, MATERIALES SUMINISTRO S Y SERVIC IOS PROPIOS DEL SECTOR",53982907175.0,,unit,COP,unclear,review,0.5,docx_parser,docx_table,"Parsed from table 0, row 0"
Colombia,2002,pdf_85625e3f7481__2002_1455638231019_44655.txt,0,section_total,,"ADQUISIC ION Y/O PRODUCC ION DE EQUIPOS, MATERIALES SUMINISTROS Y SERVIC IOS PROPIOS DEL SECTO R","ADQUISIC ION Y/O PRODUCC ION DE EQUIPOS, MATERIALES SUMINISTROS Y SERVIC IOS PROPIOS DEL SECTO R",,"ADQUISIC ION Y/O PRODUCC ION DE EQUIPOS, MATERIALES SUMINISTROS Y SERVIC IOS PROPIOS DEL SECTO R","ADQUISIC ION Y/O PRODUCC ION DE EQUIPOS, MATERIALES SUMINISTROS Y SERVIC IOS PROPIOS DEL SECTO R",8000000000.0,,unit,COP,unclear,review,0.5,docx_parser,docx_table,"Parsed from table 0, row 0"
Colombia,2002,pdf_85625e3f7481__2002_1455638231019_44655.txt,0,section_total,,"ADQUISIC ION Y/O PRODUCC ION DE EQUIPOS, MATERIALES, SUMINISTROS Y SERVIC IOS ADMINISTRATIVOS","ADQUISIC ION Y/O PRODUCC ION DE EQUIPOS, MATERIALES, SUMINISTROS Y SERVIC IOS ADMINISTRATIVOS",,"ADQUISIC ION Y/O PRODUCC ION DE EQUIPOS, MATERIALES, SUMINISTROS Y SERVIC IOS ADMINISTRATIVOS","ADQUISIC ION Y/O PRODUCC ION DE EQUIPOS, MATERIALES, SUMINISTROS Y SERVIC IOS ADMINISTRATIVOS",6735000000.0,,unit,COP,unclear,review,0.5,docx_parser,docx_table,"Parsed from table 0, row 0"
Colombia,2002,pdf_85625e3f7481__2002_1455638231019_44655.txt,0,section_total,,"ADQUISICIO N Y/O PRODUC CION DE EQUIPO S, MATERIALES SUMINISTROS Y SERVIC IOS PROPIOS DEL SEC TOR","ADQUISICIO N Y/O PRODUC CION DE EQUIPO S, MATERIALES SUMINISTROS Y SERVIC IOS PROPIOS DEL SEC TOR",,"ADQUISICIO N Y/O PRODUC CION DE EQUIPO S, MATERIALES SUMINISTROS Y SERVIC IOS PROPIOS DEL SEC TOR","ADQUISICIO N Y/O PRODUC CION DE EQUIPO S, MATERIALES SUMINISTROS Y SERVIC IOS PROPIOS DEL SEC TOR",100055299000.0,,unit,COP,unclear,review,0.5,docx_parser,docx_table,"Parsed from table 0, row 0"
Colombia,2002,pdf_85625e3f7481__2002_1455638231019_44655.txt,0,section_total,,"ADQUISICIO N Y/O PRODUC CION DE EQUIPO S, MATERIALES, SUMINISTROS Y SERVIC IOS ADMINISTRATIVOS","ADQUISICIO N Y/O PRODUC CION DE EQUIPO S, MATERIALES, SUMINISTROS Y SERVIC IOS ADMINISTRATIVOS",,"ADQUISICIO N Y/O PRODUC CION DE EQUIPO S, MATERIALES, SUMINISTROS Y SERVIC IOS ADMINISTRATIVOS","ADQUISICIO N Y/O PRODUC CION DE EQUIPO S, MATERIALES, SUMINISTROS Y SERVIC IOS ADMINISTRATIVOS",1870000000.0,,unit,COP,unclear,review,0.5,docx_parser,docx_table,"Parsed from table 0, row 0"
Colombia,2002,pdf_85625e3f7481__2002_1455638231019_44655.txt,0,section_total,,ADQUISICION DE INFRAESTRUC TURA PROPIA DEL,ADQUISICION DE INFRAESTRUC TURA PROPIA DEL,,ADQUISICION DE INFRAESTRUC TURA PROPIA DEL,ADQUISICION DE INFRAESTRUC TURA PROPIA DEL,2552525000.0,,unit,COP,unclear,review,0.5,docx_parser,docx_table,"Parsed from table 0, row 0"
Colombia,2002,pdf_85625e3f7481__2002_1455638231019_44655.txt,0,section_total,,"ADQUISICION Y/O PRODUC C ION DE EQUIPOS, MATERIALES SUMINISTROS Y SERVICIOS PROPIOS DEL SECTOR","ADQUISICION Y/O PRODUC C ION DE EQUIPOS, MATERIALES SUMINISTROS Y SERVICIOS PROPIOS DEL SECTOR",,"ADQUISICION Y/O PRODUC C ION DE EQUIPOS, MATERIALES SUMINISTROS Y SERVICIOS PROPIOS DEL SECTOR","ADQUISICION Y/O PRODUC C ION DE EQUIPOS, MATERIALES SUMINISTROS Y SERVICIOS PROPIOS DEL SECTOR",1604000000.0,,unit,COP,unclear,review,0.5,docx_parser,docx_table,"Parsed from table 0, row 0"
Colombia,2002,pdf_85625e3f7481__2002_1455638231019_44655.txt,0,section_total,,"ADQUISICION Y/O PRODUC C ION DE EQUIPOS, MATERIALES, SUMINISTROS Y SERVICIOS ADMINISTRATIVOS","ADQUISICION Y/O PRODUC C ION DE EQUIPOS, MATERIALES, SUMINISTROS Y SERVICIOS ADMINISTRATIVOS",,"ADQUISICION Y/O PRODUC C ION DE EQUIPOS, MATERIALES, SUMINISTROS Y SERVICIOS ADMINISTRATIVOS","ADQUISICION Y/O PRODUC C ION DE EQUIPOS, MATERIALES, SUMINISTROS Y SERVICIOS ADMINISTRATIVOS",1000000000.0,,unit,COP,unclear,review,0.5,docx_parser,docx_table,"Parsed from table 0, row 0"
Colombia,2002,pdf_85625e3f7481__2002_1455638231019_44655.txt,0,section_total,,"ADQUISICION Y/O PRODUC CIO N DE EQUIPO S, MATERIALES SUMINISTROS Y SERVICIO S PROPIOS DEL SECTOR","ADQUISICION Y/O PRODUC CIO N DE EQUIPO S, MATERIALES SUMINISTROS Y SERVICIO S PROPIOS DEL SECTOR",,"ADQUISICION Y/O PRODUC CIO N DE EQUIPO S, MATERIALES SUMINISTROS Y SERVICIO S PROPIOS DEL SECTOR","ADQUISICION Y/O PRODUC CIO N DE EQUIPO S, MATERIALES SUMINISTROS Y SERVICIO S PROPIOS DEL SECTOR",411252342000.0,,unit,COP,unclear,review,0.5,docx_parser,docx_table,"Parsed from table 0, row 0"
Colombia,2002,pdf_85625e3f7481__2002_1455638231019_44655.txt,0,section_total,,"ADQUISICION Y/O PRODUC CION DE EQUIPO S, MATERIALES SUMINISTROS Y SERVICIO S PROPIOS DEL SEC TOR","ADQUISICION Y/O PRODUC CION DE EQUIPO S, MATERIALES SUMINISTROS Y SERVICIO S PROPIOS DEL SEC TOR",,"ADQUISICION Y/O PRODUC CION DE EQUIPO S, MATERIALES SUMINISTROS Y SERVICIO S PROPIOS DEL SEC TOR","ADQUISICION Y/O PRODUC CION DE EQUIPO S, MATERIALES SUMINISTROS Y SERVICIO S PROPIOS DEL SEC TOR",700000000.0,,unit,COP,unclear,review,0.5,docx_parser,docx_table,"Parsed from table 0, row 0"
Colombia,2002,pdf_85625e3f7481__2002_1455638231019_44655.txt,0,section_total,,"ADQUISICION Y/O PRODUC CION DE EQUIPO S, MATERIALES, SUMINISTROS Y SERVIC IOS ADMINISTRATIVOS","ADQUISICION Y/O PRODUC CION DE EQUIPO S, MATERIALES, SUMINISTROS Y SERVIC IOS ADMINISTRATIVOS",,"ADQUISICION Y/O PRODUC CION DE EQUIPO S, MATERIALES, SUMINISTROS Y SERVIC IOS ADMINISTRATIVOS","ADQUISICION Y/O PRODUC CION DE EQUIPO S, MATERIALES, SUMINISTROS Y SERVIC IOS ADMINISTRATIVOS",2810000000.0,,unit,COP,unclear,review,0.5,docx_parser,docx_table,"Parsed from table 0, row 0"
Colombia,2002,pdf_85625e3f7481__2002_1455638231019_44655.txt,0,section_total,,AG ENC IA C OLOMBIANA DE C OOPERACION INTERNAC IONAL,AG ENC IA C OLOMBIANA DE C OOPERACION INTERNAC IONAL,,AG ENC IA C OLOMBIANA DE C OOPERACION INTERNAC IONAL,AG ENC IA C OLOMBIANA DE C OOPERACION INTERNAC IONAL,2443824507.0,,unit,COP,unclear,review,0.6,docx_parser,docx_table,"Parsed from table 0, row 0"
Colombia,2002,pdf_85625e3f7481__2002_1455638231019_44655.txt,0,section_total,,AMBIENTALES- IDEAM A- INGRESOS CORRIENTES,AMBIENTALES- IDEAM A- INGRESOS CORRIENTES,,AMBIENTALES- IDEAM A- INGRESOS CORRIENTES,AMBIENTALES- IDEAM A- INGRESOS CORRIENTES,2000000000.0,,unit,COP,unclear,review,0.5,docx_parser,docx_table,"Parsed from table 0, row 0"
Colombia,2002,pdf_85625e3f7481__2002_1455638231019_44655.txt,0,section_total,,"ANDRES, PROVIDENCIA","ANDRES, PROVIDENCIA",,"ANDRES, PROVIDENCIA","ANDRES, PROVIDENCIA",1243088736.0,,unit,COP,unclear,review,0.5,docx_parser,docx_table,"Parsed from table 0, row 0"
Colombia,2002,pdf_85625e3f7481__2002_1455638231019_44655.txt,0,section_total,,ANICHARICO,ANICHARICO,,ANICHARICO,ANICHARICO,79.508729,,unit,COP,unclear,review,0.5,docx_parser,docx_table,"Parsed from table 0, row 0"
Colombia,2002,pdf_85625e3f7481__2002_1455638231019_44655.txt,0,section_total,,ARTE Y CULTURA,ARTE Y CULTURA,,ARTE Y CULTURA,ARTE Y CULTURA,4300000000.0,,unit,COP,unclear,review,0.6,docx_parser,docx_table,"Parsed from table 0, row 0"
Colombia,2002,pdf_85625e3f7481__2002_1455638231019_44655.txt,0,section_total,,ASISTENCIA DIREC TA A LA CO MUNIDAD,ASISTENCIA DIREC TA A LA CO MUNIDAD,,ASISTENCIA DIREC TA A LA CO MUNIDAD,ASISTENCIA DIREC TA A LA CO MUNIDAD,887237750000.0,,unit,COP,unclear,review,0.6,docx_parser,docx_table,"Parsed from table 0, row 0"
Colombia,2002,pdf_85625e3f7481__2002_1455638231019_44655.txt,0,section_total,,ATENC ION DE EMERGENC IAS Y,ATENC ION DE EMERGENC IAS Y,,ATENC ION DE EMERGENC IAS Y,ATENC ION DE EMERGENC IAS Y,20000000000.0,,unit,COP,unclear,review,0.5,docx_parser,docx_table,"Parsed from table 0, row 0"
Colombia,2002,pdf_85625e3f7481__2002_1455638231019_44655.txt,0,section_total,,"ATENCION, CO NTROL Y ORGANIZACION INSTITUC IONAL PARA APOYO A LA GESTION DEL","ATENCION, CO NTROL Y ORGANIZACION INSTITUC IONAL PARA APOYO A LA GESTION DEL",,"ATENCION, CO NTROL Y ORGANIZACION INSTITUC IONAL PARA APOYO A LA GESTION DEL","ATENCION, CO NTROL Y ORGANIZACION INSTITUC IONAL PARA APOYO A LA GESTION DEL",200000000.0,,unit,COP,unclear,review,0.5,docx_parser,docx_table,"Parsed from table 0, row 0"
Colombia,2002,pdf_85625e3f7481__2002_1455638231019_44655.txt,0,section_total,,"ATENCION, CO NTROL Y ORGANIZACION INSTITUCIONAL PARA APOYO A LA GESTION DEL","ATENCION, CO NTROL Y ORGANIZACION INSTITUCIONAL PARA APOYO A LA GESTION DEL",,"ATENCION, CO NTROL Y ORGANIZACION INSTITUCIONAL PARA APOYO A LA GESTION DEL","ATENCION, CO NTROL Y ORGANIZACION INSTITUCIONAL PARA APOYO A LA GESTION DEL",997072118000.0,,unit,COP,unclear,review,0.6,docx_parser,docx_table,"Parsed from table 0, row 0"
Colombia,2002,pdf_85625e3f7481__2002_1455638231019_44655.txt,0,section_total,,B- RECURSOS DE CAPITAL,B- RECURSOS DE CAPITAL,,B- RECURSOS DE CAPITAL,B- RECURSOS DE CAPITAL,100000000000.0,,unit,COP,unclear,review,0.5,docx_parser,docx_table,"Parsed from table 0, row 0"
Colombia,2002,pdf_85625e3f7481__2002_1455638231019_44655.txt,0,section_total,,BRAVO - MEDELLIN,BRAVO - MEDELLIN,,BRAVO - MEDELLIN,BRAVO - MEDELLIN,5544097915.0,,unit,COP,unclear,review,0.5,docx_parser,docx_table,"Parsed from table 0, row 0"
Colombia,2002,pdf_85625e3f7481__2002_1455638231019_44655.txt,0,section_total,,BUSTAMANTE,BUSTAMANTE,,BUSTAMANTE,BUSTAMANTE,8.686,,unit,COP,unclear,review,0.5,docx_parser,docx_table,"Parsed from table 0, row 0"
Colombia,2002,pdf_85625e3f7481__2002_1455638231019_44655.txt,0,section_total,,C AJA DE PREVISION SOC IAL DE LA SUPERINTENDENC IA,C AJA DE PREVISION SOC IAL DE LA SUPERINTENDENC IA,,C AJA DE PREVISION SOC IAL DE LA SUPERINTENDENC IA,C AJA DE PREVISION SOC IAL DE LA SUPERINTENDENC IA,27746823000.0,,unit,COP,unclear,review,0.5,docx_parser,docx_table,"Parsed from table 0, row 0"
Colombia,2002,pdf_85625e3f7481__2002_1455638231019_44655.txt,0,section_total,,C ARC ELARIO,C ARC ELARIO,,C ARC ELARIO,C ARC ELARIO,80954909585.0,,unit,COP,unclear,review,0.5,docx_parser,docx_table,"Parsed from table 0, row 0"
Colombia,2002,pdf_85625e3f7481__2002_1455638231019_44655.txt,0,section_total,,"C ARLOS GALAN SARMIENTO""","C ARLOS GALAN SARMIENTO""",,"C ARLOS GALAN SARMIENTO""","C ARLOS GALAN SARMIENTO""",821913003.0,,unit,COP,unclear,review,0.5,docx_parser,docx_table,"Parsed from table 0, row 0"
Colombia,2002,pdf_85625e3f7481__2002_1455638231019_44655.txt,0,section_total,,C ASAS FISCALES DEL EJERC ITO,C ASAS FISCALES DEL EJERC ITO,,C ASAS FISCALES DEL EJERC ITO,C ASAS FISCALES DEL EJERC ITO,16331429170.0,,unit,COP,unclear,review,0.5,docx_parser,docx_table,"Parsed from table 0, row 0"
Colombia,2002,pdf_85625e3f7481__2002_1455638231019_44655.txt,0,section_total,,C ENTRO  DE EDUCAC IO N EN ADMINISTRAC ION DE SALUD - C EADS,C ENTRO  DE EDUCAC IO N EN ADMINISTRAC ION DE SALUD - C EADS,,C ENTRO  DE EDUCAC IO N EN ADMINISTRAC ION DE SALUD - C EADS,C ENTRO  DE EDUCAC IO N EN ADMINISTRAC ION DE SALUD - C EADS,2195151218.0,,unit,COP,unclear,review,0.6,docx_parser,docx_table,"Parsed from table 0, row 0"
Colombia,2002,pdf_85625e3f7481__2002_1455638231019_44655.txt,0,section_total,,C HOCO  - C ODECHOC O,C HOCO  - C ODECHOC O,,C HOCO  - C ODECHOC O,C HOCO  - C ODECHOC O,890086126.0,,unit,COP,unclear,review,0.5,docx_parser,docx_table,"Parsed from table 0, row 0"
Colombia,2002,pdf_85625e3f7481__2002_1455638231019_44655.txt,0,section_total,,C LUB MILITAR DE OFIC IALES,C LUB MILITAR DE OFIC IALES,,C LUB MILITAR DE OFIC IALES,C LUB MILITAR DE OFIC IALES,17191500000.0,,unit,COP,unclear,review,0.5,docx_parser,docx_table,"Parsed from table 0, row 0"
Colombia,2002,pdf_85625e3f7481__2002_1455638231019_44655.txt,0,section_total,,C OLEGIO BOYAC A,C OLEGIO BOYAC A,,C OLEGIO BOYAC A,C OLEGIO BOYAC A,3583699665.0,,unit,COP,unclear,review,0.5,docx_parser,docx_table,"Parsed from table 0, row 0"
Colombia,2002,pdf_85625e3f7481__2002_1455638231019_44655.txt,0,section_total,,C OLEGIO MAYOR DE ANTIOQUIA,C OLEGIO MAYOR DE ANTIOQUIA,,C OLEGIO MAYOR DE ANTIOQUIA,C OLEGIO MAYOR DE ANTIOQUIA,3271325390.0,,unit,COP,unclear,review,0.6,docx_parser,docx_table,"Parsed from table 0, row 0"
Colombia,2002,pdf_85625e3f7481__2002_1455638231019_44655.txt,0,section_total,,C OLEGIO MAYOR DE BOLIVAR,C OLEGIO MAYOR DE BOLIVAR,,C OLEGIO MAYOR DE BOLIVAR,C OLEGIO MAYOR DE BOLIVAR,2367013039.0,,unit,COP,unclear,review,0.6,docx_parser,docx_table,"Parsed from table 0, row 0"
Colombia,2002,pdf_85625e3f7481__2002_1455638231019_44655.txt,0,section_total,,C OLOMBIANO AG ROPEC UARIO,C OLOMBIANO AG ROPEC UARIO,,C OLOMBIANO AG ROPEC UARIO,C OLOMBIANO AG ROPEC UARIO,47203765000.0,,unit,COP,unclear,review,0.6,docx_parser,docx_table,"Parsed from table 0, row 0"
Colombia,2002,pdf_85625e3f7481__2002_1455638231019_44655.txt,0,section_total,,C OLOMBIANO DE ANTRO POLOGIA E HISTORIA,C OLOMBIANO DE ANTRO POLOGIA E HISTORIA,,C OLOMBIANO DE ANTRO POLOGIA E HISTORIA,C OLOMBIANO DE ANTRO POLOGIA E HISTORIA,2752979534.0,,unit,COP,unclear,review,0.6,docx_parser,docx_table,"Parsed from table 0, row 0"
Colombia,2002,pdf_85625e3f7481__2002_1455638231019_44655.txt,0,section_total,,C OLOMBIANO DE LA REFORMA,C OLOMBIANO DE LA REFORMA,,C OLOMBIANO DE LA REFORMA,C OLOMBIANO DE LA REFORMA,51003128000.0,,unit,COP,unclear,review,0.5,docx_parser,docx_table,"Parsed from table 0, row 0"
Colombia,2002,pdf_85625e3f7481__2002_1455638231019_44655.txt,0,section_total,,C OMERC IALIZAC ION,C OMERC IALIZAC ION,,C OMERC IALIZAC ION,C OMERC IALIZAC ION,187665100000.0,,unit,COP,unclear,review,0.5,docx_parser,docx_table,"Parsed from table 0, row 0"
Colombia,2002,pdf_85625e3f7481__2002_1455638231019_44655.txt,0,section_total,,C OMERC IO,C OMERC IO,,C OMERC IO,C OMERC IO,5838728000.0,,unit,COP,unclear,review,0.5,docx_parser,docx_table,"Parsed from table 0, row 0"
Colombia,2002,pdf_85625e3f7481__2002_1455638231019_44655.txt,0,section_total,,C OMERC IO EXTERNO,C OMERC IO EXTERNO,,C OMERC IO EXTERNO,C OMERC IO EXTERNO,4200000000.0,,unit,COP,unclear,review,0.5,docx_parser,docx_table,"Parsed from table 0, row 0"
Colombia,2002,pdf_85625e3f7481__2002_1455638231019_44655.txt,0,section_total,,C OMERC IO INTERNO,C OMERC IO INTERNO,,C OMERC IO INTERNO,C OMERC IO INTERNO,2700000000.0,,unit,COP,unclear,review,0.5,docx_parser,docx_table,"Parsed from table 0, row 0"
Colombia,2002,pdf_85625e3f7481__2002_1455638231019_44655.txt,0,section_total,,C OMISION NAC IONAL DE TELEVISION,C OMISION NAC IONAL DE TELEVISION,,C OMISION NAC IONAL DE TELEVISION,C OMISION NAC IONAL DE TELEVISION,103223700000.0,,unit,COP,unclear,review,0.6,docx_parser,docx_table,"Parsed from table 0, row 0"
Colombia,2002,pdf_85625e3f7481__2002_1455638231019_44655.txt,0,section_total,,C OMUNIDAD,C OMUNIDAD,,C OMUNIDAD,C OMUNIDAD,1411792000.0,,unit,COP,unclear,review,0.5,docx_parser,docx_table,"Parsed from table 0, row 0"
Colombia,2002,pdf_85625e3f7481__2002_1455638231019_44655.txt,0,section_total,,C ONSERVAC ION,C ONSERVAC ION,,C ONSERVAC ION,C ONSERVAC ION,350000000.0,,unit,COP,unclear,review,0.5,docx_parser,docx_table,"Parsed from table 0, row 0"
Colombia,2002,pdf_85625e3f7481__2002_1455638231019_44655.txt,0,section_total,,C ONSERVACION,C ONSERVACION,,C ONSERVACION,C ONSERVACION,19190000000.0,,unit,COP,unclear,review,0.5,docx_parser,docx_table,"Parsed from table 0, row 0"
Colombia,2002,pdf_85625e3f7481__2002_1455638231019_44655.txt,0,section_total,,C ONSTRUCC ION DE INFRAESTRUC TURA ADMINISTRATIVA,C ONSTRUCC ION DE INFRAESTRUC TURA ADMINISTRATIVA,,C ONSTRUCC ION DE INFRAESTRUC TURA ADMINISTRATIVA,C ONSTRUCC ION DE INFRAESTRUC TURA ADMINISTRATIVA,318813000.0,,unit,COP,unclear,review,0.5,docx_parser,docx_table,"Parsed from table 0, row 0"
Colombia,2002,pdf_85625e3f7481__2002_1455638231019_44655.txt,0,section_total,,C OOPERACION TECNIC A Y/O FINANCIERA PARA APOYO A LA ADMINISTRACION DEL ESTADO,C OOPERACION TECNIC A Y/O FINANCIERA PARA APOYO A LA ADMINISTRACION DEL ESTADO,,C OOPERACION TECNIC A Y/O FINANCIERA PARA APOYO A LA ADMINISTRACION DEL ESTADO,C OOPERACION TECNIC A Y/O FINANCIERA PARA APOYO A LA ADMINISTRACION DEL ESTADO,104000000000.0,,unit,COP,direct_rd,include,0.9,docx_parser,docx_table,"Parsed from table 0, row 0"
Colombia,2002,pdf_85625e3f7481__2002_1455638231019_44655.txt,0,section_total,,C OOPERATIVAS,C OOPERATIVAS,,C OOPERATIVAS,C OOPERATIVAS,1151670000.0,,unit,COP,unclear,review,0.5,docx_parser,docx_table,"Parsed from table 0, row 0"
Colombia,2002,pdf_85625e3f7481__2002_1455638231019_44655.txt,0,section_total,,C ORPOAMAZONIA,C ORPOAMAZONIA,,C ORPOAMAZONIA,C ORPOAMAZONIA,1265340753.0,,unit,COP,unclear,review,0.5,docx_parser,docx_table,"Parsed from table 0, row 0"
Colombia,2002,pdf_85625e3f7481__2002_1455638231019_44655.txt,0,section_total,,C ORPORACIO N PARA EL DESARRO LLO SO STENIBLE DE LA MOJANA Y EL SAN JORGE - C ORPO MOJANA,C ORPORACIO N PARA EL DESARRO LLO SO STENIBLE DE LA MOJANA Y EL SAN JORGE - C ORPO MOJANA,,C ORPORACIO N PARA EL DESARRO LLO SO STENIBLE DE LA MOJANA Y EL SAN JORGE - C ORPO MOJANA,C ORPORACIO N PARA EL DESARRO LLO SO STENIBLE DE LA MOJANA Y EL SAN JORGE - C ORPO MOJANA,1179766059.0,,unit,COP,unclear,review,0.5,docx_parser,docx_table,"Parsed from table 0, row 0"
Colombia,2002,pdf_85625e3f7481__2002_1455638231019_44655.txt,0,section_total,,C ORPORACIO N PARA EL DESARRO LLO SO STENIBLE DEL URABA - C ORPOURABA,C ORPORACIO N PARA EL DESARRO LLO SO STENIBLE DEL URABA - C ORPOURABA,,C ORPORACIO N PARA EL DESARRO LLO SO STENIBLE DEL URABA - C ORPOURABA,C ORPORACIO N PARA EL DESARRO LLO SO STENIBLE DEL URABA - C ORPOURABA,1848121543.0,,unit,COP,unclear,review,0.6,docx_parser,docx_table,"Parsed from table 0, row 0"
Colombia,2002,pdf_85625e3f7481__2002_1455638231019_44655.txt,0,section_total,,C ORPORACIO N PARA EL DESARROLLO SO STENIBLE DEL NORTE Y ORIENTE,C ORPORACIO N PARA EL DESARROLLO SO STENIBLE DEL NORTE Y ORIENTE,,C ORPORACIO N PARA EL DESARROLLO SO STENIBLE DEL NORTE Y ORIENTE,C ORPORACIO N PARA EL DESARROLLO SO STENIBLE DEL NORTE Y ORIENTE,1230559208.0,,unit,COP,unclear,review,0.5,docx_parser,docx_table,"Parsed from table 0, row 0"
Colombia,2002,pdf_85625e3f7481__2002_1455638231019_44655.txt,0,section_total,,C- CONTRIBUCIONES PARAFISCALES,C- CONTRIBUCIONES PARAFISCALES,,C- CONTRIBUCIONES PARAFISCALES,C- CONTRIBUCIONES PARAFISCALES,1023899953959.0,,unit,COP,unclear,review,0.5,docx_parser,docx_table,"Parsed from table 0, row 0"
Colombia,2002,pdf_85625e3f7481__2002_1455638231019_44655.txt,0,section_total,,CAJA DE RETIRO DE LAS FUERZAS,CAJA DE RETIRO DE LAS FUERZAS,,CAJA DE RETIRO DE LAS FUERZAS,CAJA DE RETIRO DE LAS FUERZAS,620666009924.0,,unit,COP,unclear,review,0.6,docx_parser,docx_table,"Parsed from table 0, row 0"
Colombia,2002,pdf_85625e3f7481__2002_1455638231019_44655.txt,0,section_total,,CAPAC ITAC ION TECNICA NO PROFESIONAL,CAPAC ITAC ION TECNICA NO PROFESIONAL,,CAPAC ITAC ION TECNICA NO PROFESIONAL,CAPAC ITAC ION TECNICA NO PROFESIONAL,339103900000.0,,unit,COP,unclear,review,0.5,docx_parser,docx_table,"Parsed from table 0, row 0"
Colombia,2002,pdf_85625e3f7481__2002_1455638231019_44655.txt,0,section_total,,CAPITALIZACION,CAPITALIZACION,,CAPITALIZACION,CAPITALIZACION,1235022000000.0,,unit,COP,unclear,review,0.5,docx_parser,docx_table,"Parsed from table 0, row 0"
Colombia,2002,pdf_85625e3f7481__2002_1455638231019_44655.txt,0,section_total,,CAPITULO III,CAPITULO III,,CAPITULO III,CAPITULO III,2002.0,,unit,COP,unclear,review,0.5,docx_parser,docx_table,"Parsed from table 0, row 0"
Colombia,2002,pdf_85625e3f7481__2002_1455638231019_44655.txt,0,section_total,,CARO Y CUERVO,CARO Y CUERVO,,CARO Y CUERVO,CARO Y CUERVO,2388317433.0,,unit,COP,unclear,review,0.5,docx_parser,docx_table,"Parsed from table 0, row 0"
Colombia,2002,pdf_85625e3f7481__2002_1455638231019_44655.txt,0,section_total,,CASTELLANOS,CASTELLANOS,,CASTELLANOS,CASTELLANOS,19.198847,,unit,COP,unclear,review,0.5,docx_parser,docx_table,"Parsed from table 0, row 0"
Colombia,2002,pdf_85625e3f7481__2002_1455638231019_44655.txt,0,section_total,,CHINCHILLA,CHINCHILLA,,CHINCHILLA,CHINCHILLA,52220.076,,unit,COP,unclear,review,0.5,docx_parser,docx_table,"Parsed from table 0, row 0"
Colombia,2002,pdf_85625e3f7481__2002_1455638231019_44655.txt,0,section_total,,CO LEGIO MAYOR DEL CAUCA,CO LEGIO MAYOR DEL CAUCA,,CO LEGIO MAYOR DEL CAUCA,CO LEGIO MAYOR DEL CAUCA,1647724406.0,,unit,COP,unclear,review,0.6,docx_parser,docx_table,"Parsed from table 0, row 0"
Colombia,2002,pdf_85625e3f7481__2002_1455638231019_44655.txt,0,section_total,,CO LOMBIANO DE BIENESTAR,CO LOMBIANO DE BIENESTAR,,CO LOMBIANO DE BIENESTAR,CO LOMBIANO DE BIENESTAR,143094565959.0,,unit,COP,unclear,review,0.6,docx_parser,docx_table,"Parsed from table 0, row 0"
Colombia,2002,pdf_85625e3f7481__2002_1455638231019_44655.txt,0,section_total,,CO LOMBIANO DEL DEPORTE,CO LOMBIANO DEL DEPORTE,,CO LOMBIANO DEL DEPORTE,CO LOMBIANO DEL DEPORTE,6626198054.0,,unit,COP,unclear,review,0.6,docx_parser,docx_table,"Parsed from table 0, row 0"
Colombia,2002,pdf_85625e3f7481__2002_1455638231019_44655.txt,0,section_total,,CO LOMBIANO PARA EL FOMENTO DE LA EDUCAC ION SUPERIOR,CO LOMBIANO PARA EL FOMENTO DE LA EDUCAC ION SUPERIOR,,CO LOMBIANO PARA EL FOMENTO DE LA EDUCAC ION SUPERIOR,CO LOMBIANO PARA EL FOMENTO DE LA EDUCAC ION SUPERIOR,22407765820.0,,unit,COP,unclear,review,0.6,docx_parser,docx_table,"Parsed from table 0, row 0"
Colombia,2002,pdf_85625e3f7481__2002_1455638231019_44655.txt,0,section_total,,CO MUNIDAD,CO MUNIDAD,,CO MUNIDAD,CO MUNIDAD,1000374000.0,,unit,COP,unclear,review,0.5,docx_parser,docx_table,"Parsed from table 0, row 0"
Colombia,2002,pdf_85625e3f7481__2002_1455638231019_44655.txt,0,section_total,,CO NGRESO DE LA REPUBLICA,CO NGRESO DE LA REPUBLICA,,CO NGRESO DE LA REPUBLICA,CO NGRESO DE LA REPUBLICA,185699616283.0,,unit,COP,unclear,review,0.6,docx_parser,docx_table,"Parsed from table 0, row 0"
Colombia,2002,pdf_85625e3f7481__2002_1455638231019_44655.txt,0,section_total,,CO NSTRUC CION DE INFRAESTRUC TURA ADMINISTRATIVA,CO NSTRUC CION DE INFRAESTRUC TURA ADMINISTRATIVA,,CO NSTRUC CION DE INFRAESTRUC TURA ADMINISTRATIVA,CO NSTRUC CION DE INFRAESTRUC TURA ADMINISTRATIVA,800000000.0,,unit,COP,unclear,review,0.5,docx_parser,docx_table,"Parsed from table 0, row 0"
Colombia,2002,pdf_85625e3f7481__2002_1455638231019_44655.txt,0,section_total,,CO NSTRUC CION DE INFRAESTRUCTURA ADMINISTRATIVA,CO NSTRUC CION DE INFRAESTRUCTURA ADMINISTRATIVA,,CO NSTRUC CION DE INFRAESTRUCTURA ADMINISTRATIVA,CO NSTRUC CION DE INFRAESTRUCTURA ADMINISTRATIVA,250000000.0,,unit,COP,unclear,review,0.6,docx_parser,docx_table,"Parsed from table 0, row 0"
Colombia,2002,pdf_85625e3f7481__2002_1455638231019_44655.txt,0,section_total,,CONSIDERANDO QUE:,CONSIDERANDO QUE:,,CONSIDERANDO QUE:,CONSIDERANDO QUE:,1988.0,,unit,COP,unclear,review,0.5,docx_parser,docx_table,"Parsed from table 0, row 0"
Colombia,2002,pdf_85625e3f7481__2002_1455638231019_44655.txt,0,section_total,,CONSIDERANDO:,CONSIDERANDO:,,CONSIDERANDO:,CONSIDERANDO:,132.0,,unit,COP,unclear,review,0.5,docx_parser,docx_table,"Parsed from table 0, row 0"
Colombia,2002,pdf_85625e3f7481__2002_1455638231019_44655.txt,0,section_total,,DANSOC IAL,DANSOC IAL,,DANSOC IAL,DANSOC IAL,2123867699.0,,unit,COP,unclear,review,0.5,docx_parser,docx_table,"Parsed from table 0, row 0"
Colombia,2002,pdf_85625e3f7481__2002_1455638231019_44655.txt,0,section_total,,DE ADMINISTRACION,DE ADMINISTRACION,,DE ADMINISTRACION,DE ADMINISTRACION,29427540000.0,,unit,COP,unclear,review,0.5,docx_parser,docx_table,"Parsed from table 0, row 0"
Colombia,2002,pdf_85625e3f7481__2002_1455638231019_44655.txt,0,section_total,,DE APRENDIZAJE,DE APRENDIZAJE,,DE APRENDIZAJE,DE APRENDIZAJE,62591781000.0,,unit,COP,unclear,review,0.5,docx_parser,docx_table,"Parsed from table 0, row 0"
Colombia,2002,pdf_85625e3f7481__2002_1455638231019_44655.txt,0,section_total,,DE ASUNTOS DEL INSTITUTO DE CREDITO TERRITORIAL ICT A- INGRESOS CORRIENTES,DE ASUNTOS DEL INSTITUTO DE CREDITO TERRITORIAL ICT A- INGRESOS CORRIENTES,,DE ASUNTOS DEL INSTITUTO DE CREDITO TERRITORIAL ICT A- INGRESOS CORRIENTES,DE ASUNTOS DEL INSTITUTO DE CREDITO TERRITORIAL ICT A- INGRESOS CORRIENTES,3000000000.0,,unit,COP,unclear,review,0.5,docx_parser,docx_table,"Parsed from table 0, row 0"
Colombia,2002,pdf_85625e3f7481__2002_1455638231019_44655.txt,0,section_total,,DE BOYAC A (C ORPOBOYAC A),DE BOYAC A (C ORPOBOYAC A),,DE BOYAC A (C ORPOBOYAC A),DE BOYAC A (C ORPOBOYAC A),1043250830.0,,unit,COP,unclear,review,0.5,docx_parser,docx_table,"Parsed from table 0, row 0"
Colombia,2002,pdf_85625e3f7481__2002_1455638231019_44655.txt,0,section_total,,DE C ALDAS (C ORPOCALDAS),DE C ALDAS (C ORPOCALDAS),,DE C ALDAS (C ORPOCALDAS),DE C ALDAS (C ORPOCALDAS),1643809231.0,,unit,COP,unclear,review,0.5,docx_parser,docx_table,"Parsed from table 0, row 0"
Colombia,2002,pdf_85625e3f7481__2002_1455638231019_44655.txt,0,section_total,,DE C HIVOR (C ORPOCHIVOR),DE C HIVOR (C ORPOCHIVOR),,DE C HIVOR (C ORPOCHIVOR),DE C HIVOR (C ORPOCHIVOR),977629970.0,,unit,COP,unclear,review,0.6,docx_parser,docx_table,"Parsed from table 0, row 0"
Colombia,2002,pdf_85625e3f7481__2002_1455638231019_44655.txt,0,section_total,,DE COLOMBIA A- INGRESOS CORRIENTES,DE COLOMBIA A- INGRESOS CORRIENTES,,DE COLOMBIA A- INGRESOS CORRIENTES,DE COLOMBIA A- INGRESOS CORRIENTES,32541000000.0,,unit,COP,unclear,review,0.6,docx_parser,docx_table,"Parsed from table 0, row 0"
Colombia,2002,pdf_85625e3f7481__2002_1455638231019_44655.txt,0,section_total,,DE EDUCAC ION RURAL DE PAMPLONA,DE EDUCAC ION RURAL DE PAMPLONA,,DE EDUCAC ION RURAL DE PAMPLONA,DE EDUCAC ION RURAL DE PAMPLONA,2734270856.0,,unit,COP,unclear,review,0.6,docx_parser,docx_table,"Parsed from table 0, row 0"
Colombia,2002,pdf_85625e3f7481__2002_1455638231019_44655.txt,0,section_total,,DE ESTADISTIC A,DE ESTADISTIC A,,DE ESTADISTIC A,DE ESTADISTIC A,13733271841.0,,unit,COP,unclear,review,0.5,docx_parser,docx_table,"Parsed from table 0, row 0"
Colombia,2002,pdf_85625e3f7481__2002_1455638231019_44655.txt,0,section_total,,DE ESTUPEFAC IENTES,DE ESTUPEFAC IENTES,,DE ESTUPEFAC IENTES,DE ESTUPEFAC IENTES,8624345922.0,,unit,COP,unclear,review,0.5,docx_parser,docx_table,"Parsed from table 0, row 0"
Colombia,2002,pdf_85625e3f7481__2002_1455638231019_44655.txt,0,section_total,,DE FORMAC ION TECNIC A PROFESIONAL,DE FORMAC ION TECNIC A PROFESIONAL,,DE FORMAC ION TECNIC A PROFESIONAL,DE FORMAC ION TECNIC A PROFESIONAL,3636992606.0,,unit,COP,unclear,review,0.6,docx_parser,docx_table,"Parsed from table 0, row 0"
Colombia,2002,pdf_85625e3f7481__2002_1455638231019_44655.txt,0,section_total,,DE IMPUESTOS Y ADUANAS NACIONALES A- INGRESOS CORRIENTES,DE IMPUESTOS Y ADUANAS NACIONALES A- INGRESOS CORRIENTES,,DE IMPUESTOS Y ADUANAS NACIONALES A- INGRESOS CORRIENTES,DE IMPUESTOS Y ADUANAS NACIONALES A- INGRESOS CORRIENTES,28264167068.0,,unit,COP,unclear,review,0.5,docx_parser,docx_table,"Parsed from table 0, row 0"
Colombia,2002,pdf_85625e3f7481__2002_1455638231019_44655.txt,0,section_total,,DE LA AERONAUTICA,DE LA AERONAUTICA,,DE LA AERONAUTICA,DE LA AERONAUTICA,162376000000.0,,unit,COP,unclear,review,0.5,docx_parser,docx_table,"Parsed from table 0, row 0"
Colombia,2002,pdf_85625e3f7481__2002_1455638231019_44655.txt,0,section_total,,DE LA CIENCIA Y LA TECNOLOGIA “FRANCISCO JOSE DE CALDAS” (COLCIENCIAS) A- INGRESOS CORRIENTES,DE LA CIENCIA Y LA TECNOLOGIA “FRANCISCO JOSE DE CALDAS” (COLCIENCIAS) A- INGRESOS CORRIENTES,,DE LA CIENCIA Y LA TECNOLOGIA “FRANCISCO JOSE DE CALDAS” (COLCIENCIAS) A- INGRESOS CORRIENTES,DE LA CIENCIA Y LA TECNOLOGIA “FRANCISCO JOSE DE CALDAS” (COLCIENCIAS) A- INGRESOS CORRIENTES,4226203542.0,,unit,COP,science_agency,include,0.9,docx_parser,docx_table,"Parsed from table 0, row 0"
Colombia,2002,pdf_85625e3f7481__2002_1455638231019_44655.txt,0,section_total,,DE LA DEUDA PUBLIC A,DE LA DEUDA PUBLIC A,,DE LA DEUDA PUBLIC A,DE LA DEUDA PUBLIC A,22525484144026.0,,unit,COP,unclear,review,0.5,docx_parser,docx_table,"Parsed from table 0, row 0"
Colombia,2002,pdf_85625e3f7481__2002_1455638231019_44655.txt,0,section_total,,DE LA EDUCACION SUPERIOR (ICFES) A- INGRESOS CORRIENTES,DE LA EDUCACION SUPERIOR (ICFES) A- INGRESOS CORRIENTES,,DE LA EDUCACION SUPERIOR (ICFES) A- INGRESOS CORRIENTES,DE LA EDUCACION SUPERIOR (ICFES) A- INGRESOS CORRIENTES,41000265820.0,,unit,COP,unclear,review,0.5,docx_parser,docx_table,"Parsed from table 0, row 0"
Colombia,2002,pdf_85625e3f7481__2002_1455638231019_44655.txt,0,section_total,,DE LA NAC ION,DE LA NAC ION,,DE LA NAC ION,DE LA NAC ION,587300941946.0,,unit,COP,unclear,review,0.5,docx_parser,docx_table,"Parsed from table 0, row 0"
Colombia,2002,pdf_85625e3f7481__2002_1455638231019_44655.txt,0,section_total,,DE LA ORINO QUIA,DE LA ORINO QUIA,,DE LA ORINO QUIA,DE LA ORINO QUIA,1040096386.0,,unit,COP,unclear,review,0.5,docx_parser,docx_table,"Parsed from table 0, row 0"
Colombia,2002,pdf_85625e3f7481__2002_1455638231019_44655.txt,0,section_total,,DE LA REPUBLIC A,DE LA REPUBLIC A,,DE LA REPUBLIC A,DE LA REPUBLIC A,144892877248.0,,unit,COP,unclear,review,0.5,docx_parser,docx_table,"Parsed from table 0, row 0"
Colombia,2002,pdf_85625e3f7481__2002_1455638231019_44655.txt,0,section_total,,DE LOS VALLES DEL SINU Y SAN JORGE (CVS),DE LOS VALLES DEL SINU Y SAN JORGE (CVS),,DE LOS VALLES DEL SINU Y SAN JORGE (CVS),DE LOS VALLES DEL SINU Y SAN JORGE (CVS),107756881.0,,unit,COP,unclear,review,0.6,docx_parser,docx_table,"Parsed from table 0, row 0"
Colombia,2002,pdf_85625e3f7481__2002_1455638231019_44655.txt,0,section_total,,DE MARQUEZ,DE MARQUEZ,,DE MARQUEZ,DE MARQUEZ,171.13,,unit,COP,unclear,review,0.5,docx_parser,docx_table,"Parsed from table 0, row 0"
Colombia,2002,pdf_85625e3f7481__2002_1455638231019_44655.txt,0,section_total,,DE MEDELLIN PARA AMERIC A,DE MEDELLIN PARA AMERIC A,,DE MEDELLIN PARA AMERIC A,DE MEDELLIN PARA AMERIC A,959864622.0,,unit,COP,unclear,review,0.5,docx_parser,docx_table,"Parsed from table 0, row 0"
Colombia,2002,pdf_85625e3f7481__2002_1455638231019_44655.txt,0,section_total,,DE NARINO   (C ORPONARINO),DE NARINO   (C ORPONARINO),,DE NARINO   (C ORPONARINO),DE NARINO   (C ORPONARINO),898740942.0,,unit,COP,unclear,review,0.6,docx_parser,docx_table,"Parsed from table 0, row 0"
Colombia,2002,pdf_85625e3f7481__2002_1455638231019_44655.txt,0,section_total,,DE PAMPLONA - ISER A- INGRESOS CORRIENTES,DE PAMPLONA - ISER A- INGRESOS CORRIENTES,,DE PAMPLONA - ISER A- INGRESOS CORRIENTES,DE PAMPLONA - ISER A- INGRESOS CORRIENTES,816313522.0,,unit,COP,unclear,review,0.5,docx_parser,docx_table,"Parsed from table 0, row 0"
Colombia,2002,pdf_85625e3f7481__2002_1455638231019_44655.txt,0,section_total,,DE PESC A Y AC UICULTURA,DE PESC A Y AC UICULTURA,,DE PESC A Y AC UICULTURA,DE PESC A Y AC UICULTURA,6062138500.0,,unit,COP,unclear,review,0.5,docx_parser,docx_table,"Parsed from table 0, row 0"
Colombia,2002,pdf_85625e3f7481__2002_1455638231019_44655.txt,0,section_total,,DE PLANEACION,DE PLANEACION,,DE PLANEACION,DE PLANEACION,22680501227.0,,unit,COP,unclear,review,0.5,docx_parser,docx_table,"Parsed from table 0, row 0"
Colombia,2002,pdf_85625e3f7481__2002_1455638231019_44655.txt,0,section_total,,DE PLANIFICACION Y PROMOCION DE SOLUC IONES ENERGETICAS,DE PLANIFICACION Y PROMOCION DE SOLUC IONES ENERGETICAS,,DE PLANIFICACION Y PROMOCION DE SOLUC IONES ENERGETICAS,DE PLANIFICACION Y PROMOCION DE SOLUC IONES ENERGETICAS,38328709000.0,,unit,COP,unclear,review,0.5,docx_parser,docx_table,"Parsed from table 0, row 0"
Colombia,2002,pdf_85625e3f7481__2002_1455638231019_44655.txt,0,section_total,,DE ROLDANILLO A- INGRESOS CORRIENTES,DE ROLDANILLO A- INGRESOS CORRIENTES,,DE ROLDANILLO A- INGRESOS CORRIENTES,DE ROLDANILLO A- INGRESOS CORRIENTES,320000000.0,,unit,COP,unclear,review,0.5,docx_parser,docx_table,"Parsed from table 0, row 0"
Colombia,2002,pdf_85625e3f7481__2002_1455638231019_44655.txt,0,section_total,,DE SALUD (INS),DE SALUD (INS),,DE SALUD (INS),DE SALUD (INS),8753548670.0,,unit,COP,unclear,review,0.5,docx_parser,docx_table,"Parsed from table 0, row 0"
Colombia,2002,pdf_85625e3f7481__2002_1455638231019_44655.txt,0,section_total,,DE SAN ANDRES Y PROVIDENCIA A- INGRESOS CORRIENTES,DE SAN ANDRES Y PROVIDENCIA A- INGRESOS CORRIENTES,,DE SAN ANDRES Y PROVIDENCIA A- INGRESOS CORRIENTES,DE SAN ANDRES Y PROVIDENCIA A- INGRESOS CORRIENTES,264405360.0,,unit,COP,unclear,review,0.5,docx_parser,docx_table,"Parsed from table 0, row 0"
Colombia,2002,pdf_85625e3f7481__2002_1455638231019_44655.txt,0,section_total,,DE SAN JUAN DEL CESAR A- INGRESOS CORRIENTES,DE SAN JUAN DEL CESAR A- INGRESOS CORRIENTES,,DE SAN JUAN DEL CESAR A- INGRESOS CORRIENTES,DE SAN JUAN DEL CESAR A- INGRESOS CORRIENTES,210900000.0,,unit,COP,unclear,review,0.5,docx_parser,docx_table,"Parsed from table 0, row 0"
Colombia,2002,pdf_85625e3f7481__2002_1455638231019_44655.txt,0,section_total,,DE SANTANDER,DE SANTANDER,,DE SANTANDER,DE SANTANDER,1082993880.0,,unit,COP,unclear,review,0.5,docx_parser,docx_table,"Parsed from table 0, row 0"
Colombia,2002,pdf_85625e3f7481__2002_1455638231019_44655.txt,0,section_total,,DE SOLUCIONES ENERGETICAS - IPSE A- INGRESOS CORRIENTES,DE SOLUCIONES ENERGETICAS - IPSE A- INGRESOS CORRIENTES,,DE SOLUCIONES ENERGETICAS - IPSE A- INGRESOS CORRIENTES,DE SOLUCIONES ENERGETICAS - IPSE A- INGRESOS CORRIENTES,4638500000.0,,unit,COP,unclear,review,0.6,docx_parser,docx_table,"Parsed from table 0, row 0"
Colombia,2002,pdf_85625e3f7481__2002_1455638231019_44655.txt,0,section_total,,DE VIGILANCIA DE MEDICAMENTOS Y ALIMENTO S,DE VIGILANCIA DE MEDICAMENTOS Y ALIMENTO S,,DE VIGILANCIA DE MEDICAMENTOS Y ALIMENTO S,DE VIGILANCIA DE MEDICAMENTOS Y ALIMENTO S,4527810202.0,,unit,COP,unclear,review,0.6,docx_parser,docx_table,"Parsed from table 0, row 0"
Colombia,2002,pdf_85625e3f7481__2002_1455638231019_44655.txt,0,section_total,,DE VIVIENDA DE INTERES SOC IAL Y REFORMA,DE VIVIENDA DE INTERES SOC IAL Y REFORMA,,DE VIVIENDA DE INTERES SOC IAL Y REFORMA,DE VIVIENDA DE INTERES SOC IAL Y REFORMA,16451487000.0,,unit,COP,unclear,review,0.5,docx_parser,docx_table,"Parsed from table 0, row 0"
Colombia,2002,pdf_85625e3f7481__2002_1455638231019_44655.txt,0,section_total,,DEFENSA C IVIL,DEFENSA C IVIL,,DEFENSA C IVIL,DEFENSA C IVIL,600000000.0,,unit,COP,unclear,review,0.6,docx_parser,docx_table,"Parsed from table 0, row 0"
Colombia,2002,pdf_85625e3f7481__2002_1455638231019_44655.txt,0,section_total,,DEFENSA Y SEG URIDAD INTERNA,DEFENSA Y SEG URIDAD INTERNA,,DEFENSA Y SEG URIDAD INTERNA,DEFENSA Y SEG URIDAD INTERNA,237053966000.0,,unit,COP,unclear,review,0.6,docx_parser,docx_table,"Parsed from table 0, row 0"
Colombia,2002,pdf_85625e3f7481__2002_1455638231019_44655.txt,0,section_total,,DEFENSA Y SEGURIDAD INTERNA,DEFENSA Y SEGURIDAD INTERNA,,DEFENSA Y SEGURIDAD INTERNA,DEFENSA Y SEGURIDAD INTERNA,44879800000.0,,unit,COP,unclear,review,0.6,docx_parser,docx_table,"Parsed from table 0, row 0"
Colombia,2002,pdf_85625e3f7481__2002_1455638231019_44655.txt,0,section_total,,DEFENSORIA DEL PUEBLO,DEFENSORIA DEL PUEBLO,,DEFENSORIA DEL PUEBLO,DEFENSORIA DEL PUEBLO,36431094152.0,,unit,COP,unclear,review,0.6,docx_parser,docx_table,"Parsed from table 0, row 0"
Colombia,2002,pdf_85625e3f7481__2002_1455638231019_44655.txt,0,section_total,,DEL C ANAL DEL DIQUE  (C ARDIQUE),DEL C ANAL DEL DIQUE  (C ARDIQUE),,DEL C ANAL DEL DIQUE  (C ARDIQUE),DEL C ANAL DEL DIQUE  (C ARDIQUE),1123212675.0,,unit,COP,unclear,review,0.5,docx_parser,docx_table,"Parsed from table 0, row 0"
Colombia,2002,pdf_85625e3f7481__2002_1455638231019_44655.txt,0,section_total,,DEL C AUCA  (C RC ),DEL C AUCA  (C RC ),,DEL C AUCA  (C RC ),DEL C AUCA  (C RC ),2607555288.0,,unit,COP,unclear,review,0.5,docx_parser,docx_table,"Parsed from table 0, row 0"
Colombia,2002,pdf_85625e3f7481__2002_1455638231019_44655.txt,0,section_total,,DEL CASTILLO,DEL CASTILLO,,DEL CASTILLO,DEL CASTILLO,149.852696,,unit,COP,unclear,review,0.5,docx_parser,docx_table,"Parsed from table 0, row 0"
Colombia,2002,pdf_85625e3f7481__2002_1455638231019_44655.txt,0,section_total,,DEL DEREC HO DE AUTO R,DEL DEREC HO DE AUTO R,,DEL DEREC HO DE AUTO R,DEL DEREC HO DE AUTO R,1086597344.0,,unit,COP,unclear,review,0.5,docx_parser,docx_table,"Parsed from table 0, row 0"
Colombia,2002,pdf_85625e3f7481__2002_1455638231019_44655.txt,0,section_total,,DEL ESTADO,DEL ESTADO,,DEL ESTADO,DEL ESTADO,219936402630.0,,unit,COP,unclear,review,0.5,docx_parser,docx_table,"Parsed from table 0, row 0"
Colombia,2002,pdf_85625e3f7481__2002_1455638231019_44655.txt,0,section_total,,DEL MAGDALENA,DEL MAGDALENA,,DEL MAGDALENA,DEL MAGDALENA,1793504795.0,,unit,COP,unclear,review,0.5,docx_parser,docx_table,"Parsed from table 0, row 0"
Colombia,2002,pdf_85625e3f7481__2002_1455638231019_44655.txt,0,section_total,,DEL MINISTERIO DE EDUCAC ION NAC IONAL,DEL MINISTERIO DE EDUCAC ION NAC IONAL,,DEL MINISTERIO DE EDUCAC ION NAC IONAL,DEL MINISTERIO DE EDUCAC ION NAC IONAL,399667788.0,,unit,COP,unclear,review,0.6,docx_parser,docx_table,"Parsed from table 0, row 0"
Colombia,2002,pdf_85625e3f7481__2002_1455638231019_44655.txt,0,section_total,,DEL QUINDIO  (C RQ),DEL QUINDIO  (C RQ),,DEL QUINDIO  (C RQ),DEL QUINDIO  (C RQ),2506734789.0,,unit,COP,unclear,review,0.5,docx_parser,docx_table,"Parsed from table 0, row 0"
Colombia,2002,pdf_85625e3f7481__2002_1455638231019_44655.txt,0,section_total,,DEL REC URSO HUMANO,DEL REC URSO HUMANO,,DEL REC URSO HUMANO,DEL REC URSO HUMANO,888437750000.0,,unit,COP,unclear,review,0.5,docx_parser,docx_table,"Parsed from table 0, row 0"
Colombia,2002,pdf_85625e3f7481__2002_1455638231019_44655.txt,0,section_total,,DEL ROSARIO,DEL ROSARIO,,DEL ROSARIO,DEL ROSARIO,19.408553,,unit,COP,unclear,review,0.5,docx_parser,docx_table,"Parsed from table 0, row 0"
Colombia,2002,pdf_85625e3f7481__2002_1455638231019_44655.txt,0,section_total,,DEL SUR DE BOLIVAR,DEL SUR DE BOLIVAR,,DEL SUR DE BOLIVAR,DEL SUR DE BOLIVAR,1000345040.0,,unit,COP,unclear,review,0.5,docx_parser,docx_table,"Parsed from table 0, row 0"
Colombia,2002,pdf_85625e3f7481__2002_1455638231019_44655.txt,0,section_total,,DEPARTAMENTO ADMINISTRATIVO DE LA FUNC ION PUBLIC A,DEPARTAMENTO ADMINISTRATIVO DE LA FUNC ION PUBLIC A,,DEPARTAMENTO ADMINISTRATIVO DE LA FUNC ION PUBLIC A,DEPARTAMENTO ADMINISTRATIVO DE LA FUNC ION PUBLIC A,7373017000.0,,unit,COP,unclear,review,0.6,docx_parser,docx_table,"Parsed from table 0, row 0"
Colombia,2002,pdf_85625e3f7481__2002_1455638231019_44655.txt,0,section_total,,DEPARTAMENTO ADMINISTRATIVO DE SEGURIDAD,DEPARTAMENTO ADMINISTRATIVO DE SEGURIDAD,,DEPARTAMENTO ADMINISTRATIVO DE SEGURIDAD,DEPARTAMENTO ADMINISTRATIVO DE SEGURIDAD,145952272999.0,,unit,COP,unclear,review,0.6,docx_parser,docx_table,"Parsed from table 0, row 0"
Colombia,2002,pdf_85625e3f7481__2002_1455638231019_44655.txt,0,section_total,,"DIVULGAC ION, ASISTENCIA TECNICA Y CAPAC ITACION DEL REC URSO HUMANO","DIVULGAC ION, ASISTENCIA TECNICA Y CAPAC ITACION DEL REC URSO HUMANO",,"DIVULGAC ION, ASISTENCIA TECNICA Y CAPAC ITACION DEL REC URSO HUMANO","DIVULGAC ION, ASISTENCIA TECNICA Y CAPAC ITACION DEL REC URSO HUMANO",20200000000.0,,unit,COP,unclear,review,0.5,docx_parser,docx_table,"Parsed from table 0, row 0"
Colombia,2002,pdf_85625e3f7481__2002_1455638231019_44655.txt,0,section_total,,DOMICILIARIOS A- INGRESOS CORRIENTES,DOMICILIARIOS A- INGRESOS CORRIENTES,,DOMICILIARIOS A- INGRESOS CORRIENTES,DOMICILIARIOS A- INGRESOS CORRIENTES,28112491507.0,,unit,COP,unclear,review,0.5,docx_parser,docx_table,"Parsed from table 0, row 0"
Colombia,2002,pdf_85625e3f7481__2002_1455638231019_44655.txt,0,section_total,,ECHAVARRIA,ECHAVARRIA,,ECHAVARRIA,ECHAVARRIA,509.428,,unit,COP,unclear,review,0.5,docx_parser,docx_table,"Parsed from table 0, row 0"
Colombia,2002,pdf_85625e3f7481__2002_1455638231019_44655.txt,0,section_total,,ECHEVERRIA,ECHEVERRIA,,ECHEVERRIA,ECHEVERRIA,935.89,,unit,COP,unclear,review,0.5,docx_parser,docx_table,"Parsed from table 0, row 0"
Colombia,2002,pdf_85625e3f7481__2002_1455638231019_44655.txt,0,section_total,,EDUCAC ION ESPECIAL,EDUCAC ION ESPECIAL,,EDUCAC ION ESPECIAL,EDUCAC ION ESPECIAL,685900000.0,,unit,COP,unclear,review,0.6,docx_parser,docx_table,"Parsed from table 0, row 0"
Colombia,2002,pdf_85625e3f7481__2002_1455638231019_44655.txt,0,section_total,,EDUCAC ION SECUNDARIA,EDUCAC ION SECUNDARIA,,EDUCAC ION SECUNDARIA,EDUCAC ION SECUNDARIA,1443390000.0,,unit,COP,unclear,review,0.5,docx_parser,docx_table,"Parsed from table 0, row 0"
Colombia,2002,pdf_85625e3f7481__2002_1455638231019_44655.txt,0,section_total,,EDUCAC ION SUPERIOR,EDUCAC ION SUPERIOR,,EDUCAC ION SUPERIOR,EDUCAC ION SUPERIOR,126059349000.0,,unit,COP,unclear,review,0.5,docx_parser,docx_table,"Parsed from table 0, row 0"
Colombia,2002,pdf_85625e3f7481__2002_1455638231019_44655.txt,0,section_total,,ELIECER GAITAN” A- INGRESOS CORRIENTES,ELIECER GAITAN” A- INGRESOS CORRIENTES,,ELIECER GAITAN” A- INGRESOS CORRIENTES,ELIECER GAITAN” A- INGRESOS CORRIENTES,7400000.0,,unit,COP,unclear,review,0.5,docx_parser,docx_table,"Parsed from table 0, row 0"
Colombia,2002,pdf_85625e3f7481__2002_1455638231019_44655.txt,0,section_total,,ESTUDIOS DE PREINVERSION,ESTUDIOS DE PREINVERSION,,ESTUDIOS DE PREINVERSION,ESTUDIOS DE PREINVERSION,9800000000.0,,unit,COP,unclear,review,0.5,docx_parser,docx_table,"Parsed from table 0, row 0"
Colombia,2002,pdf_85625e3f7481__2002_1455638231019_44655.txt,0,section_total,,FINANCIEROS,FINANCIEROS,,FINANCIEROS,FINANCIEROS,36887087000.0,,unit,COP,unclear,review,0.5,docx_parser,docx_table,"Parsed from table 0, row 0"
Colombia,2002,pdf_85625e3f7481__2002_1455638231019_44655.txt,0,section_total,,FO NDO PARA LA REC ONSTRUCC ION Y DESARROLLO SO CIAL DEL EJE C AFETERO,FO NDO PARA LA REC ONSTRUCC ION Y DESARROLLO SO CIAL DEL EJE C AFETERO,,FO NDO PARA LA REC ONSTRUCC ION Y DESARROLLO SO CIAL DEL EJE C AFETERO,FO NDO PARA LA REC ONSTRUCC ION Y DESARROLLO SO CIAL DEL EJE C AFETERO,2330210792.0,,unit,COP,unclear,review,0.6,docx_parser,docx_table,"Parsed from table 0, row 0"
Colombia,2002,pdf_85625e3f7481__2002_1455638231019_44655.txt,0,section_total,,FO NDO ROTATO RIO,FO NDO ROTATO RIO,,FO NDO ROTATO RIO,FO NDO ROTATO RIO,990684915.0,,unit,COP,unclear,review,0.5,docx_parser,docx_table,"Parsed from table 0, row 0"
Colombia,2002,pdf_85625e3f7481__2002_1455638231019_44655.txt,0,section_total,,FONDO  NAC IONAL,FONDO  NAC IONAL,,FONDO  NAC IONAL,FONDO  NAC IONAL,9874000000.0,,unit,COP,unclear,review,0.5,docx_parser,docx_table,"Parsed from table 0, row 0"
Colombia,2002,pdf_85625e3f7481__2002_1455638231019_44655.txt,0,section_total,,FONDO DE C OMUNIC AC IONES,FONDO DE C OMUNIC AC IONES,,FONDO DE C OMUNIC AC IONES,FONDO DE C OMUNIC AC IONES,4339500000.0,,unit,COP,unclear,review,0.5,docx_parser,docx_table,"Parsed from table 0, row 0"
Colombia,2002,pdf_85625e3f7481__2002_1455638231019_44655.txt,0,section_total,,FONDO DE COFINANCIACION PARA LA INVERSION,FONDO DE COFINANCIACION PARA LA INVERSION,,FONDO DE COFINANCIACION PARA LA INVERSION,FONDO DE COFINANCIACION PARA LA INVERSION,4853934649.0,,unit,COP,unclear,review,0.5,docx_parser,docx_table,"Parsed from table 0, row 0"
Colombia,2002,pdf_85625e3f7481__2002_1455638231019_44655.txt,0,section_total,,FONDO DE PREVISION SOC IAL DEL C ONGRESO,FONDO DE PREVISION SOC IAL DEL C ONGRESO,,FONDO DE PREVISION SOC IAL DEL C ONGRESO,FONDO DE PREVISION SOC IAL DEL C ONGRESO,135815646000.0,,unit,COP,unclear,review,0.6,docx_parser,docx_table,"Parsed from table 0, row 0"
Colombia,2002,pdf_85625e3f7481__2002_1455638231019_44655.txt,0,section_total,,FONDO NAC IONAL DE C AMINOS VEC INALES,FONDO NAC IONAL DE C AMINOS VEC INALES,,FONDO NAC IONAL DE C AMINOS VEC INALES,FONDO NAC IONAL DE C AMINOS VEC INALES,8084306000.0,,unit,COP,unclear,review,0.6,docx_parser,docx_table,"Parsed from table 0, row 0"
Colombia,2002,pdf_85625e3f7481__2002_1455638231019_44655.txt,0,section_total,,FONDO PARA LA PARTIC IPAC ION C IUDADANA Y EL FORTALEC IMIENTO DEMOCRATIC O,FONDO PARA LA PARTIC IPAC ION C IUDADANA Y EL FORTALEC IMIENTO DEMOCRATIC O,,FONDO PARA LA PARTIC IPAC ION C IUDADANA Y EL FORTALEC IMIENTO DEMOCRATIC O,FONDO PARA LA PARTIC IPAC ION C IUDADANA Y EL FORTALEC IMIENTO DEMOCRATIC O,1027006170.0,,unit,COP,unclear,review,0.6,docx_parser,docx_table,"Parsed from table 0, row 0"
Colombia,2002,pdf_85625e3f7481__2002_1455638231019_44655.txt,0,section_total,,FONDO PASIVO SOC IAL DE FERROC ARRILES NAC IONALES DE C OLOMBIA,FONDO PASIVO SOC IAL DE FERROC ARRILES NAC IONALES DE C OLOMBIA,,FONDO PASIVO SOC IAL DE FERROC ARRILES NAC IONALES DE C OLOMBIA,FONDO PASIVO SOC IAL DE FERROC ARRILES NAC IONALES DE C OLOMBIA,258642124000.0,,unit,COP,unclear,review,0.6,docx_parser,docx_table,"Parsed from table 0, row 0"
Colombia,2002,pdf_85625e3f7481__2002_1455638231019_44655.txt,0,section_total,,FONDO ROTATORIO DE LA POLIC IA,FONDO ROTATORIO DE LA POLIC IA,,FONDO ROTATORIO DE LA POLIC IA,FONDO ROTATORIO DE LA POLIC IA,257774093000.0,,unit,COP,unclear,review,0.6,docx_parser,docx_table,"Parsed from table 0, row 0"
Colombia,2002,pdf_85625e3f7481__2002_1455638231019_44655.txt,0,section_total,,FONDO ROTATORIO DE LA REG ISTRADURIA,FONDO ROTATORIO DE LA REG ISTRADURIA,,FONDO ROTATORIO DE LA REG ISTRADURIA,FONDO ROTATORIO DE LA REG ISTRADURIA,12823097597.0,,unit,COP,unclear,review,0.6,docx_parser,docx_table,"Parsed from table 0, row 0"
Colombia,2002,pdf_85625e3f7481__2002_1455638231019_44655.txt,0,section_total,,FONDO ROTATORIO DEL EJERCITO,FONDO ROTATORIO DEL EJERCITO,,FONDO ROTATORIO DEL EJERCITO,FONDO ROTATORIO DEL EJERCITO,140716296460.0,,unit,COP,unclear,review,0.6,docx_parser,docx_table,"Parsed from table 0, row 0"
Colombia,2002,pdf_85625e3f7481__2002_1455638231019_44655.txt,0,section_total,,FUNCIO NARIOS DEL ESTADO PARA APOYO A LA ADMINISTRAC ION,FUNCIO NARIOS DEL ESTADO PARA APOYO A LA ADMINISTRAC ION,,FUNCIO NARIOS DEL ESTADO PARA APOYO A LA ADMINISTRAC ION,FUNCIO NARIOS DEL ESTADO PARA APOYO A LA ADMINISTRAC ION,1500000000.0,,unit,COP,unclear,review,0.5,docx_parser,docx_table,"Parsed from table 0, row 0"
Colombia,2002,pdf_85625e3f7481__2002_1455638231019_44655.txt,0,section_total,,FUNCIONARIOS DEL ESTADO PARA APOYO A LA ADMINISTRAC ION,FUNCIONARIOS DEL ESTADO PARA APOYO A LA ADMINISTRAC ION,,FUNCIONARIOS DEL ESTADO PARA APOYO A LA ADMINISTRAC ION,FUNCIONARIOS DEL ESTADO PARA APOYO A LA ADMINISTRAC ION,11044690000.0,,unit,COP,unclear,review,0.5,docx_parser,docx_table,"Parsed from table 0, row 0"
Colombia,2002,pdf_85625e3f7481__2002_1455638231019_44655.txt,0,section_total,,GENERAC ION ELEC TRIC A,GENERAC ION ELEC TRIC A,,GENERAC ION ELEC TRIC A,GENERAC ION ELEC TRIC A,2081459000.0,,unit,COP,unclear,review,0.5,docx_parser,docx_table,"Parsed from table 0, row 0"
Colombia,2002,pdf_85625e3f7481__2002_1455638231019_44655.txt,0,section_total,,GENERAL DE LA REPUBLICA A- INGRESOS CORRIENTES,GENERAL DE LA REPUBLICA A- INGRESOS CORRIENTES,,GENERAL DE LA REPUBLICA A- INGRESOS CORRIENTES,GENERAL DE LA REPUBLICA A- INGRESOS CORRIENTES,568084541.0,,unit,COP,unclear,review,0.5,docx_parser,docx_table,"Parsed from table 0, row 0"
Colombia,2002,pdf_85625e3f7481__2002_1455638231019_44655.txt,0,section_total,,"GEOCIENTIFICA, MINERO AMBIENTAL Y NUCLEAR - INGEOMINAS A- INGRESOS CORRIENTES","GEOCIENTIFICA, MINERO AMBIENTAL Y NUCLEAR - INGEOMINAS A- INGRESOS CORRIENTES",,"GEOCIENTIFICA, MINERO AMBIENTAL Y NUCLEAR - INGEOMINAS A- INGRESOS CORRIENTES","GEOCIENTIFICA, MINERO AMBIENTAL Y NUCLEAR - INGEOMINAS A- INGRESOS CORRIENTES",8525538000.0,,unit,COP,unclear,review,0.6,docx_parser,docx_table,"Parsed from table 0, row 0"
Colombia,2002,pdf_85625e3f7481__2002_1455638231019_44655.txt,0,section_total,,GEOG RAFIC O AGUSTIN C ODAZZI - IGAC,GEOG RAFIC O AGUSTIN C ODAZZI - IGAC,,GEOG RAFIC O AGUSTIN C ODAZZI - IGAC,GEOG RAFIC O AGUSTIN C ODAZZI - IGAC,24773798980.0,,unit,COP,unclear,review,0.5,docx_parser,docx_table,"Parsed from table 0, row 0"
Colombia,2002,pdf_85625e3f7481__2002_1455638231019_44655.txt,0,section_total,,HINESTROSA HINESTROSA,HINESTROSA HINESTROSA,,HINESTROSA HINESTROSA,HINESTROSA HINESTROSA,171.13,,unit,COP,unclear,review,0.5,docx_parser,docx_table,"Parsed from table 0, row 0"
Colombia,2002,pdf_85625e3f7481__2002_1455638231019_44655.txt,0,section_total,,II  - INGRESOS DE LOS ESTABLECIMIENTOS PUBLICOS,II  - INGRESOS DE LOS ESTABLECIMIENTOS PUBLICOS,,II  - INGRESOS DE LOS ESTABLECIMIENTOS PUBLICOS,II  - INGRESOS DE LOS ESTABLECIMIENTOS PUBLICOS,4664284550141.0,,unit,COP,unclear,review,0.5,docx_parser,docx_table,"Parsed from table 0, row 0"
Colombia,2002,pdf_85625e3f7481__2002_1455638231019_44655.txt,0,section_total,,III  - TOTAL  INGRESOS,III  - TOTAL  INGRESOS,,III  - TOTAL  INGRESOS,III  - TOTAL  INGRESOS,62910550238075.0,,unit,COP,unclear,review,0.5,docx_parser,docx_table,"Parsed from table 0, row 0"
Colombia,2002,pdf_85625e3f7481__2002_1455638231019_44655.txt,0,section_total,,IMPRENTA NACIONAL DE COLOMBIA - 2001,IMPRENTA NACIONAL DE COLOMBIA - 2001,,IMPRENTA NACIONAL DE COLOMBIA - 2001,IMPRENTA NACIONAL DE COLOMBIA - 2001,2000.0,,unit,COP,unclear,review,0.6,docx_parser,docx_table,"Parsed from table 0, row 0"
Colombia,2002,pdf_85625e3f7481__2002_1455638231019_44655.txt,0,section_total,,INTERSUBSEC TORIAL,INTERSUBSEC TORIAL,,INTERSUBSEC TORIAL,INTERSUBSEC TORIAL,151816206000.0,,unit,COP,unclear,review,0.5,docx_parser,docx_table,"Parsed from table 0, row 0"
Colombia,2002,pdf_85625e3f7481__2002_1455638231019_44655.txt,0,section_total,,INTERSUBSEC TORIAL AGROPECUARIO,INTERSUBSEC TORIAL AGROPECUARIO,,INTERSUBSEC TORIAL AGROPECUARIO,INTERSUBSEC TORIAL AGROPECUARIO,2000000000.0,,unit,COP,unclear,review,0.5,docx_parser,docx_table,"Parsed from table 0, row 0"
Colombia,2002,pdf_85625e3f7481__2002_1455638231019_44655.txt,0,section_total,,INTERSUBSEC TORIAL DESARROLLO COMUNITARIO,INTERSUBSEC TORIAL DESARROLLO COMUNITARIO,,INTERSUBSEC TORIAL DESARROLLO COMUNITARIO,INTERSUBSEC TORIAL DESARROLLO COMUNITARIO,45000000000.0,,unit,COP,unclear,review,0.5,docx_parser,docx_table,"Parsed from table 0, row 0"
Colombia,2002,pdf_85625e3f7481__2002_1455638231019_44655.txt,0,section_total,,INTERSUBSEC TORIAL GOBIERNO,INTERSUBSEC TORIAL GOBIERNO,,INTERSUBSEC TORIAL GOBIERNO,INTERSUBSEC TORIAL GOBIERNO,1235022000000.0,,unit,COP,unclear,review,0.6,docx_parser,docx_table,"Parsed from table 0, row 0"
Colombia,2002,pdf_85625e3f7481__2002_1455638231019_44655.txt,0,section_total,,INTERSUBSEC TORIAL JUSTICIA,INTERSUBSEC TORIAL JUSTICIA,,INTERSUBSEC TORIAL JUSTICIA,INTERSUBSEC TORIAL JUSTICIA,1500000000.0,,unit,COP,unclear,review,0.5,docx_parser,docx_table,"Parsed from table 0, row 0"
Colombia,2002,pdf_85625e3f7481__2002_1455638231019_44655.txt,0,section_total,,INTERSUBSEC TORIAL SALUD,INTERSUBSEC TORIAL SALUD,,INTERSUBSEC TORIAL SALUD,INTERSUBSEC TORIAL SALUD,13928000000.0,,unit,COP,unclear,review,0.5,docx_parser,docx_table,"Parsed from table 0, row 0"
Colombia,2002,pdf_85625e3f7481__2002_1455638231019_44655.txt,0,section_total,,INTERSUBSECTO RIAL EDUC ACION,INTERSUBSECTO RIAL EDUC ACION,,INTERSUBSECTO RIAL EDUC ACION,INTERSUBSECTO RIAL EDUC ACION,106232000.0,,unit,COP,unclear,review,0.5,docx_parser,docx_table,"Parsed from table 0, row 0"
Colombia,2002,pdf_85625e3f7481__2002_1455638231019_44655.txt,0,section_total,,INTERSUBSECTORIAL,INTERSUBSECTORIAL,,INTERSUBSECTORIAL,INTERSUBSECTORIAL,11744000000.0,,unit,COP,unclear,review,0.5,docx_parser,docx_table,"Parsed from table 0, row 0"
Colombia,2002,pdf_85625e3f7481__2002_1455638231019_44655.txt,0,section_total,,INTERSUBSECTORIAL AG ROPEC UARIO,INTERSUBSECTORIAL AG ROPEC UARIO,,INTERSUBSECTORIAL AG ROPEC UARIO,INTERSUBSECTORIAL AG ROPEC UARIO,90291760000.0,,unit,COP,unclear,review,0.6,docx_parser,docx_table,"Parsed from table 0, row 0"
Colombia,2002,pdf_85625e3f7481__2002_1455638231019_44655.txt,0,section_total,,INTERSUBSECTORIAL C OMUNIC AC IONES,INTERSUBSECTORIAL C OMUNIC AC IONES,,INTERSUBSECTORIAL C OMUNIC AC IONES,INTERSUBSECTORIAL C OMUNIC AC IONES,100055299000.0,,unit,COP,unclear,review,0.6,docx_parser,docx_table,"Parsed from table 0, row 0"
Colombia,2002,pdf_85625e3f7481__2002_1455638231019_44655.txt,0,section_total,,INTERSUBSECTORIAL EDUCACION,INTERSUBSECTORIAL EDUCACION,,INTERSUBSECTORIAL EDUCACION,INTERSUBSECTORIAL EDUCACION,48540000000.0,,unit,COP,unclear,review,0.6,docx_parser,docx_table,"Parsed from table 0, row 0"
Colombia,2002,pdf_85625e3f7481__2002_1455638231019_44655.txt,0,section_total,,INTERSUBSECTORIAL ENERGIA,INTERSUBSECTORIAL ENERGIA,,INTERSUBSECTORIAL ENERGIA,INTERSUBSECTORIAL ENERGIA,129600000000.0,,unit,COP,unclear,review,0.5,docx_parser,docx_table,"Parsed from table 0, row 0"
Colombia,2002,pdf_85625e3f7481__2002_1455638231019_44655.txt,0,section_total,,INTERSUBSECTORIAL GOBIERNO,INTERSUBSECTORIAL GOBIERNO,,INTERSUBSECTORIAL GOBIERNO,INTERSUBSECTORIAL GOBIERNO,997072118000.0,,unit,COP,unclear,review,0.6,docx_parser,docx_table,"Parsed from table 0, row 0"
Colombia,2002,pdf_85625e3f7481__2002_1455638231019_44655.txt,0,section_total,,INTERSUBSECTORIAL JUSTIC IA,INTERSUBSECTORIAL JUSTIC IA,,INTERSUBSECTORIAL JUSTIC IA,INTERSUBSECTORIAL JUSTIC IA,4085446000.0,,unit,COP,unclear,review,0.5,docx_parser,docx_table,"Parsed from table 0, row 0"
Colombia,2002,pdf_85625e3f7481__2002_1455638231019_44655.txt,0,section_total,,INTERSUBSECTORIAL SANEAMIENTO,INTERSUBSECTORIAL SANEAMIENTO,,INTERSUBSECTORIAL SANEAMIENTO,INTERSUBSECTORIAL SANEAMIENTO,56540500000.0,,unit,COP,unclear,review,0.6,docx_parser,docx_table,"Parsed from table 0, row 0"
Colombia,2002,pdf_85625e3f7481__2002_1455638231019_44655.txt,0,section_total,,INTERSUBSECTORIAL TRABAJO  Y,INTERSUBSECTORIAL TRABAJO  Y,,INTERSUBSECTORIAL TRABAJO  Y,INTERSUBSECTORIAL TRABAJO  Y,4080000000.0,,unit,COP,unclear,review,0.5,docx_parser,docx_table,"Parsed from table 0, row 0"
Colombia,2002,pdf_85625e3f7481__2002_1455638231019_44655.txt,0,section_total,,INTERSUBSECTORIAL TRANSPO RTE,INTERSUBSECTORIAL TRANSPO RTE,,INTERSUBSECTORIAL TRANSPO RTE,INTERSUBSECTORIAL TRANSPO RTE,65691794000.0,,unit,COP,unclear,review,0.5,docx_parser,docx_table,"Parsed from table 0, row 0"
Colombia,2002,pdf_85625e3f7481__2002_1455638231019_44655.txt,0,section_total,,INTERSUBSECTORIAL TRANSPORTE,INTERSUBSECTORIAL TRANSPORTE,,INTERSUBSECTORIAL TRANSPORTE,INTERSUBSECTORIAL TRANSPORTE,131143840000.0,,unit,COP,unclear,review,0.6,docx_parser,docx_table,"Parsed from table 0, row 0"
Colombia,2002,pdf_85625e3f7481__2002_1455638231019_44655.txt,0,section_total,,INTERSUBSECTORIAL VIVIENDA,INTERSUBSECTORIAL VIVIENDA,,INTERSUBSECTORIAL VIVIENDA,INTERSUBSECTORIAL VIVIENDA,3540000000.0,,unit,COP,unclear,review,0.6,docx_parser,docx_table,"Parsed from table 0, row 0"
Colombia,2002,pdf_85625e3f7481__2002_1455638231019_44655.txt,0,section_total,,"INVESTIGAC ION BASIC A, APLIC ADA Y ESTUDIOS","INVESTIGAC ION BASIC A, APLIC ADA Y ESTUDIOS",,"INVESTIGAC ION BASIC A, APLIC ADA Y ESTUDIOS","INVESTIGAC ION BASIC A, APLIC ADA Y ESTUDIOS",2000000000.0,,unit,COP,unclear,review,0.5,docx_parser,docx_table,"Parsed from table 0, row 0"
Colombia,2002,pdf_85625e3f7481__2002_1455638231019_44655.txt,0,section_total,,"INVESTIGACION BASICA, APLICADA Y ESTUDIOS","INVESTIGACION BASICA, APLICADA Y ESTUDIOS",,"INVESTIGACION BASICA, APLICADA Y ESTUDIOS","INVESTIGACION BASICA, APLICADA Y ESTUDIOS",106874000000.0,,unit,COP,science_agency,include,0.9,docx_parser,docx_table,"Parsed from table 0, row 0"
Colombia,2002,pdf_85625e3f7481__2002_1455638231019_44655.txt,0,section_total,,"JOSE DE C ALDAS""","JOSE DE C ALDAS""",,"JOSE DE C ALDAS""","JOSE DE C ALDAS""",5932400646.0,,unit,COP,unclear,review,0.5,docx_parser,docx_table,"Parsed from table 0, row 0"
Colombia,2002,pdf_85625e3f7481__2002_1455638231019_44655.txt,0,section_total,,LA MAC ARENA,LA MAC ARENA,,LA MAC ARENA,LA MAC ARENA,1202007734.0,,unit,COP,unclear,review,0.5,docx_parser,docx_table,"Parsed from table 0, row 0"
Colombia,2002,pdf_85625e3f7481__2002_1455638231019_44655.txt,0,section_total,,LEVANTAMIENTO DE INFORMACIO N PARA PROC ESAMIENTO,LEVANTAMIENTO DE INFORMACIO N PARA PROC ESAMIENTO,,LEVANTAMIENTO DE INFORMACIO N PARA PROC ESAMIENTO,LEVANTAMIENTO DE INFORMACIO N PARA PROC ESAMIENTO,9930000000.0,,unit,COP,unclear,review,0.5,docx_parser,docx_table,"Parsed from table 0, row 0"
Colombia,2002,pdf_85625e3f7481__2002_1455638231019_44655.txt,0,section_total,,LEVANTAMIENTO DE INFORMACION PARA PROCESAMIENTO,LEVANTAMIENTO DE INFORMACION PARA PROCESAMIENTO,,LEVANTAMIENTO DE INFORMACION PARA PROCESAMIENTO,LEVANTAMIENTO DE INFORMACION PARA PROCESAMIENTO,7792000000.0,,unit,COP,unclear,review,0.5,docx_parser,docx_table,"Parsed from table 0, row 0"
Colombia,2002,pdf_85625e3f7481__2002_1455638231019_44655.txt,0,section_total,,MANEJO Y C ONTROL DE RESIDUOS SO LIDO S Y LIQUIDOS,MANEJO Y C ONTROL DE RESIDUOS SO LIDO S Y LIQUIDOS,,MANEJO Y C ONTROL DE RESIDUOS SO LIDO S Y LIQUIDOS,MANEJO Y C ONTROL DE RESIDUOS SO LIDO S Y LIQUIDOS,100000000.0,,unit,COP,unclear,review,0.5,docx_parser,docx_table,"Parsed from table 0, row 0"
Colombia,2002,pdf_85625e3f7481__2002_1455638231019_44655.txt,0,section_total,,MEJORAM IENTO Y MANTENIMIENTO DE INFRAESTRUCTURA PROPIA DEL,MEJORAM IENTO Y MANTENIMIENTO DE INFRAESTRUCTURA PROPIA DEL,,MEJORAM IENTO Y MANTENIMIENTO DE INFRAESTRUCTURA PROPIA DEL,MEJORAM IENTO Y MANTENIMIENTO DE INFRAESTRUCTURA PROPIA DEL,2450000000.0,,unit,COP,unclear,review,0.5,docx_parser,docx_table,"Parsed from table 0, row 0"
Colombia,2002,pdf_85625e3f7481__2002_1455638231019_44655.txt,0,section_total,,MEJORAMIENTO Y MANTENIMIENTO DE INFRAESTRUC TURA ADMINISTRATIVA,MEJORAMIENTO Y MANTENIMIENTO DE INFRAESTRUC TURA ADMINISTRATIVA,,MEJORAMIENTO Y MANTENIMIENTO DE INFRAESTRUC TURA ADMINISTRATIVA,MEJORAMIENTO Y MANTENIMIENTO DE INFRAESTRUC TURA ADMINISTRATIVA,1400000000.0,,unit,COP,unclear,review,0.5,docx_parser,docx_table,"Parsed from table 0, row 0"
Colombia,2002,pdf_85625e3f7481__2002_1455638231019_44655.txt,0,section_total,,MEJORAMIENTO Y MANTENIMIENTO DE INFRAESTRUC TURA PROPIA DEL,MEJORAMIENTO Y MANTENIMIENTO DE INFRAESTRUC TURA PROPIA DEL,,MEJORAMIENTO Y MANTENIMIENTO DE INFRAESTRUC TURA PROPIA DEL,MEJORAMIENTO Y MANTENIMIENTO DE INFRAESTRUC TURA PROPIA DEL,675900998930.0,,unit,COP,unclear,review,0.5,docx_parser,docx_table,"Parsed from table 0, row 0"
Colombia,2002,pdf_85625e3f7481__2002_1455638231019_44655.txt,0,section_total,,MEJORAMIENTO Y MANTENIMIENTO DE INFRAESTRUCTURA PROPIA DEL,MEJORAMIENTO Y MANTENIMIENTO DE INFRAESTRUCTURA PROPIA DEL,,MEJORAMIENTO Y MANTENIMIENTO DE INFRAESTRUCTURA PROPIA DEL,MEJORAMIENTO Y MANTENIMIENTO DE INFRAESTRUCTURA PROPIA DEL,45000000000.0,,unit,COP,unclear,review,0.5,docx_parser,docx_table,"Parsed from table 0, row 0"
Colombia,2002,pdf_85625e3f7481__2002_1455638231019_44655.txt,0,section_total,,MIC ROEMPRESA E INDUSTRIA,MIC ROEMPRESA E INDUSTRIA,,MIC ROEMPRESA E INDUSTRIA,MIC ROEMPRESA E INDUSTRIA,20000000000.0,,unit,COP,unclear,review,0.5,docx_parser,docx_table,"Parsed from table 0, row 0"
Colombia,2002,pdf_85625e3f7481__2002_1455638231019_44655.txt,0,section_total,,MINISTERIO DE AGRICULTURA Y DESARROLLO,MINISTERIO DE AGRICULTURA Y DESARROLLO,,MINISTERIO DE AGRICULTURA Y DESARROLLO,MINISTERIO DE AGRICULTURA Y DESARROLLO,87473511263.0,,unit,COP,unclear,review,0.6,docx_parser,docx_table,"Parsed from table 0, row 0"
Colombia,2002,pdf_85625e3f7481__2002_1455638231019_44655.txt,0,section_total,,MINISTERIO DE C OMERC IO EXTERIOR,MINISTERIO DE C OMERC IO EXTERIOR,,MINISTERIO DE C OMERC IO EXTERIOR,MINISTERIO DE C OMERC IO EXTERIOR,37103083622.0,,unit,COP,unclear,review,0.6,docx_parser,docx_table,"Parsed from table 0, row 0"
Colombia,2002,pdf_85625e3f7481__2002_1455638231019_44655.txt,0,section_total,,MINISTERIO DE C OMUNIC AC IONES,MINISTERIO DE C OMUNIC AC IONES,,MINISTERIO DE C OMUNIC AC IONES,MINISTERIO DE C OMUNIC AC IONES,17662547838.0,,unit,COP,unclear,review,0.6,docx_parser,docx_table,"Parsed from table 0, row 0"
Colombia,2002,pdf_85625e3f7481__2002_1455638231019_44655.txt,0,section_total,,MINISTERIO DE C ULTURA,MINISTERIO DE C ULTURA,,MINISTERIO DE C ULTURA,MINISTERIO DE C ULTURA,32534643778.0,,unit,COP,unclear,review,0.6,docx_parser,docx_table,"Parsed from table 0, row 0"
Colombia,2002,pdf_85625e3f7481__2002_1455638231019_44655.txt,0,section_total,,MINISTERIO DE DEFENSA,MINISTERIO DE DEFENSA,,MINISTERIO DE DEFENSA,MINISTERIO DE DEFENSA,2715856159783.0,,unit,COP,unclear,review,0.6,docx_parser,docx_table,"Parsed from table 0, row 0"
Colombia,2002,pdf_85625e3f7481__2002_1455638231019_44655.txt,0,section_total,,MINISTERIO DE DESARROLLO ECO NOMIC O,MINISTERIO DE DESARROLLO ECO NOMIC O,,MINISTERIO DE DESARROLLO ECO NOMIC O,MINISTERIO DE DESARROLLO ECO NOMIC O,81046423186.0,,unit,COP,unclear,review,0.6,docx_parser,docx_table,"Parsed from table 0, row 0"
Colombia,2002,pdf_85625e3f7481__2002_1455638231019_44655.txt,0,section_total,,MINISTERIO DE EDUCAC ION NACIO NAL,MINISTERIO DE EDUCAC ION NACIO NAL,,MINISTERIO DE EDUCAC ION NACIO NAL,MINISTERIO DE EDUCAC ION NACIO NAL,2143989604412.0,,unit,COP,unclear,review,0.6,docx_parser,docx_table,"Parsed from table 0, row 0"
Colombia,2002,pdf_85625e3f7481__2002_1455638231019_44655.txt,0,section_total,,MINISTERIO DE HAC IENDA,MINISTERIO DE HAC IENDA,,MINISTERIO DE HAC IENDA,MINISTERIO DE HAC IENDA,12577493700934.0,,unit,COP,unclear,review,0.6,docx_parser,docx_table,"Parsed from table 0, row 0"
Colombia,2002,pdf_85625e3f7481__2002_1455638231019_44655.txt,0,section_total,,MINISTERIO DE JUSTICIA Y DEL DEREC HO,MINISTERIO DE JUSTICIA Y DEL DEREC HO,,MINISTERIO DE JUSTICIA Y DEL DEREC HO,MINISTERIO DE JUSTICIA Y DEL DEREC HO,14096693788.0,,unit,COP,unclear,review,0.6,docx_parser,docx_table,"Parsed from table 0, row 0"
Colombia,2002,pdf_85625e3f7481__2002_1455638231019_44655.txt,0,section_total,,MINISTERIO DE MINAS Y ENERGIA,MINISTERIO DE MINAS Y ENERGIA,,MINISTERIO DE MINAS Y ENERGIA,MINISTERIO DE MINAS Y ENERGIA,39156318637.0,,unit,COP,unclear,review,0.6,docx_parser,docx_table,"Parsed from table 0, row 0"
Colombia,2002,pdf_85625e3f7481__2002_1455638231019_44655.txt,0,section_total,,MINISTERIO DE RELACIO NES EXTERIORES,MINISTERIO DE RELACIO NES EXTERIORES,,MINISTERIO DE RELACIO NES EXTERIORES,MINISTERIO DE RELACIO NES EXTERIORES,125730575063.0,,unit,COP,unclear,review,0.6,docx_parser,docx_table,"Parsed from table 0, row 0"
Colombia,2002,pdf_85625e3f7481__2002_1455638231019_44655.txt,0,section_total,,MINISTERIO DE TRABAJO Y SEGURIDAD,MINISTERIO DE TRABAJO Y SEGURIDAD,,MINISTERIO DE TRABAJO Y SEGURIDAD,MINISTERIO DE TRABAJO Y SEGURIDAD,2902374617300.0,,unit,COP,unclear,review,0.6,docx_parser,docx_table,"Parsed from table 0, row 0"
Colombia,2002,pdf_85625e3f7481__2002_1455638231019_44655.txt,0,section_total,,MINISTERIO DE TRANSPORTE,MINISTERIO DE TRANSPORTE,,MINISTERIO DE TRANSPORTE,MINISTERIO DE TRANSPORTE,81671329065.0,,unit,COP,unclear,review,0.6,docx_parser,docx_table,"Parsed from table 0, row 0"
Colombia,2002,pdf_85625e3f7481__2002_1455638231019_44655.txt,0,section_total,,MINISTERIO DEL INTERIOR,MINISTERIO DEL INTERIOR,,MINISTERIO DEL INTERIOR,MINISTERIO DEL INTERIOR,71767740577.0,,unit,COP,unclear,review,0.6,docx_parser,docx_table,"Parsed from table 0, row 0"
Colombia,2002,pdf_85625e3f7481__2002_1455638231019_44655.txt,0,section_total,,MINISTERIO DEL MEDIO AMBIENTE,MINISTERIO DEL MEDIO AMBIENTE,,MINISTERIO DEL MEDIO AMBIENTE,MINISTERIO DEL MEDIO AMBIENTE,45534905565.0,,unit,COP,unclear,review,0.6,docx_parser,docx_table,"Parsed from table 0, row 0"
Colombia,2002,pdf_85625e3f7481__2002_1455638231019_44655.txt,0,section_total,,MITIGACIO N,MITIGACIO N,,MITIGACIO N,MITIGACIO N,2500000000.0,,unit,COP,unclear,review,0.5,docx_parser,docx_table,"Parsed from table 0, row 0"
Colombia,2002,pdf_85625e3f7481__2002_1455638231019_44655.txt,0,section_total,,NAC IO NAL,NAC IO NAL,,NAC IO NAL,NAC IO NAL,18026920000.0,,unit,COP,unclear,review,0.5,docx_parser,docx_table,"Parsed from table 0, row 0"
Colombia,2002,pdf_85625e3f7481__2002_1455638231019_44655.txt,0,section_total,,NAC IONAL DE ADEC UACION DE TIERRAS,NAC IONAL DE ADEC UACION DE TIERRAS,,NAC IONAL DE ADEC UACION DE TIERRAS,NAC IONAL DE ADEC UACION DE TIERRAS,13049129000.0,,unit,COP,unclear,review,0.6,docx_parser,docx_table,"Parsed from table 0, row 0"
Colombia,2002,pdf_85625e3f7481__2002_1455638231019_44655.txt,0,section_total,,NACIONAL DEL ESTADO CIVIL B- RECURSOS DE CAPITAL,NACIONAL DEL ESTADO CIVIL B- RECURSOS DE CAPITAL,,NACIONAL DEL ESTADO CIVIL B- RECURSOS DE CAPITAL,NACIONAL DEL ESTADO CIVIL B- RECURSOS DE CAPITAL,891482360.0,,unit,COP,unclear,review,0.5,docx_parser,docx_table,"Parsed from table 0, row 0"
Colombia,2002,pdf_85625e3f7481__2002_1455638231019_44655.txt,0,section_total,,NASA KI WE,NASA KI WE,,NASA KI WE,NASA KI WE,1398468633.0,,unit,COP,unclear,review,0.5,docx_parser,docx_table,"Parsed from table 0, row 0"
Colombia,2002,pdf_85625e3f7481__2002_1455638231019_44655.txt,0,section_total,,ORGANIZACION INSTITUCIONAL PARA APOYO A LA ADMINISTRACION DEL ESTADO,ORGANIZACION INSTITUCIONAL PARA APOYO A LA ADMINISTRACION DEL ESTADO,,ORGANIZACION INSTITUCIONAL PARA APOYO A LA ADMINISTRACION DEL ESTADO,ORGANIZACION INSTITUCIONAL PARA APOYO A LA ADMINISTRACION DEL ESTADO,5000000000.0,,unit,COP,unclear,review,0.6,docx_parser,docx_table,"Parsed from table 0, row 0"
Colombia,2002,pdf_85625e3f7481__2002_1455638231019_44655.txt,0,section_total,,PARTIC IPACION C OMUNITARIA,PARTIC IPACION C OMUNITARIA,,PARTIC IPACION C OMUNITARIA,PARTIC IPACION C OMUNITARIA,60000000.0,,unit,COP,unclear,review,0.5,docx_parser,docx_table,"Parsed from table 0, row 0"
Colombia,2002,pdf_85625e3f7481__2002_1455638231019_44655.txt,0,section_total,,PEQUENA Y MEDIANA INDUSTRIA,PEQUENA Y MEDIANA INDUSTRIA,,PEQUENA Y MEDIANA INDUSTRIA,PEQUENA Y MEDIANA INDUSTRIA,450000000.0,,unit,COP,unclear,review,0.6,docx_parser,docx_table,"Parsed from table 0, row 0"
Colombia,2002,pdf_85625e3f7481__2002_1455638231019_44655.txt,0,section_total,,PERITO AVALUADOR AUTOMOTORES (24),PERITO AVALUADOR AUTOMOTORES (24),,PERITO AVALUADOR AUTOMOTORES (24),PERITO AVALUADOR AUTOMOTORES (24),8.686,,unit,COP,unclear,review,0.5,docx_parser,docx_table,"Parsed from table 0, row 0"
Colombia,2002,pdf_85625e3f7481__2002_1455638231019_44655.txt,0,section_total,,PERITO AVALUADOR JOYAS (10),PERITO AVALUADOR JOYAS (10),,PERITO AVALUADOR JOYAS (10),PERITO AVALUADOR JOYAS (10),19493.07,,unit,COP,unclear,review,0.5,docx_parser,docx_table,"Parsed from table 0, row 0"
Colombia,2002,pdf_85625e3f7481__2002_1455638231019_44655.txt,0,section_total,,PERITO AVALUADOR MAQUINARIA PESADA (52),PERITO AVALUADOR MAQUINARIA PESADA (52),,PERITO AVALUADOR MAQUINARIA PESADA (52),PERITO AVALUADOR MAQUINARIA PESADA (52),141.092,,unit,COP,unclear,review,0.5,docx_parser,docx_table,"Parsed from table 0, row 0"
Colombia,2002,pdf_85625e3f7481__2002_1455638231019_44655.txt,0,section_total,,PERITO AVALUADOR SEGUROS (9),PERITO AVALUADOR SEGUROS (9),,PERITO AVALUADOR SEGUROS (9),PERITO AVALUADOR SEGUROS (9),8.686,,unit,COP,unclear,review,0.5,docx_parser,docx_table,"Parsed from table 0, row 0"
Colombia,2002,pdf_85625e3f7481__2002_1455638231019_44655.txt,0,section_total,,PESC A Y ACUIC ULTURA,PESC A Y ACUIC ULTURA,,PESC A Y ACUIC ULTURA,PESC A Y ACUIC ULTURA,2137909000.0,,unit,COP,unclear,review,0.5,docx_parser,docx_table,"Parsed from table 0, row 0"
Colombia,2002,pdf_85625e3f7481__2002_1455638231019_44655.txt,0,section_total,,PRESIDENC IA DE LA REPUBLICA,PRESIDENC IA DE LA REPUBLICA,,PRESIDENC IA DE LA REPUBLICA,PRESIDENC IA DE LA REPUBLICA,49748589537.0,,unit,COP,unclear,review,0.6,docx_parser,docx_table,"Parsed from table 0, row 0"
Colombia,2002,pdf_85625e3f7481__2002_1455638231019_44655.txt,0,section_total,,PRESUPUESTO,PRESUPUESTO,,PRESUPUESTO,PRESUPUESTO,62910550238075.0,,unit,COP,unclear,review,0.5,docx_parser,docx_table,"Parsed from table 0, row 0"
Colombia,2002,pdf_85625e3f7481__2002_1455638231019_44655.txt,0,section_total,,PRESUPUESTO DE FUNC IO NAMIENTO,PRESUPUESTO DE FUNC IO NAMIENTO,,PRESUPUESTO DE FUNC IO NAMIENTO,PRESUPUESTO DE FUNC IO NAMIENTO,32278800000.0,,unit,COP,unclear,review,0.5,docx_parser,docx_table,"Parsed from table 0, row 0"
Colombia,2002,pdf_85625e3f7481__2002_1455638231019_44655.txt,0,section_total,,PRESUPUESTO DE INVERSIO N ADQUISIC ION DE INFRAESTRUC TURA ADMINISTRATIVA,PRESUPUESTO DE INVERSIO N ADQUISIC ION DE INFRAESTRUC TURA ADMINISTRATIVA,,PRESUPUESTO DE INVERSIO N ADQUISIC ION DE INFRAESTRUC TURA ADMINISTRATIVA,PRESUPUESTO DE INVERSIO N ADQUISIC ION DE INFRAESTRUC TURA ADMINISTRATIVA,21600000.0,,unit,COP,unclear,review,0.5,docx_parser,docx_table,"Parsed from table 0, row 0"
Colombia,2002,pdf_85625e3f7481__2002_1455638231019_44655.txt,0,section_total,,PRESUPUESTO DE INVERSIO N ADQUISIC ION DE INFRAESTRUC TURA PROPIA DEL,PRESUPUESTO DE INVERSIO N ADQUISIC ION DE INFRAESTRUC TURA PROPIA DEL,,PRESUPUESTO DE INVERSIO N ADQUISIC ION DE INFRAESTRUC TURA PROPIA DEL,PRESUPUESTO DE INVERSIO N ADQUISIC ION DE INFRAESTRUC TURA PROPIA DEL,5824900000.0,,unit,COP,unclear,review,0.5,docx_parser,docx_table,"Parsed from table 0, row 0"
Colombia,2002,pdf_85625e3f7481__2002_1455638231019_44655.txt,0,section_total,,PRESUPUESTO DE INVERSIO N ADQUISIC ION DE INFRAESTRUCTURA ADMINISTRATIVA,PRESUPUESTO DE INVERSIO N ADQUISIC ION DE INFRAESTRUCTURA ADMINISTRATIVA,,PRESUPUESTO DE INVERSIO N ADQUISIC ION DE INFRAESTRUCTURA ADMINISTRATIVA,PRESUPUESTO DE INVERSIO N ADQUISIC ION DE INFRAESTRUCTURA ADMINISTRATIVA,2234361323.0,,unit,COP,unclear,review,0.5,docx_parser,docx_table,"Parsed from table 0, row 0"
Colombia,2002,pdf_85625e3f7481__2002_1455638231019_44655.txt,0,section_total,,"PRESUPUESTO DE INVERSIO N ADQUISIC ION Y/O PRODUC CION DE EQUIPOS, MATERIALES SUMINISTRO S Y SERVIC IOS PROPIOS DEL SECTOR","PRESUPUESTO DE INVERSIO N ADQUISIC ION Y/O PRODUC CION DE EQUIPOS, MATERIALES SUMINISTRO S Y SERVIC IOS PROPIOS DEL SECTOR",,"PRESUPUESTO DE INVERSIO N ADQUISIC ION Y/O PRODUC CION DE EQUIPOS, MATERIALES SUMINISTRO S Y SERVIC IOS PROPIOS DEL SECTOR","PRESUPUESTO DE INVERSIO N ADQUISIC ION Y/O PRODUC CION DE EQUIPOS, MATERIALES SUMINISTRO S Y SERVIC IOS PROPIOS DEL SECTOR",3030840000.0,,unit,COP,unclear,review,0.5,docx_parser,docx_table,"Parsed from table 0, row 0"
Colombia,2002,pdf_85625e3f7481__2002_1455638231019_44655.txt,0,section_total,,"PRESUPUESTO DE INVERSIO N ADQUISIC ION Y/O PRODUCC ION DE EQUIPOS, M ATERIALES SUMINISTROS Y SERVICIOS PROPIO S DEL SEC TOR","PRESUPUESTO DE INVERSIO N ADQUISIC ION Y/O PRODUCC ION DE EQUIPOS, M ATERIALES SUMINISTROS Y SERVICIOS PROPIO S DEL SEC TOR",,"PRESUPUESTO DE INVERSIO N ADQUISIC ION Y/O PRODUCC ION DE EQUIPOS, M ATERIALES SUMINISTROS Y SERVICIOS PROPIO S DEL SEC TOR","PRESUPUESTO DE INVERSIO N ADQUISIC ION Y/O PRODUCC ION DE EQUIPOS, M ATERIALES SUMINISTROS Y SERVICIOS PROPIO S DEL SEC TOR",231032000.0,,unit,COP,unclear,review,0.6,docx_parser,docx_table,"Parsed from table 0, row 0"
Colombia,2002,pdf_85625e3f7481__2002_1455638231019_44655.txt,0,section_total,,"PRESUPUESTO DE INVERSIO N ADQUISIC ION Y/O PRODUCC ION DE EQUIPOS, M ATERIALES, SUMINISTROS Y SERVICIOS ADMINISTRATIVO S","PRESUPUESTO DE INVERSIO N ADQUISIC ION Y/O PRODUCC ION DE EQUIPOS, M ATERIALES, SUMINISTROS Y SERVICIOS ADMINISTRATIVO S",,"PRESUPUESTO DE INVERSIO N ADQUISIC ION Y/O PRODUCC ION DE EQUIPOS, M ATERIALES, SUMINISTROS Y SERVICIOS ADMINISTRATIVO S","PRESUPUESTO DE INVERSIO N ADQUISIC ION Y/O PRODUCC ION DE EQUIPOS, M ATERIALES, SUMINISTROS Y SERVICIOS ADMINISTRATIVO S",150000000.0,,unit,COP,unclear,review,0.6,docx_parser,docx_table,"Parsed from table 0, row 0"
Colombia,2002,pdf_85625e3f7481__2002_1455638231019_44655.txt,0,section_total,,"PRESUPUESTO DE INVERSIO N ADQUISIC ION Y/O PRODUCC ION DE EQUIPOS, MATERIALES, SUMINISTROS Y SERVIC IOS ADMINISTRATIVOS","PRESUPUESTO DE INVERSIO N ADQUISIC ION Y/O PRODUCC ION DE EQUIPOS, MATERIALES, SUMINISTROS Y SERVIC IOS ADMINISTRATIVOS",,"PRESUPUESTO DE INVERSIO N ADQUISIC ION Y/O PRODUCC ION DE EQUIPOS, MATERIALES, SUMINISTROS Y SERVIC IOS ADMINISTRATIVOS","PRESUPUESTO DE INVERSIO N ADQUISIC ION Y/O PRODUCC ION DE EQUIPOS, MATERIALES, SUMINISTROS Y SERVIC IOS ADMINISTRATIVOS",400000000.0,,unit,COP,unclear,review,0.5,docx_parser,docx_table,"Parsed from table 0, row 0"
Colombia,2002,pdf_85625e3f7481__2002_1455638231019_44655.txt,0,section_total,,PRESUPUESTO DE INVERSIO N ADQUISICIO N DE INFRAESTRUC TURA PROPIA DEL,PRESUPUESTO DE INVERSIO N ADQUISICIO N DE INFRAESTRUC TURA PROPIA DEL,,PRESUPUESTO DE INVERSIO N ADQUISICIO N DE INFRAESTRUC TURA PROPIA DEL,PRESUPUESTO DE INVERSIO N ADQUISICIO N DE INFRAESTRUC TURA PROPIA DEL,4085446000.0,,unit,COP,unclear,review,0.5,docx_parser,docx_table,"Parsed from table 0, row 0"
Colombia,2002,pdf_85625e3f7481__2002_1455638231019_44655.txt,0,section_total,,PRESUPUESTO DE INVERSIO N ADQUISICION DE INFRAESTRUC TURA PROPIA DEL,PRESUPUESTO DE INVERSIO N ADQUISICION DE INFRAESTRUC TURA PROPIA DEL,,PRESUPUESTO DE INVERSIO N ADQUISICION DE INFRAESTRUC TURA PROPIA DEL,PRESUPUESTO DE INVERSIO N ADQUISICION DE INFRAESTRUC TURA PROPIA DEL,1925000000.0,,unit,COP,unclear,review,0.5,docx_parser,docx_table,"Parsed from table 0, row 0"
Colombia,2002,pdf_85625e3f7481__2002_1455638231019_44655.txt,0,section_total,,PRESUPUESTO DE INVERSIO N ADQUISICION DE INFRAESTRUCTURA PROPIA DEL,PRESUPUESTO DE INVERSIO N ADQUISICION DE INFRAESTRUCTURA PROPIA DEL,,PRESUPUESTO DE INVERSIO N ADQUISICION DE INFRAESTRUCTURA PROPIA DEL,PRESUPUESTO DE INVERSIO N ADQUISICION DE INFRAESTRUCTURA PROPIA DEL,5503880000.0,,unit,COP,unclear,review,0.5,docx_parser,docx_table,"Parsed from table 0, row 0"
Colombia,2002,pdf_85625e3f7481__2002_1455638231019_44655.txt,0,section_total,,"PRESUPUESTO DE INVERSIO N ADQUISICION Y/O PRODUC C ION DE EQUIPOS, MATERIALES, SUMINISTROS Y SERVICIOS ADMINISTRATIVOS","PRESUPUESTO DE INVERSIO N ADQUISICION Y/O PRODUC C ION DE EQUIPOS, MATERIALES, SUMINISTROS Y SERVICIOS ADMINISTRATIVOS",,"PRESUPUESTO DE INVERSIO N ADQUISICION Y/O PRODUC C ION DE EQUIPOS, MATERIALES, SUMINISTROS Y SERVICIOS ADMINISTRATIVOS","PRESUPUESTO DE INVERSIO N ADQUISICION Y/O PRODUC C ION DE EQUIPOS, MATERIALES, SUMINISTROS Y SERVICIOS ADMINISTRATIVOS",700000000.0,,unit,COP,unclear,review,0.5,docx_parser,docx_table,"Parsed from table 0, row 0"
Colombia,2002,pdf_85625e3f7481__2002_1455638231019_44655.txt,0,section_total,,"PRESUPUESTO DE INVERSIO N ADQUISICION Y/O PRODUC CIO N DE EQUIPO S, MATERIALES, SUMINISTROS Y SERVICIO S ADMINISTRATIVOS","PRESUPUESTO DE INVERSIO N ADQUISICION Y/O PRODUC CIO N DE EQUIPO S, MATERIALES, SUMINISTROS Y SERVICIO S ADMINISTRATIVOS",,"PRESUPUESTO DE INVERSIO N ADQUISICION Y/O PRODUC CIO N DE EQUIPO S, MATERIALES, SUMINISTROS Y SERVICIO S ADMINISTRATIVOS","PRESUPUESTO DE INVERSIO N ADQUISICION Y/O PRODUC CIO N DE EQUIPO S, MATERIALES, SUMINISTROS Y SERVICIO S ADMINISTRATIVOS",479590000.0,,unit,COP,unclear,review,0.5,docx_parser,docx_table,"Parsed from table 0, row 0"
Colombia,2002,pdf_85625e3f7481__2002_1455638231019_44655.txt,0,section_total,,"PRESUPUESTO DE INVERSIO N ADQUISICION Y/O PRODUC CION DE EQUIPO S, MATERIALES, SUMINISTROS Y SERVICIO S ADMINISTRATIVOS","PRESUPUESTO DE INVERSIO N ADQUISICION Y/O PRODUC CION DE EQUIPO S, MATERIALES, SUMINISTROS Y SERVICIO S ADMINISTRATIVOS",,"PRESUPUESTO DE INVERSIO N ADQUISICION Y/O PRODUC CION DE EQUIPO S, MATERIALES, SUMINISTROS Y SERVICIO S ADMINISTRATIVOS","PRESUPUESTO DE INVERSIO N ADQUISICION Y/O PRODUC CION DE EQUIPO S, MATERIALES, SUMINISTROS Y SERVICIO S ADMINISTRATIVOS",2000000000.0,,unit,COP,unclear,review,0.5,docx_parser,docx_table,"Parsed from table 0, row 0"
Colombia,2002,pdf_85625e3f7481__2002_1455638231019_44655.txt,0,section_total,,PRESUPUESTO DE INVERSIO N C ONSTRUC CION DE INFRAESTRUCTURA PROPIA DEL,PRESUPUESTO DE INVERSIO N C ONSTRUC CION DE INFRAESTRUCTURA PROPIA DEL,,PRESUPUESTO DE INVERSIO N C ONSTRUC CION DE INFRAESTRUCTURA PROPIA DEL,PRESUPUESTO DE INVERSIO N C ONSTRUC CION DE INFRAESTRUCTURA PROPIA DEL,74839073000.0,,unit,COP,unclear,review,0.5,docx_parser,docx_table,"Parsed from table 0, row 0"
Colombia,2002,pdf_85625e3f7481__2002_1455638231019_44655.txt,0,section_total,,PRESUPUESTO DE INVERSIO N C ONSTRUCC ION DE INFRAESTRUC TURA ADMINISTRATIVA,PRESUPUESTO DE INVERSIO N C ONSTRUCC ION DE INFRAESTRUC TURA ADMINISTRATIVA,,PRESUPUESTO DE INVERSIO N C ONSTRUCC ION DE INFRAESTRUC TURA ADMINISTRATIVA,PRESUPUESTO DE INVERSIO N C ONSTRUCC ION DE INFRAESTRUC TURA ADMINISTRATIVA,1500000000.0,,unit,COP,unclear,review,0.5,docx_parser,docx_table,"Parsed from table 0, row 0"
Colombia,2002,pdf_85625e3f7481__2002_1455638231019_44655.txt,0,section_total,,PRESUPUESTO DE INVERSIO N C ONSTRUCC ION DE INFRAESTRUC TURA PROPIA DEL,PRESUPUESTO DE INVERSIO N C ONSTRUCC ION DE INFRAESTRUC TURA PROPIA DEL,,PRESUPUESTO DE INVERSIO N C ONSTRUCC ION DE INFRAESTRUC TURA PROPIA DEL,PRESUPUESTO DE INVERSIO N C ONSTRUCC ION DE INFRAESTRUC TURA PROPIA DEL,80954909585.0,,unit,COP,unclear,review,0.6,docx_parser,docx_table,"Parsed from table 0, row 0"
Colombia,2002,pdf_85625e3f7481__2002_1455638231019_44655.txt,0,section_total,,PRESUPUESTO DE INVERSIO N CO NSTRUC CION DE INFRAESTRUC TURA PROPIA DEL,PRESUPUESTO DE INVERSIO N CO NSTRUC CION DE INFRAESTRUC TURA PROPIA DEL,,PRESUPUESTO DE INVERSIO N CO NSTRUC CION DE INFRAESTRUC TURA PROPIA DEL,PRESUPUESTO DE INVERSIO N CO NSTRUC CION DE INFRAESTRUC TURA PROPIA DEL,300021150000.0,,unit,COP,unclear,review,0.5,docx_parser,docx_table,"Parsed from table 0, row 0"
Colombia,2002,pdf_85625e3f7481__2002_1455638231019_44655.txt,0,section_total,,PRESUPUESTO DE INVERSIO N CO NSTRUC CION DE INFRAESTRUCTURA PROPIA DEL,PRESUPUESTO DE INVERSIO N CO NSTRUC CION DE INFRAESTRUCTURA PROPIA DEL,,PRESUPUESTO DE INVERSIO N CO NSTRUC CION DE INFRAESTRUCTURA PROPIA DEL,PRESUPUESTO DE INVERSIO N CO NSTRUC CION DE INFRAESTRUCTURA PROPIA DEL,5200000000.0,,unit,COP,unclear,review,0.5,docx_parser,docx_table,"Parsed from table 0, row 0"
Colombia,2002,pdf_85625e3f7481__2002_1455638231019_44655.txt,0,section_total,,"PRESUPUESTO DE INVERSIO N DIVULGACIO N, ASISTENCIA TECNIC A Y C APAC ITACION DEL REC URSO HUMANO","PRESUPUESTO DE INVERSIO N DIVULGACIO N, ASISTENCIA TECNIC A Y C APAC ITACION DEL REC URSO HUMANO",,"PRESUPUESTO DE INVERSIO N DIVULGACIO N, ASISTENCIA TECNIC A Y C APAC ITACION DEL REC URSO HUMANO","PRESUPUESTO DE INVERSIO N DIVULGACIO N, ASISTENCIA TECNIC A Y C APAC ITACION DEL REC URSO HUMANO",500000000.0,,unit,COP,unclear,review,0.5,docx_parser,docx_table,"Parsed from table 0, row 0"
Colombia,2002,pdf_85625e3f7481__2002_1455638231019_44655.txt,0,section_total,,"PRESUPUESTO DE INVERSIO N INVESTIGAC ION BASICA, APLICADA Y ESTUDIOS","PRESUPUESTO DE INVERSIO N INVESTIGAC ION BASICA, APLICADA Y ESTUDIOS",,"PRESUPUESTO DE INVERSIO N INVESTIGAC ION BASICA, APLICADA Y ESTUDIOS","PRESUPUESTO DE INVERSIO N INVESTIGAC ION BASICA, APLICADA Y ESTUDIOS",17321978000.0,,unit,COP,direct_rd,include,0.9,docx_parser,docx_table,"Parsed from table 0, row 0"
Colombia,2002,pdf_85625e3f7481__2002_1455638231019_44655.txt,0,section_total,,PRESUPUESTO DE INVERSIO N LEVANTAMIENTO DE INFORMACIO N PARA PROC ESAMIENTO,PRESUPUESTO DE INVERSIO N LEVANTAMIENTO DE INFORMACIO N PARA PROC ESAMIENTO,,PRESUPUESTO DE INVERSIO N LEVANTAMIENTO DE INFORMACIO N PARA PROC ESAMIENTO,PRESUPUESTO DE INVERSIO N LEVANTAMIENTO DE INFORMACIO N PARA PROC ESAMIENTO,6565000000.0,,unit,COP,unclear,review,0.5,docx_parser,docx_table,"Parsed from table 0, row 0"
Colombia,2002,pdf_85625e3f7481__2002_1455638231019_44655.txt,0,section_total,,PRESUPUESTO DE INVERSIO N MEJO RAMIENTO Y MANTENIMIENTO DE INFRAESTRUCTURA PROPIA DEL,PRESUPUESTO DE INVERSIO N MEJO RAMIENTO Y MANTENIMIENTO DE INFRAESTRUCTURA PROPIA DEL,,PRESUPUESTO DE INVERSIO N MEJO RAMIENTO Y MANTENIMIENTO DE INFRAESTRUCTURA PROPIA DEL,PRESUPUESTO DE INVERSIO N MEJO RAMIENTO Y MANTENIMIENTO DE INFRAESTRUCTURA PROPIA DEL,400000000.0,,unit,COP,unclear,review,0.5,docx_parser,docx_table,"Parsed from table 0, row 0"
Colombia,2002,pdf_85625e3f7481__2002_1455638231019_44655.txt,0,section_total,,PRESUPUESTO DE INVERSIO N MEJORAMIENTO Y MANTENIMIENTO DE INFRAESTRUC TURA PROPIA DEL,PRESUPUESTO DE INVERSIO N MEJORAMIENTO Y MANTENIMIENTO DE INFRAESTRUC TURA PROPIA DEL,,PRESUPUESTO DE INVERSIO N MEJORAMIENTO Y MANTENIMIENTO DE INFRAESTRUC TURA PROPIA DEL,PRESUPUESTO DE INVERSIO N MEJORAMIENTO Y MANTENIMIENTO DE INFRAESTRUC TURA PROPIA DEL,65691794000.0,,unit,COP,unclear,review,0.5,docx_parser,docx_table,"Parsed from table 0, row 0"
Colombia,2002,pdf_85625e3f7481__2002_1455638231019_44655.txt,0,section_total,,PRESUPUESTO DE INVERSIO N MEJORAMIENTO Y MANTENIMIENTO DE INFRAESTRUCTURA ADMINISTRATIVA,PRESUPUESTO DE INVERSIO N MEJORAMIENTO Y MANTENIMIENTO DE INFRAESTRUCTURA ADMINISTRATIVA,,PRESUPUESTO DE INVERSIO N MEJORAMIENTO Y MANTENIMIENTO DE INFRAESTRUCTURA ADMINISTRATIVA,PRESUPUESTO DE INVERSIO N MEJORAMIENTO Y MANTENIMIENTO DE INFRAESTRUCTURA ADMINISTRATIVA,6100000000.0,,unit,COP,unclear,review,0.6,docx_parser,docx_table,"Parsed from table 0, row 0"
Colombia,2002,pdf_85625e3f7481__2002_1455638231019_44655.txt,0,section_total,,PRESUPUESTO DE INVERSIO N SUBSIDIOS DIRECTOS,PRESUPUESTO DE INVERSIO N SUBSIDIOS DIRECTOS,,PRESUPUESTO DE INVERSIO N SUBSIDIOS DIRECTOS,PRESUPUESTO DE INVERSIO N SUBSIDIOS DIRECTOS,157000000000.0,,unit,COP,unclear,review,0.5,docx_parser,docx_table,"Parsed from table 0, row 0"
Colombia,2002,pdf_85625e3f7481__2002_1455638231019_44655.txt,0,section_total,,PRESUPUESTO DE SERVIC IO  DE LA DEUDAPUBLIC A,PRESUPUESTO DE SERVIC IO  DE LA DEUDAPUBLIC A,,PRESUPUESTO DE SERVIC IO  DE LA DEUDAPUBLIC A,PRESUPUESTO DE SERVIC IO  DE LA DEUDAPUBLIC A,1187399413000.0,,unit,COP,unclear,review,0.5,docx_parser,docx_table,"Parsed from table 0, row 0"
Colombia,2002,pdf_85625e3f7481__2002_1455638231019_44655.txt,0,section_total,,PREVENCION EN SALUD,PREVENCION EN SALUD,,PREVENCION EN SALUD,PREVENCION EN SALUD,53010869328.0,,unit,COP,unclear,review,0.5,docx_parser,docx_table,"Parsed from table 0, row 0"
Colombia,2002,pdf_85625e3f7481__2002_1455638231019_44655.txt,0,section_total,,PRODUC CION Y APROVECHAMIENTO AG RIC OLA,PRODUC CION Y APROVECHAMIENTO AG RIC OLA,,PRODUC CION Y APROVECHAMIENTO AG RIC OLA,PRODUC CION Y APROVECHAMIENTO AG RIC OLA,44562386000.0,,unit,COP,unclear,review,0.5,docx_parser,docx_table,"Parsed from table 0, row 0"
Colombia,2002,pdf_85625e3f7481__2002_1455638231019_44655.txt,0,section_total,,PRODUCCION Y APROVECHAMIENTO,PRODUCCION Y APROVECHAMIENTO,,PRODUCCION Y APROVECHAMIENTO,PRODUCCION Y APROVECHAMIENTO,2672000000.0,,unit,COP,unclear,review,0.5,docx_parser,docx_table,"Parsed from table 0, row 0"
Colombia,2002,pdf_85625e3f7481__2002_1455638231019_44655.txt,0,section_total,,PROFESIONAL DE CIENAGA A- INGRESOS CORRIENTES,PROFESIONAL DE CIENAGA A- INGRESOS CORRIENTES,,PROFESIONAL DE CIENAGA A- INGRESOS CORRIENTES,PROFESIONAL DE CIENAGA A- INGRESOS CORRIENTES,195300000.0,,unit,COP,unclear,review,0.5,docx_parser,docx_table,"Parsed from table 0, row 0"
Colombia,2002,pdf_85625e3f7481__2002_1455638231019_44655.txt,0,section_total,,PROFESIONAL DE SAN JUAN DEL,PROFESIONAL DE SAN JUAN DEL,,PROFESIONAL DE SAN JUAN DEL,PROFESIONAL DE SAN JUAN DEL,1326030304.0,,unit,COP,unclear,review,0.5,docx_parser,docx_table,"Parsed from table 0, row 0"
Colombia,2002,pdf_85625e3f7481__2002_1455638231019_44655.txt,0,section_total,,RAMA JUDIC IAL,RAMA JUDIC IAL,,RAMA JUDIC IAL,RAMA JUDIC IAL,723200801905.0,,unit,COP,unclear,review,0.6,docx_parser,docx_table,"Parsed from table 0, row 0"
Colombia,2002,pdf_85625e3f7481__2002_1455638231019_44655.txt,0,section_total,,"REC REACION, EDUC ACION FISICA Y","REC REACION, EDUC ACION FISICA Y",,"REC REACION, EDUC ACION FISICA Y","REC REACION, EDUC ACION FISICA Y",20000000000.0,,unit,COP,unclear,review,0.5,docx_parser,docx_table,"Parsed from table 0, row 0"
Colombia,2002,pdf_85625e3f7481__2002_1455638231019_44655.txt,0,section_total,,REC URSO HUMANO,REC URSO HUMANO,,REC URSO HUMANO,REC URSO HUMANO,350847900000.0,,unit,COP,unclear,review,0.5,docx_parser,docx_table,"Parsed from table 0, row 0"
Colombia,2002,pdf_85625e3f7481__2002_1455638231019_44655.txt,0,section_total,,RED DE SOLIDARIDAD,RED DE SOLIDARIDAD,,RED DE SOLIDARIDAD,RED DE SOLIDARIDAD,15980193180.0,,unit,COP,unclear,review,0.6,docx_parser,docx_table,"Parsed from table 0, row 0"
Colombia,2002,pdf_85625e3f7481__2002_1455638231019_44655.txt,0,section_total,,RED SEC UNDARIA,RED SEC UNDARIA,,RED SEC UNDARIA,RED SEC UNDARIA,114894220000.0,,unit,COP,unclear,review,0.5,docx_parser,docx_table,"Parsed from table 0, row 0"
Colombia,2002,pdf_85625e3f7481__2002_1455638231019_44655.txt,0,section_total,,RED TRONCAL NAC IONAL,RED TRONCAL NAC IONAL,,RED TRONCAL NAC IONAL,RED TRONCAL NAC IONAL,429862938930.0,,unit,COP,unclear,review,0.5,docx_parser,docx_table,"Parsed from table 0, row 0"
Colombia,2002,pdf_85625e3f7481__2002_1455638231019_44655.txt,0,section_total,,RED URBANA,RED URBANA,,RED URBANA,RED URBANA,20000000000.0,,unit,COP,unclear,review,0.5,docx_parser,docx_table,"Parsed from table 0, row 0"
Colombia,2002,pdf_85625e3f7481__2002_1455638231019_44655.txt,0,section_total,,RELACIONES EXTERIORES,RELACIONES EXTERIORES,,RELACIONES EXTERIORES,RELACIONES EXTERIORES,2860949000.0,,unit,COP,unclear,review,0.5,docx_parser,docx_table,"Parsed from table 0, row 0"
Colombia,2002,pdf_85625e3f7481__2002_1455638231019_44655.txt,0,section_total,,RENTAS DEL PRESUPUESTO GENERAL DE LA NACION I - INGRESOS DEL PRESUPUESTO NACIONAL,RENTAS DEL PRESUPUESTO GENERAL DE LA NACION I - INGRESOS DEL PRESUPUESTO NACIONAL,,RENTAS DEL PRESUPUESTO GENERAL DE LA NACION I - INGRESOS DEL PRESUPUESTO NACIONAL,RENTAS DEL PRESUPUESTO GENERAL DE LA NACION I - INGRESOS DEL PRESUPUESTO NACIONAL,87319594752812.0,,unit,COP,unclear,review,0.5,docx_parser,docx_table,"Parsed from table 0, row 0"
Colombia,2002,pdf_85625e3f7481__2002_1455638231019_44655.txt,0,section_total,,RODRIGUEZ” DE CALI A- INGRESOS CORRIENTES,RODRIGUEZ” DE CALI A- INGRESOS CORRIENTES,,RODRIGUEZ” DE CALI A- INGRESOS CORRIENTES,RODRIGUEZ” DE CALI A- INGRESOS CORRIENTES,331000000.0,,unit,COP,unclear,review,0.5,docx_parser,docx_table,"Parsed from table 0, row 0"
Colombia,2002,pdf_85625e3f7481__2002_1455638231019_44655.txt,0,section_total,,SALDARRIAGA,SALDARRIAGA,,SALDARRIAGA,SALDARRIAGA,8.686,,unit,COP,unclear,review,0.5,docx_parser,docx_table,"Parsed from table 0, row 0"
Colombia,2002,pdf_85625e3f7481__2002_1455638231019_44655.txt,0,section_total,,SEC C ION:      1601,SEC C ION:      1601,,SEC C ION:      1601,SEC C ION:      1601,2086078081883.0,,unit,COP,unclear,review,0.5,docx_parser,docx_table,"Parsed from table 0, row 0"
Colombia,2002,pdf_85625e3f7481__2002_1455638231019_44655.txt,0,section_total,,SEC C ION:      2402,SEC C ION:      2402,,SEC C ION:      2402,SEC C ION:      2402,55006066000.0,,unit,COP,unclear,review,0.5,docx_parser,docx_table,"Parsed from table 0, row 0"
Colombia,2002,pdf_85625e3f7481__2002_1455638231019_44655.txt,0,section_total,,SECUESTRE (4),SECUESTRE (4),,SECUESTRE (4),SECUESTRE (4),8.686,,unit,COP,unclear,review,0.5,docx_parser,docx_table,"Parsed from table 0, row 0"
Colombia,2002,pdf_85625e3f7481__2002_1455638231019_44655.txt,0,section_total,,SERVIC IOS DE VALOR AG REGADO EN C OMUNIC AC IONES,SERVIC IOS DE VALOR AG REGADO EN C OMUNIC AC IONES,,SERVIC IOS DE VALOR AG REGADO EN C OMUNIC AC IONES,SERVIC IOS DE VALOR AG REGADO EN C OMUNIC AC IONES,751153000.0,,unit,COP,unclear,review,0.5,docx_parser,docx_table,"Parsed from table 0, row 0"
Colombia,2002,pdf_85625e3f7481__2002_1455638231019_44655.txt,0,section_total,,SERVIC IOS INTEGRALES DE SALUD,SERVIC IOS INTEGRALES DE SALUD,,SERVIC IOS INTEGRALES DE SALUD,SERVIC IOS INTEGRALES DE SALUD,801777889672.0,,unit,COP,unclear,review,0.6,docx_parser,docx_table,"Parsed from table 0, row 0"
Colombia,2002,pdf_85625e3f7481__2002_1455638231019_44655.txt,0,section_total,,SERVICIOS PROPIOS DEL SEC TOR,SERVICIOS PROPIOS DEL SEC TOR,,SERVICIOS PROPIOS DEL SEC TOR,SERVICIOS PROPIOS DEL SEC TOR,500000000.0,,unit,COP,unclear,review,0.5,docx_parser,docx_table,"Parsed from table 0, row 0"
Colombia,2002,pdf_85625e3f7481__2002_1455638231019_44655.txt,0,section_total,,SOLUC IONES DE VIVIENDA RURAL,SOLUC IONES DE VIVIENDA RURAL,,SOLUC IONES DE VIVIENDA RURAL,SOLUC IONES DE VIVIENDA RURAL,40000000000.0,,unit,COP,unclear,review,0.5,docx_parser,docx_table,"Parsed from table 0, row 0"
Colombia,2002,pdf_85625e3f7481__2002_1455638231019_44655.txt,0,section_total,,SOLUC IONES DE VIVIENDA URBANA,SOLUC IONES DE VIVIENDA URBANA,,SOLUC IONES DE VIVIENDA URBANA,SOLUC IONES DE VIVIENDA URBANA,157000000000.0,,unit,COP,unclear,review,0.5,docx_parser,docx_table,"Parsed from table 0, row 0"
Colombia,2002,pdf_85625e3f7481__2002_1455638231019_44655.txt,0,section_total,,SUBSIDIOS DIRECTOS,SUBSIDIOS DIRECTOS,,SUBSIDIOS DIRECTOS,SUBSIDIOS DIRECTOS,129600000000.0,,unit,COP,unclear,review,0.5,docx_parser,docx_table,"Parsed from table 0, row 0"
Colombia,2002,pdf_85625e3f7481__2002_1455638231019_44655.txt,0,section_total,,SUBTRANSMISION ELECTRICA,SUBTRANSMISION ELECTRICA,,SUBTRANSMISION ELECTRICA,SUBTRANSMISION ELECTRICA,7945461000.0,,unit,COP,unclear,review,0.6,docx_parser,docx_table,"Parsed from table 0, row 0"
Colombia,2002,pdf_85625e3f7481__2002_1455638231019_44655.txt,0,section_total,,SUPERINTENDENC IA DE NOTARIADO Y REGISTRO,SUPERINTENDENC IA DE NOTARIADO Y REGISTRO,,SUPERINTENDENC IA DE NOTARIADO Y REGISTRO,SUPERINTENDENC IA DE NOTARIADO Y REGISTRO,101045638259.0,,unit,COP,unclear,review,0.6,docx_parser,docx_table,"Parsed from table 0, row 0"
Colombia,2002,pdf_85625e3f7481__2002_1455638231019_44655.txt,0,section_total,,SUPERINTENDENC IA DE SOC IEDADES,SUPERINTENDENC IA DE SOC IEDADES,,SUPERINTENDENC IA DE SOC IEDADES,SUPERINTENDENC IA DE SOC IEDADES,41889000000.0,,unit,COP,unclear,review,0.5,docx_parser,docx_table,"Parsed from table 0, row 0"
Colombia,2002,pdf_85625e3f7481__2002_1455638231019_44655.txt,0,section_total,,TECNIC O AG RIC OLA,TECNIC O AG RIC OLA,,TECNIC O AG RIC OLA,TECNIC O AG RIC OLA,1610290397.0,,unit,COP,unclear,review,0.6,docx_parser,docx_table,"Parsed from table 0, row 0"
Colombia,2002,pdf_85625e3f7481__2002_1455638231019_44655.txt,0,section_total,,"TECNIC O NAC IONAL DE C OMERC IO ""SIMO N RODRIGUEZ""","TECNIC O NAC IONAL DE C OMERC IO ""SIMO N RODRIGUEZ""",,"TECNIC O NAC IONAL DE C OMERC IO ""SIMO N RODRIGUEZ""","TECNIC O NAC IONAL DE C OMERC IO ""SIMO N RODRIGUEZ""",1870783247.0,,unit,COP,unclear,review,0.6,docx_parser,docx_table,"Parsed from table 0, row 0"
Colombia,2002,pdf_85625e3f7481__2002_1455638231019_44655.txt,0,section_total,,TECNICO  CENTRAL,TECNICO  CENTRAL,,TECNICO  CENTRAL,TECNICO  CENTRAL,5011950347.0,,unit,COP,unclear,review,0.5,docx_parser,docx_table,"Parsed from table 0, row 0"
Colombia,2002,pdf_85625e3f7481__2002_1455638231019_44655.txt,0,section_total,,TECNOLOG ICO DE SOLEDAD,TECNOLOG ICO DE SOLEDAD,,TECNOLOG ICO DE SOLEDAD,TECNOLOG ICO DE SOLEDAD,2108399860.0,,unit,COP,unclear,review,0.6,docx_parser,docx_table,"Parsed from table 0, row 0"
Colombia,2002,pdf_85625e3f7481__2002_1455638231019_44655.txt,0,section_total,,TECNOLOG ICO DEL PUTUMAYO,TECNOLOG ICO DEL PUTUMAYO,,TECNOLOG ICO DEL PUTUMAYO,TECNOLOG ICO DEL PUTUMAYO,1225963250.0,,unit,COP,unclear,review,0.5,docx_parser,docx_table,"Parsed from table 0, row 0"
Colombia,2002,pdf_85625e3f7481__2002_1455638231019_44655.txt,0,section_total,,TENENC IA DE LA TIERRA,TENENC IA DE LA TIERRA,,TENENC IA DE LA TIERRA,TENENC IA DE LA TIERRA,11724000000.0,,unit,COP,unclear,review,0.6,docx_parser,docx_table,"Parsed from table 0, row 0"
Colombia,2002,pdf_85625e3f7481__2002_1455638231019_44655.txt,0,section_total,,TERRITORIAL,TERRITORIAL,,TERRITORIAL,TERRITORIAL,8264384000.0,,unit,COP,unclear,review,0.5,docx_parser,docx_table,"Parsed from table 0, row 0"
Colombia,2002,pdf_85625e3f7481__2002_1455638231019_44655.txt,0,section_total,,TRABAJADORES,TRABAJADORES,,TRABAJADORES,TRABAJADORES,178207300000.0,,unit,COP,unclear,review,0.5,docx_parser,docx_table,"Parsed from table 0, row 0"
Colombia,2002,pdf_85625e3f7481__2002_1455638231019_44655.txt,0,section_total,,TRANSFERENC IAS,TRANSFERENC IAS,,TRANSFERENC IAS,TRANSFERENC IAS,801777889672.0,,unit,COP,unclear,review,0.5,docx_parser,docx_table,"Parsed from table 0, row 0"
Colombia,2002,pdf_85625e3f7481__2002_1455638231019_44655.txt,0,section_total,,TRANSPORTE AEREO,TRANSPORTE AEREO,,TRANSPORTE AEREO,TRANSPORTE AEREO,39681108000.0,,unit,COP,unclear,review,0.5,docx_parser,docx_table,"Parsed from table 0, row 0"
Colombia,2002,pdf_85625e3f7481__2002_1455638231019_44655.txt,0,section_total,,TRANSPORTE FERREO,TRANSPORTE FERREO,,TRANSPORTE FERREO,TRANSPORTE FERREO,87223610000.0,,unit,COP,unclear,review,0.6,docx_parser,docx_table,"Parsed from table 0, row 0"
Colombia,2002,pdf_85625e3f7481__2002_1455638231019_44655.txt,0,section_total,,TRANSPORTE FLUVIAL,TRANSPORTE FLUVIAL,,TRANSPORTE FLUVIAL,TRANSPORTE FLUVIAL,3200000000.0,,unit,COP,unclear,review,0.6,docx_parser,docx_table,"Parsed from table 0, row 0"
Colombia,2002,pdf_85625e3f7481__2002_1455638231019_44655.txt,0,section_total,,TRANSPORTE MARITIMO,TRANSPORTE MARITIMO,,TRANSPORTE MARITIMO,TRANSPORTE MARITIMO,9200000000.0,,unit,COP,unclear,review,0.5,docx_parser,docx_table,"Parsed from table 0, row 0"
Colombia,2002,pdf_85625e3f7481__2002_1455638231019_44655.txt,0,section_total,,UNIDAD DE PLANEAC ION MINERO ENERGETICA,UNIDAD DE PLANEAC ION MINERO ENERGETICA,,UNIDAD DE PLANEAC ION MINERO ENERGETICA,UNIDAD DE PLANEAC ION MINERO ENERGETICA,3048158950.0,,unit,COP,unclear,review,0.5,docx_parser,docx_table,"Parsed from table 0, row 0"
Colombia,2002,pdf_85625e3f7481__2002_1455638231019_44655.txt,0,section_total,,UNIVERSIDAD DEL PACIFICO,UNIVERSIDAD DEL PACIFICO,,UNIVERSIDAD DEL PACIFICO,UNIVERSIDAD DEL PACIFICO,2776624892.0,,unit,COP,science_agency,include,0.9,docx_parser,docx_table,"Parsed from table 0, row 0"
Colombia,2002,pdf_85625e3f7481__2002_1455638231019_44655.txt,0,section_total,,VILLAMIZAR,VILLAMIZAR,,VILLAMIZAR,VILLAMIZAR,91.776,,unit,COP,unclear,review,0.5,docx_parser,docx_table,"Parsed from table 0, row 0"
Colombia,2002,pdf_85625e3f7481__2002_1455638231019_44655.txt,0,section_total,,Y ALIMENTOS - INVIMA A- INGRESOS CORRIENTES,Y ALIMENTOS - INVIMA A- INGRESOS CORRIENTES,,Y ALIMENTOS - INVIMA A- INGRESOS CORRIENTES,Y ALIMENTOS - INVIMA A- INGRESOS CORRIENTES,9593532202.0,,unit,COP,unclear,review,0.5,docx_parser,docx_table,"Parsed from table 0, row 0"
Colombia,2002,pdf_85625e3f7481__2002_1455638231019_44655.txt,0,section_total,,Y C IENC IAS,Y C IENC IAS,,Y C IENC IAS,Y C IENC IAS,39357734739.0,,unit,COP,unclear,review,0.5,docx_parser,docx_table,"Parsed from table 0, row 0"
Colombia,2002,pdf_85625e3f7481__2002_1455638231019_44655.txt,0,section_total,,Y CIENCIAS FORENSES A- INGRESOS CORRIENTES,Y CIENCIAS FORENSES A- INGRESOS CORRIENTES,,Y CIENCIAS FORENSES A- INGRESOS CORRIENTES,Y CIENCIAS FORENSES A- INGRESOS CORRIENTES,194420000.0,,unit,COP,unclear,review,0.5,docx_parser,docx_table,"Parsed from table 0, row 0"
Colombia,2002,pdf_85625e3f7481__2002_1455638231019_44655.txt,0,section_total,,Y ESTUDIOS TECNICO S EN EL,Y ESTUDIOS TECNICO S EN EL,,Y ESTUDIOS TECNICO S EN EL,Y ESTUDIOS TECNICO S EN EL,15623329140.0,,unit,COP,unclear,review,0.5,docx_parser,docx_table,"Parsed from table 0, row 0"
Colombia,2002,pdf_85625e3f7481__2002_1455638231019_44655.txt,0,section_total,,Y ESTUDIOS TECNICOS EN EL EXTERIOR (ICETEX) A- INGRESOS CORRIENTES,Y ESTUDIOS TECNICOS EN EL EXTERIOR (ICETEX) A- INGRESOS CORRIENTES,,Y ESTUDIOS TECNICOS EN EL EXTERIOR (ICETEX) A- INGRESOS CORRIENTES,Y ESTUDIOS TECNICOS EN EL EXTERIOR (ICETEX) A- INGRESOS CORRIENTES,88843478140.0,,unit,COP,unclear,review,0.5,docx_parser,docx_table,"Parsed from table 0, row 0"
Colombia,2002,pdf_85625e3f7481__2002_1455638231019_44655.txt,0,section_total,,Y NUC LEAR,Y NUC LEAR,,Y NUC LEAR,Y NUC LEAR,15155060000.0,,unit,COP,unclear,review,0.5,docx_parser,docx_table,"Parsed from table 0, row 0"
Colombia,2002,pdf_85625e3f7481__2002_1455638231019_44655.txt,0,section_total,,Y REFORMA URBANA -INURBE- A- INGRESOS CORRIENTES,Y REFORMA URBANA -INURBE- A- INGRESOS CORRIENTES,,Y REFORMA URBANA -INURBE- A- INGRESOS CORRIENTES,Y REFORMA URBANA -INURBE- A- INGRESOS CORRIENTES,167700000.0,,unit,COP,unclear,review,0.5,docx_parser,docx_table,"Parsed from table 0, row 0"
Colombia,2003,pdf_bfb4ab12a6cd__2003_LEY_780_DE_2002.txt,0,section_total,,LEY 780 DE 2002,LEY 780 DE 2002,,LEY 780 DE 2002,LEY 780 DE 2002,100.0,,unit,COP,unclear,review,0.5,docx_parser,docx_table,"Parsed from table 0, row 0"
Colombia,2004,pdf_70cd4b33da92__2004_Ley_848_de_2003.txt,0,section_total,,A - INGRESOS CORRI ENTES,A - INGRESOS CORRI ENTES,,A - INGRESOS CORRI ENTES,A - INGRESOS CORRI ENTES,199105362.0,,unit,COP,unclear,review,0.5,docx_parser,docx_table,"Parsed from table 0, row 0"
Colombia,2004,pdf_70cd4b33da92__2004_Ley_848_de_2003.txt,0,section_total,,A - INGRESOS CORRIENTES,A - INGRESOS CORRIENTES,,A - INGRESOS CORRIENTES,A - INGRESOS CORRIENTES,1821258855000.0,,unit,COP,unclear,review,0.5,docx_parser,docx_table,"Parsed from table 0, row 0"
Colombia,2004,pdf_70cd4b33da92__2004_Ley_848_de_2003.txt,0,section_total,,A. PRESUPUESTO DE FUNCIONAMIENTO,A. PRESUPUESTO DE FUNCIONAMIENTO,,A. PRESUPUESTO DE FUNCIONAMIENTO,A. PRESUPUESTO DE FUNCIONAMIENTO,4251331218786.0,,unit,COP,unclear,review,0.5,docx_parser,docx_table,"Parsed from table 0, row 0"
Colombia,2004,pdf_70cd4b33da92__2004_Ley_848_de_2003.txt,0,section_total,,"A. PRESUPUESTO DE, FUNCIONAMIENTO","A. PRESUPUESTO DE, FUNCIONAMIENTO",,"A. PRESUPUESTO DE, FUNCIONAMIENTO","A. PRESUPUESTO DE, FUNCIONAMIENTO",1304731647.0,,unit,COP,unclear,review,0.5,docx_parser,docx_table,"Parsed from table 0, row 0"
Colombia,2004,pdf_70cd4b33da92__2004_Ley_848_de_2003.txt,0,section_total,,ACTUALIZACION DE INFORMACION PARA PROCESAMIENTO,ACTUALIZACION DE INFORMACION PARA PROCESAMIENTO,,ACTUALIZACION DE INFORMACION PARA PROCESAMIENTO,ACTUALIZACION DE INFORMACION PARA PROCESAMIENTO,9056000000.0,,unit,COP,unclear,review,0.5,docx_parser,docx_table,"Parsed from table 0, row 0"
Colombia,2004,pdf_70cd4b33da92__2004_Ley_848_de_2003.txt,0,section_total,,ACTUALIZACIONME INFORMACION PARA PROCESAMIENTO,ACTUALIZACIONME INFORMACION PARA PROCESAMIENTO,,ACTUALIZACIONME INFORMACION PARA PROCESAMIENTO,ACTUALIZACIONME INFORMACION PARA PROCESAMIENTO,83160000.0,,unit,COP,unclear,review,0.5,docx_parser,docx_table,"Parsed from table 0, row 0"
Colombia,2004,pdf_70cd4b33da92__2004_Ley_848_de_2003.txt,0,section_total,,ACTUALIZACIOPI DE INFORMACION PARA PROCESAMIENTO,ACTUALIZACIOPI DE INFORMACION PARA PROCESAMIENTO,,ACTUALIZACIOPI DE INFORMACION PARA PROCESAMIENTO,ACTUALIZACIOPI DE INFORMACION PARA PROCESAMIENTO,350000000.0,,unit,COP,unclear,review,0.5,docx_parser,docx_table,"Parsed from table 0, row 0"
Colombia,2004,pdf_70cd4b33da92__2004_Ley_848_de_2003.txt,0,section_total,,ACUEDUCTO Y ALCANTARILLADO,ACUEDUCTO Y ALCANTARILLADO,,ACUEDUCTO Y ALCANTARILLADO,ACUEDUCTO Y ALCANTARILLADO,14000000000.0,,unit,COP,unclear,review,0.6,docx_parser,docx_table,"Parsed from table 0, row 0"
Colombia,2004,pdf_70cd4b33da92__2004_Ley_848_de_2003.txt,0,section_total,,ADMINISTRACION CONTROL Y ORGANIZACION INSTITUCIONAL PARA APOYOA LA ADMINISTRACIÓN DEL,ADMINISTRACION CONTROL Y ORGANIZACION INSTITUCIONAL PARA APOYOA LA ADMINISTRACIÓN DEL,,ADMINISTRACION CONTROL Y ORGANIZACION INSTITUCIONAL PARA APOYOA LA ADMINISTRACIÓN DEL,ADMINISTRACION CONTROL Y ORGANIZACION INSTITUCIONAL PARA APOYOA LA ADMINISTRACIÓN DEL,5000000000.0,,unit,COP,unclear,review,0.6,docx_parser,docx_table,"Parsed from table 0, row 0"
Colombia,2004,pdf_70cd4b33da92__2004_Ley_848_de_2003.txt,0,section_total,,ADMINISTRACION CONTROL YORGANIZACION INSTITUCIONAL PARA APOYO A LA ADMINISTRACIÓN DEL,ADMINISTRACION CONTROL YORGANIZACION INSTITUCIONAL PARA APOYO A LA ADMINISTRACIÓN DEL,,ADMINISTRACION CONTROL YORGANIZACION INSTITUCIONAL PARA APOYO A LA ADMINISTRACIÓN DEL,ADMINISTRACION CONTROL YORGANIZACION INSTITUCIONAL PARA APOYO A LA ADMINISTRACIÓN DEL,70000000.0,,unit,COP,unclear,review,0.5,docx_parser,docx_table,"Parsed from table 0, row 0"
Colombia,2004,pdf_70cd4b33da92__2004_Ley_848_de_2003.txt,0,section_total,,ADMINISTRACION DE JUSTICIA,ADMINISTRACION DE JUSTICIA,,ADMINISTRACION DE JUSTICIA,ADMINISTRACION DE JUSTICIA,77000000000.0,,unit,COP,unclear,review,0.5,docx_parser,docx_table,"Parsed from table 0, row 0"
Colombia,2004,pdf_70cd4b33da92__2004_Ley_848_de_2003.txt,0,section_total,,ADMINISTRACION DEL ESTADO,ADMINISTRACION DEL ESTADO,,ADMINISTRACION DEL ESTADO,ADMINISTRACION DEL ESTADO,2500000000.0,,unit,COP,unclear,review,0.5,docx_parser,docx_table,"Parsed from table 0, row 0"
Colombia,2004,pdf_70cd4b33da92__2004_Ley_848_de_2003.txt,0,section_total,,"ADMINISTRACION, CONTROL Y ORGANIZACION INSTITUCIONAL PAPA APOYO A LA ADMINISTRACION DEL","ADMINISTRACION, CONTROL Y ORGANIZACION INSTITUCIONAL PAPA APOYO A LA ADMINISTRACION DEL",,"ADMINISTRACION, CONTROL Y ORGANIZACION INSTITUCIONAL PAPA APOYO A LA ADMINISTRACION DEL","ADMINISTRACION, CONTROL Y ORGANIZACION INSTITUCIONAL PAPA APOYO A LA ADMINISTRACION DEL",1892000000.0,,unit,COP,unclear,review,0.5,docx_parser,docx_table,"Parsed from table 0, row 0"
Colombia,2004,pdf_70cd4b33da92__2004_Ley_848_de_2003.txt,0,section_total,,"ADMINISTRACION, CONTROL Y ORGANIZACION INSTITUCIONAL PARA APOYO A LA ADMINISTRACION DEL","ADMINISTRACION, CONTROL Y ORGANIZACION INSTITUCIONAL PARA APOYO A LA ADMINISTRACION DEL",,"ADMINISTRACION, CONTROL Y ORGANIZACION INSTITUCIONAL PARA APOYO A LA ADMINISTRACION DEL","ADMINISTRACION, CONTROL Y ORGANIZACION INSTITUCIONAL PARA APOYO A LA ADMINISTRACION DEL",87050000000.0,,unit,COP,unclear,review,0.5,docx_parser,docx_table,"Parsed from table 0, row 0"
Colombia,2004,pdf_70cd4b33da92__2004_Ley_848_de_2003.txt,0,section_total,,"ADMINISTRACION, CONTROL Y ORGANIZACION INSTITUCIONAL PARA APOYO A LA ADMINISTRACIONDEL","ADMINISTRACION, CONTROL Y ORGANIZACION INSTITUCIONAL PARA APOYO A LA ADMINISTRACIONDEL",,"ADMINISTRACION, CONTROL Y ORGANIZACION INSTITUCIONAL PARA APOYO A LA ADMINISTRACIONDEL","ADMINISTRACION, CONTROL Y ORGANIZACION INSTITUCIONAL PARA APOYO A LA ADMINISTRACIONDEL",14267360000.0,,unit,COP,unclear,review,0.5,docx_parser,docx_table,"Parsed from table 0, row 0"
Colombia,2004,pdf_70cd4b33da92__2004_Ley_848_de_2003.txt,0,section_total,,"ADMINISTRACION, CONTROL Y ORGANIZACION INSTITUCIONAL PARA APOYO A LA ADMINISTRACIÓN","ADMINISTRACION, CONTROL Y ORGANIZACION INSTITUCIONAL PARA APOYO A LA ADMINISTRACIÓN",,"ADMINISTRACION, CONTROL Y ORGANIZACION INSTITUCIONAL PARA APOYO A LA ADMINISTRACIÓN","ADMINISTRACION, CONTROL Y ORGANIZACION INSTITUCIONAL PARA APOYO A LA ADMINISTRACIÓN",26000000000.0,,unit,COP,unclear,review,0.5,docx_parser,docx_table,"Parsed from table 0, row 0"
Colombia,2004,pdf_70cd4b33da92__2004_Ley_848_de_2003.txt,0,section_total,,"ADMINISTRACION, CONTROL Y ORGANIZACION INSTITUCIONAL PARA APOYO A LA ADMINISTRACIÓN DEL","ADMINISTRACION, CONTROL Y ORGANIZACION INSTITUCIONAL PARA APOYO A LA ADMINISTRACIÓN DEL",,"ADMINISTRACION, CONTROL Y ORGANIZACION INSTITUCIONAL PARA APOYO A LA ADMINISTRACIÓN DEL","ADMINISTRACION, CONTROL Y ORGANIZACION INSTITUCIONAL PARA APOYO A LA ADMINISTRACIÓN DEL",25000000000.0,,unit,COP,unclear,review,0.5,docx_parser,docx_table,"Parsed from table 0, row 0"
Colombia,2004,pdf_70cd4b33da92__2004_Ley_848_de_2003.txt,0,section_total,,"ADMINISTRACION, CONTROL Y ORGANIZACION INSTITUCIONAL PARA APOYO A LA ADMINSSTRACVON","ADMINISTRACION, CONTROL Y ORGANIZACION INSTITUCIONAL PARA APOYO A LA ADMINSSTRACVON",,"ADMINISTRACION, CONTROL Y ORGANIZACION INSTITUCIONAL PARA APOYO A LA ADMINSSTRACVON","ADMINISTRACION, CONTROL Y ORGANIZACION INSTITUCIONAL PARA APOYO A LA ADMINSSTRACVON",2301500000.0,,unit,COP,unclear,review,0.5,docx_parser,docx_table,"Parsed from table 0, row 0"
Colombia,2004,pdf_70cd4b33da92__2004_Ley_848_de_2003.txt,0,section_total,,"ADMINISTRACION, CONTROL Y ORGANIZACION INSTITUCIONAL PARA APOYOA LA ADMINISTRACIÓN DEL","ADMINISTRACION, CONTROL Y ORGANIZACION INSTITUCIONAL PARA APOYOA LA ADMINISTRACIÓN DEL",,"ADMINISTRACION, CONTROL Y ORGANIZACION INSTITUCIONAL PARA APOYOA LA ADMINISTRACIÓN DEL","ADMINISTRACION, CONTROL Y ORGANIZACION INSTITUCIONAL PARA APOYOA LA ADMINISTRACIÓN DEL",2281243148.0,,unit,COP,unclear,review,0.5,docx_parser,docx_table,"Parsed from table 0, row 0"
Colombia,2004,pdf_70cd4b33da92__2004_Ley_848_de_2003.txt,0,section_total,,"ADMINISTRACION, CONTROL Y ORGANIZACION INSTITUCIONAL PARAAPOYO A LA ADMINISTRACIÓN DEL","ADMINISTRACION, CONTROL Y ORGANIZACION INSTITUCIONAL PARAAPOYO A LA ADMINISTRACIÓN DEL",,"ADMINISTRACION, CONTROL Y ORGANIZACION INSTITUCIONAL PARAAPOYO A LA ADMINISTRACIÓN DEL","ADMINISTRACION, CONTROL Y ORGANIZACION INSTITUCIONAL PARAAPOYO A LA ADMINISTRACIÓN DEL",147140000.0,,unit,COP,unclear,review,0.5,docx_parser,docx_table,"Parsed from table 0, row 0"
Colombia,2004,pdf_70cd4b33da92__2004_Ley_848_de_2003.txt,0,section_total,,"ADMINISTRACION, CONTROL Y ORGANIZACION INSTITUCIONALPARA APOYO A LA ADMINISTRACIONDELESTADO","ADMINISTRACION, CONTROL Y ORGANIZACION INSTITUCIONALPARA APOYO A LA ADMINISTRACIONDELESTADO",,"ADMINISTRACION, CONTROL Y ORGANIZACION INSTITUCIONALPARA APOYO A LA ADMINISTRACIONDELESTADO","ADMINISTRACION, CONTROL Y ORGANIZACION INSTITUCIONALPARA APOYO A LA ADMINISTRACIONDELESTADO",6800000000.0,,unit,COP,unclear,review,0.5,docx_parser,docx_table,"Parsed from table 0, row 0"
Colombia,2004,pdf_70cd4b33da92__2004_Ley_848_de_2003.txt,0,section_total,,"ADMINISTRACION, CONTROL YORGANIZACION INSTITUCIONAL PARA APOYO A LA ADMINISTRACIÓN DEL","ADMINISTRACION, CONTROL YORGANIZACION INSTITUCIONAL PARA APOYO A LA ADMINISTRACIÓN DEL",,"ADMINISTRACION, CONTROL YORGANIZACION INSTITUCIONAL PARA APOYO A LA ADMINISTRACIÓN DEL","ADMINISTRACION, CONTROL YORGANIZACION INSTITUCIONAL PARA APOYO A LA ADMINISTRACIÓN DEL",3800000000.0,,unit,COP,unclear,review,0.5,docx_parser,docx_table,"Parsed from table 0, row 0"
Colombia,2004,pdf_70cd4b33da92__2004_Ley_848_de_2003.txt,0,section_total,,"ADMINISTRACIQN, CONTROL Y ORGANIZACION INSTITUCIONAL PARA APOYO A LA ADMINISTRACION DEL","ADMINISTRACIQN, CONTROL Y ORGANIZACION INSTITUCIONAL PARA APOYO A LA ADMINISTRACION DEL",,"ADMINISTRACIQN, CONTROL Y ORGANIZACION INSTITUCIONAL PARA APOYO A LA ADMINISTRACION DEL","ADMINISTRACIQN, CONTROL Y ORGANIZACION INSTITUCIONAL PARA APOYO A LA ADMINISTRACION DEL",20287800000.0,,unit,COP,unclear,review,0.5,docx_parser,docx_table,"Parsed from table 0, row 0"
Colombia,2004,pdf_70cd4b33da92__2004_Ley_848_de_2003.txt,0,section_total,,"ADMINISTRATION, CONTROL YORGANIZACION INSTITUCIONAL PARA APOYO A LA ADMINISTRACIÓN DEL","ADMINISTRATION, CONTROL YORGANIZACION INSTITUCIONAL PARA APOYO A LA ADMINISTRACIÓN DEL",,"ADMINISTRATION, CONTROL YORGANIZACION INSTITUCIONAL PARA APOYO A LA ADMINISTRACIÓN DEL","ADMINISTRATION, CONTROL YORGANIZACION INSTITUCIONAL PARA APOYO A LA ADMINISTRACIÓN DEL",220000000.0,,unit,COP,unclear,review,0.5,docx_parser,docx_table,"Parsed from table 0, row 0"
Colombia,2004,pdf_70cd4b33da92__2004_Ley_848_de_2003.txt,0,section_total,,ADQUISICION DE INFRAESTRUCTURA ADMINISTRATIVA,ADQUISICION DE INFRAESTRUCTURA ADMINISTRATIVA,,ADQUISICION DE INFRAESTRUCTURA ADMINISTRATIVA,ADQUISICION DE INFRAESTRUCTURA ADMINISTRATIVA,800000000.0,,unit,COP,unclear,review,0.5,docx_parser,docx_table,"Parsed from table 0, row 0"
Colombia,2004,pdf_70cd4b33da92__2004_Ley_848_de_2003.txt,0,section_total,,ADQUISICION DE INFRAESTRUCTURA PROPIA DEL SECTOR,ADQUISICION DE INFRAESTRUCTURA PROPIA DEL SECTOR,,ADQUISICION DE INFRAESTRUCTURA PROPIA DEL SECTOR,ADQUISICION DE INFRAESTRUCTURA PROPIA DEL SECTOR,5956000000.0,,unit,COP,unclear,review,0.6,docx_parser,docx_table,"Parsed from table 0, row 0"
Colombia,2004,pdf_70cd4b33da92__2004_Ley_848_de_2003.txt,0,section_total,,"ADQUISICION VIO PRODUCCION DE EQUIPOS, MATERIALES, SUMINISTROS Y SERVICIOS ADMINISTRATIVOS","ADQUISICION VIO PRODUCCION DE EQUIPOS, MATERIALES, SUMINISTROS Y SERVICIOS ADMINISTRATIVOS",,"ADQUISICION VIO PRODUCCION DE EQUIPOS, MATERIALES, SUMINISTROS Y SERVICIOS ADMINISTRATIVOS","ADQUISICION VIO PRODUCCION DE EQUIPOS, MATERIALES, SUMINISTROS Y SERVICIOS ADMINISTRATIVOS",7000000000.0,,unit,COP,unclear,review,0.5,docx_parser,docx_table,"Parsed from table 0, row 0"
Colombia,2004,pdf_70cd4b33da92__2004_Ley_848_de_2003.txt,0,section_total,,"ADQUISICION Y/0 PRODUCCION DE EQUIPOS, MATERIALES SUMINISTROSY SERVICIOS PROPIOS DEL SECTOR","ADQUISICION Y/0 PRODUCCION DE EQUIPOS, MATERIALES SUMINISTROSY SERVICIOS PROPIOS DEL SECTOR",,"ADQUISICION Y/0 PRODUCCION DE EQUIPOS, MATERIALES SUMINISTROSY SERVICIOS PROPIOS DEL SECTOR","ADQUISICION Y/0 PRODUCCION DE EQUIPOS, MATERIALES SUMINISTROSY SERVICIOS PROPIOS DEL SECTOR",100000000.0,,unit,COP,unclear,review,0.5,docx_parser,docx_table,"Parsed from table 0, row 0"
Colombia,2004,pdf_70cd4b33da92__2004_Ley_848_de_2003.txt,0,section_total,,"ADQUISICION Y/O PROD000ION DE EQUIPOS, MATERIALES SUMINISTROS Y SERVICIOS PROPIOS DEL SECTOR","ADQUISICION Y/O PROD000ION DE EQUIPOS, MATERIALES SUMINISTROS Y SERVICIOS PROPIOS DEL SECTOR",,"ADQUISICION Y/O PROD000ION DE EQUIPOS, MATERIALES SUMINISTROS Y SERVICIOS PROPIOS DEL SECTOR","ADQUISICION Y/O PROD000ION DE EQUIPOS, MATERIALES SUMINISTROS Y SERVICIOS PROPIOS DEL SECTOR",68400000000.0,,unit,COP,unclear,review,0.5,docx_parser,docx_table,"Parsed from table 0, row 0"
Colombia,2004,pdf_70cd4b33da92__2004_Ley_848_de_2003.txt,0,section_total,,"ADQUISICION Y/O PRODUCCION DE EQUIPOS, MATERIALES SUMINISTROS Y SERVICIOS PROPIOS DEI. SECTOR","ADQUISICION Y/O PRODUCCION DE EQUIPOS, MATERIALES SUMINISTROS Y SERVICIOS PROPIOS DEI. SECTOR",,"ADQUISICION Y/O PRODUCCION DE EQUIPOS, MATERIALES SUMINISTROS Y SERVICIOS PROPIOS DEI. SECTOR","ADQUISICION Y/O PRODUCCION DE EQUIPOS, MATERIALES SUMINISTROS Y SERVICIOS PROPIOS DEI. SECTOR",30000000.0,,unit,COP,unclear,review,0.5,docx_parser,docx_table,"Parsed from table 0, row 0"
Colombia,2004,pdf_70cd4b33da92__2004_Ley_848_de_2003.txt,0,section_total,,"ADQUISICION Y/O PRODUCCION DE EQUIPOS, MATERIALES SUMINISTROS Y SERVICIOS PROPIOS DEL SECTOR","ADQUISICION Y/O PRODUCCION DE EQUIPOS, MATERIALES SUMINISTROS Y SERVICIOS PROPIOS DEL SECTOR",,"ADQUISICION Y/O PRODUCCION DE EQUIPOS, MATERIALES SUMINISTROS Y SERVICIOS PROPIOS DEL SECTOR","ADQUISICION Y/O PRODUCCION DE EQUIPOS, MATERIALES SUMINISTROS Y SERVICIOS PROPIOS DEL SECTOR",47711000000.0,,unit,COP,unclear,review,0.5,docx_parser,docx_table,"Parsed from table 0, row 0"
Colombia,2004,pdf_70cd4b33da92__2004_Ley_848_de_2003.txt,0,section_total,,"ADQUISICION Y/O PRODUCCION DE EQUIPOS, MATERIALES SUMINISTROSY SERVICIOS PROPIOS DEL SECTOR","ADQUISICION Y/O PRODUCCION DE EQUIPOS, MATERIALES SUMINISTROSY SERVICIOS PROPIOS DEL SECTOR",,"ADQUISICION Y/O PRODUCCION DE EQUIPOS, MATERIALES SUMINISTROSY SERVICIOS PROPIOS DEL SECTOR","ADQUISICION Y/O PRODUCCION DE EQUIPOS, MATERIALES SUMINISTROSY SERVICIOS PROPIOS DEL SECTOR",80877260000.0,,unit,COP,unclear,review,0.6,docx_parser,docx_table,"Parsed from table 0, row 0"
Colombia,2004,pdf_70cd4b33da92__2004_Ley_848_de_2003.txt,0,section_total,,"ADQUISICION Y/O PRODUCCION DE EQUIPOS, MATERIALES, SUMINISTROS Y SERVICIOS ADMINISTRATIVOS","ADQUISICION Y/O PRODUCCION DE EQUIPOS, MATERIALES, SUMINISTROS Y SERVICIOS ADMINISTRATIVOS",,"ADQUISICION Y/O PRODUCCION DE EQUIPOS, MATERIALES, SUMINISTROS Y SERVICIOS ADMINISTRATIVOS","ADQUISICION Y/O PRODUCCION DE EQUIPOS, MATERIALES, SUMINISTROS Y SERVICIOS ADMINISTRATIVOS",10200000000.0,,unit,COP,unclear,review,0.5,docx_parser,docx_table,"Parsed from table 0, row 0"
Colombia,2004,pdf_70cd4b33da92__2004_Ley_848_de_2003.txt,0,section_total,,"ADQUISICION Y/O PRODUCCION DE EQUIPOS, MATERIALES, SUMINISTROSY SERVICIOS ADMINISTRATIVOS","ADQUISICION Y/O PRODUCCION DE EQUIPOS, MATERIALES, SUMINISTROSY SERVICIOS ADMINISTRATIVOS",,"ADQUISICION Y/O PRODUCCION DE EQUIPOS, MATERIALES, SUMINISTROSY SERVICIOS ADMINISTRATIVOS","ADQUISICION Y/O PRODUCCION DE EQUIPOS, MATERIALES, SUMINISTROSY SERVICIOS ADMINISTRATIVOS",850000000.0,,unit,COP,unclear,review,0.5,docx_parser,docx_table,"Parsed from table 0, row 0"
Colombia,2004,pdf_70cd4b33da92__2004_Ley_848_de_2003.txt,0,section_total,,"ADQUISICION Y/O PRODUCCION DE EQUIPOS, MATERIALES, SUMINJSTROS Y SERVICIOS ADMINISTRATIVOS","ADQUISICION Y/O PRODUCCION DE EQUIPOS, MATERIALES, SUMINJSTROS Y SERVICIOS ADMINISTRATIVOS",,"ADQUISICION Y/O PRODUCCION DE EQUIPOS, MATERIALES, SUMINJSTROS Y SERVICIOS ADMINISTRATIVOS","ADQUISICION Y/O PRODUCCION DE EQUIPOS, MATERIALES, SUMINJSTROS Y SERVICIOS ADMINISTRATIVOS",430000000.0,,unit,COP,unclear,review,0.5,docx_parser,docx_table,"Parsed from table 0, row 0"
Colombia,2004,pdf_70cd4b33da92__2004_Ley_848_de_2003.txt,0,section_total,,"ADQUISICION Y/O PRODUCCION DE EQUIPOS, MATERIALES,SUMINISTROS Y SERVICIOS PROPIOS DEL SECTOR","ADQUISICION Y/O PRODUCCION DE EQUIPOS, MATERIALES,SUMINISTROS Y SERVICIOS PROPIOS DEL SECTOR",,"ADQUISICION Y/O PRODUCCION DE EQUIPOS, MATERIALES,SUMINISTROS Y SERVICIOS PROPIOS DEL SECTOR","ADQUISICION Y/O PRODUCCION DE EQUIPOS, MATERIALES,SUMINISTROS Y SERVICIOS PROPIOS DEL SECTOR",605882353.0,,unit,COP,unclear,review,0.5,docx_parser,docx_table,"Parsed from table 0, row 0"
Colombia,2004,pdf_70cd4b33da92__2004_Ley_848_de_2003.txt,0,section_total,,"ADQUISICION Y/O PRODUCCION DE EQUIPOS, MATERIALES. SUMINISTROS Y SERVICIOS ADMINISTRATIVOS","ADQUISICION Y/O PRODUCCION DE EQUIPOS, MATERIALES. SUMINISTROS Y SERVICIOS ADMINISTRATIVOS",,"ADQUISICION Y/O PRODUCCION DE EQUIPOS, MATERIALES. SUMINISTROS Y SERVICIOS ADMINISTRATIVOS","ADQUISICION Y/O PRODUCCION DE EQUIPOS, MATERIALES. SUMINISTROS Y SERVICIOS ADMINISTRATIVOS",1200650000.0,,unit,COP,unclear,review,0.5,docx_parser,docx_table,"Parsed from table 0, row 0"
Colombia,2004,pdf_70cd4b33da92__2004_Ley_848_de_2003.txt,0,section_total,,ADQUISICION Y/O PRODUCCION DE EQUIPOS; MATERIALES SUMINISTROS Y SERVICIOS PROPIOS DEL SECTOR,ADQUISICION Y/O PRODUCCION DE EQUIPOS; MATERIALES SUMINISTROS Y SERVICIOS PROPIOS DEL SECTOR,,ADQUISICION Y/O PRODUCCION DE EQUIPOS; MATERIALES SUMINISTROS Y SERVICIOS PROPIOS DEL SECTOR,ADQUISICION Y/O PRODUCCION DE EQUIPOS; MATERIALES SUMINISTROS Y SERVICIOS PROPIOS DEL SECTOR,859950000.0,,unit,COP,unclear,review,0.5,docx_parser,docx_table,"Parsed from table 0, row 0"
Colombia,2004,pdf_70cd4b33da92__2004_Ley_848_de_2003.txt,0,section_total,,"ADQUISICION Y/O PRODUCCION DE EQUIPOS; MATERIALES, SUMINISTROS Y SERVICIOS ADMINISTRATIVOS","ADQUISICION Y/O PRODUCCION DE EQUIPOS; MATERIALES, SUMINISTROS Y SERVICIOS ADMINISTRATIVOS",,"ADQUISICION Y/O PRODUCCION DE EQUIPOS; MATERIALES, SUMINISTROS Y SERVICIOS ADMINISTRATIVOS","ADQUISICION Y/O PRODUCCION DE EQUIPOS; MATERIALES, SUMINISTROS Y SERVICIOS ADMINISTRATIVOS",756000000.0,,unit,COP,unclear,review,0.5,docx_parser,docx_table,"Parsed from table 0, row 0"
Colombia,2004,pdf_70cd4b33da92__2004_Ley_848_de_2003.txt,0,section_total,,"ADQUISICION Y/O PRODUCCION DEEQUIPOS, MATERIALES SUMINISTROS Y SERVICIOS PROPIOS DEL SECTOR","ADQUISICION Y/O PRODUCCION DEEQUIPOS, MATERIALES SUMINISTROS Y SERVICIOS PROPIOS DEL SECTOR",,"ADQUISICION Y/O PRODUCCION DEEQUIPOS, MATERIALES SUMINISTROS Y SERVICIOS PROPIOS DEL SECTOR","ADQUISICION Y/O PRODUCCION DEEQUIPOS, MATERIALES SUMINISTROS Y SERVICIOS PROPIOS DEL SECTOR",25600000000.0,,unit,COP,unclear,review,0.5,docx_parser,docx_table,"Parsed from table 0, row 0"
Colombia,2004,pdf_70cd4b33da92__2004_Ley_848_de_2003.txt,0,section_total,,"ADQUISICION Y/O PRODUCCION DEEQUIPOS, MATERIALES SUMINISTROSY SERVICIOS PROPIOS DEL SECTOR","ADQUISICION Y/O PRODUCCION DEEQUIPOS, MATERIALES SUMINISTROSY SERVICIOS PROPIOS DEL SECTOR",,"ADQUISICION Y/O PRODUCCION DEEQUIPOS, MATERIALES SUMINISTROSY SERVICIOS PROPIOS DEL SECTOR","ADQUISICION Y/O PRODUCCION DEEQUIPOS, MATERIALES SUMINISTROSY SERVICIOS PROPIOS DEL SECTOR",152000000.0,,unit,COP,unclear,review,0.6,docx_parser,docx_table,"Parsed from table 0, row 0"
Colombia,2004,pdf_70cd4b33da92__2004_Ley_848_de_2003.txt,0,section_total,,"ADQUISICION Y/O PRQDUCCION DE EQUIPOS, MATERIALES SUMINISTROS Y SERVICIOS PROPIOS DEL SECTOR","ADQUISICION Y/O PRQDUCCION DE EQUIPOS, MATERIALES SUMINISTROS Y SERVICIOS PROPIOS DEL SECTOR",,"ADQUISICION Y/O PRQDUCCION DE EQUIPOS, MATERIALES SUMINISTROS Y SERVICIOS PROPIOS DEL SECTOR","ADQUISICION Y/O PRQDUCCION DE EQUIPOS, MATERIALES SUMINISTROS Y SERVICIOS PROPIOS DEL SECTOR",1058891770.0,,unit,COP,unclear,review,0.5,docx_parser,docx_table,"Parsed from table 0, row 0"
Colombia,2004,pdf_70cd4b33da92__2004_Ley_848_de_2003.txt,0,section_total,,"ADQUISICION Y/OPRÓDUCCION DE EQUIPOS, MATERIALES SUMINISTROS YSERVICIOS PROPIOS DEL SECTOR","ADQUISICION Y/OPRÓDUCCION DE EQUIPOS, MATERIALES SUMINISTROS YSERVICIOS PROPIOS DEL SECTOR",,"ADQUISICION Y/OPRÓDUCCION DE EQUIPOS, MATERIALES SUMINISTROS YSERVICIOS PROPIOS DEL SECTOR","ADQUISICION Y/OPRÓDUCCION DE EQUIPOS, MATERIALES SUMINISTROS YSERVICIOS PROPIOS DEL SECTOR",3000000000.0,,unit,COP,unclear,review,0.5,docx_parser,docx_table,"Parsed from table 0, row 0"
Colombia,2004,pdf_70cd4b33da92__2004_Ley_848_de_2003.txt,0,section_total,,"ADQUISICION YIO PRODUCCION DE EQUIPOS, MATERIALES SUMINISTROS Y SERVICIOS PROPIOS DEL SECTOR","ADQUISICION YIO PRODUCCION DE EQUIPOS, MATERIALES SUMINISTROS Y SERVICIOS PROPIOS DEL SECTOR",,"ADQUISICION YIO PRODUCCION DE EQUIPOS, MATERIALES SUMINISTROS Y SERVICIOS PROPIOS DEL SECTOR","ADQUISICION YIO PRODUCCION DE EQUIPOS, MATERIALES SUMINISTROS Y SERVICIOS PROPIOS DEL SECTOR",2278080000.0,,unit,COP,unclear,review,0.5,docx_parser,docx_table,"Parsed from table 0, row 0"
Colombia,2004,pdf_70cd4b33da92__2004_Ley_848_de_2003.txt,0,section_total,,"ADQUISICIÓN Y/O PRODUCCIÓN DE EQUIPOS, MATERIALES, SUMINISTROS Y SERVICIOS ADMINISTRATIVOS","ADQUISICIÓN Y/O PRODUCCIÓN DE EQUIPOS, MATERIALES, SUMINISTROS Y SERVICIOS ADMINISTRATIVOS",,"ADQUISICIÓN Y/O PRODUCCIÓN DE EQUIPOS, MATERIALES, SUMINISTROS Y SERVICIOS ADMINISTRATIVOS","ADQUISICIÓN Y/O PRODUCCIÓN DE EQUIPOS, MATERIALES, SUMINISTROS Y SERVICIOS ADMINISTRATIVOS",1000000000.0,,unit,COP,unclear,review,0.5,docx_parser,docx_table,"Parsed from table 0, row 0"
Colombia,2004,pdf_70cd4b33da92__2004_Ley_848_de_2003.txt,0,section_total,,ARTE Y CULTURA,ARTE Y CULTURA,,ARTE Y CULTURA,ARTE Y CULTURA,200920619000.0,,unit,COP,unclear,review,0.6,docx_parser,docx_table,"Parsed from table 0, row 0"
Colombia,2004,pdf_70cd4b33da92__2004_Ley_848_de_2003.txt,0,section_total,,ARTE YCULTURA,ARTE YCULTURA,,ARTE YCULTURA,ARTE YCULTURA,3835000000.0,,unit,COP,unclear,review,0.5,docx_parser,docx_table,"Parsed from table 0, row 0"
Colombia,2004,pdf_70cd4b33da92__2004_Ley_848_de_2003.txt,0,section_total,,ASISTENCIA DIRECTA A LA COMUNIDAD,ASISTENCIA DIRECTA A LA COMUNIDAD,,ASISTENCIA DIRECTA A LA COMUNIDAD,ASISTENCIA DIRECTA A LA COMUNIDAD,1006350843000.0,,unit,COP,unclear,review,0.6,docx_parser,docx_table,"Parsed from table 0, row 0"
Colombia,2004,pdf_70cd4b33da92__2004_Ley_848_de_2003.txt,0,section_total,,"ASISTENCIA TECNICA, DIVULGACION Y CAPACITACION A FUNCIONARIOS DEL ESTADO PARA APOYO A LA ADMINISTRACION DEL ESTADO","ASISTENCIA TECNICA, DIVULGACION Y CAPACITACION A FUNCIONARIOS DEL ESTADO PARA APOYO A LA ADMINISTRACION DEL ESTADO",,"ASISTENCIA TECNICA, DIVULGACION Y CAPACITACION A FUNCIONARIOS DEL ESTADO PARA APOYO A LA ADMINISTRACION DEL ESTADO","ASISTENCIA TECNICA, DIVULGACION Y CAPACITACION A FUNCIONARIOS DEL ESTADO PARA APOYO A LA ADMINISTRACION DEL ESTADO",12502880000.0,,unit,COP,unclear,review,0.6,docx_parser,docx_table,"Parsed from table 0, row 0"
Colombia,2004,pdf_70cd4b33da92__2004_Ley_848_de_2003.txt,0,section_total,,"ASISTENCIA TECNICA, DIVULGACION Y CAPACITACION AFUNCIONARIOS DEL ESTADO PARA APOYO A LA ADMINISTRACION DEL ESTADO","ASISTENCIA TECNICA, DIVULGACION Y CAPACITACION AFUNCIONARIOS DEL ESTADO PARA APOYO A LA ADMINISTRACION DEL ESTADO",,"ASISTENCIA TECNICA, DIVULGACION Y CAPACITACION AFUNCIONARIOS DEL ESTADO PARA APOYO A LA ADMINISTRACION DEL ESTADO","ASISTENCIA TECNICA, DIVULGACION Y CAPACITACION AFUNCIONARIOS DEL ESTADO PARA APOYO A LA ADMINISTRACION DEL ESTADO",3340000000.0,,unit,COP,unclear,review,0.5,docx_parser,docx_table,"Parsed from table 0, row 0"
Colombia,2004,pdf_70cd4b33da92__2004_Ley_848_de_2003.txt,0,section_total,,"ASISTENCIA TECNICA, DIVULGACION Y CAPACITACIONA FUNCIONARIOS DEL ESTADO PARA APOYO A LAADMINISTRACION DEL ESTADO","ASISTENCIA TECNICA, DIVULGACION Y CAPACITACIONA FUNCIONARIOS DEL ESTADO PARA APOYO A LAADMINISTRACION DEL ESTADO",,"ASISTENCIA TECNICA, DIVULGACION Y CAPACITACIONA FUNCIONARIOS DEL ESTADO PARA APOYO A LAADMINISTRACION DEL ESTADO","ASISTENCIA TECNICA, DIVULGACION Y CAPACITACIONA FUNCIONARIOS DEL ESTADO PARA APOYO A LAADMINISTRACION DEL ESTADO",502000000.0,,unit,COP,unclear,review,0.6,docx_parser,docx_table,"Parsed from table 0, row 0"
Colombia,2004,pdf_70cd4b33da92__2004_Ley_848_de_2003.txt,0,section_total,,"ASISTENCIA TECNICA, DIVULGACIONY CAPACITACION A FUNCIONARIOS DEL ESTADO PARA APOYO A LA ADMINISTRACION DEL ESTADO","ASISTENCIA TECNICA, DIVULGACIONY CAPACITACION A FUNCIONARIOS DEL ESTADO PARA APOYO A LA ADMINISTRACION DEL ESTADO",,"ASISTENCIA TECNICA, DIVULGACIONY CAPACITACION A FUNCIONARIOS DEL ESTADO PARA APOYO A LA ADMINISTRACION DEL ESTADO","ASISTENCIA TECNICA, DIVULGACIONY CAPACITACION A FUNCIONARIOS DEL ESTADO PARA APOYO A LA ADMINISTRACION DEL ESTADO",5600000000.0,,unit,COP,unclear,review,0.5,docx_parser,docx_table,"Parsed from table 0, row 0"
Colombia,2004,pdf_70cd4b33da92__2004_Ley_848_de_2003.txt,0,section_total,,"ASISTENCIA TECNICA, DIVULGACIONY CAPACITAGION A FUNCIONARIOS DEL ESTADO PARA APOYO A LA ADMINISTRACION DEL ESTADO","ASISTENCIA TECNICA, DIVULGACIONY CAPACITAGION A FUNCIONARIOS DEL ESTADO PARA APOYO A LA ADMINISTRACION DEL ESTADO",,"ASISTENCIA TECNICA, DIVULGACIONY CAPACITAGION A FUNCIONARIOS DEL ESTADO PARA APOYO A LA ADMINISTRACION DEL ESTADO","ASISTENCIA TECNICA, DIVULGACIONY CAPACITAGION A FUNCIONARIOS DEL ESTADO PARA APOYO A LA ADMINISTRACION DEL ESTADO",150000000.0,,unit,COP,unclear,review,0.6,docx_parser,docx_table,"Parsed from table 0, row 0"
Colombia,2004,pdf_70cd4b33da92__2004_Ley_848_de_2003.txt,0,section_total,,"ASISTENCIA TÉCNICA, DIVULGACIONY CAPACITACION A FUNCIONARIOS DEL ESTADO PARA APOYO A LA ADMINISTRACION DEL ESTADO","ASISTENCIA TÉCNICA, DIVULGACIONY CAPACITACION A FUNCIONARIOS DEL ESTADO PARA APOYO A LA ADMINISTRACION DEL ESTADO",,"ASISTENCIA TÉCNICA, DIVULGACIONY CAPACITACION A FUNCIONARIOS DEL ESTADO PARA APOYO A LA ADMINISTRACION DEL ESTADO","ASISTENCIA TÉCNICA, DIVULGACIONY CAPACITACION A FUNCIONARIOS DEL ESTADO PARA APOYO A LA ADMINISTRACION DEL ESTADO",870000000.0,,unit,COP,unclear,review,0.5,docx_parser,docx_table,"Parsed from table 0, row 0"
Colombia,2004,pdf_70cd4b33da92__2004_Ley_848_de_2003.txt,0,section_total,,ATENCION DE EMERGENCIAS Y,ATENCION DE EMERGENCIAS Y,,ATENCION DE EMERGENCIAS Y,ATENCION DE EMERGENCIAS Y,1238000000.0,,unit,COP,unclear,review,0.5,docx_parser,docx_table,"Parsed from table 0, row 0"
Colombia,2004,pdf_70cd4b33da92__2004_Ley_848_de_2003.txt,0,section_total,,"ATENCION, CONTROL Y ORGANIZACION INSTITUCIONAL PARA APOYO A LA GESTION DEL ESTADO","ATENCION, CONTROL Y ORGANIZACION INSTITUCIONAL PARA APOYO A LA GESTION DEL ESTADO",,"ATENCION, CONTROL Y ORGANIZACION INSTITUCIONAL PARA APOYO A LA GESTION DEL ESTADO","ATENCION, CONTROL Y ORGANIZACION INSTITUCIONAL PARA APOYO A LA GESTION DEL ESTADO",402300000000.0,,unit,COP,unclear,review,0.5,docx_parser,docx_table,"Parsed from table 0, row 0"
Colombia,2004,pdf_70cd4b33da92__2004_Ley_848_de_2003.txt,0,section_total,,"ATENCION, CONTROLY ORGANIZACION INSTITUCIONAL PARA APOYO A LA GESTION DEL ESTADO","ATENCION, CONTROLY ORGANIZACION INSTITUCIONAL PARA APOYO A LA GESTION DEL ESTADO",,"ATENCION, CONTROLY ORGANIZACION INSTITUCIONAL PARA APOYO A LA GESTION DEL ESTADO","ATENCION, CONTROLY ORGANIZACION INSTITUCIONAL PARA APOYO A LA GESTION DEL ESTADO",300000000.0,,unit,COP,unclear,review,0.6,docx_parser,docx_table,"Parsed from table 0, row 0"
Colombia,2004,pdf_70cd4b33da92__2004_Ley_848_de_2003.txt,0,section_total,,B - RECURSOS DE CAPITAL,B - RECURSOS DE CAPITAL,,B - RECURSOS DE CAPITAL,B - RECURSOS DE CAPITAL,52132093200.0,,unit,COP,unclear,review,0.5,docx_parser,docx_table,"Parsed from table 0, row 0"
Colombia,2004,pdf_70cd4b33da92__2004_Ley_848_de_2003.txt,0,section_total,,B. PRESUPUESTO DE SERVICIO DE LA DEUDAPUBLICA,B. PRESUPUESTO DE SERVICIO DE LA DEUDAPUBLICA,,B. PRESUPUESTO DE SERVICIO DE LA DEUDAPUBLICA,B. PRESUPUESTO DE SERVICIO DE LA DEUDAPUBLICA,20315000000.0,,unit,COP,unclear,review,0.5,docx_parser,docx_table,"Parsed from table 0, row 0"
Colombia,2004,pdf_70cd4b33da92__2004_Ley_848_de_2003.txt,0,section_total,,B. PRESUPUESTO DE SERVICIO. DE LA DEUDA PUBLICA,B. PRESUPUESTO DE SERVICIO. DE LA DEUDA PUBLICA,,B. PRESUPUESTO DE SERVICIO. DE LA DEUDA PUBLICA,B. PRESUPUESTO DE SERVICIO. DE LA DEUDA PUBLICA,4622500000.0,,unit,COP,unclear,review,0.5,docx_parser,docx_table,"Parsed from table 0, row 0"
Colombia,2004,pdf_70cd4b33da92__2004_Ley_848_de_2003.txt,0,section_total,,BIENESTAR SOCIAL A TRABAJADORES,BIENESTAR SOCIAL A TRABAJADORES,,BIENESTAR SOCIAL A TRABAJADORES,BIENESTAR SOCIAL A TRABAJADORES,66992202000.0,,unit,COP,unclear,review,0.5,docx_parser,docx_table,"Parsed from table 0, row 0"
Colombia,2004,pdf_70cd4b33da92__2004_Ley_848_de_2003.txt,0,section_total,,C - CONTRIBUCIONES PARAFISCALES,C - CONTRIBUCIONES PARAFISCALES,,C - CONTRIBUCIONES PARAFISCALES,C - CONTRIBUCIONES PARAFISCALES,1138781423000.0,,unit,COP,unclear,review,0.5,docx_parser,docx_table,"Parsed from table 0, row 0"
Colombia,2004,pdf_70cd4b33da92__2004_Ley_848_de_2003.txt,0,section_total,,C PRESUPUESTO DE INVERSION,C PRESUPUESTO DE INVERSION,,C PRESUPUESTO DE INVERSION,C PRESUPUESTO DE INVERSION,511176000000.0,,unit,COP,unclear,review,0.5,docx_parser,docx_table,"Parsed from table 0, row 0"
Colombia,2004,pdf_70cd4b33da92__2004_Ley_848_de_2003.txt,0,section_total,,C. PRESUPUESTO DE INVERCION,C. PRESUPUESTO DE INVERCION,,C. PRESUPUESTO DE INVERCION,C. PRESUPUESTO DE INVERCION,10000000000.0,,unit,COP,unclear,review,0.5,docx_parser,docx_table,"Parsed from table 0, row 0"
Colombia,2004,pdf_70cd4b33da92__2004_Ley_848_de_2003.txt,0,section_total,,C. PRESUPUESTO DE INVERSION,C. PRESUPUESTO DE INVERSION,,C. PRESUPUESTO DE INVERSION,C. PRESUPUESTO DE INVERSION,1406941650427.0,,unit,COP,unclear,review,0.5,docx_parser,docx_table,"Parsed from table 0, row 0"
Colombia,2004,pdf_70cd4b33da92__2004_Ley_848_de_2003.txt,0,section_total,,C. PRESUPUESTO DEINVERSION,C. PRESUPUESTO DEINVERSION,,C. PRESUPUESTO DEINVERSION,C. PRESUPUESTO DEINVERSION,63700000000.0,,unit,COP,unclear,review,0.5,docx_parser,docx_table,"Parsed from table 0, row 0"
Colombia,2004,pdf_70cd4b33da92__2004_Ley_848_de_2003.txt,0,section_total,,C. PRESUPUESTOOEINVERSION,C. PRESUPUESTOOEINVERSION,,C. PRESUPUESTOOEINVERSION,C. PRESUPUESTOOEINVERSION,7250000000.0,,unit,COP,unclear,review,0.5,docx_parser,docx_table,"Parsed from table 0, row 0"
Colombia,2004,pdf_70cd4b33da92__2004_Ley_848_de_2003.txt,0,section_total,,C. PRESUPÚESTO DE INVERSION,C. PRESUPÚESTO DE INVERSION,,C. PRESUPÚESTO DE INVERSION,C. PRESUPÚESTO DE INVERSION,200000000.0,,unit,COP,unclear,review,0.6,docx_parser,docx_table,"Parsed from table 0, row 0"
Colombia,2004,pdf_70cd4b33da92__2004_Ley_848_de_2003.txt,0,section_total,,C. PRÉSUPUESTO DE INVERSION,C. PRÉSUPUESTO DE INVERSION,,C. PRÉSUPUESTO DE INVERSION,C. PRÉSUPUESTO DE INVERSION,1413367437000.0,,unit,COP,unclear,review,0.5,docx_parser,docx_table,"Parsed from table 0, row 0"
Colombia,2004,pdf_70cd4b33da92__2004_Ley_848_de_2003.txt,0,section_total,,C.PRESUPUESTO DE INVERSION,C.PRESUPUESTO DE INVERSION,,C.PRESUPUESTO DE INVERSION,C.PRESUPUESTO DE INVERSION,202385715000.0,,unit,COP,unclear,review,0.5,docx_parser,docx_table,"Parsed from table 0, row 0"
Colombia,2004,pdf_70cd4b33da92__2004_Ley_848_de_2003.txt,0,section_total,,CAPITALIZACION,CAPITALIZACION,,CAPITALIZACION,CAPITALIZACION,816682000000.0,,unit,COP,unclear,review,0.5,docx_parser,docx_table,"Parsed from table 0, row 0"
Colombia,2004,pdf_70cd4b33da92__2004_Ley_848_de_2003.txt,0,section_total,,COMERCIALIZACION,COMERCIALIZACION,,COMERCIALIZACION,COMERCIALIZACION,56000000000.0,,unit,COP,unclear,review,0.5,docx_parser,docx_table,"Parsed from table 0, row 0"
Colombia,2004,pdf_70cd4b33da92__2004_Ley_848_de_2003.txt,0,section_total,,COMERCIO EXTERNO,COMERCIO EXTERNO,,COMERCIO EXTERNO,COMERCIO EXTERNO,2150000000.0,,unit,COP,unclear,review,0.5,docx_parser,docx_table,"Parsed from table 0, row 0"
Colombia,2004,pdf_70cd4b33da92__2004_Ley_848_de_2003.txt,0,section_total,,COMERCIO INTERNO,COMERCIO INTERNO,,COMERCIO INTERNO,COMERCIO INTERNO,50000000.0,,unit,COP,unclear,review,0.5,docx_parser,docx_table,"Parsed from table 0, row 0"
Colombia,2004,pdf_70cd4b33da92__2004_Ley_848_de_2003.txt,0,section_total,,COMERCIOINTERNO,COMERCIOINTERNO,,COMERCIOINTERNO,COMERCIOINTERNO,200000000.0,,unit,COP,unclear,review,0.5,docx_parser,docx_table,"Parsed from table 0, row 0"
Colombia,2004,pdf_70cd4b33da92__2004_Ley_848_de_2003.txt,0,section_total,,CONSERVACION,CONSERVACION,,CONSERVACION,CONSERVACION,1430000000.0,,unit,COP,unclear,review,0.5,docx_parser,docx_table,"Parsed from table 0, row 0"
Colombia,2004,pdf_70cd4b33da92__2004_Ley_848_de_2003.txt,0,section_total,,CONSTRUCCION DE INFRAESTRUCTURA ADMINISTRATIVA,CONSTRUCCION DE INFRAESTRUCTURA ADMINISTRATIVA,,CONSTRUCCION DE INFRAESTRUCTURA ADMINISTRATIVA,CONSTRUCCION DE INFRAESTRUCTURA ADMINISTRATIVA,796000000.0,,unit,COP,unclear,review,0.5,docx_parser,docx_table,"Parsed from table 0, row 0"
Colombia,2004,pdf_70cd4b33da92__2004_Ley_848_de_2003.txt,0,section_total,,CONSTRUCCION DE INFRAESTRUCTURA PROPIA DEL NSECTOR,CONSTRUCCION DE INFRAESTRUCTURA PROPIA DEL NSECTOR,,CONSTRUCCION DE INFRAESTRUCTURA PROPIA DEL NSECTOR,CONSTRUCCION DE INFRAESTRUCTURA PROPIA DEL NSECTOR,1000000000.0,,unit,COP,unclear,review,0.5,docx_parser,docx_table,"Parsed from table 0, row 0"
Colombia,2004,pdf_70cd4b33da92__2004_Ley_848_de_2003.txt,0,section_total,,CONSTRUCCION DE INFRAESTRUCTURA PROPIA DEL SECTOR,CONSTRUCCION DE INFRAESTRUCTURA PROPIA DEL SECTOR,,CONSTRUCCION DE INFRAESTRUCTURA PROPIA DEL SECTOR,CONSTRUCCION DE INFRAESTRUCTURA PROPIA DEL SECTOR,263722365000.0,,unit,COP,unclear,review,0.5,docx_parser,docx_table,"Parsed from table 0, row 0"
Colombia,2004,pdf_70cd4b33da92__2004_Ley_848_de_2003.txt,0,section_total,,"CONSTRUCCION DE INFRAESTRUCTURA PROPIA DEL SECTOR 50,000,000,000","CONSTRUCCION DE INFRAESTRUCTURA PROPIA DEL SECTOR 50,000,000,000",,"CONSTRUCCION DE INFRAESTRUCTURA PROPIA DEL SECTOR 50,000,000,000","CONSTRUCCION DE INFRAESTRUCTURA PROPIA DEL SECTOR 50,000,000,000",50000000000.0,,unit,COP,unclear,review,0.5,docx_parser,docx_table,"Parsed from table 0, row 0"
Colombia,2004,pdf_70cd4b33da92__2004_Ley_848_de_2003.txt,0,section_total,,CONSTRUCCION DE INFRAESTRUCTURA PROPIA DEL SECTOR.,CONSTRUCCION DE INFRAESTRUCTURA PROPIA DEL SECTOR.,,CONSTRUCCION DE INFRAESTRUCTURA PROPIA DEL SECTOR.,CONSTRUCCION DE INFRAESTRUCTURA PROPIA DEL SECTOR.,28000000000.0,,unit,COP,unclear,review,0.5,docx_parser,docx_table,"Parsed from table 0, row 0"
Colombia,2004,pdf_70cd4b33da92__2004_Ley_848_de_2003.txt,0,section_total,,"COORDINACION, ADMINISTRACION PROMOCION, Y/O SEGUIMIENTO DE COOPERACION TECNICA Y/O FINANCIERA PARA APOYO A LA ADMINISTRACION DEL","COORDINACION, ADMINISTRACION PROMOCION, Y/O SEGUIMIENTO DE COOPERACION TECNICA Y/O FINANCIERA PARA APOYO A LA ADMINISTRACION DEL",,"COORDINACION, ADMINISTRACION PROMOCION, Y/O SEGUIMIENTO DE COOPERACION TECNICA Y/O FINANCIERA PARA APOYO A LA ADMINISTRACION DEL","COORDINACION, ADMINISTRACION PROMOCION, Y/O SEGUIMIENTO DE COOPERACION TECNICA Y/O FINANCIERA PARA APOYO A LA ADMINISTRACION DEL",54000000000.0,,unit,COP,unclear,review,0.5,docx_parser,docx_table,"Parsed from table 0, row 0"
Colombia,2004,pdf_70cd4b33da92__2004_Ley_848_de_2003.txt,0,section_total,,DEFENSA Y SEGURIDAD EXTERNA,DEFENSA Y SEGURIDAD EXTERNA,,DEFENSA Y SEGURIDAD EXTERNA,DEFENSA Y SEGURIDAD EXTERNA,15350000000.0,,unit,COP,unclear,review,0.5,docx_parser,docx_table,"Parsed from table 0, row 0"
Colombia,2004,pdf_70cd4b33da92__2004_Ley_848_de_2003.txt,0,section_total,,DEFENSA Y SEGURIDAD INTERNA,DEFENSA Y SEGURIDAD INTERNA,,DEFENSA Y SEGURIDAD INTERNA,DEFENSA Y SEGURIDAD INTERNA,146694000000.0,,unit,COP,unclear,review,0.6,docx_parser,docx_table,"Parsed from table 0, row 0"
Colombia,2004,pdf_70cd4b33da92__2004_Ley_848_de_2003.txt,0,section_total,,DEFENSA YSEGURIDAD EXTERNA,DEFENSA YSEGURIDAD EXTERNA,,DEFENSA YSEGURIDAD EXTERNA,DEFENSA YSEGURIDAD EXTERNA,457000000.0,,unit,COP,unclear,review,0.6,docx_parser,docx_table,"Parsed from table 0, row 0"
Colombia,2004,pdf_70cd4b33da92__2004_Ley_848_de_2003.txt,0,section_total,,DIVULGACION ASISTENCIA TECNICA Y CAPACITACION DEL RECURSO HUMANO,DIVULGACION ASISTENCIA TECNICA Y CAPACITACION DEL RECURSO HUMANO,,DIVULGACION ASISTENCIA TECNICA Y CAPACITACION DEL RECURSO HUMANO,DIVULGACION ASISTENCIA TECNICA Y CAPACITACION DEL RECURSO HUMANO,82000000.0,,unit,COP,unclear,review,0.5,docx_parser,docx_table,"Parsed from table 0, row 0"
Colombia,2004,pdf_70cd4b33da92__2004_Ley_848_de_2003.txt,0,section_total,,"DIVULGACION, ASISTENCIA TECNICA Y CAPACITACION DEL RECURSO HUMANO","DIVULGACION, ASISTENCIA TECNICA Y CAPACITACION DEL RECURSO HUMANO",,"DIVULGACION, ASISTENCIA TECNICA Y CAPACITACION DEL RECURSO HUMANO","DIVULGACION, ASISTENCIA TECNICA Y CAPACITACION DEL RECURSO HUMANO",427166401000.0,,unit,COP,direct_rd,include,0.9,docx_parser,docx_table,"Parsed from table 0, row 0"
Colombia,2004,pdf_70cd4b33da92__2004_Ley_848_de_2003.txt,0,section_total,,"DIVULGACION, ASISTENCIA TECNICA Y CAPACITACION DEL RECURSO HUMO","DIVULGACION, ASISTENCIA TECNICA Y CAPACITACION DEL RECURSO HUMO",,"DIVULGACION, ASISTENCIA TECNICA Y CAPACITACION DEL RECURSO HUMO","DIVULGACION, ASISTENCIA TECNICA Y CAPACITACION DEL RECURSO HUMO",100000000.0,,unit,COP,unclear,review,0.5,docx_parser,docx_table,"Parsed from table 0, row 0"
Colombia,2004,pdf_70cd4b33da92__2004_Ley_848_de_2003.txt,0,section_total,,"DIVULGACION, ASISTENCIA TECNICA Y CAPÁCITACION DEL RECURSO HUMANO","DIVULGACION, ASISTENCIA TECNICA Y CAPÁCITACION DEL RECURSO HUMANO",,"DIVULGACION, ASISTENCIA TECNICA Y CAPÁCITACION DEL RECURSO HUMANO","DIVULGACION, ASISTENCIA TECNICA Y CAPÁCITACION DEL RECURSO HUMANO",13000000000.0,,unit,COP,unclear,review,0.6,docx_parser,docx_table,"Parsed from table 0, row 0"
Colombia,2004,pdf_70cd4b33da92__2004_Ley_848_de_2003.txt,0,section_total,,"DIVULGACION, ASISTENCIA TECNICAY CAPACITACION DEL RECURSO HUMANO","DIVULGACION, ASISTENCIA TECNICAY CAPACITACION DEL RECURSO HUMANO",,"DIVULGACION, ASISTENCIA TECNICAY CAPACITACION DEL RECURSO HUMANO","DIVULGACION, ASISTENCIA TECNICAY CAPACITACION DEL RECURSO HUMANO",37947777000.0,,unit,COP,unclear,review,0.5,docx_parser,docx_table,"Parsed from table 0, row 0"
Colombia,2004,pdf_70cd4b33da92__2004_Ley_848_de_2003.txt,0,section_total,,"DIVULGACION, ASISTENCIATECNICA Y CAPACITACION DEL RECURSO HUMANO","DIVULGACION, ASISTENCIATECNICA Y CAPACITACION DEL RECURSO HUMANO",,"DIVULGACION, ASISTENCIATECNICA Y CAPACITACION DEL RECURSO HUMANO","DIVULGACION, ASISTENCIATECNICA Y CAPACITACION DEL RECURSO HUMANO",7250000000.0,,unit,COP,unclear,review,0.5,docx_parser,docx_table,"Parsed from table 0, row 0"
Colombia,2004,pdf_70cd4b33da92__2004_Ley_848_de_2003.txt,0,section_total,,"DIVULGACION, ASISTENCIATECNICAY CAPACITACION DEL","DIVULGACION, ASISTENCIATECNICAY CAPACITACION DEL",,"DIVULGACION, ASISTENCIATECNICAY CAPACITACION DEL","DIVULGACION, ASISTENCIATECNICAY CAPACITACION DEL",10000000000.0,,unit,COP,unclear,review,0.5,docx_parser,docx_table,"Parsed from table 0, row 0"
Colombia,2004,pdf_70cd4b33da92__2004_Ley_848_de_2003.txt,0,section_total,,DIVULGACION. ASISTENCIA TECNICA Y CAPACITACION DEL RECURSO HUMANO,DIVULGACION. ASISTENCIA TECNICA Y CAPACITACION DEL RECURSO HUMANO,,DIVULGACION. ASISTENCIA TECNICA Y CAPACITACION DEL RECURSO HUMANO,DIVULGACION. ASISTENCIA TECNICA Y CAPACITACION DEL RECURSO HUMANO,12000000.0,,unit,COP,direct_rd,include,0.9,docx_parser,docx_table,"Parsed from table 0, row 0"
Colombia,2004,pdf_70cd4b33da92__2004_Ley_848_de_2003.txt,0,section_total,,DIVULGACION; ASISTENCIA TECNICA Y CAPACITACION DEL RECURSO HUMANO,DIVULGACION; ASISTENCIA TECNICA Y CAPACITACION DEL RECURSO HUMANO,,DIVULGACION; ASISTENCIA TECNICA Y CAPACITACION DEL RECURSO HUMANO,DIVULGACION; ASISTENCIA TECNICA Y CAPACITACION DEL RECURSO HUMANO,326100000.0,,unit,COP,unclear,review,0.6,docx_parser,docx_table,"Parsed from table 0, row 0"
Colombia,2004,pdf_70cd4b33da92__2004_Ley_848_de_2003.txt,0,section_total,,"DIVULGACIÓN, ASISTENCIA TECNICA Y CAPACITACION DEL RECURSO HUMANO","DIVULGACIÓN, ASISTENCIA TECNICA Y CAPACITACION DEL RECURSO HUMANO",,"DIVULGACIÓN, ASISTENCIA TECNICA Y CAPACITACION DEL RECURSO HUMANO","DIVULGACIÓN, ASISTENCIA TECNICA Y CAPACITACION DEL RECURSO HUMANO",2298000000.0,,unit,COP,unclear,review,0.6,docx_parser,docx_table,"Parsed from table 0, row 0"
Colombia,2004,pdf_70cd4b33da92__2004_Ley_848_de_2003.txt,0,section_total,,EDUCACION DE ADULTOS,EDUCACION DE ADULTOS,,EDUCACION DE ADULTOS,EDUCACION DE ADULTOS,1900000000.0,,unit,COP,unclear,review,0.6,docx_parser,docx_table,"Parsed from table 0, row 0"
Colombia,2004,pdf_70cd4b33da92__2004_Ley_848_de_2003.txt,0,section_total,,EDUCACION ESPECIAL,EDUCACION ESPECIAL,,EDUCACION ESPECIAL,EDUCACION ESPECIAL,365939000.0,,unit,COP,unclear,review,0.6,docx_parser,docx_table,"Parsed from table 0, row 0"
Colombia,2004,pdf_70cd4b33da92__2004_Ley_848_de_2003.txt,0,section_total,,EDUCACION SUPERIOR,EDUCACION SUPERIOR,,EDUCACION SUPERIOR,EDUCACION SUPERIOR,191774419000.0,,unit,COP,unclear,review,0.6,docx_parser,docx_table,"Parsed from table 0, row 0"
Colombia,2004,pdf_70cd4b33da92__2004_Ley_848_de_2003.txt,0,section_total,,EDUCACIÓN SUPERIOR,EDUCACIÓN SUPERIOR,,EDUCACIÓN SUPERIOR,EDUCACIÓN SUPERIOR,500000000.0,,unit,COP,unclear,review,0.6,docx_parser,docx_table,"Parsed from table 0, row 0"
Colombia,2004,pdf_70cd4b33da92__2004_Ley_848_de_2003.txt,0,section_total,,EDUCÁCION SUPERIOR,EDUCÁCION SUPERIOR,,EDUCÁCION SUPERIOR,EDUCÁCION SUPERIOR,3100000000.0,,unit,COP,unclear,review,0.5,docx_parser,docx_table,"Parsed from table 0, row 0"
Colombia,2004,pdf_70cd4b33da92__2004_Ley_848_de_2003.txt,0,section_total,,ESTUDIOS DE PREINVERSION,ESTUDIOS DE PREINVERSION,,ESTUDIOS DE PREINVERSION,ESTUDIOS DE PREINVERSION,2359500000.0,,unit,COP,unclear,review,0.5,docx_parser,docx_table,"Parsed from table 0, row 0"
Colombia,2004,pdf_70cd4b33da92__2004_Ley_848_de_2003.txt,0,section_total,,ESTUDIOS-DE PREINVERSION,ESTUDIOS-DE PREINVERSION,,ESTUDIOS-DE PREINVERSION,ESTUDIOS-DE PREINVERSION,1599000000.0,,unit,COP,unclear,review,0.5,docx_parser,docx_table,"Parsed from table 0, row 0"
Colombia,2004,pdf_70cd4b33da92__2004_Ley_848_de_2003.txt,0,section_total,,FONDOS ESPECIALES,FONDOS ESPECIALES,,FONDOS ESPECIALES,FONDOS ESPECIALES,2506285865400.0,,unit,COP,unclear,review,0.5,docx_parser,docx_table,"Parsed from table 0, row 0"
Colombia,2004,pdf_70cd4b33da92__2004_Ley_848_de_2003.txt,0,section_total,,"FORMAS ASOCIATIVAS Y COOPERATIVAS 400,557,360","FORMAS ASOCIATIVAS Y COOPERATIVAS 400,557,360",,"FORMAS ASOCIATIVAS Y COOPERATIVAS 400,557,360","FORMAS ASOCIATIVAS Y COOPERATIVAS 400,557,360",400557360.0,,unit,COP,unclear,review,0.5,docx_parser,docx_table,"Parsed from table 0, row 0"
Colombia,2004,pdf_70cd4b33da92__2004_Ley_848_de_2003.txt,0,section_total,,GENERACION ELÉCTRICA,GENERACION ELÉCTRICA,,GENERACION ELÉCTRICA,GENERACION ELÉCTRICA,2650000000.0,,unit,COP,unclear,review,0.5,docx_parser,docx_table,"Parsed from table 0, row 0"
Colombia,2004,pdf_70cd4b33da92__2004_Ley_848_de_2003.txt,0,section_total,,II - INGRESOS DE LOS ESTABLECIMIENTOS PUBLICOS,II - INGRESOS DE LOS ESTABLECIMIENTOS PUBLICOS,,II - INGRESOS DE LOS ESTABLECIMIENTOS PUBLICOS,II - INGRESOS DE LOS ESTABLECIMIENTOS PUBLICOS,6465154868459.0,,unit,COP,unclear,review,0.5,docx_parser,docx_table,"Parsed from table 0, row 0"
Colombia,2004,pdf_70cd4b33da92__2004_Ley_848_de_2003.txt,0,section_total,,INGRESOS CORRIENTES DE LA NACION,INGRESOS CORRIENTES DE LA NACION,,INGRESOS CORRIENTES DE LA NACION,INGRESOS CORRIENTES DE LA NACION,34678727000000.0,,unit,COP,unclear,review,0.5,docx_parser,docx_table,"Parsed from table 0, row 0"
Colombia,2004,pdf_70cd4b33da92__2004_Ley_848_de_2003.txt,0,section_total,,INSTITUTO DE EDUCACION TÉCNICA PROFESIONAL DE ROLDANILLO A. PRESUPUESTO DE FUNCIONAMIENTO,INSTITUTO DE EDUCACION TÉCNICA PROFESIONAL DE ROLDANILLO A. PRESUPUESTO DE FUNCIONAMIENTO,,INSTITUTO DE EDUCACION TÉCNICA PROFESIONAL DE ROLDANILLO A. PRESUPUESTO DE FUNCIONAMIENTO,INSTITUTO DE EDUCACION TÉCNICA PROFESIONAL DE ROLDANILLO A. PRESUPUESTO DE FUNCIONAMIENTO,1874984068.0,,unit,COP,unclear,review,0.6,docx_parser,docx_table,"Parsed from table 0, row 0"
Colombia,2004,pdf_70cd4b33da92__2004_Ley_848_de_2003.txt,0,section_total,,INSTITUTO TOLIMENSE DE FORMACION TÉCNICA PROFESIONAL A. PRESUPUESTO DE FUNCIONAMIENTO,INSTITUTO TOLIMENSE DE FORMACION TÉCNICA PROFESIONAL A. PRESUPUESTO DE FUNCIONAMIENTO,,INSTITUTO TOLIMENSE DE FORMACION TÉCNICA PROFESIONAL A. PRESUPUESTO DE FUNCIONAMIENTO,INSTITUTO TOLIMENSE DE FORMACION TÉCNICA PROFESIONAL A. PRESUPUESTO DE FUNCIONAMIENTO,3866160367.0,,unit,COP,unclear,review,0.6,docx_parser,docx_table,"Parsed from table 0, row 0"
Colombia,2004,pdf_70cd4b33da92__2004_Ley_848_de_2003.txt,0,section_total,,INTEMBSECTORIAL GOBIERNO,INTEMBSECTORIAL GOBIERNO,,INTEMBSECTORIAL GOBIERNO,INTEMBSECTORIAL GOBIERNO,83160000.0,,unit,COP,unclear,review,0.5,docx_parser,docx_table,"Parsed from table 0, row 0"
Colombia,2004,pdf_70cd4b33da92__2004_Ley_848_de_2003.txt,0,section_total,,INTERSU13SECTORIAL DESARROLLO COMUNITARIO,INTERSU13SECTORIAL DESARROLLO COMUNITARIO,,INTERSU13SECTORIAL DESARROLLO COMUNITARIO,INTERSU13SECTORIAL DESARROLLO COMUNITARIO,8807000000.0,,unit,COP,unclear,review,0.5,docx_parser,docx_table,"Parsed from table 0, row 0"
Colombia,2004,pdf_70cd4b33da92__2004_Ley_848_de_2003.txt,0,section_total,,INTERSU8SECTORIALINDUSTRIA,INTERSU8SECTORIALINDUSTRIA,,INTERSU8SECTORIALINDUSTRIA,INTERSU8SECTORIALINDUSTRIA,859950000.0,,unit,COP,unclear,review,0.5,docx_parser,docx_table,"Parsed from table 0, row 0"
Colombia,2004,pdf_70cd4b33da92__2004_Ley_848_de_2003.txt,0,section_total,,INTERSUBSECTORIAL AGROPECUARIO,INTERSUBSECTORIAL AGROPECUARIO,,INTERSUBSECTORIAL AGROPECUARIO,INTERSUBSECTORIAL AGROPECUARIO,30000000000.0,,unit,COP,unclear,review,0.6,docx_parser,docx_table,"Parsed from table 0, row 0"
Colombia,2004,pdf_70cd4b33da92__2004_Ley_848_de_2003.txt,0,section_total,,INTERSUBSECTORIAL COMUNICACIONES,INTERSUBSECTORIAL COMUNICACIONES,,INTERSUBSECTORIAL COMUNICACIONES,INTERSUBSECTORIAL COMUNICACIONES,80877260000.0,,unit,COP,unclear,review,0.5,docx_parser,docx_table,"Parsed from table 0, row 0"
Colombia,2004,pdf_70cd4b33da92__2004_Ley_848_de_2003.txt,0,section_total,,INTERSUBSECTORIAL DEFENSA Y,INTERSUBSECTORIAL DEFENSA Y,,INTERSUBSECTORIAL DEFENSA Y,INTERSUBSECTORIAL DEFENSA Y,240924800000.0,,unit,COP,unclear,review,0.5,docx_parser,docx_table,"Parsed from table 0, row 0"
Colombia,2004,pdf_70cd4b33da92__2004_Ley_848_de_2003.txt,0,section_total,,INTERSUBSECTORIAL DEFENSA Y SEGURIDAD,INTERSUBSECTORIAL DEFENSA Y SEGURIDAD,,INTERSUBSECTORIAL DEFENSA Y SEGURIDAD,INTERSUBSECTORIAL DEFENSA Y SEGURIDAD,23148000000.0,,unit,COP,unclear,review,0.5,docx_parser,docx_table,"Parsed from table 0, row 0"
Colombia,2004,pdf_70cd4b33da92__2004_Ley_848_de_2003.txt,0,section_total,,INTERSUBSECTORIAL DESARROLLO COMUNITARIO,INTERSUBSECTORIAL DESARROLLO COMUNITARIO,,INTERSUBSECTORIAL DESARROLLO COMUNITARIO,INTERSUBSECTORIAL DESARROLLO COMUNITARIO,7000000000.0,,unit,COP,unclear,review,0.6,docx_parser,docx_table,"Parsed from table 0, row 0"
Colombia,2004,pdf_70cd4b33da92__2004_Ley_848_de_2003.txt,0,section_total,,INTERSUBSECTORIAL EDUCACION,INTERSUBSECTORIAL EDUCACION,,INTERSUBSECTORIAL EDUCACION,INTERSUBSECTORIAL EDUCACION,44035800000.0,,unit,COP,unclear,review,0.6,docx_parser,docx_table,"Parsed from table 0, row 0"
Colombia,2004,pdf_70cd4b33da92__2004_Ley_848_de_2003.txt,0,section_total,,INTERSUBSECTORIAL ENERGIA,INTERSUBSECTORIAL ENERGIA,,INTERSUBSECTORIAL ENERGIA,INTERSUBSECTORIAL ENERGIA,175000000000.0,,unit,COP,unclear,review,0.5,docx_parser,docx_table,"Parsed from table 0, row 0"
Colombia,2004,pdf_70cd4b33da92__2004_Ley_848_de_2003.txt,0,section_total,,INTERSUBSECTORIAL GOBIERNO,INTERSUBSECTORIAL GOBIERNO,,INTERSUBSECTORIAL GOBIERNO,INTERSUBSECTORIAL GOBIERNO,816682000000.0,,unit,COP,unclear,review,0.6,docx_parser,docx_table,"Parsed from table 0, row 0"
Colombia,2004,pdf_70cd4b33da92__2004_Ley_848_de_2003.txt,0,section_total,,INTERSUBSECTORIAL INDUSTRIA Y,INTERSUBSECTORIAL INDUSTRIA Y,,INTERSUBSECTORIAL INDUSTRIA Y,INTERSUBSECTORIAL INDUSTRIA Y,13701000000.0,,unit,COP,unclear,review,0.5,docx_parser,docx_table,"Parsed from table 0, row 0"
Colombia,2004,pdf_70cd4b33da92__2004_Ley_848_de_2003.txt,0,section_total,,INTERSUBSECTORIAL JUSTICIA,INTERSUBSECTORIAL JUSTICIA,,INTERSUBSECTORIAL JUSTICIA,INTERSUBSECTORIAL JUSTICIA,22750000000.0,,unit,COP,unclear,review,0.5,docx_parser,docx_table,"Parsed from table 0, row 0"
Colombia,2004,pdf_70cd4b33da92__2004_Ley_848_de_2003.txt,0,section_total,,INTERSUBSECTORIAL MEDIO AMBIENTE,INTERSUBSECTORIAL MEDIO AMBIENTE,,INTERSUBSECTORIAL MEDIO AMBIENTE,INTERSUBSECTORIAL MEDIO AMBIENTE,100000000000.0,,unit,COP,unclear,review,0.5,docx_parser,docx_table,"Parsed from table 0, row 0"
Colombia,2004,pdf_70cd4b33da92__2004_Ley_848_de_2003.txt,0,section_total,,INTERSUBSECTORIAL SALUD,INTERSUBSECTORIAL SALUD,,INTERSUBSECTORIAL SALUD,INTERSUBSECTORIAL SALUD,13000000000.0,,unit,COP,unclear,review,0.5,docx_parser,docx_table,"Parsed from table 0, row 0"
Colombia,2004,pdf_70cd4b33da92__2004_Ley_848_de_2003.txt,0,section_total,,INTERSUBSECTORIAL SANEAMIENTO,INTERSUBSECTORIAL SANEAMIENTO,,INTERSUBSECTORIAL SANEAMIENTO,INTERSUBSECTORIAL SANEAMIENTO,110375700000.0,,unit,COP,unclear,review,0.6,docx_parser,docx_table,"Parsed from table 0, row 0"
Colombia,2004,pdf_70cd4b33da92__2004_Ley_848_de_2003.txt,0,section_total,,INTERSUBSECTORIAL TRABAJO Y SEGURIDAD SOCIAL,INTERSUBSECTORIAL TRABAJO Y SEGURIDAD SOCIAL,,INTERSUBSECTORIAL TRABAJO Y SEGURIDAD SOCIAL,INTERSUBSECTORIAL TRABAJO Y SEGURIDAD SOCIAL,121852220000.0,,unit,COP,unclear,review,0.6,docx_parser,docx_table,"Parsed from table 0, row 0"
Colombia,2004,pdf_70cd4b33da92__2004_Ley_848_de_2003.txt,0,section_total,,INTERSUBSECTORIAL TRANSPORTE,INTERSUBSECTORIAL TRANSPORTE,,INTERSUBSECTORIAL TRANSPORTE,INTERSUBSECTORIAL TRANSPORTE,196455892640.0,,unit,COP,unclear,review,0.6,docx_parser,docx_table,"Parsed from table 0, row 0"
Colombia,2004,pdf_70cd4b33da92__2004_Ley_848_de_2003.txt,0,section_total,,INTERSUBSECTORIAL VIVIENDA,INTERSUBSECTORIAL VIVIENDA,,INTERSUBSECTORIAL VIVIENDA,INTERSUBSECTORIAL VIVIENDA,80300000000.0,,unit,COP,unclear,review,0.6,docx_parser,docx_table,"Parsed from table 0, row 0"
Colombia,2004,pdf_70cd4b33da92__2004_Ley_848_de_2003.txt,0,section_total,,"INTERSUBSECTORIAL, SALUD","INTERSUBSECTORIAL, SALUD",,"INTERSUBSECTORIAL, SALUD","INTERSUBSECTORIAL, SALUD",4160000000.0,,unit,COP,unclear,review,0.5,docx_parser,docx_table,"Parsed from table 0, row 0"
Colombia,2004,pdf_70cd4b33da92__2004_Ley_848_de_2003.txt,0,section_total,,INTERSUBSECTORIAL. INDUSTRIA Y,INTERSUBSECTORIAL. INDUSTRIA Y,,INTERSUBSECTORIAL. INDUSTRIA Y,INTERSUBSECTORIAL. INDUSTRIA Y,300000000.0,,unit,COP,unclear,review,0.5,docx_parser,docx_table,"Parsed from table 0, row 0"
Colombia,2004,pdf_70cd4b33da92__2004_Ley_848_de_2003.txt,0,section_total,,INTERSUBSECTORIAL. MEDIO AMBIENTE,INTERSUBSECTORIAL. MEDIO AMBIENTE,,INTERSUBSECTORIAL. MEDIO AMBIENTE,INTERSUBSECTORIAL. MEDIO AMBIENTE,1950000000.0,,unit,COP,unclear,review,0.5,docx_parser,docx_table,"Parsed from table 0, row 0"
Colombia,2004,pdf_70cd4b33da92__2004_Ley_848_de_2003.txt,0,section_total,,INTERSUBSECTORIALINDUSTRIA Y,INTERSUBSECTORIALINDUSTRIA Y,,INTERSUBSECTORIALINDUSTRIA Y,INTERSUBSECTORIALINDUSTRIA Y,12901000000.0,,unit,COP,unclear,review,0.5,docx_parser,docx_table,"Parsed from table 0, row 0"
Colombia,2004,pdf_70cd4b33da92__2004_Ley_848_de_2003.txt,0,section_total,,INTERSUBSECTÓRIAL MEDIO AMBIENTE,INTERSUBSECTÓRIAL MEDIO AMBIENTE,,INTERSUBSECTÓRIAL MEDIO AMBIENTE,INTERSUBSECTÓRIAL MEDIO AMBIENTE,50000000.0,,unit,COP,unclear,review,0.5,docx_parser,docx_table,"Parsed from table 0, row 0"
Colombia,2004,pdf_70cd4b33da92__2004_Ley_848_de_2003.txt,0,section_total,,INVERSIONES Y APORTES FINANCIEROS,INVERSIONES Y APORTES FINANCIEROS,,INVERSIONES Y APORTES FINANCIEROS,INVERSIONES Y APORTES FINANCIEROS,40859825083.0,,unit,COP,unclear,review,0.5,docx_parser,docx_table,"Parsed from table 0, row 0"
Colombia,2004,pdf_70cd4b33da92__2004_Ley_848_de_2003.txt,0,section_total,,INVERSIONES Y APORTES FINANCIEROS',INVERSIONES Y APORTES FINANCIEROS',,INVERSIONES Y APORTES FINANCIEROS',INVERSIONES Y APORTES FINANCIEROS',400000000.0,,unit,COP,unclear,review,0.5,docx_parser,docx_table,"Parsed from table 0, row 0"
Colombia,2004,pdf_70cd4b33da92__2004_Ley_848_de_2003.txt,0,section_total,,"INVESTIGAC ION BASICA, APLICADAY","INVESTIGAC ION BASICA, APLICADAY",,"INVESTIGAC ION BASICA, APLICADAY","INVESTIGAC ION BASICA, APLICADAY",90000000.0,,unit,COP,unclear,review,0.5,docx_parser,docx_table,"Parsed from table 0, row 0"
Colombia,2004,pdf_70cd4b33da92__2004_Ley_848_de_2003.txt,0,section_total,,INVESTIGACION BASICA APLICADA Y,INVESTIGACION BASICA APLICADA Y,,INVESTIGACION BASICA APLICADA Y,INVESTIGACION BASICA APLICADA Y,340000000.0,,unit,COP,direct_rd,include,0.9,docx_parser,docx_table,"Parsed from table 0, row 0"
Colombia,2004,pdf_70cd4b33da92__2004_Ley_848_de_2003.txt,0,section_total,,INVESTIGACION BASICA APLICADAY,INVESTIGACION BASICA APLICADAY,,INVESTIGACION BASICA APLICADAY,INVESTIGACION BASICA APLICADAY,600000000.0,,unit,COP,science_agency,include,0.9,docx_parser,docx_table,"Parsed from table 0, row 0"
Colombia,2004,pdf_70cd4b33da92__2004_Ley_848_de_2003.txt,0,section_total,,"INVESTIGACION BASICA, APLICADA Y ESTU","INVESTIGACION BASICA, APLICADA Y ESTU",,"INVESTIGACION BASICA, APLICADA Y ESTU","INVESTIGACION BASICA, APLICADA Y ESTU",272298000.0,,unit,COP,direct_rd,include,0.9,docx_parser,docx_table,"Parsed from table 0, row 0"
Colombia,2004,pdf_70cd4b33da92__2004_Ley_848_de_2003.txt,0,section_total,,"INVESTIGACION BASICA, APLICADAY","INVESTIGACION BASICA, APLICADAY",,"INVESTIGACION BASICA, APLICADAY","INVESTIGACION BASICA, APLICADAY",8541600000.0,,unit,COP,science_agency,include,0.9,docx_parser,docx_table,"Parsed from table 0, row 0"
Colombia,2004,pdf_70cd4b33da92__2004_Ley_848_de_2003.txt,0,section_total,,INVESTIGACION BASICA; APLICADA Y ESTUDIOS,INVESTIGACION BASICA; APLICADA Y ESTUDIOS,,INVESTIGACION BASICA; APLICADA Y ESTUDIOS,INVESTIGACION BASICA; APLICADA Y ESTUDIOS,10000000000.0,,unit,COP,science_agency,include,0.9,docx_parser,docx_table,"Parsed from table 0, row 0"
Colombia,2004,pdf_70cd4b33da92__2004_Ley_848_de_2003.txt,0,section_total,,"INVESTIGACION BÁSICA, APLICADA Y","INVESTIGACION BÁSICA, APLICADA Y",,"INVESTIGACION BÁSICA, APLICADA Y","INVESTIGACION BÁSICA, APLICADA Y",86965427000.0,,unit,COP,science_agency,include,0.9,docx_parser,docx_table,"Parsed from table 0, row 0"
Colombia,2004,pdf_70cd4b33da92__2004_Ley_848_de_2003.txt,0,section_total,,"INVESTIGACION BÁSICA, APLICADAY","INVESTIGACION BÁSICA, APLICADAY",,"INVESTIGACION BÁSICA, APLICADAY","INVESTIGACION BÁSICA, APLICADAY",25150000000.0,,unit,COP,science_agency,include,0.9,docx_parser,docx_table,"Parsed from table 0, row 0"
Colombia,2004,pdf_70cd4b33da92__2004_Ley_848_de_2003.txt,0,section_total,,INVESTIGACION BÁSICA; APLICADA Y,INVESTIGACION BÁSICA; APLICADA Y,,INVESTIGACION BÁSICA; APLICADA Y,INVESTIGACION BÁSICA; APLICADA Y,685500000.0,,unit,COP,science_agency,include,0.9,docx_parser,docx_table,"Parsed from table 0, row 0"
Colombia,2004,pdf_70cd4b33da92__2004_Ley_848_de_2003.txt,0,section_total,,LEVANTAMIENTO DE INFORMACION PARA PROCESAMIENTO,LEVANTAMIENTO DE INFORMACION PARA PROCESAMIENTO,,LEVANTAMIENTO DE INFORMACION PARA PROCESAMIENTO,LEVANTAMIENTO DE INFORMACION PARA PROCESAMIENTO,10159000000.0,,unit,COP,unclear,review,0.5,docx_parser,docx_table,"Parsed from table 0, row 0"
Colombia,2004,pdf_70cd4b33da92__2004_Ley_848_de_2003.txt,0,section_total,,LEVANTAMIENTO DE INFORMACIÓN PARA PROCESAMIENTO,LEVANTAMIENTO DE INFORMACIÓN PARA PROCESAMIENTO,,LEVANTAMIENTO DE INFORMACIÓN PARA PROCESAMIENTO,LEVANTAMIENTO DE INFORMACIÓN PARA PROCESAMIENTO,140000000.0,,unit,COP,unclear,review,0.5,docx_parser,docx_table,"Parsed from table 0, row 0"
Colombia,2004,pdf_70cd4b33da92__2004_Ley_848_de_2003.txt,0,section_total,,MANEJO Y CONTROL DE RESIDUOS SOLIDOS Y LIQUIDOS,MANEJO Y CONTROL DE RESIDUOS SOLIDOS Y LIQUIDOS,,MANEJO Y CONTROL DE RESIDUOS SOLIDOS Y LIQUIDOS,MANEJO Y CONTROL DE RESIDUOS SOLIDOS Y LIQUIDOS,80000000.0,,unit,COP,unclear,review,0.5,docx_parser,docx_table,"Parsed from table 0, row 0"
Colombia,2004,pdf_70cd4b33da92__2004_Ley_848_de_2003.txt,0,section_total,,"MANTENIMIENTO DE EQUIPOS MATERIALES, SUMINISTROS Y SERVICIOS ADMINISTRATIVOS","MANTENIMIENTO DE EQUIPOS MATERIALES, SUMINISTROS Y SERVICIOS ADMINISTRATIVOS",,"MANTENIMIENTO DE EQUIPOS MATERIALES, SUMINISTROS Y SERVICIOS ADMINISTRATIVOS","MANTENIMIENTO DE EQUIPOS MATERIALES, SUMINISTROS Y SERVICIOS ADMINISTRATIVOS",1400000000.0,,unit,COP,unclear,review,0.5,docx_parser,docx_table,"Parsed from table 0, row 0"
Colombia,2004,pdf_70cd4b33da92__2004_Ley_848_de_2003.txt,0,section_total,,"MANTENIMIENTO DE EQUIPOS MATERIALES, SUMINISTROS Y SERVICIOS PROPIOS DEL SECTOR","MANTENIMIENTO DE EQUIPOS MATERIALES, SUMINISTROS Y SERVICIOS PROPIOS DEL SECTOR",,"MANTENIMIENTO DE EQUIPOS MATERIALES, SUMINISTROS Y SERVICIOS PROPIOS DEL SECTOR","MANTENIMIENTO DE EQUIPOS MATERIALES, SUMINISTROS Y SERVICIOS PROPIOS DEL SECTOR",140816000000.0,,unit,COP,unclear,review,0.5,docx_parser,docx_table,"Parsed from table 0, row 0"
Colombia,2004,pdf_70cd4b33da92__2004_Ley_848_de_2003.txt,0,section_total,,"MANTENIMIENTO DE EQUIPOS MATERIALES, SUWNISTROS-Y SERVICIOS PROPIOS DEL SECTOR","MANTENIMIENTO DE EQUIPOS MATERIALES, SUWNISTROS-Y SERVICIOS PROPIOS DEL SECTOR",,"MANTENIMIENTO DE EQUIPOS MATERIALES, SUWNISTROS-Y SERVICIOS PROPIOS DEL SECTOR","MANTENIMIENTO DE EQUIPOS MATERIALES, SUWNISTROS-Y SERVICIOS PROPIOS DEL SECTOR",21158000000.0,,unit,COP,unclear,review,0.5,docx_parser,docx_table,"Parsed from table 0, row 0"
Colombia,2004,pdf_70cd4b33da92__2004_Ley_848_de_2003.txt,0,section_total,,"MANTENIMIENTO DE EQUIPOS, MATERIALES, SUMINISTROS Y SERVICIOS ADMINISTRATIVOS","MANTENIMIENTO DE EQUIPOS, MATERIALES, SUMINISTROS Y SERVICIOS ADMINISTRATIVOS",,"MANTENIMIENTO DE EQUIPOS, MATERIALES, SUMINISTROS Y SERVICIOS ADMINISTRATIVOS","MANTENIMIENTO DE EQUIPOS, MATERIALES, SUMINISTROS Y SERVICIOS ADMINISTRATIVOS",1300000000.0,,unit,COP,unclear,review,0.5,docx_parser,docx_table,"Parsed from table 0, row 0"
Colombia,2004,pdf_70cd4b33da92__2004_Ley_848_de_2003.txt,0,section_total,,"MANTENIMIENTO DE EQUIPOS, MATERIALES, SUMINISTROS Y SERVICIOS PROPIOS DEL SECTOR","MANTENIMIENTO DE EQUIPOS, MATERIALES, SUMINISTROS Y SERVICIOS PROPIOS DEL SECTOR",,"MANTENIMIENTO DE EQUIPOS, MATERIALES, SUMINISTROS Y SERVICIOS PROPIOS DEL SECTOR","MANTENIMIENTO DE EQUIPOS, MATERIALES, SUMINISTROS Y SERVICIOS PROPIOS DEL SECTOR",3098600000.0,,unit,COP,unclear,review,0.5,docx_parser,docx_table,"Parsed from table 0, row 0"
Colombia,2004,pdf_70cd4b33da92__2004_Ley_848_de_2003.txt,0,section_total,,"MANTENIMIENTO DE EQUIPOSMATERIALES, SUMINISTROS Y SERVICIOS PROPIOS DEL SECTOR","MANTENIMIENTO DE EQUIPOSMATERIALES, SUMINISTROS Y SERVICIOS PROPIOS DEL SECTOR",,"MANTENIMIENTO DE EQUIPOSMATERIALES, SUMINISTROS Y SERVICIOS PROPIOS DEL SECTOR","MANTENIMIENTO DE EQUIPOSMATERIALES, SUMINISTROS Y SERVICIOS PROPIOS DEL SECTOR",477755000.0,,unit,COP,unclear,review,0.5,docx_parser,docx_table,"Parsed from table 0, row 0"
Colombia,2004,pdf_70cd4b33da92__2004_Ley_848_de_2003.txt,0,section_total,,MEJORAMIENTO Y DEINFRAESTRUCTURA ADMINISTRATIVA MANTENIMIENTO,MEJORAMIENTO Y DEINFRAESTRUCTURA ADMINISTRATIVA MANTENIMIENTO,,MEJORAMIENTO Y DEINFRAESTRUCTURA ADMINISTRATIVA MANTENIMIENTO,MEJORAMIENTO Y DEINFRAESTRUCTURA ADMINISTRATIVA MANTENIMIENTO,800000000.0,,unit,COP,unclear,review,0.5,docx_parser,docx_table,"Parsed from table 0, row 0"
Colombia,2004,pdf_70cd4b33da92__2004_Ley_848_de_2003.txt,0,section_total,,MEJORAMIENTO Y MANTENIMIENTO DE INFRAESTRUCTIIRA ADMINISTRATIVA,MEJORAMIENTO Y MANTENIMIENTO DE INFRAESTRUCTIIRA ADMINISTRATIVA,,MEJORAMIENTO Y MANTENIMIENTO DE INFRAESTRUCTIIRA ADMINISTRATIVA,MEJORAMIENTO Y MANTENIMIENTO DE INFRAESTRUCTIIRA ADMINISTRATIVA,50000000.0,,unit,COP,unclear,review,0.5,docx_parser,docx_table,"Parsed from table 0, row 0"
Colombia,2004,pdf_70cd4b33da92__2004_Ley_848_de_2003.txt,0,section_total,,MEJORAMIENTO Y MANTENIMIENTO DE INFRAESTRUCTURA ADMINISTRATIVA,MEJORAMIENTO Y MANTENIMIENTO DE INFRAESTRUCTURA ADMINISTRATIVA,,MEJORAMIENTO Y MANTENIMIENTO DE INFRAESTRUCTURA ADMINISTRATIVA,MEJORAMIENTO Y MANTENIMIENTO DE INFRAESTRUCTURA ADMINISTRATIVA,13000000000.0,,unit,COP,unclear,review,0.6,docx_parser,docx_table,"Parsed from table 0, row 0"
Colombia,2004,pdf_70cd4b33da92__2004_Ley_848_de_2003.txt,0,section_total,,"MEJORAMIENTO Y MANTENIMIENTO DE INFRAESTRUCTURA PROPIA DEL SECTOR 1,300,000,000","MEJORAMIENTO Y MANTENIMIENTO DE INFRAESTRUCTURA PROPIA DEL SECTOR 1,300,000,000",,"MEJORAMIENTO Y MANTENIMIENTO DE INFRAESTRUCTURA PROPIA DEL SECTOR 1,300,000,000","MEJORAMIENTO Y MANTENIMIENTO DE INFRAESTRUCTURA PROPIA DEL SECTOR 1,300,000,000",1300000000.0,,unit,COP,unclear,review,0.5,docx_parser,docx_table,"Parsed from table 0, row 0"
Colombia,2004,pdf_70cd4b33da92__2004_Ley_848_de_2003.txt,0,section_total,,"MEJORAMIENTO Y MANTENIMIENTO DE INFRAESTRUCTURA PROPIA DEL SECTOR 1,500,000,000","MEJORAMIENTO Y MANTENIMIENTO DE INFRAESTRUCTURA PROPIA DEL SECTOR 1,500,000,000",,"MEJORAMIENTO Y MANTENIMIENTO DE INFRAESTRUCTURA PROPIA DEL SECTOR 1,500,000,000","MEJORAMIENTO Y MANTENIMIENTO DE INFRAESTRUCTURA PROPIA DEL SECTOR 1,500,000,000",1500000000.0,,unit,COP,unclear,review,0.5,docx_parser,docx_table,"Parsed from table 0, row 0"
Colombia,2004,pdf_70cd4b33da92__2004_Ley_848_de_2003.txt,0,section_total,,"MEJORAMIENTO Y MANTENIMIENTO DE INFRAESTRUCTURA PROPIA DEL SECTOR 10,000,000,000","MEJORAMIENTO Y MANTENIMIENTO DE INFRAESTRUCTURA PROPIA DEL SECTOR 10,000,000,000",,"MEJORAMIENTO Y MANTENIMIENTO DE INFRAESTRUCTURA PROPIA DEL SECTOR 10,000,000,000","MEJORAMIENTO Y MANTENIMIENTO DE INFRAESTRUCTURA PROPIA DEL SECTOR 10,000,000,000",10000000000.0,,unit,COP,unclear,review,0.5,docx_parser,docx_table,"Parsed from table 0, row 0"
Colombia,2004,pdf_70cd4b33da92__2004_Ley_848_de_2003.txt,0,section_total,,"MEJORAMIENTO Y MANTENIMIENTO DE INFRAESTRUCTURA PROPIA DEL SECTOR 100,000,000","MEJORAMIENTO Y MANTENIMIENTO DE INFRAESTRUCTURA PROPIA DEL SECTOR 100,000,000",,"MEJORAMIENTO Y MANTENIMIENTO DE INFRAESTRUCTURA PROPIA DEL SECTOR 100,000,000","MEJORAMIENTO Y MANTENIMIENTO DE INFRAESTRUCTURA PROPIA DEL SECTOR 100,000,000",100000000.0,,unit,COP,unclear,review,0.5,docx_parser,docx_table,"Parsed from table 0, row 0"
Colombia,2004,pdf_70cd4b33da92__2004_Ley_848_de_2003.txt,0,section_total,,"MEJORAMIENTO Y MANTENIMIENTO DE INFRAESTRUCTURA PROPIA DEL SECTOR 149,000,000","MEJORAMIENTO Y MANTENIMIENTO DE INFRAESTRUCTURA PROPIA DEL SECTOR 149,000,000",,"MEJORAMIENTO Y MANTENIMIENTO DE INFRAESTRUCTURA PROPIA DEL SECTOR 149,000,000","MEJORAMIENTO Y MANTENIMIENTO DE INFRAESTRUCTURA PROPIA DEL SECTOR 149,000,000",149000000.0,,unit,COP,unclear,review,0.5,docx_parser,docx_table,"Parsed from table 0, row 0"
Colombia,2004,pdf_70cd4b33da92__2004_Ley_848_de_2003.txt,0,section_total,,"MEJORAMIENTO Y MANTENIMIENTO DE INFRAESTRUCTURA PROPIA DEL SECTOR 150,000,000","MEJORAMIENTO Y MANTENIMIENTO DE INFRAESTRUCTURA PROPIA DEL SECTOR 150,000,000",,"MEJORAMIENTO Y MANTENIMIENTO DE INFRAESTRUCTURA PROPIA DEL SECTOR 150,000,000","MEJORAMIENTO Y MANTENIMIENTO DE INFRAESTRUCTURA PROPIA DEL SECTOR 150,000,000",150000000.0,,unit,COP,unclear,review,0.6,docx_parser,docx_table,"Parsed from table 0, row 0"
Colombia,2004,pdf_70cd4b33da92__2004_Ley_848_de_2003.txt,0,section_total,,"MEJORAMIENTO Y MANTENIMIENTO DE INFRAESTRUCTURA PROPIA DEL SECTOR 2,700,000,000","MEJORAMIENTO Y MANTENIMIENTO DE INFRAESTRUCTURA PROPIA DEL SECTOR 2,700,000,000",,"MEJORAMIENTO Y MANTENIMIENTO DE INFRAESTRUCTURA PROPIA DEL SECTOR 2,700,000,000","MEJORAMIENTO Y MANTENIMIENTO DE INFRAESTRUCTURA PROPIA DEL SECTOR 2,700,000,000",2700000000.0,,unit,COP,unclear,review,0.5,docx_parser,docx_table,"Parsed from table 0, row 0"
Colombia,2004,pdf_70cd4b33da92__2004_Ley_848_de_2003.txt,0,section_total,,"MEJORAMIENTO Y MANTENIMIENTO DE INFRAESTRUCTURA PROPIA DEL SECTOR 2,984,990,000","MEJORAMIENTO Y MANTENIMIENTO DE INFRAESTRUCTURA PROPIA DEL SECTOR 2,984,990,000",,"MEJORAMIENTO Y MANTENIMIENTO DE INFRAESTRUCTURA PROPIA DEL SECTOR 2,984,990,000","MEJORAMIENTO Y MANTENIMIENTO DE INFRAESTRUCTURA PROPIA DEL SECTOR 2,984,990,000",2984990000.0,,unit,COP,unclear,review,0.5,docx_parser,docx_table,"Parsed from table 0, row 0"
Colombia,2004,pdf_70cd4b33da92__2004_Ley_848_de_2003.txt,0,section_total,,"MEJORAMIENTO Y MANTENIMIENTO DE INFRAESTRUCTURA PROPIA DEL SECTOR 214,000,000","MEJORAMIENTO Y MANTENIMIENTO DE INFRAESTRUCTURA PROPIA DEL SECTOR 214,000,000",,"MEJORAMIENTO Y MANTENIMIENTO DE INFRAESTRUCTURA PROPIA DEL SECTOR 214,000,000","MEJORAMIENTO Y MANTENIMIENTO DE INFRAESTRUCTURA PROPIA DEL SECTOR 214,000,000",214000000.0,,unit,COP,unclear,review,0.6,docx_parser,docx_table,"Parsed from table 0, row 0"
Colombia,2004,pdf_70cd4b33da92__2004_Ley_848_de_2003.txt,0,section_total,,"MEJORAMIENTO Y MANTENIMIENTO DE INFRAESTRUCTURA PROPIA DEL SECTOR 247,693,252,640","MEJORAMIENTO Y MANTENIMIENTO DE INFRAESTRUCTURA PROPIA DEL SECTOR 247,693,252,640",,"MEJORAMIENTO Y MANTENIMIENTO DE INFRAESTRUCTURA PROPIA DEL SECTOR 247,693,252,640","MEJORAMIENTO Y MANTENIMIENTO DE INFRAESTRUCTURA PROPIA DEL SECTOR 247,693,252,640",300128810000.0,,unit,COP,unclear,review,0.5,docx_parser,docx_table,"Parsed from table 0, row 0"
Colombia,2004,pdf_70cd4b33da92__2004_Ley_848_de_2003.txt,0,section_total,,"MEJORAMIENTO Y MANTENIMIENTO DE INFRAESTRUCTURA PROPIA DEL SECTOR 25,180,000","MEJORAMIENTO Y MANTENIMIENTO DE INFRAESTRUCTURA PROPIA DEL SECTOR 25,180,000",,"MEJORAMIENTO Y MANTENIMIENTO DE INFRAESTRUCTURA PROPIA DEL SECTOR 25,180,000","MEJORAMIENTO Y MANTENIMIENTO DE INFRAESTRUCTURA PROPIA DEL SECTOR 25,180,000",27800000.0,,unit,COP,unclear,review,0.5,docx_parser,docx_table,"Parsed from table 0, row 0"
Colombia,2004,pdf_70cd4b33da92__2004_Ley_848_de_2003.txt,0,section_total,,"MEJORAMIENTO Y MANTENIMIENTO DE INFRAESTRUCTURA PROPIA DEL SECTOR 27,680,000,000","MEJORAMIENTO Y MANTENIMIENTO DE INFRAESTRUCTURA PROPIA DEL SECTOR 27,680,000,000",,"MEJORAMIENTO Y MANTENIMIENTO DE INFRAESTRUCTURA PROPIA DEL SECTOR 27,680,000,000","MEJORAMIENTO Y MANTENIMIENTO DE INFRAESTRUCTURA PROPIA DEL SECTOR 27,680,000,000",27680000000.0,,unit,COP,unclear,review,0.5,docx_parser,docx_table,"Parsed from table 0, row 0"
Colombia,2004,pdf_70cd4b33da92__2004_Ley_848_de_2003.txt,0,section_total,,"MEJORAMIENTO Y MANTENIMIENTO DE INFRAESTRUCTURA PROPIA DEL SECTOR 350,000,000","MEJORAMIENTO Y MANTENIMIENTO DE INFRAESTRUCTURA PROPIA DEL SECTOR 350,000,000",,"MEJORAMIENTO Y MANTENIMIENTO DE INFRAESTRUCTURA PROPIA DEL SECTOR 350,000,000","MEJORAMIENTO Y MANTENIMIENTO DE INFRAESTRUCTURA PROPIA DEL SECTOR 350,000,000",350000000.0,,unit,COP,unclear,review,0.5,docx_parser,docx_table,"Parsed from table 0, row 0"
Colombia,2004,pdf_70cd4b33da92__2004_Ley_848_de_2003.txt,0,section_total,,"MEJORAMIENTO Y MANTENIMIENTO DE INFRAESTRUCTURA PROPIA DEL SECTOR 4,160,000,000","MEJORAMIENTO Y MANTENIMIENTO DE INFRAESTRUCTURA PROPIA DEL SECTOR 4,160,000,000",,"MEJORAMIENTO Y MANTENIMIENTO DE INFRAESTRUCTURA PROPIA DEL SECTOR 4,160,000,000","MEJORAMIENTO Y MANTENIMIENTO DE INFRAESTRUCTURA PROPIA DEL SECTOR 4,160,000,000",4160000000.0,,unit,COP,unclear,review,0.5,docx_parser,docx_table,"Parsed from table 0, row 0"
Colombia,2004,pdf_70cd4b33da92__2004_Ley_848_de_2003.txt,0,section_total,,"MEJORAMIENTO Y MANTENIMIENTO DE INFRAESTRUCTURA PROPIA DEL SECTOR 5,462,150,000","MEJORAMIENTO Y MANTENIMIENTO DE INFRAESTRUCTURA PROPIA DEL SECTOR 5,462,150,000",,"MEJORAMIENTO Y MANTENIMIENTO DE INFRAESTRUCTURA PROPIA DEL SECTOR 5,462,150,000","MEJORAMIENTO Y MANTENIMIENTO DE INFRAESTRUCTURA PROPIA DEL SECTOR 5,462,150,000",5462150000.0,,unit,COP,unclear,review,0.5,docx_parser,docx_table,"Parsed from table 0, row 0"
Colombia,2004,pdf_70cd4b33da92__2004_Ley_848_de_2003.txt,0,section_total,,"MEJORAMIENTO Y MANTENIMIENTO DE INFRAESTRUCTURA PROPIA DEL SECTOR 5,600,000,000","MEJORAMIENTO Y MANTENIMIENTO DE INFRAESTRUCTURA PROPIA DEL SECTOR 5,600,000,000",,"MEJORAMIENTO Y MANTENIMIENTO DE INFRAESTRUCTURA PROPIA DEL SECTOR 5,600,000,000","MEJORAMIENTO Y MANTENIMIENTO DE INFRAESTRUCTURA PROPIA DEL SECTOR 5,600,000,000",5600040000.0,,unit,COP,unclear,review,0.6,docx_parser,docx_table,"Parsed from table 0, row 0"
Colombia,2004,pdf_70cd4b33da92__2004_Ley_848_de_2003.txt,0,section_total,,"MEJORAMIENTO Y MANTENIMIENTO DE INFRAESTRUCTURA PROPIA DEL SECTOR 5,820,000,000","MEJORAMIENTO Y MANTENIMIENTO DE INFRAESTRUCTURA PROPIA DEL SECTOR 5,820,000,000",,"MEJORAMIENTO Y MANTENIMIENTO DE INFRAESTRUCTURA PROPIA DEL SECTOR 5,820,000,000","MEJORAMIENTO Y MANTENIMIENTO DE INFRAESTRUCTURA PROPIA DEL SECTOR 5,820,000,000",5820000000.0,,unit,COP,unclear,review,0.6,docx_parser,docx_table,"Parsed from table 0, row 0"
Colombia,2004,pdf_70cd4b33da92__2004_Ley_848_de_2003.txt,0,section_total,,"MEJORAMIENTO Y MANTENIMIENTO DE INFRAESTRUCTURA PROPIA DEL SECTOR 50,000,000","MEJORAMIENTO Y MANTENIMIENTO DE INFRAESTRUCTURA PROPIA DEL SECTOR 50,000,000",,"MEJORAMIENTO Y MANTENIMIENTO DE INFRAESTRUCTURA PROPIA DEL SECTOR 50,000,000","MEJORAMIENTO Y MANTENIMIENTO DE INFRAESTRUCTURA PROPIA DEL SECTOR 50,000,000",50000000.0,,unit,COP,unclear,review,0.5,docx_parser,docx_table,"Parsed from table 0, row 0"
Colombia,2004,pdf_70cd4b33da92__2004_Ley_848_de_2003.txt,0,section_total,,"MEJORAMIENTO Y MANTENIMIENTO DE INFRAESTRUCTURA PROPIA DEL SECTOR 55,000,000","MEJORAMIENTO Y MANTENIMIENTO DE INFRAESTRUCTURA PROPIA DEL SECTOR 55,000,000",,"MEJORAMIENTO Y MANTENIMIENTO DE INFRAESTRUCTURA PROPIA DEL SECTOR 55,000,000","MEJORAMIENTO Y MANTENIMIENTO DE INFRAESTRUCTURA PROPIA DEL SECTOR 55,000,000",819000000.0,,unit,COP,unclear,review,0.5,docx_parser,docx_table,"Parsed from table 0, row 0"
Colombia,2004,pdf_70cd4b33da92__2004_Ley_848_de_2003.txt,0,section_total,,"MEJORAMIENTO Y MANTENIMIENTO DE INFRAESTRUCTURA PROPIA DEL SECTOR 7,000,000,000","MEJORAMIENTO Y MANTENIMIENTO DE INFRAESTRUCTURA PROPIA DEL SECTOR 7,000,000,000",,"MEJORAMIENTO Y MANTENIMIENTO DE INFRAESTRUCTURA PROPIA DEL SECTOR 7,000,000,000","MEJORAMIENTO Y MANTENIMIENTO DE INFRAESTRUCTURA PROPIA DEL SECTOR 7,000,000,000",7000000000.0,,unit,COP,unclear,review,0.5,docx_parser,docx_table,"Parsed from table 0, row 0"
Colombia,2004,pdf_70cd4b33da92__2004_Ley_848_de_2003.txt,0,section_total,,"MEJORAMIENTO Y MANTENIMIENTO DE INFRAESTRUCTURA PROPIA DEL SECTOR 76,407,278,609","MEJORAMIENTO Y MANTENIMIENTO DE INFRAESTRUCTURA PROPIA DEL SECTOR 76,407,278,609",,"MEJORAMIENTO Y MANTENIMIENTO DE INFRAESTRUCTURA PROPIA DEL SECTOR 76,407,278,609","MEJORAMIENTO Y MANTENIMIENTO DE INFRAESTRUCTURA PROPIA DEL SECTOR 76,407,278,609",76407278809.0,,unit,COP,unclear,review,0.5,docx_parser,docx_table,"Parsed from table 0, row 0"
Colombia,2004,pdf_70cd4b33da92__2004_Ley_848_de_2003.txt,0,section_total,,"MEJORAMIENTO Y MANTENIMIENTO DE INFRAESTRUCTURA PROPIA DEL SECTOR 90,000,000","MEJORAMIENTO Y MANTENIMIENTO DE INFRAESTRUCTURA PROPIA DEL SECTOR 90,000,000",,"MEJORAMIENTO Y MANTENIMIENTO DE INFRAESTRUCTURA PROPIA DEL SECTOR 90,000,000","MEJORAMIENTO Y MANTENIMIENTO DE INFRAESTRUCTURA PROPIA DEL SECTOR 90,000,000",90000000.0,,unit,COP,unclear,review,0.5,docx_parser,docx_table,"Parsed from table 0, row 0"
Colombia,2004,pdf_70cd4b33da92__2004_Ley_848_de_2003.txt,0,section_total,,"MEJORAMIENTO Y MANTENIMIENTO DE INFRAESTRUCTURA PROPIA DEL SECTOR 94,700,000,000","MEJORAMIENTO Y MANTENIMIENTO DE INFRAESTRUCTURA PROPIA DEL SECTOR 94,700,000,000",,"MEJORAMIENTO Y MANTENIMIENTO DE INFRAESTRUCTURA PROPIA DEL SECTOR 94,700,000,000","MEJORAMIENTO Y MANTENIMIENTO DE INFRAESTRUCTURA PROPIA DEL SECTOR 94,700,000,000",94700000000.0,,unit,COP,unclear,review,0.5,docx_parser,docx_table,"Parsed from table 0, row 0"
Colombia,2004,pdf_70cd4b33da92__2004_Ley_848_de_2003.txt,0,section_total,,MEJORAMIENTO Y MANTENIMIENTO DE INFRAESTRUCTURA PROPIA DELSECTOR,MEJORAMIENTO Y MANTENIMIENTO DE INFRAESTRUCTURA PROPIA DELSECTOR,,MEJORAMIENTO Y MANTENIMIENTO DE INFRAESTRUCTURA PROPIA DELSECTOR,MEJORAMIENTO Y MANTENIMIENTO DE INFRAESTRUCTURA PROPIA DELSECTOR,150000000.0,,unit,COP,unclear,review,0.6,docx_parser,docx_table,"Parsed from table 0, row 0"
Colombia,2004,pdf_70cd4b33da92__2004_Ley_848_de_2003.txt,0,section_total,,MEJORAMIENTO Y MANTENIMIENTO DEINFRAESTRUCTURA ADMINISTRATIVA,MEJORAMIENTO Y MANTENIMIENTO DEINFRAESTRUCTURA ADMINISTRATIVA,,MEJORAMIENTO Y MANTENIMIENTO DEINFRAESTRUCTURA ADMINISTRATIVA,MEJORAMIENTO Y MANTENIMIENTO DEINFRAESTRUCTURA ADMINISTRATIVA,1260000000.0,,unit,COP,unclear,review,0.5,docx_parser,docx_table,"Parsed from table 0, row 0"
Colombia,2004,pdf_70cd4b33da92__2004_Ley_848_de_2003.txt,0,section_total,,"MEJORAMIENTO Y MANTENIMIENTODE INFRAESTRUCTURA PROPIA DEL SECTOR 300,000,000","MEJORAMIENTO Y MANTENIMIENTODE INFRAESTRUCTURA PROPIA DEL SECTOR 300,000,000",,"MEJORAMIENTO Y MANTENIMIENTODE INFRAESTRUCTURA PROPIA DEL SECTOR 300,000,000","MEJORAMIENTO Y MANTENIMIENTODE INFRAESTRUCTURA PROPIA DEL SECTOR 300,000,000",300000000.0,,unit,COP,unclear,review,0.5,docx_parser,docx_table,"Parsed from table 0, row 0"
Colombia,2004,pdf_70cd4b33da92__2004_Ley_848_de_2003.txt,0,section_total,,"MEJORAMIENTO Y' MANTENIMIENTO DE INFRAESTRUCTURA PROPIA DEL SECTOR 6,800,000,000","MEJORAMIENTO Y' MANTENIMIENTO DE INFRAESTRUCTURA PROPIA DEL SECTOR 6,800,000,000",,"MEJORAMIENTO Y' MANTENIMIENTO DE INFRAESTRUCTURA PROPIA DEL SECTOR 6,800,000,000","MEJORAMIENTO Y' MANTENIMIENTO DE INFRAESTRUCTURA PROPIA DEL SECTOR 6,800,000,000",6800000000.0,,unit,COP,unclear,review,0.5,docx_parser,docx_table,"Parsed from table 0, row 0"
Colombia,2004,pdf_70cd4b33da92__2004_Ley_848_de_2003.txt,0,section_total,,MEJORAMIENTOY MANTENIMIENTO DE INFRAESTRUCTURA PROPIA DEL SECTOR,MEJORAMIENTOY MANTENIMIENTO DE INFRAESTRUCTURA PROPIA DEL SECTOR,,MEJORAMIENTOY MANTENIMIENTO DE INFRAESTRUCTURA PROPIA DEL SECTOR,MEJORAMIENTOY MANTENIMIENTO DE INFRAESTRUCTURA PROPIA DEL SECTOR,2702000000.0,,unit,COP,unclear,review,0.5,docx_parser,docx_table,"Parsed from table 0, row 0"
Colombia,2004,pdf_70cd4b33da92__2004_Ley_848_de_2003.txt,0,section_total,,"MEJORAMIENTOY MANTENIMIENTO DE INFRAESTRUCTURA PROPIA DEL SECTOR 3,050,000,000","MEJORAMIENTOY MANTENIMIENTO DE INFRAESTRUCTURA PROPIA DEL SECTOR 3,050,000,000",,"MEJORAMIENTOY MANTENIMIENTO DE INFRAESTRUCTURA PROPIA DEL SECTOR 3,050,000,000","MEJORAMIENTOY MANTENIMIENTO DE INFRAESTRUCTURA PROPIA DEL SECTOR 3,050,000,000",3050000000.0,,unit,COP,unclear,review,0.5,docx_parser,docx_table,"Parsed from table 0, row 0"
Colombia,2004,pdf_70cd4b33da92__2004_Ley_848_de_2003.txt,0,section_total,,"MICROEMPRESA E INDUSTRIA ARTESANAL 1,173,000,000","MICROEMPRESA E INDUSTRIA ARTESANAL 1,173,000,000",,"MICROEMPRESA E INDUSTRIA ARTESANAL 1,173,000,000","MICROEMPRESA E INDUSTRIA ARTESANAL 1,173,000,000",1173000000.0,,unit,COP,unclear,review,0.5,docx_parser,docx_table,"Parsed from table 0, row 0"
Colombia,2004,pdf_70cd4b33da92__2004_Ley_848_de_2003.txt,0,section_total,,MITIGACION,MITIGACION,,MITIGACION,MITIGACION,50000000.0,,unit,COP,unclear,review,0.5,docx_parser,docx_table,"Parsed from table 0, row 0"
Colombia,2004,pdf_70cd4b33da92__2004_Ley_848_de_2003.txt,0,section_total,,NTERSUBSECTORIAL MEDIO AMBIENTE,NTERSUBSECTORIAL MEDIO AMBIENTE,,NTERSUBSECTORIAL MEDIO AMBIENTE,NTERSUBSECTORIAL MEDIO AMBIENTE,6800000000.0,,unit,COP,unclear,review,0.5,docx_parser,docx_table,"Parsed from table 0, row 0"
Colombia,2004,pdf_70cd4b33da92__2004_Ley_848_de_2003.txt,0,section_total,,PEQUENA Y MEDIANA INDUSTRIA,PEQUENA Y MEDIANA INDUSTRIA,,PEQUENA Y MEDIANA INDUSTRIA,PEQUENA Y MEDIANA INDUSTRIA,248000000.0,,unit,COP,unclear,review,0.6,docx_parser,docx_table,"Parsed from table 0, row 0"
Colombia,2004,pdf_70cd4b33da92__2004_Ley_848_de_2003.txt,0,section_total,,PESCA Y ACUICULTURA,PESCA Y ACUICULTURA,,PESCA Y ACUICULTURA,PESCA Y ACUICULTURA,705900000.0,,unit,COP,unclear,review,0.5,docx_parser,docx_table,"Parsed from table 0, row 0"
Colombia,2004,pdf_70cd4b33da92__2004_Ley_848_de_2003.txt,0,section_total,,PISCA Y ACUICULTURA,PISCA Y ACUICULTURA,,PISCA Y ACUICULTURA,PISCA Y ACUICULTURA,719300000.0,,unit,COP,unclear,review,0.5,docx_parser,docx_table,"Parsed from table 0, row 0"
Colombia,2004,pdf_70cd4b33da92__2004_Ley_848_de_2003.txt,0,section_total,,PREVENCION EN SALUD,PREVENCION EN SALUD,,PREVENCION EN SALUD,PREVENCION EN SALUD,101628500000.0,,unit,COP,unclear,review,0.5,docx_parser,docx_table,"Parsed from table 0, row 0"
Colombia,2004,pdf_70cd4b33da92__2004_Ley_848_de_2003.txt,0,section_total,,PRODUCCION Y APROVECHAMIENTO,PRODUCCION Y APROVECHAMIENTO,,PRODUCCION Y APROVECHAMIENTO,PRODUCCION Y APROVECHAMIENTO,52395377000.0,,unit,COP,unclear,review,0.5,docx_parser,docx_table,"Parsed from table 0, row 0"
Colombia,2004,pdf_70cd4b33da92__2004_Ley_848_de_2003.txt,0,section_total,,PROTECCION Y BIENESTAR SOCIAL DEL RECURSO HUMANO,PROTECCION Y BIENESTAR SOCIAL DEL RECURSO HUMANO,,PROTECCION Y BIENESTAR SOCIAL DEL RECURSO HUMANO,PROTECCION Y BIENESTAR SOCIAL DEL RECURSO HUMANO,112524000000.0,,unit,COP,unclear,review,0.5,docx_parser,docx_table,"Parsed from table 0, row 0"
Colombia,2004,pdf_70cd4b33da92__2004_Ley_848_de_2003.txt,0,section_total,,"RECREA CION, EDUCACION FISICA Y","RECREA CION, EDUCACION FISICA Y",,"RECREA CION, EDUCACION FISICA Y","RECREA CION, EDUCACION FISICA Y",50000000.0,,unit,COP,unclear,review,0.5,docx_parser,docx_table,"Parsed from table 0, row 0"
Colombia,2004,pdf_70cd4b33da92__2004_Ley_848_de_2003.txt,0,section_total,,"RECREACION, DEPORTE EDUCACION","RECREACION, DEPORTE EDUCACION",,"RECREACION, DEPORTE EDUCACION","RECREACION, DEPORTE EDUCACION",10000000.0,,unit,COP,unclear,review,0.5,docx_parser,docx_table,"Parsed from table 0, row 0"
Colombia,2004,pdf_70cd4b33da92__2004_Ley_848_de_2003.txt,0,section_total,,"RECREACION, EDUCACION FISICA Y","RECREACION, EDUCACION FISICA Y",,"RECREACION, EDUCACION FISICA Y","RECREACION, EDUCACION FISICA Y",19932434956.0,,unit,COP,unclear,review,0.5,docx_parser,docx_table,"Parsed from table 0, row 0"
Colombia,2004,pdf_70cd4b33da92__2004_Ley_848_de_2003.txt,0,section_total,,"RECREACION, EDUCACION FISICAY","RECREACION, EDUCACION FISICAY",,"RECREACION, EDUCACION FISICAY","RECREACION, EDUCACION FISICAY",816500000.0,,unit,COP,unclear,review,0.5,docx_parser,docx_table,"Parsed from table 0, row 0"
Colombia,2004,pdf_70cd4b33da92__2004_Ley_848_de_2003.txt,0,section_total,,"RECREACION, EDUCACION FISICAYDEPORTE","RECREACION, EDUCACION FISICAYDEPORTE",,"RECREACION, EDUCACION FISICAYDEPORTE","RECREACION, EDUCACION FISICAYDEPORTE",45120650600.0,,unit,COP,unclear,review,0.6,docx_parser,docx_table,"Parsed from table 0, row 0"
Colombia,2004,pdf_70cd4b33da92__2004_Ley_848_de_2003.txt,0,section_total,,RECURSOS DE CAPITAL DE LA NACION,RECURSOS DE CAPITAL DE LA NACION,,RECURSOS DE CAPITAL DE LA NACION,RECURSOS DE CAPITAL DE LA NACION,32514174227828.0,,unit,COP,unclear,review,0.5,docx_parser,docx_table,"Parsed from table 0, row 0"
Colombia,2004,pdf_70cd4b33da92__2004_Ley_848_de_2003.txt,0,section_total,,RECURSOS NATURALES ENERGETICOS NO RENOVABLES,RECURSOS NATURALES ENERGETICOS NO RENOVABLES,,RECURSOS NATURALES ENERGETICOS NO RENOVABLES,RECURSOS NATURALES ENERGETICOS NO RENOVABLES,15670000000.0,,unit,COP,unclear,review,0.6,docx_parser,docx_table,"Parsed from table 0, row 0"
Colombia,2004,pdf_70cd4b33da92__2004_Ley_848_de_2003.txt,0,section_total,,RECURSOS NATURALES ENERGÜICOS NO RENOVABLES,RECURSOS NATURALES ENERGÜICOS NO RENOVABLES,,RECURSOS NATURALES ENERGÜICOS NO RENOVABLES,RECURSOS NATURALES ENERGÜICOS NO RENOVABLES,1629000000.0,,unit,COP,unclear,review,0.5,docx_parser,docx_table,"Parsed from table 0, row 0"
Colombia,2004,pdf_70cd4b33da92__2004_Ley_848_de_2003.txt,0,section_total,,RED SECUNDARIA,RED SECUNDARIA,,RED SECUNDARIA,RED SECUNDARIA,50072200000.0,,unit,COP,unclear,review,0.5,docx_parser,docx_table,"Parsed from table 0, row 0"
Colombia,2004,pdf_70cd4b33da92__2004_Ley_848_de_2003.txt,0,section_total,,RED TRONCAL NACIONAL,RED TRONCAL NACIONAL,,RED TRONCAL NACIONAL,RED TRONCAL NACIONAL,295502480000.0,,unit,COP,unclear,review,0.5,docx_parser,docx_table,"Parsed from table 0, row 0"
Colombia,2004,pdf_70cd4b33da92__2004_Ley_848_de_2003.txt,0,section_total,,RED URBANA,RED URBANA,,RED URBANA,RED URBANA,263722365000.0,,unit,COP,unclear,review,0.5,docx_parser,docx_table,"Parsed from table 0, row 0"
Colombia,2004,pdf_70cd4b33da92__2004_Ley_848_de_2003.txt,0,section_total,,REGISTRADURIA NACIONAL DEL ESTADO CIVIL A. PRESUPUESTO DE FUNCIQNAMIENTO,REGISTRADURIA NACIONAL DEL ESTADO CIVIL A. PRESUPUESTO DE FUNCIQNAMIENTO,,REGISTRADURIA NACIONAL DEL ESTADO CIVIL A. PRESUPUESTO DE FUNCIQNAMIENTO,REGISTRADURIA NACIONAL DEL ESTADO CIVIL A. PRESUPUESTO DE FUNCIQNAMIENTO,106805253911.0,,unit,COP,unclear,review,0.6,docx_parser,docx_table,"Parsed from table 0, row 0"
Colombia,2004,pdf_70cd4b33da92__2004_Ley_848_de_2003.txt,0,section_total,,RELACIONES EXTERIORES,RELACIONES EXTERIORES,,RELACIONES EXTERIORES,RELACIONES EXTERIORES,1249852941.0,,unit,COP,unclear,review,0.5,docx_parser,docx_table,"Parsed from table 0, row 0"
Colombia,2004,pdf_70cd4b33da92__2004_Ley_848_de_2003.txt,0,section_total,,RENTAS DEL PRESUPUESTO GENERAL DE LA NACION I - INGRESOS DEL PRESUPUESTO NACIONAL,RENTAS DEL PRESUPUESTO GENERAL DE LA NACION I - INGRESOS DEL PRESUPUESTO NACIONAL,,RENTAS DEL PRESUPUESTO GENERAL DE LA NACION I - INGRESOS DEL PRESUPUESTO NACIONAL,RENTAS DEL PRESUPUESTO GENERAL DE LA NACION I - INGRESOS DEL PRESUPUESTO NACIONAL,70182447353391.0,,unit,COP,unclear,review,0.5,docx_parser,docx_table,"Parsed from table 0, row 0"
Colombia,2004,pdf_70cd4b33da92__2004_Ley_848_de_2003.txt,0,section_total,,RENTAS PARAFISCALES,RENTAS PARAFISCALES,,RENTAS PARAFISCALES,RENTAS PARAFISCALES,483260260163.0,,unit,COP,unclear,review,0.5,docx_parser,docx_table,"Parsed from table 0, row 0"
Colombia,2004,pdf_70cd4b33da92__2004_Ley_848_de_2003.txt,0,section_total,,SECCION. 1705 INSTITUTO NACIONAL DE ADECUACION DE TIERRAS - MIAT EN LIQUIDACION A. PRESUPUESTO DE FUNCIONAMIENTO,SECCION. 1705 INSTITUTO NACIONAL DE ADECUACION DE TIERRAS - MIAT EN LIQUIDACION A. PRESUPUESTO DE FUNCIONAMIENTO,,SECCION. 1705 INSTITUTO NACIONAL DE ADECUACION DE TIERRAS - MIAT EN LIQUIDACION A. PRESUPUESTO DE FUNCIONAMIENTO,SECCION. 1705 INSTITUTO NACIONAL DE ADECUACION DE TIERRAS - MIAT EN LIQUIDACION A. PRESUPUESTO DE FUNCIONAMIENTO,9388769337.0,,unit,COP,unclear,review,0.5,docx_parser,docx_table,"Parsed from table 0, row 0"
Colombia,2004,pdf_70cd4b33da92__2004_Ley_848_de_2003.txt,0,section_total,,SECCION. 2203 INSTITUTO COLOMBIANO DE CREDITO EDUCATIVO Y ESTUDIOS TECNICOS EN EL EXTERIOR (ICETEX) A. PRESUPUESTO DE FUNCIONAMIENTO,SECCION. 2203 INSTITUTO COLOMBIANO DE CREDITO EDUCATIVO Y ESTUDIOS TECNICOS EN EL EXTERIOR (ICETEX) A. PRESUPUESTO DE FUNCIONAMIENTO,,SECCION. 2203 INSTITUTO COLOMBIANO DE CREDITO EDUCATIVO Y ESTUDIOS TECNICOS EN EL EXTERIOR (ICETEX) A. PRESUPUESTO DE FUNCIONAMIENTO,SECCION. 2203 INSTITUTO COLOMBIANO DE CREDITO EDUCATIVO Y ESTUDIOS TECNICOS EN EL EXTERIOR (ICETEX) A. PRESUPUESTO DE FUNCIONAMIENTO,14733342200.0,,unit,COP,unclear,review,0.6,docx_parser,docx_table,"Parsed from table 0, row 0"
Colombia,2004,pdf_70cd4b33da92__2004_Ley_848_de_2003.txt,0,section_total,,SECCION. 2211 INSTITUTO TECNOLOGICO PASCUAL BRAVO - MEDELLIN A. PRESUPUESTO DE FUNCIONAMIENTO,SECCION. 2211 INSTITUTO TECNOLOGICO PASCUAL BRAVO - MEDELLIN A. PRESUPUESTO DE FUNCIONAMIENTO,,SECCION. 2211 INSTITUTO TECNOLOGICO PASCUAL BRAVO - MEDELLIN A. PRESUPUESTO DE FUNCIONAMIENTO,SECCION. 2211 INSTITUTO TECNOLOGICO PASCUAL BRAVO - MEDELLIN A. PRESUPUESTO DE FUNCIONAMIENTO,6485037569.0,,unit,COP,unclear,review,0.6,docx_parser,docx_table,"Parsed from table 0, row 0"
Colombia,2004,pdf_70cd4b33da92__2004_Ley_848_de_2003.txt,0,section_total,,SECCION: 0101 CONGRESO DE LA REPUBLICA A. PRESUPUESTO DE FUNCIONAMIENTO,SECCION: 0101 CONGRESO DE LA REPUBLICA A. PRESUPUESTO DE FUNCIONAMIENTO,,SECCION: 0101 CONGRESO DE LA REPUBLICA A. PRESUPUESTO DE FUNCIONAMIENTO,SECCION: 0101 CONGRESO DE LA REPUBLICA A. PRESUPUESTO DE FUNCIONAMIENTO,208343040512.0,,unit,COP,unclear,review,0.6,docx_parser,docx_table,"Parsed from table 0, row 0"
Colombia,2004,pdf_70cd4b33da92__2004_Ley_848_de_2003.txt,0,section_total,,SECCION: 0102 FONDO ROTATORIO DEL DANE A. PRESUPUESTO DE FUNCIONAMIENTO,SECCION: 0102 FONDO ROTATORIO DEL DANE A. PRESUPUESTO DE FUNCIONAMIENTO,,SECCION: 0102 FONDO ROTATORIO DEL DANE A. PRESUPUESTO DE FUNCIONAMIENTO,SECCION: 0102 FONDO ROTATORIO DEL DANE A. PRESUPUESTO DE FUNCIONAMIENTO,784186375.0,,unit,COP,unclear,review,0.5,docx_parser,docx_table,"Parsed from table 0, row 0"
Colombia,2004,pdf_70cd4b33da92__2004_Ley_848_de_2003.txt,0,section_total,,SECCION: 0201 PRESIDENCIA DE LA REPÚBLICA C. PRESUPUESTO DE INVERSION,SECCION: 0201 PRESIDENCIA DE LA REPÚBLICA C. PRESUPUESTO DE INVERSION,,SECCION: 0201 PRESIDENCIA DE LA REPÚBLICA C. PRESUPUESTO DE INVERSION,SECCION: 0201 PRESIDENCIA DE LA REPÚBLICA C. PRESUPUESTO DE INVERSION,105325000000.0,,unit,COP,unclear,review,0.6,docx_parser,docx_table,"Parsed from table 0, row 0"
Colombia,2004,pdf_70cd4b33da92__2004_Ley_848_de_2003.txt,0,section_total,,SECCION: 0203 RED DE SOLIDARIDAD SOCIAL A. PRESUPUESTO DE FUNCIONAMIENTO,SECCION: 0203 RED DE SOLIDARIDAD SOCIAL A. PRESUPUESTO DE FUNCIONAMIENTO,,SECCION: 0203 RED DE SOLIDARIDAD SOCIAL A. PRESUPUESTO DE FUNCIONAMIENTO,SECCION: 0203 RED DE SOLIDARIDAD SOCIAL A. PRESUPUESTO DE FUNCIONAMIENTO,16426342181.0,,unit,COP,unclear,review,0.6,docx_parser,docx_table,"Parsed from table 0, row 0"
Colombia,2004,pdf_70cd4b33da92__2004_Ley_848_de_2003.txt,0,section_total,,SECCION: 0209 AGENCIA COLOMBIANA DE COOPERACION INTERNACIONAL A. PRESUPUESTO DE FUNCIONAMIENTO,SECCION: 0209 AGENCIA COLOMBIANA DE COOPERACION INTERNACIONAL A. PRESUPUESTO DE FUNCIONAMIENTO,,SECCION: 0209 AGENCIA COLOMBIANA DE COOPERACION INTERNACIONAL A. PRESUPUESTO DE FUNCIONAMIENTO,SECCION: 0209 AGENCIA COLOMBIANA DE COOPERACION INTERNACIONAL A. PRESUPUESTO DE FUNCIONAMIENTO,2456995988.0,,unit,COP,unclear,review,0.6,docx_parser,docx_table,"Parsed from table 0, row 0"
Colombia,2004,pdf_70cd4b33da92__2004_Ley_848_de_2003.txt,0,section_total,,SECCION: 0301 DEPARTAMENTO ADMINISTRATIVO NACIONAL DE PLANEACION ' A. PRESUPUESTO DE FUNCIONAMIENT,SECCION: 0301 DEPARTAMENTO ADMINISTRATIVO NACIONAL DE PLANEACION ' A. PRESUPUESTO DE FUNCIONAMIENT,,SECCION: 0301 DEPARTAMENTO ADMINISTRATIVO NACIONAL DE PLANEACION ' A. PRESUPUESTO DE FUNCIONAMIENT,SECCION: 0301 DEPARTAMENTO ADMINISTRATIVO NACIONAL DE PLANEACION ' A. PRESUPUESTO DE FUNCIONAMIENT,25801154005.0,,unit,COP,unclear,review,0.6,docx_parser,docx_table,"Parsed from table 0, row 0"
Colombia,2004,pdf_70cd4b33da92__2004_Ley_848_de_2003.txt,0,section_total,,"SECCION: 0320 INSTITUTO COLOMBIANO PARA EL DESARROLLO DE LA CIENCIA Y LA TECNOLOGÍA ""FRANCISCO JOSE DE CALDAS”- (COLCIENCIAS) A. PRESUPUESTO DE FUNCIONAMIENTO","SECCION: 0320 INSTITUTO COLOMBIANO PARA EL DESARROLLO DE LA CIENCIA Y LA TECNOLOGÍA ""FRANCISCO JOSE DE CALDAS”- (COLCIENCIAS) A. PRESUPUESTO DE FUNCIONAMIENTO",,"SECCION: 0320 INSTITUTO COLOMBIANO PARA EL DESARROLLO DE LA CIENCIA Y LA TECNOLOGÍA ""FRANCISCO JOSE DE CALDAS”- (COLCIENCIAS) A. PRESUPUESTO DE FUNCIONAMIENTO","SECCION: 0320 INSTITUTO COLOMBIANO PARA EL DESARROLLO DE LA CIENCIA Y LA TECNOLOGÍA ""FRANCISCO JOSE DE CALDAS”- (COLCIENCIAS) A. PRESUPUESTO DE FUNCIONAMIENTO",6163171417.0,,unit,COP,science_agency,include,0.9,docx_parser,docx_table,"Parsed from table 0, row 0"
Colombia,2004,pdf_70cd4b33da92__2004_Ley_848_de_2003.txt,0,section_total,,SECCION: 0324 SUPERINTENDENCIA DE SERVICIOS PUBLICOS DOMICILIARIOS A. PRESUPUESTO DE FUNCIONAMIENTO,SECCION: 0324 SUPERINTENDENCIA DE SERVICIOS PUBLICOS DOMICILIARIOS A. PRESUPUESTO DE FUNCIONAMIENTO,,SECCION: 0324 SUPERINTENDENCIA DE SERVICIOS PUBLICOS DOMICILIARIOS A. PRESUPUESTO DE FUNCIONAMIENTO,SECCION: 0324 SUPERINTENDENCIA DE SERVICIOS PUBLICOS DOMICILIARIOS A. PRESUPUESTO DE FUNCIONAMIENTO,23785889610.0,,unit,COP,unclear,review,0.6,docx_parser,docx_table,"Parsed from table 0, row 0"
Colombia,2004,pdf_70cd4b33da92__2004_Ley_848_de_2003.txt,0,section_total,,SECCION: 0401 DEPARTAMENTO ADMINISTRATIVO NACIONAL DE ESTADISTICA (DANE) C. PRESUPUESTO DE INVERSION,SECCION: 0401 DEPARTAMENTO ADMINISTRATIVO NACIONAL DE ESTADISTICA (DANE) C. PRESUPUESTO DE INVERSION,,SECCION: 0401 DEPARTAMENTO ADMINISTRATIVO NACIONAL DE ESTADISTICA (DANE) C. PRESUPUESTO DE INVERSION,SECCION: 0401 DEPARTAMENTO ADMINISTRATIVO NACIONAL DE ESTADISTICA (DANE) C. PRESUPUESTO DE INVERSION,2000000000.0,,unit,COP,unclear,review,0.6,docx_parser,docx_table,"Parsed from table 0, row 0"
Colombia,2004,pdf_70cd4b33da92__2004_Ley_848_de_2003.txt,0,section_total,,"SECCION: 0401 DEPARTAMENTO ADMINISTRATIVO NACIONAL DE ESTADISTICA"" (DANE) A. PRESUPUESTO DE FUNCIONAMIENTO","SECCION: 0401 DEPARTAMENTO ADMINISTRATIVO NACIONAL DE ESTADISTICA"" (DANE) A. PRESUPUESTO DE FUNCIONAMIENTO",,"SECCION: 0401 DEPARTAMENTO ADMINISTRATIVO NACIONAL DE ESTADISTICA"" (DANE) A. PRESUPUESTO DE FUNCIONAMIENTO","SECCION: 0401 DEPARTAMENTO ADMINISTRATIVO NACIONAL DE ESTADISTICA"" (DANE) A. PRESUPUESTO DE FUNCIONAMIENTO",14631453667.0,,unit,COP,unclear,review,0.6,docx_parser,docx_table,"Parsed from table 0, row 0"
Colombia,2004,pdf_70cd4b33da92__2004_Ley_848_de_2003.txt,0,section_total,,SECCION: 0403 INSTITUTO GEOGRAFICO AGUSTIN CODAZZI A. PRESUPUESTO DE FUNCIONAMIENTO,SECCION: 0403 INSTITUTO GEOGRAFICO AGUSTIN CODAZZI A. PRESUPUESTO DE FUNCIONAMIENTO,,SECCION: 0403 INSTITUTO GEOGRAFICO AGUSTIN CODAZZI A. PRESUPUESTO DE FUNCIONAMIENTO,SECCION: 0403 INSTITUTO GEOGRAFICO AGUSTIN CODAZZI A. PRESUPUESTO DE FUNCIONAMIENTO,26830408124.0,,unit,COP,unclear,review,0.6,docx_parser,docx_table,"Parsed from table 0, row 0"
Colombia,2004,pdf_70cd4b33da92__2004_Ley_848_de_2003.txt,0,section_total,,SECCION: 0501 DEPARTAMENTO ADMINISTRATIVO DE LA FUNCION PUBLICA A. PRESUPUESTO DE FUNCIONAMIENTO,SECCION: 0501 DEPARTAMENTO ADMINISTRATIVO DE LA FUNCION PUBLICA A. PRESUPUESTO DE FUNCIONAMIENTO,,SECCION: 0501 DEPARTAMENTO ADMINISTRATIVO DE LA FUNCION PUBLICA A. PRESUPUESTO DE FUNCIONAMIENTO,SECCION: 0501 DEPARTAMENTO ADMINISTRATIVO DE LA FUNCION PUBLICA A. PRESUPUESTO DE FUNCIONAMIENTO,7137140800.0,,unit,COP,unclear,review,0.6,docx_parser,docx_table,"Parsed from table 0, row 0"
Colombia,2004,pdf_70cd4b33da92__2004_Ley_848_de_2003.txt,0,section_total,,SECCION: 0503 ESCUELA SUPERIOR DE ADMINISTRACION PUBLICA (ESAP) A. PRESUPUESTO DE FUNCIONAMIENTO,SECCION: 0503 ESCUELA SUPERIOR DE ADMINISTRACION PUBLICA (ESAP) A. PRESUPUESTO DE FUNCIONAMIENTO,,SECCION: 0503 ESCUELA SUPERIOR DE ADMINISTRACION PUBLICA (ESAP) A. PRESUPUESTO DE FUNCIONAMIENTO,SECCION: 0503 ESCUELA SUPERIOR DE ADMINISTRACION PUBLICA (ESAP) A. PRESUPUESTO DE FUNCIONAMIENTO,28650800000.0,,unit,COP,unclear,review,0.6,docx_parser,docx_table,"Parsed from table 0, row 0"
Colombia,2004,pdf_70cd4b33da92__2004_Ley_848_de_2003.txt,0,section_total,,SECCION: 0601 DEPARTAMENTO ADMINISTRATIVO DE SEGURIDAD (DAS) A. PRESUPUESTO DE FUNCIONAMIENTO,SECCION: 0601 DEPARTAMENTO ADMINISTRATIVO DE SEGURIDAD (DAS) A. PRESUPUESTO DE FUNCIONAMIENTO,,SECCION: 0601 DEPARTAMENTO ADMINISTRATIVO DE SEGURIDAD (DAS) A. PRESUPUESTO DE FUNCIONAMIENTO,SECCION: 0601 DEPARTAMENTO ADMINISTRATIVO DE SEGURIDAD (DAS) A. PRESUPUESTO DE FUNCIONAMIENTO,165476330000.0,,unit,COP,unclear,review,0.6,docx_parser,docx_table,"Parsed from table 0, row 0"
Colombia,2004,pdf_70cd4b33da92__2004_Ley_848_de_2003.txt,0,section_total,,SECCION: 0602 FONDO ROTATORIO DEL DEPARTAMENTO ADMINISTRATIVO DE SEGURIDAD A. PRESUPUESTO DE FUNCIONAMIENTO,SECCION: 0602 FONDO ROTATORIO DEL DEPARTAMENTO ADMINISTRATIVO DE SEGURIDAD A. PRESUPUESTO DE FUNCIONAMIENTO,,SECCION: 0602 FONDO ROTATORIO DEL DEPARTAMENTO ADMINISTRATIVO DE SEGURIDAD A. PRESUPUESTO DE FUNCIONAMIENTO,SECCION: 0602 FONDO ROTATORIO DEL DEPARTAMENTO ADMINISTRATIVO DE SEGURIDAD A. PRESUPUESTO DE FUNCIONAMIENTO,11966393000.0,,unit,COP,unclear,review,0.6,docx_parser,docx_table,"Parsed from table 0, row 0"
Colombia,2004,pdf_70cd4b33da92__2004_Ley_848_de_2003.txt,0,section_total,,SECCION: 0901 DEPARTAMENTO ADMINISTRATIVO NACIONAL DE LA ECONOMIA SOLIDARIA - DANSOCIAL A. PRESUPUESTO DE FUNCIONAMIENTO,SECCION: 0901 DEPARTAMENTO ADMINISTRATIVO NACIONAL DE LA ECONOMIA SOLIDARIA - DANSOCIAL A. PRESUPUESTO DE FUNCIONAMIENTO,,SECCION: 0901 DEPARTAMENTO ADMINISTRATIVO NACIONAL DE LA ECONOMIA SOLIDARIA - DANSOCIAL A. PRESUPUESTO DE FUNCIONAMIENTO,SECCION: 0901 DEPARTAMENTO ADMINISTRATIVO NACIONAL DE LA ECONOMIA SOLIDARIA - DANSOCIAL A. PRESUPUESTO DE FUNCIONAMIENTO,2766083214.0,,unit,COP,unclear,review,0.6,docx_parser,docx_table,"Parsed from table 0, row 0"
Colombia,2004,pdf_70cd4b33da92__2004_Ley_848_de_2003.txt,0,section_total,,SECCION: 1101 MINISTERIO DE RELACIONES EXTERIORES A. PRESUPUESTO DE FUNCIONAMIENTO,SECCION: 1101 MINISTERIO DE RELACIONES EXTERIORES A. PRESUPUESTO DE FUNCIONAMIENTO,,SECCION: 1101 MINISTERIO DE RELACIONES EXTERIORES A. PRESUPUESTO DE FUNCIONAMIENTO,SECCION: 1101 MINISTERIO DE RELACIONES EXTERIORES A. PRESUPUESTO DE FUNCIONAMIENTO,146332416824.0,,unit,COP,unclear,review,0.6,docx_parser,docx_table,"Parsed from table 0, row 0"
Colombia,2004,pdf_70cd4b33da92__2004_Ley_848_de_2003.txt,0,section_total,,SECCION: 1102 FONDO ROTATORIO DEL MINISTERIO DE RELACIONES` EXTERIORES A. PRESUPUESTO DE FUNCIONAMIENTO,SECCION: 1102 FONDO ROTATORIO DEL MINISTERIO DE RELACIONES` EXTERIORES A. PRESUPUESTO DE FUNCIONAMIENTO,,SECCION: 1102 FONDO ROTATORIO DEL MINISTERIO DE RELACIONES` EXTERIORES A. PRESUPUESTO DE FUNCIONAMIENTO,SECCION: 1102 FONDO ROTATORIO DEL MINISTERIO DE RELACIONES` EXTERIORES A. PRESUPUESTO DE FUNCIONAMIENTO,82470392039.0,,unit,COP,unclear,review,0.5,docx_parser,docx_table,"Parsed from table 0, row 0"
Colombia,2004,pdf_70cd4b33da92__2004_Ley_848_de_2003.txt,0,section_total,,SECCION: 1301 MINISTERIO DE HACIENDA Y CREDITO PUBLICO A. PRESUPUESTO DE FUNCIONAMIENTO,SECCION: 1301 MINISTERIO DE HACIENDA Y CREDITO PUBLICO A. PRESUPUESTO DE FUNCIONAMIENTO,,SECCION: 1301 MINISTERIO DE HACIENDA Y CREDITO PUBLICO A. PRESUPUESTO DE FUNCIONAMIENTO,SECCION: 1301 MINISTERIO DE HACIENDA Y CREDITO PUBLICO A. PRESUPUESTO DE FUNCIONAMIENTO,26000000000.0,,unit,COP,unclear,review,0.6,docx_parser,docx_table,"Parsed from table 0, row 0"
Colombia,2004,pdf_70cd4b33da92__2004_Ley_848_de_2003.txt,0,section_total,,SECCION: 1301 MINISTERIO DE HACIENDA Y CREDITO PUBLICO' A. PRESUPUESTO DE FUNCIONAMIENTO,SECCION: 1301 MINISTERIO DE HACIENDA Y CREDITO PUBLICO' A. PRESUPUESTO DE FUNCIONAMIENTO,,SECCION: 1301 MINISTERIO DE HACIENDA Y CREDITO PUBLICO' A. PRESUPUESTO DE FUNCIONAMIENTO,SECCION: 1301 MINISTERIO DE HACIENDA Y CREDITO PUBLICO' A. PRESUPUESTO DE FUNCIONAMIENTO,4295193562295.0,,unit,COP,unclear,review,0.6,docx_parser,docx_table,"Parsed from table 0, row 0"
Colombia,2004,pdf_70cd4b33da92__2004_Ley_848_de_2003.txt,0,section_total,,SECCION: 1309 SUPERINTENDENCIA DE LA ECONOMIA SOLIDARIA' A. PRESUPUESTO DE FUNCIONAMIENTO,SECCION: 1309 SUPERINTENDENCIA DE LA ECONOMIA SOLIDARIA' A. PRESUPUESTO DE FUNCIONAMIENTO,,SECCION: 1309 SUPERINTENDENCIA DE LA ECONOMIA SOLIDARIA' A. PRESUPUESTO DE FUNCIONAMIENTO,SECCION: 1309 SUPERINTENDENCIA DE LA ECONOMIA SOLIDARIA' A. PRESUPUESTO DE FUNCIONAMIENTO,4512773291.0,,unit,COP,unclear,review,0.6,docx_parser,docx_table,"Parsed from table 0, row 0"
Colombia,2004,pdf_70cd4b33da92__2004_Ley_848_de_2003.txt,0,section_total,,SECCION: 1310 UNIDAD ADMINISTRATIVA ESPECIAL DIRECCION DE IMPUESTOS Y ADUANAS NACIONALES A. PRESUPUESTO DE FUNCIONAMIENTO,SECCION: 1310 UNIDAD ADMINISTRATIVA ESPECIAL DIRECCION DE IMPUESTOS Y ADUANAS NACIONALES A. PRESUPUESTO DE FUNCIONAMIENTO,,SECCION: 1310 UNIDAD ADMINISTRATIVA ESPECIAL DIRECCION DE IMPUESTOS Y ADUANAS NACIONALES A. PRESUPUESTO DE FUNCIONAMIENTO,SECCION: 1310 UNIDAD ADMINISTRATIVA ESPECIAL DIRECCION DE IMPUESTOS Y ADUANAS NACIONALES A. PRESUPUESTO DE FUNCIONAMIENTO,314365991000.0,,unit,COP,unclear,review,0.6,docx_parser,docx_table,"Parsed from table 0, row 0"
Colombia,2004,pdf_70cd4b33da92__2004_Ley_848_de_2003.txt,0,section_total,,SECCION: 1311 SUPERINTENDENCIA BANCARIA A. PRESUPUESTO DE FUNCIONAMIENTO,SECCION: 1311 SUPERINTENDENCIA BANCARIA A. PRESUPUESTO DE FUNCIONAMIENTO,,SECCION: 1311 SUPERINTENDENCIA BANCARIA A. PRESUPUESTO DE FUNCIONAMIENTO,SECCION: 1311 SUPERINTENDENCIA BANCARIA A. PRESUPUESTO DE FUNCIONAMIENTO,54853738158.0,,unit,COP,unclear,review,0.6,docx_parser,docx_table,"Parsed from table 0, row 0"
Colombia,2004,pdf_70cd4b33da92__2004_Ley_848_de_2003.txt,0,section_total,,SECCION: 1312 UNIDAD DE INFORMACION Y ANALISIS FINANCIERO A. PRESUPUESTO DE FUNCIONAMIENTO,SECCION: 1312 UNIDAD DE INFORMACION Y ANALISIS FINANCIERO A. PRESUPUESTO DE FUNCIONAMIENTO,,SECCION: 1312 UNIDAD DE INFORMACION Y ANALISIS FINANCIERO A. PRESUPUESTO DE FUNCIONAMIENTO,SECCION: 1312 UNIDAD DE INFORMACION Y ANALISIS FINANCIERO A. PRESUPUESTO DE FUNCIONAMIENTO,2524062000.0,,unit,COP,unclear,review,0.6,docx_parser,docx_table,"Parsed from table 0, row 0"
Colombia,2004,pdf_70cd4b33da92__2004_Ley_848_de_2003.txt,0,section_total,,SECCION: 1401 SERVICIO DE LA DEUDA PUBLICA NACIONAL A. PRESUPUESTO DE SERVICIO DE LA DEUDA PUBLICA,SECCION: 1401 SERVICIO DE LA DEUDA PUBLICA NACIONAL A. PRESUPUESTO DE SERVICIO DE LA DEUDA PUBLICA,,SECCION: 1401 SERVICIO DE LA DEUDA PUBLICA NACIONAL A. PRESUPUESTO DE SERVICIO DE LA DEUDA PUBLICA,SECCION: 1401 SERVICIO DE LA DEUDA PUBLICA NACIONAL A. PRESUPUESTO DE SERVICIO DE LA DEUDA PUBLICA,27327462736025.0,,unit,COP,unclear,review,0.5,docx_parser,docx_table,"Parsed from table 0, row 0"
Colombia,2004,pdf_70cd4b33da92__2004_Ley_848_de_2003.txt,0,section_total,,SECCION: 1501 MINISTERIO DE DEFENSA NACIONAL A. PRESUPUESTO DE FUNCIONAMIENTO,SECCION: 1501 MINISTERIO DE DEFENSA NACIONAL A. PRESUPUESTO DE FUNCIONAMIENTO,,SECCION: 1501 MINISTERIO DE DEFENSA NACIONAL A. PRESUPUESTO DE FUNCIONAMIENTO,SECCION: 1501 MINISTERIO DE DEFENSA NACIONAL A. PRESUPUESTO DE FUNCIONAMIENTO,191800000000.0,,unit,COP,unclear,review,0.6,docx_parser,docx_table,"Parsed from table 0, row 0"
Colombia,2004,pdf_70cd4b33da92__2004_Ley_848_de_2003.txt,0,section_total,,SECCION: 1503 CAJA DE RETIRO DE LAS FUERZAS MILITARES A. PRESUPUESTO DE FUNCIONAMIENTO,SECCION: 1503 CAJA DE RETIRO DE LAS FUERZAS MILITARES A. PRESUPUESTO DE FUNCIONAMIENTO,,SECCION: 1503 CAJA DE RETIRO DE LAS FUERZAS MILITARES A. PRESUPUESTO DE FUNCIONAMIENTO,SECCION: 1503 CAJA DE RETIRO DE LAS FUERZAS MILITARES A. PRESUPUESTO DE FUNCIONAMIENTO,682891358982.0,,unit,COP,unclear,review,0.5,docx_parser,docx_table,"Parsed from table 0, row 0"
Colombia,2004,pdf_70cd4b33da92__2004_Ley_848_de_2003.txt,0,section_total,,SECCION: 1504 FONDO ROTATORIO DEL EJERCITO A. PRESUPUESTO DE FUNCIONAMIENTO,SECCION: 1504 FONDO ROTATORIO DEL EJERCITO A. PRESUPUESTO DE FUNCIONAMIENTO,,SECCION: 1504 FONDO ROTATORIO DEL EJERCITO A. PRESUPUESTO DE FUNCIONAMIENTO,SECCION: 1504 FONDO ROTATORIO DEL EJERCITO A. PRESUPUESTO DE FUNCIONAMIENTO,168055292876.0,,unit,COP,unclear,review,0.6,docx_parser,docx_table,"Parsed from table 0, row 0"
Colombia,2004,pdf_70cd4b33da92__2004_Ley_848_de_2003.txt,0,section_total,,SECCION: 1505 FONDO ROTATORIO DE LA ARMADA NACIONAL A. PRESUPUESTO DE FUNCIONAMIENTO,SECCION: 1505 FONDO ROTATORIO DE LA ARMADA NACIONAL A. PRESUPUESTO DE FUNCIONAMIENTO,,SECCION: 1505 FONDO ROTATORIO DE LA ARMADA NACIONAL A. PRESUPUESTO DE FUNCIONAMIENTO,SECCION: 1505 FONDO ROTATORIO DE LA ARMADA NACIONAL A. PRESUPUESTO DE FUNCIONAMIENTO,70931553150.0,,unit,COP,unclear,review,0.6,docx_parser,docx_table,"Parsed from table 0, row 0"
Colombia,2004,pdf_70cd4b33da92__2004_Ley_848_de_2003.txt,0,section_total,,SECCION: 1506 FONDO ROTATORIO DE LA FUERZA AEREA A. PRESUPUESTO DE FUNCIONAMIENTO,SECCION: 1506 FONDO ROTATORIO DE LA FUERZA AEREA A. PRESUPUESTO DE FUNCIONAMIENTO,,SECCION: 1506 FONDO ROTATORIO DE LA FUERZA AEREA A. PRESUPUESTO DE FUNCIONAMIENTO,SECCION: 1506 FONDO ROTATORIO DE LA FUERZA AEREA A. PRESUPUESTO DE FUNCIONAMIENTO,54272387676.0,,unit,COP,unclear,review,0.6,docx_parser,docx_table,"Parsed from table 0, row 0"
Colombia,2004,pdf_70cd4b33da92__2004_Ley_848_de_2003.txt,0,section_total,,SECCION: 1507 INSTITUTO. CASAS FISCALES DEL EJERCITO A. PRESUPUESTO DE FUNCIONAMIENTO,SECCION: 1507 INSTITUTO. CASAS FISCALES DEL EJERCITO A. PRESUPUESTO DE FUNCIONAMIENTO,,SECCION: 1507 INSTITUTO. CASAS FISCALES DEL EJERCITO A. PRESUPUESTO DE FUNCIONAMIENTO,SECCION: 1507 INSTITUTO. CASAS FISCALES DEL EJERCITO A. PRESUPUESTO DE FUNCIONAMIENTO,19856601428.0,,unit,COP,unclear,review,0.6,docx_parser,docx_table,"Parsed from table 0, row 0"
Colombia,2004,pdf_70cd4b33da92__2004_Ley_848_de_2003.txt,0,section_total,,SECCION: 1508 DEFENSA CIVIL COLOMBIANA A. PRESUPUESTO DE FUNCIONAMIENTO,SECCION: 1508 DEFENSA CIVIL COLOMBIANA A. PRESUPUESTO DE FUNCIONAMIENTO,,SECCION: 1508 DEFENSA CIVIL COLOMBIANA A. PRESUPUESTO DE FUNCIONAMIENTO,SECCION: 1508 DEFENSA CIVIL COLOMBIANA A. PRESUPUESTO DE FUNCIONAMIENTO,6488842736.0,,unit,COP,unclear,review,0.6,docx_parser,docx_table,"Parsed from table 0, row 0"
Colombia,2004,pdf_70cd4b33da92__2004_Ley_848_de_2003.txt,0,section_total,,SECCION: 1510 CLUB MILITAR DE OFICIALES A. PRESUPUESTO DE FUNCIONAMIENTO,SECCION: 1510 CLUB MILITAR DE OFICIALES A. PRESUPUESTO DE FUNCIONAMIENTO,,SECCION: 1510 CLUB MILITAR DE OFICIALES A. PRESUPUESTO DE FUNCIONAMIENTO,SECCION: 1510 CLUB MILITAR DE OFICIALES A. PRESUPUESTO DE FUNCIONAMIENTO,18650391339.0,,unit,COP,unclear,review,0.6,docx_parser,docx_table,"Parsed from table 0, row 0"
Colombia,2004,pdf_70cd4b33da92__2004_Ley_848_de_2003.txt,0,section_total,,SECCION: 1511 CAJA DE SUELDOS DE RETIRO DE LA POLICIA NACIONAL A. PRESUPUESTO DE FUNCIONAMIENTO,SECCION: 1511 CAJA DE SUELDOS DE RETIRO DE LA POLICIA NACIONAL A. PRESUPUESTO DE FUNCIONAMIENTO,,SECCION: 1511 CAJA DE SUELDOS DE RETIRO DE LA POLICIA NACIONAL A. PRESUPUESTO DE FUNCIONAMIENTO,SECCION: 1511 CAJA DE SUELDOS DE RETIRO DE LA POLICIA NACIONAL A. PRESUPUESTO DE FUNCIONAMIENTO,853370701496.0,,unit,COP,unclear,review,0.5,docx_parser,docx_table,"Parsed from table 0, row 0"
Colombia,2004,pdf_70cd4b33da92__2004_Ley_848_de_2003.txt,0,section_total,,SECCION: 1512 FONDO ROTATORIO DE LA POLICIA A. PRESUPUESTO DE FUNCIONAMIENTO,SECCION: 1512 FONDO ROTATORIO DE LA POLICIA A. PRESUPUESTO DE FUNCIONAMIENTO,,SECCION: 1512 FONDO ROTATORIO DE LA POLICIA A. PRESUPUESTO DE FUNCIONAMIENTO,SECCION: 1512 FONDO ROTATORIO DE LA POLICIA A. PRESUPUESTO DE FUNCIONAMIENTO,289147743000.0,,unit,COP,unclear,review,0.6,docx_parser,docx_table,"Parsed from table 0, row 0"
Colombia,2004,pdf_70cd4b33da92__2004_Ley_848_de_2003.txt,0,section_total,,SECCION: 1519 HOSPITAL MILITAR A. PRESUPUESTO DE FUNCIONAMIENTO,SECCION: 1519 HOSPITAL MILITAR A. PRESUPUESTO DE FUNCIONAMIENTO,,SECCION: 1519 HOSPITAL MILITAR A. PRESUPUESTO DE FUNCIONAMIENTO,SECCION: 1519 HOSPITAL MILITAR A. PRESUPUESTO DE FUNCIONAMIENTO,109359756000.0,,unit,COP,unclear,review,0.6,docx_parser,docx_table,"Parsed from table 0, row 0"
Colombia,2004,pdf_70cd4b33da92__2004_Ley_848_de_2003.txt,0,section_total,,SECCION: 1601 POLICIA NACIONAL A. PRESUPUESTO DE FUNCIONAMIENTO,SECCION: 1601 POLICIA NACIONAL A. PRESUPUESTO DE FUNCIONAMIENTO,,SECCION: 1601 POLICIA NACIONAL A. PRESUPUESTO DE FUNCIONAMIENTO,SECCION: 1601 POLICIA NACIONAL A. PRESUPUESTO DE FUNCIONAMIENTO,58200000000.0,,unit,COP,unclear,review,0.6,docx_parser,docx_table,"Parsed from table 0, row 0"
Colombia,2004,pdf_70cd4b33da92__2004_Ley_848_de_2003.txt,0,section_total,,SECCION: 1701 MINISTERIO DE AGRICULTURA Y DESARROLLO RURAL A. PRESUPUESTO DE FUNCIONAMIENTO,SECCION: 1701 MINISTERIO DE AGRICULTURA Y DESARROLLO RURAL A. PRESUPUESTO DE FUNCIONAMIENTO,,SECCION: 1701 MINISTERIO DE AGRICULTURA Y DESARROLLO RURAL A. PRESUPUESTO DE FUNCIONAMIENTO,SECCION: 1701 MINISTERIO DE AGRICULTURA Y DESARROLLO RURAL A. PRESUPUESTO DE FUNCIONAMIENTO,92320800000.0,,unit,COP,unclear,review,0.6,docx_parser,docx_table,"Parsed from table 0, row 0"
Colombia,2004,pdf_70cd4b33da92__2004_Ley_848_de_2003.txt,0,section_total,,SECCION: 1702 INSTITUTO COLOMBIANO AGROPECUARIO. (ICA) A. PRESUPUESTO DE FUNCIONAMIENTO,SECCION: 1702 INSTITUTO COLOMBIANO AGROPECUARIO. (ICA) A. PRESUPUESTO DE FUNCIONAMIENTO,,SECCION: 1702 INSTITUTO COLOMBIANO AGROPECUARIO. (ICA) A. PRESUPUESTO DE FUNCIONAMIENTO,SECCION: 1702 INSTITUTO COLOMBIANO AGROPECUARIO. (ICA) A. PRESUPUESTO DE FUNCIONAMIENTO,48644800000.0,,unit,COP,unclear,review,0.6,docx_parser,docx_table,"Parsed from table 0, row 0"
Colombia,2004,pdf_70cd4b33da92__2004_Ley_848_de_2003.txt,0,section_total,,SECCION: 1706 FONDO DE COFINANCIACION PARA LA INVERSION RURAL - DRI EN LIQUIDACIÓN A. PRESUPUESTO DE FUNCIONAMIENTO,SECCION: 1706 FONDO DE COFINANCIACION PARA LA INVERSION RURAL - DRI EN LIQUIDACIÓN A. PRESUPUESTO DE FUNCIONAMIENTO,,SECCION: 1706 FONDO DE COFINANCIACION PARA LA INVERSION RURAL - DRI EN LIQUIDACIÓN A. PRESUPUESTO DE FUNCIONAMIENTO,SECCION: 1706 FONDO DE COFINANCIACION PARA LA INVERSION RURAL - DRI EN LIQUIDACIÓN A. PRESUPUESTO DE FUNCIONAMIENTO,2360521000.0,,unit,COP,unclear,review,0.6,docx_parser,docx_table,"Parsed from table 0, row 0"
Colombia,2004,pdf_70cd4b33da92__2004_Ley_848_de_2003.txt,0,section_total,,SECCION: 1712 INSTITUTO NACIONAL DE PESCA Y ACUICULTURA - INPA EN LIQUIDACION A. PRESUPUESTO DE FUNCIONAMIENTO,SECCION: 1712 INSTITUTO NACIONAL DE PESCA Y ACUICULTURA - INPA EN LIQUIDACION A. PRESUPUESTO DE FUNCIONAMIENTO,,SECCION: 1712 INSTITUTO NACIONAL DE PESCA Y ACUICULTURA - INPA EN LIQUIDACION A. PRESUPUESTO DE FUNCIONAMIENTO,SECCION: 1712 INSTITUTO NACIONAL DE PESCA Y ACUICULTURA - INPA EN LIQUIDACION A. PRESUPUESTO DE FUNCIONAMIENTO,4501411000.0,,unit,COP,unclear,review,0.6,docx_parser,docx_table,"Parsed from table 0, row 0"
Colombia,2004,pdf_70cd4b33da92__2004_Ley_848_de_2003.txt,0,section_total,,SECCION: 1713 INSTITUTO COLOMBIANO DE DESARROLLO RURAL - INCODER A. PRESUPUESTO DE FUNCIONAMIENTO,SECCION: 1713 INSTITUTO COLOMBIANO DE DESARROLLO RURAL - INCODER A. PRESUPUESTO DE FUNCIONAMIENTO,,SECCION: 1713 INSTITUTO COLOMBIANO DE DESARROLLO RURAL - INCODER A. PRESUPUESTO DE FUNCIONAMIENTO,SECCION: 1713 INSTITUTO COLOMBIANO DE DESARROLLO RURAL - INCODER A. PRESUPUESTO DE FUNCIONAMIENTO,28183600000.0,,unit,COP,unclear,review,0.6,docx_parser,docx_table,"Parsed from table 0, row 0"
Colombia,2004,pdf_70cd4b33da92__2004_Ley_848_de_2003.txt,0,section_total,,SECCION: 2101 MINISTERIO DE MINAS Y ENERGIA C. PRESUPUESTO DE INVERSION,SECCION: 2101 MINISTERIO DE MINAS Y ENERGIA C. PRESUPUESTO DE INVERSION,,SECCION: 2101 MINISTERIO DE MINAS Y ENERGIA C. PRESUPUESTO DE INVERSION,SECCION: 2101 MINISTERIO DE MINAS Y ENERGIA C. PRESUPUESTO DE INVERSION,175000000000.0,,unit,COP,unclear,review,0.6,docx_parser,docx_table,"Parsed from table 0, row 0"
Colombia,2004,pdf_70cd4b33da92__2004_Ley_848_de_2003.txt,0,section_total,,"SECCION: 2103 INSTITUTO DE INVESTIGACION E INFORMACION GEOCIENTIFICA, MINERO AMBIENTAL Y NUCLEAR- INGEOMINAS A. PRESUPUESTO DE FUNCIONAMIENTO","SECCION: 2103 INSTITUTO DE INVESTIGACION E INFORMACION GEOCIENTIFICA, MINERO AMBIENTAL Y NUCLEAR- INGEOMINAS A. PRESUPUESTO DE FUNCIONAMIENTO",,"SECCION: 2103 INSTITUTO DE INVESTIGACION E INFORMACION GEOCIENTIFICA, MINERO AMBIENTAL Y NUCLEAR- INGEOMINAS A. PRESUPUESTO DE FUNCIONAMIENTO","SECCION: 2103 INSTITUTO DE INVESTIGACION E INFORMACION GEOCIENTIFICA, MINERO AMBIENTAL Y NUCLEAR- INGEOMINAS A. PRESUPUESTO DE FUNCIONAMIENTO",16070316100.0,,unit,COP,unclear,review,0.6,docx_parser,docx_table,"Parsed from table 0, row 0"
Colombia,2004,pdf_70cd4b33da92__2004_Ley_848_de_2003.txt,0,section_total,,SECCION: 2109 UNIDAD DE PLANEACION MINERO ENEROETICA - UPME A. PRESUPUESTO DE FUNCIONAMIENTO,SECCION: 2109 UNIDAD DE PLANEACION MINERO ENEROETICA - UPME A. PRESUPUESTO DE FUNCIONAMIENTO,,SECCION: 2109 UNIDAD DE PLANEACION MINERO ENEROETICA - UPME A. PRESUPUESTO DE FUNCIONAMIENTO,SECCION: 2109 UNIDAD DE PLANEACION MINERO ENEROETICA - UPME A. PRESUPUESTO DE FUNCIONAMIENTO,3523500000.0,,unit,COP,unclear,review,0.5,docx_parser,docx_table,"Parsed from table 0, row 0"
Colombia,2004,pdf_70cd4b33da92__2004_Ley_848_de_2003.txt,0,section_total,,SECCION: 2110 INSTITUTO DE PLANIFICACION Y PROMOCION DE SOLUCIONES ENERGETICAS-IPSEIPSE A. PRESUPUESTO DE FUNCIONAMIENTO,SECCION: 2110 INSTITUTO DE PLANIFICACION Y PROMOCION DE SOLUCIONES ENERGETICAS-IPSEIPSE A. PRESUPUESTO DE FUNCIONAMIENTO,,SECCION: 2110 INSTITUTO DE PLANIFICACION Y PROMOCION DE SOLUCIONES ENERGETICAS-IPSEIPSE A. PRESUPUESTO DE FUNCIONAMIENTO,SECCION: 2110 INSTITUTO DE PLANIFICACION Y PROMOCION DE SOLUCIONES ENERGETICAS-IPSEIPSE A. PRESUPUESTO DE FUNCIONAMIENTO,33770935632.0,,unit,COP,unclear,review,0.6,docx_parser,docx_table,"Parsed from table 0, row 0"
Colombia,2004,pdf_70cd4b33da92__2004_Ley_848_de_2003.txt,0,section_total,,SECCION: 2111 AGENCIA NACIONAL DE HIDROCARBUROS - ANH A. PRESUPUESTO DE FUNCIONAMIENTO,SECCION: 2111 AGENCIA NACIONAL DE HIDROCARBUROS - ANH A. PRESUPUESTO DE FUNCIONAMIENTO,,SECCION: 2111 AGENCIA NACIONAL DE HIDROCARBUROS - ANH A. PRESUPUESTO DE FUNCIONAMIENTO,SECCION: 2111 AGENCIA NACIONAL DE HIDROCARBUROS - ANH A. PRESUPUESTO DE FUNCIONAMIENTO,180395985500.0,,unit,COP,unclear,review,0.6,docx_parser,docx_table,"Parsed from table 0, row 0"
Colombia,2004,pdf_70cd4b33da92__2004_Ley_848_de_2003.txt,0,section_total,,SECCION: 2201 MINISTERIO DE EDUCACION NACIONAL A. PRESUPUESTO DE FUNCIONAMIENTO,SECCION: 2201 MINISTERIO DE EDUCACION NACIONAL A. PRESUPUESTO DE FUNCIONAMIENTO,,SECCION: 2201 MINISTERIO DE EDUCACION NACIONAL A. PRESUPUESTO DE FUNCIONAMIENTO,SECCION: 2201 MINISTERIO DE EDUCACION NACIONAL A. PRESUPUESTO DE FUNCIONAMIENTO,10721243423760.0,,unit,COP,unclear,review,0.6,docx_parser,docx_table,"Parsed from table 0, row 0"
Colombia,2004,pdf_70cd4b33da92__2004_Ley_848_de_2003.txt,0,section_total,,SECCION: 2202 INSTITUTO COLOMBIANO PARA EL FOMENTO DE LA EDUCACION SUPERIOR (ICFES) A. PRESUPUESTO DE FUNCIONAMIENTO,SECCION: 2202 INSTITUTO COLOMBIANO PARA EL FOMENTO DE LA EDUCACION SUPERIOR (ICFES) A. PRESUPUESTO DE FUNCIONAMIENTO,,SECCION: 2202 INSTITUTO COLOMBIANO PARA EL FOMENTO DE LA EDUCACION SUPERIOR (ICFES) A. PRESUPUESTO DE FUNCIONAMIENTO,SECCION: 2202 INSTITUTO COLOMBIANO PARA EL FOMENTO DE LA EDUCACION SUPERIOR (ICFES) A. PRESUPUESTO DE FUNCIONAMIENTO,18839053406.0,,unit,COP,unclear,review,0.6,docx_parser,docx_table,"Parsed from table 0, row 0"
Colombia,2004,pdf_70cd4b33da92__2004_Ley_848_de_2003.txt,0,section_total,,SECCION: 2210 INSTITUTO NACIONAL PARA CIEGOS (INCI) A. PRESUPUESTO DE FUNCIONAMIENTO,SECCION: 2210 INSTITUTO NACIONAL PARA CIEGOS (INCI) A. PRESUPUESTO DE FUNCIONAMIENTO,,SECCION: 2210 INSTITUTO NACIONAL PARA CIEGOS (INCI) A. PRESUPUESTO DE FUNCIONAMIENTO,SECCION: 2210 INSTITUTO NACIONAL PARA CIEGOS (INCI) A. PRESUPUESTO DE FUNCIONAMIENTO,2296862165.0,,unit,COP,unclear,review,0.5,docx_parser,docx_table,"Parsed from table 0, row 0"
Colombia,2004,pdf_70cd4b33da92__2004_Ley_848_de_2003.txt,0,section_total,,"SECCION: 2213 INSTITUTO COLOMBIANO DE LA PARTICIPACION ""JORGE ELIECER GAITAN"" A. PRESUPUESTO DE FUNCIONAMIENTO","SECCION: 2213 INSTITUTO COLOMBIANO DE LA PARTICIPACION ""JORGE ELIECER GAITAN"" A. PRESUPUESTO DE FUNCIONAMIENTO",,"SECCION: 2213 INSTITUTO COLOMBIANO DE LA PARTICIPACION ""JORGE ELIECER GAITAN"" A. PRESUPUESTO DE FUNCIONAMIENTO","SECCION: 2213 INSTITUTO COLOMBIANO DE LA PARTICIPACION ""JORGE ELIECER GAITAN"" A. PRESUPUESTO DE FUNCIONAMIENTO",719657518.0,,unit,COP,unclear,review,0.5,docx_parser,docx_table,"Parsed from table 0, row 0"
Colombia,2004,pdf_70cd4b33da92__2004_Ley_848_de_2003.txt,0,section_total,,SECCION: 2226 UNIVERSIDAD NACIONAL ABIERTA Y A DISTANCIA- UNAD A. PRESUPUESTO DE FUNCIONAMIENTO,SECCION: 2226 UNIVERSIDAD NACIONAL ABIERTA Y A DISTANCIA- UNAD A. PRESUPUESTO DE FUNCIONAMIENTO,,SECCION: 2226 UNIVERSIDAD NACIONAL ABIERTA Y A DISTANCIA- UNAD A. PRESUPUESTO DE FUNCIONAMIENTO,SECCION: 2226 UNIVERSIDAD NACIONAL ABIERTA Y A DISTANCIA- UNAD A. PRESUPUESTO DE FUNCIONAMIENTO,18878406427.0,,unit,COP,unclear,review,0.6,docx_parser,docx_table,"Parsed from table 0, row 0"
Colombia,2004,pdf_70cd4b33da92__2004_Ley_848_de_2003.txt,0,section_total,,SECCION: 2227 COLEGIO BOYACA A. PRESUPUESTO DE FUNCIONAMIENTO,SECCION: 2227 COLEGIO BOYACA A. PRESUPUESTO DE FUNCIONAMIENTO,,SECCION: 2227 COLEGIO BOYACA A. PRESUPUESTO DE FUNCIONAMIENTO,SECCION: 2227 COLEGIO BOYACA A. PRESUPUESTO DE FUNCIONAMIENTO,3786943292.0,,unit,COP,unclear,review,0.5,docx_parser,docx_table,"Parsed from table 0, row 0"
Colombia,2004,pdf_70cd4b33da92__2004_Ley_848_de_2003.txt,0,section_total,,SECCION: 2229 RESIDENCIAS FEMENINAS DEL MINISTERIO DE EDUCACION NACIONAL ENLIQUIDACION A. PRESUPUESTO DE FUNCIONAMIENTO,SECCION: 2229 RESIDENCIAS FEMENINAS DEL MINISTERIO DE EDUCACION NACIONAL ENLIQUIDACION A. PRESUPUESTO DE FUNCIONAMIENTO,,SECCION: 2229 RESIDENCIAS FEMENINAS DEL MINISTERIO DE EDUCACION NACIONAL ENLIQUIDACION A. PRESUPUESTO DE FUNCIONAMIENTO,SECCION: 2229 RESIDENCIAS FEMENINAS DEL MINISTERIO DE EDUCACION NACIONAL ENLIQUIDACION A. PRESUPUESTO DE FUNCIONAMIENTO,248865850.0,,unit,COP,unclear,review,0.5,docx_parser,docx_table,"Parsed from table 0, row 0"
Colombia,2004,pdf_70cd4b33da92__2004_Ley_848_de_2003.txt,0,section_total,,SECCION: 2230 COLEGIO MAYOR DE ANTIOQUIA A. PRESUPUESTO DE FUNCIONAMIENTO,SECCION: 2230 COLEGIO MAYOR DE ANTIOQUIA A. PRESUPUESTO DE FUNCIONAMIENTO,,SECCION: 2230 COLEGIO MAYOR DE ANTIOQUIA A. PRESUPUESTO DE FUNCIONAMIENTO,SECCION: 2230 COLEGIO MAYOR DE ANTIOQUIA A. PRESUPUESTO DE FUNCIONAMIENTO,3028026210.0,,unit,COP,unclear,review,0.6,docx_parser,docx_table,"Parsed from table 0, row 0"
Colombia,2004,pdf_70cd4b33da92__2004_Ley_848_de_2003.txt,0,section_total,,SECCION: 2231 COLEGIO MAYOR DE BOLIVAR A. PRESUPUESTO DE FUNCIONAMIENTO,SECCION: 2231 COLEGIO MAYOR DE BOLIVAR A. PRESUPUESTO DE FUNCIONAMIENTO,,SECCION: 2231 COLEGIO MAYOR DE BOLIVAR A. PRESUPUESTO DE FUNCIONAMIENTO,SECCION: 2231 COLEGIO MAYOR DE BOLIVAR A. PRESUPUESTO DE FUNCIONAMIENTO,2647418417.0,,unit,COP,unclear,review,0.6,docx_parser,docx_table,"Parsed from table 0, row 0"
Colombia,2004,pdf_70cd4b33da92__2004_Ley_848_de_2003.txt,0,section_total,,SECCION: 2232 COLEGIO MAYOR DEL CAUCA A. PRESUPUESTO DE FUNCIONAMIENTO,SECCION: 2232 COLEGIO MAYOR DEL CAUCA A. PRESUPUESTO DE FUNCIONAMIENTO,,SECCION: 2232 COLEGIO MAYOR DEL CAUCA A. PRESUPUESTO DE FUNCIONAMIENTO,SECCION: 2232 COLEGIO MAYOR DEL CAUCA A. PRESUPUESTO DE FUNCIONAMIENTO,1828587488.0,,unit,COP,unclear,review,0.6,docx_parser,docx_table,"Parsed from table 0, row 0"
Colombia,2004,pdf_70cd4b33da92__2004_Ley_848_de_2003.txt,0,section_total,,SECCION: 2234 INSTITUTO TECNICO CENTRAL A. PRESUPUESTÓ DE FUNCIONAMIENTO,SECCION: 2234 INSTITUTO TECNICO CENTRAL A. PRESUPUESTÓ DE FUNCIONAMIENTO,,SECCION: 2234 INSTITUTO TECNICO CENTRAL A. PRESUPUESTÓ DE FUNCIONAMIENTO,SECCION: 2234 INSTITUTO TECNICO CENTRAL A. PRESUPUESTÓ DE FUNCIONAMIENTO,5181318093.0,,unit,COP,unclear,review,0.5,docx_parser,docx_table,"Parsed from table 0, row 0"
Colombia,2004,pdf_70cd4b33da92__2004_Ley_848_de_2003.txt,0,section_total,,SECCION: 2235 INSTITUTO SUPERIOR DE EDUCACION RURAL DE PAMPLONA -ISER A. PRESUPUESTO DE FUNCIONAMIENTO,SECCION: 2235 INSTITUTO SUPERIOR DE EDUCACION RURAL DE PAMPLONA -ISER A. PRESUPUESTO DE FUNCIONAMIENTO,,SECCION: 2235 INSTITUTO SUPERIOR DE EDUCACION RURAL DE PAMPLONA -ISER A. PRESUPUESTO DE FUNCIONAMIENTO,SECCION: 2235 INSTITUTO SUPERIOR DE EDUCACION RURAL DE PAMPLONA -ISER A. PRESUPUESTO DE FUNCIONAMIENTO,2990633242.0,,unit,COP,unclear,review,0.5,docx_parser,docx_table,"Parsed from table 0, row 0"
Colombia,2004,pdf_70cd4b33da92__2004_Ley_848_de_2003.txt,0,section_total,,SECCION: 2237 INSTITUTO NACIONAL DE FORMACION TECNICA PROFESIONAL DE CIENAGA A. PRESUPUESTO DE FUNCIONAMIENTO,SECCION: 2237 INSTITUTO NACIONAL DE FORMACION TECNICA PROFESIONAL DE CIENAGA A. PRESUPUESTO DE FUNCIONAMIENTO,,SECCION: 2237 INSTITUTO NACIONAL DE FORMACION TECNICA PROFESIONAL DE CIENAGA A. PRESUPUESTO DE FUNCIONAMIENTO,SECCION: 2237 INSTITUTO NACIONAL DE FORMACION TECNICA PROFESIONAL DE CIENAGA A. PRESUPUESTO DE FUNCIONAMIENTO,1612164939.0,,unit,COP,unclear,review,0.6,docx_parser,docx_table,"Parsed from table 0, row 0"
Colombia,2004,pdf_70cd4b33da92__2004_Ley_848_de_2003.txt,0,section_total,,"SECCION: 2238 INSTITUTO NACIONAL DE, FORMACION TECNICA PROFESIONAL DE SAN ANDRES Y PROVIDENCIA A. PRESUPUESTO DE FUNCIONAMIENTO","SECCION: 2238 INSTITUTO NACIONAL DE, FORMACION TECNICA PROFESIONAL DE SAN ANDRES Y PROVIDENCIA A. PRESUPUESTO DE FUNCIONAMIENTO",,"SECCION: 2238 INSTITUTO NACIONAL DE, FORMACION TECNICA PROFESIONAL DE SAN ANDRES Y PROVIDENCIA A. PRESUPUESTO DE FUNCIONAMIENTO","SECCION: 2238 INSTITUTO NACIONAL DE, FORMACION TECNICA PROFESIONAL DE SAN ANDRES Y PROVIDENCIA A. PRESUPUESTO DE FUNCIONAMIENTO",863965639.0,,unit,COP,unclear,review,0.6,docx_parser,docx_table,"Parsed from table 0, row 0"
Colombia,2004,pdf_70cd4b33da92__2004_Ley_848_de_2003.txt,0,section_total,,SECCION: 2239 INSTITUTO NACIONAL DE FORMACION TECNICA PROFESIONAL DE SAN JUAN DEL CESAR A. PRESUPUESTO DE FUNCIONAMIENTO,SECCION: 2239 INSTITUTO NACIONAL DE FORMACION TECNICA PROFESIONAL DE SAN JUAN DEL CESAR A. PRESUPUESTO DE FUNCIONAMIENTO,,SECCION: 2239 INSTITUTO NACIONAL DE FORMACION TECNICA PROFESIONAL DE SAN JUAN DEL CESAR A. PRESUPUESTO DE FUNCIONAMIENTO,SECCION: 2239 INSTITUTO NACIONAL DE FORMACION TECNICA PROFESIONAL DE SAN JUAN DEL CESAR A. PRESUPUESTO DE FUNCIONAMIENTO,1472364824.0,,unit,COP,unclear,review,0.6,docx_parser,docx_table,"Parsed from table 0, row 0"
Colombia,2004,pdf_70cd4b33da92__2004_Ley_848_de_2003.txt,0,section_total,,"SECCION: 2242 INSTITUTO TECNICO NACIONAL DE COMERCIO ""SIMON RODRÍGUEZ ”DE CALI A. PRESUPUESTO DE FUNCIONAMIENTO","SECCION: 2242 INSTITUTO TECNICO NACIONAL DE COMERCIO ""SIMON RODRÍGUEZ ”DE CALI A. PRESUPUESTO DE FUNCIONAMIENTO",,"SECCION: 2242 INSTITUTO TECNICO NACIONAL DE COMERCIO ""SIMON RODRÍGUEZ ”DE CALI A. PRESUPUESTO DE FUNCIONAMIENTO","SECCION: 2242 INSTITUTO TECNICO NACIONAL DE COMERCIO ""SIMON RODRÍGUEZ ”DE CALI A. PRESUPUESTO DE FUNCIONAMIENTO",2121632446.0,,unit,COP,unclear,review,0.6,docx_parser,docx_table,"Parsed from table 0, row 0"
Colombia,2004,pdf_70cd4b33da92__2004_Ley_848_de_2003.txt,0,section_total,,"SECCION: 2243 COLEGIO INTEGRADO NACIONAL ""ORIENTE DE CALDAS"" A. PRESUPUESTO DE FUNCIONAMIENTO","SECCION: 2243 COLEGIO INTEGRADO NACIONAL ""ORIENTE DE CALDAS"" A. PRESUPUESTO DE FUNCIONAMIENTO",,"SECCION: 2243 COLEGIO INTEGRADO NACIONAL ""ORIENTE DE CALDAS"" A. PRESUPUESTO DE FUNCIONAMIENTO","SECCION: 2243 COLEGIO INTEGRADO NACIONAL ""ORIENTE DE CALDAS"" A. PRESUPUESTO DE FUNCIONAMIENTO",1219283952.0,,unit,COP,unclear,review,0.6,docx_parser,docx_table,"Parsed from table 0, row 0"
Colombia,2004,pdf_70cd4b33da92__2004_Ley_848_de_2003.txt,0,section_total,,SECCION: 2245 BIBLIOTECA PUBLICA PILOTO DE MEDELLIN PARA AMERICA LATINA A. PRESUPUESTO DE FUNCIONAMIENTO,SECCION: 2245 BIBLIOTECA PUBLICA PILOTO DE MEDELLIN PARA AMERICA LATINA A. PRESUPUESTO DE FUNCIONAMIENTO,,SECCION: 2245 BIBLIOTECA PUBLICA PILOTO DE MEDELLIN PARA AMERICA LATINA A. PRESUPUESTO DE FUNCIONAMIENTO,SECCION: 2245 BIBLIOTECA PUBLICA PILOTO DE MEDELLIN PARA AMERICA LATINA A. PRESUPUESTO DE FUNCIONAMIENTO,1074780067.0,,unit,COP,unclear,review,0.6,docx_parser,docx_table,"Parsed from table 0, row 0"
Colombia,2004,pdf_70cd4b33da92__2004_Ley_848_de_2003.txt,0,section_total,,SECCION: 2252 INSTITUTO TECNOLOGICO DEL PUTUMAYO A. PRESUPUESTO DE FUNCIONAMIENTO,SECCION: 2252 INSTITUTO TECNOLOGICO DEL PUTUMAYO A. PRESUPUESTO DE FUNCIONAMIENTO,,SECCION: 2252 INSTITUTO TECNOLOGICO DEL PUTUMAYO A. PRESUPUESTO DE FUNCIONAMIENTO,SECCION: 2252 INSTITUTO TECNOLOGICO DEL PUTUMAYO A. PRESUPUESTO DE FUNCIONAMIENTO,1338768361.0,,unit,COP,science_agency,include,0.9,docx_parser,docx_table,"Parsed from table 0, row 0"
Colombia,2004,pdf_70cd4b33da92__2004_Ley_848_de_2003.txt,0,section_total,,SECCION: 2254 INSTITUTO TECNOLOGICO DE SOLEDAD – ATLANTICO ITSA A. PRESUPUESTO DE FUNCIONAMIENTO,SECCION: 2254 INSTITUTO TECNOLOGICO DE SOLEDAD – ATLANTICO ITSA A. PRESUPUESTO DE FUNCIONAMIENTO,,SECCION: 2254 INSTITUTO TECNOLOGICO DE SOLEDAD – ATLANTICO ITSA A. PRESUPUESTO DE FUNCIONAMIENTO,SECCION: 2254 INSTITUTO TECNOLOGICO DE SOLEDAD – ATLANTICO ITSA A. PRESUPUESTO DE FUNCIONAMIENTO,2279408475.0,,unit,COP,unclear,review,0.6,docx_parser,docx_table,"Parsed from table 0, row 0"
Colombia,2004,pdf_70cd4b33da92__2004_Ley_848_de_2003.txt,0,section_total,,SECCION: 2255 CENTRO DE EDUCACION EN ADMINISTRACION DE SALUD – CEADS A. PRESUPUESTO DE FUNCIONAMIENTO,SECCION: 2255 CENTRO DE EDUCACION EN ADMINISTRACION DE SALUD – CEADS A. PRESUPUESTO DE FUNCIONAMIENTO,,SECCION: 2255 CENTRO DE EDUCACION EN ADMINISTRACION DE SALUD – CEADS A. PRESUPUESTO DE FUNCIONAMIENTO,SECCION: 2255 CENTRO DE EDUCACION EN ADMINISTRACION DE SALUD – CEADS A. PRESUPUESTO DE FUNCIONAMIENTO,2250953320.0,,unit,COP,unclear,review,0.6,docx_parser,docx_table,"Parsed from table 0, row 0"
Colombia,2004,pdf_70cd4b33da92__2004_Ley_848_de_2003.txt,0,section_total,,SECCION: 2301 MINISTERIO DE COMUNICACIONES A. PRESUPUESTO DE FUNCIONAMIENTO,SECCION: 2301 MINISTERIO DE COMUNICACIONES A. PRESUPUESTO DE FUNCIONAMIENTO,,SECCION: 2301 MINISTERIO DE COMUNICACIONES A. PRESUPUESTO DE FUNCIONAMIENTO,SECCION: 2301 MINISTERIO DE COMUNICACIONES A. PRESUPUESTO DE FUNCIONAMIENTO,17250800000.0,,unit,COP,unclear,review,0.6,docx_parser,docx_table,"Parsed from table 0, row 0"
Colombia,2004,pdf_70cd4b33da92__2004_Ley_848_de_2003.txt,0,section_total,,SECCION: 2303 FONDO DE COMUNICACIONES A. PRESUPUESTO DE FUNCIONAMIENTO,SECCION: 2303 FONDO DE COMUNICACIONES A. PRESUPUESTO DE FUNCIONAMIENTO,,SECCION: 2303 FONDO DE COMUNICACIONES A. PRESUPUESTO DE FUNCIONAMIENTO,SECCION: 2303 FONDO DE COMUNICACIONES A. PRESUPUESTO DE FUNCIONAMIENTO,4107700000.0,,unit,COP,unclear,review,0.6,docx_parser,docx_table,"Parsed from table 0, row 0"
Colombia,2004,pdf_70cd4b33da92__2004_Ley_848_de_2003.txt,0,section_total,,SECCION: 2307 COMISION NACIONAL DE TELEVISION A. PRESUPUESTO DE FUNCIONAMIENTO,SECCION: 2307 COMISION NACIONAL DE TELEVISION A. PRESUPUESTO DE FUNCIONAMIENTO,,SECCION: 2307 COMISION NACIONAL DE TELEVISION A. PRESUPUESTO DE FUNCIONAMIENTO,SECCION: 2307 COMISION NACIONAL DE TELEVISION A. PRESUPUESTO DE FUNCIONAMIENTO,86886822000.0,,unit,COP,unclear,review,0.5,docx_parser,docx_table,"Parsed from table 0, row 0"
Colombia,2004,pdf_70cd4b33da92__2004_Ley_848_de_2003.txt,0,section_total,,SECCION: 2401 MINISTERIO DE TRANSPORTE A. PRESUPUESTO DE FUNCIONAMIENTO,SECCION: 2401 MINISTERIO DE TRANSPORTE A. PRESUPUESTO DE FUNCIONAMIENTO,,SECCION: 2401 MINISTERIO DE TRANSPORTE A. PRESUPUESTO DE FUNCIONAMIENTO,SECCION: 2401 MINISTERIO DE TRANSPORTE A. PRESUPUESTO DE FUNCIONAMIENTO,121035700000.0,,unit,COP,unclear,review,0.6,docx_parser,docx_table,"Parsed from table 0, row 0"
Colombia,2004,pdf_70cd4b33da92__2004_Ley_848_de_2003.txt,0,section_total,,SECCION: 2402 INSTITUTO NACIONAL DE VIAS C. PRESUPUESTO DE INVERSION,SECCION: 2402 INSTITUTO NACIONAL DE VIAS C. PRESUPUESTO DE INVERSION,,SECCION: 2402 INSTITUTO NACIONAL DE VIAS C. PRESUPUESTO DE INVERSION,SECCION: 2402 INSTITUTO NACIONAL DE VIAS C. PRESUPUESTO DE INVERSION,50000000000.0,,unit,COP,unclear,review,0.6,docx_parser,docx_table,"Parsed from table 0, row 0"
Colombia,2004,pdf_70cd4b33da92__2004_Ley_848_de_2003.txt,0,section_total,,SECCION: 2403 FONDO NACIONAL DE CAMINOS VECINALES EN LIQUIDACION A. PRESUPUESTO DE FUNCIONAMIENTO,SECCION: 2403 FONDO NACIONAL DE CAMINOS VECINALES EN LIQUIDACION A. PRESUPUESTO DE FUNCIONAMIENTO,,SECCION: 2403 FONDO NACIONAL DE CAMINOS VECINALES EN LIQUIDACION A. PRESUPUESTO DE FUNCIONAMIENTO,SECCION: 2403 FONDO NACIONAL DE CAMINOS VECINALES EN LIQUIDACION A. PRESUPUESTO DE FUNCIONAMIENTO,9366500000.0,,unit,COP,unclear,review,0.5,docx_parser,docx_table,"Parsed from table 0, row 0"
Colombia,2004,pdf_70cd4b33da92__2004_Ley_848_de_2003.txt,0,section_total,,SECCION: 2412 UNIDAD ADMINISTRATIVA ESPECIAL DE LA AERONAU71CA CIVIL A. PRESUPUESTO DE FUNCIONAMIENTO,SECCION: 2412 UNIDAD ADMINISTRATIVA ESPECIAL DE LA AERONAU71CA CIVIL A. PRESUPUESTO DE FUNCIONAMIENTO,,SECCION: 2412 UNIDAD ADMINISTRATIVA ESPECIAL DE LA AERONAU71CA CIVIL A. PRESUPUESTO DE FUNCIONAMIENTO,SECCION: 2412 UNIDAD ADMINISTRATIVA ESPECIAL DE LA AERONAU71CA CIVIL A. PRESUPUESTO DE FUNCIONAMIENTO,157514200000.0,,unit,COP,unclear,review,0.5,docx_parser,docx_table,"Parsed from table 0, row 0"
Colombia,2004,pdf_70cd4b33da92__2004_Ley_848_de_2003.txt,0,section_total,,SECCION: 2413 INSTITUTO NACIONAL DE CONCESIONES - INCO C. PRESUPUESTO DE INVERSION,SECCION: 2413 INSTITUTO NACIONAL DE CONCESIONES - INCO C. PRESUPUESTO DE INVERSION,,SECCION: 2413 INSTITUTO NACIONAL DE CONCESIONES - INCO C. PRESUPUESTO DE INVERSION,SECCION: 2413 INSTITUTO NACIONAL DE CONCESIONES - INCO C. PRESUPUESTO DE INVERSION,63200000000.0,,unit,COP,unclear,review,0.6,docx_parser,docx_table,"Parsed from table 0, row 0"
Colombia,2004,pdf_70cd4b33da92__2004_Ley_848_de_2003.txt,0,section_total,,SECCION: 2501 MINISTERIO PUBLICO A. PRESUPUESTO DE FUNCIONAMIENTO,SECCION: 2501 MINISTERIO PUBLICO A. PRESUPUESTO DE FUNCIONAMIENTO,,SECCION: 2501 MINISTERIO PUBLICO A. PRESUPUESTO DE FUNCIONAMIENTO,SECCION: 2501 MINISTERIO PUBLICO A. PRESUPUESTO DE FUNCIONAMIENTO,167738570540.0,,unit,COP,unclear,review,0.6,docx_parser,docx_table,"Parsed from table 0, row 0"
Colombia,2004,pdf_70cd4b33da92__2004_Ley_848_de_2003.txt,0,section_total,,SECCION: 2502 DEFENSORIA DEL PUEBLO A. PRESUPUESTO DE FUNCIONAMIENTO,SECCION: 2502 DEFENSORIA DEL PUEBLO A. PRESUPUESTO DE FUNCIONAMIENTO,,SECCION: 2502 DEFENSORIA DEL PUEBLO A. PRESUPUESTO DE FUNCIONAMIENTO,SECCION: 2502 DEFENSORIA DEL PUEBLO A. PRESUPUESTO DE FUNCIONAMIENTO,43214515147.0,,unit,COP,unclear,review,0.6,docx_parser,docx_table,"Parsed from table 0, row 0"
Colombia,2004,pdf_70cd4b33da92__2004_Ley_848_de_2003.txt,0,section_total,,SECCION: 2602 FONDO DE BIENESTAR SOCIAL DE LA CONTRALORIA GENERAL DE LA REPÚBLICA A. PRESUPUESTO DE FUNCIONAMIENTO,SECCION: 2602 FONDO DE BIENESTAR SOCIAL DE LA CONTRALORIA GENERAL DE LA REPÚBLICA A. PRESUPUESTO DE FUNCIONAMIENTO,,SECCION: 2602 FONDO DE BIENESTAR SOCIAL DE LA CONTRALORIA GENERAL DE LA REPÚBLICA A. PRESUPUESTO DE FUNCIONAMIENTO,SECCION: 2602 FONDO DE BIENESTAR SOCIAL DE LA CONTRALORIA GENERAL DE LA REPÚBLICA A. PRESUPUESTO DE FUNCIONAMIENTO,25243699818.0,,unit,COP,unclear,review,0.6,docx_parser,docx_table,"Parsed from table 0, row 0"
Colombia,2004,pdf_70cd4b33da92__2004_Ley_848_de_2003.txt,0,section_total,,SECCION: 2701 RAMA JUDICIAL A. PRESUPUESTO DE FUNCIONAMIENTO,SECCION: 2701 RAMA JUDICIAL A. PRESUPUESTO DE FUNCIONAMIENTO,,SECCION: 2701 RAMA JUDICIAL A. PRESUPUESTO DE FUNCIONAMIENTO,SECCION: 2701 RAMA JUDICIAL A. PRESUPUESTO DE FUNCIONAMIENTO,753836180000.0,,unit,COP,unclear,review,0.6,docx_parser,docx_table,"Parsed from table 0, row 0"
Colombia,2004,pdf_70cd4b33da92__2004_Ley_848_de_2003.txt,0,section_total,,SECCION: 2802 FONDO ROTATORIO DE LARECOSTRADURIA A. PRESUPUESTO DE FUNCIONAMIENTO,SECCION: 2802 FONDO ROTATORIO DE LARECOSTRADURIA A. PRESUPUESTO DE FUNCIONAMIENTO,,SECCION: 2802 FONDO ROTATORIO DE LARECOSTRADURIA A. PRESUPUESTO DE FUNCIONAMIENTO,SECCION: 2802 FONDO ROTATORIO DE LARECOSTRADURIA A. PRESUPUESTO DE FUNCIONAMIENTO,10172503100.0,,unit,COP,unclear,review,0.5,docx_parser,docx_table,"Parsed from table 0, row 0"
Colombia,2004,pdf_70cd4b33da92__2004_Ley_848_de_2003.txt,0,section_total,,SECCION: 2803 FONDO SOCIAL DE VIVIENDA DE LA REGISTRADURIA NACIONAL DEL ESTADO CIVIL A. PRESUPUESTO DE FUNCIONAMIENTO,SECCION: 2803 FONDO SOCIAL DE VIVIENDA DE LA REGISTRADURIA NACIONAL DEL ESTADO CIVIL A. PRESUPUESTO DE FUNCIONAMIENTO,,SECCION: 2803 FONDO SOCIAL DE VIVIENDA DE LA REGISTRADURIA NACIONAL DEL ESTADO CIVIL A. PRESUPUESTO DE FUNCIONAMIENTO,SECCION: 2803 FONDO SOCIAL DE VIVIENDA DE LA REGISTRADURIA NACIONAL DEL ESTADO CIVIL A. PRESUPUESTO DE FUNCIONAMIENTO,3070453442.0,,unit,COP,unclear,review,0.6,docx_parser,docx_table,"Parsed from table 0, row 0"
Colombia,2004,pdf_70cd4b33da92__2004_Ley_848_de_2003.txt,0,section_total,,SECCION: 2901 FISCALIA GENERAL DE LA NACION A. PRESUPUESTO DE FUNCIONAMIENTO,SECCION: 2901 FISCALIA GENERAL DE LA NACION A. PRESUPUESTO DE FUNCIONAMIENTO,,SECCION: 2901 FISCALIA GENERAL DE LA NACION A. PRESUPUESTO DE FUNCIONAMIENTO,SECCION: 2901 FISCALIA GENERAL DE LA NACION A. PRESUPUESTO DE FUNCIONAMIENTO,619816557701.0,,unit,COP,unclear,review,0.6,docx_parser,docx_table,"Parsed from table 0, row 0"
Colombia,2004,pdf_70cd4b33da92__2004_Ley_848_de_2003.txt,0,section_total,,SECCION: 2902 INSTITUTO NACIONAL DE MEDICINA LEGAL Y CIENCIAS FORENSES A. PRESUPUESTO DE FUNCIONAMIENTO,SECCION: 2902 INSTITUTO NACIONAL DE MEDICINA LEGAL Y CIENCIAS FORENSES A. PRESUPUESTO DE FUNCIONAMIENTO,,SECCION: 2902 INSTITUTO NACIONAL DE MEDICINA LEGAL Y CIENCIAS FORENSES A. PRESUPUESTO DE FUNCIONAMIENTO,SECCION: 2902 INSTITUTO NACIONAL DE MEDICINA LEGAL Y CIENCIAS FORENSES A. PRESUPUESTO DE FUNCIONAMIENTO,44232521171.0,,unit,COP,unclear,review,0.6,docx_parser,docx_table,"Parsed from table 0, row 0"
Colombia,2004,pdf_70cd4b33da92__2004_Ley_848_de_2003.txt,0,section_total,,"SECCION: 3201 MINISTERIO DE AMBIENTE, VIVIENDA Y DESARROLLO TERRITORIAL A. PRESUPUESTO DE FUNCIONAMIENTO","SECCION: 3201 MINISTERIO DE AMBIENTE, VIVIENDA Y DESARROLLO TERRITORIAL A. PRESUPUESTO DE FUNCIONAMIENTO",,"SECCION: 3201 MINISTERIO DE AMBIENTE, VIVIENDA Y DESARROLLO TERRITORIAL A. PRESUPUESTO DE FUNCIONAMIENTO","SECCION: 3201 MINISTERIO DE AMBIENTE, VIVIENDA Y DESARROLLO TERRITORIAL A. PRESUPUESTO DE FUNCIONAMIENTO",52059993715.0,,unit,COP,unclear,review,0.6,docx_parser,docx_table,"Parsed from table 0, row 0"
Colombia,2004,pdf_70cd4b33da92__2004_Ley_848_de_2003.txt,0,section_total,,SECCION: 3202 INSTITUTO DE HIDROLOGIA. METEOROLOGIA Y ESTUDIOS AMBIENTALES-IDEAM A. PRESUPUESTO DE FUNCIONAMIENTO,SECCION: 3202 INSTITUTO DE HIDROLOGIA. METEOROLOGIA Y ESTUDIOS AMBIENTALES-IDEAM A. PRESUPUESTO DE FUNCIONAMIENTO,,SECCION: 3202 INSTITUTO DE HIDROLOGIA. METEOROLOGIA Y ESTUDIOS AMBIENTALES-IDEAM A. PRESUPUESTO DE FUNCIONAMIENTO,SECCION: 3202 INSTITUTO DE HIDROLOGIA. METEOROLOGIA Y ESTUDIOS AMBIENTALES-IDEAM A. PRESUPUESTO DE FUNCIONAMIENTO,21057246156.0,,unit,COP,unclear,review,0.6,docx_parser,docx_table,"Parsed from table 0, row 0"
Colombia,2004,pdf_70cd4b33da92__2004_Ley_848_de_2003.txt,0,section_total,,SECCION: 3204 FONDO NACIONAL AMBIENTAL C. PRESUPUESTO DE INVERSION,SECCION: 3204 FONDO NACIONAL AMBIENTAL C. PRESUPUESTO DE INVERSION,,SECCION: 3204 FONDO NACIONAL AMBIENTAL C. PRESUPUESTO DE INVERSION,SECCION: 3204 FONDO NACIONAL AMBIENTAL C. PRESUPUESTO DE INVERSION,20400000000.0,,unit,COP,science_agency,include,0.9,docx_parser,docx_table,"Parsed from table 0, row 0"
Colombia,2004,pdf_70cd4b33da92__2004_Ley_848_de_2003.txt,0,section_total,,SECCION: 3208 CORPORACION AUTONOMA REGIONAL DE LOS VALLES DEL SINU Y SAN JORGE (CVS) A. PRESUPUESTO DE FUNCIONAMIENTO,SECCION: 3208 CORPORACION AUTONOMA REGIONAL DE LOS VALLES DEL SINU Y SAN JORGE (CVS) A. PRESUPUESTO DE FUNCIONAMIENTO,,SECCION: 3208 CORPORACION AUTONOMA REGIONAL DE LOS VALLES DEL SINU Y SAN JORGE (CVS) A. PRESUPUESTO DE FUNCIONAMIENTO,SECCION: 3208 CORPORACION AUTONOMA REGIONAL DE LOS VALLES DEL SINU Y SAN JORGE (CVS) A. PRESUPUESTO DE FUNCIONAMIENTO,107756881.0,,unit,COP,unclear,review,0.6,docx_parser,docx_table,"Parsed from table 0, row 0"
Colombia,2004,pdf_70cd4b33da92__2004_Ley_848_de_2003.txt,0,section_total,,SECCION: 3210 CORPORACION PARA EL DESARROLLO SOSTENIBLE DEL URABA - CORPOURABA A. PRESUPUESTO DE FUNCIONAMIENTO,SECCION: 3210 CORPORACION PARA EL DESARROLLO SOSTENIBLE DEL URABA - CORPOURABA A. PRESUPUESTO DE FUNCIONAMIENTO,,SECCION: 3210 CORPORACION PARA EL DESARROLLO SOSTENIBLE DEL URABA - CORPOURABA A. PRESUPUESTO DE FUNCIONAMIENTO,SECCION: 3210 CORPORACION PARA EL DESARROLLO SOSTENIBLE DEL URABA - CORPOURABA A. PRESUPUESTO DE FUNCIONAMIENTO,1873884831.0,,unit,COP,unclear,review,0.6,docx_parser,docx_table,"Parsed from table 0, row 0"
Colombia,2004,pdf_70cd4b33da92__2004_Ley_848_de_2003.txt,0,section_total,,SECCION: 3211 CORPORACION AUTONOMA REGIONAL DE CALDAS (CORPOCALDAS) A. PRESUPUESTO DE FUNCIONAMIENTO,SECCION: 3211 CORPORACION AUTONOMA REGIONAL DE CALDAS (CORPOCALDAS) A. PRESUPUESTO DE FUNCIONAMIENTO,,SECCION: 3211 CORPORACION AUTONOMA REGIONAL DE CALDAS (CORPOCALDAS) A. PRESUPUESTO DE FUNCIONAMIENTO,SECCION: 3211 CORPORACION AUTONOMA REGIONAL DE CALDAS (CORPOCALDAS) A. PRESUPUESTO DE FUNCIONAMIENTO,1702879980.0,,unit,COP,unclear,review,0.6,docx_parser,docx_table,"Parsed from table 0, row 0"
Colombia,2004,pdf_70cd4b33da92__2004_Ley_848_de_2003.txt,0,section_total,,SECCION: 3212 CORPORACION AUTONOMA REGIONAL PARA EL DESARROLLO SOSTENIBLE DEL CHOCO – CODECHOCO A. PRESUPUESTO DE FUNCIONAMIENTO,SECCION: 3212 CORPORACION AUTONOMA REGIONAL PARA EL DESARROLLO SOSTENIBLE DEL CHOCO – CODECHOCO A. PRESUPUESTO DE FUNCIONAMIENTO,,SECCION: 3212 CORPORACION AUTONOMA REGIONAL PARA EL DESARROLLO SOSTENIBLE DEL CHOCO – CODECHOCO A. PRESUPUESTO DE FUNCIONAMIENTO,SECCION: 3212 CORPORACION AUTONOMA REGIONAL PARA EL DESARROLLO SOSTENIBLE DEL CHOCO – CODECHOCO A. PRESUPUESTO DE FUNCIONAMIENTO,907790900.0,,unit,COP,unclear,review,0.6,docx_parser,docx_table,"Parsed from table 0, row 0"
Colombia,2004,pdf_70cd4b33da92__2004_Ley_848_de_2003.txt,0,section_total,,SECCION: 3214 CORPORACION AUTONOMA REGIONAL DEL TOUMA (CORTOLIMA) A. PRESUPUESTO DE FUNCIONAMIENTO,SECCION: 3214 CORPORACION AUTONOMA REGIONAL DEL TOUMA (CORTOLIMA) A. PRESUPUESTO DE FUNCIONAMIENTO,,SECCION: 3214 CORPORACION AUTONOMA REGIONAL DEL TOUMA (CORTOLIMA) A. PRESUPUESTO DE FUNCIONAMIENTO,SECCION: 3214 CORPORACION AUTONOMA REGIONAL DEL TOUMA (CORTOLIMA) A. PRESUPUESTO DE FUNCIONAMIENTO,991220855.0,,unit,COP,unclear,review,0.6,docx_parser,docx_table,"Parsed from table 0, row 0"
Colombia,2004,pdf_70cd4b33da92__2004_Ley_848_de_2003.txt,0,section_total,,SECCION: 3215 CORPORACION AUTONOMA REGIONAL DE RISARALDA (CARDER) A. PRESUPUESTO DE FUNCIONAMIENTO,SECCION: 3215 CORPORACION AUTONOMA REGIONAL DE RISARALDA (CARDER) A. PRESUPUESTO DE FUNCIONAMIENTO,,SECCION: 3215 CORPORACION AUTONOMA REGIONAL DE RISARALDA (CARDER) A. PRESUPUESTO DE FUNCIONAMIENTO,SECCION: 3215 CORPORACION AUTONOMA REGIONAL DE RISARALDA (CARDER) A. PRESUPUESTO DE FUNCIONAMIENTO,1241862444.0,,unit,COP,unclear,review,0.6,docx_parser,docx_table,"Parsed from table 0, row 0"
Colombia,2004,pdf_70cd4b33da92__2004_Ley_848_de_2003.txt,0,section_total,,SECCION: 3216 CORPORACION AUTONOMA REGIONAL DE NARINO (CORPONARINO) A. PRESUPUESTO DE FUNCIONAMIENTO,SECCION: 3216 CORPORACION AUTONOMA REGIONAL DE NARINO (CORPONARINO) A. PRESUPUESTO DE FUNCIONAMIENTO,,SECCION: 3216 CORPORACION AUTONOMA REGIONAL DE NARINO (CORPONARINO) A. PRESUPUESTO DE FUNCIONAMIENTO,SECCION: 3216 CORPORACION AUTONOMA REGIONAL DE NARINO (CORPONARINO) A. PRESUPUESTO DE FUNCIONAMIENTO,926265165.0,,unit,COP,unclear,review,0.6,docx_parser,docx_table,"Parsed from table 0, row 0"
Colombia,2004,pdf_70cd4b33da92__2004_Ley_848_de_2003.txt,0,section_total,,SECCION: 3217 CORPORACION AUTONOMA REGIONAL DE LA FRONTERA NORORIENTAL (CORPONOR) A. PRESUPUESTO DE FUNCIONAMIENTO,SECCION: 3217 CORPORACION AUTONOMA REGIONAL DE LA FRONTERA NORORIENTAL (CORPONOR) A. PRESUPUESTO DE FUNCIONAMIENTO,,SECCION: 3217 CORPORACION AUTONOMA REGIONAL DE LA FRONTERA NORORIENTAL (CORPONOR) A. PRESUPUESTO DE FUNCIONAMIENTO,SECCION: 3217 CORPORACION AUTONOMA REGIONAL DE LA FRONTERA NORORIENTAL (CORPONOR) A. PRESUPUESTO DE FUNCIONAMIENTO,1424678837.0,,unit,COP,unclear,review,0.6,docx_parser,docx_table,"Parsed from table 0, row 0"
Colombia,2004,pdf_70cd4b33da92__2004_Ley_848_de_2003.txt,0,section_total,,SECCION: 3219 CORPORACION AUTONOMA REGIONAL DEL CESAR (CORPOCESAR) A. PRESUPUESTO DE FUNCIONAMIENTO,SECCION: 3219 CORPORACION AUTONOMA REGIONAL DEL CESAR (CORPOCESAR) A. PRESUPUESTO DE FUNCIONAMIENTO,,SECCION: 3219 CORPORACION AUTONOMA REGIONAL DEL CESAR (CORPOCESAR) A. PRESUPUESTO DE FUNCIONAMIENTO,SECCION: 3219 CORPORACION AUTONOMA REGIONAL DEL CESAR (CORPOCESAR) A. PRESUPUESTO DE FUNCIONAMIENTO,1487654790.0,,unit,COP,unclear,review,0.6,docx_parser,docx_table,"Parsed from table 0, row 0"
Colombia,2004,pdf_70cd4b33da92__2004_Ley_848_de_2003.txt,0,section_total,,SECCION: 3221 CORPORACION AUTONOMA REGIONAL DEL CAUCA (CRC) A. PRESUPUESTO DE FUNCIONAMIENTO,SECCION: 3221 CORPORACION AUTONOMA REGIONAL DEL CAUCA (CRC) A. PRESUPUESTO DE FUNCIONAMIENTO,,SECCION: 3221 CORPORACION AUTONOMA REGIONAL DEL CAUCA (CRC) A. PRESUPUESTO DE FUNCIONAMIENTO,SECCION: 3221 CORPORACION AUTONOMA REGIONAL DEL CAUCA (CRC) A. PRESUPUESTO DE FUNCIONAMIENTO,2664136299.0,,unit,COP,unclear,review,0.6,docx_parser,docx_table,"Parsed from table 0, row 0"
Colombia,2004,pdf_70cd4b33da92__2004_Ley_848_de_2003.txt,0,section_total,,SECCION: 3222 CORPORACION AUTONOMA REGIONAL DEL MAGDALENA (CORPAMAG) A. PRESUPUESTO DE FUNCIONAMIENTO,SECCION: 3222 CORPORACION AUTONOMA REGIONAL DEL MAGDALENA (CORPAMAG) A. PRESUPUESTO DE FUNCIONAMIENTO,,SECCION: 3222 CORPORACION AUTONOMA REGIONAL DEL MAGDALENA (CORPAMAG) A. PRESUPUESTO DE FUNCIONAMIENTO,SECCION: 3222 CORPORACION AUTONOMA REGIONAL DEL MAGDALENA (CORPAMAG) A. PRESUPUESTO DE FUNCIONAMIENTO,1783199151.0,,unit,COP,unclear,review,0.6,docx_parser,docx_table,"Parsed from table 0, row 0"
Colombia,2004,pdf_70cd4b33da92__2004_Ley_848_de_2003.txt,0,section_total,,SECCION: 3223 CORPORACION PARA EL DESARROLLO SOSTENIBLE DEL SUR DE LA AMAZONIA - CORPOAMAZONIA A. PRESUPUESTO DE FUNCIONAMIENTO,SECCION: 3223 CORPORACION PARA EL DESARROLLO SOSTENIBLE DEL SUR DE LA AMAZONIA - CORPOAMAZONIA A. PRESUPUESTO DE FUNCIONAMIENTO,,SECCION: 3223 CORPORACION PARA EL DESARROLLO SOSTENIBLE DEL SUR DE LA AMAZONIA - CORPOAMAZONIA A. PRESUPUESTO DE FUNCIONAMIENTO,SECCION: 3223 CORPORACION PARA EL DESARROLLO SOSTENIBLE DEL SUR DE LA AMAZONIA - CORPOAMAZONIA A. PRESUPUESTO DE FUNCIONAMIENTO,1296760837.0,,unit,COP,unclear,review,0.6,docx_parser,docx_table,"Parsed from table 0, row 0"
Colombia,2004,pdf_70cd4b33da92__2004_Ley_848_de_2003.txt,0,section_total,,SECCION: 3224 CORPORACION PARA EL DESARROLLOSOSTENIBLE DENORTE Y ORIENTE DE LA AMAZONIA - CDA A. PRESUPUESTO DE FUNCIONAMIENTO,SECCION: 3224 CORPORACION PARA EL DESARROLLOSOSTENIBLE DENORTE Y ORIENTE DE LA AMAZONIA - CDA A. PRESUPUESTO DE FUNCIONAMIENTO,,SECCION: 3224 CORPORACION PARA EL DESARROLLOSOSTENIBLE DENORTE Y ORIENTE DE LA AMAZONIA - CDA A. PRESUPUESTO DE FUNCIONAMIENTO,SECCION: 3224 CORPORACION PARA EL DESARROLLOSOSTENIBLE DENORTE Y ORIENTE DE LA AMAZONIA - CDA A. PRESUPUESTO DE FUNCIONAMIENTO,1253000034.0,,unit,COP,unclear,review,0.6,docx_parser,docx_table,"Parsed from table 0, row 0"
Colombia,2004,pdf_70cd4b33da92__2004_Ley_848_de_2003.txt,0,section_total,,"SECCION: 3226 CORPORACION PARA EL DESARROLLO SOSTENIBLE DEL ARCHIPIELAGO DE, SAN ANDRES, PROVIDENCIA Y SANTA CATALINA –CORALINA A. PRESUPUESTO DE FUNCIONAMIENTO","SECCION: 3226 CORPORACION PARA EL DESARROLLO SOSTENIBLE DEL ARCHIPIELAGO DE, SAN ANDRES, PROVIDENCIA Y SANTA CATALINA –CORALINA A. PRESUPUESTO DE FUNCIONAMIENTO",,"SECCION: 3226 CORPORACION PARA EL DESARROLLO SOSTENIBLE DEL ARCHIPIELAGO DE, SAN ANDRES, PROVIDENCIA Y SANTA CATALINA –CORALINA A. PRESUPUESTO DE FUNCIONAMIENTO","SECCION: 3226 CORPORACION PARA EL DESARROLLO SOSTENIBLE DEL ARCHIPIELAGO DE, SAN ANDRES, PROVIDENCIA Y SANTA CATALINA –CORALINA A. PRESUPUESTO DE FUNCIONAMIENTO",1213510944.0,,unit,COP,science_agency,include,0.9,docx_parser,docx_table,"Parsed from table 0, row 0"
Colombia,2004,pdf_70cd4b33da92__2004_Ley_848_de_2003.txt,0,section_total,,SECCION: 3227 CORPORACION PARA EL DESARROLLO SOSTENIBLE DEL AREA DE MANEJO ESPECIAL LA MACARENA. CORMACARENA A. PRESUPUESTO DE FUNCIONAMIENTO,SECCION: 3227 CORPORACION PARA EL DESARROLLO SOSTENIBLE DEL AREA DE MANEJO ESPECIAL LA MACARENA. CORMACARENA A. PRESUPUESTO DE FUNCIONAMIENTO,,SECCION: 3227 CORPORACION PARA EL DESARROLLO SOSTENIBLE DEL AREA DE MANEJO ESPECIAL LA MACARENA. CORMACARENA A. PRESUPUESTO DE FUNCIONAMIENTO,SECCION: 3227 CORPORACION PARA EL DESARROLLO SOSTENIBLE DEL AREA DE MANEJO ESPECIAL LA MACARENA. CORMACARENA A. PRESUPUESTO DE FUNCIONAMIENTO,1206727153.0,,unit,COP,science_agency,include,0.9,docx_parser,docx_table,"Parsed from table 0, row 0"
Colombia,2004,pdf_70cd4b33da92__2004_Ley_848_de_2003.txt,0,section_total,,SECCION: 3228 CORPORACION PARA EL DESARROLLO SOSTENIBLE DE LA MOJANA Y EL SAN JORGE -CORPOMOJANA A. PRESUPUESTO DE FUNCIONAMIENTO,SECCION: 3228 CORPORACION PARA EL DESARROLLO SOSTENIBLE DE LA MOJANA Y EL SAN JORGE -CORPOMOJANA A. PRESUPUESTO DE FUNCIONAMIENTO,,SECCION: 3228 CORPORACION PARA EL DESARROLLO SOSTENIBLE DE LA MOJANA Y EL SAN JORGE -CORPOMOJANA A. PRESUPUESTO DE FUNCIONAMIENTO,SECCION: 3228 CORPORACION PARA EL DESARROLLO SOSTENIBLE DE LA MOJANA Y EL SAN JORGE -CORPOMOJANA A. PRESUPUESTO DE FUNCIONAMIENTO,1180452381.0,,unit,COP,science_agency,include,0.9,docx_parser,docx_table,"Parsed from table 0, row 0"
Colombia,2004,pdf_70cd4b33da92__2004_Ley_848_de_2003.txt,0,section_total,,SECCION: 3229 CORPORACION AUTONOMA REGIONAL DE LA ORINOQUUA (CORPORINOQUTA) A. PRESUPUESTO DE FUNCIONAMIENTO,SECCION: 3229 CORPORACION AUTONOMA REGIONAL DE LA ORINOQUUA (CORPORINOQUTA) A. PRESUPUESTO DE FUNCIONAMIENTO,,SECCION: 3229 CORPORACION AUTONOMA REGIONAL DE LA ORINOQUUA (CORPORINOQUTA) A. PRESUPUESTO DE FUNCIONAMIENTO,SECCION: 3229 CORPORACION AUTONOMA REGIONAL DE LA ORINOQUUA (CORPORINOQUTA) A. PRESUPUESTO DE FUNCIONAMIENTO,1045425716.0,,unit,COP,unclear,review,0.6,docx_parser,docx_table,"Parsed from table 0, row 0"
Colombia,2004,pdf_70cd4b33da92__2004_Ley_848_de_2003.txt,0,section_total,,SECCION: 3230 CORPORACION AUTONOMA REGIONAL DE SUCRE (CARSUCRE) A.PRESUPUESTO DE FUNCIONAMIENTO,SECCION: 3230 CORPORACION AUTONOMA REGIONAL DE SUCRE (CARSUCRE) A.PRESUPUESTO DE FUNCIONAMIENTO,,SECCION: 3230 CORPORACION AUTONOMA REGIONAL DE SUCRE (CARSUCRE) A.PRESUPUESTO DE FUNCIONAMIENTO,SECCION: 3230 CORPORACION AUTONOMA REGIONAL DE SUCRE (CARSUCRE) A.PRESUPUESTO DE FUNCIONAMIENTO,1143118267.0,,unit,COP,science_agency,include,0.9,docx_parser,docx_table,"Parsed from table 0, row 0"
Colombia,2004,pdf_70cd4b33da92__2004_Ley_848_de_2003.txt,0,section_total,,SECCION: 3231 CORPORACION AUTONOMA REGIONAL DEL ALTO MAGDALENA (CAM) A. PRESUPUESTO DE FUNCIONAMIENTO,SECCION: 3231 CORPORACION AUTONOMA REGIONAL DEL ALTO MAGDALENA (CAM) A. PRESUPUESTO DE FUNCIONAMIENTO,,SECCION: 3231 CORPORACION AUTONOMA REGIONAL DEL ALTO MAGDALENA (CAM) A. PRESUPUESTO DE FUNCIONAMIENTO,SECCION: 3231 CORPORACION AUTONOMA REGIONAL DEL ALTO MAGDALENA (CAM) A. PRESUPUESTO DE FUNCIONAMIENTO,1127437020.0,,unit,COP,science_agency,include,0.9,docx_parser,docx_table,"Parsed from table 0, row 0"
Colombia,2004,pdf_70cd4b33da92__2004_Ley_848_de_2003.txt,0,section_total,,SECCION: 3232 CORPORACION AUTONOMA REGIONAL DEL CENTRO DE ANTIOQUTA (CORANTIOQUTA) A. PRESUPUESTO DE FUNCIONAMIENTO,SECCION: 3232 CORPORACION AUTONOMA REGIONAL DEL CENTRO DE ANTIOQUTA (CORANTIOQUTA) A. PRESUPUESTO DE FUNCIONAMIENTO,,SECCION: 3232 CORPORACION AUTONOMA REGIONAL DEL CENTRO DE ANTIOQUTA (CORANTIOQUTA) A. PRESUPUESTO DE FUNCIONAMIENTO,SECCION: 3232 CORPORACION AUTONOMA REGIONAL DEL CENTRO DE ANTIOQUTA (CORANTIOQUTA) A. PRESUPUESTO DE FUNCIONAMIENTO,1237767913.0,,unit,COP,science_agency,include,0.9,docx_parser,docx_table,"Parsed from table 0, row 0"
Colombia,2004,pdf_70cd4b33da92__2004_Ley_848_de_2003.txt,0,section_total,,SECCION: 3233 CORPORACION AUTONOMA REGIONAL DEL ATLANTICO (CRA) A. PRESUPUESTO DE FUNCIONAMIENTO,SECCION: 3233 CORPORACION AUTONOMA REGIONAL DEL ATLANTICO (CRA) A. PRESUPUESTO DE FUNCIONAMIENTO,,SECCION: 3233 CORPORACION AUTONOMA REGIONAL DEL ATLANTICO (CRA) A. PRESUPUESTO DE FUNCIONAMIENTO,SECCION: 3233 CORPORACION AUTONOMA REGIONAL DEL ATLANTICO (CRA) A. PRESUPUESTO DE FUNCIONAMIENTO,984183802.0,,unit,COP,unclear,review,0.6,docx_parser,docx_table,"Parsed from table 0, row 0"
Colombia,2004,pdf_70cd4b33da92__2004_Ley_848_de_2003.txt,0,section_total,,SECCION: 3234 CORPORACION AUTONOMA REGIONAL DE SANTANDER (CAS) A. PRESUPUESTO DE FUNCIONAMIENTO,SECCION: 3234 CORPORACION AUTONOMA REGIONAL DE SANTANDER (CAS) A. PRESUPUESTO DE FUNCIONAMIENTO,,SECCION: 3234 CORPORACION AUTONOMA REGIONAL DE SANTANDER (CAS) A. PRESUPUESTO DE FUNCIONAMIENTO,SECCION: 3234 CORPORACION AUTONOMA REGIONAL DE SANTANDER (CAS) A. PRESUPUESTO DE FUNCIONAMIENTO,1094269503.0,,unit,COP,unclear,review,0.6,docx_parser,docx_table,"Parsed from table 0, row 0"
Colombia,2004,pdf_70cd4b33da92__2004_Ley_848_de_2003.txt,0,section_total,,SECCION: 3235 CORPORACION AUTONOMA REGIONAL DE SOYACA (CORPOBOYACA) A. PRESUPUESTO DE FUNCIONAMIENTO,SECCION: 3235 CORPORACION AUTONOMA REGIONAL DE SOYACA (CORPOBOYACA) A. PRESUPUESTO DE FUNCIONAMIENTO,,SECCION: 3235 CORPORACION AUTONOMA REGIONAL DE SOYACA (CORPOBOYACA) A. PRESUPUESTO DE FUNCIONAMIENTO,SECCION: 3235 CORPORACION AUTONOMA REGIONAL DE SOYACA (CORPOBOYACA) A. PRESUPUESTO DE FUNCIONAMIENTO,1060865324.0,,unit,COP,unclear,review,0.6,docx_parser,docx_table,"Parsed from table 0, row 0"
Colombia,2004,pdf_70cd4b33da92__2004_Ley_848_de_2003.txt,0,section_total,,SECCION: 3236 CORPORACION AUTONOMA REGIONAL DE CHIVOR (CORPOCHIVOR) A. PRESUPUESTO DE FUNCIONAMIENTO,SECCION: 3236 CORPORACION AUTONOMA REGIONAL DE CHIVOR (CORPOCHIVOR) A. PRESUPUESTO DE FUNCIONAMIENTO,,SECCION: 3236 CORPORACION AUTONOMA REGIONAL DE CHIVOR (CORPOCHIVOR) A. PRESUPUESTO DE FUNCIONAMIENTO,SECCION: 3236 CORPORACION AUTONOMA REGIONAL DE CHIVOR (CORPOCHIVOR) A. PRESUPUESTO DE FUNCIONAMIENTO,998184955.0,,unit,COP,unclear,review,0.6,docx_parser,docx_table,"Parsed from table 0, row 0"
Colombia,2004,pdf_70cd4b33da92__2004_Ley_848_de_2003.txt,0,section_total,,SECCION: 3238 CORPORACION AUTONOMA REGIONAL DEL CANAL DEL DIQUE (CARDIQUE) A. PRESUPUESTO DE FUNCIONAMIENTO,SECCION: 3238 CORPORACION AUTONOMA REGIONAL DEL CANAL DEL DIQUE (CARDIQUE) A. PRESUPUESTO DE FUNCIONAMIENTO,,SECCION: 3238 CORPORACION AUTONOMA REGIONAL DEL CANAL DEL DIQUE (CARDIQUE) A. PRESUPUESTO DE FUNCIONAMIENTO,SECCION: 3238 CORPORACION AUTONOMA REGIONAL DEL CANAL DEL DIQUE (CARDIQUE) A. PRESUPUESTO DE FUNCIONAMIENTO,1137760855.0,,unit,COP,science_agency,include,0.9,docx_parser,docx_table,"Parsed from table 0, row 0"
Colombia,2004,pdf_70cd4b33da92__2004_Ley_848_de_2003.txt,0,section_total,,SECCION: 3239 CORPORACION AUTONOMA REGIONAL BEL SUR DE BOLIVAR (CSB) A. PRESUPUESTO DE FUNCIONAMIENTO,SECCION: 3239 CORPORACION AUTONOMA REGIONAL BEL SUR DE BOLIVAR (CSB) A. PRESUPUESTO DE FUNCIONAMIENTO,,SECCION: 3239 CORPORACION AUTONOMA REGIONAL BEL SUR DE BOLIVAR (CSB) A. PRESUPUESTO DE FUNCIONAMIENTO,SECCION: 3239 CORPORACION AUTONOMA REGIONAL BEL SUR DE BOLIVAR (CSB) A. PRESUPUESTO DE FUNCIONAMIENTO,1071633449.0,,unit,COP,unclear,review,0.6,docx_parser,docx_table,"Parsed from table 0, row 0"
Colombia,2004,pdf_70cd4b33da92__2004_Ley_848_de_2003.txt,0,section_total,,SECCION: 3240 INSTITUTO NACIONAL DE VIVIENDA DE INTERES SOCIAL Y REFORMA URBANA - INURBE- EN LIQUIDACIÓN A. PRESUPUESTO DE FUNCIONAMIENTO,SECCION: 3240 INSTITUTO NACIONAL DE VIVIENDA DE INTERES SOCIAL Y REFORMA URBANA - INURBE- EN LIQUIDACIÓN A. PRESUPUESTO DE FUNCIONAMIENTO,,SECCION: 3240 INSTITUTO NACIONAL DE VIVIENDA DE INTERES SOCIAL Y REFORMA URBANA - INURBE- EN LIQUIDACIÓN A. PRESUPUESTO DE FUNCIONAMIENTO,SECCION: 3240 INSTITUTO NACIONAL DE VIVIENDA DE INTERES SOCIAL Y REFORMA URBANA - INURBE- EN LIQUIDACIÓN A. PRESUPUESTO DE FUNCIONAMIENTO,23394742421.0,,unit,COP,unclear,review,0.6,docx_parser,docx_table,"Parsed from table 0, row 0"
Colombia,2004,pdf_70cd4b33da92__2004_Ley_848_de_2003.txt,0,section_total,,SECCION: 3241 FONDO NACIONAL DE VIVIENDA – FONVIVIENDA C. PRESUPUESTO DE INVERSION,SECCION: 3241 FONDO NACIONAL DE VIVIENDA – FONVIVIENDA C. PRESUPUESTO DE INVERSION,,SECCION: 3241 FONDO NACIONAL DE VIVIENDA – FONVIVIENDA C. PRESUPUESTO DE INVERSION,SECCION: 3241 FONDO NACIONAL DE VIVIENDA – FONVIVIENDA C. PRESUPUESTO DE INVERSION,132496626200.0,,unit,COP,unclear,review,0.6,docx_parser,docx_table,"Parsed from table 0, row 0"
Colombia,2004,pdf_70cd4b33da92__2004_Ley_848_de_2003.txt,0,section_total,,SECCION: 3301 MINISTERIO DE CULTURA A. PRESUPUESTO DE FUNCIONAMIENTO,SECCION: 3301 MINISTERIO DE CULTURA A. PRESUPUESTO DE FUNCIONAMIENTO,,SECCION: 3301 MINISTERIO DE CULTURA A. PRESUPUESTO DE FUNCIONAMIENTO,SECCION: 3301 MINISTERIO DE CULTURA A. PRESUPUESTO DE FUNCIONAMIENTO,49101642374.0,,unit,COP,unclear,review,0.6,docx_parser,docx_table,"Parsed from table 0, row 0"
Colombia,2004,pdf_70cd4b33da92__2004_Ley_848_de_2003.txt,0,section_total,,SECCION: 3304 ARCHIVO GENERAL DE LA NACION A. PRESUPUESTO DE FUNCIONAMIENTO,SECCION: 3304 ARCHIVO GENERAL DE LA NACION A. PRESUPUESTO DE FUNCIONAMIENTO,,SECCION: 3304 ARCHIVO GENERAL DE LA NACION A. PRESUPUESTO DE FUNCIONAMIENTO,SECCION: 3304 ARCHIVO GENERAL DE LA NACION A. PRESUPUESTO DE FUNCIONAMIENTO,2979186436.0,,unit,COP,unclear,review,0.6,docx_parser,docx_table,"Parsed from table 0, row 0"
Colombia,2004,pdf_70cd4b33da92__2004_Ley_848_de_2003.txt,0,section_total,,SECCION: 3306 INSTITUTO COLOMBIANO DE ANTROPOLOGUI E HISTORIA A. PRESUPUESTO DE FUNCIONAMIENTO,SECCION: 3306 INSTITUTO COLOMBIANO DE ANTROPOLOGUI E HISTORIA A. PRESUPUESTO DE FUNCIONAMIENTO,,SECCION: 3306 INSTITUTO COLOMBIANO DE ANTROPOLOGUI E HISTORIA A. PRESUPUESTO DE FUNCIONAMIENTO,SECCION: 3306 INSTITUTO COLOMBIANO DE ANTROPOLOGUI E HISTORIA A. PRESUPUESTO DE FUNCIONAMIENTO,2782398482.0,,unit,COP,unclear,review,0.6,docx_parser,docx_table,"Parsed from table 0, row 0"
Colombia,2004,pdf_70cd4b33da92__2004_Ley_848_de_2003.txt,0,section_total,,SECCION: 3306 INSTITUTO COLOMBIANO DEL DEPORTE -COLDEPORTES A. PRESUPUESTO DE FUNCIONAMIENTO,SECCION: 3306 INSTITUTO COLOMBIANO DEL DEPORTE -COLDEPORTES A. PRESUPUESTO DE FUNCIONAMIENTO,,SECCION: 3306 INSTITUTO COLOMBIANO DEL DEPORTE -COLDEPORTES A. PRESUPUESTO DE FUNCIONAMIENTO,SECCION: 3306 INSTITUTO COLOMBIANO DEL DEPORTE -COLDEPORTES A. PRESUPUESTO DE FUNCIONAMIENTO,8089761018.0,,unit,COP,unclear,review,0.6,docx_parser,docx_table,"Parsed from table 0, row 0"
Colombia,2004,pdf_70cd4b33da92__2004_Ley_848_de_2003.txt,0,section_total,,SECCION: 3307 INSTITUTO CARO Y CUERVO A. PRESUPUESTO DE FUNCIONAMIENTO,SECCION: 3307 INSTITUTO CARO Y CUERVO A. PRESUPUESTO DE FUNCIONAMIENTO,,SECCION: 3307 INSTITUTO CARO Y CUERVO A. PRESUPUESTO DE FUNCIONAMIENTO,SECCION: 3307 INSTITUTO CARO Y CUERVO A. PRESUPUESTO DE FUNCIONAMIENTO,2566127388.0,,unit,COP,unclear,review,0.6,docx_parser,docx_table,"Parsed from table 0, row 0"
Colombia,2004,pdf_70cd4b33da92__2004_Ley_848_de_2003.txt,0,section_total,,SECCION: 3401 AUDITORIA GENERAL DE LA REPUBLICA A. PRESUPUESTO DE FUNCIONAMIENTO,SECCION: 3401 AUDITORIA GENERAL DE LA REPUBLICA A. PRESUPUESTO DE FUNCIONAMIENTO,,SECCION: 3401 AUDITORIA GENERAL DE LA REPUBLICA A. PRESUPUESTO DE FUNCIONAMIENTO,SECCION: 3401 AUDITORIA GENERAL DE LA REPUBLICA A. PRESUPUESTO DE FUNCIONAMIENTO,9308520763.0,,unit,COP,unclear,review,0.5,docx_parser,docx_table,"Parsed from table 0, row 0"
Colombia,2004,pdf_70cd4b33da92__2004_Ley_848_de_2003.txt,0,section_total,,"SECCION: 3501 MINISTERIO DE COMERCIO, INDUSTRIA Y TURISMO A. PRESUPUESTO DE FUNCIONAMIENTO","SECCION: 3501 MINISTERIO DE COMERCIO, INDUSTRIA Y TURISMO A. PRESUPUESTO DE FUNCIONAMIENTO",,"SECCION: 3501 MINISTERIO DE COMERCIO, INDUSTRIA Y TURISMO A. PRESUPUESTO DE FUNCIONAMIENTO","SECCION: 3501 MINISTERIO DE COMERCIO, INDUSTRIA Y TURISMO A. PRESUPUESTO DE FUNCIONAMIENTO",108386343000.0,,unit,COP,unclear,review,0.6,docx_parser,docx_table,"Parsed from table 0, row 0"
Colombia,2004,pdf_70cd4b33da92__2004_Ley_848_de_2003.txt,0,section_total,,SECCION: 3502 SUPERINTENDENCIA DE SOCIEDADES A. PRESUPUESTO DE FUNCIONAMIENTO,SECCION: 3502 SUPERINTENDENCIA DE SOCIEDADES A. PRESUPUESTO DE FUNCIONAMIENTO,,SECCION: 3502 SUPERINTENDENCIA DE SOCIEDADES A. PRESUPUESTO DE FUNCIONAMIENTO,SECCION: 3502 SUPERINTENDENCIA DE SOCIEDADES A. PRESUPUESTO DE FUNCIONAMIENTO,39999700000.0,,unit,COP,unclear,review,0.5,docx_parser,docx_table,"Parsed from table 0, row 0"
Colombia,2004,pdf_70cd4b33da92__2004_Ley_848_de_2003.txt,0,section_total,,SECCION: 3601 MINISTERIO DE LA PROTECCION SOCIAL A. PRESUPUESTO DE FUNCIONAMIENTO,SECCION: 3601 MINISTERIO DE LA PROTECCION SOCIAL A. PRESUPUESTO DE FUNCIONAMIENTO,,SECCION: 3601 MINISTERIO DE LA PROTECCION SOCIAL A. PRESUPUESTO DE FUNCIONAMIENTO,SECCION: 3601 MINISTERIO DE LA PROTECCION SOCIAL A. PRESUPUESTO DE FUNCIONAMIENTO,8219990716192.0,,unit,COP,unclear,review,0.6,docx_parser,docx_table,"Parsed from table 0, row 0"
Colombia,2004,pdf_70cd4b33da92__2004_Ley_848_de_2003.txt,0,section_total,,SECCION: 3602 SERVICIO NACIONAL DE APRENDIZAJE (SENA) A. PRESUPUESTO DE FUNCIONAMIENTO,SECCION: 3602 SERVICIO NACIONAL DE APRENDIZAJE (SENA) A. PRESUPUESTO DE FUNCIONAMIENTO,,SECCION: 3602 SERVICIO NACIONAL DE APRENDIZAJE (SENA) A. PRESUPUESTO DE FUNCIONAMIENTO,SECCION: 3602 SERVICIO NACIONAL DE APRENDIZAJE (SENA) A. PRESUPUESTO DE FUNCIONAMIENTO,61519253000.0,,unit,COP,unclear,review,0.6,docx_parser,docx_table,"Parsed from table 0, row 0"
Colombia,2004,pdf_70cd4b33da92__2004_Ley_848_de_2003.txt,0,section_total,,SECCION: 3603 FONDO DE PREVISION SOCIAL DEL CONGRESO A. PRESUPUESTO DE FUNCIONAMIENTO,SECCION: 3603 FONDO DE PREVISION SOCIAL DEL CONGRESO A. PRESUPUESTO DE FUNCIONAMIENTO,,SECCION: 3603 FONDO DE PREVISION SOCIAL DEL CONGRESO A. PRESUPUESTO DE FUNCIONAMIENTO,SECCION: 3603 FONDO DE PREVISION SOCIAL DEL CONGRESO A. PRESUPUESTO DE FUNCIONAMIENTO,191548779500.0,,unit,COP,unclear,review,0.5,docx_parser,docx_table,"Parsed from table 0, row 0"
Colombia,2004,pdf_70cd4b33da92__2004_Ley_848_de_2003.txt,0,section_total,,SECCION: 3604 CAJA DE PREVISION SOCIAL DE LA SUPERINTENDENCIA BANCARIA EN UQUIDACION A. PRESUPUESTO DE FUNCIONAMIENTO,SECCION: 3604 CAJA DE PREVISION SOCIAL DE LA SUPERINTENDENCIA BANCARIA EN UQUIDACION A. PRESUPUESTO DE FUNCIONAMIENTO,,SECCION: 3604 CAJA DE PREVISION SOCIAL DE LA SUPERINTENDENCIA BANCARIA EN UQUIDACION A. PRESUPUESTO DE FUNCIONAMIENTO,SECCION: 3604 CAJA DE PREVISION SOCIAL DE LA SUPERINTENDENCIA BANCARIA EN UQUIDACION A. PRESUPUESTO DE FUNCIONAMIENTO,11968652000.0,,unit,COP,unclear,review,0.6,docx_parser,docx_table,"Parsed from table 0, row 0"
Colombia,2004,pdf_70cd4b33da92__2004_Ley_848_de_2003.txt,0,section_total,,SECCION: 3605 FONDO DE PASIVO SOCIAL DE FERROCARRILES NACIONALES DE COLOMBIA A. PRESUPUESTO DE FUNCIONAMIENTO,SECCION: 3605 FONDO DE PASIVO SOCIAL DE FERROCARRILES NACIONALES DE COLOMBIA A. PRESUPUESTO DE FUNCIONAMIENTO,,SECCION: 3605 FONDO DE PASIVO SOCIAL DE FERROCARRILES NACIONALES DE COLOMBIA A. PRESUPUESTO DE FUNCIONAMIENTO,SECCION: 3605 FONDO DE PASIVO SOCIAL DE FERROCARRILES NACIONALES DE COLOMBIA A. PRESUPUESTO DE FUNCIONAMIENTO,286978267000.0,,unit,COP,unclear,review,0.6,docx_parser,docx_table,"Parsed from table 0, row 0"
Colombia,2004,pdf_70cd4b33da92__2004_Ley_848_de_2003.txt,0,section_total,,SECCION: 3606 INSTITUTO NACIONAL DE SALUD (INS) A. PRESUPUESTO DE FUNCIONAMIENTO,SECCION: 3606 INSTITUTO NACIONAL DE SALUD (INS) A. PRESUPUESTO DE FUNCIONAMIENTO,,SECCION: 3606 INSTITUTO NACIONAL DE SALUD (INS) A. PRESUPUESTO DE FUNCIONAMIENTO,SECCION: 3606 INSTITUTO NACIONAL DE SALUD (INS) A. PRESUPUESTO DE FUNCIONAMIENTO,8907500000.0,,unit,COP,unclear,review,0.5,docx_parser,docx_table,"Parsed from table 0, row 0"
Colombia,2004,pdf_70cd4b33da92__2004_Ley_848_de_2003.txt,0,section_total,,SECCION: 3607 INSTITUTO COLOMBIANO DE BIENESTAR FAMILIAR (1CBF) A. PRESUPUESTO DE FUNCIONAMIENTO,SECCION: 3607 INSTITUTO COLOMBIANO DE BIENESTAR FAMILIAR (1CBF) A. PRESUPUESTO DE FUNCIONAMIENTO,,SECCION: 3607 INSTITUTO COLOMBIANO DE BIENESTAR FAMILIAR (1CBF) A. PRESUPUESTO DE FUNCIONAMIENTO,SECCION: 3607 INSTITUTO COLOMBIANO DE BIENESTAR FAMILIAR (1CBF) A. PRESUPUESTO DE FUNCIONAMIENTO,132204980000.0,,unit,COP,unclear,review,0.6,docx_parser,docx_table,"Parsed from table 0, row 0"
Colombia,2004,pdf_70cd4b33da92__2004_Ley_848_de_2003.txt,0,section_total,,SECCION: 3608 SUPERINTENDENCIA NACIONAL DE SALUD A. PRESUPUESTO DE FUNCIONAMIENTO,SECCION: 3608 SUPERINTENDENCIA NACIONAL DE SALUD A. PRESUPUESTO DE FUNCIONAMIENTO,,SECCION: 3608 SUPERINTENDENCIA NACIONAL DE SALUD A. PRESUPUESTO DE FUNCIONAMIENTO,SECCION: 3608 SUPERINTENDENCIA NACIONAL DE SALUD A. PRESUPUESTO DE FUNCIONAMIENTO,9102600000.0,,unit,COP,unclear,review,0.5,docx_parser,docx_table,"Parsed from table 0, row 0"
Colombia,2004,pdf_70cd4b33da92__2004_Ley_848_de_2003.txt,0,section_total,,SECCION: 3609 INSTITUTO NACIONAL DE VIGILANCIA DE MEDICAMENTOS Y ALIMENTOS -INVIMA A. PRESUPUESTO DE FUNCIONAMIENTO,SECCION: 3609 INSTITUTO NACIONAL DE VIGILANCIA DE MEDICAMENTOS Y ALIMENTOS -INVIMA A. PRESUPUESTO DE FUNCIONAMIENTO,,SECCION: 3609 INSTITUTO NACIONAL DE VIGILANCIA DE MEDICAMENTOS Y ALIMENTOS -INVIMA A. PRESUPUESTO DE FUNCIONAMIENTO,SECCION: 3609 INSTITUTO NACIONAL DE VIGILANCIA DE MEDICAMENTOS Y ALIMENTOS -INVIMA A. PRESUPUESTO DE FUNCIONAMIENTO,4420000000.0,,unit,COP,unclear,review,0.6,docx_parser,docx_table,"Parsed from table 0, row 0"
Colombia,2004,pdf_70cd4b33da92__2004_Ley_848_de_2003.txt,0,section_total,,SECCION: 3701 MINISTERIO DEL INTERIOR Y LA JUSTICIA C. PRESUPUESTO DE INVERSION,SECCION: 3701 MINISTERIO DEL INTERIOR Y LA JUSTICIA C. PRESUPUESTO DE INVERSION,,SECCION: 3701 MINISTERIO DEL INTERIOR Y LA JUSTICIA C. PRESUPUESTO DE INVERSION,SECCION: 3701 MINISTERIO DEL INTERIOR Y LA JUSTICIA C. PRESUPUESTO DE INVERSION,1317000000.0,,unit,COP,unclear,review,0.6,docx_parser,docx_table,"Parsed from table 0, row 0"
Colombia,2004,pdf_70cd4b33da92__2004_Ley_848_de_2003.txt,0,section_total,,SECCION: 3707 DIRECCION NACIONAL DE ESTUPEFACIENTES A. PRESUPUESTO DE FUNCIONAMIENTO,SECCION: 3707 DIRECCION NACIONAL DE ESTUPEFACIENTES A. PRESUPUESTO DE FUNCIONAMIENTO,,SECCION: 3707 DIRECCION NACIONAL DE ESTUPEFACIENTES A. PRESUPUESTO DE FUNCIONAMIENTO,SECCION: 3707 DIRECCION NACIONAL DE ESTUPEFACIENTES A. PRESUPUESTO DE FUNCIONAMIENTO,11089954279.0,,unit,COP,unclear,review,0.5,docx_parser,docx_table,"Parsed from table 0, row 0"
Colombia,2004,pdf_70cd4b33da92__2004_Ley_848_de_2003.txt,0,section_total,,SECCION:0201 PRESIDENCIA DE LA REPUBLICA A PRESUPUESTO DE FUNCIONAMIENTO,SECCION:0201 PRESIDENCIA DE LA REPUBLICA A PRESUPUESTO DE FUNCIONAMIENTO,,SECCION:0201 PRESIDENCIA DE LA REPUBLICA A PRESUPUESTO DE FUNCIONAMIENTO,SECCION:0201 PRESIDENCIA DE LA REPUBLICA A PRESUPUESTO DE FUNCIONAMIENTO,70728507193.0,,unit,COP,unclear,review,0.6,docx_parser,docx_table,"Parsed from table 0, row 0"
Colombia,2004,pdf_70cd4b33da92__2004_Ley_848_de_2003.txt,0,section_total,,SECCION:1601 POLICIA NACIONAL A. PRESUPUESTO DE FUNCIONAMIENTO,SECCION:1601 POLICIA NACIONAL A. PRESUPUESTO DE FUNCIONAMIENTO,,SECCION:1601 POLICIA NACIONAL A. PRESUPUESTO DE FUNCIONAMIENTO,SECCION:1601 POLICIA NACIONAL A. PRESUPUESTO DE FUNCIONAMIENTO,2856822938569.0,,unit,COP,unclear,review,0.5,docx_parser,docx_table,"Parsed from table 0, row 0"
Colombia,2004,pdf_70cd4b33da92__2004_Ley_848_de_2003.txt,0,section_total,,SECCIÓN 1703 INSTITUTO COLOMBIANO DE LA REFORMA AGRARIA - INCORA EN LIQUIDACION A. PRESUPUESTO DE FUNCIONAMIENTO,SECCIÓN 1703 INSTITUTO COLOMBIANO DE LA REFORMA AGRARIA - INCORA EN LIQUIDACION A. PRESUPUESTO DE FUNCIONAMIENTO,,SECCIÓN 1703 INSTITUTO COLOMBIANO DE LA REFORMA AGRARIA - INCORA EN LIQUIDACION A. PRESUPUESTO DE FUNCIONAMIENTO,SECCIÓN 1703 INSTITUTO COLOMBIANO DE LA REFORMA AGRARIA - INCORA EN LIQUIDACION A. PRESUPUESTO DE FUNCIONAMIENTO,62540140000.0,,unit,COP,unclear,review,0.6,docx_parser,docx_table,"Parsed from table 0, row 0"
Colombia,2004,pdf_70cd4b33da92__2004_Ley_848_de_2003.txt,0,section_total,,SERVICIOS DE VALOR AGREGADO EN COMUNICACIONES,SERVICIOS DE VALOR AGREGADO EN COMUNICACIONES,,SERVICIOS DE VALOR AGREGADO EN COMUNICACIONES,SERVICIOS DE VALOR AGREGADO EN COMUNICACIONES,500000000.0,,unit,COP,unclear,review,0.5,docx_parser,docx_table,"Parsed from table 0, row 0"
Colombia,2004,pdf_70cd4b33da92__2004_Ley_848_de_2003.txt,0,section_total,,SERVICIOS ESPECIALIZADOS DE SALUD,SERVICIOS ESPECIALIZADOS DE SALUD,,SERVICIOS ESPECIALIZADOS DE SALUD,SERVICIOS ESPECIALIZADOS DE SALUD,2258500000.0,,unit,COP,unclear,review,0.5,docx_parser,docx_table,"Parsed from table 0, row 0"
Colombia,2004,pdf_70cd4b33da92__2004_Ley_848_de_2003.txt,0,section_total,,"SERVICIOS GENERALES DE SALUD,","SERVICIOS GENERALES DE SALUD,",,"SERVICIOS GENERALES DE SALUD,","SERVICIOS GENERALES DE SALUD,",2000000000.0,,unit,COP,unclear,review,0.5,docx_parser,docx_table,"Parsed from table 0, row 0"
Colombia,2004,pdf_70cd4b33da92__2004_Ley_848_de_2003.txt,0,section_total,,SERVICIOS INTEGRALES DE SALUD,SERVICIOS INTEGRALES DE SALUD,,SERVICIOS INTEGRALES DE SALUD,SERVICIOS INTEGRALES DE SALUD,1035432590427.0,,unit,COP,unclear,review,0.6,docx_parser,docx_table,"Parsed from table 0, row 0"
Colombia,2004,pdf_70cd4b33da92__2004_Ley_848_de_2003.txt,0,section_total,,SISTEMA PENITENCIARIO Y CARCELARIO,SISTEMA PENITENCIARIO Y CARCELARIO,,SISTEMA PENITENCIARIO Y CARCELARIO,SISTEMA PENITENCIARIO Y CARCELARIO,10000000000.0,,unit,COP,unclear,review,0.5,docx_parser,docx_table,"Parsed from table 0, row 0"
Colombia,2004,pdf_70cd4b33da92__2004_Ley_848_de_2003.txt,0,section_total,,SISTEMA PENITENCIARIOY CARCELARIO,SISTEMA PENITENCIARIOY CARCELARIO,,SISTEMA PENITENCIARIOY CARCELARIO,SISTEMA PENITENCIARIOY CARCELARIO,400000000.0,,unit,COP,unclear,review,0.5,docx_parser,docx_table,"Parsed from table 0, row 0"
Colombia,2004,pdf_70cd4b33da92__2004_Ley_848_de_2003.txt,0,section_total,,SOLUCIONES DE VIVIENDA RURAL,SOLUCIONES DE VIVIENDA RURAL,,SOLUCIONES DE VIVIENDA RURAL,SOLUCIONES DE VIVIENDA RURAL,30000000000.0,,unit,COP,direct_rd,include,0.9,docx_parser,docx_table,"Parsed from table 0, row 0"
Colombia,2004,pdf_70cd4b33da92__2004_Ley_848_de_2003.txt,0,section_total,,SOLUCIONES DE VIVIENDA URBANA,SOLUCIONES DE VIVIENDA URBANA,,SOLUCIONES DE VIVIENDA URBANA,SOLUCIONES DE VIVIENDA URBANA,132496626200.0,,unit,COP,unclear,review,0.6,docx_parser,docx_table,"Parsed from table 0, row 0"
Colombia,2004,pdf_70cd4b33da92__2004_Ley_848_de_2003.txt,0,section_total,,SUBSIDIOS DIRECTOS,SUBSIDIOS DIRECTOS,,SUBSIDIOS DIRECTOS,SUBSIDIOS DIRECTOS,201734520000.0,,unit,COP,unclear,review,0.5,docx_parser,docx_table,"Parsed from table 0, row 0"
Colombia,2004,pdf_70cd4b33da92__2004_Ley_848_de_2003.txt,0,section_total,,TENENCIA DE LA TIERRA,TENENCIA DE LA TIERRA,,TENENCIA DE LA TIERRA,TENENCIA DE LA TIERRA,10712000000.0,,unit,COP,unclear,review,0.6,docx_parser,docx_table,"Parsed from table 0, row 0"
Colombia,2004,pdf_70cd4b33da92__2004_Ley_848_de_2003.txt,0,section_total,,TOTAL PRESUPUESTO NACIONAL,TOTAL PRESUPUESTO NACIONAL,,TOTAL PRESUPUESTO NACIONAL,TOTAL PRESUPUESTO NACIONAL,76647602221850.0,,unit,COP,unclear,review,0.5,docx_parser,docx_table,"Parsed from table 0, row 0"
Colombia,2004,pdf_70cd4b33da92__2004_Ley_848_de_2003.txt,0,section_total,,TRANSFERENCIAS,TRANSFERENCIAS,,TRANSFERENCIAS,TRANSFERENCIAS,1055827250427.0,,unit,COP,unclear,review,0.5,docx_parser,docx_table,"Parsed from table 0, row 0"
Colombia,2004,pdf_70cd4b33da92__2004_Ley_848_de_2003.txt,0,section_total,,TRANSPORTE AEREO,TRANSPORTE AEREO,,TRANSPORTE AEREO,TRANSPORTE AEREO,47711000000.0,,unit,COP,unclear,review,0.5,docx_parser,docx_table,"Parsed from table 0, row 0"
Colombia,2004,pdf_70cd4b33da92__2004_Ley_848_de_2003.txt,0,section_total,,TRANSPORTE FERREO,TRANSPORTE FERREO,,TRANSPORTE FERREO,TRANSPORTE FERREO,87200000000.0,,unit,COP,unclear,review,0.6,docx_parser,docx_table,"Parsed from table 0, row 0"
Colombia,2004,pdf_70cd4b33da92__2004_Ley_848_de_2003.txt,0,section_total,,TRANSPORTE FLUVIAL,TRANSPORTE FLUVIAL,,TRANSPORTE FLUVIAL,TRANSPORTE FLUVIAL,7135800000.0,,unit,COP,unclear,review,0.6,docx_parser,docx_table,"Parsed from table 0, row 0"
Colombia,2004,pdf_70cd4b33da92__2004_Ley_848_de_2003.txt,0,section_total,,TRANSPORTE MARITIMO,TRANSPORTE MARITIMO,,TRANSPORTE MARITIMO,TRANSPORTE MARITIMO,5000000000.0,,unit,COP,unclear,review,0.5,docx_parser,docx_table,"Parsed from table 0, row 0"
Colombia,2004,pdf_70cd4b33da92__2004_Ley_848_de_2003.txt,0,section_total,,"TRANSPORTE, FLUVIAL","TRANSPORTE, FLUVIAL",,"TRANSPORTE, FLUVIAL","TRANSPORTE, FLUVIAL",791490000.0,,unit,COP,unclear,review,0.5,docx_parser,docx_table,"Parsed from table 0, row 0"
Colombia,2004,pdf_70cd4b33da92__2004_Ley_848_de_2003.txt,0,section_total,,UNIDAD ADMINISTRATIVA ESPECIAL CONTADURIA GENERAL DE LA NACION A. PRESUPUESTO DE FUNCIONAMIENTO,UNIDAD ADMINISTRATIVA ESPECIAL CONTADURIA GENERAL DE LA NACION A. PRESUPUESTO DE FUNCIONAMIENTO,,UNIDAD ADMINISTRATIVA ESPECIAL CONTADURIA GENERAL DE LA NACION A. PRESUPUESTO DE FUNCIONAMIENTO,UNIDAD ADMINISTRATIVA ESPECIAL CONTADURIA GENERAL DE LA NACION A. PRESUPUESTO DE FUNCIONAMIENTO,5681213337.0,,unit,COP,unclear,review,0.5,docx_parser,docx_table,"Parsed from table 0, row 0"
Colombia,2005,pdf_99bcb6e78208__2005_Ley_921_de_2004.txt,0,section_total,,A. PRESUPUESTO DE FUNCIONAMIENTO.,A. PRESUPUESTO DE FUNCIONAMIENTO.,,A. PRESUPUESTO DE FUNCIONAMIENTO.,A. PRESUPUESTO DE FUNCIONAMIENTO.,6715021627.0,,unit,COP,unclear,review,0.5,docx_parser,docx_table,"Parsed from table 0, row 0"
Colombia,2005,pdf_99bcb6e78208__2005_Ley_921_de_2004.txt,0,section_total,,ACTUALIZACION DE INFORMA-CION PARA PROCESAMIENTO,ACTUALIZACION DE INFORMA-CION PARA PROCESAMIENTO,,ACTUALIZACION DE INFORMA-CION PARA PROCESAMIENTO,ACTUALIZACION DE INFORMA-CION PARA PROCESAMIENTO,9267240000.0,,unit,COP,unclear,review,0.5,docx_parser,docx_table,"Parsed from table 0, row 0"
Colombia,2005,pdf_99bcb6e78208__2005_Ley_921_de_2004.txt,0,section_total,,ACTUALIZACION DE INFORMACION PARA PROCESAMIENTO,ACTUALIZACION DE INFORMACION PARA PROCESAMIENTO,,ACTUALIZACION DE INFORMACION PARA PROCESAMIENTO,ACTUALIZACION DE INFORMACION PARA PROCESAMIENTO,2439725000.0,,unit,COP,unclear,review,0.5,docx_parser,docx_table,"Parsed from table 0, row 0"
Colombia,2005,pdf_99bcb6e78208__2005_Ley_921_de_2004.txt,0,section_total,,ACUEDUCTO Y ALCANTARILLADO,ACUEDUCTO Y ALCANTARILLADO,,ACUEDUCTO Y ALCANTARILLADO,ACUEDUCTO Y ALCANTARILLADO,14000000000.0,,unit,COP,unclear,review,0.6,docx_parser,docx_table,"Parsed from table 0, row 0"
Colombia,2005,pdf_99bcb6e78208__2005_Ley_921_de_2004.txt,0,section_total,,ADMINISTRACION DE JUSTICIA,ADMINISTRACION DE JUSTICIA,,ADMINISTRACION DE JUSTICIA,ADMINISTRACION DE JUSTICIA,81049560000.0,,unit,COP,unclear,review,0.5,docx_parser,docx_table,"Parsed from table 0, row 0"
Colombia,2005,pdf_99bcb6e78208__2005_Ley_921_de_2004.txt,0,section_total,,ADMINISTRACION DEL ESTADO PAGO DE RESERVAS,ADMINISTRACION DEL ESTADO PAGO DE RESERVAS,,ADMINISTRACION DEL ESTADO PAGO DE RESERVAS,ADMINISTRACION DEL ESTADO PAGO DE RESERVAS,3000000000.0,,unit,COP,unclear,review,0.5,docx_parser,docx_table,"Parsed from table 0, row 0"
Colombia,2005,pdf_99bcb6e78208__2005_Ley_921_de_2004.txt,0,section_total,,"ADMINISTRACION, CONTROL Y ORGANIZACION INSTITU-CIONAL PARA APOYO A LA ADMINISTRACION DEL ESTADO","ADMINISTRACION, CONTROL Y ORGANIZACION INSTITU-CIONAL PARA APOYO A LA ADMINISTRACION DEL ESTADO",,"ADMINISTRACION, CONTROL Y ORGANIZACION INSTITU-CIONAL PARA APOYO A LA ADMINISTRACION DEL ESTADO","ADMINISTRACION, CONTROL Y ORGANIZACION INSTITU-CIONAL PARA APOYO A LA ADMINISTRACION DEL ESTADO",5402892794.0,,unit,COP,unclear,review,0.6,docx_parser,docx_table,"Parsed from table 0, row 0"
Colombia,2005,pdf_99bcb6e78208__2005_Ley_921_de_2004.txt,0,section_total,,"ADMINISTRACION, CONTROL Y ORGANIZACION INSTITUCIONAL PARA APOYO A LA ADMINISTRA-CION DEL ESTADO","ADMINISTRACION, CONTROL Y ORGANIZACION INSTITUCIONAL PARA APOYO A LA ADMINISTRA-CION DEL ESTADO",,"ADMINISTRACION, CONTROL Y ORGANIZACION INSTITUCIONAL PARA APOYO A LA ADMINISTRA-CION DEL ESTADO","ADMINISTRACION, CONTROL Y ORGANIZACION INSTITUCIONAL PARA APOYO A LA ADMINISTRA-CION DEL ESTADO",1100000000.0,,unit,COP,unclear,review,0.5,docx_parser,docx_table,"Parsed from table 0, row 0"
Colombia,2005,pdf_99bcb6e78208__2005_Ley_921_de_2004.txt,0,section_total,,"ADMINISTRACION, CONTROL Y ORGANIZACION INSTITUCIONAL PARA APOYO A LA ADMINISTRACION DEL ESTADO","ADMINISTRACION, CONTROL Y ORGANIZACION INSTITUCIONAL PARA APOYO A LA ADMINISTRACION DEL ESTADO",,"ADMINISTRACION, CONTROL Y ORGANIZACION INSTITUCIONAL PARA APOYO A LA ADMINISTRACION DEL ESTADO","ADMINISTRACION, CONTROL Y ORGANIZACION INSTITUCIONAL PARA APOYO A LA ADMINISTRACION DEL ESTADO",134600000000.0,,unit,COP,unclear,review,0.5,docx_parser,docx_table,"Parsed from table 0, row 0"
Colombia,2005,pdf_99bcb6e78208__2005_Ley_921_de_2004.txt,0,section_total,,ADQUISICION DE INFRAES-TRUCTURA ADMINISTRATIVA,ADQUISICION DE INFRAES-TRUCTURA ADMINISTRATIVA,,ADQUISICION DE INFRAES-TRUCTURA ADMINISTRATIVA,ADQUISICION DE INFRAES-TRUCTURA ADMINISTRATIVA,1500000000.0,,unit,COP,unclear,review,0.5,docx_parser,docx_table,"Parsed from table 0, row 0"
Colombia,2005,pdf_99bcb6e78208__2005_Ley_921_de_2004.txt,0,section_total,,ADQUISICION DE INFRAES-TRUCTURA PROPIA DEL,ADQUISICION DE INFRAES-TRUCTURA PROPIA DEL,,ADQUISICION DE INFRAES-TRUCTURA PROPIA DEL,ADQUISICION DE INFRAES-TRUCTURA PROPIA DEL,10000000000.0,,unit,COP,unclear,review,0.5,docx_parser,docx_table,"Parsed from table 0, row 0"
Colombia,2005,pdf_99bcb6e78208__2005_Ley_921_de_2004.txt,0,section_total,,ADQUISICION DE INFRAESTRUCTURA PROPIA DEL,ADQUISICION DE INFRAESTRUCTURA PROPIA DEL,,ADQUISICION DE INFRAESTRUCTURA PROPIA DEL,ADQUISICION DE INFRAESTRUCTURA PROPIA DEL,1497000000.0,,unit,COP,unclear,review,0.5,docx_parser,docx_table,"Parsed from table 0, row 0"
Colombia,2005,pdf_99bcb6e78208__2005_Ley_921_de_2004.txt,0,section_total,,"ADQUISICION Y/O PRODUCCION DE EQUIPOS, MATERI ALES SUMINISTROS Y SERVICIOS PROPIOS DEL","ADQUISICION Y/O PRODUCCION DE EQUIPOS, MATERI ALES SUMINISTROS Y SERVICIOS PROPIOS DEL",,"ADQUISICION Y/O PRODUCCION DE EQUIPOS, MATERI ALES SUMINISTROS Y SERVICIOS PROPIOS DEL","ADQUISICION Y/O PRODUCCION DE EQUIPOS, MATERI ALES SUMINISTROS Y SERVICIOS PROPIOS DEL",4785688879.0,,unit,COP,unclear,review,0.5,docx_parser,docx_table,"Parsed from table 0, row 0"
Colombia,2005,pdf_99bcb6e78208__2005_Ley_921_de_2004.txt,0,section_total,,"ADQUISICION Y/O PRODUCCION DE EQUIPOS, MATERIALES SUMINISTROS Y SERVICIOS PROPIOS DEL","ADQUISICION Y/O PRODUCCION DE EQUIPOS, MATERIALES SUMINISTROS Y SERVICIOS PROPIOS DEL",,"ADQUISICION Y/O PRODUCCION DE EQUIPOS, MATERIALES SUMINISTROS Y SERVICIOS PROPIOS DEL","ADQUISICION Y/O PRODUCCION DE EQUIPOS, MATERIALES SUMINISTROS Y SERVICIOS PROPIOS DEL",436631281662.0,,unit,COP,unclear,review,0.5,docx_parser,docx_table,"Parsed from table 0, row 0"
Colombia,2005,pdf_99bcb6e78208__2005_Ley_921_de_2004.txt,0,section_total,,ARTE Y CULTURA,ARTE Y CULTURA,,ARTE Y CULTURA,ARTE Y CULTURA,226662011625.0,,unit,COP,unclear,review,0.6,docx_parser,docx_table,"Parsed from table 0, row 0"
Colombia,2005,pdf_99bcb6e78208__2005_Ley_921_de_2004.txt,0,section_total,,ASISTENCIA DIRECTA A LA COMUNIDAD,ASISTENCIA DIRECTA A LA COMUNIDAD,,ASISTENCIA DIRECTA A LA COMUNIDAD,ASISTENCIA DIRECTA A LA COMUNIDAD,1206387000000.0,,unit,COP,unclear,review,0.6,docx_parser,docx_table,"Parsed from table 0, row 0"
Colombia,2005,pdf_99bcb6e78208__2005_Ley_921_de_2004.txt,0,section_total,,"ASISTENCIA TECNICA, DIVUL-GACION Y CAPACITACION A FUNCIONARIOS DEL ESTADO PARA APOYO A LA AD-MINISTRACION DEL ESTADO","ASISTENCIA TECNICA, DIVUL-GACION Y CAPACITACION A FUNCIONARIOS DEL ESTADO PARA APOYO A LA AD-MINISTRACION DEL ESTADO",,"ASISTENCIA TECNICA, DIVUL-GACION Y CAPACITACION A FUNCIONARIOS DEL ESTADO PARA APOYO A LA AD-MINISTRACION DEL ESTADO","ASISTENCIA TECNICA, DIVUL-GACION Y CAPACITACION A FUNCIONARIOS DEL ESTADO PARA APOYO A LA AD-MINISTRACION DEL ESTADO",1552500000.0,,unit,COP,unclear,review,0.5,docx_parser,docx_table,"Parsed from table 0, row 0"
Colombia,2005,pdf_99bcb6e78208__2005_Ley_921_de_2004.txt,0,section_total,,"ASISTENCIA TECNICA, DIVUL-GACION Y CAPACITACION A FUNCIONARIOS DEL ESTADO PARA APOYO A LA ADMINISTRACION DEL ESTADO","ASISTENCIA TECNICA, DIVUL-GACION Y CAPACITACION A FUNCIONARIOS DEL ESTADO PARA APOYO A LA ADMINISTRACION DEL ESTADO",,"ASISTENCIA TECNICA, DIVUL-GACION Y CAPACITACION A FUNCIONARIOS DEL ESTADO PARA APOYO A LA ADMINISTRACION DEL ESTADO","ASISTENCIA TECNICA, DIVUL-GACION Y CAPACITACION A FUNCIONARIOS DEL ESTADO PARA APOYO A LA ADMINISTRACION DEL ESTADO",550000000.0,,unit,COP,unclear,review,0.6,docx_parser,docx_table,"Parsed from table 0, row 0"
Colombia,2005,pdf_99bcb6e78208__2005_Ley_921_de_2004.txt,0,section_total,,"ASISTENCIA TECNICA, DIVULGA-CION Y CAPACITACION A FUNCIONARIOS DEL ESTADO PARA APOYO A LA ADMINISTRACION DEL ESTADO","ASISTENCIA TECNICA, DIVULGA-CION Y CAPACITACION A FUNCIONARIOS DEL ESTADO PARA APOYO A LA ADMINISTRACION DEL ESTADO",,"ASISTENCIA TECNICA, DIVULGA-CION Y CAPACITACION A FUNCIONARIOS DEL ESTADO PARA APOYO A LA ADMINISTRACION DEL ESTADO","ASISTENCIA TECNICA, DIVULGA-CION Y CAPACITACION A FUNCIONARIOS DEL ESTADO PARA APOYO A LA ADMINISTRACION DEL ESTADO",7338000.0,,unit,COP,direct_rd,include,0.9,docx_parser,docx_table,"Parsed from table 0, row 0"
Colombia,2005,pdf_99bcb6e78208__2005_Ley_921_de_2004.txt,0,section_total,,"ASISTENCIA TECNICA, DIVULGACION Y CAPACI- TACION A FUNCIONARIOS DEL ESTADO PARA APOYO A LA ADMINISTRACION DEL ESTADO","ASISTENCIA TECNICA, DIVULGACION Y CAPACI- TACION A FUNCIONARIOS DEL ESTADO PARA APOYO A LA ADMINISTRACION DEL ESTADO",,"ASISTENCIA TECNICA, DIVULGACION Y CAPACI- TACION A FUNCIONARIOS DEL ESTADO PARA APOYO A LA ADMINISTRACION DEL ESTADO","ASISTENCIA TECNICA, DIVULGACION Y CAPACI- TACION A FUNCIONARIOS DEL ESTADO PARA APOYO A LA ADMINISTRACION DEL ESTADO",5720000000.0,,unit,COP,unclear,review,0.5,docx_parser,docx_table,"Parsed from table 0, row 0"
Colombia,2005,pdf_99bcb6e78208__2005_Ley_921_de_2004.txt,0,section_total,,"ASISTENCIA TECNICA, DIVULGACION Y CAPACITACION A FUN-CIONARIOS DEL ESTADO PARA APOYO A LA ADMINISTRACION DEL ESTADO","ASISTENCIA TECNICA, DIVULGACION Y CAPACITACION A FUN-CIONARIOS DEL ESTADO PARA APOYO A LA ADMINISTRACION DEL ESTADO",,"ASISTENCIA TECNICA, DIVULGACION Y CAPACITACION A FUN-CIONARIOS DEL ESTADO PARA APOYO A LA ADMINISTRACION DEL ESTADO","ASISTENCIA TECNICA, DIVULGACION Y CAPACITACION A FUN-CIONARIOS DEL ESTADO PARA APOYO A LA ADMINISTRACION DEL ESTADO",6533536200.0,,unit,COP,unclear,review,0.5,docx_parser,docx_table,"Parsed from table 0, row 0"
Colombia,2005,pdf_99bcb6e78208__2005_Ley_921_de_2004.txt,0,section_total,,"ASISTENCIA TECNICA, DIVULGACION Y CAPACITACION A FUNCIO-NARIOS DEL ESTADO PARA APOYO A LA ADMINISTRACION DEL ESTADO","ASISTENCIA TECNICA, DIVULGACION Y CAPACITACION A FUNCIO-NARIOS DEL ESTADO PARA APOYO A LA ADMINISTRACION DEL ESTADO",,"ASISTENCIA TECNICA, DIVULGACION Y CAPACITACION A FUNCIO-NARIOS DEL ESTADO PARA APOYO A LA ADMINISTRACION DEL ESTADO","ASISTENCIA TECNICA, DIVULGACION Y CAPACITACION A FUNCIO-NARIOS DEL ESTADO PARA APOYO A LA ADMINISTRACION DEL ESTADO",3500000000.0,,unit,COP,unclear,review,0.5,docx_parser,docx_table,"Parsed from table 0, row 0"
Colombia,2005,pdf_99bcb6e78208__2005_Ley_921_de_2004.txt,0,section_total,,"ASISTENCIA TECNICA, DIVULGACION Y CAPACITACION A FUNCIONARIOS DEL ESTADO PARA APOYO A LA ADMINISTRACION DEL ESTADO","ASISTENCIA TECNICA, DIVULGACION Y CAPACITACION A FUNCIONARIOS DEL ESTADO PARA APOYO A LA ADMINISTRACION DEL ESTADO",,"ASISTENCIA TECNICA, DIVULGACION Y CAPACITACION A FUNCIONARIOS DEL ESTADO PARA APOYO A LA ADMINISTRACION DEL ESTADO","ASISTENCIA TECNICA, DIVULGACION Y CAPACITACION A FUNCIONARIOS DEL ESTADO PARA APOYO A LA ADMINISTRACION DEL ESTADO",12427580500.0,,unit,COP,unclear,review,0.6,docx_parser,docx_table,"Parsed from table 0, row 0"
Colombia,2005,pdf_99bcb6e78208__2005_Ley_921_de_2004.txt,0,section_total,,ATENCION DE EMERGENCIAS Y DESASTRES,ATENCION DE EMERGENCIAS Y DESASTRES,,ATENCION DE EMERGENCIAS Y DESASTRES,ATENCION DE EMERGENCIAS Y DESASTRES,2000000000.0,,unit,COP,unclear,review,0.5,docx_parser,docx_table,"Parsed from table 0, row 0"
Colombia,2005,pdf_99bcb6e78208__2005_Ley_921_de_2004.txt,0,section_total,,"ATENCION, CONTROL Y ORGA-NIZACION INSTITUCIONAL PARA APOYO A LA GESTION DEL","ATENCION, CONTROL Y ORGA-NIZACION INSTITUCIONAL PARA APOYO A LA GESTION DEL",,"ATENCION, CONTROL Y ORGA-NIZACION INSTITUCIONAL PARA APOYO A LA GESTION DEL","ATENCION, CONTROL Y ORGA-NIZACION INSTITUCIONAL PARA APOYO A LA GESTION DEL",50416363751.0,,unit,COP,unclear,review,0.5,docx_parser,docx_table,"Parsed from table 0, row 0"
Colombia,2005,pdf_99bcb6e78208__2005_Ley_921_de_2004.txt,0,section_total,,"ATENCION, CONTROL Y ORGANIZACION INSTITUCIONAL PARA APOYO A LA GESTION DEL","ATENCION, CONTROL Y ORGANIZACION INSTITUCIONAL PARA APOYO A LA GESTION DEL",,"ATENCION, CONTROL Y ORGANIZACION INSTITUCIONAL PARA APOYO A LA GESTION DEL","ATENCION, CONTROL Y ORGANIZACION INSTITUCIONAL PARA APOYO A LA GESTION DEL",316444000000.0,,unit,COP,unclear,review,0.5,docx_parser,docx_table,"Parsed from table 0, row 0"
Colombia,2005,pdf_99bcb6e78208__2005_Ley_921_de_2004.txt,0,section_total,,B. PRESUPUESTO DE SERVICIO DE LA DEUDA PUBLICA,B. PRESUPUESTO DE SERVICIO DE LA DEUDA PUBLICA,,B. PRESUPUESTO DE SERVICIO DE LA DEUDA PUBLICA,B. PRESUPUESTO DE SERVICIO DE LA DEUDA PUBLICA,258800000.0,,unit,COP,unclear,review,0.5,docx_parser,docx_table,"Parsed from table 0, row 0"
Colombia,2005,pdf_99bcb6e78208__2005_Ley_921_de_2004.txt,0,section_total,,B. PRESUPUESTO DE SERVICIO DE LA DEUDA PUBLICA.,B. PRESUPUESTO DE SERVICIO DE LA DEUDA PUBLICA.,,B. PRESUPUESTO DE SERVICIO DE LA DEUDA PUBLICA.,B. PRESUPUESTO DE SERVICIO DE LA DEUDA PUBLICA.,288200200000.0,,unit,COP,unclear,review,0.5,docx_parser,docx_table,"Parsed from table 0, row 0"
Colombia,2005,pdf_99bcb6e78208__2005_Ley_921_de_2004.txt,0,section_total,,BIENESTAR SOCIAL A TRABAJADORES,BIENESTAR SOCIAL A TRABAJADORES,,BIENESTAR SOCIAL A TRABAJADORES,BIENESTAR SOCIAL A TRABAJADORES,85258778000.0,,unit,COP,unclear,review,0.5,docx_parser,docx_table,"Parsed from table 0, row 0"
Colombia,2005,pdf_99bcb6e78208__2005_Ley_921_de_2004.txt,0,section_total,,C. PRESUPUESTO DE INVERSION,C. PRESUPUESTO DE INVERSION,,C. PRESUPUESTO DE INVERSION,C. PRESUPUESTO DE INVERSION,311150000000.0,,unit,COP,unclear,review,0.5,docx_parser,docx_table,"Parsed from table 0, row 0"
Colombia,2005,pdf_99bcb6e78208__2005_Ley_921_de_2004.txt,0,section_total,,C. PRESUPUESTO DE INVERSION.,C. PRESUPUESTO DE INVERSION.,,C. PRESUPUESTO DE INVERSION.,C. PRESUPUESTO DE INVERSION.,1861852487441.0,,unit,COP,unclear,review,0.5,docx_parser,docx_table,"Parsed from table 0, row 0"
Colombia,2005,pdf_99bcb6e78208__2005_Ley_921_de_2004.txt,0,section_total,,C.PRESUPUESTO DE INVERSION.,C.PRESUPUESTO DE INVERSION.,,C.PRESUPUESTO DE INVERSION.,C.PRESUPUESTO DE INVERSION.,45861916750.0,,unit,COP,unclear,review,0.5,docx_parser,docx_table,"Parsed from table 0, row 0"
Colombia,2005,pdf_99bcb6e78208__2005_Ley_921_de_2004.txt,0,section_total,,CAMINOS VECINALES,CAMINOS VECINALES,,CAMINOS VECINALES,CAMINOS VECINALES,86250000000.0,,unit,COP,unclear,review,0.6,docx_parser,docx_table,"Parsed from table 0, row 0"
Colombia,2005,pdf_99bcb6e78208__2005_Ley_921_de_2004.txt,0,section_total,,CAPACITACION TECNICA NO PROFESIONAL,CAPACITACION TECNICA NO PROFESIONAL,,CAPACITACION TECNICA NO PROFESIONAL,CAPACITACION TECNICA NO PROFESIONAL,531179100000.0,,unit,COP,direct_rd,include,0.9,docx_parser,docx_table,"Parsed from table 0, row 0"
Colombia,2005,pdf_99bcb6e78208__2005_Ley_921_de_2004.txt,0,section_total,,CAPITALIZACION,CAPITALIZACION,,CAPITALIZACION,CAPITALIZACION,1140840000000.0,,unit,COP,unclear,review,0.5,docx_parser,docx_table,"Parsed from table 0, row 0"
Colombia,2005,pdf_99bcb6e78208__2005_Ley_921_de_2004.txt,0,section_total,,COMERCIALIZACION,COMERCIALIZACION,,COMERCIALIZACION,COMERCIALIZACION,147600000000.0,,unit,COP,unclear,review,0.5,docx_parser,docx_table,"Parsed from table 0, row 0"
Colombia,2005,pdf_99bcb6e78208__2005_Ley_921_de_2004.txt,0,section_total,,COMERCIO EXTERNO,COMERCIO EXTERNO,,COMERCIO EXTERNO,COMERCIO EXTERNO,1868000000.0,,unit,COP,unclear,review,0.5,docx_parser,docx_table,"Parsed from table 0, row 0"
Colombia,2005,pdf_99bcb6e78208__2005_Ley_921_de_2004.txt,0,section_total,,COMERCIO INTERNO,COMERCIO INTERNO,,COMERCIO INTERNO,COMERCIO INTERNO,150000000.0,,unit,COP,unclear,review,0.5,docx_parser,docx_table,"Parsed from table 0, row 0"
Colombia,2005,pdf_99bcb6e78208__2005_Ley_921_de_2004.txt,0,section_total,,CONSERVACION,CONSERVACION,,CONSERVACION,CONSERVACION,1750000000.0,,unit,COP,unclear,review,0.5,docx_parser,docx_table,"Parsed from table 0, row 0"
Colombia,2005,pdf_99bcb6e78208__2005_Ley_921_de_2004.txt,0,section_total,,CONSTRUCCION DE INFRAES-TRUCTURA ADMINISTRATIVA,CONSTRUCCION DE INFRAES-TRUCTURA ADMINISTRATIVA,,CONSTRUCCION DE INFRAES-TRUCTURA ADMINISTRATIVA,CONSTRUCCION DE INFRAES-TRUCTURA ADMINISTRATIVA,1440000000.0,,unit,COP,unclear,review,0.5,docx_parser,docx_table,"Parsed from table 0, row 0"
Colombia,2005,pdf_99bcb6e78208__2005_Ley_921_de_2004.txt,0,section_total,,CONSTRUCCION DE INFRAES-TRUCTURA PROPIA DEL,CONSTRUCCION DE INFRAES-TRUCTURA PROPIA DEL,,CONSTRUCCION DE INFRAES-TRUCTURA PROPIA DEL,CONSTRUCCION DE INFRAES-TRUCTURA PROPIA DEL,271650472000.0,,unit,COP,unclear,review,0.5,docx_parser,docx_table,"Parsed from table 0, row 0"
Colombia,2005,pdf_99bcb6e78208__2005_Ley_921_de_2004.txt,0,section_total,,CONSTRUCCION DE INFRAESTRUCTURA PROPIA DEL,CONSTRUCCION DE INFRAESTRUCTURA PROPIA DEL,,CONSTRUCCION DE INFRAESTRUCTURA PROPIA DEL,CONSTRUCCION DE INFRAESTRUCTURA PROPIA DEL,40000000000.0,,unit,COP,unclear,review,0.5,docx_parser,docx_table,"Parsed from table 0, row 0"
Colombia,2005,pdf_99bcb6e78208__2005_Ley_921_de_2004.txt,0,section_total,,CONTRIBUCIONES PARAFISCALES,CONTRIBUCIONES PARAFISCALES,,CONTRIBUCIONES PARAFISCALES,CONTRIBUCIONES PARAFISCALES,1230547756025.0,,unit,COP,unclear,review,0.5,docx_parser,docx_table,"Parsed from table 0, row 0"
Colombia,2005,pdf_99bcb6e78208__2005_Ley_921_de_2004.txt,0,section_total,,"COORDINACION, ADMINISTRA-CION, PROMOCION, Y/O SEGUI-MIENTO DE COOPERACION TEC-NICA Y/O FINANCIERA PARA APOYO A LA ADMINISTRACION DEL","COORDINACION, ADMINISTRA-CION, PROMOCION, Y/O SEGUI-MIENTO DE COOPERACION TEC-NICA Y/O FINANCIERA PARA APOYO A LA ADMINISTRACION DEL",,"COORDINACION, ADMINISTRA-CION, PROMOCION, Y/O SEGUI-MIENTO DE COOPERACION TEC-NICA Y/O FINANCIERA PARA APOYO A LA ADMINISTRACION DEL","COORDINACION, ADMINISTRA-CION, PROMOCION, Y/O SEGUI-MIENTO DE COOPERACION TEC-NICA Y/O FINANCIERA PARA APOYO A LA ADMINISTRACION DEL",84140000000.0,,unit,COP,unclear,review,0.5,docx_parser,docx_table,"Parsed from table 0, row 0"
Colombia,2005,pdf_99bcb6e78208__2005_Ley_921_de_2004.txt,0,section_total,,DEFENSA Y SEGURIDAD INTERNA,DEFENSA Y SEGURIDAD INTERNA,,DEFENSA Y SEGURIDAD INTERNA,DEFENSA Y SEGURIDAD INTERNA,214982146598.0,,unit,COP,unclear,review,0.6,docx_parser,docx_table,"Parsed from table 0, row 0"
Colombia,2005,pdf_99bcb6e78208__2005_Ley_921_de_2004.txt,0,section_total,,DISTRIBUCION ELECTRICA,DISTRIBUCION ELECTRICA,,DISTRIBUCION ELECTRICA,DISTRIBUCION ELECTRICA,100000000.0,,unit,COP,unclear,review,0.5,docx_parser,docx_table,"Parsed from table 0, row 0"
Colombia,2005,pdf_99bcb6e78208__2005_Ley_921_de_2004.txt,0,section_total,,"DIVULGACION, ASISTENCIA TEC-NICA Y CAPACITACION DEL RECURSO HUMANO","DIVULGACION, ASISTENCIA TEC-NICA Y CAPACITACION DEL RECURSO HUMANO",,"DIVULGACION, ASISTENCIA TEC-NICA Y CAPACITACION DEL RECURSO HUMANO","DIVULGACION, ASISTENCIA TEC-NICA Y CAPACITACION DEL RECURSO HUMANO",11900000000.0,,unit,COP,unclear,review,0.6,docx_parser,docx_table,"Parsed from table 0, row 0"
Colombia,2005,pdf_99bcb6e78208__2005_Ley_921_de_2004.txt,0,section_total,,"DIVULGACION, ASISTENCIA TECNICA Y CAPACITACION DEL RECURSO HUMANO","DIVULGACION, ASISTENCIA TECNICA Y CAPACITACION DEL RECURSO HUMANO",,"DIVULGACION, ASISTENCIA TECNICA Y CAPACITACION DEL RECURSO HUMANO","DIVULGACION, ASISTENCIA TECNICA Y CAPACITACION DEL RECURSO HUMANO",533179100000.0,,unit,COP,direct_rd,include,0.9,docx_parser,docx_table,"Parsed from table 0, row 0"
Colombia,2005,pdf_99bcb6e78208__2005_Ley_921_de_2004.txt,0,section_total,,EDUCACION ESPECIAL,EDUCACION ESPECIAL,,EDUCACION ESPECIAL,EDUCACION ESPECIAL,452101278.0,,unit,COP,unclear,review,0.6,docx_parser,docx_table,"Parsed from table 0, row 0"
Colombia,2005,pdf_99bcb6e78208__2005_Ley_921_de_2004.txt,0,section_total,,EDUCACION SECUNDARIA,EDUCACION SECUNDARIA,,EDUCACION SECUNDARIA,EDUCACION SECUNDARIA,150000000000.0,,unit,COP,unclear,review,0.6,docx_parser,docx_table,"Parsed from table 0, row 0"
Colombia,2005,pdf_99bcb6e78208__2005_Ley_921_de_2004.txt,0,section_total,,EDUCACION SUPERIOR,EDUCACION SUPERIOR,,EDUCACION SUPERIOR,EDUCACION SUPERIOR,216967611625.0,,unit,COP,unclear,review,0.6,docx_parser,docx_table,"Parsed from table 0, row 0"
Colombia,2005,pdf_99bcb6e78208__2005_Ley_921_de_2004.txt,0,section_total,,ESTUDIOS DE PREINVERSION,ESTUDIOS DE PREINVERSION,,ESTUDIOS DE PREINVERSION,ESTUDIOS DE PREINVERSION,2359500000.0,,unit,COP,unclear,review,0.5,docx_parser,docx_table,"Parsed from table 0, row 0"
Colombia,2005,pdf_99bcb6e78208__2005_Ley_921_de_2004.txt,0,section_total,,FONDO ROTATORIO DEL DEPARTAMENTO ADMINISTRATIVO DE SEGURIDAD A. PRESUPUESTO DE FUNCIONAMIENTO.,FONDO ROTATORIO DEL DEPARTAMENTO ADMINISTRATIVO DE SEGURIDAD A. PRESUPUESTO DE FUNCIONAMIENTO.,,FONDO ROTATORIO DEL DEPARTAMENTO ADMINISTRATIVO DE SEGURIDAD A. PRESUPUESTO DE FUNCIONAMIENTO.,FONDO ROTATORIO DEL DEPARTAMENTO ADMINISTRATIVO DE SEGURIDAD A. PRESUPUESTO DE FUNCIONAMIENTO.,16281800051.0,,unit,COP,unclear,review,0.6,docx_parser,docx_table,"Parsed from table 0, row 0"
Colombia,2005,pdf_99bcb6e78208__2005_Ley_921_de_2004.txt,0,section_total,,FONDOS ESPECIALES,FONDOS ESPECIALES,,FONDOS ESPECIALES,FONDOS ESPECIALES,3312131329354.0,,unit,COP,unclear,review,0.5,docx_parser,docx_table,"Parsed from table 0, row 0"
Colombia,2005,pdf_99bcb6e78208__2005_Ley_921_de_2004.txt,0,section_total,,FORMAS ASOCIATIVAS Y COOPERATIVAS,FORMAS ASOCIATIVAS Y COOPERATIVAS,,FORMAS ASOCIATIVAS Y COOPERATIVAS,FORMAS ASOCIATIVAS Y COOPERATIVAS,450000000.0,,unit,COP,unclear,review,0.6,docx_parser,docx_table,"Parsed from table 0, row 0"
Colombia,2005,pdf_99bcb6e78208__2005_Ley_921_de_2004.txt,0,section_total,,GENERACION ELECTRICA,GENERACION ELECTRICA,,GENERACION ELECTRICA,GENERACION ELECTRICA,2650000000.0,,unit,COP,unclear,review,0.5,docx_parser,docx_table,"Parsed from table 0, row 0"
Colombia,2005,pdf_99bcb6e78208__2005_Ley_921_de_2004.txt,0,section_total,,INGRESOS CORRIENTES,INGRESOS CORRIENTES,,INGRESOS CORRIENTES,INGRESOS CORRIENTES,2231337408940.0,,unit,COP,unclear,review,0.5,docx_parser,docx_table,"Parsed from table 0, row 0"
Colombia,2005,pdf_99bcb6e78208__2005_Ley_921_de_2004.txt,0,section_total,,"INSTITUTO DE INVESTIGACION E INFORMACION GEOCIENTIFICA, MINERO AMBIENTAL Y NUCLEAR – INGEOMINAS A. PRESUPUESTO DE FUNCIONAMIENTO.","INSTITUTO DE INVESTIGACION E INFORMACION GEOCIENTIFICA, MINERO AMBIENTAL Y NUCLEAR – INGEOMINAS A. PRESUPUESTO DE FUNCIONAMIENTO.",,"INSTITUTO DE INVESTIGACION E INFORMACION GEOCIENTIFICA, MINERO AMBIENTAL Y NUCLEAR – INGEOMINAS A. PRESUPUESTO DE FUNCIONAMIENTO.","INSTITUTO DE INVESTIGACION E INFORMACION GEOCIENTIFICA, MINERO AMBIENTAL Y NUCLEAR – INGEOMINAS A. PRESUPUESTO DE FUNCIONAMIENTO.",26366112328.0,,unit,COP,unclear,review,0.6,docx_parser,docx_table,"Parsed from table 0, row 0"
Colombia,2005,pdf_99bcb6e78208__2005_Ley_921_de_2004.txt,0,section_total,,INTERSUBSECTORIAL AGROPECUARIO,INTERSUBSECTORIAL AGROPECUARIO,,INTERSUBSECTORIAL AGROPECUARIO,INTERSUBSECTORIAL AGROPECUARIO,25369216740.0,,unit,COP,unclear,review,0.6,docx_parser,docx_table,"Parsed from table 0, row 0"
Colombia,2005,pdf_99bcb6e78208__2005_Ley_921_de_2004.txt,0,section_total,,INTERSUBSECTORIAL COMUNICACIONES,INTERSUBSECTORIAL COMUNICACIONES,,INTERSUBSECTORIAL COMUNICACIONES,INTERSUBSECTORIAL COMUNICACIONES,88263277500.0,,unit,COP,unclear,review,0.5,docx_parser,docx_table,"Parsed from table 0, row 0"
Colombia,2005,pdf_99bcb6e78208__2005_Ley_921_de_2004.txt,0,section_total,,INTERSUBSECTORIAL DEFENSA Y SEGURIDAD,INTERSUBSECTORIAL DEFENSA Y SEGURIDAD,,INTERSUBSECTORIAL DEFENSA Y SEGURIDAD,INTERSUBSECTORIAL DEFENSA Y SEGURIDAD,216336135064.0,,unit,COP,unclear,review,0.5,docx_parser,docx_table,"Parsed from table 0, row 0"
Colombia,2005,pdf_99bcb6e78208__2005_Ley_921_de_2004.txt,0,section_total,,INTERSUBSECTORIAL DESARROLLO COMUNITARIO,INTERSUBSECTORIAL DESARROLLO COMUNITARIO,,INTERSUBSECTORIAL DESARROLLO COMUNITARIO,INTERSUBSECTORIAL DESARROLLO COMUNITARIO,50416363751.0,,unit,COP,unclear,review,0.6,docx_parser,docx_table,"Parsed from table 0, row 0"
Colombia,2005,pdf_99bcb6e78208__2005_Ley_921_de_2004.txt,0,section_total,,INTERSUBSECTORIAL EDUCACION,INTERSUBSECTORIAL EDUCACION,,INTERSUBSECTORIAL EDUCACION,INTERSUBSECTORIAL EDUCACION,52145057000.0,,unit,COP,unclear,review,0.6,docx_parser,docx_table,"Parsed from table 0, row 0"
Colombia,2005,pdf_99bcb6e78208__2005_Ley_921_de_2004.txt,0,section_total,,INTERSUBSECTORIAL ENERGIA,INTERSUBSECTORIAL ENERGIA,,INTERSUBSECTORIAL ENERGIA,INTERSUBSECTORIAL ENERGIA,315000000000.0,,unit,COP,unclear,review,0.5,docx_parser,docx_table,"Parsed from table 0, row 0"
Colombia,2005,pdf_99bcb6e78208__2005_Ley_921_de_2004.txt,0,section_total,,INTERSUBSECTORIAL GOBIERNO,INTERSUBSECTORIAL GOBIERNO,,INTERSUBSECTORIAL GOBIERNO,INTERSUBSECTORIAL GOBIERNO,1140840000000.0,,unit,COP,unclear,review,0.6,docx_parser,docx_table,"Parsed from table 0, row 0"
Colombia,2005,pdf_99bcb6e78208__2005_Ley_921_de_2004.txt,0,section_total,,INTERSUBSECTORIAL INDUSTRIA Y COMERCIO,INTERSUBSECTORIAL INDUSTRIA Y COMERCIO,,INTERSUBSECTORIAL INDUSTRIA Y COMERCIO,INTERSUBSECTORIAL INDUSTRIA Y COMERCIO,10718500000.0,,unit,COP,unclear,review,0.6,docx_parser,docx_table,"Parsed from table 0, row 0"
Colombia,2005,pdf_99bcb6e78208__2005_Ley_921_de_2004.txt,0,section_total,,INTERSUBSECTORIAL INDUSTRIA YCOMERCIO,INTERSUBSECTORIAL INDUSTRIA YCOMERCIO,,INTERSUBSECTORIAL INDUSTRIA YCOMERCIO,INTERSUBSECTORIAL INDUSTRIA YCOMERCIO,150000000.0,,unit,COP,unclear,review,0.5,docx_parser,docx_table,"Parsed from table 0, row 0"
Colombia,2005,pdf_99bcb6e78208__2005_Ley_921_de_2004.txt,0,section_total,,INTERSUBSECTORIAL JUSTICIA,INTERSUBSECTORIAL JUSTICIA,,INTERSUBSECTORIAL JUSTICIA,INTERSUBSECTORIAL JUSTICIA,20755030000.0,,unit,COP,unclear,review,0.5,docx_parser,docx_table,"Parsed from table 0, row 0"
Colombia,2005,pdf_99bcb6e78208__2005_Ley_921_de_2004.txt,0,section_total,,INTERSUBSECTORIAL MEDIO AMBIENTE,INTERSUBSECTORIAL MEDIO AMBIENTE,,INTERSUBSECTORIAL MEDIO AMBIENTE,INTERSUBSECTORIAL MEDIO AMBIENTE,180936555736.0,,unit,COP,unclear,review,0.5,docx_parser,docx_table,"Parsed from table 0, row 0"
Colombia,2005,pdf_99bcb6e78208__2005_Ley_921_de_2004.txt,0,section_total,,INTERSUBSECTORIAL SALUD,INTERSUBSECTORIAL SALUD,,INTERSUBSECTORIAL SALUD,INTERSUBSECTORIAL SALUD,14000000000.0,,unit,COP,unclear,review,0.5,docx_parser,docx_table,"Parsed from table 0, row 0"
Colombia,2005,pdf_99bcb6e78208__2005_Ley_921_de_2004.txt,0,section_total,,INTERSUBSECTORIAL SANEAMIENTO BASICO,INTERSUBSECTORIAL SANEAMIENTO BASICO,,INTERSUBSECTORIAL SANEAMIENTO BASICO,INTERSUBSECTORIAL SANEAMIENTO BASICO,99069300000.0,,unit,COP,unclear,review,0.6,docx_parser,docx_table,"Parsed from table 0, row 0"
Colombia,2005,pdf_99bcb6e78208__2005_Ley_921_de_2004.txt,0,section_total,,"INTERSUBSECTORIAL TRABAJO Y SEGURIDAD SOCIAL 1,752,500,000","INTERSUBSECTORIAL TRABAJO Y SEGURIDAD SOCIAL 1,752,500,000",,"INTERSUBSECTORIAL TRABAJO Y SEGURIDAD SOCIAL 1,752,500,000","INTERSUBSECTORIAL TRABAJO Y SEGURIDAD SOCIAL 1,752,500,000",1752500000.0,,unit,COP,unclear,review,0.5,docx_parser,docx_table,"Parsed from table 0, row 0"
Colombia,2005,pdf_99bcb6e78208__2005_Ley_921_de_2004.txt,0,section_total,,"INTERSUBSECTORIAL TRABAJO Y SEGURIDAD SOCIAL 3,700,000,000","INTERSUBSECTORIAL TRABAJO Y SEGURIDAD SOCIAL 3,700,000,000",,"INTERSUBSECTORIAL TRABAJO Y SEGURIDAD SOCIAL 3,700,000,000","INTERSUBSECTORIAL TRABAJO Y SEGURIDAD SOCIAL 3,700,000,000",3700000000.0,,unit,COP,unclear,review,0.5,docx_parser,docx_table,"Parsed from table 0, row 0"
Colombia,2005,pdf_99bcb6e78208__2005_Ley_921_de_2004.txt,0,section_total,,"INTERSUBSECTORIAL TRABAJO Y SEGURIDAD SOCIAL 975,000,000","INTERSUBSECTORIAL TRABAJO Y SEGURIDAD SOCIAL 975,000,000",,"INTERSUBSECTORIAL TRABAJO Y SEGURIDAD SOCIAL 975,000,000","INTERSUBSECTORIAL TRABAJO Y SEGURIDAD SOCIAL 975,000,000",975000000.0,,unit,COP,unclear,review,0.5,docx_parser,docx_table,"Parsed from table 0, row 0"
Colombia,2005,pdf_99bcb6e78208__2005_Ley_921_de_2004.txt,0,section_total,,INTERSUBSECTORIAL TRANSPORTE,INTERSUBSECTORIAL TRANSPORTE,,INTERSUBSECTORIAL TRANSPORTE,INTERSUBSECTORIAL TRANSPORTE,410765400000.0,,unit,COP,unclear,review,0.6,docx_parser,docx_table,"Parsed from table 0, row 0"
Colombia,2005,pdf_99bcb6e78208__2005_Ley_921_de_2004.txt,0,section_total,,INTERSUBSECTORIAL VIVIENDA,INTERSUBSECTORIAL VIVIENDA,,INTERSUBSECTORIAL VIVIENDA,INTERSUBSECTORIAL VIVIENDA,80000000000.0,,unit,COP,unclear,review,0.6,docx_parser,docx_table,"Parsed from table 0, row 0"
Colombia,2005,pdf_99bcb6e78208__2005_Ley_921_de_2004.txt,0,section_total,,INVERSIONES Y APORTES FINANCIEROS,INVERSIONES Y APORTES FINANCIEROS,,INVERSIONES Y APORTES FINANCIEROS,INVERSIONES Y APORTES FINANCIEROS,42803120461.0,,unit,COP,unclear,review,0.5,docx_parser,docx_table,"Parsed from table 0, row 0"
Colombia,2005,pdf_99bcb6e78208__2005_Ley_921_de_2004.txt,0,section_total,,"INVESTIGACION BASICA, APLICADA Y ESTUDIOS","INVESTIGACION BASICA, APLICADA Y ESTUDIOS",,"INVESTIGACION BASICA, APLICADA Y ESTUDIOS","INVESTIGACION BASICA, APLICADA Y ESTUDIOS",203529000000.0,,unit,COP,science_agency,include,0.9,docx_parser,docx_table,"Parsed from table 0, row 0"
Colombia,2005,pdf_99bcb6e78208__2005_Ley_921_de_2004.txt,0,section_total,,LEVANTAMIENTO DE INFORMA-CION PARA PROCESAMIENTO,LEVANTAMIENTO DE INFORMA-CION PARA PROCESAMIENTO,,LEVANTAMIENTO DE INFORMA-CION PARA PROCESAMIENTO,LEVANTAMIENTO DE INFORMA-CION PARA PROCESAMIENTO,16225000000.0,,unit,COP,unclear,review,0.5,docx_parser,docx_table,"Parsed from table 0, row 0"
Colombia,2005,pdf_99bcb6e78208__2005_Ley_921_de_2004.txt,0,section_total,,LEVANTAMIENTO DE INFORMACION PARA PROCESAMIENTO,LEVANTAMIENTO DE INFORMACION PARA PROCESAMIENTO,,LEVANTAMIENTO DE INFORMACION PARA PROCESAMIENTO,LEVANTAMIENTO DE INFORMACION PARA PROCESAMIENTO,20755030000.0,,unit,COP,unclear,review,0.5,docx_parser,docx_table,"Parsed from table 0, row 0"
Colombia,2005,pdf_99bcb6e78208__2005_Ley_921_de_2004.txt,0,section_total,,MANEJO Y CONTROL DE RESIDUOS SOLIDOS Y,MANEJO Y CONTROL DE RESIDUOS SOLIDOS Y,,MANEJO Y CONTROL DE RESIDUOS SOLIDOS Y,MANEJO Y CONTROL DE RESIDUOS SOLIDOS Y,80000000.0,,unit,COP,unclear,review,0.5,docx_parser,docx_table,"Parsed from table 0, row 0"
Colombia,2005,pdf_99bcb6e78208__2005_Ley_921_de_2004.txt,0,section_total,,"MANTENIMIENTO DE EQUIPOS, MATERIALES, SUMINISTROS Y SERVICIOS ADMINISTRATIVOS","MANTENIMIENTO DE EQUIPOS, MATERIALES, SUMINISTROS Y SERVICIOS ADMINISTRATIVOS",,"MANTENIMIENTO DE EQUIPOS, MATERIALES, SUMINISTROS Y SERVICIOS ADMINISTRATIVOS","MANTENIMIENTO DE EQUIPOS, MATERIALES, SUMINISTROS Y SERVICIOS ADMINISTRATIVOS",10550000000.0,,unit,COP,unclear,review,0.5,docx_parser,docx_table,"Parsed from table 0, row 0"
Colombia,2005,pdf_99bcb6e78208__2005_Ley_921_de_2004.txt,0,section_total,,"MANTENIMIENTO DE EQUIPOS, MATERIALES, SUMINISTROS Y SERVICIOS PROPIOS DEL SECTOR","MANTENIMIENTO DE EQUIPOS, MATERIALES, SUMINISTROS Y SERVICIOS PROPIOS DEL SECTOR",,"MANTENIMIENTO DE EQUIPOS, MATERIALES, SUMINISTROS Y SERVICIOS PROPIOS DEL SECTOR","MANTENIMIENTO DE EQUIPOS, MATERIALES, SUMINISTROS Y SERVICIOS PROPIOS DEL SECTOR",128023000000.0,,unit,COP,unclear,review,0.5,docx_parser,docx_table,"Parsed from table 0, row 0"
Colombia,2005,pdf_99bcb6e78208__2005_Ley_921_de_2004.txt,0,section_total,,MEJORAMIENTO Y MANTENI-MIENTO DE INFRAESTRUC-TURA PROPIA DEL SECTOR,MEJORAMIENTO Y MANTENI-MIENTO DE INFRAESTRUC-TURA PROPIA DEL SECTOR,,MEJORAMIENTO Y MANTENI-MIENTO DE INFRAESTRUC-TURA PROPIA DEL SECTOR,MEJORAMIENTO Y MANTENI-MIENTO DE INFRAESTRUC-TURA PROPIA DEL SECTOR,5600000000.0,,unit,COP,unclear,review,0.6,docx_parser,docx_table,"Parsed from table 0, row 0"
Colombia,2005,pdf_99bcb6e78208__2005_Ley_921_de_2004.txt,0,section_total,,MEJORAMIENTO Y MANTENI-MIENTO DE INFRAESTRUCTU-RA PROPIA DEL SECTOR,MEJORAMIENTO Y MANTENI-MIENTO DE INFRAESTRUCTU-RA PROPIA DEL SECTOR,,MEJORAMIENTO Y MANTENI-MIENTO DE INFRAESTRUCTU-RA PROPIA DEL SECTOR,MEJORAMIENTO Y MANTENI-MIENTO DE INFRAESTRUCTU-RA PROPIA DEL SECTOR,993922000.0,,unit,COP,unclear,review,0.5,docx_parser,docx_table,"Parsed from table 0, row 0"
Colombia,2005,pdf_99bcb6e78208__2005_Ley_921_de_2004.txt,0,section_total,,MEJORAMIENTO Y MANTENI-MIENTO DE INFRAESTRUCTURA PROPIA DEL SECTOR,MEJORAMIENTO Y MANTENI-MIENTO DE INFRAESTRUCTURA PROPIA DEL SECTOR,,MEJORAMIENTO Y MANTENI-MIENTO DE INFRAESTRUCTURA PROPIA DEL SECTOR,MEJORAMIENTO Y MANTENI-MIENTO DE INFRAESTRUCTURA PROPIA DEL SECTOR,845063055875.0,,unit,COP,unclear,review,0.5,docx_parser,docx_table,"Parsed from table 0, row 0"
Colombia,2005,pdf_99bcb6e78208__2005_Ley_921_de_2004.txt,0,section_total,,MEJORAMIENTO Y MANTENIMIENTO DE INFRAESTRUCTURA PROPIA DEL SECTOR,MEJORAMIENTO Y MANTENIMIENTO DE INFRAESTRUCTURA PROPIA DEL SECTOR,,MEJORAMIENTO Y MANTENIMIENTO DE INFRAESTRUCTURA PROPIA DEL SECTOR,MEJORAMIENTO Y MANTENIMIENTO DE INFRAESTRUCTURA PROPIA DEL SECTOR,6270880000.0,,unit,COP,unclear,review,0.6,docx_parser,docx_table,"Parsed from table 0, row 0"
Colombia,2005,pdf_99bcb6e78208__2005_Ley_921_de_2004.txt,0,section_total,,MICROEMPRESA E INDUSTRIA ARTESANAL,MICROEMPRESA E INDUSTRIA ARTESANAL,,MICROEMPRESA E INDUSTRIA ARTESANAL,MICROEMPRESA E INDUSTRIA ARTESANAL,20000000000.0,,unit,COP,unclear,review,0.5,docx_parser,docx_table,"Parsed from table 0, row 0"
Colombia,2005,pdf_99bcb6e78208__2005_Ley_921_de_2004.txt,0,section_total,,MITIGACION,MITIGACION,,MITIGACION,MITIGACION,300000000.0,,unit,COP,unclear,review,0.5,docx_parser,docx_table,"Parsed from table 0, row 0"
Colombia,2005,pdf_99bcb6e78208__2005_Ley_921_de_2004.txt,0,section_total,,PEQUENA Y MEDIANA INDUSTRIA,PEQUENA Y MEDIANA INDUSTRIA,,PEQUENA Y MEDIANA INDUSTRIA,PEQUENA Y MEDIANA INDUSTRIA,100000000.0,,unit,COP,unclear,review,0.6,docx_parser,docx_table,"Parsed from table 0, row 0"
Colombia,2005,pdf_99bcb6e78208__2005_Ley_921_de_2004.txt,0,section_total,,PESCA Y ACUICULTURA,PESCA Y ACUICULTURA,,PESCA Y ACUICULTURA,PESCA Y ACUICULTURA,1241642000.0,,unit,COP,unclear,review,0.5,docx_parser,docx_table,"Parsed from table 0, row 0"
Colombia,2005,pdf_99bcb6e78208__2005_Ley_921_de_2004.txt,0,section_total,,PREVENCION EN SALUD,PREVENCION EN SALUD,,PREVENCION EN SALUD,PREVENCION EN SALUD,114592000000.0,,unit,COP,unclear,review,0.5,docx_parser,docx_table,"Parsed from table 0, row 0"
Colombia,2005,pdf_99bcb6e78208__2005_Ley_921_de_2004.txt,0,section_total,,PRODUCCION Y APROVE-CHAMIENTO AGRICOLA,PRODUCCION Y APROVE-CHAMIENTO AGRICOLA,,PRODUCCION Y APROVE-CHAMIENTO AGRICOLA,PRODUCCION Y APROVE-CHAMIENTO AGRICOLA,91888900000.0,,unit,COP,unclear,review,0.6,docx_parser,docx_table,"Parsed from table 0, row 0"
Colombia,2005,pdf_99bcb6e78208__2005_Ley_921_de_2004.txt,0,section_total,,PRODUCCION Y APROVECHAMIENTO AGRICOLA,PRODUCCION Y APROVECHAMIENTO AGRICOLA,,PRODUCCION Y APROVECHAMIENTO AGRICOLA,PRODUCCION Y APROVECHAMIENTO AGRICOLA,15000000000.0,,unit,COP,unclear,review,0.6,docx_parser,docx_table,"Parsed from table 0, row 0"
Colombia,2005,pdf_99bcb6e78208__2005_Ley_921_de_2004.txt,0,section_total,,PRODUCCION Y APROVECHAMIENTO PECUARIO,PRODUCCION Y APROVECHAMIENTO PECUARIO,,PRODUCCION Y APROVECHAMIENTO PECUARIO,PRODUCCION Y APROVECHAMIENTO PECUARIO,1000000000.0,,unit,COP,unclear,review,0.6,docx_parser,docx_table,"Parsed from table 0, row 0"
Colombia,2005,pdf_99bcb6e78208__2005_Ley_921_de_2004.txt,0,section_total,,PROTECCION Y BIENESTAR SOCIAL DEL RECURSO,PROTECCION Y BIENESTAR SOCIAL DEL RECURSO,,PROTECCION Y BIENESTAR SOCIAL DEL RECURSO,PROTECCION Y BIENESTAR SOCIAL DEL RECURSO,1206387000000.0,,unit,COP,unclear,review,0.6,docx_parser,docx_table,"Parsed from table 0, row 0"
Colombia,2005,pdf_99bcb6e78208__2005_Ley_921_de_2004.txt,0,section_total,,"RECREACION, EDUCACION FISICA Y DEPORTE","RECREACION, EDUCACION FISICA Y DEPORTE",,"RECREACION, EDUCACION FISICA Y DEPORTE","RECREACION, EDUCACION FISICA Y DEPORTE",36302000000.0,,unit,COP,unclear,review,0.6,docx_parser,docx_table,"Parsed from table 0, row 0"
Colombia,2005,pdf_99bcb6e78208__2005_Ley_921_de_2004.txt,0,section_total,,RECURSOS DE CAPITAL DE LA NACION,RECURSOS DE CAPITAL DE LA NACION,,RECURSOS DE CAPITAL DE LA NACION,RECURSOS DE CAPITAL DE LA NACION,41272062727131.0,,unit,COP,unclear,review,0.5,docx_parser,docx_table,"Parsed from table 0, row 0"
Colombia,2005,pdf_99bcb6e78208__2005_Ley_921_de_2004.txt,0,section_total,,RECURSOS NATURALES ENER-GETICOS NO RENOVABLES,RECURSOS NATURALES ENER-GETICOS NO RENOVABLES,,RECURSOS NATURALES ENER-GETICOS NO RENOVABLES,RECURSOS NATURALES ENER-GETICOS NO RENOVABLES,200000000.0,,unit,COP,unclear,review,0.5,docx_parser,docx_table,"Parsed from table 0, row 0"
Colombia,2005,pdf_99bcb6e78208__2005_Ley_921_de_2004.txt,0,section_total,,RECURSOS NATURALES ENERGETICOS NO RENOVABLES,RECURSOS NATURALES ENERGETICOS NO RENOVABLES,,RECURSOS NATURALES ENERGETICOS NO RENOVABLES,RECURSOS NATURALES ENERGETICOS NO RENOVABLES,203529000000.0,,unit,COP,unclear,review,0.6,docx_parser,docx_table,"Parsed from table 0, row 0"
Colombia,2005,pdf_99bcb6e78208__2005_Ley_921_de_2004.txt,0,section_total,,RED DE SOLIDARIDAD SOCIAL A. PRESUPUESTO DE FUNCIONAMIENTO.,RED DE SOLIDARIDAD SOCIAL A. PRESUPUESTO DE FUNCIONAMIENTO.,,RED DE SOLIDARIDAD SOCIAL A. PRESUPUESTO DE FUNCIONAMIENTO.,RED DE SOLIDARIDAD SOCIAL A. PRESUPUESTO DE FUNCIONAMIENTO.,15964448894.0,,unit,COP,unclear,review,0.6,docx_parser,docx_table,"Parsed from table 0, row 0"
Colombia,2005,pdf_99bcb6e78208__2005_Ley_921_de_2004.txt,0,section_total,,RED TRONCAL NACIONAL,RED TRONCAL NACIONAL,,RED TRONCAL NACIONAL,RED TRONCAL NACIONAL,330800580000.0,,unit,COP,unclear,review,0.5,docx_parser,docx_table,"Parsed from table 0, row 0"
Colombia,2005,pdf_99bcb6e78208__2005_Ley_921_de_2004.txt,0,section_total,,RED URBANA,RED URBANA,,RED URBANA,RED URBANA,271650472000.0,,unit,COP,unclear,review,0.5,docx_parser,docx_table,"Parsed from table 0, row 0"
Colombia,2005,pdf_99bcb6e78208__2005_Ley_921_de_2004.txt,0,section_total,,RELACIONES EXTERIORES,RELACIONES EXTERIORES,,RELACIONES EXTERIORES,RELACIONES EXTERIORES,2925000000.0,,unit,COP,unclear,review,0.5,docx_parser,docx_table,"Parsed from table 0, row 0"
Colombia,2005,pdf_99bcb6e78208__2005_Ley_921_de_2004.txt,0,section_total,,RENTAS PARAFISCALES,RENTAS PARAFISCALES,,RENTAS PARAFISCALES,RENTAS PARAFISCALES,539100632892.0,,unit,COP,unclear,review,0.5,docx_parser,docx_table,"Parsed from table 0, row 0"
Colombia,2005,pdf_99bcb6e78208__2005_Ley_921_de_2004.txt,0,section_total,,SECCION: 0101 CONGRESO DE LA REPUBLICA A. PRESUPUESTO DE FUNCIONAMIENTO,SECCION: 0101 CONGRESO DE LA REPUBLICA A. PRESUPUESTO DE FUNCIONAMIENTO,,SECCION: 0101 CONGRESO DE LA REPUBLICA A. PRESUPUESTO DE FUNCIONAMIENTO,SECCION: 0101 CONGRESO DE LA REPUBLICA A. PRESUPUESTO DE FUNCIONAMIENTO,230061650982.0,,unit,COP,unclear,review,0.6,docx_parser,docx_table,"Parsed from table 0, row 0"
Colombia,2005,pdf_99bcb6e78208__2005_Ley_921_de_2004.txt,0,section_total,,SECCION: 0201 PRESIDENCIA DE LA REPUBLICA A. PRESUPUESTO DE FUNCIONAMIENTO.,SECCION: 0201 PRESIDENCIA DE LA REPUBLICA A. PRESUPUESTO DE FUNCIONAMIENTO.,,SECCION: 0201 PRESIDENCIA DE LA REPUBLICA A. PRESUPUESTO DE FUNCIONAMIENTO.,SECCION: 0201 PRESIDENCIA DE LA REPUBLICA A. PRESUPUESTO DE FUNCIONAMIENTO.,56566781331.0,,unit,COP,unclear,review,0.6,docx_parser,docx_table,"Parsed from table 0, row 0"
Colombia,2005,pdf_99bcb6e78208__2005_Ley_921_de_2004.txt,0,section_total,,SECCION: 0209 AGENCIA COLOMBIANA DE COOPERACION INTERNACIONAL A. PRESUPUESTO DE FUNCIONAMIENTO,SECCION: 0209 AGENCIA COLOMBIANA DE COOPERACION INTERNACIONAL A. PRESUPUESTO DE FUNCIONAMIENTO,,SECCION: 0209 AGENCIA COLOMBIANA DE COOPERACION INTERNACIONAL A. PRESUPUESTO DE FUNCIONAMIENTO,SECCION: 0209 AGENCIA COLOMBIANA DE COOPERACION INTERNACIONAL A. PRESUPUESTO DE FUNCIONAMIENTO,2457517445.0,,unit,COP,unclear,review,0.6,docx_parser,docx_table,"Parsed from table 0, row 0"
Colombia,2005,pdf_99bcb6e78208__2005_Ley_921_de_2004.txt,0,section_total,,SECCION: 0301 DEPARTAMENTO ADMINISTRATIVO NACIONAL DE PLANEACION A. PRESUPUESTO DE FUNCIONAMIENTO,SECCION: 0301 DEPARTAMENTO ADMINISTRATIVO NACIONAL DE PLANEACION A. PRESUPUESTO DE FUNCIONAMIENTO,,SECCION: 0301 DEPARTAMENTO ADMINISTRATIVO NACIONAL DE PLANEACION A. PRESUPUESTO DE FUNCIONAMIENTO,SECCION: 0301 DEPARTAMENTO ADMINISTRATIVO NACIONAL DE PLANEACION A. PRESUPUESTO DE FUNCIONAMIENTO,20498253673.0,,unit,COP,unclear,review,0.6,docx_parser,docx_table,"Parsed from table 0, row 0"
Colombia,2005,pdf_99bcb6e78208__2005_Ley_921_de_2004.txt,0,section_total,,SECCION: 0324 SUPERINTENDENCIA DE SERVICIOS PUBLICOS DOMICILIARIOS A. PRESUPUESTO DE FUNCIONAMIENTO,SECCION: 0324 SUPERINTENDENCIA DE SERVICIOS PUBLICOS DOMICILIARIOS A. PRESUPUESTO DE FUNCIONAMIENTO,,SECCION: 0324 SUPERINTENDENCIA DE SERVICIOS PUBLICOS DOMICILIARIOS A. PRESUPUESTO DE FUNCIONAMIENTO,SECCION: 0324 SUPERINTENDENCIA DE SERVICIOS PUBLICOS DOMICILIARIOS A. PRESUPUESTO DE FUNCIONAMIENTO,25481814913.0,,unit,COP,unclear,review,0.6,docx_parser,docx_table,"Parsed from table 0, row 0"
Colombia,2005,pdf_99bcb6e78208__2005_Ley_921_de_2004.txt,0,section_total,,SECCION: 0325 FONDO NACIONAL DE REGALIAS A. PRESUPUESTO DE FUNCIONAMIENTO.,SECCION: 0325 FONDO NACIONAL DE REGALIAS A. PRESUPUESTO DE FUNCIONAMIENTO.,,SECCION: 0325 FONDO NACIONAL DE REGALIAS A. PRESUPUESTO DE FUNCIONAMIENTO.,SECCION: 0325 FONDO NACIONAL DE REGALIAS A. PRESUPUESTO DE FUNCIONAMIENTO.,2689493379.0,,unit,COP,unclear,review,0.6,docx_parser,docx_table,"Parsed from table 0, row 0"
Colombia,2005,pdf_99bcb6e78208__2005_Ley_921_de_2004.txt,0,section_total,,SECCION: 0401 DEPARTAMENTO ADMINISTRATIVO NACIONAL DE ESTADISTICA (DANE) A. PRESUPUESTO DE FUNCIONAMIENTO,SECCION: 0401 DEPARTAMENTO ADMINISTRATIVO NACIONAL DE ESTADISTICA (DANE) A. PRESUPUESTO DE FUNCIONAMIENTO,,SECCION: 0401 DEPARTAMENTO ADMINISTRATIVO NACIONAL DE ESTADISTICA (DANE) A. PRESUPUESTO DE FUNCIONAMIENTO,SECCION: 0401 DEPARTAMENTO ADMINISTRATIVO NACIONAL DE ESTADISTICA (DANE) A. PRESUPUESTO DE FUNCIONAMIENTO,16280842218.0,,unit,COP,unclear,review,0.6,docx_parser,docx_table,"Parsed from table 0, row 0"
Colombia,2005,pdf_99bcb6e78208__2005_Ley_921_de_2004.txt,0,section_total,,SECCION: 0402 FONDO ROTATORIO DEL DANE A. PRESUPUESTO DE FUNCIONAMIENTO.,SECCION: 0402 FONDO ROTATORIO DEL DANE A. PRESUPUESTO DE FUNCIONAMIENTO.,,SECCION: 0402 FONDO ROTATORIO DEL DANE A. PRESUPUESTO DE FUNCIONAMIENTO.,SECCION: 0402 FONDO ROTATORIO DEL DANE A. PRESUPUESTO DE FUNCIONAMIENTO.,817236395.0,,unit,COP,unclear,review,0.5,docx_parser,docx_table,"Parsed from table 0, row 0"
Colombia,2005,pdf_99bcb6e78208__2005_Ley_921_de_2004.txt,0,section_total,,SECCION: 0403 INSTITUTO GEOGRAFICO AGUSTIN CODAZZI – IGAC A. PRESUPUESTO DE FUNCIONAMIENTO.,SECCION: 0403 INSTITUTO GEOGRAFICO AGUSTIN CODAZZI – IGAC A. PRESUPUESTO DE FUNCIONAMIENTO.,,SECCION: 0403 INSTITUTO GEOGRAFICO AGUSTIN CODAZZI – IGAC A. PRESUPUESTO DE FUNCIONAMIENTO.,SECCION: 0403 INSTITUTO GEOGRAFICO AGUSTIN CODAZZI – IGAC A. PRESUPUESTO DE FUNCIONAMIENTO.,27856806615.0,,unit,COP,unclear,review,0.6,docx_parser,docx_table,"Parsed from table 0, row 0"
Colombia,2005,pdf_99bcb6e78208__2005_Ley_921_de_2004.txt,0,section_total,,SECCION: 0501 DEPARTAMENTO ADMINISTRATIVO DE LA FUNCION PUBLICA A. PRESUPUESTO DE FUNCIONAMIENTO,SECCION: 0501 DEPARTAMENTO ADMINISTRATIVO DE LA FUNCION PUBLICA A. PRESUPUESTO DE FUNCIONAMIENTO,,SECCION: 0501 DEPARTAMENTO ADMINISTRATIVO DE LA FUNCION PUBLICA A. PRESUPUESTO DE FUNCIONAMIENTO,SECCION: 0501 DEPARTAMENTO ADMINISTRATIVO DE LA FUNCION PUBLICA A. PRESUPUESTO DE FUNCIONAMIENTO,6921573000.0,,unit,COP,unclear,review,0.6,docx_parser,docx_table,"Parsed from table 0, row 0"
Colombia,2005,pdf_99bcb6e78208__2005_Ley_921_de_2004.txt,0,section_total,,SECCION: 0503 ESCUELA SUPERIOR DE ADMINISTRACION PUBLICA (ESAP) A. PRESUPUESTO DE FUNCIONAMIENTO.,SECCION: 0503 ESCUELA SUPERIOR DE ADMINISTRACION PUBLICA (ESAP) A. PRESUPUESTO DE FUNCIONAMIENTO.,,SECCION: 0503 ESCUELA SUPERIOR DE ADMINISTRACION PUBLICA (ESAP) A. PRESUPUESTO DE FUNCIONAMIENTO.,SECCION: 0503 ESCUELA SUPERIOR DE ADMINISTRACION PUBLICA (ESAP) A. PRESUPUESTO DE FUNCIONAMIENTO.,26427900000.0,,unit,COP,unclear,review,0.6,docx_parser,docx_table,"Parsed from table 0, row 0"
Colombia,2005,pdf_99bcb6e78208__2005_Ley_921_de_2004.txt,0,section_total,,SECCION: 0601 DEPARTAMENTO ADMINISTRATIVO DE SEGURIDAD (DAS) A. PRESUPUESTO DE FUNCIONAMIENTO.,SECCION: 0601 DEPARTAMENTO ADMINISTRATIVO DE SEGURIDAD (DAS) A. PRESUPUESTO DE FUNCIONAMIENTO.,,SECCION: 0601 DEPARTAMENTO ADMINISTRATIVO DE SEGURIDAD (DAS) A. PRESUPUESTO DE FUNCIONAMIENTO.,SECCION: 0601 DEPARTAMENTO ADMINISTRATIVO DE SEGURIDAD (DAS) A. PRESUPUESTO DE FUNCIONAMIENTO.,187397770475.0,,unit,COP,unclear,review,0.5,docx_parser,docx_table,"Parsed from table 0, row 0"
Colombia,2005,pdf_99bcb6e78208__2005_Ley_921_de_2004.txt,0,section_total,,SECCION: 0901 DEPARTAMENTO ADMINISTRATIVO NACIONAL DE LA ECONOMIA SOLIDARIA – DANSOCIAL A. PRESUPUESTO DE FUNCIONAMIENTO.,SECCION: 0901 DEPARTAMENTO ADMINISTRATIVO NACIONAL DE LA ECONOMIA SOLIDARIA – DANSOCIAL A. PRESUPUESTO DE FUNCIONAMIENTO.,,SECCION: 0901 DEPARTAMENTO ADMINISTRATIVO NACIONAL DE LA ECONOMIA SOLIDARIA – DANSOCIAL A. PRESUPUESTO DE FUNCIONAMIENTO.,SECCION: 0901 DEPARTAMENTO ADMINISTRATIVO NACIONAL DE LA ECONOMIA SOLIDARIA – DANSOCIAL A. PRESUPUESTO DE FUNCIONAMIENTO.,3011229768.0,,unit,COP,unclear,review,0.5,docx_parser,docx_table,"Parsed from table 0, row 0"
Colombia,2005,pdf_99bcb6e78208__2005_Ley_921_de_2004.txt,0,section_total,,SECCION: 1101 MINISTERIO DE RELACIONES EXTERIORES A. PRESUPUESTO DE FUNCIONAMIENTO.,SECCION: 1101 MINISTERIO DE RELACIONES EXTERIORES A. PRESUPUESTO DE FUNCIONAMIENTO.,,SECCION: 1101 MINISTERIO DE RELACIONES EXTERIORES A. PRESUPUESTO DE FUNCIONAMIENTO.,SECCION: 1101 MINISTERIO DE RELACIONES EXTERIORES A. PRESUPUESTO DE FUNCIONAMIENTO.,155839596565.0,,unit,COP,unclear,review,0.6,docx_parser,docx_table,"Parsed from table 0, row 0"
Colombia,2005,pdf_99bcb6e78208__2005_Ley_921_de_2004.txt,0,section_total,,SECCION: 1102 FONDO ROTATORIO DEL MINISTERIO DE RELACIONES EXTERIORES A. PRESUPUESTO DE FUNCIONAMIENTO.,SECCION: 1102 FONDO ROTATORIO DEL MINISTERIO DE RELACIONES EXTERIORES A. PRESUPUESTO DE FUNCIONAMIENTO.,,SECCION: 1102 FONDO ROTATORIO DEL MINISTERIO DE RELACIONES EXTERIORES A. PRESUPUESTO DE FUNCIONAMIENTO.,SECCION: 1102 FONDO ROTATORIO DEL MINISTERIO DE RELACIONES EXTERIORES A. PRESUPUESTO DE FUNCIONAMIENTO.,141151948831.0,,unit,COP,unclear,review,0.6,docx_parser,docx_table,"Parsed from table 0, row 0"
Colombia,2005,pdf_99bcb6e78208__2005_Ley_921_de_2004.txt,0,section_total,,SECCION: 1301 MINISTERIO DE HACIENDA Y CREDITO PUBLICO A. PRESUPUESTO DE FUNCIONAMIENTO.,SECCION: 1301 MINISTERIO DE HACIENDA Y CREDITO PUBLICO A. PRESUPUESTO DE FUNCIONAMIENTO.,,SECCION: 1301 MINISTERIO DE HACIENDA Y CREDITO PUBLICO A. PRESUPUESTO DE FUNCIONAMIENTO.,SECCION: 1301 MINISTERIO DE HACIENDA Y CREDITO PUBLICO A. PRESUPUESTO DE FUNCIONAMIENTO.,5963295429193.0,,unit,COP,unclear,review,0.6,docx_parser,docx_table,"Parsed from table 0, row 0"
Colombia,2005,pdf_99bcb6e78208__2005_Ley_921_de_2004.txt,0,section_total,,"SECCION: 1301 MINISTERIO DE HACIENDA Y CREDITO PUBLICO A. PRESUPUESTO DE FUNCIONAMIENTO. 10,253,769,455","SECCION: 1301 MINISTERIO DE HACIENDA Y CREDITO PUBLICO A. PRESUPUESTO DE FUNCIONAMIENTO. 10,253,769,455",,"SECCION: 1301 MINISTERIO DE HACIENDA Y CREDITO PUBLICO A. PRESUPUESTO DE FUNCIONAMIENTO. 10,253,769,455","SECCION: 1301 MINISTERIO DE HACIENDA Y CREDITO PUBLICO A. PRESUPUESTO DE FUNCIONAMIENTO. 10,253,769,455",10253769455.0,,unit,COP,unclear,review,0.5,docx_parser,docx_table,"Parsed from table 0, row 0"
Colombia,2005,pdf_99bcb6e78208__2005_Ley_921_de_2004.txt,0,section_total,,SECCION: 1308 UNIDAD ADMINISTRATIVA ESPECIAL CONTADURIA GENERAL DE LA NACION A. PRESUPUESTO DE FUNCIONAMIENTO.,SECCION: 1308 UNIDAD ADMINISTRATIVA ESPECIAL CONTADURIA GENERAL DE LA NACION A. PRESUPUESTO DE FUNCIONAMIENTO.,,SECCION: 1308 UNIDAD ADMINISTRATIVA ESPECIAL CONTADURIA GENERAL DE LA NACION A. PRESUPUESTO DE FUNCIONAMIENTO.,SECCION: 1308 UNIDAD ADMINISTRATIVA ESPECIAL CONTADURIA GENERAL DE LA NACION A. PRESUPUESTO DE FUNCIONAMIENTO.,9689831198.0,,unit,COP,unclear,review,0.5,docx_parser,docx_table,"Parsed from table 0, row 0"
Colombia,2005,pdf_99bcb6e78208__2005_Ley_921_de_2004.txt,0,section_total,,SECCION: 1309 SUPERINTENDENCIA DE LA ECONOMIA SOLIDARIA A. PRESUPUESTO DE FUNCIONAMIENTO.,SECCION: 1309 SUPERINTENDENCIA DE LA ECONOMIA SOLIDARIA A. PRESUPUESTO DE FUNCIONAMIENTO.,,SECCION: 1309 SUPERINTENDENCIA DE LA ECONOMIA SOLIDARIA A. PRESUPUESTO DE FUNCIONAMIENTO.,SECCION: 1309 SUPERINTENDENCIA DE LA ECONOMIA SOLIDARIA A. PRESUPUESTO DE FUNCIONAMIENTO.,4700340626.0,,unit,COP,unclear,review,0.6,docx_parser,docx_table,"Parsed from table 0, row 0"
Colombia,2005,pdf_99bcb6e78208__2005_Ley_921_de_2004.txt,0,section_total,,SECCION: 1310 UNIDAD ADMINISTRATIVA ESPECIAL DIRECCION DE IMPUESTOS Y ADUANAS NACIONALES A. PRESUPUESTO DE FUNCIONAMIENTO.,SECCION: 1310 UNIDAD ADMINISTRATIVA ESPECIAL DIRECCION DE IMPUESTOS Y ADUANAS NACIONALES A. PRESUPUESTO DE FUNCIONAMIENTO.,,SECCION: 1310 UNIDAD ADMINISTRATIVA ESPECIAL DIRECCION DE IMPUESTOS Y ADUANAS NACIONALES A. PRESUPUESTO DE FUNCIONAMIENTO.,SECCION: 1310 UNIDAD ADMINISTRATIVA ESPECIAL DIRECCION DE IMPUESTOS Y ADUANAS NACIONALES A. PRESUPUESTO DE FUNCIONAMIENTO.,299457572288.0,,unit,COP,unclear,review,0.6,docx_parser,docx_table,"Parsed from table 0, row 0"
Colombia,2005,pdf_99bcb6e78208__2005_Ley_921_de_2004.txt,0,section_total,,SECCION: 1311 SUPERINTENDENCIA BANCARIA A. PRESUPUESTO DE FUNCIONAMIENTO.,SECCION: 1311 SUPERINTENDENCIA BANCARIA A. PRESUPUESTO DE FUNCIONAMIENTO.,,SECCION: 1311 SUPERINTENDENCIA BANCARIA A. PRESUPUESTO DE FUNCIONAMIENTO.,SECCION: 1311 SUPERINTENDENCIA BANCARIA A. PRESUPUESTO DE FUNCIONAMIENTO.,63289210025.0,,unit,COP,unclear,review,0.6,docx_parser,docx_table,"Parsed from table 0, row 0"
Colombia,2005,pdf_99bcb6e78208__2005_Ley_921_de_2004.txt,0,section_total,,SECCION: 1312 UNIDAD DE INFORMACION Y ANALISIS FINANCIERO A. PRESUPUESTO DE FUNCIONAMIENTO.,SECCION: 1312 UNIDAD DE INFORMACION Y ANALISIS FINANCIERO A. PRESUPUESTO DE FUNCIONAMIENTO.,,SECCION: 1312 UNIDAD DE INFORMACION Y ANALISIS FINANCIERO A. PRESUPUESTO DE FUNCIONAMIENTO.,SECCION: 1312 UNIDAD DE INFORMACION Y ANALISIS FINANCIERO A. PRESUPUESTO DE FUNCIONAMIENTO.,3555775958.0,,unit,COP,unclear,review,0.5,docx_parser,docx_table,"Parsed from table 0, row 0"
Colombia,2005,pdf_99bcb6e78208__2005_Ley_921_de_2004.txt,0,section_total,,SECCION: 1401 SERVICIO DE LA DEUDA PUBLICA NACIONAL B. PRESUPUESTO DE SERVICIO DE LA DEUDA PÚBLICA.,SECCION: 1401 SERVICIO DE LA DEUDA PUBLICA NACIONAL B. PRESUPUESTO DE SERVICIO DE LA DEUDA PÚBLICA.,,SECCION: 1401 SERVICIO DE LA DEUDA PUBLICA NACIONAL B. PRESUPUESTO DE SERVICIO DE LA DEUDA PÚBLICA.,SECCION: 1401 SERVICIO DE LA DEUDA PUBLICA NACIONAL B. PRESUPUESTO DE SERVICIO DE LA DEUDA PÚBLICA.,31232688975674.0,,unit,COP,unclear,review,0.5,docx_parser,docx_table,"Parsed from table 0, row 0"
Colombia,2005,pdf_99bcb6e78208__2005_Ley_921_de_2004.txt,0,section_total,,SECCION: 1501 MINISTERIO DE DEFENSA NACIONAL A. PRESUPUESTO DE FUNCIONAMIENTO.,SECCION: 1501 MINISTERIO DE DEFENSA NACIONAL A. PRESUPUESTO DE FUNCIONAMIENTO.,,SECCION: 1501 MINISTERIO DE DEFENSA NACIONAL A. PRESUPUESTO DE FUNCIONAMIENTO.,SECCION: 1501 MINISTERIO DE DEFENSA NACIONAL A. PRESUPUESTO DE FUNCIONAMIENTO.,4908324413491.0,,unit,COP,unclear,review,0.6,docx_parser,docx_table,"Parsed from table 0, row 0"
Colombia,2005,pdf_99bcb6e78208__2005_Ley_921_de_2004.txt,0,section_total,,SECCION: 1503 CAJA DE RETIRO DE LAS FUERZAS MILITARES A. PRESUPUESTO DE FUNCIONAMIENTO.,SECCION: 1503 CAJA DE RETIRO DE LAS FUERZAS MILITARES A. PRESUPUESTO DE FUNCIONAMIENTO.,,SECCION: 1503 CAJA DE RETIRO DE LAS FUERZAS MILITARES A. PRESUPUESTO DE FUNCIONAMIENTO.,SECCION: 1503 CAJA DE RETIRO DE LAS FUERZAS MILITARES A. PRESUPUESTO DE FUNCIONAMIENTO.,796722175609.0,,unit,COP,unclear,review,0.6,docx_parser,docx_table,"Parsed from table 0, row 0"
Colombia,2005,pdf_99bcb6e78208__2005_Ley_921_de_2004.txt,0,section_total,,SECCION: 1504 FONDO ROTATORIO DEL EJERCITO A. PRESUPUESTO DE FUNCIONAMIENTO.,SECCION: 1504 FONDO ROTATORIO DEL EJERCITO A. PRESUPUESTO DE FUNCIONAMIENTO.,,SECCION: 1504 FONDO ROTATORIO DEL EJERCITO A. PRESUPUESTO DE FUNCIONAMIENTO.,SECCION: 1504 FONDO ROTATORIO DEL EJERCITO A. PRESUPUESTO DE FUNCIONAMIENTO.,227516166055.0,,unit,COP,unclear,review,0.5,docx_parser,docx_table,"Parsed from table 0, row 0"
Colombia,2005,pdf_99bcb6e78208__2005_Ley_921_de_2004.txt,0,section_total,,SECCION: 1505 FONDO ROTATORIO DE LA ARMADA NACIONAL A. PRESUPUESTO DE FUNCIONAMIENTO.,SECCION: 1505 FONDO ROTATORIO DE LA ARMADA NACIONAL A. PRESUPUESTO DE FUNCIONAMIENTO.,,SECCION: 1505 FONDO ROTATORIO DE LA ARMADA NACIONAL A. PRESUPUESTO DE FUNCIONAMIENTO.,SECCION: 1505 FONDO ROTATORIO DE LA ARMADA NACIONAL A. PRESUPUESTO DE FUNCIONAMIENTO.,100879474376.0,,unit,COP,unclear,review,0.6,docx_parser,docx_table,"Parsed from table 0, row 0"
Colombia,2005,pdf_99bcb6e78208__2005_Ley_921_de_2004.txt,0,section_total,,SECCION: 1506 FONDO ROTATORIO DE LA FUERZA AEREA A. PRESUPUESTO DE FUNCIONAMIENTO.,SECCION: 1506 FONDO ROTATORIO DE LA FUERZA AEREA A. PRESUPUESTO DE FUNCIONAMIENTO.,,SECCION: 1506 FONDO ROTATORIO DE LA FUERZA AEREA A. PRESUPUESTO DE FUNCIONAMIENTO.,SECCION: 1506 FONDO ROTATORIO DE LA FUERZA AEREA A. PRESUPUESTO DE FUNCIONAMIENTO.,65188134332.0,,unit,COP,unclear,review,0.6,docx_parser,docx_table,"Parsed from table 0, row 0"
Colombia,2005,pdf_99bcb6e78208__2005_Ley_921_de_2004.txt,0,section_total,,SECCION: 1507 INSTITUTO CASAS FISCALES DEL EJERCITO A. PRESUPUESTO DE FUNCIONAMIENTO.,SECCION: 1507 INSTITUTO CASAS FISCALES DEL EJERCITO A. PRESUPUESTO DE FUNCIONAMIENTO.,,SECCION: 1507 INSTITUTO CASAS FISCALES DEL EJERCITO A. PRESUPUESTO DE FUNCIONAMIENTO.,SECCION: 1507 INSTITUTO CASAS FISCALES DEL EJERCITO A. PRESUPUESTO DE FUNCIONAMIENTO.,20156448844.0,,unit,COP,unclear,review,0.6,docx_parser,docx_table,"Parsed from table 0, row 0"
Colombia,2005,pdf_99bcb6e78208__2005_Ley_921_de_2004.txt,0,section_total,,SECCION: 1508 DEFENSA CIVIL COLOMBIANA A. PRESUPUESTO DE FUNCIONAMIENTO.,SECCION: 1508 DEFENSA CIVIL COLOMBIANA A. PRESUPUESTO DE FUNCIONAMIENTO.,,SECCION: 1508 DEFENSA CIVIL COLOMBIANA A. PRESUPUESTO DE FUNCIONAMIENTO.,SECCION: 1508 DEFENSA CIVIL COLOMBIANA A. PRESUPUESTO DE FUNCIONAMIENTO.,7916457048.0,,unit,COP,unclear,review,0.6,docx_parser,docx_table,"Parsed from table 0, row 0"
Colombia,2005,pdf_99bcb6e78208__2005_Ley_921_de_2004.txt,0,section_total,,SECCION: 1510 CLUB MILITAR DE OFICIALES A. PRESUPUESTO DE FUNCIONAMIENTO.,SECCION: 1510 CLUB MILITAR DE OFICIALES A. PRESUPUESTO DE FUNCIONAMIENTO.,,SECCION: 1510 CLUB MILITAR DE OFICIALES A. PRESUPUESTO DE FUNCIONAMIENTO.,SECCION: 1510 CLUB MILITAR DE OFICIALES A. PRESUPUESTO DE FUNCIONAMIENTO.,19274822998.0,,unit,COP,unclear,review,0.6,docx_parser,docx_table,"Parsed from table 0, row 0"
Colombia,2005,pdf_99bcb6e78208__2005_Ley_921_de_2004.txt,0,section_total,,SECCION: 1519 HOSPITAL MILITAR A. PRESUPUESTO DE FUNCIONAMIENTO.,SECCION: 1519 HOSPITAL MILITAR A. PRESUPUESTO DE FUNCIONAMIENTO.,,SECCION: 1519 HOSPITAL MILITAR A. PRESUPUESTO DE FUNCIONAMIENTO.,SECCION: 1519 HOSPITAL MILITAR A. PRESUPUESTO DE FUNCIONAMIENTO.,115821396428.0,,unit,COP,unclear,review,0.6,docx_parser,docx_table,"Parsed from table 0, row 0"
Colombia,2005,pdf_99bcb6e78208__2005_Ley_921_de_2004.txt,0,section_total,,SECCION: 1601 POLICIA NACIONAL A PRESUPUESTO DE FUNCIONAMIENTO.,SECCION: 1601 POLICIA NACIONAL A PRESUPUESTO DE FUNCIONAMIENTO.,,SECCION: 1601 POLICIA NACIONAL A PRESUPUESTO DE FUNCIONAMIENTO.,SECCION: 1601 POLICIA NACIONAL A PRESUPUESTO DE FUNCIONAMIENTO.,3154273306666.0,,unit,COP,unclear,review,0.6,docx_parser,docx_table,"Parsed from table 0, row 0"
Colombia,2005,pdf_99bcb6e78208__2005_Ley_921_de_2004.txt,0,section_total,,SECCION: 1701 MINISTERIO DE AGRICULTURA Y DESARROLLO RURAL A. PRESUPUESTO DE FUNCIONAMIENTO.,SECCION: 1701 MINISTERIO DE AGRICULTURA Y DESARROLLO RURAL A. PRESUPUESTO DE FUNCIONAMIENTO.,,SECCION: 1701 MINISTERIO DE AGRICULTURA Y DESARROLLO RURAL A. PRESUPUESTO DE FUNCIONAMIENTO.,SECCION: 1701 MINISTERIO DE AGRICULTURA Y DESARROLLO RURAL A. PRESUPUESTO DE FUNCIONAMIENTO.,116376900000.0,,unit,COP,unclear,review,0.6,docx_parser,docx_table,"Parsed from table 0, row 0"
Colombia,2005,pdf_99bcb6e78208__2005_Ley_921_de_2004.txt,0,section_total,,SECCION: 1702 INSTITUTO COLOMBIANO AGROPECUARIO (ICA) A. PRESUPUESTO DE FUNCIONAMIENTO.,SECCION: 1702 INSTITUTO COLOMBIANO AGROPECUARIO (ICA) A. PRESUPUESTO DE FUNCIONAMIENTO.,,SECCION: 1702 INSTITUTO COLOMBIANO AGROPECUARIO (ICA) A. PRESUPUESTO DE FUNCIONAMIENTO.,SECCION: 1702 INSTITUTO COLOMBIANO AGROPECUARIO (ICA) A. PRESUPUESTO DE FUNCIONAMIENTO.,51221600000.0,,unit,COP,unclear,review,0.6,docx_parser,docx_table,"Parsed from table 0, row 0"
Colombia,2005,pdf_99bcb6e78208__2005_Ley_921_de_2004.txt,0,section_total,,SECCION: 1703 INSTITUTO COLOMBIANO DE LA REFORMA AGRARIA - INCORA EN LIQUIDACION A. PRESUPUESTO DE FUNCIONAMIENTO.,SECCION: 1703 INSTITUTO COLOMBIANO DE LA REFORMA AGRARIA - INCORA EN LIQUIDACION A. PRESUPUESTO DE FUNCIONAMIENTO.,,SECCION: 1703 INSTITUTO COLOMBIANO DE LA REFORMA AGRARIA - INCORA EN LIQUIDACION A. PRESUPUESTO DE FUNCIONAMIENTO.,SECCION: 1703 INSTITUTO COLOMBIANO DE LA REFORMA AGRARIA - INCORA EN LIQUIDACION A. PRESUPUESTO DE FUNCIONAMIENTO.,72046100000.0,,unit,COP,unclear,review,0.6,docx_parser,docx_table,"Parsed from table 0, row 0"
Colombia,2005,pdf_99bcb6e78208__2005_Ley_921_de_2004.txt,0,section_total,,SECCION: 1705 INSTITUTO NACIONAL DE ADECUACION DE TIERRAS - INAT EN LIQUIDACION A. PRESUPUESTO DE FUNCIONAMIENTO.,SECCION: 1705 INSTITUTO NACIONAL DE ADECUACION DE TIERRAS - INAT EN LIQUIDACION A. PRESUPUESTO DE FUNCIONAMIENTO.,,SECCION: 1705 INSTITUTO NACIONAL DE ADECUACION DE TIERRAS - INAT EN LIQUIDACION A. PRESUPUESTO DE FUNCIONAMIENTO.,SECCION: 1705 INSTITUTO NACIONAL DE ADECUACION DE TIERRAS - INAT EN LIQUIDACION A. PRESUPUESTO DE FUNCIONAMIENTO.,14903500000.0,,unit,COP,unclear,review,0.6,docx_parser,docx_table,"Parsed from table 0, row 0"
Colombia,2005,pdf_99bcb6e78208__2005_Ley_921_de_2004.txt,0,section_total,,SECCION: 1713 INSTITUTO COLOMBIANO DE DESARROLLO RURAL – INCODER A. PRESUPUESTO DE FUNCIONAMIENTO.,SECCION: 1713 INSTITUTO COLOMBIANO DE DESARROLLO RURAL – INCODER A. PRESUPUESTO DE FUNCIONAMIENTO.,,SECCION: 1713 INSTITUTO COLOMBIANO DE DESARROLLO RURAL – INCODER A. PRESUPUESTO DE FUNCIONAMIENTO.,SECCION: 1713 INSTITUTO COLOMBIANO DE DESARROLLO RURAL – INCODER A. PRESUPUESTO DE FUNCIONAMIENTO.,33884500000.0,,unit,COP,unclear,review,0.6,docx_parser,docx_table,"Parsed from table 0, row 0"
Colombia,2005,pdf_99bcb6e78208__2005_Ley_921_de_2004.txt,0,section_total,,SECCION: 2101 MINISTERIO DE MINAS Y ENERGIA A. PRESUPUESTO DE FUNCIONAMIENTO.,SECCION: 2101 MINISTERIO DE MINAS Y ENERGIA A. PRESUPUESTO DE FUNCIONAMIENTO.,,SECCION: 2101 MINISTERIO DE MINAS Y ENERGIA A. PRESUPUESTO DE FUNCIONAMIENTO.,SECCION: 2101 MINISTERIO DE MINAS Y ENERGIA A. PRESUPUESTO DE FUNCIONAMIENTO.,67726274700.0,,unit,COP,unclear,review,0.6,docx_parser,docx_table,"Parsed from table 0, row 0"
Colombia,2005,pdf_99bcb6e78208__2005_Ley_921_de_2004.txt,0,section_total,,SECCION: 2109 UNIDAD DE PLANEACION MINERO ENERGETICA – UPME A. PRESUPUESTO DE FUNCIONAMIENTO.,SECCION: 2109 UNIDAD DE PLANEACION MINERO ENERGETICA – UPME A. PRESUPUESTO DE FUNCIONAMIENTO.,,SECCION: 2109 UNIDAD DE PLANEACION MINERO ENERGETICA – UPME A. PRESUPUESTO DE FUNCIONAMIENTO.,SECCION: 2109 UNIDAD DE PLANEACION MINERO ENERGETICA – UPME A. PRESUPUESTO DE FUNCIONAMIENTO.,3607652479.0,,unit,COP,unclear,review,0.5,docx_parser,docx_table,"Parsed from table 0, row 0"
Colombia,2005,pdf_99bcb6e78208__2005_Ley_921_de_2004.txt,0,section_total,,SECCION: 2110 INSTITUTO DE PLANIFICACION Y PROMOCION DE SOLUCIONES ENERGETICAS – IPSE A. PRESUPUESTO DE FUNCIONAMIENTO.,SECCION: 2110 INSTITUTO DE PLANIFICACION Y PROMOCION DE SOLUCIONES ENERGETICAS – IPSE A. PRESUPUESTO DE FUNCIONAMIENTO.,,SECCION: 2110 INSTITUTO DE PLANIFICACION Y PROMOCION DE SOLUCIONES ENERGETICAS – IPSE A. PRESUPUESTO DE FUNCIONAMIENTO.,SECCION: 2110 INSTITUTO DE PLANIFICACION Y PROMOCION DE SOLUCIONES ENERGETICAS – IPSE A. PRESUPUESTO DE FUNCIONAMIENTO.,33555305439.0,,unit,COP,unclear,review,0.6,docx_parser,docx_table,"Parsed from table 0, row 0"
Colombia,2005,pdf_99bcb6e78208__2005_Ley_921_de_2004.txt,0,section_total,,SECCION: 2111 AGENCIA NACIONAL DE HIDROCARBUROS – ANH A. PRESUPUESTO DE FUNCIONAMIENTO.,SECCION: 2111 AGENCIA NACIONAL DE HIDROCARBUROS – ANH A. PRESUPUESTO DE FUNCIONAMIENTO.,,SECCION: 2111 AGENCIA NACIONAL DE HIDROCARBUROS – ANH A. PRESUPUESTO DE FUNCIONAMIENTO.,SECCION: 2111 AGENCIA NACIONAL DE HIDROCARBUROS – ANH A. PRESUPUESTO DE FUNCIONAMIENTO.,2017320908940.0,,unit,COP,unclear,review,0.6,docx_parser,docx_table,"Parsed from table 0, row 0"
Colombia,2005,pdf_99bcb6e78208__2005_Ley_921_de_2004.txt,0,section_total,,SECCION: 2201 MINISTERIO DE EDUCACION NACIONAL A. PRESUPUESTO DE FUNCIONAMIENTO.,SECCION: 2201 MINISTERIO DE EDUCACION NACIONAL A. PRESUPUESTO DE FUNCIONAMIENTO.,,SECCION: 2201 MINISTERIO DE EDUCACION NACIONAL A. PRESUPUESTO DE FUNCIONAMIENTO.,SECCION: 2201 MINISTERIO DE EDUCACION NACIONAL A. PRESUPUESTO DE FUNCIONAMIENTO.,11793740631781.0,,unit,COP,unclear,review,0.6,docx_parser,docx_table,"Parsed from table 0, row 0"
Colombia,2005,pdf_99bcb6e78208__2005_Ley_921_de_2004.txt,0,section_total,,SECCION: 2202 INSTITUTO COLOMBIANO PARA EL FOMENTO DE LA EDUCACION SUPERIOR (ICFES) A. PRESUPUESTO DE FUNCIONAMIENTO.,SECCION: 2202 INSTITUTO COLOMBIANO PARA EL FOMENTO DE LA EDUCACION SUPERIOR (ICFES) A. PRESUPUESTO DE FUNCIONAMIENTO.,,SECCION: 2202 INSTITUTO COLOMBIANO PARA EL FOMENTO DE LA EDUCACION SUPERIOR (ICFES) A. PRESUPUESTO DE FUNCIONAMIENTO.,SECCION: 2202 INSTITUTO COLOMBIANO PARA EL FOMENTO DE LA EDUCACION SUPERIOR (ICFES) A. PRESUPUESTO DE FUNCIONAMIENTO.,18714225173.0,,unit,COP,unclear,review,0.6,docx_parser,docx_table,"Parsed from table 0, row 0"
Colombia,2005,pdf_99bcb6e78208__2005_Ley_921_de_2004.txt,0,section_total,,SECCION: 2203 INSTITUTO COLOMBIANO DE CREDITO EDUCATIVO Y ESTUDIOS TECNICOS EN EL EXTERIOR (ICETEX) A. PRESUPUESTO DE FUNCIONAMIENTO.,SECCION: 2203 INSTITUTO COLOMBIANO DE CREDITO EDUCATIVO Y ESTUDIOS TECNICOS EN EL EXTERIOR (ICETEX) A. PRESUPUESTO DE FUNCIONAMIENTO.,,SECCION: 2203 INSTITUTO COLOMBIANO DE CREDITO EDUCATIVO Y ESTUDIOS TECNICOS EN EL EXTERIOR (ICETEX) A. PRESUPUESTO DE FUNCIONAMIENTO.,SECCION: 2203 INSTITUTO COLOMBIANO DE CREDITO EDUCATIVO Y ESTUDIOS TECNICOS EN EL EXTERIOR (ICETEX) A. PRESUPUESTO DE FUNCIONAMIENTO.,15325827160.0,,unit,COP,unclear,review,0.6,docx_parser,docx_table,"Parsed from table 0, row 0"
Colombia,2005,pdf_99bcb6e78208__2005_Ley_921_de_2004.txt,0,section_total,,SECCION: 2209 INSTITUTO NACIONAL PARA SORDOS (INSOR) A. PRESUPUESTO DE FUNCIONAMIENTO.,SECCION: 2209 INSTITUTO NACIONAL PARA SORDOS (INSOR) A. PRESUPUESTO DE FUNCIONAMIENTO.,,SECCION: 2209 INSTITUTO NACIONAL PARA SORDOS (INSOR) A. PRESUPUESTO DE FUNCIONAMIENTO.,SECCION: 2209 INSTITUTO NACIONAL PARA SORDOS (INSOR) A. PRESUPUESTO DE FUNCIONAMIENTO.,1842720595.0,,unit,COP,unclear,review,0.6,docx_parser,docx_table,"Parsed from table 0, row 0"
Colombia,2005,pdf_99bcb6e78208__2005_Ley_921_de_2004.txt,0,section_total,,SECCION: 2210 INSTITUTO NACIONAL PARA CIEGOS (INCI) A. PRESUPUESTO DE FUNCIONAMIENTO.,SECCION: 2210 INSTITUTO NACIONAL PARA CIEGOS (INCI) A. PRESUPUESTO DE FUNCIONAMIENTO.,,SECCION: 2210 INSTITUTO NACIONAL PARA CIEGOS (INCI) A. PRESUPUESTO DE FUNCIONAMIENTO.,SECCION: 2210 INSTITUTO NACIONAL PARA CIEGOS (INCI) A. PRESUPUESTO DE FUNCIONAMIENTO.,3103079630.0,,unit,COP,unclear,review,0.6,docx_parser,docx_table,"Parsed from table 0, row 0"
Colombia,2005,pdf_99bcb6e78208__2005_Ley_921_de_2004.txt,0,section_total,,SECCION: 2211 INSTITUTO TECNOLOGICO PASCUAL BRAVO – MEDELLIN A. PRESUPUESTO DE FUNCIONAMIENTO.,SECCION: 2211 INSTITUTO TECNOLOGICO PASCUAL BRAVO – MEDELLIN A. PRESUPUESTO DE FUNCIONAMIENTO.,,SECCION: 2211 INSTITUTO TECNOLOGICO PASCUAL BRAVO – MEDELLIN A. PRESUPUESTO DE FUNCIONAMIENTO.,SECCION: 2211 INSTITUTO TECNOLOGICO PASCUAL BRAVO – MEDELLIN A. PRESUPUESTO DE FUNCIONAMIENTO.,6986706878.0,,unit,COP,unclear,review,0.6,docx_parser,docx_table,"Parsed from table 0, row 0"
Colombia,2005,pdf_99bcb6e78208__2005_Ley_921_de_2004.txt,0,section_total,,SECCION: 2213 INSTITUTO COLOMBIANO DE LA PARTICIPACION “JORGE ELIECER GAITAN” EN LIQUIDACION A. PRESUPUESTO DE FUNCIONAMIENTO.,SECCION: 2213 INSTITUTO COLOMBIANO DE LA PARTICIPACION “JORGE ELIECER GAITAN” EN LIQUIDACION A. PRESUPUESTO DE FUNCIONAMIENTO.,,SECCION: 2213 INSTITUTO COLOMBIANO DE LA PARTICIPACION “JORGE ELIECER GAITAN” EN LIQUIDACION A. PRESUPUESTO DE FUNCIONAMIENTO.,SECCION: 2213 INSTITUTO COLOMBIANO DE LA PARTICIPACION “JORGE ELIECER GAITAN” EN LIQUIDACION A. PRESUPUESTO DE FUNCIONAMIENTO.,122139342.0,,unit,COP,unclear,review,0.6,docx_parser,docx_table,"Parsed from table 0, row 0"
Colombia,2005,pdf_99bcb6e78208__2005_Ley_921_de_2004.txt,0,section_total,,SECCION: 2226 UNIVERSIDAD NACIONAL ABIERTA Y A DISTANCIA – UNAD A. PRESUPUESTO DE FUNCIONAMIENTO.,SECCION: 2226 UNIVERSIDAD NACIONAL ABIERTA Y A DISTANCIA – UNAD A. PRESUPUESTO DE FUNCIONAMIENTO.,,SECCION: 2226 UNIVERSIDAD NACIONAL ABIERTA Y A DISTANCIA – UNAD A. PRESUPUESTO DE FUNCIONAMIENTO.,SECCION: 2226 UNIVERSIDAD NACIONAL ABIERTA Y A DISTANCIA – UNAD A. PRESUPUESTO DE FUNCIONAMIENTO.,17926189003.0,,unit,COP,unclear,review,0.6,docx_parser,docx_table,"Parsed from table 0, row 0"
Colombia,2005,pdf_99bcb6e78208__2005_Ley_921_de_2004.txt,0,section_total,,SECCION: 2227 COLEGIO BOYACA A. PRESUPUESTO DE FUNCIONAMIENTO.,SECCION: 2227 COLEGIO BOYACA A. PRESUPUESTO DE FUNCIONAMIENTO.,,SECCION: 2227 COLEGIO BOYACA A. PRESUPUESTO DE FUNCIONAMIENTO.,SECCION: 2227 COLEGIO BOYACA A. PRESUPUESTO DE FUNCIONAMIENTO.,4342869509.0,,unit,COP,unclear,review,0.6,docx_parser,docx_table,"Parsed from table 0, row 0"
Colombia,2005,pdf_99bcb6e78208__2005_Ley_921_de_2004.txt,0,section_total,,SECCION: 2230 COLEGIO MAYOR DE ANTIOQUIA A. PRESUPUESTO DE FUNCIONAMIENTO.,SECCION: 2230 COLEGIO MAYOR DE ANTIOQUIA A. PRESUPUESTO DE FUNCIONAMIENTO.,,SECCION: 2230 COLEGIO MAYOR DE ANTIOQUIA A. PRESUPUESTO DE FUNCIONAMIENTO.,SECCION: 2230 COLEGIO MAYOR DE ANTIOQUIA A. PRESUPUESTO DE FUNCIONAMIENTO.,3519270792.0,,unit,COP,unclear,review,0.5,docx_parser,docx_table,"Parsed from table 0, row 0"
Colombia,2005,pdf_99bcb6e78208__2005_Ley_921_de_2004.txt,0,section_total,,SECCION: 2231 COLEGIO MAYOR DE BOLIVAR A. PRESUPUESTO DE FUNCIONAMIENTO.,SECCION: 2231 COLEGIO MAYOR DE BOLIVAR A. PRESUPUESTO DE FUNCIONAMIENTO.,,SECCION: 2231 COLEGIO MAYOR DE BOLIVAR A. PRESUPUESTO DE FUNCIONAMIENTO.,SECCION: 2231 COLEGIO MAYOR DE BOLIVAR A. PRESUPUESTO DE FUNCIONAMIENTO.,2953987315.0,,unit,COP,unclear,review,0.6,docx_parser,docx_table,"Parsed from table 0, row 0"
Colombia,2005,pdf_99bcb6e78208__2005_Ley_921_de_2004.txt,0,section_total,,SECCION: 2232 COLEGIO MAYOR DEL CAUCA A. PRESUPUESTO DE FUNCIONAMIENTO.,SECCION: 2232 COLEGIO MAYOR DEL CAUCA A. PRESUPUESTO DE FUNCIONAMIENTO.,,SECCION: 2232 COLEGIO MAYOR DEL CAUCA A. PRESUPUESTO DE FUNCIONAMIENTO.,SECCION: 2232 COLEGIO MAYOR DEL CAUCA A. PRESUPUESTO DE FUNCIONAMIENTO.,2059204899.0,,unit,COP,unclear,review,0.6,docx_parser,docx_table,"Parsed from table 0, row 0"
Colombia,2005,pdf_99bcb6e78208__2005_Ley_921_de_2004.txt,0,section_total,,SECCION: 2234 INSTITUTO TECNICO CENTRAL A. PRESUPUESTO DE FUNCIONAMIENTO.,SECCION: 2234 INSTITUTO TECNICO CENTRAL A. PRESUPUESTO DE FUNCIONAMIENTO.,,SECCION: 2234 INSTITUTO TECNICO CENTRAL A. PRESUPUESTO DE FUNCIONAMIENTO.,SECCION: 2234 INSTITUTO TECNICO CENTRAL A. PRESUPUESTO DE FUNCIONAMIENTO.,5755107006.0,,unit,COP,unclear,review,0.5,docx_parser,docx_table,"Parsed from table 0, row 0"
Colombia,2005,pdf_99bcb6e78208__2005_Ley_921_de_2004.txt,0,section_total,,SECCION: 2235 INSTITUTO SUPERIOR DE EDUCACION RURAL DE PAMPLONA – ISER A. PRESUPUESTO DE FUNCIONAMIENTO.,SECCION: 2235 INSTITUTO SUPERIOR DE EDUCACION RURAL DE PAMPLONA – ISER A. PRESUPUESTO DE FUNCIONAMIENTO.,,SECCION: 2235 INSTITUTO SUPERIOR DE EDUCACION RURAL DE PAMPLONA – ISER A. PRESUPUESTO DE FUNCIONAMIENTO.,SECCION: 2235 INSTITUTO SUPERIOR DE EDUCACION RURAL DE PAMPLONA – ISER A. PRESUPUESTO DE FUNCIONAMIENTO.,2452741084.0,,unit,COP,unclear,review,0.6,docx_parser,docx_table,"Parsed from table 0, row 0"
Colombia,2005,pdf_99bcb6e78208__2005_Ley_921_de_2004.txt,0,section_total,,SECCION: 2237 INSTITUTO NACIONAL DE FORMACION TECNICA PROFESIONAL DE CIENAGA A. PRESUPUESTO DE FUNCIONAMIENTO.,SECCION: 2237 INSTITUTO NACIONAL DE FORMACION TECNICA PROFESIONAL DE CIENAGA A. PRESUPUESTO DE FUNCIONAMIENTO.,,SECCION: 2237 INSTITUTO NACIONAL DE FORMACION TECNICA PROFESIONAL DE CIENAGA A. PRESUPUESTO DE FUNCIONAMIENTO.,SECCION: 2237 INSTITUTO NACIONAL DE FORMACION TECNICA PROFESIONAL DE CIENAGA A. PRESUPUESTO DE FUNCIONAMIENTO.,1736399189.0,,unit,COP,unclear,review,0.6,docx_parser,docx_table,"Parsed from table 0, row 0"
Colombia,2005,pdf_99bcb6e78208__2005_Ley_921_de_2004.txt,0,section_total,,SECCION: 2238 INSTITUTO NACIONAL DE FORMACION TECNICA PROFESIONAL DE SAN ANDRES Y PROVIDENCIA A. PRESUPUESTO DE FUNCIONAMIENTO.,SECCION: 2238 INSTITUTO NACIONAL DE FORMACION TECNICA PROFESIONAL DE SAN ANDRES Y PROVIDENCIA A. PRESUPUESTO DE FUNCIONAMIENTO.,,SECCION: 2238 INSTITUTO NACIONAL DE FORMACION TECNICA PROFESIONAL DE SAN ANDRES Y PROVIDENCIA A. PRESUPUESTO DE FUNCIONAMIENTO.,SECCION: 2238 INSTITUTO NACIONAL DE FORMACION TECNICA PROFESIONAL DE SAN ANDRES Y PROVIDENCIA A. PRESUPUESTO DE FUNCIONAMIENTO.,896423201.0,,unit,COP,unclear,review,0.6,docx_parser,docx_table,"Parsed from table 0, row 0"
Colombia,2005,pdf_99bcb6e78208__2005_Ley_921_de_2004.txt,0,section_total,,SECCION: 2239 INSTITUTO NACIONAL DE FORMACION TECNICA PROFESIONAL DE SAN JUAN DEL CESAR A. PRESUPUESTO DE FUNCIONAMIENTO.,SECCION: 2239 INSTITUTO NACIONAL DE FORMACION TECNICA PROFESIONAL DE SAN JUAN DEL CESAR A. PRESUPUESTO DE FUNCIONAMIENTO.,,SECCION: 2239 INSTITUTO NACIONAL DE FORMACION TECNICA PROFESIONAL DE SAN JUAN DEL CESAR A. PRESUPUESTO DE FUNCIONAMIENTO.,SECCION: 2239 INSTITUTO NACIONAL DE FORMACION TECNICA PROFESIONAL DE SAN JUAN DEL CESAR A. PRESUPUESTO DE FUNCIONAMIENTO.,1644675744.0,,unit,COP,unclear,review,0.6,docx_parser,docx_table,"Parsed from table 0, row 0"
Colombia,2005,pdf_99bcb6e78208__2005_Ley_921_de_2004.txt,0,section_total,,SECCION: 2240 INSTITUTO TECNICO AGRICOLA - ITA - DE BUGA A. PRESUPUESTO DE FUNCIONAMIENTO.,SECCION: 2240 INSTITUTO TECNICO AGRICOLA - ITA - DE BUGA A. PRESUPUESTO DE FUNCIONAMIENTO.,,SECCION: 2240 INSTITUTO TECNICO AGRICOLA - ITA - DE BUGA A. PRESUPUESTO DE FUNCIONAMIENTO.,SECCION: 2240 INSTITUTO TECNICO AGRICOLA - ITA - DE BUGA A. PRESUPUESTO DE FUNCIONAMIENTO.,1739028409.0,,unit,COP,unclear,review,0.6,docx_parser,docx_table,"Parsed from table 0, row 0"
Colombia,2005,pdf_99bcb6e78208__2005_Ley_921_de_2004.txt,0,section_total,,SECCION: 2241 INSTITUTO TOLIMENSE DE FORMACION TECNICA PROFESIONAL A. PRESUPUESTO DE FUNCIONAMIENTO.,SECCION: 2241 INSTITUTO TOLIMENSE DE FORMACION TECNICA PROFESIONAL A. PRESUPUESTO DE FUNCIONAMIENTO.,,SECCION: 2241 INSTITUTO TOLIMENSE DE FORMACION TECNICA PROFESIONAL A. PRESUPUESTO DE FUNCIONAMIENTO.,SECCION: 2241 INSTITUTO TOLIMENSE DE FORMACION TECNICA PROFESIONAL A. PRESUPUESTO DE FUNCIONAMIENTO.,4136127976.0,,unit,COP,unclear,review,0.6,docx_parser,docx_table,"Parsed from table 0, row 0"
Colombia,2005,pdf_99bcb6e78208__2005_Ley_921_de_2004.txt,0,section_total,,SECCION: 2242 INSTITUTO TECNICO NACIONAL DE COMERCIO “SIMON RODRIGUEZ” DE CALI A. PRESUPUESTO DE FUNCIONAMIENTO.,SECCION: 2242 INSTITUTO TECNICO NACIONAL DE COMERCIO “SIMON RODRIGUEZ” DE CALI A. PRESUPUESTO DE FUNCIONAMIENTO.,,SECCION: 2242 INSTITUTO TECNICO NACIONAL DE COMERCIO “SIMON RODRIGUEZ” DE CALI A. PRESUPUESTO DE FUNCIONAMIENTO.,SECCION: 2242 INSTITUTO TECNICO NACIONAL DE COMERCIO “SIMON RODRIGUEZ” DE CALI A. PRESUPUESTO DE FUNCIONAMIENTO.,2221987593.0,,unit,COP,unclear,review,0.6,docx_parser,docx_table,"Parsed from table 0, row 0"
Colombia,2005,pdf_99bcb6e78208__2005_Ley_921_de_2004.txt,0,section_total,,SECCION: 2243 COLEGIO INTEGRADO NACIONAL “ORIENTE DE CALDAS” A. PRESUPUESTO DE FUNCIONAMIENTO.,SECCION: 2243 COLEGIO INTEGRADO NACIONAL “ORIENTE DE CALDAS” A. PRESUPUESTO DE FUNCIONAMIENTO.,,SECCION: 2243 COLEGIO INTEGRADO NACIONAL “ORIENTE DE CALDAS” A. PRESUPUESTO DE FUNCIONAMIENTO.,SECCION: 2243 COLEGIO INTEGRADO NACIONAL “ORIENTE DE CALDAS” A. PRESUPUESTO DE FUNCIONAMIENTO.,1271607136.0,,unit,COP,unclear,review,0.5,docx_parser,docx_table,"Parsed from table 0, row 0"
Colombia,2005,pdf_99bcb6e78208__2005_Ley_921_de_2004.txt,0,section_total,,SECCION: 2244 INSTITUTO PARA EL DESARROLLO DE LA DEMOCRACIA “LUIS CARLOS GALAN SARMIENTO” EN LIQUIDACION A. PRESUPUESTO DE FUNCIONAMIENTO.,SECCION: 2244 INSTITUTO PARA EL DESARROLLO DE LA DEMOCRACIA “LUIS CARLOS GALAN SARMIENTO” EN LIQUIDACION A. PRESUPUESTO DE FUNCIONAMIENTO.,,SECCION: 2244 INSTITUTO PARA EL DESARROLLO DE LA DEMOCRACIA “LUIS CARLOS GALAN SARMIENTO” EN LIQUIDACION A. PRESUPUESTO DE FUNCIONAMIENTO.,SECCION: 2244 INSTITUTO PARA EL DESARROLLO DE LA DEMOCRACIA “LUIS CARLOS GALAN SARMIENTO” EN LIQUIDACION A. PRESUPUESTO DE FUNCIONAMIENTO.,200340401.0,,unit,COP,unclear,review,0.5,docx_parser,docx_table,"Parsed from table 0, row 0"
Colombia,2005,pdf_99bcb6e78208__2005_Ley_921_de_2004.txt,0,section_total,,SECCION: 2245 BIBLIOTECA PUBLICA PILOTO DE MEDELLIN PARA AMERICA LATINA A. PRESUPUESTO DE FUNCIONAMIENTO.,SECCION: 2245 BIBLIOTECA PUBLICA PILOTO DE MEDELLIN PARA AMERICA LATINA A. PRESUPUESTO DE FUNCIONAMIENTO.,,SECCION: 2245 BIBLIOTECA PUBLICA PILOTO DE MEDELLIN PARA AMERICA LATINA A. PRESUPUESTO DE FUNCIONAMIENTO.,SECCION: 2245 BIBLIOTECA PUBLICA PILOTO DE MEDELLIN PARA AMERICA LATINA A. PRESUPUESTO DE FUNCIONAMIENTO.,1206008305.0,,unit,COP,unclear,review,0.6,docx_parser,docx_table,"Parsed from table 0, row 0"
Colombia,2005,pdf_99bcb6e78208__2005_Ley_921_de_2004.txt,0,section_total,,SECCION: 2252 INSTITUTO TECNOLOGICO DEL PUTUMAYO A. PRESUPUESTO DE FUNCIONAMIENTO.,SECCION: 2252 INSTITUTO TECNOLOGICO DEL PUTUMAYO A. PRESUPUESTO DE FUNCIONAMIENTO.,,SECCION: 2252 INSTITUTO TECNOLOGICO DEL PUTUMAYO A. PRESUPUESTO DE FUNCIONAMIENTO.,SECCION: 2252 INSTITUTO TECNOLOGICO DEL PUTUMAYO A. PRESUPUESTO DE FUNCIONAMIENTO.,1384957481.0,,unit,COP,unclear,review,0.6,docx_parser,docx_table,"Parsed from table 0, row 0"
Colombia,2005,pdf_99bcb6e78208__2005_Ley_921_de_2004.txt,0,section_total,,SECCION: 2254 INSTITUTO TECNOLOGICO DE SOLEDAD - ATLANTICO ITSA A. PRESUPUESTO DE FUNCIONAMIENTO.,SECCION: 2254 INSTITUTO TECNOLOGICO DE SOLEDAD - ATLANTICO ITSA A. PRESUPUESTO DE FUNCIONAMIENTO.,,SECCION: 2254 INSTITUTO TECNOLOGICO DE SOLEDAD - ATLANTICO ITSA A. PRESUPUESTO DE FUNCIONAMIENTO.,SECCION: 2254 INSTITUTO TECNOLOGICO DE SOLEDAD - ATLANTICO ITSA A. PRESUPUESTO DE FUNCIONAMIENTO.,2594578217.0,,unit,COP,unclear,review,0.6,docx_parser,docx_table,"Parsed from table 0, row 0"
Colombia,2005,pdf_99bcb6e78208__2005_Ley_921_de_2004.txt,0,section_total,,SECCION: 2301 MINISTERIO DE COMUNICACIONES A. PRESUPUESTO DE FUNCIONAMIENTO.,SECCION: 2301 MINISTERIO DE COMUNICACIONES A. PRESUPUESTO DE FUNCIONAMIENTO.,,SECCION: 2301 MINISTERIO DE COMUNICACIONES A. PRESUPUESTO DE FUNCIONAMIENTO.,SECCION: 2301 MINISTERIO DE COMUNICACIONES A. PRESUPUESTO DE FUNCIONAMIENTO.,42039300000.0,,unit,COP,unclear,review,0.6,docx_parser,docx_table,"Parsed from table 0, row 0"
Colombia,2005,pdf_99bcb6e78208__2005_Ley_921_de_2004.txt,0,section_total,,SECCION: 2306 FONDO DE COMUNICACIONES A. PRESUPUESTO DE FUNCIONAMIENTO.,SECCION: 2306 FONDO DE COMUNICACIONES A. PRESUPUESTO DE FUNCIONAMIENTO.,,SECCION: 2306 FONDO DE COMUNICACIONES A. PRESUPUESTO DE FUNCIONAMIENTO.,SECCION: 2306 FONDO DE COMUNICACIONES A. PRESUPUESTO DE FUNCIONAMIENTO.,8094000000.0,,unit,COP,unclear,review,0.6,docx_parser,docx_table,"Parsed from table 0, row 0"
Colombia,2005,pdf_99bcb6e78208__2005_Ley_921_de_2004.txt,0,section_total,,SECCION: 2307 COMISION NACIONAL DE TELEVISION A. PRESUPUESTO DE FUNCIONAMIENTO.,SECCION: 2307 COMISION NACIONAL DE TELEVISION A. PRESUPUESTO DE FUNCIONAMIENTO.,,SECCION: 2307 COMISION NACIONAL DE TELEVISION A. PRESUPUESTO DE FUNCIONAMIENTO.,SECCION: 2307 COMISION NACIONAL DE TELEVISION A. PRESUPUESTO DE FUNCIONAMIENTO.,104684100000.0,,unit,COP,unclear,review,0.6,docx_parser,docx_table,"Parsed from table 0, row 0"
Colombia,2005,pdf_99bcb6e78208__2005_Ley_921_de_2004.txt,0,section_total,,SECCION: 2401 MINISTERIO DE TRANSPORTE A. PRESUPUESTO DE FUNCIONAMIENTO.,SECCION: 2401 MINISTERIO DE TRANSPORTE A. PRESUPUESTO DE FUNCIONAMIENTO.,,SECCION: 2401 MINISTERIO DE TRANSPORTE A. PRESUPUESTO DE FUNCIONAMIENTO.,SECCION: 2401 MINISTERIO DE TRANSPORTE A. PRESUPUESTO DE FUNCIONAMIENTO.,100714900000.0,,unit,COP,unclear,review,0.6,docx_parser,docx_table,"Parsed from table 0, row 0"
Colombia,2005,pdf_99bcb6e78208__2005_Ley_921_de_2004.txt,0,section_total,,SECCION: 2402 INSTITUTO NACIONAL DE VIAS A. PRESUPUESTO DE FUNCIONAMIENTO.,SECCION: 2402 INSTITUTO NACIONAL DE VIAS A. PRESUPUESTO DE FUNCIONAMIENTO.,,SECCION: 2402 INSTITUTO NACIONAL DE VIAS A. PRESUPUESTO DE FUNCIONAMIENTO.,SECCION: 2402 INSTITUTO NACIONAL DE VIAS A. PRESUPUESTO DE FUNCIONAMIENTO.,65157900000.0,,unit,COP,unclear,review,0.6,docx_parser,docx_table,"Parsed from table 0, row 0"
Colombia,2005,pdf_99bcb6e78208__2005_Ley_921_de_2004.txt,0,section_total,,SECCION: 2403 FONDO NACIONAL DE CAMINOS VECINALES EN LIQUIDACION A. PRESUPUESTO DE FUNCIONAMIENTO.,SECCION: 2403 FONDO NACIONAL DE CAMINOS VECINALES EN LIQUIDACION A. PRESUPUESTO DE FUNCIONAMIENTO.,,SECCION: 2403 FONDO NACIONAL DE CAMINOS VECINALES EN LIQUIDACION A. PRESUPUESTO DE FUNCIONAMIENTO.,SECCION: 2403 FONDO NACIONAL DE CAMINOS VECINALES EN LIQUIDACION A. PRESUPUESTO DE FUNCIONAMIENTO.,3943720000.0,,unit,COP,unclear,review,0.5,docx_parser,docx_table,"Parsed from table 0, row 0"
Colombia,2005,pdf_99bcb6e78208__2005_Ley_921_de_2004.txt,0,section_total,,SECCION: 2412 UNIDAD ADMINISTRATIVA ESPECIAL DE LA AERONAUTICA CIVIL A. PRESUPUESTO DE FUNCIONAMIENTO.,SECCION: 2412 UNIDAD ADMINISTRATIVA ESPECIAL DE LA AERONAUTICA CIVIL A. PRESUPUESTO DE FUNCIONAMIENTO.,,SECCION: 2412 UNIDAD ADMINISTRATIVA ESPECIAL DE LA AERONAUTICA CIVIL A. PRESUPUESTO DE FUNCIONAMIENTO.,SECCION: 2412 UNIDAD ADMINISTRATIVA ESPECIAL DE LA AERONAUTICA CIVIL A. PRESUPUESTO DE FUNCIONAMIENTO.,181918189603.0,,unit,COP,unclear,review,0.6,docx_parser,docx_table,"Parsed from table 0, row 0"
Colombia,2005,pdf_99bcb6e78208__2005_Ley_921_de_2004.txt,0,section_total,,SECCION: 2413 INSTITUTO NACIONAL DE CONCESIONES – INCO A. PRESUPUESTO DE FUNCIONAMIENTO.,SECCION: 2413 INSTITUTO NACIONAL DE CONCESIONES – INCO A. PRESUPUESTO DE FUNCIONAMIENTO.,,SECCION: 2413 INSTITUTO NACIONAL DE CONCESIONES – INCO A. PRESUPUESTO DE FUNCIONAMIENTO.,SECCION: 2413 INSTITUTO NACIONAL DE CONCESIONES – INCO A. PRESUPUESTO DE FUNCIONAMIENTO.,7374700000.0,,unit,COP,unclear,review,0.6,docx_parser,docx_table,"Parsed from table 0, row 0"
Colombia,2005,pdf_99bcb6e78208__2005_Ley_921_de_2004.txt,0,section_total,,SECCION: 2501 MINISTERIO PUBLICO A. PRESUPUESTO DE FUNCIONAMIENTO.,SECCION: 2501 MINISTERIO PUBLICO A. PRESUPUESTO DE FUNCIONAMIENTO.,,SECCION: 2501 MINISTERIO PUBLICO A. PRESUPUESTO DE FUNCIONAMIENTO.,SECCION: 2501 MINISTERIO PUBLICO A. PRESUPUESTO DE FUNCIONAMIENTO.,184403965254.0,,unit,COP,unclear,review,0.6,docx_parser,docx_table,"Parsed from table 0, row 0"
Colombia,2005,pdf_99bcb6e78208__2005_Ley_921_de_2004.txt,0,section_total,,SECCION: 2502 DEFENSORIA DEL PUEBLO A. PRESUPUESTO DE FUNCIONAMIENTO.,SECCION: 2502 DEFENSORIA DEL PUEBLO A. PRESUPUESTO DE FUNCIONAMIENTO.,,SECCION: 2502 DEFENSORIA DEL PUEBLO A. PRESUPUESTO DE FUNCIONAMIENTO.,SECCION: 2502 DEFENSORIA DEL PUEBLO A. PRESUPUESTO DE FUNCIONAMIENTO.,61410720647.0,,unit,COP,unclear,review,0.6,docx_parser,docx_table,"Parsed from table 0, row 0"
Colombia,2005,pdf_99bcb6e78208__2005_Ley_921_de_2004.txt,0,section_total,,SECCION: 2601 CONTRALORIA GENERAL DE LA REPUBLICA A. PRESUPUESTO DE FUNCIONAMIENTO.,SECCION: 2601 CONTRALORIA GENERAL DE LA REPUBLICA A. PRESUPUESTO DE FUNCIONAMIENTO.,,SECCION: 2601 CONTRALORIA GENERAL DE LA REPUBLICA A. PRESUPUESTO DE FUNCIONAMIENTO.,SECCION: 2601 CONTRALORIA GENERAL DE LA REPUBLICA A. PRESUPUESTO DE FUNCIONAMIENTO.,163936317747.0,,unit,COP,unclear,review,0.6,docx_parser,docx_table,"Parsed from table 0, row 0"
Colombia,2005,pdf_99bcb6e78208__2005_Ley_921_de_2004.txt,0,section_total,,SECCION: 2701 RAMA JUDICIAL A. PRESUPUESTO DE FUNCIONAMIENTO.,SECCION: 2701 RAMA JUDICIAL A. PRESUPUESTO DE FUNCIONAMIENTO.,,SECCION: 2701 RAMA JUDICIAL A. PRESUPUESTO DE FUNCIONAMIENTO.,SECCION: 2701 RAMA JUDICIAL A. PRESUPUESTO DE FUNCIONAMIENTO.,860046584590.0,,unit,COP,unclear,review,0.6,docx_parser,docx_table,"Parsed from table 0, row 0"
Colombia,2005,pdf_99bcb6e78208__2005_Ley_921_de_2004.txt,0,section_total,,SECCION: 2801 REGISTRADURIA NACIONAL DEL ESTADO CIVIL A. PRESUPUESTO DE FUNCIONAMIENTO.,SECCION: 2801 REGISTRADURIA NACIONAL DEL ESTADO CIVIL A. PRESUPUESTO DE FUNCIONAMIENTO.,,SECCION: 2801 REGISTRADURIA NACIONAL DEL ESTADO CIVIL A. PRESUPUESTO DE FUNCIONAMIENTO.,SECCION: 2801 REGISTRADURIA NACIONAL DEL ESTADO CIVIL A. PRESUPUESTO DE FUNCIONAMIENTO.,122890977129.0,,unit,COP,unclear,review,0.6,docx_parser,docx_table,"Parsed from table 0, row 0"
Colombia,2005,pdf_99bcb6e78208__2005_Ley_921_de_2004.txt,0,section_total,,SECCION: 2901 FISCALIA GENERAL DE LA NACION A. PRESUPUESTO DE FUNCIONAMIENTO.,SECCION: 2901 FISCALIA GENERAL DE LA NACION A. PRESUPUESTO DE FUNCIONAMIENTO.,,SECCION: 2901 FISCALIA GENERAL DE LA NACION A. PRESUPUESTO DE FUNCIONAMIENTO.,SECCION: 2901 FISCALIA GENERAL DE LA NACION A. PRESUPUESTO DE FUNCIONAMIENTO.,674005422400.0,,unit,COP,unclear,review,0.6,docx_parser,docx_table,"Parsed from table 0, row 0"
Colombia,2005,pdf_99bcb6e78208__2005_Ley_921_de_2004.txt,0,section_total,,SECCION: 2902 INSTITUTO NACIONAL DE MEDICINA LEGAL Y CIENCIAS FORENSES A. PRESUPUESTO DE FUNCIONAMIENTO.,SECCION: 2902 INSTITUTO NACIONAL DE MEDICINA LEGAL Y CIENCIAS FORENSES A. PRESUPUESTO DE FUNCIONAMIENTO.,,SECCION: 2902 INSTITUTO NACIONAL DE MEDICINA LEGAL Y CIENCIAS FORENSES A. PRESUPUESTO DE FUNCIONAMIENTO.,SECCION: 2902 INSTITUTO NACIONAL DE MEDICINA LEGAL Y CIENCIAS FORENSES A. PRESUPUESTO DE FUNCIONAMIENTO.,48325490154.0,,unit,COP,unclear,review,0.6,docx_parser,docx_table,"Parsed from table 0, row 0"
Colombia,2005,pdf_99bcb6e78208__2005_Ley_921_de_2004.txt,0,section_total,,"SECCION: 3201 MINISTERIO DE AMBIENTE, VIVIENDA Y DESARROLLO TERRITORIAL A. PRESUPUESTO DE FUNCIONAMIENTO.","SECCION: 3201 MINISTERIO DE AMBIENTE, VIVIENDA Y DESARROLLO TERRITORIAL A. PRESUPUESTO DE FUNCIONAMIENTO.",,"SECCION: 3201 MINISTERIO DE AMBIENTE, VIVIENDA Y DESARROLLO TERRITORIAL A. PRESUPUESTO DE FUNCIONAMIENTO.","SECCION: 3201 MINISTERIO DE AMBIENTE, VIVIENDA Y DESARROLLO TERRITORIAL A. PRESUPUESTO DE FUNCIONAMIENTO.",59910049988.0,,unit,COP,unclear,review,0.6,docx_parser,docx_table,"Parsed from table 0, row 0"
Colombia,2005,pdf_99bcb6e78208__2005_Ley_921_de_2004.txt,0,section_total,,"SECCION: 3202 INSTITUTO DE HIDROLOGIA, METEOROLOGIA Y ESTUDIOS AMBIENTALES- IDEAM A. PRESUPUESTO DE FUNCIONAMIENTO.","SECCION: 3202 INSTITUTO DE HIDROLOGIA, METEOROLOGIA Y ESTUDIOS AMBIENTALES- IDEAM A. PRESUPUESTO DE FUNCIONAMIENTO.",,"SECCION: 3202 INSTITUTO DE HIDROLOGIA, METEOROLOGIA Y ESTUDIOS AMBIENTALES- IDEAM A. PRESUPUESTO DE FUNCIONAMIENTO.","SECCION: 3202 INSTITUTO DE HIDROLOGIA, METEOROLOGIA Y ESTUDIOS AMBIENTALES- IDEAM A. PRESUPUESTO DE FUNCIONAMIENTO.",22517146961.0,,unit,COP,unclear,review,0.6,docx_parser,docx_table,"Parsed from table 0, row 0"
Colombia,2005,pdf_99bcb6e78208__2005_Ley_921_de_2004.txt,0,section_total,,SECCION: 3204 FONDO NACIONAL AMBIENTAL C. PRESUPUESTO DE INVERSION.,SECCION: 3204 FONDO NACIONAL AMBIENTAL C. PRESUPUESTO DE INVERSION.,,SECCION: 3204 FONDO NACIONAL AMBIENTAL C. PRESUPUESTO DE INVERSION.,SECCION: 3204 FONDO NACIONAL AMBIENTAL C. PRESUPUESTO DE INVERSION.,19310000000.0,,unit,COP,science_agency,include,0.9,docx_parser,docx_table,"Parsed from table 0, row 0"
Colombia,2005,pdf_99bcb6e78208__2005_Ley_921_de_2004.txt,0,section_total,,SECCION: 3208 CORPORACION AUTONOMA REGIONAL DE LOS VALLES DEL SINU Y SAN JORGE (CVS) A. PRESUPUESTO DE FUNCIONAMIENTO.,SECCION: 3208 CORPORACION AUTONOMA REGIONAL DE LOS VALLES DEL SINU Y SAN JORGE (CVS) A. PRESUPUESTO DE FUNCIONAMIENTO.,,SECCION: 3208 CORPORACION AUTONOMA REGIONAL DE LOS VALLES DEL SINU Y SAN JORGE (CVS) A. PRESUPUESTO DE FUNCIONAMIENTO.,SECCION: 3208 CORPORACION AUTONOMA REGIONAL DE LOS VALLES DEL SINU Y SAN JORGE (CVS) A. PRESUPUESTO DE FUNCIONAMIENTO.,113875315.0,,unit,COP,unclear,review,0.6,docx_parser,docx_table,"Parsed from table 0, row 0"
Colombia,2005,pdf_99bcb6e78208__2005_Ley_921_de_2004.txt,0,section_total,,SECCION: 3209 CORPORACION AUTONOMA REGIONAL DEL QUINDIO (CRQ) A. PRESUPUESTO DE FUNCIONAMIENTO.,SECCION: 3209 CORPORACION AUTONOMA REGIONAL DEL QUINDIO (CRQ) A. PRESUPUESTO DE FUNCIONAMIENTO.,,SECCION: 3209 CORPORACION AUTONOMA REGIONAL DEL QUINDIO (CRQ) A. PRESUPUESTO DE FUNCIONAMIENTO.,SECCION: 3209 CORPORACION AUTONOMA REGIONAL DEL QUINDIO (CRQ) A. PRESUPUESTO DE FUNCIONAMIENTO.,2802412617.0,,unit,COP,unclear,review,0.6,docx_parser,docx_table,"Parsed from table 0, row 0"
Colombia,2005,pdf_99bcb6e78208__2005_Ley_921_de_2004.txt,0,section_total,,SECCION: 3210 CORPORACION PARA EL DESARROLLO SOSTENIBLE DEL URABA – CORPOURABA A. PRESUPUESTO DE FUNCIONAMIENTO.,SECCION: 3210 CORPORACION PARA EL DESARROLLO SOSTENIBLE DEL URABA – CORPOURABA A. PRESUPUESTO DE FUNCIONAMIENTO.,,SECCION: 3210 CORPORACION PARA EL DESARROLLO SOSTENIBLE DEL URABA – CORPOURABA A. PRESUPUESTO DE FUNCIONAMIENTO.,SECCION: 3210 CORPORACION PARA EL DESARROLLO SOSTENIBLE DEL URABA – CORPOURABA A. PRESUPUESTO DE FUNCIONAMIENTO.,1949599554.0,,unit,COP,unclear,review,0.6,docx_parser,docx_table,"Parsed from table 0, row 0"
Colombia,2005,pdf_99bcb6e78208__2005_Ley_921_de_2004.txt,0,section_total,,SECCION: 3211 CORPORACION AUTONOMA REGIONAL DE CALDAS (CORPOCALDAS) A. PRESUPUESTO DE FUNCIONAMIENTO.,SECCION: 3211 CORPORACION AUTONOMA REGIONAL DE CALDAS (CORPOCALDAS) A. PRESUPUESTO DE FUNCIONAMIENTO.,,SECCION: 3211 CORPORACION AUTONOMA REGIONAL DE CALDAS (CORPOCALDAS) A. PRESUPUESTO DE FUNCIONAMIENTO.,SECCION: 3211 CORPORACION AUTONOMA REGIONAL DE CALDAS (CORPOCALDAS) A. PRESUPUESTO DE FUNCIONAMIENTO.,1866582535.0,,unit,COP,unclear,review,0.6,docx_parser,docx_table,"Parsed from table 0, row 0"
Colombia,2005,pdf_99bcb6e78208__2005_Ley_921_de_2004.txt,0,section_total,,SECCION: 3212 CORPORACION AUTONOMA REGIONAL PARA EL DESARROLLO SOSTENIBLE DEL CHOCO – CODECHOCO A. PRESUPUESTO DE FUNCIONAMIENTO.,SECCION: 3212 CORPORACION AUTONOMA REGIONAL PARA EL DESARROLLO SOSTENIBLE DEL CHOCO – CODECHOCO A. PRESUPUESTO DE FUNCIONAMIENTO.,,SECCION: 3212 CORPORACION AUTONOMA REGIONAL PARA EL DESARROLLO SOSTENIBLE DEL CHOCO – CODECHOCO A. PRESUPUESTO DE FUNCIONAMIENTO.,SECCION: 3212 CORPORACION AUTONOMA REGIONAL PARA EL DESARROLLO SOSTENIBLE DEL CHOCO – CODECHOCO A. PRESUPUESTO DE FUNCIONAMIENTO.,954795886.0,,unit,COP,unclear,review,0.6,docx_parser,docx_table,"Parsed from table 0, row 0"
Colombia,2005,pdf_99bcb6e78208__2005_Ley_921_de_2004.txt,0,section_total,,SECCION: 3214 CORPORACION AUTONOMA REGIONAL DEL TOLIMA (CORTOLIMA) A. PRESUPUESTO DE FUNCIONAMIENTO.,SECCION: 3214 CORPORACION AUTONOMA REGIONAL DEL TOLIMA (CORTOLIMA) A. PRESUPUESTO DE FUNCIONAMIENTO.,,SECCION: 3214 CORPORACION AUTONOMA REGIONAL DEL TOLIMA (CORTOLIMA) A. PRESUPUESTO DE FUNCIONAMIENTO.,SECCION: 3214 CORPORACION AUTONOMA REGIONAL DEL TOLIMA (CORTOLIMA) A. PRESUPUESTO DE FUNCIONAMIENTO.,1088368112.0,,unit,COP,unclear,review,0.6,docx_parser,docx_table,"Parsed from table 0, row 0"
Colombia,2005,pdf_99bcb6e78208__2005_Ley_921_de_2004.txt,0,section_total,,SECCION: 3215 CORPORACION AUTONOMA REGIONAL DE RISARALDA (CARDER) A. PRESUPUESTO DE FUNCIONAMIENTO.,SECCION: 3215 CORPORACION AUTONOMA REGIONAL DE RISARALDA (CARDER) A. PRESUPUESTO DE FUNCIONAMIENTO.,,SECCION: 3215 CORPORACION AUTONOMA REGIONAL DE RISARALDA (CARDER) A. PRESUPUESTO DE FUNCIONAMIENTO.,SECCION: 3215 CORPORACION AUTONOMA REGIONAL DE RISARALDA (CARDER) A. PRESUPUESTO DE FUNCIONAMIENTO.,1358504133.0,,unit,COP,unclear,review,0.6,docx_parser,docx_table,"Parsed from table 0, row 0"
Colombia,2005,pdf_99bcb6e78208__2005_Ley_921_de_2004.txt,0,section_total,,SECCION: 3216 CORPORACION AUTONOMA REGIONAL DE NARINO (CORPONARINO) A. PRESUPUESTO DE FUNCIONAMIENTO.,SECCION: 3216 CORPORACION AUTONOMA REGIONAL DE NARINO (CORPONARINO) A. PRESUPUESTO DE FUNCIONAMIENTO.,,SECCION: 3216 CORPORACION AUTONOMA REGIONAL DE NARINO (CORPONARINO) A. PRESUPUESTO DE FUNCIONAMIENTO.,SECCION: 3216 CORPORACION AUTONOMA REGIONAL DE NARINO (CORPONARINO) A. PRESUPUESTO DE FUNCIONAMIENTO.,974427655.0,,unit,COP,unclear,review,0.6,docx_parser,docx_table,"Parsed from table 0, row 0"
Colombia,2005,pdf_99bcb6e78208__2005_Ley_921_de_2004.txt,0,section_total,,SECCION: 3217 CORPORACION AUTONOMA REGIONAL DE LA FRONTERA NORORIENTAL (CORPONOR) A. PRESUPUESTO DE FUNCIONAMIENTO.,SECCION: 3217 CORPORACION AUTONOMA REGIONAL DE LA FRONTERA NORORIENTAL (CORPONOR) A. PRESUPUESTO DE FUNCIONAMIENTO.,,SECCION: 3217 CORPORACION AUTONOMA REGIONAL DE LA FRONTERA NORORIENTAL (CORPONOR) A. PRESUPUESTO DE FUNCIONAMIENTO.,SECCION: 3217 CORPORACION AUTONOMA REGIONAL DE LA FRONTERA NORORIENTAL (CORPONOR) A. PRESUPUESTO DE FUNCIONAMIENTO.,1498236192.0,,unit,COP,unclear,review,0.6,docx_parser,docx_table,"Parsed from table 0, row 0"
Colombia,2005,pdf_99bcb6e78208__2005_Ley_921_de_2004.txt,0,section_total,,SECCION: 3219 CORPORACION AUTONOMA REGIONAL DEL CESAR (CORPOCESAR) A. PRESUPUESTO DE FUNCIONAMIENTO.,SECCION: 3219 CORPORACION AUTONOMA REGIONAL DEL CESAR (CORPOCESAR) A. PRESUPUESTO DE FUNCIONAMIENTO.,,SECCION: 3219 CORPORACION AUTONOMA REGIONAL DEL CESAR (CORPOCESAR) A. PRESUPUESTO DE FUNCIONAMIENTO.,SECCION: 3219 CORPORACION AUTONOMA REGIONAL DEL CESAR (CORPOCESAR) A. PRESUPUESTO DE FUNCIONAMIENTO.,1567654790.0,,unit,COP,unclear,review,0.6,docx_parser,docx_table,"Parsed from table 0, row 0"
Colombia,2005,pdf_99bcb6e78208__2005_Ley_921_de_2004.txt,0,section_total,,SECCION: 3221 CORPORACION AUTONOMA REGIONAL DEL CAUCA (CRC) A. PRESUPUESTO DE FUNCIONAMIENTO.,SECCION: 3221 CORPORACION AUTONOMA REGIONAL DEL CAUCA (CRC) A. PRESUPUESTO DE FUNCIONAMIENTO.,,SECCION: 3221 CORPORACION AUTONOMA REGIONAL DEL CAUCA (CRC) A. PRESUPUESTO DE FUNCIONAMIENTO.,SECCION: 3221 CORPORACION AUTONOMA REGIONAL DEL CAUCA (CRC) A. PRESUPUESTO DE FUNCIONAMIENTO.,2909866984.0,,unit,COP,unclear,review,0.6,docx_parser,docx_table,"Parsed from table 0, row 0"
Colombia,2005,pdf_99bcb6e78208__2005_Ley_921_de_2004.txt,0,section_total,,SECCION: 3222 CORPORACION AUTONOMA REGIONAL DEL MAGDALENA (CORPAMAG) A. PRESUPUESTO DE FUNCIONAMIENTO.,SECCION: 3222 CORPORACION AUTONOMA REGIONAL DEL MAGDALENA (CORPAMAG) A. PRESUPUESTO DE FUNCIONAMIENTO.,,SECCION: 3222 CORPORACION AUTONOMA REGIONAL DEL MAGDALENA (CORPAMAG) A. PRESUPUESTO DE FUNCIONAMIENTO.,SECCION: 3222 CORPORACION AUTONOMA REGIONAL DEL MAGDALENA (CORPAMAG) A. PRESUPUESTO DE FUNCIONAMIENTO.,1914260018.0,,unit,COP,unclear,review,0.6,docx_parser,docx_table,"Parsed from table 0, row 0"
Colombia,2005,pdf_99bcb6e78208__2005_Ley_921_de_2004.txt,0,section_total,,SECCION: 3223 CORPORACION PARA EL DESARROLLO SOSTENIBLE DEL SUR DE LA AMAZONIA – CORPOAMAZONIA A. PRESUPUESTO DE FUNCIONAMIENTO.,SECCION: 3223 CORPORACION PARA EL DESARROLLO SOSTENIBLE DEL SUR DE LA AMAZONIA – CORPOAMAZONIA A. PRESUPUESTO DE FUNCIONAMIENTO.,,SECCION: 3223 CORPORACION PARA EL DESARROLLO SOSTENIBLE DEL SUR DE LA AMAZONIA – CORPOAMAZONIA A. PRESUPUESTO DE FUNCIONAMIENTO.,SECCION: 3223 CORPORACION PARA EL DESARROLLO SOSTENIBLE DEL SUR DE LA AMAZONIA – CORPOAMAZONIA A. PRESUPUESTO DE FUNCIONAMIENTO.,1343482757.0,,unit,COP,unclear,review,0.6,docx_parser,docx_table,"Parsed from table 0, row 0"
Colombia,2005,pdf_99bcb6e78208__2005_Ley_921_de_2004.txt,0,section_total,,SECCION: 3224 CORPORACION PARA EL DESARROLLO SOSTENIBLE DEL NORTE Y ORIENTE DE LA AMAZONIA – CDA A. PRESUPUESTO DE FUNCIONAMIENTO.,SECCION: 3224 CORPORACION PARA EL DESARROLLO SOSTENIBLE DEL NORTE Y ORIENTE DE LA AMAZONIA – CDA A. PRESUPUESTO DE FUNCIONAMIENTO.,,SECCION: 3224 CORPORACION PARA EL DESARROLLO SOSTENIBLE DEL NORTE Y ORIENTE DE LA AMAZONIA – CDA A. PRESUPUESTO DE FUNCIONAMIENTO.,SECCION: 3224 CORPORACION PARA EL DESARROLLO SOSTENIBLE DEL NORTE Y ORIENTE DE LA AMAZONIA – CDA A. PRESUPUESTO DE FUNCIONAMIENTO.,1316318460.0,,unit,COP,unclear,review,0.6,docx_parser,docx_table,"Parsed from table 0, row 0"
Colombia,2005,pdf_99bcb6e78208__2005_Ley_921_de_2004.txt,0,section_total,,"SECCION: 3226 CORPORACION PARA EL DESARROLLO SOSTENIBLE DEL ARCHIPIELAGO DE SAN ANDRES, PROVIDENCIA Y SANTA CATALINA – CORALINA A. PRESUPUESTO DE FUNCIONAMIENTO.","SECCION: 3226 CORPORACION PARA EL DESARROLLO SOSTENIBLE DEL ARCHIPIELAGO DE SAN ANDRES, PROVIDENCIA Y SANTA CATALINA – CORALINA A. PRESUPUESTO DE FUNCIONAMIENTO.",,"SECCION: 3226 CORPORACION PARA EL DESARROLLO SOSTENIBLE DEL ARCHIPIELAGO DE SAN ANDRES, PROVIDENCIA Y SANTA CATALINA – CORALINA A. PRESUPUESTO DE FUNCIONAMIENTO.","SECCION: 3226 CORPORACION PARA EL DESARROLLO SOSTENIBLE DEL ARCHIPIELAGO DE SAN ANDRES, PROVIDENCIA Y SANTA CATALINA – CORALINA A. PRESUPUESTO DE FUNCIONAMIENTO.",1210065928.0,,unit,COP,science_agency,include,0.9,docx_parser,docx_table,"Parsed from table 0, row 0"
Colombia,2005,pdf_99bcb6e78208__2005_Ley_921_de_2004.txt,0,section_total,,SECCION: 3227 CORPORACION PARA EL DESARROLLO SOSTENIBLE DEL AREA DE MANEJO ESPECIAL LA MACARENA – CORMACARENA A. PRESUPUESTO DE FUNCIONAMIENTO.,SECCION: 3227 CORPORACION PARA EL DESARROLLO SOSTENIBLE DEL AREA DE MANEJO ESPECIAL LA MACARENA – CORMACARENA A. PRESUPUESTO DE FUNCIONAMIENTO.,,SECCION: 3227 CORPORACION PARA EL DESARROLLO SOSTENIBLE DEL AREA DE MANEJO ESPECIAL LA MACARENA – CORMACARENA A. PRESUPUESTO DE FUNCIONAMIENTO.,SECCION: 3227 CORPORACION PARA EL DESARROLLO SOSTENIBLE DEL AREA DE MANEJO ESPECIAL LA MACARENA – CORMACARENA A. PRESUPUESTO DE FUNCIONAMIENTO.,1439301624.0,,unit,COP,unclear,review,0.6,docx_parser,docx_table,"Parsed from table 0, row 0"
Colombia,2005,pdf_99bcb6e78208__2005_Ley_921_de_2004.txt,0,section_total,,SECCION: 3229 CORPORACION AUTONOMA REGIONAL DE LA ORINOQUIA (CORPORINOQUIA) A. PRESUPUESTO DE FUNCIONAMIENTO.,SECCION: 3229 CORPORACION AUTONOMA REGIONAL DE LA ORINOQUIA (CORPORINOQUIA) A. PRESUPUESTO DE FUNCIONAMIENTO.,,SECCION: 3229 CORPORACION AUTONOMA REGIONAL DE LA ORINOQUIA (CORPORINOQUIA) A. PRESUPUESTO DE FUNCIONAMIENTO.,SECCION: 3229 CORPORACION AUTONOMA REGIONAL DE LA ORINOQUIA (CORPORINOQUIA) A. PRESUPUESTO DE FUNCIONAMIENTO.,1145799909.0,,unit,COP,science_agency,include,0.9,docx_parser,docx_table,"Parsed from table 0, row 0"
Colombia,2005,pdf_99bcb6e78208__2005_Ley_921_de_2004.txt,0,section_total,,SECCION: 3230 CORPORACION AUTONOMA REGIONAL DE SUCRE (CARSUCRE) A. PRESUPUESTO DE FUNCIONAMIENTO.,SECCION: 3230 CORPORACION AUTONOMA REGIONAL DE SUCRE (CARSUCRE) A. PRESUPUESTO DE FUNCIONAMIENTO.,,SECCION: 3230 CORPORACION AUTONOMA REGIONAL DE SUCRE (CARSUCRE) A. PRESUPUESTO DE FUNCIONAMIENTO.,SECCION: 3230 CORPORACION AUTONOMA REGIONAL DE SUCRE (CARSUCRE) A. PRESUPUESTO DE FUNCIONAMIENTO.,1203281326.0,,unit,COP,science_agency,include,0.9,docx_parser,docx_table,"Parsed from table 0, row 0"
Colombia,2005,pdf_99bcb6e78208__2005_Ley_921_de_2004.txt,0,section_total,,SECCION: 3231 CORPORACION AUTONOMA REGIONAL DEL ALTO MAGDALENA (CAM) A. PRESUPUESTO DE FUNCIONAMIENTO.,SECCION: 3231 CORPORACION AUTONOMA REGIONAL DEL ALTO MAGDALENA (CAM) A. PRESUPUESTO DE FUNCIONAMIENTO.,,SECCION: 3231 CORPORACION AUTONOMA REGIONAL DEL ALTO MAGDALENA (CAM) A. PRESUPUESTO DE FUNCIONAMIENTO.,SECCION: 3231 CORPORACION AUTONOMA REGIONAL DEL ALTO MAGDALENA (CAM) A. PRESUPUESTO DE FUNCIONAMIENTO.,1187369044.0,,unit,COP,science_agency,include,0.9,docx_parser,docx_table,"Parsed from table 0, row 0"
Colombia,2005,pdf_99bcb6e78208__2005_Ley_921_de_2004.txt,0,section_total,,SECCION: 3232 CORPORACION AUTONOMA REGIONAL DEL CENTRO DE ANTIOQUIA (CORANTIOQUIA) A. PRESUPUESTO DE FUNCIONAMIENTO.,SECCION: 3232 CORPORACION AUTONOMA REGIONAL DEL CENTRO DE ANTIOQUIA (CORANTIOQUIA) A. PRESUPUESTO DE FUNCIONAMIENTO.,,SECCION: 3232 CORPORACION AUTONOMA REGIONAL DEL CENTRO DE ANTIOQUIA (CORANTIOQUIA) A. PRESUPUESTO DE FUNCIONAMIENTO.,SECCION: 3232 CORPORACION AUTONOMA REGIONAL DEL CENTRO DE ANTIOQUIA (CORANTIOQUIA) A. PRESUPUESTO DE FUNCIONAMIENTO.,1250229116.0,,unit,COP,unclear,review,0.6,docx_parser,docx_table,"Parsed from table 0, row 0"
Colombia,2005,pdf_99bcb6e78208__2005_Ley_921_de_2004.txt,0,section_total,,SECCION: 3233 CORPORACION AUTONOMA REGIONAL DEL ATLANTICO (CRA) A. PRESUPUESTO DE FUNCIONAMIENTO.,SECCION: 3233 CORPORACION AUTONOMA REGIONAL DEL ATLANTICO (CRA) A. PRESUPUESTO DE FUNCIONAMIENTO.,,SECCION: 3233 CORPORACION AUTONOMA REGIONAL DEL ATLANTICO (CRA) A. PRESUPUESTO DE FUNCIONAMIENTO.,SECCION: 3233 CORPORACION AUTONOMA REGIONAL DEL ATLANTICO (CRA) A. PRESUPUESTO DE FUNCIONAMIENTO.,1077950724.0,,unit,COP,unclear,review,0.6,docx_parser,docx_table,"Parsed from table 0, row 0"
Colombia,2005,pdf_99bcb6e78208__2005_Ley_921_de_2004.txt,0,section_total,,SECCION: 3234 CORPORACION AUTONOMA REGIONAL DE SANTANDER (CAS) A. PRESUPUESTO DE FUNCIONAMIENTO.,SECCION: 3234 CORPORACION AUTONOMA REGIONAL DE SANTANDER (CAS) A. PRESUPUESTO DE FUNCIONAMIENTO.,,SECCION: 3234 CORPORACION AUTONOMA REGIONAL DE SANTANDER (CAS) A. PRESUPUESTO DE FUNCIONAMIENTO.,SECCION: 3234 CORPORACION AUTONOMA REGIONAL DE SANTANDER (CAS) A. PRESUPUESTO DE FUNCIONAMIENTO.,1191402880.0,,unit,COP,science_agency,include,0.9,docx_parser,docx_table,"Parsed from table 0, row 0"
Colombia,2005,pdf_99bcb6e78208__2005_Ley_921_de_2004.txt,0,section_total,,SECCION: 3235 CORPORACION AUTONOMA REGIONAL DE BOYACA (CORPOBOYACA) A. PRESUPUESTO DE FUNCIONAMIENTO.,SECCION: 3235 CORPORACION AUTONOMA REGIONAL DE BOYACA (CORPOBOYACA) A. PRESUPUESTO DE FUNCIONAMIENTO.,,SECCION: 3235 CORPORACION AUTONOMA REGIONAL DE BOYACA (CORPOBOYACA) A. PRESUPUESTO DE FUNCIONAMIENTO.,SECCION: 3235 CORPORACION AUTONOMA REGIONAL DE BOYACA (CORPOBOYACA) A. PRESUPUESTO DE FUNCIONAMIENTO.,1149788965.0,,unit,COP,science_agency,include,0.9,docx_parser,docx_table,"Parsed from table 0, row 0"
Colombia,2005,pdf_99bcb6e78208__2005_Ley_921_de_2004.txt,0,section_total,,SECCION: 3236 CORPORACION AUTONOMA REGIONAL DE CHIVOR (CORPOCHIVOR) A. PRESUPUESTO DE FUNCIONAMIENTO.,SECCION: 3236 CORPORACION AUTONOMA REGIONAL DE CHIVOR (CORPOCHIVOR) A. PRESUPUESTO DE FUNCIONAMIENTO.,,SECCION: 3236 CORPORACION AUTONOMA REGIONAL DE CHIVOR (CORPOCHIVOR) A. PRESUPUESTO DE FUNCIONAMIENTO.,SECCION: 3236 CORPORACION AUTONOMA REGIONAL DE CHIVOR (CORPOCHIVOR) A. PRESUPUESTO DE FUNCIONAMIENTO.,1046700431.0,,unit,COP,unclear,review,0.6,docx_parser,docx_table,"Parsed from table 0, row 0"
Colombia,2005,pdf_99bcb6e78208__2005_Ley_921_de_2004.txt,0,section_total,,SECCION: 3237 CORPORACION AUTONOMA REGIONAL DEL GUAVIO (CORPOGUAVIO) A. PRESUPUESTO DE FUNCIONAMIENTO.,SECCION: 3237 CORPORACION AUTONOMA REGIONAL DEL GUAVIO (CORPOGUAVIO) A. PRESUPUESTO DE FUNCIONAMIENTO.,,SECCION: 3237 CORPORACION AUTONOMA REGIONAL DEL GUAVIO (CORPOGUAVIO) A. PRESUPUESTO DE FUNCIONAMIENTO.,SECCION: 3237 CORPORACION AUTONOMA REGIONAL DEL GUAVIO (CORPOGUAVIO) A. PRESUPUESTO DE FUNCIONAMIENTO.,187244780.0,,unit,COP,unclear,review,0.5,docx_parser,docx_table,"Parsed from table 0, row 0"
Colombia,2005,pdf_99bcb6e78208__2005_Ley_921_de_2004.txt,0,section_total,,SECCION: 3238 CORPORACION AUTONOMA REGIONAL DEL CANAL DEL DIQUE (CARDIQUE) A. PRESUPUESTO DE FUNCIONAMIENTO.,SECCION: 3238 CORPORACION AUTONOMA REGIONAL DEL CANAL DEL DIQUE (CARDIQUE) A. PRESUPUESTO DE FUNCIONAMIENTO.,,SECCION: 3238 CORPORACION AUTONOMA REGIONAL DEL CANAL DEL DIQUE (CARDIQUE) A. PRESUPUESTO DE FUNCIONAMIENTO.,SECCION: 3238 CORPORACION AUTONOMA REGIONAL DEL CANAL DEL DIQUE (CARDIQUE) A. PRESUPUESTO DE FUNCIONAMIENTO.,1243169202.0,,unit,COP,unclear,review,0.6,docx_parser,docx_table,"Parsed from table 0, row 0"
Colombia,2005,pdf_99bcb6e78208__2005_Ley_921_de_2004.txt,0,section_total,,SECCION: 3239 CORPORACION AUTONOMA REGIONAL DEL SUR DE BOLIVAR (CSB) A. PRESUPUESTO DE FUNCIONAMIENTO.,SECCION: 3239 CORPORACION AUTONOMA REGIONAL DEL SUR DE BOLIVAR (CSB) A. PRESUPUESTO DE FUNCIONAMIENTO.,,SECCION: 3239 CORPORACION AUTONOMA REGIONAL DEL SUR DE BOLIVAR (CSB) A. PRESUPUESTO DE FUNCIONAMIENTO.,SECCION: 3239 CORPORACION AUTONOMA REGIONAL DEL SUR DE BOLIVAR (CSB) A. PRESUPUESTO DE FUNCIONAMIENTO.,1128633449.0,,unit,COP,science_agency,include,0.9,docx_parser,docx_table,"Parsed from table 0, row 0"
Colombia,2005,pdf_99bcb6e78208__2005_Ley_921_de_2004.txt,0,section_total,,SECCION: 3240 INSTITUTO NACIONAL DE VIVIENDA DE INTERES SOCIAL Y REFORMA URBANA -INURBE- EN LIQUIDACION A. PRESUPUESTO DE FUNCIONAMIENTO.,SECCION: 3240 INSTITUTO NACIONAL DE VIVIENDA DE INTERES SOCIAL Y REFORMA URBANA -INURBE- EN LIQUIDACION A. PRESUPUESTO DE FUNCIONAMIENTO.,,SECCION: 3240 INSTITUTO NACIONAL DE VIVIENDA DE INTERES SOCIAL Y REFORMA URBANA -INURBE- EN LIQUIDACION A. PRESUPUESTO DE FUNCIONAMIENTO.,SECCION: 3240 INSTITUTO NACIONAL DE VIVIENDA DE INTERES SOCIAL Y REFORMA URBANA -INURBE- EN LIQUIDACION A. PRESUPUESTO DE FUNCIONAMIENTO.,16087940867.0,,unit,COP,unclear,review,0.6,docx_parser,docx_table,"Parsed from table 0, row 0"
Colombia,2005,pdf_99bcb6e78208__2005_Ley_921_de_2004.txt,0,section_total,,SECCION: 3241 FONDO NACIONAL DE VIVIENDA – FONVIVIENDA C. PRESUPUESTO DE INVERSION.,SECCION: 3241 FONDO NACIONAL DE VIVIENDA – FONVIVIENDA C. PRESUPUESTO DE INVERSION.,,SECCION: 3241 FONDO NACIONAL DE VIVIENDA – FONVIVIENDA C. PRESUPUESTO DE INVERSION.,SECCION: 3241 FONDO NACIONAL DE VIVIENDA – FONVIVIENDA C. PRESUPUESTO DE INVERSION.,234000000000.0,,unit,COP,unclear,review,0.6,docx_parser,docx_table,"Parsed from table 0, row 0"
Colombia,2005,pdf_99bcb6e78208__2005_Ley_921_de_2004.txt,0,section_total,,SECCION: 3301 MINISTERIO DE CULTURA A. PRESUPUESTO DE FUNCIONAMIENTO.,SECCION: 3301 MINISTERIO DE CULTURA A. PRESUPUESTO DE FUNCIONAMIENTO.,,SECCION: 3301 MINISTERIO DE CULTURA A. PRESUPUESTO DE FUNCIONAMIENTO.,SECCION: 3301 MINISTERIO DE CULTURA A. PRESUPUESTO DE FUNCIONAMIENTO.,61681118520.0,,unit,COP,unclear,review,0.6,docx_parser,docx_table,"Parsed from table 0, row 0"
Colombia,2005,pdf_99bcb6e78208__2005_Ley_921_de_2004.txt,0,section_total,,SECCION: 3304 ARCHIVO GENERAL DE LA NACION A. PRESUPUESTO DE FUNCIONAMIENTO.,SECCION: 3304 ARCHIVO GENERAL DE LA NACION A. PRESUPUESTO DE FUNCIONAMIENTO.,,SECCION: 3304 ARCHIVO GENERAL DE LA NACION A. PRESUPUESTO DE FUNCIONAMIENTO.,SECCION: 3304 ARCHIVO GENERAL DE LA NACION A. PRESUPUESTO DE FUNCIONAMIENTO.,3308724880.0,,unit,COP,unclear,review,0.6,docx_parser,docx_table,"Parsed from table 0, row 0"
Colombia,2005,pdf_99bcb6e78208__2005_Ley_921_de_2004.txt,0,section_total,,SECCION: 3305 INSTITUTO COLOMBIANO DE ANTROPOLOGIA E HISTORIA A. PRESUPUESTO DE FUNCIONAMIENTO.,SECCION: 3305 INSTITUTO COLOMBIANO DE ANTROPOLOGIA E HISTORIA A. PRESUPUESTO DE FUNCIONAMIENTO.,,SECCION: 3305 INSTITUTO COLOMBIANO DE ANTROPOLOGIA E HISTORIA A. PRESUPUESTO DE FUNCIONAMIENTO.,SECCION: 3305 INSTITUTO COLOMBIANO DE ANTROPOLOGIA E HISTORIA A. PRESUPUESTO DE FUNCIONAMIENTO.,3176050445.0,,unit,COP,unclear,review,0.6,docx_parser,docx_table,"Parsed from table 0, row 0"
Colombia,2005,pdf_99bcb6e78208__2005_Ley_921_de_2004.txt,0,section_total,,SECCION: 3306 INSTITUTO COLOMBIANO DEL DEPORTE – COLDEPORTES A. PRESUPUESTO DE FUNCIONAMIENTO.,SECCION: 3306 INSTITUTO COLOMBIANO DEL DEPORTE – COLDEPORTES A. PRESUPUESTO DE FUNCIONAMIENTO.,,SECCION: 3306 INSTITUTO COLOMBIANO DEL DEPORTE – COLDEPORTES A. PRESUPUESTO DE FUNCIONAMIENTO.,SECCION: 3306 INSTITUTO COLOMBIANO DEL DEPORTE – COLDEPORTES A. PRESUPUESTO DE FUNCIONAMIENTO.,8488275362.0,,unit,COP,unclear,review,0.6,docx_parser,docx_table,"Parsed from table 0, row 0"
Colombia,2005,pdf_99bcb6e78208__2005_Ley_921_de_2004.txt,0,section_total,,SECCION: 3307 INSTITUTO CARO Y CUERVO A. PRESUPUESTO DE FUNCIONAMIENTO.,SECCION: 3307 INSTITUTO CARO Y CUERVO A. PRESUPUESTO DE FUNCIONAMIENTO.,,SECCION: 3307 INSTITUTO CARO Y CUERVO A. PRESUPUESTO DE FUNCIONAMIENTO.,SECCION: 3307 INSTITUTO CARO Y CUERVO A. PRESUPUESTO DE FUNCIONAMIENTO.,2802435279.0,,unit,COP,unclear,review,0.6,docx_parser,docx_table,"Parsed from table 0, row 0"
Colombia,2005,pdf_99bcb6e78208__2005_Ley_921_de_2004.txt,0,section_total,,SECCION: 3401 AUDITORIA GENERAL DE LA REPUBLICA A. PRESUPUESTO DE FUNCIONAMIENTO.,SECCION: 3401 AUDITORIA GENERAL DE LA REPUBLICA A. PRESUPUESTO DE FUNCIONAMIENTO.,,SECCION: 3401 AUDITORIA GENERAL DE LA REPUBLICA A. PRESUPUESTO DE FUNCIONAMIENTO.,SECCION: 3401 AUDITORIA GENERAL DE LA REPUBLICA A. PRESUPUESTO DE FUNCIONAMIENTO.,10428340158.0,,unit,COP,unclear,review,0.5,docx_parser,docx_table,"Parsed from table 0, row 0"
Colombia,2005,pdf_99bcb6e78208__2005_Ley_921_de_2004.txt,0,section_total,,"SECCION: 3501 MINISTERIO DE COMERCIO, INDUSTRIA Y TURISMO A. PRESUPUESTO DE FUNCIONAMIENTO.","SECCION: 3501 MINISTERIO DE COMERCIO, INDUSTRIA Y TURISMO A. PRESUPUESTO DE FUNCIONAMIENTO.",,"SECCION: 3501 MINISTERIO DE COMERCIO, INDUSTRIA Y TURISMO A. PRESUPUESTO DE FUNCIONAMIENTO.","SECCION: 3501 MINISTERIO DE COMERCIO, INDUSTRIA Y TURISMO A. PRESUPUESTO DE FUNCIONAMIENTO.",126779180640.0,,unit,COP,unclear,review,0.6,docx_parser,docx_table,"Parsed from table 0, row 0"
Colombia,2005,pdf_99bcb6e78208__2005_Ley_921_de_2004.txt,0,section_total,,SECCION: 3502 SUPERINTENDENCIA DE SOCIEDADES A. PRESUPUESTO DE FUNCIONAMIENTO.,SECCION: 3502 SUPERINTENDENCIA DE SOCIEDADES A. PRESUPUESTO DE FUNCIONAMIENTO.,,SECCION: 3502 SUPERINTENDENCIA DE SOCIEDADES A. PRESUPUESTO DE FUNCIONAMIENTO.,SECCION: 3502 SUPERINTENDENCIA DE SOCIEDADES A. PRESUPUESTO DE FUNCIONAMIENTO.,47910100000.0,,unit,COP,unclear,review,0.6,docx_parser,docx_table,"Parsed from table 0, row 0"
Colombia,2005,pdf_99bcb6e78208__2005_Ley_921_de_2004.txt,0,section_total,,SECCION: 3601 MINISTERIO DE LA PROTECCION SOCIAL A. PRESUPUESTO DE FUNCIONAMIENTO.,SECCION: 3601 MINISTERIO DE LA PROTECCION SOCIAL A. PRESUPUESTO DE FUNCIONAMIENTO.,,SECCION: 3601 MINISTERIO DE LA PROTECCION SOCIAL A. PRESUPUESTO DE FUNCIONAMIENTO.,SECCION: 3601 MINISTERIO DE LA PROTECCION SOCIAL A. PRESUPUESTO DE FUNCIONAMIENTO.,10589452281282.0,,unit,COP,unclear,review,0.6,docx_parser,docx_table,"Parsed from table 0, row 0"
Colombia,2005,pdf_99bcb6e78208__2005_Ley_921_de_2004.txt,0,section_total,,"SECCION: 3601 MINISTERIO DE LA PROTECCION SOCIAL A. PRESUPUESTO DE FUNCIONAMIENTO. 1,475,746,230,545","SECCION: 3601 MINISTERIO DE LA PROTECCION SOCIAL A. PRESUPUESTO DE FUNCIONAMIENTO. 1,475,746,230,545",,"SECCION: 3601 MINISTERIO DE LA PROTECCION SOCIAL A. PRESUPUESTO DE FUNCIONAMIENTO. 1,475,746,230,545","SECCION: 3601 MINISTERIO DE LA PROTECCION SOCIAL A. PRESUPUESTO DE FUNCIONAMIENTO. 1,475,746,230,545",1475746230545.0,,unit,COP,unclear,review,0.5,docx_parser,docx_table,"Parsed from table 0, row 0"
Colombia,2005,pdf_99bcb6e78208__2005_Ley_921_de_2004.txt,0,section_total,,SECCION: 3602 SERVICIO NACIONAL DE APRENDIZAJE (SENA) A. PRESUPUESTO DE FUNCIONAMIENTO.,SECCION: 3602 SERVICIO NACIONAL DE APRENDIZAJE (SENA) A. PRESUPUESTO DE FUNCIONAMIENTO.,,SECCION: 3602 SERVICIO NACIONAL DE APRENDIZAJE (SENA) A. PRESUPUESTO DE FUNCIONAMIENTO.,SECCION: 3602 SERVICIO NACIONAL DE APRENDIZAJE (SENA) A. PRESUPUESTO DE FUNCIONAMIENTO.,45724728000.0,,unit,COP,unclear,review,0.6,docx_parser,docx_table,"Parsed from table 0, row 0"
Colombia,2005,pdf_99bcb6e78208__2005_Ley_921_de_2004.txt,0,section_total,,SECCION: 3603 FONDO DE PREVISION SOCIAL DEL CONGRESO A. PRESUPUESTO DE FUNCIONAMIENTO.,SECCION: 3603 FONDO DE PREVISION SOCIAL DEL CONGRESO A. PRESUPUESTO DE FUNCIONAMIENTO.,,SECCION: 3603 FONDO DE PREVISION SOCIAL DEL CONGRESO A. PRESUPUESTO DE FUNCIONAMIENTO.,SECCION: 3603 FONDO DE PREVISION SOCIAL DEL CONGRESO A. PRESUPUESTO DE FUNCIONAMIENTO.,218333649000.0,,unit,COP,unclear,review,0.5,docx_parser,docx_table,"Parsed from table 0, row 0"
Colombia,2005,pdf_99bcb6e78208__2005_Ley_921_de_2004.txt,0,section_total,,SECCION: 3605 FONDO DE PASIVO SOCIAL DE FERROCARRILES NACIONALES DE COLOMBIA A. PRESUPUESTO DE FUNCIONAMIENTO.,SECCION: 3605 FONDO DE PASIVO SOCIAL DE FERROCARRILES NACIONALES DE COLOMBIA A. PRESUPUESTO DE FUNCIONAMIENTO.,,SECCION: 3605 FONDO DE PASIVO SOCIAL DE FERROCARRILES NACIONALES DE COLOMBIA A. PRESUPUESTO DE FUNCIONAMIENTO.,SECCION: 3605 FONDO DE PASIVO SOCIAL DE FERROCARRILES NACIONALES DE COLOMBIA A. PRESUPUESTO DE FUNCIONAMIENTO.,303795258000.0,,unit,COP,unclear,review,0.6,docx_parser,docx_table,"Parsed from table 0, row 0"
Colombia,2005,pdf_99bcb6e78208__2005_Ley_921_de_2004.txt,0,section_total,,SECCION: 3606 INSTITUTO NACIONAL DE SALUD (INS) A. PRESUPUESTO DE FUNCIONAMIENTO.,SECCION: 3606 INSTITUTO NACIONAL DE SALUD (INS) A. PRESUPUESTO DE FUNCIONAMIENTO.,,SECCION: 3606 INSTITUTO NACIONAL DE SALUD (INS) A. PRESUPUESTO DE FUNCIONAMIENTO.,SECCION: 3606 INSTITUTO NACIONAL DE SALUD (INS) A. PRESUPUESTO DE FUNCIONAMIENTO.,10534000000.0,,unit,COP,unclear,review,0.6,docx_parser,docx_table,"Parsed from table 0, row 0"
Colombia,2005,pdf_99bcb6e78208__2005_Ley_921_de_2004.txt,0,section_total,,SECCION: 3607 INSTITUTO COLOMBIANO DE BIENESTAR FAMILIAR (ICBF) A. PRESUPUESTO DE FUNCIONAMIENTO.,SECCION: 3607 INSTITUTO COLOMBIANO DE BIENESTAR FAMILIAR (ICBF) A. PRESUPUESTO DE FUNCIONAMIENTO.,,SECCION: 3607 INSTITUTO COLOMBIANO DE BIENESTAR FAMILIAR (ICBF) A. PRESUPUESTO DE FUNCIONAMIENTO.,SECCION: 3607 INSTITUTO COLOMBIANO DE BIENESTAR FAMILIAR (ICBF) A. PRESUPUESTO DE FUNCIONAMIENTO.,147156956025.0,,unit,COP,unclear,review,0.6,docx_parser,docx_table,"Parsed from table 0, row 0"
Colombia,2005,pdf_99bcb6e78208__2005_Ley_921_de_2004.txt,0,section_total,,SECCION: 3608 SUPERINTENDENCIA NACIONAL DE SALUD A. PRESUPUESTO DE FUNCIONAMIENTO.,SECCION: 3608 SUPERINTENDENCIA NACIONAL DE SALUD A. PRESUPUESTO DE FUNCIONAMIENTO.,,SECCION: 3608 SUPERINTENDENCIA NACIONAL DE SALUD A. PRESUPUESTO DE FUNCIONAMIENTO.,SECCION: 3608 SUPERINTENDENCIA NACIONAL DE SALUD A. PRESUPUESTO DE FUNCIONAMIENTO.,12958415000.0,,unit,COP,unclear,review,0.6,docx_parser,docx_table,"Parsed from table 0, row 0"
Colombia,2005,pdf_99bcb6e78208__2005_Ley_921_de_2004.txt,0,section_total,,SECCION: 3609 INSTITUTO NACIONAL DE VIGILANCIA DE MEDICAMENTOS Y ALIMENTOS – INVIMA A. PRESUPUESTO DE FUNCIONAMIENTO.,SECCION: 3609 INSTITUTO NACIONAL DE VIGILANCIA DE MEDICAMENTOS Y ALIMENTOS – INVIMA A. PRESUPUESTO DE FUNCIONAMIENTO.,,SECCION: 3609 INSTITUTO NACIONAL DE VIGILANCIA DE MEDICAMENTOS Y ALIMENTOS – INVIMA A. PRESUPUESTO DE FUNCIONAMIENTO.,SECCION: 3609 INSTITUTO NACIONAL DE VIGILANCIA DE MEDICAMENTOS Y ALIMENTOS – INVIMA A. PRESUPUESTO DE FUNCIONAMIENTO.,4777000000.0,,unit,COP,unclear,review,0.5,docx_parser,docx_table,"Parsed from table 0, row 0"
Colombia,2005,pdf_99bcb6e78208__2005_Ley_921_de_2004.txt,0,section_total,,SECCION: 3701 MINISTERIO DEL INTERIOR Y LA JUSTICIA A. PRESUPUESTO DE FUNCIONAMIENTO.,SECCION: 3701 MINISTERIO DEL INTERIOR Y LA JUSTICIA A. PRESUPUESTO DE FUNCIONAMIENTO.,,SECCION: 3701 MINISTERIO DEL INTERIOR Y LA JUSTICIA A. PRESUPUESTO DE FUNCIONAMIENTO.,SECCION: 3701 MINISTERIO DEL INTERIOR Y LA JUSTICIA A. PRESUPUESTO DE FUNCIONAMIENTO.,186660601844.0,,unit,COP,unclear,review,0.6,docx_parser,docx_table,"Parsed from table 0, row 0"
Colombia,2005,pdf_99bcb6e78208__2005_Ley_921_de_2004.txt,0,section_total,,SECCION: 3702 FONDO PARA LA PARTICIPACION Y EL FORTALECIMIENTO DE LA DEMOCRACIA A. PRESUPUESTO DE FUNCIONAMIENTO.,SECCION: 3702 FONDO PARA LA PARTICIPACION Y EL FORTALECIMIENTO DE LA DEMOCRACIA A. PRESUPUESTO DE FUNCIONAMIENTO.,,SECCION: 3702 FONDO PARA LA PARTICIPACION Y EL FORTALECIMIENTO DE LA DEMOCRACIA A. PRESUPUESTO DE FUNCIONAMIENTO.,SECCION: 3702 FONDO PARA LA PARTICIPACION Y EL FORTALECIMIENTO DE LA DEMOCRACIA A. PRESUPUESTO DE FUNCIONAMIENTO.,1222816188.0,,unit,COP,unclear,review,0.6,docx_parser,docx_table,"Parsed from table 0, row 0"
Colombia,2005,pdf_99bcb6e78208__2005_Ley_921_de_2004.txt,0,section_total,,SECCION: 3703 DIRECCION NACIONAL DEL DERECHO DE AUTOR A. PRESUPUESTO DE FUNCIONAMIENTO.,SECCION: 3703 DIRECCION NACIONAL DEL DERECHO DE AUTOR A. PRESUPUESTO DE FUNCIONAMIENTO.,,SECCION: 3703 DIRECCION NACIONAL DEL DERECHO DE AUTOR A. PRESUPUESTO DE FUNCIONAMIENTO.,SECCION: 3703 DIRECCION NACIONAL DEL DERECHO DE AUTOR A. PRESUPUESTO DE FUNCIONAMIENTO.,1454883525.0,,unit,COP,unclear,review,0.5,docx_parser,docx_table,"Parsed from table 0, row 0"
Colombia,2005,pdf_99bcb6e78208__2005_Ley_921_de_2004.txt,0,section_total,,SECCION: 3704 CORPORACION NACIONAL PARA LA RECONSTRUCCION DE LA CUENCA DEL RIO PAEZ Y ZONAS ALEDAÑAS NASA KIWE A. PRESUPUESTO DE FUNCIONAMIENTO.,SECCION: 3704 CORPORACION NACIONAL PARA LA RECONSTRUCCION DE LA CUENCA DEL RIO PAEZ Y ZONAS ALEDAÑAS NASA KIWE A. PRESUPUESTO DE FUNCIONAMIENTO.,,SECCION: 3704 CORPORACION NACIONAL PARA LA RECONSTRUCCION DE LA CUENCA DEL RIO PAEZ Y ZONAS ALEDAÑAS NASA KIWE A. PRESUPUESTO DE FUNCIONAMIENTO.,SECCION: 3704 CORPORACION NACIONAL PARA LA RECONSTRUCCION DE LA CUENCA DEL RIO PAEZ Y ZONAS ALEDAÑAS NASA KIWE A. PRESUPUESTO DE FUNCIONAMIENTO.,1291656312.0,,unit,COP,unclear,review,0.6,docx_parser,docx_table,"Parsed from table 0, row 0"
Colombia,2005,pdf_99bcb6e78208__2005_Ley_921_de_2004.txt,0,section_total,,SECCION: 3705 SUPERINTENDENCIA DE NOTARIADO Y REGISTRO A. PRESUPUESTO DE FUNCIONAMIENTO.,SECCION: 3705 SUPERINTENDENCIA DE NOTARIADO Y REGISTRO A. PRESUPUESTO DE FUNCIONAMIENTO.,,SECCION: 3705 SUPERINTENDENCIA DE NOTARIADO Y REGISTRO A. PRESUPUESTO DE FUNCIONAMIENTO.,SECCION: 3705 SUPERINTENDENCIA DE NOTARIADO Y REGISTRO A. PRESUPUESTO DE FUNCIONAMIENTO.,115671543796.0,,unit,COP,unclear,review,0.6,docx_parser,docx_table,"Parsed from table 0, row 0"
Colombia,2005,pdf_99bcb6e78208__2005_Ley_921_de_2004.txt,0,section_total,,SECCION: 3706 INSTITUTO NACIONAL PENITENCIARIO Y CARCELARIO – INPEC A. PRESUPUESTO DE FUNCIONAMIENTO.,SECCION: 3706 INSTITUTO NACIONAL PENITENCIARIO Y CARCELARIO – INPEC A. PRESUPUESTO DE FUNCIONAMIENTO.,,SECCION: 3706 INSTITUTO NACIONAL PENITENCIARIO Y CARCELARIO – INPEC A. PRESUPUESTO DE FUNCIONAMIENTO.,SECCION: 3706 INSTITUTO NACIONAL PENITENCIARIO Y CARCELARIO – INPEC A. PRESUPUESTO DE FUNCIONAMIENTO.,525731125998.0,,unit,COP,unclear,review,0.6,docx_parser,docx_table,"Parsed from table 0, row 0"
Colombia,2005,pdf_99bcb6e78208__2005_Ley_921_de_2004.txt,0,section_total,,SECCION: 3707 DIRECCION NACIONAL DE ESTUPEFACIENTES A. PRESUPUESTO DE FUNCIONAMIENTO.,SECCION: 3707 DIRECCION NACIONAL DE ESTUPEFACIENTES A. PRESUPUESTO DE FUNCIONAMIENTO.,,SECCION: 3707 DIRECCION NACIONAL DE ESTUPEFACIENTES A. PRESUPUESTO DE FUNCIONAMIENTO.,SECCION: 3707 DIRECCION NACIONAL DE ESTUPEFACIENTES A. PRESUPUESTO DE FUNCIONAMIENTO.,12138298001.0,,unit,COP,unclear,review,0.6,docx_parser,docx_table,"Parsed from table 0, row 0"
Colombia,2005,pdf_99bcb6e78208__2005_Ley_921_de_2004.txt,0,section_total,,SECCION: 3801 COMISION NACIONAL DEL SERVICIO CIVIL A. PRESUPUESTO DE FUNCIONAMIENTO.,SECCION: 3801 COMISION NACIONAL DEL SERVICIO CIVIL A. PRESUPUESTO DE FUNCIONAMIENTO.,,SECCION: 3801 COMISION NACIONAL DEL SERVICIO CIVIL A. PRESUPUESTO DE FUNCIONAMIENTO.,SECCION: 3801 COMISION NACIONAL DEL SERVICIO CIVIL A. PRESUPUESTO DE FUNCIONAMIENTO.,600000000.0,,unit,COP,unclear,review,0.5,docx_parser,docx_table,"Parsed from table 0, row 0"
Colombia,2005,pdf_99bcb6e78208__2005_Ley_921_de_2004.txt,0,section_total,,SECCION:2236 INSTITUTO DE EDUCACION TECNICA PROFESIONAL DE ROLDANILLO A. PRESUPUESTO DE FUNCIONAMIENTO.,SECCION:2236 INSTITUTO DE EDUCACION TECNICA PROFESIONAL DE ROLDANILLO A. PRESUPUESTO DE FUNCIONAMIENTO.,,SECCION:2236 INSTITUTO DE EDUCACION TECNICA PROFESIONAL DE ROLDANILLO A. PRESUPUESTO DE FUNCIONAMIENTO.,SECCION:2236 INSTITUTO DE EDUCACION TECNICA PROFESIONAL DE ROLDANILLO A. PRESUPUESTO DE FUNCIONAMIENTO.,2046475002.0,,unit,COP,unclear,review,0.6,docx_parser,docx_table,"Parsed from table 0, row 0"
Colombia,2005,pdf_99bcb6e78208__2005_Ley_921_de_2004.txt,0,section_total,,SERVICIOS DE VALOR AGRE-GADO EN COMUNICACIONES,SERVICIOS DE VALOR AGRE-GADO EN COMUNICACIONES,,SERVICIOS DE VALOR AGRE-GADO EN COMUNICACIONES,SERVICIOS DE VALOR AGRE-GADO EN COMUNICACIONES,531000000.0,,unit,COP,unclear,review,0.5,docx_parser,docx_table,"Parsed from table 0, row 0"
Colombia,2005,pdf_99bcb6e78208__2005_Ley_921_de_2004.txt,0,section_total,,SERVICIOS ESPECIALIZADOS DE SALUD,SERVICIOS ESPECIALIZADOS DE SALUD,,SERVICIOS ESPECIALIZADOS DE SALUD,SERVICIOS ESPECIALIZADOS DE SALUD,2418057000.0,,unit,COP,unclear,review,0.5,docx_parser,docx_table,"Parsed from table 0, row 0"
Colombia,2005,pdf_99bcb6e78208__2005_Ley_921_de_2004.txt,0,section_total,,SERVICIOS INTEGRALES DE SALUD,SERVICIOS INTEGRALES DE SALUD,,SERVICIOS INTEGRALES DE SALUD,SERVICIOS INTEGRALES DE SALUD,1246929430000.0,,unit,COP,unclear,review,0.6,docx_parser,docx_table,"Parsed from table 0, row 0"
Colombia,2005,pdf_99bcb6e78208__2005_Ley_921_de_2004.txt,0,section_total,,SISTEMA PENITENCIARIO Y CARCELARIO,SISTEMA PENITENCIARIO Y CARCELARIO,,SISTEMA PENITENCIARIO Y CARCELARIO,SISTEMA PENITENCIARIO Y CARCELARIO,40000000000.0,,unit,COP,unclear,review,0.5,docx_parser,docx_table,"Parsed from table 0, row 0"
Colombia,2005,pdf_99bcb6e78208__2005_Ley_921_de_2004.txt,0,section_total,,SOLUCIONES DE VIVIENDA RURAL,SOLUCIONES DE VIVIENDA RURAL,,SOLUCIONES DE VIVIENDA RURAL,SOLUCIONES DE VIVIENDA RURAL,46000000000.0,,unit,COP,direct_rd,include,0.9,docx_parser,docx_table,"Parsed from table 0, row 0"
Colombia,2005,pdf_99bcb6e78208__2005_Ley_921_de_2004.txt,0,section_total,,SUBSIDIOS DIRECTOS,SUBSIDIOS DIRECTOS,,SUBSIDIOS DIRECTOS,SUBSIDIOS DIRECTOS,315000000000.0,,unit,COP,unclear,review,0.5,docx_parser,docx_table,"Parsed from table 0, row 0"
Colombia,2005,pdf_99bcb6e78208__2005_Ley_921_de_2004.txt,0,section_total,,TENENCIA DE LA TIERRA,TENENCIA DE LA TIERRA,,TENENCIA DE LA TIERRA,TENENCIA DE LA TIERRA,8500000000.0,,unit,COP,unclear,review,0.6,docx_parser,docx_table,"Parsed from table 0, row 0"
Colombia,2005,pdf_99bcb6e78208__2005_Ley_921_de_2004.txt,0,section_total,,TOTAL PRESUPUESTO NACIONAL,TOTAL PRESUPUESTO NACIONAL,,TOTAL PRESUPUESTO NACIONAL,TOTAL PRESUPUESTO NACIONAL,91582373460891.0,,unit,COP,unclear,review,0.5,docx_parser,docx_table,"Parsed from table 0, row 0"
Colombia,2005,pdf_99bcb6e78208__2005_Ley_921_de_2004.txt,0,section_total,,TRANSFERENCIAS,TRANSFERENCIAS,,TRANSFERENCIAS,TRANSFERENCIAS,1268230270000.0,,unit,COP,unclear,review,0.5,docx_parser,docx_table,"Parsed from table 0, row 0"
Colombia,2005,pdf_99bcb6e78208__2005_Ley_921_de_2004.txt,0,section_total,,TRANSMISION ELECTRICA,TRANSMISION ELECTRICA,,TRANSMISION ELECTRICA,TRANSMISION ELECTRICA,400000000.0,,unit,COP,unclear,review,0.5,docx_parser,docx_table,"Parsed from table 0, row 0"
Colombia,2005,pdf_99bcb6e78208__2005_Ley_921_de_2004.txt,0,section_total,,TRANSPORTE AEREO,TRANSPORTE AEREO,,TRANSPORTE AEREO,TRANSPORTE AEREO,66523200000.0,,unit,COP,unclear,review,0.5,docx_parser,docx_table,"Parsed from table 0, row 0"
Colombia,2005,pdf_99bcb6e78208__2005_Ley_921_de_2004.txt,0,section_total,,TRANSPORTE FERREO,TRANSPORTE FERREO,,TRANSPORTE FERREO,TRANSPORTE FERREO,44568829508.0,,unit,COP,unclear,review,0.6,docx_parser,docx_table,"Parsed from table 0, row 0"
Colombia,2005,pdf_99bcb6e78208__2005_Ley_921_de_2004.txt,0,section_total,,TRANSPORTE FLUVIAL,TRANSPORTE FLUVIAL,,TRANSPORTE FLUVIAL,TRANSPORTE FLUVIAL,2072075875.0,,unit,COP,unclear,review,0.6,docx_parser,docx_table,"Parsed from table 0, row 0"
Colombia,2005,pdf_99bcb6e78208__2005_Ley_921_de_2004.txt,0,section_total,,TRANSPORTE MARITIMO,TRANSPORTE MARITIMO,,TRANSPORTE MARITIMO,TRANSPORTE MARITIMO,15175000000.0,,unit,COP,unclear,review,0.5,docx_parser,docx_table,"Parsed from table 0, row 0"
Colombia,2007,pdf_b18de1b6336b__2007_Ley_1110_de_2006.txt,0,section_total,,TOTAL PRESUPUESTO NACIONAL,TOTAL PRESUPUESTO NACIONAL,,TOTAL PRESUPUESTO NACIONAL,TOTAL PRESUPUESTO NACIONAL,1163000000000.0,,unit,COP,unclear,review,0.5,docx_parser,docx_table,"Parsed from table 0, row 0"
Colombia,2012,pdf_a443d53f4799__2012_Ley_1485_de_2011.txt,0,section_total,,AGENCIA LOGÍSTICA DE LAS FUERZAS MILITARES A-INGRESOS CORRIENTES,AGENCIA LOGÍSTICA DE LAS FUERZAS MILITARES A-INGRESOS CORRIENTES,,AGENCIA LOGÍSTICA DE LAS FUERZAS MILITARES A-INGRESOS CORRIENTES,AGENCIA LOGÍSTICA DE LAS FUERZAS MILITARES A-INGRESOS CORRIENTES,1004949866335.0,,unit,COP,unclear,review,0.5,docx_parser,docx_table,"Parsed from table 0, row 0"
Colombia,2012,pdf_a443d53f4799__2012_Ley_1485_de_2011.txt,0,section_total,,AGENCIA NACIONAL DE HIDROCARBUROS - ANH A-INGRESOS CORRIENTES,AGENCIA NACIONAL DE HIDROCARBUROS - ANH A-INGRESOS CORRIENTES,,AGENCIA NACIONAL DE HIDROCARBUROS - ANH A-INGRESOS CORRIENTES,AGENCIA NACIONAL DE HIDROCARBUROS - ANH A-INGRESOS CORRIENTES,456906579000.0,,unit,COP,unclear,review,0.6,docx_parser,docx_table,"Parsed from table 0, row 0"
Colombia,2012,pdf_a443d53f4799__2012_Ley_1485_de_2011.txt,0,section_total,,AGENCIA PRESIDENCIAL PARA LA ACCIÓN SOCIAL Y LA COOPERACIÓN INTERNACIONAL –ACCIÓN SOCIAL– A-INGRESOS CORRIENTES,AGENCIA PRESIDENCIAL PARA LA ACCIÓN SOCIAL Y LA COOPERACIÓN INTERNACIONAL –ACCIÓN SOCIAL– A-INGRESOS CORRIENTES,,AGENCIA PRESIDENCIAL PARA LA ACCIÓN SOCIAL Y LA COOPERACIÓN INTERNACIONAL –ACCIÓN SOCIAL– A-INGRESOS CORRIENTES,AGENCIA PRESIDENCIAL PARA LA ACCIÓN SOCIAL Y LA COOPERACIÓN INTERNACIONAL –ACCIÓN SOCIAL– A-INGRESOS CORRIENTES,58099551960.0,,unit,COP,unclear,review,0.6,docx_parser,docx_table,"Parsed from table 0, row 0"
Colombia,2012,pdf_a443d53f4799__2012_Ley_1485_de_2011.txt,0,section_total,,ARCHIVO GENERAL DE LA NACIÓN A-INGRESOS CORRIENTES,ARCHIVO GENERAL DE LA NACIÓN A-INGRESOS CORRIENTES,,ARCHIVO GENERAL DE LA NACIÓN A-INGRESOS CORRIENTES,ARCHIVO GENERAL DE LA NACIÓN A-INGRESOS CORRIENTES,9871620770.0,,unit,COP,unclear,review,0.5,docx_parser,docx_table,"Parsed from table 0, row 0"
Colombia,2012,pdf_a443d53f4799__2012_Ley_1485_de_2011.txt,0,section_total,,B-RECURSOS DE CAPITAL,B-RECURSOS DE CAPITAL,,B-RECURSOS DE CAPITAL,B-RECURSOS DE CAPITAL,505897500000.0,,unit,COP,unclear,review,0.5,docx_parser,docx_table,"Parsed from table 0, row 0"
Colombia,2012,pdf_a443d53f4799__2012_Ley_1485_de_2011.txt,0,section_total,,C-CONTRIBUCIONES PARAFISCALES,C-CONTRIBUCIONES PARAFISCALES,,C-CONTRIBUCIONES PARAFISCALES,C-CONTRIBUCIONES PARAFISCALES,3003624000000.0,,unit,COP,unclear,review,0.5,docx_parser,docx_table,"Parsed from table 0, row 0"
Colombia,2012,pdf_a443d53f4799__2012_Ley_1485_de_2011.txt,0,section_total,,CAJA DE RETIRO DE LAS FUERZAS MILITARES A-INGRESOS CORRIENTES,CAJA DE RETIRO DE LAS FUERZAS MILITARES A-INGRESOS CORRIENTES,,CAJA DE RETIRO DE LAS FUERZAS MILITARES A-INGRESOS CORRIENTES,CAJA DE RETIRO DE LAS FUERZAS MILITARES A-INGRESOS CORRIENTES,151639680405.0,,unit,COP,unclear,review,0.6,docx_parser,docx_table,"Parsed from table 0, row 0"
Colombia,2012,pdf_a443d53f4799__2012_Ley_1485_de_2011.txt,0,section_total,,CAJA DE SUELDOS DE RETIRO DE LA POLICÍA NACIONAL A-INGRESOS CORRIENTES,CAJA DE SUELDOS DE RETIRO DE LA POLICÍA NACIONAL A-INGRESOS CORRIENTES,,CAJA DE SUELDOS DE RETIRO DE LA POLICÍA NACIONAL A-INGRESOS CORRIENTES,CAJA DE SUELDOS DE RETIRO DE LA POLICÍA NACIONAL A-INGRESOS CORRIENTES,152503492245.0,,unit,COP,unclear,review,0.5,docx_parser,docx_table,"Parsed from table 0, row 0"
Colombia,2012,pdf_a443d53f4799__2012_Ley_1485_de_2011.txt,0,section_total,,CLUB MILITAR DE OFICIALES A-INGRESOS CORRIENTES,CLUB MILITAR DE OFICIALES A-INGRESOS CORRIENTES,,CLUB MILITAR DE OFICIALES A-INGRESOS CORRIENTES,CLUB MILITAR DE OFICIALES A-INGRESOS CORRIENTES,33423809654.0,,unit,COP,unclear,review,0.6,docx_parser,docx_table,"Parsed from table 0, row 0"
Colombia,2012,pdf_a443d53f4799__2012_Ley_1485_de_2011.txt,0,section_total,,COMISIÓN NACIONAL DE TELEVISIÓN A-INGRESOS CORRIENTES,COMISIÓN NACIONAL DE TELEVISIÓN A-INGRESOS CORRIENTES,,COMISIÓN NACIONAL DE TELEVISIÓN A-INGRESOS CORRIENTES,COMISIÓN NACIONAL DE TELEVISIÓN A-INGRESOS CORRIENTES,126865392000.0,,unit,COP,unclear,review,0.6,docx_parser,docx_table,"Parsed from table 0, row 0"
Colombia,2012,pdf_a443d53f4799__2012_Ley_1485_de_2011.txt,0,section_total,,COMISIÓN NACIONAL DEL SERVICIO CIVIL A-INGRESOS CORRIENTES,COMISIÓN NACIONAL DEL SERVICIO CIVIL A-INGRESOS CORRIENTES,,COMISIÓN NACIONAL DEL SERVICIO CIVIL A-INGRESOS CORRIENTES,COMISIÓN NACIONAL DEL SERVICIO CIVIL A-INGRESOS CORRIENTES,35457300000.0,,unit,COP,unclear,review,0.6,docx_parser,docx_table,"Parsed from table 0, row 0"
Colombia,2012,pdf_a443d53f4799__2012_Ley_1485_de_2011.txt,0,section_total,,"DEFENSA CIVIL COLOMBIANA, GUILLERMO LEÓN VALENCIA A-INGRESOS CORRIENTES","DEFENSA CIVIL COLOMBIANA, GUILLERMO LEÓN VALENCIA A-INGRESOS CORRIENTES",,"DEFENSA CIVIL COLOMBIANA, GUILLERMO LEÓN VALENCIA A-INGRESOS CORRIENTES","DEFENSA CIVIL COLOMBIANA, GUILLERMO LEÓN VALENCIA A-INGRESOS CORRIENTES",2646276000.0,,unit,COP,unclear,review,0.6,docx_parser,docx_table,"Parsed from table 0, row 0"
Colombia,2012,pdf_a443d53f4799__2012_Ley_1485_de_2011.txt,0,section_total,,DIRECCIÓN NACIONAL DE ESTUPEFACIENTES EN LIQUIDACIÓN B-RECURSOS DE CAPITAL,DIRECCIÓN NACIONAL DE ESTUPEFACIENTES EN LIQUIDACIÓN B-RECURSOS DE CAPITAL,,DIRECCIÓN NACIONAL DE ESTUPEFACIENTES EN LIQUIDACIÓN B-RECURSOS DE CAPITAL,DIRECCIÓN NACIONAL DE ESTUPEFACIENTES EN LIQUIDACIÓN B-RECURSOS DE CAPITAL,99411391878.0,,unit,COP,unclear,review,0.5,docx_parser,docx_table,"Parsed from table 0, row 0"
Colombia,2012,pdf_a443d53f4799__2012_Ley_1485_de_2011.txt,0,section_total,,ESCUELA SUPERIOR DE ADMINISTRACIÓN PÚBLICA (ESAP) A-INGRESOS CORRIENTES,ESCUELA SUPERIOR DE ADMINISTRACIÓN PÚBLICA (ESAP) A-INGRESOS CORRIENTES,,ESCUELA SUPERIOR DE ADMINISTRACIÓN PÚBLICA (ESAP) A-INGRESOS CORRIENTES,ESCUELA SUPERIOR DE ADMINISTRACIÓN PÚBLICA (ESAP) A-INGRESOS CORRIENTES,10978000000.0,,unit,COP,unclear,review,0.6,docx_parser,docx_table,"Parsed from table 0, row 0"
Colombia,2012,pdf_a443d53f4799__2012_Ley_1485_de_2011.txt,0,section_total,,FONDO DE BIENESTAR SOCIAL DE LA CONTRALORÍA GENERAL DE LA REPÚBLICA A-INGRESOS CORRIENTES,FONDO DE BIENESTAR SOCIAL DE LA CONTRALORÍA GENERAL DE LA REPÚBLICA A-INGRESOS CORRIENTES,,FONDO DE BIENESTAR SOCIAL DE LA CONTRALORÍA GENERAL DE LA REPÚBLICA A-INGRESOS CORRIENTES,FONDO DE BIENESTAR SOCIAL DE LA CONTRALORÍA GENERAL DE LA REPÚBLICA A-INGRESOS CORRIENTES,908460000.0,,unit,COP,unclear,review,0.5,docx_parser,docx_table,"Parsed from table 0, row 0"
Colombia,2012,pdf_a443d53f4799__2012_Ley_1485_de_2011.txt,0,section_total,,FONDO DE PASIVO SOCIAL DE FERROCARRILES NACIONALES DE COLOMBIA A-INGRESOS CORRIENTES,FONDO DE PASIVO SOCIAL DE FERROCARRILES NACIONALES DE COLOMBIA A-INGRESOS CORRIENTES,,FONDO DE PASIVO SOCIAL DE FERROCARRILES NACIONALES DE COLOMBIA A-INGRESOS CORRIENTES,FONDO DE PASIVO SOCIAL DE FERROCARRILES NACIONALES DE COLOMBIA A-INGRESOS CORRIENTES,64999000000.0,,unit,COP,unclear,review,0.5,docx_parser,docx_table,"Parsed from table 0, row 0"
Colombia,2012,pdf_a443d53f4799__2012_Ley_1485_de_2011.txt,0,section_total,,FONDO DE PREVISIÓN SOCIAL DEL CONGRESO A-INGRESOS CORRIENTES,FONDO DE PREVISIÓN SOCIAL DEL CONGRESO A-INGRESOS CORRIENTES,,FONDO DE PREVISIÓN SOCIAL DEL CONGRESO A-INGRESOS CORRIENTES,FONDO DE PREVISIÓN SOCIAL DEL CONGRESO A-INGRESOS CORRIENTES,12236272000.0,,unit,COP,unclear,review,0.6,docx_parser,docx_table,"Parsed from table 0, row 0"
Colombia,2012,pdf_a443d53f4799__2012_Ley_1485_de_2011.txt,0,section_total,,FONDO DE TECNOLOGÍAS DE LA INFORMACIÓN Y LAS COMUNICACIONES A-INGRESOS CORRIENTES,FONDO DE TECNOLOGÍAS DE LA INFORMACIÓN Y LAS COMUNICACIONES A-INGRESOS CORRIENTES,,FONDO DE TECNOLOGÍAS DE LA INFORMACIÓN Y LAS COMUNICACIONES A-INGRESOS CORRIENTES,FONDO DE TECNOLOGÍAS DE LA INFORMACIÓN Y LAS COMUNICACIONES A-INGRESOS CORRIENTES,913967700000.0,,unit,COP,unclear,review,0.6,docx_parser,docx_table,"Parsed from table 0, row 0"
Colombia,2012,pdf_a443d53f4799__2012_Ley_1485_de_2011.txt,0,section_total,,FONDO NACIONAL AMBIENTAL A-INGRESOS CORRIENTES,FONDO NACIONAL AMBIENTAL A-INGRESOS CORRIENTES,,FONDO NACIONAL AMBIENTAL A-INGRESOS CORRIENTES,FONDO NACIONAL AMBIENTAL A-INGRESOS CORRIENTES,17978000000.0,,unit,COP,unclear,review,0.6,docx_parser,docx_table,"Parsed from table 0, row 0"
Colombia,2012,pdf_a443d53f4799__2012_Ley_1485_de_2011.txt,0,section_total,,FONDO ROTATORIO DE LA POLICÍA A-INGRESOS CORRIENTES,FONDO ROTATORIO DE LA POLICÍA A-INGRESOS CORRIENTES,,FONDO ROTATORIO DE LA POLICÍA A-INGRESOS CORRIENTES,FONDO ROTATORIO DE LA POLICÍA A-INGRESOS CORRIENTES,293787171000.0,,unit,COP,unclear,review,0.6,docx_parser,docx_table,"Parsed from table 0, row 0"
Colombia,2012,pdf_a443d53f4799__2012_Ley_1485_de_2011.txt,0,section_total,,FONDO ROTATORIO DE LA REGISTRADURÍA A-INGRESOS CORRIENTES,FONDO ROTATORIO DE LA REGISTRADURÍA A-INGRESOS CORRIENTES,,FONDO ROTATORIO DE LA REGISTRADURÍA A-INGRESOS CORRIENTES,FONDO ROTATORIO DE LA REGISTRADURÍA A-INGRESOS CORRIENTES,39568892449.0,,unit,COP,unclear,review,0.5,docx_parser,docx_table,"Parsed from table 0, row 0"
Colombia,2012,pdf_a443d53f4799__2012_Ley_1485_de_2011.txt,0,section_total,,FONDO ROTATORIO DEL DANE A-INGRESOS CORRIENTES,FONDO ROTATORIO DEL DANE A-INGRESOS CORRIENTES,,FONDO ROTATORIO DEL DANE A-INGRESOS CORRIENTES,FONDO ROTATORIO DEL DANE A-INGRESOS CORRIENTES,6896134941.0,,unit,COP,unclear,review,0.5,docx_parser,docx_table,"Parsed from table 0, row 0"
Colombia,2012,pdf_a443d53f4799__2012_Ley_1485_de_2011.txt,0,section_total,,FONDO ROTATORIO DEL DEPARTAMENTO ADMINISTRATIVO DE SEGURIDAD A-INGRESOS CORRIENTES,FONDO ROTATORIO DEL DEPARTAMENTO ADMINISTRATIVO DE SEGURIDAD A-INGRESOS CORRIENTES,,FONDO ROTATORIO DEL DEPARTAMENTO ADMINISTRATIVO DE SEGURIDAD A-INGRESOS CORRIENTES,FONDO ROTATORIO DEL DEPARTAMENTO ADMINISTRATIVO DE SEGURIDAD A-INGRESOS CORRIENTES,10936833000.0,,unit,COP,unclear,review,0.5,docx_parser,docx_table,"Parsed from table 0, row 0"
Colombia,2012,pdf_a443d53f4799__2012_Ley_1485_de_2011.txt,0,section_total,,FONDO ROTATORIO DEL MINISTERIO DE RELACIONES EXTERIORES A-INGRESOS CORRIENTES,FONDO ROTATORIO DEL MINISTERIO DE RELACIONES EXTERIORES A-INGRESOS CORRIENTES,,FONDO ROTATORIO DEL MINISTERIO DE RELACIONES EXTERIORES A-INGRESOS CORRIENTES,FONDO ROTATORIO DEL MINISTERIO DE RELACIONES EXTERIORES A-INGRESOS CORRIENTES,161968628177.0,,unit,COP,unclear,review,0.5,docx_parser,docx_table,"Parsed from table 0, row 0"
Colombia,2012,pdf_a443d53f4799__2012_Ley_1485_de_2011.txt,0,section_total,,FONDO SOCIAL DE VIVIENDA DE LA REGISTRADURÍA NACIONAL DEL ESTADO CIVIL B-RECURSOS DE CAPITAL,FONDO SOCIAL DE VIVIENDA DE LA REGISTRADURÍA NACIONAL DEL ESTADO CIVIL B-RECURSOS DE CAPITAL,,FONDO SOCIAL DE VIVIENDA DE LA REGISTRADURÍA NACIONAL DEL ESTADO CIVIL B-RECURSOS DE CAPITAL,FONDO SOCIAL DE VIVIENDA DE LA REGISTRADURÍA NACIONAL DEL ESTADO CIVIL B-RECURSOS DE CAPITAL,6720279000.0,,unit,COP,unclear,review,0.5,docx_parser,docx_table,"Parsed from table 0, row 0"
Colombia,2012,pdf_a443d53f4799__2012_Ley_1485_de_2011.txt,0,section_total,,HOSPITAL MILITAR A-INGRESOS CORRIENTES,HOSPITAL MILITAR A-INGRESOS CORRIENTES,,HOSPITAL MILITAR A-INGRESOS CORRIENTES,HOSPITAL MILITAR A-INGRESOS CORRIENTES,177636600000.0,,unit,COP,unclear,review,0.6,docx_parser,docx_table,"Parsed from table 0, row 0"
Colombia,2012,pdf_a443d53f4799__2012_Ley_1485_de_2011.txt,0,section_total,,II - INGRESOS DE LOS ESTABLECIMIENTOS PÚBLICOS,II - INGRESOS DE LOS ESTABLECIMIENTOS PÚBLICOS,,II - INGRESOS DE LOS ESTABLECIMIENTOS PÚBLICOS,II - INGRESOS DE LOS ESTABLECIMIENTOS PÚBLICOS,14131704719419.0,,unit,COP,unclear,review,0.5,docx_parser,docx_table,"Parsed from table 0, row 0"
Colombia,2012,pdf_a443d53f4799__2012_Ley_1485_de_2011.txt,0,section_total,,III- TOTAL INGRESOS,III- TOTAL INGRESOS,,III- TOTAL INGRESOS,III- TOTAL INGRESOS,165276318002513.0,,unit,COP,unclear,review,0.5,docx_parser,docx_table,"Parsed from table 0, row 0"
Colombia,2012,pdf_a443d53f4799__2012_Ley_1485_de_2011.txt,0,section_total,,INSTITUTO CARO Y CUERVO A-INGRESOS CORRIENTES,INSTITUTO CARO Y CUERVO A-INGRESOS CORRIENTES,,INSTITUTO CARO Y CUERVO A-INGRESOS CORRIENTES,INSTITUTO CARO Y CUERVO A-INGRESOS CORRIENTES,109100410.0,,unit,COP,unclear,review,0.6,docx_parser,docx_table,"Parsed from table 0, row 0"
Colombia,2012,pdf_a443d53f4799__2012_Ley_1485_de_2011.txt,0,section_total,,INSTITUTO CASAS FISCALES DEL EJÉRCITO A-INGRESOS CORRIENTES,INSTITUTO CASAS FISCALES DEL EJÉRCITO A-INGRESOS CORRIENTES,,INSTITUTO CASAS FISCALES DEL EJÉRCITO A-INGRESOS CORRIENTES,INSTITUTO CASAS FISCALES DEL EJÉRCITO A-INGRESOS CORRIENTES,31140116200.0,,unit,COP,unclear,review,0.6,docx_parser,docx_table,"Parsed from table 0, row 0"
Colombia,2012,pdf_a443d53f4799__2012_Ley_1485_de_2011.txt,0,section_total,,INSTITUTO COLOMBIANO AGROPECUARIO (ICA) A-INGRESOS CORRIENTES,INSTITUTO COLOMBIANO AGROPECUARIO (ICA) A-INGRESOS CORRIENTES,,INSTITUTO COLOMBIANO AGROPECUARIO (ICA) A-INGRESOS CORRIENTES,INSTITUTO COLOMBIANO AGROPECUARIO (ICA) A-INGRESOS CORRIENTES,31462186000.0,,unit,COP,unclear,review,0.6,docx_parser,docx_table,"Parsed from table 0, row 0"
Colombia,2012,pdf_a443d53f4799__2012_Ley_1485_de_2011.txt,0,section_total,,INSTITUTO COLOMBIANO DE ANTROPOLOGÍA E HISTORIA A-INGRESOS CORRIENTES,INSTITUTO COLOMBIANO DE ANTROPOLOGÍA E HISTORIA A-INGRESOS CORRIENTES,,INSTITUTO COLOMBIANO DE ANTROPOLOGÍA E HISTORIA A-INGRESOS CORRIENTES,INSTITUTO COLOMBIANO DE ANTROPOLOGÍA E HISTORIA A-INGRESOS CORRIENTES,1197644580.0,,unit,COP,science_agency,include,0.9,docx_parser,docx_table,"Parsed from table 0, row 0"
Colombia,2012,pdf_a443d53f4799__2012_Ley_1485_de_2011.txt,0,section_total,,INSTITUTO COLOMBIANO DE BIENESTAR FAMILIAR (ICBF) A-INGRESOS CORRIENTES,INSTITUTO COLOMBIANO DE BIENESTAR FAMILIAR (ICBF) A-INGRESOS CORRIENTES,,INSTITUTO COLOMBIANO DE BIENESTAR FAMILIAR (ICBF) A-INGRESOS CORRIENTES,INSTITUTO COLOMBIANO DE BIENESTAR FAMILIAR (ICBF) A-INGRESOS CORRIENTES,723251000.0,,unit,COP,unclear,review,0.5,docx_parser,docx_table,"Parsed from table 0, row 0"
Colombia,2012,pdf_a443d53f4799__2012_Ley_1485_de_2011.txt,0,section_total,,INSTITUTO COLOMBIANO DE DESARROLLO RURAL - INCODER A-INGRESOS CORRIENTES,INSTITUTO COLOMBIANO DE DESARROLLO RURAL - INCODER A-INGRESOS CORRIENTES,,INSTITUTO COLOMBIANO DE DESARROLLO RURAL - INCODER A-INGRESOS CORRIENTES,INSTITUTO COLOMBIANO DE DESARROLLO RURAL - INCODER A-INGRESOS CORRIENTES,4964000000.0,,unit,COP,unclear,review,0.5,docx_parser,docx_table,"Parsed from table 0, row 0"
Colombia,2012,pdf_a443d53f4799__2012_Ley_1485_de_2011.txt,0,section_total,,INSTITUTO COLOMBIANO DE GEOLOGÍA Y MINERÍA – INGEOMINAS A-INGRESOS CORRIENTES,INSTITUTO COLOMBIANO DE GEOLOGÍA Y MINERÍA – INGEOMINAS A-INGRESOS CORRIENTES,,INSTITUTO COLOMBIANO DE GEOLOGÍA Y MINERÍA – INGEOMINAS A-INGRESOS CORRIENTES,INSTITUTO COLOMBIANO DE GEOLOGÍA Y MINERÍA – INGEOMINAS A-INGRESOS CORRIENTES,168092662000.0,,unit,COP,unclear,review,0.6,docx_parser,docx_table,"Parsed from table 0, row 0"
Colombia,2012,pdf_a443d53f4799__2012_Ley_1485_de_2011.txt,0,section_total,,INSTITUTO COLOMBIANO DEL DEPORTE - COLDEPORTES A-INGRESOS CORRIENTES,INSTITUTO COLOMBIANO DEL DEPORTE - COLDEPORTES A-INGRESOS CORRIENTES,,INSTITUTO COLOMBIANO DEL DEPORTE - COLDEPORTES A-INGRESOS CORRIENTES,INSTITUTO COLOMBIANO DEL DEPORTE - COLDEPORTES A-INGRESOS CORRIENTES,1754918307.0,,unit,COP,unclear,review,0.6,docx_parser,docx_table,"Parsed from table 0, row 0"
Colombia,2012,pdf_a443d53f4799__2012_Ley_1485_de_2011.txt,0,section_total,,"INSTITUTO DE HIDROLOGÍA, METEOROLOGÍA Y ESTUDIOS AMBIENTALES - IDEAM A-INGRESOS CORRIENTES","INSTITUTO DE HIDROLOGÍA, METEOROLOGÍA Y ESTUDIOS AMBIENTALES - IDEAM A-INGRESOS CORRIENTES",,"INSTITUTO DE HIDROLOGÍA, METEOROLOGÍA Y ESTUDIOS AMBIENTALES - IDEAM A-INGRESOS CORRIENTES","INSTITUTO DE HIDROLOGÍA, METEOROLOGÍA Y ESTUDIOS AMBIENTALES - IDEAM A-INGRESOS CORRIENTES",3400000000.0,,unit,COP,unclear,review,0.5,docx_parser,docx_table,"Parsed from table 0, row 0"
Colombia,2012,pdf_a443d53f4799__2012_Ley_1485_de_2011.txt,0,section_total,,INSTITUTO DE PLANIFICACIÓN Y PROMOCIÓN DE SOLUCIONES ENERGÉTICAS PARA LAS ZONAS NO INTERCONECTADAS – IPSE A-INGRESOS CORRIENTES,INSTITUTO DE PLANIFICACIÓN Y PROMOCIÓN DE SOLUCIONES ENERGÉTICAS PARA LAS ZONAS NO INTERCONECTADAS – IPSE A-INGRESOS CORRIENTES,,INSTITUTO DE PLANIFICACIÓN Y PROMOCIÓN DE SOLUCIONES ENERGÉTICAS PARA LAS ZONAS NO INTERCONECTADAS – IPSE A-INGRESOS CORRIENTES,INSTITUTO DE PLANIFICACIÓN Y PROMOCIÓN DE SOLUCIONES ENERGÉTICAS PARA LAS ZONAS NO INTERCONECTADAS – IPSE A-INGRESOS CORRIENTES,3255000000.0,,unit,COP,unclear,review,0.6,docx_parser,docx_table,"Parsed from table 0, row 0"
Colombia,2012,pdf_a443d53f4799__2012_Ley_1485_de_2011.txt,0,section_total,,INSTITUTO GEOGRÁFICO AGUSTÍN CODAZZI - IGAC A-INGRESOS CORRIENTES,INSTITUTO GEOGRÁFICO AGUSTÍN CODAZZI - IGAC A-INGRESOS CORRIENTES,,INSTITUTO GEOGRÁFICO AGUSTÍN CODAZZI - IGAC A-INGRESOS CORRIENTES,INSTITUTO GEOGRÁFICO AGUSTÍN CODAZZI - IGAC A-INGRESOS CORRIENTES,35418759487.0,,unit,COP,unclear,review,0.6,docx_parser,docx_table,"Parsed from table 0, row 0"
Colombia,2012,pdf_a443d53f4799__2012_Ley_1485_de_2011.txt,0,section_total,,INSTITUTO NACIONAL DE CONCESIONES - INCO A-INGRESOS CORRIENTES,INSTITUTO NACIONAL DE CONCESIONES - INCO A-INGRESOS CORRIENTES,,INSTITUTO NACIONAL DE CONCESIONES - INCO A-INGRESOS CORRIENTES,INSTITUTO NACIONAL DE CONCESIONES - INCO A-INGRESOS CORRIENTES,164898600000.0,,unit,COP,unclear,review,0.6,docx_parser,docx_table,"Parsed from table 0, row 0"
Colombia,2012,pdf_a443d53f4799__2012_Ley_1485_de_2011.txt,0,section_total,,INSTITUTO NACIONAL DE FORMACIÓN TÉCNICA PROFESIONAL DE SAN ANDRÉS Y PROVIDENCIA A-INGRESOS CORRIENTES,INSTITUTO NACIONAL DE FORMACIÓN TÉCNICA PROFESIONAL DE SAN ANDRÉS Y PROVIDENCIA A-INGRESOS CORRIENTES,,INSTITUTO NACIONAL DE FORMACIÓN TÉCNICA PROFESIONAL DE SAN ANDRÉS Y PROVIDENCIA A-INGRESOS CORRIENTES,INSTITUTO NACIONAL DE FORMACIÓN TÉCNICA PROFESIONAL DE SAN ANDRÉS Y PROVIDENCIA A-INGRESOS CORRIENTES,407800000.0,,unit,COP,unclear,review,0.6,docx_parser,docx_table,"Parsed from table 0, row 0"
Colombia,2012,pdf_a443d53f4799__2012_Ley_1485_de_2011.txt,0,section_total,,INSTITUTO NACIONAL DE FORMACIÓN TÉCNICA PROFESIONAL DE SAN JUAN DEL CESAR A-INGRESOS CORRIENTES,INSTITUTO NACIONAL DE FORMACIÓN TÉCNICA PROFESIONAL DE SAN JUAN DEL CESAR A-INGRESOS CORRIENTES,,INSTITUTO NACIONAL DE FORMACIÓN TÉCNICA PROFESIONAL DE SAN JUAN DEL CESAR A-INGRESOS CORRIENTES,INSTITUTO NACIONAL DE FORMACIÓN TÉCNICA PROFESIONAL DE SAN JUAN DEL CESAR A-INGRESOS CORRIENTES,772100000.0,,unit,COP,unclear,review,0.6,docx_parser,docx_table,"Parsed from table 0, row 0"
Colombia,2012,pdf_a443d53f4799__2012_Ley_1485_de_2011.txt,0,section_total,,INSTITUTO NACIONAL DE MEDICINA LEGAL Y CIENCIAS FORENSES A-INGRESOS CORRIENTES,INSTITUTO NACIONAL DE MEDICINA LEGAL Y CIENCIAS FORENSES A-INGRESOS CORRIENTES,,INSTITUTO NACIONAL DE MEDICINA LEGAL Y CIENCIAS FORENSES A-INGRESOS CORRIENTES,INSTITUTO NACIONAL DE MEDICINA LEGAL Y CIENCIAS FORENSES A-INGRESOS CORRIENTES,6194997167.0,,unit,COP,unclear,review,0.6,docx_parser,docx_table,"Parsed from table 0, row 0"
Colombia,2012,pdf_a443d53f4799__2012_Ley_1485_de_2011.txt,0,section_total,,INSTITUTO NACIONAL DE SALUD (INS) A-INGRESOS CORRIENTES,INSTITUTO NACIONAL DE SALUD (INS) A-INGRESOS CORRIENTES,,INSTITUTO NACIONAL DE SALUD (INS) A-INGRESOS CORRIENTES,INSTITUTO NACIONAL DE SALUD (INS) A-INGRESOS CORRIENTES,2288700000.0,,unit,COP,unclear,review,0.6,docx_parser,docx_table,"Parsed from table 0, row 0"
Colombia,2012,pdf_a443d53f4799__2012_Ley_1485_de_2011.txt,0,section_total,,INSTITUTO NACIONAL DE VIGILANCIA DE MEDICAMENTOS Y ALIMENTOS - INVIMA A-INGRESOS CORRIENTES,INSTITUTO NACIONAL DE VIGILANCIA DE MEDICAMENTOS Y ALIMENTOS - INVIMA A-INGRESOS CORRIENTES,,INSTITUTO NACIONAL DE VIGILANCIA DE MEDICAMENTOS Y ALIMENTOS - INVIMA A-INGRESOS CORRIENTES,INSTITUTO NACIONAL DE VIGILANCIA DE MEDICAMENTOS Y ALIMENTOS - INVIMA A-INGRESOS CORRIENTES,81221128809.0,,unit,COP,science_agency,include,0.9,docx_parser,docx_table,"Parsed from table 0, row 0"
Colombia,2012,pdf_a443d53f4799__2012_Ley_1485_de_2011.txt,0,section_total,,INSTITUTO NACIONAL DE VÍAS A-INGRESOS CORRIENTES,INSTITUTO NACIONAL DE VÍAS A-INGRESOS CORRIENTES,,INSTITUTO NACIONAL DE VÍAS A-INGRESOS CORRIENTES,INSTITUTO NACIONAL DE VÍAS A-INGRESOS CORRIENTES,298418800000.0,,unit,COP,unclear,review,0.6,docx_parser,docx_table,"Parsed from table 0, row 0"
Colombia,2012,pdf_a443d53f4799__2012_Ley_1485_de_2011.txt,0,section_total,,INSTITUTO NACIONAL PARA CIEGOS (INCI) A-INGRESOS CORRIENTES,INSTITUTO NACIONAL PARA CIEGOS (INCI) A-INGRESOS CORRIENTES,,INSTITUTO NACIONAL PARA CIEGOS (INCI) A-INGRESOS CORRIENTES,INSTITUTO NACIONAL PARA CIEGOS (INCI) A-INGRESOS CORRIENTES,500900000.0,,unit,COP,unclear,review,0.6,docx_parser,docx_table,"Parsed from table 0, row 0"
Colombia,2012,pdf_a443d53f4799__2012_Ley_1485_de_2011.txt,0,section_total,,INSTITUTO NACIONAL PARA SORDOS (INSOR) A-INGRESOS CORRIENTES,INSTITUTO NACIONAL PARA SORDOS (INSOR) A-INGRESOS CORRIENTES,,INSTITUTO NACIONAL PARA SORDOS (INSOR) A-INGRESOS CORRIENTES,INSTITUTO NACIONAL PARA SORDOS (INSOR) A-INGRESOS CORRIENTES,463088696.0,,unit,COP,unclear,review,0.6,docx_parser,docx_table,"Parsed from table 0, row 0"
Colombia,2012,pdf_a443d53f4799__2012_Ley_1485_de_2011.txt,0,section_total,,INSTITUTO NACIONAL PENITENCIARIO Y CARCELARIO - INPEC A-INGRESOS CORRIENTES,INSTITUTO NACIONAL PENITENCIARIO Y CARCELARIO - INPEC A-INGRESOS CORRIENTES,,INSTITUTO NACIONAL PENITENCIARIO Y CARCELARIO - INPEC A-INGRESOS CORRIENTES,INSTITUTO NACIONAL PENITENCIARIO Y CARCELARIO - INPEC A-INGRESOS CORRIENTES,106969308858.0,,unit,COP,unclear,review,0.6,docx_parser,docx_table,"Parsed from table 0, row 0"
Colombia,2012,pdf_a443d53f4799__2012_Ley_1485_de_2011.txt,0,section_total,,INSTITUTO TOLIMENSE DE FORMACIÓN TÉCNICA PROFESIONAL A-INGRESOS CORRIENTES,INSTITUTO TOLIMENSE DE FORMACIÓN TÉCNICA PROFESIONAL A-INGRESOS CORRIENTES,,INSTITUTO TOLIMENSE DE FORMACIÓN TÉCNICA PROFESIONAL A-INGRESOS CORRIENTES,INSTITUTO TOLIMENSE DE FORMACIÓN TÉCNICA PROFESIONAL A-INGRESOS CORRIENTES,2846247977.0,,unit,COP,unclear,review,0.6,docx_parser,docx_table,"Parsed from table 0, row 0"
Colombia,2012,pdf_a443d53f4799__2012_Ley_1485_de_2011.txt,0,section_total,,INSTITUTO TÉCNICO CENTRAL A-INGRESOS CORRIENTES,INSTITUTO TÉCNICO CENTRAL A-INGRESOS CORRIENTES,,INSTITUTO TÉCNICO CENTRAL A-INGRESOS CORRIENTES,INSTITUTO TÉCNICO CENTRAL A-INGRESOS CORRIENTES,4734793930.0,,unit,COP,unclear,review,0.5,docx_parser,docx_table,"Parsed from table 0, row 0"
Colombia,2012,pdf_a443d53f4799__2012_Ley_1485_de_2011.txt,0,section_total,,"INSTITUTO TÉCNICO NACIONAL DE COMERCIO ""SIMÓN RODRÍGUEZ"" DE CALI A-INGRESOS CORRIENTES","INSTITUTO TÉCNICO NACIONAL DE COMERCIO ""SIMÓN RODRÍGUEZ"" DE CALI A-INGRESOS CORRIENTES",,"INSTITUTO TÉCNICO NACIONAL DE COMERCIO ""SIMÓN RODRÍGUEZ"" DE CALI A-INGRESOS CORRIENTES","INSTITUTO TÉCNICO NACIONAL DE COMERCIO ""SIMÓN RODRÍGUEZ"" DE CALI A-INGRESOS CORRIENTES",1178133136.0,,unit,COP,unclear,review,0.6,docx_parser,docx_table,"Parsed from table 0, row 0"
Colombia,2012,pdf_a443d53f4799__2012_Ley_1485_de_2011.txt,0,section_total,,RENTAS DEL PRESUPUESTO GENERAL DE LA NACIÓN I - INGRESOS DEL PRESUPUESTO NACIONAL,RENTAS DEL PRESUPUESTO GENERAL DE LA NACIÓN I - INGRESOS DEL PRESUPUESTO NACIONAL,,RENTAS DEL PRESUPUESTO GENERAL DE LA NACIÓN I - INGRESOS DEL PRESUPUESTO NACIONAL,RENTAS DEL PRESUPUESTO GENERAL DE LA NACIÓN I - INGRESOS DEL PRESUPUESTO NACIONAL,214521951339083.0,,unit,COP,unclear,review,0.5,docx_parser,docx_table,"Parsed from table 0, row 0"
Colombia,2012,pdf_a443d53f4799__2012_Ley_1485_de_2011.txt,0,section_total,,SERVICIO NACIONAL DE APRENDIZAJE (SENA) A-INGRESOS CORRIENTES,SERVICIO NACIONAL DE APRENDIZAJE (SENA) A-INGRESOS CORRIENTES,,SERVICIO NACIONAL DE APRENDIZAJE (SENA) A-INGRESOS CORRIENTES,SERVICIO NACIONAL DE APRENDIZAJE (SENA) A-INGRESOS CORRIENTES,196696000000.0,,unit,COP,unclear,review,0.6,docx_parser,docx_table,"Parsed from table 0, row 0"
Colombia,2012,pdf_a443d53f4799__2012_Ley_1485_de_2011.txt,0,section_total,,SUPERINTENDENCIA DE INDUSTRIA Y COMERCIO A-INGRESOS CORRIENTES,SUPERINTENDENCIA DE INDUSTRIA Y COMERCIO A-INGRESOS CORRIENTES,,SUPERINTENDENCIA DE INDUSTRIA Y COMERCIO A-INGRESOS CORRIENTES,SUPERINTENDENCIA DE INDUSTRIA Y COMERCIO A-INGRESOS CORRIENTES,44913785000.0,,unit,COP,unclear,review,0.6,docx_parser,docx_table,"Parsed from table 0, row 0"
Colombia,2012,pdf_a443d53f4799__2012_Ley_1485_de_2011.txt,0,section_total,,SUPERINTENDENCIA DE LA ECONOMÍA SOLIDARIA A-INGRESOS CORRIENTES,SUPERINTENDENCIA DE LA ECONOMÍA SOLIDARIA A-INGRESOS CORRIENTES,,SUPERINTENDENCIA DE LA ECONOMÍA SOLIDARIA A-INGRESOS CORRIENTES,SUPERINTENDENCIA DE LA ECONOMÍA SOLIDARIA A-INGRESOS CORRIENTES,8106214941.0,,unit,COP,unclear,review,0.6,docx_parser,docx_table,"Parsed from table 0, row 0"
Colombia,2012,pdf_a443d53f4799__2012_Ley_1485_de_2011.txt,0,section_total,,SUPERINTENDENCIA DE NOTARIADO Y REGISTRO A-INGRESOS CORRIENTES,SUPERINTENDENCIA DE NOTARIADO Y REGISTRO A-INGRESOS CORRIENTES,,SUPERINTENDENCIA DE NOTARIADO Y REGISTRO A-INGRESOS CORRIENTES,SUPERINTENDENCIA DE NOTARIADO Y REGISTRO A-INGRESOS CORRIENTES,529437272777.0,,unit,COP,unclear,review,0.6,docx_parser,docx_table,"Parsed from table 0, row 0"
Colombia,2012,pdf_a443d53f4799__2012_Ley_1485_de_2011.txt,0,section_total,,SUPERINTENDENCIA DE SERVICIOS PÚBLICOS DOMICILIARIOS A-INGRESOS CORRIENTES,SUPERINTENDENCIA DE SERVICIOS PÚBLICOS DOMICILIARIOS A-INGRESOS CORRIENTES,,SUPERINTENDENCIA DE SERVICIOS PÚBLICOS DOMICILIARIOS A-INGRESOS CORRIENTES,SUPERINTENDENCIA DE SERVICIOS PÚBLICOS DOMICILIARIOS A-INGRESOS CORRIENTES,71592196689.0,,unit,COP,unclear,review,0.5,docx_parser,docx_table,"Parsed from table 0, row 0"
Colombia,2012,pdf_a443d53f4799__2012_Ley_1485_de_2011.txt,0,section_total,,SUPERINTENDENCIA DE SOCIEDADES A-INGRESOS CORRIENTES,SUPERINTENDENCIA DE SOCIEDADES A-INGRESOS CORRIENTES,,SUPERINTENDENCIA DE SOCIEDADES A-INGRESOS CORRIENTES,SUPERINTENDENCIA DE SOCIEDADES A-INGRESOS CORRIENTES,73967003000.0,,unit,COP,unclear,review,0.5,docx_parser,docx_table,"Parsed from table 0, row 0"
Colombia,2012,pdf_a443d53f4799__2012_Ley_1485_de_2011.txt,0,section_total,,SUPERINTENDENCIA DE VIGILANCIA Y SEGURIDAD PRIVADA A-INGRESOS CORRIENTES,SUPERINTENDENCIA DE VIGILANCIA Y SEGURIDAD PRIVADA A-INGRESOS CORRIENTES,,SUPERINTENDENCIA DE VIGILANCIA Y SEGURIDAD PRIVADA A-INGRESOS CORRIENTES,SUPERINTENDENCIA DE VIGILANCIA Y SEGURIDAD PRIVADA A-INGRESOS CORRIENTES,12104976473.0,,unit,COP,unclear,review,0.6,docx_parser,docx_table,"Parsed from table 0, row 0"
Colombia,2012,pdf_a443d53f4799__2012_Ley_1485_de_2011.txt,0,section_total,,SUPERINTENDENCIA FINANCIERA DE COLOMBIA A-INGRESOS CORRIENTES,SUPERINTENDENCIA FINANCIERA DE COLOMBIA A-INGRESOS CORRIENTES,,SUPERINTENDENCIA FINANCIERA DE COLOMBIA A-INGRESOS CORRIENTES,SUPERINTENDENCIA FINANCIERA DE COLOMBIA A-INGRESOS CORRIENTES,139716855785.0,,unit,COP,unclear,review,0.6,docx_parser,docx_table,"Parsed from table 0, row 0"
Colombia,2012,pdf_a443d53f4799__2012_Ley_1485_de_2011.txt,0,section_total,,SUPERINTENDENCIA NACIONAL DE SALUD A-INGRESOS CORRIENTES,SUPERINTENDENCIA NACIONAL DE SALUD A-INGRESOS CORRIENTES,,SUPERINTENDENCIA NACIONAL DE SALUD A-INGRESOS CORRIENTES,SUPERINTENDENCIA NACIONAL DE SALUD A-INGRESOS CORRIENTES,55462580000.0,,unit,COP,unclear,review,0.6,docx_parser,docx_table,"Parsed from table 0, row 0"
Colombia,2012,pdf_a443d53f4799__2012_Ley_1485_de_2011.txt,0,section_total,,UNIDAD ADMINISTRATIVA ESPECIAL COMISIÓN DE REGULACIÓN EN SALUD - CRES A-INGRESOS CORRIENTES,UNIDAD ADMINISTRATIVA ESPECIAL COMISIÓN DE REGULACIÓN EN SALUD - CRES A-INGRESOS CORRIENTES,,UNIDAD ADMINISTRATIVA ESPECIAL COMISIÓN DE REGULACIÓN EN SALUD - CRES A-INGRESOS CORRIENTES,UNIDAD ADMINISTRATIVA ESPECIAL COMISIÓN DE REGULACIÓN EN SALUD - CRES A-INGRESOS CORRIENTES,15833920000.0,,unit,COP,unclear,review,0.6,docx_parser,docx_table,"Parsed from table 0, row 0"
Colombia,2012,pdf_a443d53f4799__2012_Ley_1485_de_2011.txt,0,section_total,,UNIDAD ADMINISTRATIVA ESPECIAL DE LA AERONÁUTICA CIVIL A-INGRESOS CORRIENTES,UNIDAD ADMINISTRATIVA ESPECIAL DE LA AERONÁUTICA CIVIL A-INGRESOS CORRIENTES,,UNIDAD ADMINISTRATIVA ESPECIAL DE LA AERONÁUTICA CIVIL A-INGRESOS CORRIENTES,UNIDAD ADMINISTRATIVA ESPECIAL DE LA AERONÁUTICA CIVIL A-INGRESOS CORRIENTES,398181200000.0,,unit,COP,unclear,review,0.5,docx_parser,docx_table,"Parsed from table 0, row 0"
Colombia,2012,pdf_a443d53f4799__2012_Ley_1485_de_2011.txt,0,section_total,,UNIDAD ADMINISTRATIVA ESPECIAL DIRECCIÓN DE IMPUESTOS Y ADUANAS NACIONALES A-INGRESOS CORRIENTES,UNIDAD ADMINISTRATIVA ESPECIAL DIRECCIÓN DE IMPUESTOS Y ADUANAS NACIONALES A-INGRESOS CORRIENTES,,UNIDAD ADMINISTRATIVA ESPECIAL DIRECCIÓN DE IMPUESTOS Y ADUANAS NACIONALES A-INGRESOS CORRIENTES,UNIDAD ADMINISTRATIVA ESPECIAL DIRECCIÓN DE IMPUESTOS Y ADUANAS NACIONALES A-INGRESOS CORRIENTES,41800000000.0,,unit,COP,unclear,review,0.5,docx_parser,docx_table,"Parsed from table 0, row 0"
Colombia,2012,pdf_a443d53f4799__2012_Ley_1485_de_2011.txt,0,section_total,,UNIDAD ADMINISTRATIVA ESPECIAL JUNTA CENTRAL CONTADORES A-INGRESOS CORRIENTES,UNIDAD ADMINISTRATIVA ESPECIAL JUNTA CENTRAL CONTADORES A-INGRESOS CORRIENTES,,UNIDAD ADMINISTRATIVA ESPECIAL JUNTA CENTRAL CONTADORES A-INGRESOS CORRIENTES,UNIDAD ADMINISTRATIVA ESPECIAL JUNTA CENTRAL CONTADORES A-INGRESOS CORRIENTES,2650500000.0,,unit,COP,unclear,review,0.5,docx_parser,docx_table,"Parsed from table 0, row 0"
Colombia,2012,pdf_a443d53f4799__2012_Ley_1485_de_2011.txt,0,section_total,,UNIDAD DE PLANEACIÓN MINERO-ENERGÉTICA - UPME A-INGRESOS CORRIENTES,UNIDAD DE PLANEACIÓN MINERO-ENERGÉTICA - UPME A-INGRESOS CORRIENTES,,UNIDAD DE PLANEACIÓN MINERO-ENERGÉTICA - UPME A-INGRESOS CORRIENTES,UNIDAD DE PLANEACIÓN MINERO-ENERGÉTICA - UPME A-INGRESOS CORRIENTES,7742200000.0,,unit,COP,science_agency,include,0.9,docx_parser,docx_table,"Parsed from table 0, row 0"
Colombia,2013,pdf_cc143adb1f77__2013_Ley_1593_de_2012.txt,0,section_total,,A DE INDUSTRIA Y COMERCIO,A DE INDUSTRIA Y COMERCIO,,A DE INDUSTRIA Y COMERCIO,A DE INDUSTRIA Y COMERCIO,51761076000.0,,unit,COP,unclear,review,0.5,docx_parser,docx_table,"Parsed from table 0, row 0"
Colombia,2013,pdf_cc143adb1f77__2013_Ley_1593_de_2012.txt,0,section_total,,A DE LA ECONOMÍA SOLIDARIA,A DE LA ECONOMÍA SOLIDARIA,,A DE LA ECONOMÍA SOLIDARIA,A DE LA ECONOMÍA SOLIDARIA,8153640406.0,,unit,COP,unclear,review,0.5,docx_parser,docx_table,"Parsed from table 0, row 0"
Colombia,2013,pdf_cc143adb1f77__2013_Ley_1593_de_2012.txt,0,section_total,,A DE LAS FUERZAS MILITARES,A DE LAS FUERZAS MILITARES,,A DE LAS FUERZAS MILITARES,A DE LAS FUERZAS MILITARES,974333357669.0,,unit,COP,unclear,review,0.5,docx_parser,docx_table,"Parsed from table 0, row 0"
Colombia,2013,pdf_cc143adb1f77__2013_Ley_1593_de_2012.txt,0,section_total,,A DE NOTARIADO Y REGISTRO,A DE NOTARIADO Y REGISTRO,,A DE NOTARIADO Y REGISTRO,A DE NOTARIADO Y REGISTRO,579758717755.0,,unit,COP,unclear,review,0.5,docx_parser,docx_table,"Parsed from table 0, row 0"
Colombia,2013,pdf_cc143adb1f77__2013_Ley_1593_de_2012.txt,0,section_total,,A DE SERVICIOS PÚBLICOS DOMICILIARIOS,A DE SERVICIOS PÚBLICOS DOMICILIARIOS,,A DE SERVICIOS PÚBLICOS DOMICILIARIOS,A DE SERVICIOS PÚBLICOS DOMICILIARIOS,84100000000.0,,unit,COP,unclear,review,0.5,docx_parser,docx_table,"Parsed from table 0, row 0"
Colombia,2013,pdf_cc143adb1f77__2013_Ley_1593_de_2012.txt,0,section_total,,A DE SOCIEDADES,A DE SOCIEDADES,,A DE SOCIEDADES,A DE SOCIEDADES,105506142000.0,,unit,COP,unclear,review,0.5,docx_parser,docx_table,"Parsed from table 0, row 0"
Colombia,2013,pdf_cc143adb1f77__2013_Ley_1593_de_2012.txt,0,section_total,,A DE VIGILANCIA Y SEGURIDAD PRIVADA,A DE VIGILANCIA Y SEGURIDAD PRIVADA,,A DE VIGILANCIA Y SEGURIDAD PRIVADA,A DE VIGILANCIA Y SEGURIDAD PRIVADA,12202538000.0,,unit,COP,unclear,review,0.5,docx_parser,docx_table,"Parsed from table 0, row 0"
Colombia,2013,pdf_cc143adb1f77__2013_Ley_1593_de_2012.txt,0,section_total,,A FINANCIERA DE COLOMBIA,A FINANCIERA DE COLOMBIA,,A FINANCIERA DE COLOMBIA,A FINANCIERA DE COLOMBIA,177171359000.0,,unit,COP,unclear,review,0.5,docx_parser,docx_table,"Parsed from table 0, row 0"
Colombia,2013,pdf_cc143adb1f77__2013_Ley_1593_de_2012.txt,0,section_total,,A NACIONAL DE SALUD,A NACIONAL DE SALUD,,A NACIONAL DE SALUD,A NACIONAL DE SALUD,63948700000.0,,unit,COP,unclear,review,0.5,docx_parser,docx_table,"Parsed from table 0, row 0"
Colombia,2013,pdf_cc143adb1f77__2013_Ley_1593_de_2012.txt,0,section_total,,ACIÓN MINERO-ENERGÉTICA - UPME,ACIÓN MINERO-ENERGÉTICA - UPME,,ACIÓN MINERO-ENERGÉTICA - UPME,ACIÓN MINERO-ENERGÉTICA - UPME,30697081000.0,,unit,COP,unclear,review,0.6,docx_parser,docx_table,"Parsed from table 0, row 0"
Colombia,2013,pdf_cc143adb1f77__2013_Ley_1593_de_2012.txt,0,section_total,,AL DE APRENDIZAJE (SENA),AL DE APRENDIZAJE (SENA),,AL DE APRENDIZAJE (SENA),AL DE APRENDIZAJE (SENA),243360742000.0,,unit,COP,direct_rd,include,0.9,docx_parser,docx_table,"Parsed from table 0, row 0"
Colombia,2013,pdf_cc143adb1f77__2013_Ley_1593_de_2012.txt,0,section_total,,AL DEL SERVICIO CIVIL,AL DEL SERVICIO CIVIL,,AL DEL SERVICIO CIVIL,AL DEL SERVICIO CIVIL,50562900000.0,,unit,COP,unclear,review,0.5,docx_parser,docx_table,"Parsed from table 0, row 0"
Colombia,2013,pdf_cc143adb1f77__2013_Ley_1593_de_2012.txt,0,section_total,,BIANO AGROPECUARIO (ICA),BIANO AGROPECUARIO (ICA),,BIANO AGROPECUARIO (ICA),BIANO AGROPECUARIO (ICA),33007894000.0,,unit,COP,unclear,review,0.6,docx_parser,docx_table,"Parsed from table 0, row 0"
Colombia,2013,pdf_cc143adb1f77__2013_Ley_1593_de_2012.txt,0,section_total,,BIANO DE ANTROPOLOGÍA E HISTORIA,BIANO DE ANTROPOLOGÍA E HISTORIA,,BIANO DE ANTROPOLOGÍA E HISTORIA,BIANO DE ANTROPOLOGÍA E HISTORIA,1293384659.0,,unit,COP,unclear,review,0.5,docx_parser,docx_table,"Parsed from table 0, row 0"
Colombia,2013,pdf_cc143adb1f77__2013_Ley_1593_de_2012.txt,0,section_total,,BIANO DE BIENESTAR FAMILIAR (ICBF),BIANO DE BIENESTAR FAMILIAR (ICBF),,BIANO DE BIENESTAR FAMILIAR (ICBF),BIANO DE BIENESTAR FAMILIAR (ICBF),747817723.0,,unit,COP,unclear,review,0.6,docx_parser,docx_table,"Parsed from table 0, row 0"
Colombia,2013,pdf_cc143adb1f77__2013_Ley_1593_de_2012.txt,0,section_total,,BIANO DE DESARROLLO RURAL - INCODER,BIANO DE DESARROLLO RURAL - INCODER,,BIANO DE DESARROLLO RURAL - INCODER,BIANO DE DESARROLLO RURAL - INCODER,3275274000.0,,unit,COP,direct_rd,include,0.9,docx_parser,docx_table,"Parsed from table 0, row 0"
Colombia,2013,pdf_cc143adb1f77__2013_Ley_1593_de_2012.txt,0,section_total,,CIAL DE FERROCARRILES NACIONALES DE COLOMBIA,CIAL DE FERROCARRILES NACIONALES DE COLOMBIA,,CIAL DE FERROCARRILES NACIONALES DE COLOMBIA,CIAL DE FERROCARRILES NACIONALES DE COLOMBIA,73018410841.0,,unit,COP,unclear,review,0.5,docx_parser,docx_table,"Parsed from table 0, row 0"
Colombia,2013,pdf_cc143adb1f77__2013_Ley_1593_de_2012.txt,0,section_total,,ESTABLECIMIENTOS PÚBLICOS,ESTABLECIMIENTOS PÚBLICOS,,ESTABLECIMIENTOS PÚBLICOS,ESTABLECIMIENTOS PÚBLICOS,14344716178214.0,,unit,COP,unclear,review,0.5,docx_parser,docx_table,"Parsed from table 0, row 0"
Colombia,2013,pdf_cc143adb1f77__2013_Ley_1593_de_2012.txt,0,section_total,,ESUPUESTO NACIONAL,ESUPUESTO NACIONAL,,ESUPUESTO NACIONAL,ESUPUESTO NACIONAL,171179917539422.0,,unit,COP,unclear,review,0.5,docx_parser,docx_table,"Parsed from table 0, row 0"
Colombia,2013,pdf_cc143adb1f77__2013_Ley_1593_de_2012.txt,0,section_total,,FISCALES DEL EJÉRCITO,FISCALES DEL EJÉRCITO,,FISCALES DEL EJÉRCITO,FISCALES DEL EJÉRCITO,33137385000.0,,unit,COP,unclear,review,0.6,docx_parser,docx_table,"Parsed from table 0, row 0"
Colombia,2013,pdf_cc143adb1f77__2013_Ley_1593_de_2012.txt,0,section_total,,ICO COLOMBIANO,ICO COLOMBIANO,,ICO COLOMBIANO,ICO COLOMBIANO,5372600000.0,,unit,COP,unclear,review,0.5,docx_parser,docx_table,"Parsed from table 0, row 0"
Colombia,2013,pdf_cc143adb1f77__2013_Ley_1593_de_2012.txt,0,section_total,,IÓN Y REPARACIÓN INTEGRAL A LAS VÍCTIMAS,IÓN Y REPARACIÓN INTEGRAL A LAS VÍCTIMAS,,IÓN Y REPARACIÓN INTEGRAL A LAS VÍCTIMAS,IÓN Y REPARACIÓN INTEGRAL A LAS VÍCTIMAS,42640000000.0,,unit,COP,unclear,review,0.5,docx_parser,docx_table,"Parsed from table 0, row 0"
Colombia,2013,pdf_cc143adb1f77__2013_Ley_1593_de_2012.txt,0,section_total,,L DE HIDROCARBUROS - ANR,L DE HIDROCARBUROS - ANR,,L DE HIDROCARBUROS - ANR,L DE HIDROCARBUROS - ANR,391828863000.0,,unit,COP,unclear,review,0.5,docx_parser,docx_table,"Parsed from table 0, row 0"
Colombia,2013,pdf_cc143adb1f77__2013_Ley_1593_de_2012.txt,0,section_total,,L DE INFRAESTRUCTURA,L DE INFRAESTRUCTURA,,L DE INFRAESTRUCTURA,L DE INFRAESTRUCTURA,120624746670.0,,unit,COP,unclear,review,0.5,docx_parser,docx_table,"Parsed from table 0, row 0"
Colombia,2013,pdf_cc143adb1f77__2013_Ley_1593_de_2012.txt,0,section_total,,L DE LA NACIÓN,L DE LA NACIÓN,,L DE LA NACIÓN,L DE LA NACIÓN,6466872817.0,,unit,COP,unclear,review,0.5,docx_parser,docx_table,"Parsed from table 0, row 0"
Colombia,2013,pdf_cc143adb1f77__2013_Ley_1593_de_2012.txt,0,section_total,,L DE MINERÍA - ANM,L DE MINERÍA - ANM,,L DE MINERÍA - ANM,L DE MINERÍA - ANM,77198200000.0,,unit,COP,unclear,review,0.6,docx_parser,docx_table,"Parsed from table 0, row 0"
Colombia,2013,pdf_cc143adb1f77__2013_Ley_1593_de_2012.txt,0,section_total,,L DE PROTECCIÓN - UNP,L DE PROTECCIÓN - UNP,,L DE PROTECCIÓN - UNP,L DE PROTECCIÓN - UNP,14000000000.0,,unit,COP,unclear,review,0.5,docx_parser,docx_table,"Parsed from table 0, row 0"
Colombia,2013,pdf_cc143adb1f77__2013_Ley_1593_de_2012.txt,0,section_total,,L DEL ESPECTRO - ANE,L DEL ESPECTRO - ANE,,L DEL ESPECTRO - ANE,L DEL ESPECTRO - ANE,28164000000.0,,unit,COP,unclear,review,0.5,docx_parser,docx_table,"Parsed from table 0, row 0"
Colombia,2013,pdf_cc143adb1f77__2013_Ley_1593_de_2012.txt,0,section_total,,LOGÍAS DE LA INFORMACION Y LAS COMUNICACIONES,LOGÍAS DE LA INFORMACION Y LAS COMUNICACIONES,,LOGÍAS DE LA INFORMACION Y LAS COMUNICACIONES,LOGÍAS DE LA INFORMACION Y LAS COMUNICACIONES,1035943600000.0,,unit,COP,unclear,review,0.6,docx_parser,docx_table,"Parsed from table 0, row 0"
Colombia,2013,pdf_cc143adb1f77__2013_Ley_1593_de_2012.txt,0,section_total,,"LOMBIANA, GUILLERMO LEÓN VALENCIA","LOMBIANA, GUILLERMO LEÓN VALENCIA",,"LOMBIANA, GUILLERMO LEÓN VALENCIA","LOMBIANA, GUILLERMO LEÓN VALENCIA",39525653072.0,,unit,COP,unclear,review,0.5,docx_parser,docx_table,"Parsed from table 0, row 0"
Colombia,2013,pdf_cc143adb1f77__2013_Ley_1593_de_2012.txt,0,section_total,,NAL DE ESTUPEFACIENTES EN LIQUIDACIÓN,NAL DE ESTUPEFACIENTES EN LIQUIDACIÓN,,NAL DE ESTUPEFACIENTES EN LIQUIDACIÓN,NAL DE ESTUPEFACIENTES EN LIQUIDACIÓN,291300057800.0,,unit,COP,unclear,review,0.5,docx_parser,docx_table,"Parsed from table 0, row 0"
Colombia,2013,pdf_cc143adb1f77__2013_Ley_1593_de_2012.txt,0,section_total,,NAL DE FORMACIÓN TÉCNICA PROFESIONAL DE SAN ANDRÉS Y PROVIDENCIA,NAL DE FORMACIÓN TÉCNICA PROFESIONAL DE SAN ANDRÉS Y PROVIDENCIA,,NAL DE FORMACIÓN TÉCNICA PROFESIONAL DE SAN ANDRÉS Y PROVIDENCIA,NAL DE FORMACIÓN TÉCNICA PROFESIONAL DE SAN ANDRÉS Y PROVIDENCIA,421963269.0,,unit,COP,unclear,review,0.6,docx_parser,docx_table,"Parsed from table 0, row 0"
Colombia,2013,pdf_cc143adb1f77__2013_Ley_1593_de_2012.txt,0,section_total,,NAL DE FORMACIÓN TÉCNICA PROFESIONAL DE SAN JUAN DEL CESAR,NAL DE FORMACIÓN TÉCNICA PROFESIONAL DE SAN JUAN DEL CESAR,,NAL DE FORMACIÓN TÉCNICA PROFESIONAL DE SAN JUAN DEL CESAR,NAL DE FORMACIÓN TÉCNICA PROFESIONAL DE SAN JUAN DEL CESAR,1427039397.0,,unit,COP,unclear,review,0.6,docx_parser,docx_table,"Parsed from table 0, row 0"
Colombia,2013,pdf_cc143adb1f77__2013_Ley_1593_de_2012.txt,0,section_total,,NAL DE MEDICINA LEGAL Y CIENCIAS FORENSES,NAL DE MEDICINA LEGAL Y CIENCIAS FORENSES,,NAL DE MEDICINA LEGAL Y CIENCIAS FORENSES,NAL DE MEDICINA LEGAL Y CIENCIAS FORENSES,5854500000.0,,unit,COP,unclear,review,0.6,docx_parser,docx_table,"Parsed from table 0, row 0"
Colombia,2013,pdf_cc143adb1f77__2013_Ley_1593_de_2012.txt,0,section_total,,NAL DE METROLOGÍA - INM,NAL DE METROLOGÍA - INM,,NAL DE METROLOGÍA - INM,NAL DE METROLOGÍA - INM,807277000.0,,unit,COP,unclear,review,0.6,docx_parser,docx_table,"Parsed from table 0, row 0"
Colombia,2013,pdf_cc143adb1f77__2013_Ley_1593_de_2012.txt,0,section_total,,NAL DE SALUD (INS),NAL DE SALUD (INS),,NAL DE SALUD (INS),NAL DE SALUD (INS),2686144076.0,,unit,COP,unclear,review,0.6,docx_parser,docx_table,"Parsed from table 0, row 0"
Colombia,2013,pdf_cc143adb1f77__2013_Ley_1593_de_2012.txt,0,section_total,,NAL DE VIGILANCIA DE MEDICAMENTOS Y ALIMENTOS - INVIMA,NAL DE VIGILANCIA DE MEDICAMENTOS Y ALIMENTOS - INVIMA,,NAL DE VIGILANCIA DE MEDICAMENTOS Y ALIMENTOS - INVIMA,NAL DE VIGILANCIA DE MEDICAMENTOS Y ALIMENTOS - INVIMA,97653500000.0,,unit,COP,unclear,review,0.6,docx_parser,docx_table,"Parsed from table 0, row 0"
Colombia,2013,pdf_cc143adb1f77__2013_Ley_1593_de_2012.txt,0,section_total,,NAL DE VÍAS,NAL DE VÍAS,,NAL DE VÍAS,NAL DE VÍAS,421787267543.0,,unit,COP,unclear,review,0.5,docx_parser,docx_table,"Parsed from table 0, row 0"
Colombia,2013,pdf_cc143adb1f77__2013_Ley_1593_de_2012.txt,0,section_total,,NAL PARA CIEGOS (INCI),NAL PARA CIEGOS (INCI),,NAL PARA CIEGOS (INCI),NAL PARA CIEGOS (INCI),6940177627.0,,unit,COP,unclear,review,0.5,docx_parser,docx_table,"Parsed from table 0, row 0"
Colombia,2013,pdf_cc143adb1f77__2013_Ley_1593_de_2012.txt,0,section_total,,NAL PARA SORDOS (INSOR),NAL PARA SORDOS (INSOR),,NAL PARA SORDOS (INSOR),NAL PARA SORDOS (INSOR),626186010.0,,unit,COP,unclear,review,0.6,docx_parser,docx_table,"Parsed from table 0, row 0"
Colombia,2013,pdf_cc143adb1f77__2013_Ley_1593_de_2012.txt,0,section_total,,NAL PENITENCIARIO Y CARCELARIO - INPEC,NAL PENITENCIARIO Y CARCELARIO - INPEC,,NAL PENITENCIARIO Y CARCELARIO - INPEC,NAL PENITENCIARIO Y CARCELARIO - INPEC,114222944056.0,,unit,COP,unclear,review,0.6,docx_parser,docx_table,"Parsed from table 0, row 0"
Colombia,2013,pdf_cc143adb1f77__2013_Ley_1593_de_2012.txt,0,section_total,,"NCIAL DE COOPERACIÓN INTERNACIONAL DE COLOMBIA, APC - COLOMBIA","NCIAL DE COOPERACIÓN INTERNACIONAL DE COLOMBIA, APC - COLOMBIA",,"NCIAL DE COOPERACIÓN INTERNACIONAL DE COLOMBIA, APC - COLOMBIA","NCIAL DE COOPERACIÓN INTERNACIONAL DE COLOMBIA, APC - COLOMBIA",30000000000.0,,unit,COP,unclear,review,0.6,docx_parser,docx_table,"Parsed from table 0, row 0"
Colombia,2013,pdf_cc143adb1f77__2013_Ley_1593_de_2012.txt,0,section_total,,NIFICACIÓN Y PROMOCIÓN DE SOLUCIONES ENERGÉTICAS PARA LAS ZONAS NO INTERCONECTADAS – IPSE,NIFICACIÓN Y PROMOCIÓN DE SOLUCIONES ENERGÉTICAS PARA LAS ZONAS NO INTERCONECTADAS – IPSE,,NIFICACIÓN Y PROMOCIÓN DE SOLUCIONES ENERGÉTICAS PARA LAS ZONAS NO INTERCONECTADAS – IPSE,NIFICACIÓN Y PROMOCIÓN DE SOLUCIONES ENERGÉTICAS PARA LAS ZONAS NO INTERCONECTADAS – IPSE,3398000000.0,,unit,COP,unclear,review,0.5,docx_parser,docx_table,"Parsed from table 0, row 0"
Colombia,2013,pdf_cc143adb1f77__2013_Ley_1593_de_2012.txt,0,section_total,,NSE DE FORMACIÓN TÉCNICA PROFESIONAL,NSE DE FORMACIÓN TÉCNICA PROFESIONAL,,NSE DE FORMACIÓN TÉCNICA PROFESIONAL,NSE DE FORMACIÓN TÉCNICA PROFESIONAL,3730303895.0,,unit,COP,unclear,review,0.6,docx_parser,docx_table,"Parsed from table 0, row 0"
Colombia,2013,pdf_cc143adb1f77__2013_Ley_1593_de_2012.txt,0,section_total,,NTES DE LA NACIÓN,NTES DE LA NACIÓN,,NTES DE LA NACIÓN,NTES DE LA NACIÓN,102212000636000.0,,unit,COP,unclear,review,0.5,docx_parser,docx_table,"Parsed from table 0, row 0"
Colombia,2013,pdf_cc143adb1f77__2013_Ley_1593_de_2012.txt,0,section_total,,O DE LA POLICÍA,O DE LA POLICÍA,,O DE LA POLICÍA,O DE LA POLICÍA,302868000000.0,,unit,COP,unclear,review,0.5,docx_parser,docx_table,"Parsed from table 0, row 0"
Colombia,2013,pdf_cc143adb1f77__2013_Ley_1593_de_2012.txt,0,section_total,,O DE LA REGISTRADURÍA,O DE LA REGISTRADURÍA,,O DE LA REGISTRADURÍA,O DE LA REGISTRADURÍA,40969100000.0,,unit,COP,unclear,review,0.5,docx_parser,docx_table,"Parsed from table 0, row 0"
Colombia,2013,pdf_cc143adb1f77__2013_Ley_1593_de_2012.txt,0,section_total,,O DEL DANE,O DEL DANE,,O DEL DANE,O DEL DANE,10661500000.0,,unit,COP,unclear,review,0.5,docx_parser,docx_table,"Parsed from table 0, row 0"
Colombia,2013,pdf_cc143adb1f77__2013_Ley_1593_de_2012.txt,0,section_total,,O DEL DEPARTAMENTO ADMINISTRATIVO DE SEGURIDAD,O DEL DEPARTAMENTO ADMINISTRATIVO DE SEGURIDAD,,O DEL DEPARTAMENTO ADMINISTRATIVO DE SEGURIDAD,O DEL DEPARTAMENTO ADMINISTRATIVO DE SEGURIDAD,25362461000.0,,unit,COP,unclear,review,0.5,docx_parser,docx_table,"Parsed from table 0, row 0"
Colombia,2013,pdf_cc143adb1f77__2013_Ley_1593_de_2012.txt,0,section_total,,O DEL MINISTERIO DE RELACIONES EXTERIORES,O DEL MINISTERIO DE RELACIONES EXTERIORES,,O DEL MINISTERIO DE RELACIONES EXTERIORES,O DEL MINISTERIO DE RELACIONES EXTERIORES,181432000000.0,,unit,COP,unclear,review,0.6,docx_parser,docx_table,"Parsed from table 0, row 0"
Colombia,2013,pdf_cc143adb1f77__2013_Ley_1593_de_2012.txt,0,section_total,,O NACIONAL DE COMERCIO “SIMÓN RODRÍGUEZ” DE CALI,O NACIONAL DE COMERCIO “SIMÓN RODRÍGUEZ” DE CALI,,O NACIONAL DE COMERCIO “SIMÓN RODRÍGUEZ” DE CALI,O NACIONAL DE COMERCIO “SIMÓN RODRÍGUEZ” DE CALI,1428498346.0,,unit,COP,unclear,review,0.5,docx_parser,docx_table,"Parsed from table 0, row 0"
Colombia,2013,pdf_cc143adb1f77__2013_Ley_1593_de_2012.txt,0,section_total,,ON SOCIAL DEL CONGRESO,ON SOCIAL DEL CONGRESO,,ON SOCIAL DEL CONGRESO,ON SOCIAL DEL CONGRESO,19090110000.0,,unit,COP,unclear,review,0.5,docx_parser,docx_table,"Parsed from table 0, row 0"
Colombia,2013,pdf_cc143adb1f77__2013_Ley_1593_de_2012.txt,0,section_total,,ONAL DE ACUICULTURA Y PESCA - AUNAP,ONAL DE ACUICULTURA Y PESCA - AUNAP,,ONAL DE ACUICULTURA Y PESCA - AUNAP,ONAL DE ACUICULTURA Y PESCA - AUNAP,2022707320.0,,unit,COP,unclear,review,0.6,docx_parser,docx_table,"Parsed from table 0, row 0"
Colombia,2013,pdf_cc143adb1f77__2013_Ley_1593_de_2012.txt,0,section_total,,PARAFISCALES,PARAFISCALES,,PARAFISCALES,PARAFISCALES,3476011154637.0,,unit,COP,unclear,review,0.5,docx_parser,docx_table,"Parsed from table 0, row 0"
Colombia,2013,pdf_cc143adb1f77__2013_Ley_1593_de_2012.txt,0,section_total,,PITAL DE LA NACIÓN,PITAL DE LA NACIÓN,,PITAL DE LA NACIÓN,PITAL DE LA NACIÓN,67756473178839.0,,unit,COP,unclear,review,0.5,docx_parser,docx_table,"Parsed from table 0, row 0"
Colombia,2013,pdf_cc143adb1f77__2013_Ley_1593_de_2012.txt,0,section_total,,R DE ADMINISTRACIÓN PÚBLICA (ESAP),R DE ADMINISTRACIÓN PÚBLICA (ESAP),,R DE ADMINISTRACIÓN PÚBLICA (ESAP),R DE ADMINISTRACIÓN PÚBLICA (ESAP),16500000000.0,,unit,COP,unclear,review,0.6,docx_parser,docx_table,"Parsed from table 0, row 0"
Colombia,2013,pdf_cc143adb1f77__2013_Ley_1593_de_2012.txt,0,section_total,,RATIVA ESPECIAL - AGENCIA NACIONAL DE CONTRATACIÓN PÚBLICA - COLOMBIA COMPRA EFICIENTE,RATIVA ESPECIAL - AGENCIA NACIONAL DE CONTRATACIÓN PÚBLICA - COLOMBIA COMPRA EFICIENTE,,RATIVA ESPECIAL - AGENCIA NACIONAL DE CONTRATACIÓN PÚBLICA - COLOMBIA COMPRA EFICIENTE,RATIVA ESPECIAL - AGENCIA NACIONAL DE CONTRATACIÓN PÚBLICA - COLOMBIA COMPRA EFICIENTE,15500000000.0,,unit,COP,unclear,review,0.6,docx_parser,docx_table,"Parsed from table 0, row 0"
Colombia,2013,pdf_cc143adb1f77__2013_Ley_1593_de_2012.txt,0,section_total,,RATIVA ESPECIAL COMISIÓN DE REGULACIÓN EN SALUD - CRES,RATIVA ESPECIAL COMISIÓN DE REGULACIÓN EN SALUD - CRES,,RATIVA ESPECIAL COMISIÓN DE REGULACIÓN EN SALUD - CRES,RATIVA ESPECIAL COMISIÓN DE REGULACIÓN EN SALUD - CRES,17429091000.0,,unit,COP,unclear,review,0.6,docx_parser,docx_table,"Parsed from table 0, row 0"
Colombia,2013,pdf_cc143adb1f77__2013_Ley_1593_de_2012.txt,0,section_total,,RATIVA ESPECIAL DE LA AERONÁUTICA CIVIL,RATIVA ESPECIAL DE LA AERONÁUTICA CIVIL,,RATIVA ESPECIAL DE LA AERONÁUTICA CIVIL,RATIVA ESPECIAL DE LA AERONÁUTICA CIVIL,455089851262.0,,unit,COP,unclear,review,0.5,docx_parser,docx_table,"Parsed from table 0, row 0"
Colombia,2013,pdf_cc143adb1f77__2013_Ley_1593_de_2012.txt,0,section_total,,RATIVA ESPECIAL DIRECCIÓN DE IMPUESTOS Y ADUANAS NACIONALES,RATIVA ESPECIAL DIRECCIÓN DE IMPUESTOS Y ADUANAS NACIONALES,,RATIVA ESPECIAL DIRECCIÓN DE IMPUESTOS Y ADUANAS NACIONALES,RATIVA ESPECIAL DIRECCIÓN DE IMPUESTOS Y ADUANAS NACIONALES,15489400000.0,,unit,COP,unclear,review,0.5,docx_parser,docx_table,"Parsed from table 0, row 0"
Colombia,2013,pdf_cc143adb1f77__2013_Ley_1593_de_2012.txt,0,section_total,,RATIVA ESPECIAL JUNTA CENTRAL CONTADORES,RATIVA ESPECIAL JUNTA CENTRAL CONTADORES,,RATIVA ESPECIAL JUNTA CENTRAL CONTADORES,RATIVA ESPECIAL JUNTA CENTRAL CONTADORES,4067334434.0,,unit,COP,unclear,review,0.5,docx_parser,docx_table,"Parsed from table 0, row 0"
Colombia,2013,pdf_cc143adb1f77__2013_Ley_1593_de_2012.txt,0,section_total,,RATIVA ESPECIAL MIGRACIÓN COLOMBIA,RATIVA ESPECIAL MIGRACIÓN COLOMBIA,,RATIVA ESPECIAL MIGRACIÓN COLOMBIA,RATIVA ESPECIAL MIGRACIÓN COLOMBIA,11294000000.0,,unit,COP,unclear,review,0.5,docx_parser,docx_table,"Parsed from table 0, row 0"
Colombia,2013,pdf_cc143adb1f77__2013_Ley_1593_de_2012.txt,0,section_total,,RIA HISTÓRICA,RIA HISTÓRICA,,RIA HISTÓRICA,RIA HISTÓRICA,1000000000.0,,unit,COP,unclear,review,0.5,docx_parser,docx_table,"Parsed from table 0, row 0"
Colombia,2013,pdf_cc143adb1f77__2013_Ley_1593_de_2012.txt,0,section_total,,"ROLOGÍA, METEOROLOGÍA Y ESTUDIOS AMBIENTALES - IDEAM","ROLOGÍA, METEOROLOGÍA Y ESTUDIOS AMBIENTALES - IDEAM",,"ROLOGÍA, METEOROLOGÍA Y ESTUDIOS AMBIENTALES - IDEAM","ROLOGÍA, METEOROLOGÍA Y ESTUDIOS AMBIENTALES - IDEAM",41226290000.0,,unit,COP,science_agency,include,0.9,docx_parser,docx_table,"Parsed from table 0, row 0"
Colombia,2013,pdf_cc143adb1f77__2013_Ley_1593_de_2012.txt,0,section_total,,TAR SOCIAL DE LA CONTRALORÍA GENERAL DE LA REPÚBLICA,TAR SOCIAL DE LA CONTRALORÍA GENERAL DE LA REPÚBLICA,,TAR SOCIAL DE LA CONTRALORÍA GENERAL DE LA REPÚBLICA,TAR SOCIAL DE LA CONTRALORÍA GENERAL DE LA REPÚBLICA,936000000.0,,unit,COP,unclear,review,0.5,docx_parser,docx_table,"Parsed from table 0, row 0"
Colombia,2013,pdf_cc143adb1f77__2013_Ley_1593_de_2012.txt,0,section_total,,VIVIENDA DE LA REGISTRADURÍA NACIONAL DEL ESTADO CIVIL,VIVIENDA DE LA REGISTRADURÍA NACIONAL DEL ESTADO CIVIL,,VIVIENDA DE LA REGISTRADURÍA NACIONAL DEL ESTADO CIVIL,VIVIENDA DE LA REGISTRADURÍA NACIONAL DEL ESTADO CIVIL,6924000000.0,,unit,COP,unclear,review,0.5,docx_parser,docx_table,"Parsed from table 0, row 0"
Colombia,2013,pdf_cc143adb1f77__2013_Ley_1593_de_2012.txt,0,section_total,,ÁFICO AGUSTIN CODAZZI - IGAC,ÁFICO AGUSTIN CODAZZI - IGAC,,ÁFICO AGUSTIN CODAZZI - IGAC,ÁFICO AGUSTIN CODAZZI - IGAC,46921000000.0,,unit,COP,unclear,review,0.6,docx_parser,docx_table,"Parsed from table 0, row 0"
Colombia,2014,pdf_67c36bc2d740__2014_Ley_1687_de_2013.txt,-1,section_total,,3201/3204 IDEAM,3201/3204 IDEAM,,IDEAM,IDEAM,8900415000.0,,unit,COP,science_agency,include,0.9,docx_parser,docx_table,"Parsed from table -1, row -1"
Colombia,2014,pdf_67c36bc2d740__2014_Ley_1687_de_2013.txt,-1,section_total,,1702 INSTITUTO COLOMBIANO AGROPECUARIO (ICA),1702 INSTITUTO COLOMBIANO AGROPECUARIO (ICA),,INSTITUTO COLOMBIANO AGROPECUARIO (ICA),INSTITUTO COLOMBIANO AGROPECUARIO (ICA),70533300000.0,,unit,COP,unclear,review,0.6,docx_parser,docx_table,"Parsed from table -1, row -1"
Colombia,2014,pdf_67c36bc2d740__2014_Ley_1687_de_2013.txt,-1,section_total,,3505 INSTITUTO NACIONAL DE METROLOGIA - INM,3505 INSTITUTO NACIONAL DE METROLOGIA - INM,,INSTITUTO NACIONAL DE METROLOGIA - INM,INSTITUTO NACIONAL DE METROLOGIA - INM,1200000000.0,,unit,COP,science_agency,include,0.9,docx_parser,docx_table,"Parsed from table -1, row -1"
Colombia,2014,pdf_67c36bc2d740__2014_Ley_1687_de_2013.txt,-1,section_total,,1903 INSTITUTO NACIONAL DE SALUD (INS),1903 INSTITUTO NACIONAL DE SALUD (INS),,INSTITUTO NACIONAL DE SALUD (INS),INSTITUTO NACIONAL DE SALUD (INS),3990724000.0,,unit,COP,unclear,review,0.6,docx_parser,docx_table,"Parsed from table -1, row -1"
Colombia,2014,pdf_67c36bc2d740__2014_Ley_1687_de_2013.txt,-1,section_total,,3602 SERVICIO NACIONAL DE APRENDIZAJE (SENA),3602 SERVICIO NACIONAL DE APRENDIZAJE (SENA),,SERVICIO NACIONAL DE APRENDIZAJE (SENA),SERVICIO NACIONAL DE APRENDIZAJE (SENA),936551662500.0,,unit,COP,unclear,review,0.6,docx_parser,docx_table,"Parsed from table -1, row -1"
Colombia,2014,pdf_67c36bc2d740__2014_Ley_1687_de_2013.txt,0,section_total,,DISPOSICIONES VARIAS.,DISPOSICIONES VARIAS.,,DISPOSICIONES VARIAS.,DISPOSICIONES VARIAS.,2014.0,,unit,COP,unclear,review,0.5,docx_parser,docx_table,"Parsed from table 0, row 0"
Colombia,2016,pdf_b0cb5bc42372__2016_LEY_1769_DE_2015.txt,0,section_total,,CAPÍTULO V,CAPÍTULO V,,CAPÍTULO V,CAPÍTULO V,1993.0,,unit,COP,unclear,review,0.5,docx_parser,docx_table,"Parsed from table 0, row 0"
Colombia,2016,pdf_b0cb5bc42372__2016_LEY_1769_DE_2015.txt,0,section_total,,LEY 1769 DE 2015,LEY 1769 DE 2015,,LEY 1769 DE 2015,LEY 1769 DE 2015,2017.0,,unit,COP,unclear,review,0.5,docx_parser,docx_table,"Parsed from table 0, row 0"
Colombia,2016,pdf_bedb3db21394__2016_Decreto_2550.txt,-1,section_total,,3201/3204 IDEAM,3201/3204 IDEAM,,IDEAM,IDEAM,6561994255.0,,unit,COP,science_agency,include,0.9,docx_parser,docx_table,"Parsed from table -1, row -1"
Colombia,2016,pdf_bedb3db21394__2016_Decreto_2550.txt,-1,section_total,,1702 INSTITUTO COLOMBIANO AGROPECUARIO (ICA),1702 INSTITUTO COLOMBIANO AGROPECUARIO (ICA),,INSTITUTO COLOMBIANO AGROPECUARIO (ICA),INSTITUTO COLOMBIANO AGROPECUARIO (ICA),44886561958.0,,unit,COP,unclear,review,0.6,docx_parser,docx_table,"Parsed from table -1, row -1"
Colombia,2016,pdf_bedb3db21394__2016_Decreto_2550.txt,-1,section_total,,3505 INSTITUTO NACIONAL DE METROLOGIA - INM,3505 INSTITUTO NACIONAL DE METROLOGIA - INM,,INSTITUTO NACIONAL DE METROLOGIA - INM,INSTITUTO NACIONAL DE METROLOGIA - INM,2398740886.0,,unit,COP,science_agency,include,0.9,docx_parser,docx_table,"Parsed from table -1, row -1"
Colombia,2016,pdf_bedb3db21394__2016_Decreto_2550.txt,-1,section_total,,1903 INSTITUTO NACIONAL DE SALUD (INS),1903 INSTITUTO NACIONAL DE SALUD (INS),,INSTITUTO NACIONAL DE SALUD (INS),INSTITUTO NACIONAL DE SALUD (INS),4290271000.0,,unit,COP,unclear,review,0.6,docx_parser,docx_table,"Parsed from table -1, row -1"
Colombia,2016,pdf_bedb3db21394__2016_Decreto_2550.txt,-1,section_total,,3602 SERVICIO NACIONAL DE APRENDIZAJE (SENA),3602 SERVICIO NACIONAL DE APRENDIZAJE (SENA),,SERVICIO NACIONAL DE APRENDIZAJE (SENA),SERVICIO NACIONAL DE APRENDIZAJE (SENA),1771999732000.0,,unit,COP,unclear,review,0.6,docx_parser,docx_table,"Parsed from table -1, row -1"
Colombia,2017,pdf_06b0f6e19814__2017_Decreto_2170.txt,-1,section_total,,1903 INSTITUTO NACIONAL DE SALUD (INS),1903 INSTITUTO NACIONAL DE SALUD (INS),,INSTITUTO NACIONAL DE SALUD (INS),INSTITUTO NACIONAL DE SALUD (INS),4725627850.0,,unit,COP,unclear,review,0.6,docx_parser,docx_table,"Parsed from table -1, row -1"
Colombia,2017,pdf_76d96b1db776__2017_LEY_1815_DE_2016.txt,-1,section_total,,3201/3204 IDEAM,3201/3204 IDEAM,,IDEAM,IDEAM,9695980000.0,,unit,COP,science_agency,include,0.9,docx_parser,docx_table,"Parsed from table -1, row -1"
Colombia,2017,pdf_76d96b1db776__2017_LEY_1815_DE_2016.txt,-1,section_total,,3505 INSTITUTO NACIONAL DE METROLOGIA - INM,3505 INSTITUTO NACIONAL DE METROLOGIA - INM,,INSTITUTO NACIONAL DE METROLOGIA - INM,INSTITUTO NACIONAL DE METROLOGIA - INM,1603000000.0,,unit,COP,science_agency,include,0.9,docx_parser,docx_table,"Parsed from table -1, row -1"
Colombia,2017,pdf_76d96b1db776__2017_LEY_1815_DE_2016.txt,-1,section_total,,3602 SERVICIO NACIONAL DE APRENDIZAJE (SENA),3602 SERVICIO NACIONAL DE APRENDIZAJE (SENA),,SERVICIO NACIONAL DE APRENDIZAJE (SENA),SERVICIO NACIONAL DE APRENDIZAJE (SENA),1796779674889.0,,unit,COP,unclear,review,0.6,docx_parser,docx_table,"Parsed from table -1, row -1"
Colombia,2017,pdf_76d96b1db776__2017_LEY_1815_DE_2016.txt,0,section_total,,AGENCIA DE DESARROLLO RURAL (ADR) A-INGRESOS CORRIENTES,AGENCIA DE DESARROLLO RURAL (ADR) A-INGRESOS CORRIENTES,,AGENCIA DE DESARROLLO RURAL (ADR) A-INGRESOS CORRIENTES,AGENCIA DE DESARROLLO RURAL (ADR) A-INGRESOS CORRIENTES,2460000000.0,,unit,COP,unclear,review,0.6,docx_parser,docx_table,"Parsed from table 0, row 0"
Colombia,2017,pdf_76d96b1db776__2017_LEY_1815_DE_2016.txt,0,section_total,,AGENCIA NACIONAL DE MINERÍA (ANM) A-INGRESOS CORRIENTES,AGENCIA NACIONAL DE MINERÍA (ANM) A-INGRESOS CORRIENTES,,AGENCIA NACIONAL DE MINERÍA (ANM) A-INGRESOS CORRIENTES,AGENCIA NACIONAL DE MINERÍA (ANM) A-INGRESOS CORRIENTES,37329932000.0,,unit,COP,unclear,review,0.6,docx_parser,docx_table,"Parsed from table 0, row 0"
Colombia,2017,pdf_76d96b1db776__2017_LEY_1815_DE_2016.txt,0,section_total,,AGENCIA NACIONAL DE TIERRAS (ANT) A-INGRESOS CORRIENTES,AGENCIA NACIONAL DE TIERRAS (ANT) A-INGRESOS CORRIENTES,,AGENCIA NACIONAL DE TIERRAS (ANT) A-INGRESOS CORRIENTES,AGENCIA NACIONAL DE TIERRAS (ANT) A-INGRESOS CORRIENTES,1100000000.0,,unit,COP,unclear,review,0.6,docx_parser,docx_table,"Parsed from table 0, row 0"
Colombia,2017,pdf_76d96b1db776__2017_LEY_1815_DE_2016.txt,0,section_total,,AGENCIA NACIONAL INMOBILIARIA VIRGILIO BARCO VARGAS B-RECURSOS DE CAPITAL,AGENCIA NACIONAL INMOBILIARIA VIRGILIO BARCO VARGAS B-RECURSOS DE CAPITAL,,AGENCIA NACIONAL INMOBILIARIA VIRGILIO BARCO VARGAS B-RECURSOS DE CAPITAL,AGENCIA NACIONAL INMOBILIARIA VIRGILIO BARCO VARGAS B-RECURSOS DE CAPITAL,4713000000.0,,unit,COP,unclear,review,0.5,docx_parser,docx_table,"Parsed from table 0, row 0"
Colombia,2017,pdf_76d96b1db776__2017_LEY_1815_DE_2016.txt,0,section_total,,AGENCIA PRESIDENCIAL DE COOPERACIÓN INTERNACIONAL DE COLOMBIA (APC) – COLOMBIA B-RECURSOS DE CAPITAL,AGENCIA PRESIDENCIAL DE COOPERACIÓN INTERNACIONAL DE COLOMBIA (APC) – COLOMBIA B-RECURSOS DE CAPITAL,,AGENCIA PRESIDENCIAL DE COOPERACIÓN INTERNACIONAL DE COLOMBIA (APC) – COLOMBIA B-RECURSOS DE CAPITAL,AGENCIA PRESIDENCIAL DE COOPERACIÓN INTERNACIONAL DE COLOMBIA (APC) – COLOMBIA B-RECURSOS DE CAPITAL,35454000000.0,,unit,COP,unclear,review,0.6,docx_parser,docx_table,"Parsed from table 0, row 0"
Colombia,2017,pdf_76d96b1db776__2017_LEY_1815_DE_2016.txt,0,section_total,,ARCHIVO GENERAL DE LA NACIÓN A-INGRESOS CORRIENTES,ARCHIVO GENERAL DE LA NACIÓN A-INGRESOS CORRIENTES,,ARCHIVO GENERAL DE LA NACIÓN A-INGRESOS CORRIENTES,ARCHIVO GENERAL DE LA NACIÓN A-INGRESOS CORRIENTES,5979062015.0,,unit,COP,unclear,review,0.5,docx_parser,docx_table,"Parsed from table 0, row 0"
Colombia,2017,pdf_76d96b1db776__2017_LEY_1815_DE_2016.txt,0,section_total,,CAJA DE SUELDOS DE RETIRO DE LA POLICÍA NACIONAL A-INGRESOS CORRIENTES,CAJA DE SUELDOS DE RETIRO DE LA POLICÍA NACIONAL A-INGRESOS CORRIENTES,,CAJA DE SUELDOS DE RETIRO DE LA POLICÍA NACIONAL A-INGRESOS CORRIENTES,CAJA DE SUELDOS DE RETIRO DE LA POLICÍA NACIONAL A-INGRESOS CORRIENTES,227635945000.0,,unit,COP,unclear,review,0.5,docx_parser,docx_table,"Parsed from table 0, row 0"
Colombia,2017,pdf_76d96b1db776__2017_LEY_1815_DE_2016.txt,0,section_total,,COLOMBIANO A-INGRESOS CORRIENTES,COLOMBIANO A-INGRESOS CORRIENTES,,COLOMBIANO A-INGRESOS CORRIENTES,COLOMBIANO A-INGRESOS CORRIENTES,16049108000.0,,unit,COP,unclear,review,0.5,docx_parser,docx_table,"Parsed from table 0, row 0"
Colombia,2017,pdf_76d96b1db776__2017_LEY_1815_DE_2016.txt,0,section_total,,ESCUELA SUPERIOR DE ADMINISTRACIÓN PÚBLICA (ESAP) A-INGRESOS CORRIENTES,ESCUELA SUPERIOR DE ADMINISTRACIÓN PÚBLICA (ESAP) A-INGRESOS CORRIENTES,,ESCUELA SUPERIOR DE ADMINISTRACIÓN PÚBLICA (ESAP) A-INGRESOS CORRIENTES,ESCUELA SUPERIOR DE ADMINISTRACIÓN PÚBLICA (ESAP) A-INGRESOS CORRIENTES,31521277506.0,,unit,COP,unclear,review,0.6,docx_parser,docx_table,"Parsed from table 0, row 0"
Colombia,2017,pdf_76d96b1db776__2017_LEY_1815_DE_2016.txt,0,section_total,,FONDO ROTATORIO DE LA POLICÍA A-INGRESOS CORRIENTES,FONDO ROTATORIO DE LA POLICÍA A-INGRESOS CORRIENTES,,FONDO ROTATORIO DE LA POLICÍA A-INGRESOS CORRIENTES,FONDO ROTATORIO DE LA POLICÍA A-INGRESOS CORRIENTES,233087000000.0,,unit,COP,unclear,review,0.6,docx_parser,docx_table,"Parsed from table 0, row 0"
Colombia,2017,pdf_76d96b1db776__2017_LEY_1815_DE_2016.txt,0,section_total,,FONDO ROTATORIO DEL MINISTERIO DE RELACIONES EXTERIORES A-INGRESOS CORRIENTES,FONDO ROTATORIO DEL MINISTERIO DE RELACIONES EXTERIORES A-INGRESOS CORRIENTES,,FONDO ROTATORIO DEL MINISTERIO DE RELACIONES EXTERIORES A-INGRESOS CORRIENTES,FONDO ROTATORIO DEL MINISTERIO DE RELACIONES EXTERIORES A-INGRESOS CORRIENTES,218949000000.0,,unit,COP,unclear,review,0.5,docx_parser,docx_table,"Parsed from table 0, row 0"
Colombia,2017,pdf_76d96b1db776__2017_LEY_1815_DE_2016.txt,0,section_total,,FONDO SOCIAL DE VIVIENDA DE LA REGISTRADURÍA NACIONAL DEL ESTADO CIVIL B-RECURSOS DE CAPITAL,FONDO SOCIAL DE VIVIENDA DE LA REGISTRADURÍA NACIONAL DEL ESTADO CIVIL B-RECURSOS DE CAPITAL,,FONDO SOCIAL DE VIVIENDA DE LA REGISTRADURÍA NACIONAL DEL ESTADO CIVIL B-RECURSOS DE CAPITAL,FONDO SOCIAL DE VIVIENDA DE LA REGISTRADURÍA NACIONAL DEL ESTADO CIVIL B-RECURSOS DE CAPITAL,15741704000.0,,unit,COP,unclear,review,0.5,docx_parser,docx_table,"Parsed from table 0, row 0"
Colombia,2017,pdf_76d96b1db776__2017_LEY_1815_DE_2016.txt,0,section_total,,GEOGRÁFICO AGUSTÍN CODAZZI (IGAC) A-INGRESOS CORRIENTES,GEOGRÁFICO AGUSTÍN CODAZZI (IGAC) A-INGRESOS CORRIENTES,,GEOGRÁFICO AGUSTÍN CODAZZI (IGAC) A-INGRESOS CORRIENTES,GEOGRÁFICO AGUSTÍN CODAZZI (IGAC) A-INGRESOS CORRIENTES,45346179428.0,,unit,COP,unclear,review,0.6,docx_parser,docx_table,"Parsed from table 0, row 0"
Colombia,2017,pdf_76d96b1db776__2017_LEY_1815_DE_2016.txt,0,section_total,,III - TOTAL INGRESOS,III - TOTAL INGRESOS,,III - TOTAL INGRESOS,III - TOTAL INGRESOS,224421672312697.0,,unit,COP,unclear,review,0.5,docx_parser,docx_table,"Parsed from table 0, row 0"
Colombia,2017,pdf_76d96b1db776__2017_LEY_1815_DE_2016.txt,0,section_total,,INSTITUTO CARO Y CUERVO A-INGRESOS CORRIENTES,INSTITUTO CARO Y CUERVO A-INGRESOS CORRIENTES,,INSTITUTO CARO Y CUERVO A-INGRESOS CORRIENTES,INSTITUTO CARO Y CUERVO A-INGRESOS CORRIENTES,853058151.0,,unit,COP,unclear,review,0.6,docx_parser,docx_table,"Parsed from table 0, row 0"
Colombia,2017,pdf_76d96b1db776__2017_LEY_1815_DE_2016.txt,0,section_total,,INSTITUTO COLOMBIANO DE ANTROPOLOGÍA E HISTORIA A-INGRESOS CORRIENTES,INSTITUTO COLOMBIANO DE ANTROPOLOGÍA E HISTORIA A-INGRESOS CORRIENTES,,INSTITUTO COLOMBIANO DE ANTROPOLOGÍA E HISTORIA A-INGRESOS CORRIENTES,INSTITUTO COLOMBIANO DE ANTROPOLOGÍA E HISTORIA A-INGRESOS CORRIENTES,4379079226.0,,unit,COP,science_agency,include,0.9,docx_parser,docx_table,"Parsed from table 0, row 0"
Colombia,2017,pdf_76d96b1db776__2017_LEY_1815_DE_2016.txt,0,section_total,,INSTITUTO COLOMBIANO DE BIENESTAR FAMILIAR (ICBF) A-INGRESOS CORRIENTES,INSTITUTO COLOMBIANO DE BIENESTAR FAMILIAR (ICBF) A-INGRESOS CORRIENTES,,INSTITUTO COLOMBIANO DE BIENESTAR FAMILIAR (ICBF) A-INGRESOS CORRIENTES,INSTITUTO COLOMBIANO DE BIENESTAR FAMILIAR (ICBF) A-INGRESOS CORRIENTES,3447960082.0,,unit,COP,unclear,review,0.5,docx_parser,docx_table,"Parsed from table 0, row 0"
Colombia,2017,pdf_76d96b1db776__2017_LEY_1815_DE_2016.txt,0,section_total,,LEY 1815 DE 2016,LEY 1815 DE 2016,,LEY 1815 DE 2016,LEY 1815 DE 2016,2018.0,,unit,COP,unclear,review,0.5,docx_parser,docx_table,"Parsed from table 0, row 0"
Colombia,2017,pdf_76d96b1db776__2017_LEY_1815_DE_2016.txt,0,section_total,,NACIONAL DE ACUICULTURA Y PESCA (AUNAP) A-INGRESOS CORRIENTES,NACIONAL DE ACUICULTURA Y PESCA (AUNAP) A-INGRESOS CORRIENTES,,NACIONAL DE ACUICULTURA Y PESCA (AUNAP) A-INGRESOS CORRIENTES,NACIONAL DE ACUICULTURA Y PESCA (AUNAP) A-INGRESOS CORRIENTES,2713305000.0,,unit,COP,unclear,review,0.6,docx_parser,docx_table,"Parsed from table 0, row 0"
Colombia,2017,pdf_76d96b1db776__2017_LEY_1815_DE_2016.txt,0,section_total,,NACIONAL DE SALUD (INS) A-INGRESOS CORRIENTES,NACIONAL DE SALUD (INS) A-INGRESOS CORRIENTES,,NACIONAL DE SALUD (INS) A-INGRESOS CORRIENTES,NACIONAL DE SALUD (INS) A-INGRESOS CORRIENTES,3531294000.0,,unit,COP,unclear,review,0.5,docx_parser,docx_table,"Parsed from table 0, row 0"
Colombia,2017,pdf_76d96b1db776__2017_LEY_1815_DE_2016.txt,0,section_total,,NACIONAL DE TELEVISIÓN (ANTV) A-INGRESOS CORRIENTES,NACIONAL DE TELEVISIÓN (ANTV) A-INGRESOS CORRIENTES,,NACIONAL DE TELEVISIÓN (ANTV) A-INGRESOS CORRIENTES,NACIONAL DE TELEVISIÓN (ANTV) A-INGRESOS CORRIENTES,233607857317.0,,unit,COP,unclear,review,0.6,docx_parser,docx_table,"Parsed from table 0, row 0"
Colombia,2017,pdf_76d96b1db776__2017_LEY_1815_DE_2016.txt,0,section_total,,NACIONAL PARA CIEGOS (INCI) A-INGRESOS CORRIENTES,NACIONAL PARA CIEGOS (INCI) A-INGRESOS CORRIENTES,,NACIONAL PARA CIEGOS (INCI) A-INGRESOS CORRIENTES,NACIONAL PARA CIEGOS (INCI) A-INGRESOS CORRIENTES,423500568.0,,unit,COP,unclear,review,0.5,docx_parser,docx_table,"Parsed from table 0, row 0"
Colombia,2017,pdf_76d96b1db776__2017_LEY_1815_DE_2016.txt,0,section_total,,NACIONAL PARA SORDOS (INSOR) A-INGRESOS CORRIENTES,NACIONAL PARA SORDOS (INSOR) A-INGRESOS CORRIENTES,,NACIONAL PARA SORDOS (INSOR) A-INGRESOS CORRIENTES,NACIONAL PARA SORDOS (INSOR) A-INGRESOS CORRIENTES,1282103437.0,,unit,COP,unclear,review,0.5,docx_parser,docx_table,"Parsed from table 0, row 0"
Colombia,2017,pdf_76d96b1db776__2017_LEY_1815_DE_2016.txt,0,section_total,,NACIONALES A-INGRESOS CORRIENTES,NACIONALES A-INGRESOS CORRIENTES,,NACIONALES A-INGRESOS CORRIENTES,NACIONALES A-INGRESOS CORRIENTES,5207697500.0,,unit,COP,unclear,review,0.5,docx_parser,docx_table,"Parsed from table 0, row 0"
Colombia,2017,pdf_76d96b1db776__2017_LEY_1815_DE_2016.txt,0,section_total,,PREVISIÓN SOCIAL DEL CONGRESO A-INGRESOS CORRIENTES,PREVISIÓN SOCIAL DEL CONGRESO A-INGRESOS CORRIENTES,,PREVISIÓN SOCIAL DEL CONGRESO A-INGRESOS CORRIENTES,PREVISIÓN SOCIAL DEL CONGRESO A-INGRESOS CORRIENTES,15907233000.0,,unit,COP,unclear,review,0.5,docx_parser,docx_table,"Parsed from table 0, row 0"
Colombia,2017,pdf_76d96b1db776__2017_LEY_1815_DE_2016.txt,0,section_total,,PROFESIONAL A-INGRESOS CORRIENTES,PROFESIONAL A-INGRESOS CORRIENTES,,PROFESIONAL A-INGRESOS CORRIENTES,PROFESIONAL A-INGRESOS CORRIENTES,7041432285.0,,unit,COP,unclear,review,0.5,docx_parser,docx_table,"Parsed from table 0, row 0"
Colombia,2017,pdf_76d96b1db776__2017_LEY_1815_DE_2016.txt,0,section_total,,REGISTRADURÍA A-INGRESOS CORRIENTES,REGISTRADURÍA A-INGRESOS CORRIENTES,,REGISTRADURÍA A-INGRESOS CORRIENTES,REGISTRADURÍA A-INGRESOS CORRIENTES,54070057948.0,,unit,COP,unclear,review,0.6,docx_parser,docx_table,"Parsed from table 0, row 0"
Colombia,2017,pdf_76d96b1db776__2017_LEY_1815_DE_2016.txt,0,section_total,,SAN ANDRÉS Y PROVIDENCIA A-INGRESOS CORRIENTES,SAN ANDRÉS Y PROVIDENCIA A-INGRESOS CORRIENTES,,SAN ANDRÉS Y PROVIDENCIA A-INGRESOS CORRIENTES,SAN ANDRÉS Y PROVIDENCIA A-INGRESOS CORRIENTES,725374765.0,,unit,COP,unclear,review,0.5,docx_parser,docx_table,"Parsed from table 0, row 0"
Colombia,2017,pdf_76d96b1db776__2017_LEY_1815_DE_2016.txt,0,section_total,,SUPERINTENDENCIA DE PUERTOS Y TRANSPORTE A-INGRESOS CORRIENTES,SUPERINTENDENCIA DE PUERTOS Y TRANSPORTE A-INGRESOS CORRIENTES,,SUPERINTENDENCIA DE PUERTOS Y TRANSPORTE A-INGRESOS CORRIENTES,SUPERINTENDENCIA DE PUERTOS Y TRANSPORTE A-INGRESOS CORRIENTES,44924112150.0,,unit,COP,unclear,review,0.6,docx_parser,docx_table,"Parsed from table 0, row 0"
Colombia,2017,pdf_76d96b1db776__2017_LEY_1815_DE_2016.txt,0,section_total,,SUPERINTENDENCIA DE SERVICIOS PÚBLICOS DOMICILIARIOS A-INGRESOS CORRIENTES,SUPERINTENDENCIA DE SERVICIOS PÚBLICOS DOMICILIARIOS A-INGRESOS CORRIENTES,,SUPERINTENDENCIA DE SERVICIOS PÚBLICOS DOMICILIARIOS A-INGRESOS CORRIENTES,SUPERINTENDENCIA DE SERVICIOS PÚBLICOS DOMICILIARIOS A-INGRESOS CORRIENTES,110424552845.0,,unit,COP,unclear,review,0.5,docx_parser,docx_table,"Parsed from table 0, row 0"
Colombia,2017,pdf_76d96b1db776__2017_LEY_1815_DE_2016.txt,0,section_total,,SUPERINTENDENCIA DE SOCIEDADES A-INGRESOS CORRIENTES,SUPERINTENDENCIA DE SOCIEDADES A-INGRESOS CORRIENTES,,SUPERINTENDENCIA DE SOCIEDADES A-INGRESOS CORRIENTES,SUPERINTENDENCIA DE SOCIEDADES A-INGRESOS CORRIENTES,123586675343.0,,unit,COP,unclear,review,0.5,docx_parser,docx_table,"Parsed from table 0, row 0"
Colombia,2017,pdf_76d96b1db776__2017_LEY_1815_DE_2016.txt,0,section_total,,UNIDAD ADMINISTRATIVA ESPECIAL JUNTA CENTRAL CONTADORES A-INGRESOS CORRIENTES,UNIDAD ADMINISTRATIVA ESPECIAL JUNTA CENTRAL CONTADORES A-INGRESOS CORRIENTES,,UNIDAD ADMINISTRATIVA ESPECIAL JUNTA CENTRAL CONTADORES A-INGRESOS CORRIENTES,UNIDAD ADMINISTRATIVA ESPECIAL JUNTA CENTRAL CONTADORES A-INGRESOS CORRIENTES,6053050000.0,,unit,COP,unclear,review,0.5,docx_parser,docx_table,"Parsed from table 0, row 0"
Colombia,2017,pdf_76d96b1db776__2017_LEY_1815_DE_2016.txt,0,section_total,,UNIDAD DE ATENCIÓN Y REPARACIÓN INTEGRAL A LAS VÍCTIMAS A-INGRESOS CORRIENTES,UNIDAD DE ATENCIÓN Y REPARACIÓN INTEGRAL A LAS VÍCTIMAS A-INGRESOS CORRIENTES,,UNIDAD DE ATENCIÓN Y REPARACIÓN INTEGRAL A LAS VÍCTIMAS A-INGRESOS CORRIENTES,UNIDAD DE ATENCIÓN Y REPARACIÓN INTEGRAL A LAS VÍCTIMAS A-INGRESOS CORRIENTES,45000000000.0,,unit,COP,unclear,review,0.6,docx_parser,docx_table,"Parsed from table 0, row 0"
Colombia,2018,pdf_13b9ce28bd17__2018_Ley_1873_de_2017.txt,0,section_total,,"A TENCIÓN, ASISTENCIA Y REPARACIÓN INTEGRAL A LAS","A TENCIÓN, ASISTENCIA Y REPARACIÓN INTEGRAL A LAS",,"A TENCIÓN, ASISTENCIA Y REPARACIÓN INTEGRAL A LAS","A TENCIÓN, ASISTENCIA Y REPARACIÓN INTEGRAL A LAS",1162788967516.0,,unit,COP,unclear,review,0.6,docx_parser,docx_table,"Parsed from table 0, row 0"
Colombia,2018,pdf_13b9ce28bd17__2018_Ley_1873_de_2017.txt,0,section_total,,A-INGRESOS CORRIENTES,A-INGRESOS CORRIENTES,,A-INGRESOS CORRIENTES,A-INGRESOS CORRIENTES,1005381192156.0,,unit,COP,unclear,review,0.5,docx_parser,docx_table,"Parsed from table 0, row 0"
Colombia,2018,pdf_13b9ce28bd17__2018_Ley_1873_de_2017.txt,0,section_total,,A. PRESUPUESTO DE FUNCIONAMIENTO,A. PRESUPUESTO DE FUNCIONAMIENTO,,A. PRESUPUESTO DE FUNCIONAMIENTO,A. PRESUPUESTO DE FUNCIONAMIENTO,1963532449558.0,,unit,COP,unclear,review,0.5,docx_parser,docx_table,"Parsed from table 0, row 0"
Colombia,2018,pdf_13b9ce28bd17__2018_Ley_1873_de_2017.txt,0,section_total,,ACCESO A SOLUCIONES DE VIVIENDA,ACCESO A SOLUCIONES DE VIVIENDA,,ACCESO A SOLUCIONES DE VIVIENDA,ACCESO A SOLUCIONES DE VIVIENDA,1410927987994.0,,unit,COP,unclear,review,0.6,docx_parser,docx_table,"Parsed from table 0, row 0"
Colombia,2018,pdf_13b9ce28bd17__2018_Ley_1873_de_2017.txt,0,section_total,,ACCESO DE LA POBLACIÓN A LOS SERVICIOS DE AGUA POTABLE Y SANEAMIENTO BÁSICO,ACCESO DE LA POBLACIÓN A LOS SERVICIOS DE AGUA POTABLE Y SANEAMIENTO BÁSICO,,ACCESO DE LA POBLACIÓN A LOS SERVICIOS DE AGUA POTABLE Y SANEAMIENTO BÁSICO,ACCESO DE LA POBLACIÓN A LOS SERVICIOS DE AGUA POTABLE Y SANEAMIENTO BÁSICO,417.725428592,,unit,COP,unclear,review,0.5,docx_parser,docx_table,"Parsed from table 0, row 0"
Colombia,2018,pdf_13b9ce28bd17__2018_Ley_1873_de_2017.txt,0,section_total,,ADMINISTRACIÓN Y VIGILANCIA DE LAS CARRERAS ADMINISTRATIVAS DE LOS SERVIDORES PÚBLICOS,ADMINISTRACIÓN Y VIGILANCIA DE LAS CARRERAS ADMINISTRATIVAS DE LOS SERVIDORES PÚBLICOS,,ADMINISTRACIÓN Y VIGILANCIA DE LAS CARRERAS ADMINISTRATIVAS DE LOS SERVIDORES PÚBLICOS,ADMINISTRACIÓN Y VIGILANCIA DE LAS CARRERAS ADMINISTRATIVAS DE LOS SERVIDORES PÚBLICOS,53470340137.0,,unit,COP,unclear,review,0.6,docx_parser,docx_table,"Parsed from table 0, row 0"
Colombia,2018,pdf_13b9ce28bd17__2018_Ley_1873_de_2017.txt,0,section_total,,AMBIENTE REGULATORIO Y ECONÓMICO PARA LA COMPETENCIA Y LA ACTIVIDAD EMPRESARIAL,AMBIENTE REGULATORIO Y ECONÓMICO PARA LA COMPETENCIA Y LA ACTIVIDAD EMPRESARIAL,,AMBIENTE REGULATORIO Y ECONÓMICO PARA LA COMPETENCIA Y LA ACTIVIDAD EMPRESARIAL,AMBIENTE REGULATORIO Y ECONÓMICO PARA LA COMPETENCIA Y LA ACTIVIDAD EMPRESARIAL,52278125314.0,,unit,COP,unclear,review,0.6,docx_parser,docx_table,"Parsed from table 0, row 0"
Colombia,2018,pdf_13b9ce28bd17__2018_Ley_1873_de_2017.txt,0,section_total,,APROVECHAMIENTO DE MERCADOS EXTERNOS,APROVECHAMIENTO DE MERCADOS EXTERNOS,,APROVECHAMIENTO DE MERCADOS EXTERNOS,APROVECHAMIENTO DE MERCADOS EXTERNOS,500000000.0,,unit,COP,unclear,review,0.5,docx_parser,docx_table,"Parsed from table 0, row 0"
Colombia,2018,pdf_13b9ce28bd17__2018_Ley_1873_de_2017.txt,0,section_total,,ARTE Y CULTURA,ARTE Y CULTURA,,ARTE Y CULTURA,ARTE Y CULTURA,87343720635.0,,unit,COP,unclear,review,0.6,docx_parser,docx_table,"Parsed from table 0, row 0"
Colombia,2018,pdf_13b9ce28bd17__2018_Ley_1873_de_2017.txt,0,section_total,,ASEGURAMIENTO Y ADMINISTRACIÓN DEL SISTEMA GENERAL DE LA SEGURIDAD SOCIAL EN SALUD - SGSSS,ASEGURAMIENTO Y ADMINISTRACIÓN DEL SISTEMA GENERAL DE LA SEGURIDAD SOCIAL EN SALUD - SGSSS,,ASEGURAMIENTO Y ADMINISTRACIÓN DEL SISTEMA GENERAL DE LA SEGURIDAD SOCIAL EN SALUD - SGSSS,ASEGURAMIENTO Y ADMINISTRACIÓN DEL SISTEMA GENERAL DE LA SEGURIDAD SOCIAL EN SALUD - SGSSS,10600000000.0,,unit,COP,unclear,review,0.6,docx_parser,docx_table,"Parsed from table 0, row 0"
Colombia,2018,pdf_13b9ce28bd17__2018_Ley_1873_de_2017.txt,0,section_total,,B-RECURSOS DE CAPITAL,B-RECURSOS DE CAPITAL,,B-RECURSOS DE CAPITAL,B-RECURSOS DE CAPITAL,642048449535.0,,unit,COP,unclear,review,0.5,docx_parser,docx_table,"Parsed from table 0, row 0"
Colombia,2018,pdf_13b9ce28bd17__2018_Ley_1873_de_2017.txt,0,section_total,,B. PRESUPUESTO DE SERVICIO DE LA DEUDA PUBLICA,B. PRESUPUESTO DE SERVICIO DE LA DEUDA PUBLICA,,B. PRESUPUESTO DE SERVICIO DE LA DEUDA PUBLICA,B. PRESUPUESTO DE SERVICIO DE LA DEUDA PUBLICA,85970000.0,,unit,COP,unclear,review,0.5,docx_parser,docx_table,"Parsed from table 0, row 0"
Colombia,2018,pdf_13b9ce28bd17__2018_Ley_1873_de_2017.txt,0,section_total,,B. PRESUPUESTO DE SERVICIO DE LA DEUDA PÚBLICA,B. PRESUPUESTO DE SERVICIO DE LA DEUDA PÚBLICA,,B. PRESUPUESTO DE SERVICIO DE LA DEUDA PÚBLICA,B. PRESUPUESTO DE SERVICIO DE LA DEUDA PÚBLICA,666693528550.0,,unit,COP,unclear,review,0.6,docx_parser,docx_table,"Parsed from table 0, row 0"
Colombia,2018,pdf_13b9ce28bd17__2018_Ley_1873_de_2017.txt,0,section_total,,BAJO EN CARBONO Y RESILIENTE AL CLIMA,BAJO EN CARBONO Y RESILIENTE AL CLIMA,,BAJO EN CARBONO Y RESILIENTE AL CLIMA,BAJO EN CARBONO Y RESILIENTE AL CLIMA,2037775203.0,,unit,COP,unclear,review,0.5,docx_parser,docx_table,"Parsed from table 0, row 0"
Colombia,2018,pdf_13b9ce28bd17__2018_Ley_1873_de_2017.txt,0,section_total,,C-CONTRIBUCIONES PARAFISCALES,C-CONTRIBUCIONES PARAFISCALES,,C-CONTRIBUCIONES PARAFISCALES,C-CONTRIBUCIONES PARAFISCALES,2300745400000.0,,unit,COP,unclear,review,0.5,docx_parser,docx_table,"Parsed from table 0, row 0"
Colombia,2018,pdf_13b9ce28bd17__2018_Ley_1873_de_2017.txt,0,section_total,,C. PRESUPUESTO DE INVERSION,C. PRESUPUESTO DE INVERSION,,C. PRESUPUESTO DE INVERSION,C. PRESUPUESTO DE INVERSION,5634845838016.0,,unit,COP,unclear,review,0.5,docx_parser,docx_table,"Parsed from table 0, row 0"
Colombia,2018,pdf_13b9ce28bd17__2018_Ley_1873_de_2017.txt,0,section_total,,CALIDAD Y FOMENTO DE LA EDUCACIÓN SUPERIOR,CALIDAD Y FOMENTO DE LA EDUCACIÓN SUPERIOR,,CALIDAD Y FOMENTO DE LA EDUCACIÓN SUPERIOR,CALIDAD Y FOMENTO DE LA EDUCACIÓN SUPERIOR,1819393960262.0,,unit,COP,direct_rd,include,0.9,docx_parser,docx_table,"Parsed from table 0, row 0"
Colombia,2018,pdf_13b9ce28bd17__2018_Ley_1873_de_2017.txt,0,section_total,,CAPACIDADES DE LAS FUERZAS MILITARES EN SEGURIDAD PÚBLICA Y DEFENSA EN EL TERRITORIO NACIONAL,CAPACIDADES DE LAS FUERZAS MILITARES EN SEGURIDAD PÚBLICA Y DEFENSA EN EL TERRITORIO NACIONAL,,CAPACIDADES DE LAS FUERZAS MILITARES EN SEGURIDAD PÚBLICA Y DEFENSA EN EL TERRITORIO NACIONAL,CAPACIDADES DE LAS FUERZAS MILITARES EN SEGURIDAD PÚBLICA Y DEFENSA EN EL TERRITORIO NACIONAL,559891574482.0,,unit,COP,unclear,review,0.5,docx_parser,docx_table,"Parsed from table 0, row 0"
Colombia,2018,pdf_13b9ce28bd17__2018_Ley_1873_de_2017.txt,0,section_total,,"CAPACIDADES LA POLICÍA NACIONAL EN SEGURIDAD PREVENCION, CONVIVENCIA Y CIUDADANA","CAPACIDADES LA POLICÍA NACIONAL EN SEGURIDAD PREVENCION, CONVIVENCIA Y CIUDADANA",,"CAPACIDADES LA POLICÍA NACIONAL EN SEGURIDAD PREVENCION, CONVIVENCIA Y CIUDADANA","CAPACIDADES LA POLICÍA NACIONAL EN SEGURIDAD PREVENCION, CONVIVENCIA Y CIUDADANA",159.429237474,,unit,COP,unclear,review,0.5,docx_parser,docx_table,"Parsed from table 0, row 0"
Colombia,2018,pdf_13b9ce28bd17__2018_Ley_1873_de_2017.txt,0,section_total,,"CIENCIA, TECNOLOGÍA E INNOVACIÓN AGROPECUARIA","CIENCIA, TECNOLOGÍA E INNOVACIÓN AGROPECUARIA",,"CIENCIA, TECNOLOGÍA E INNOVACIÓN AGROPECUARIA","CIENCIA, TECNOLOGÍA E INNOVACIÓN AGROPECUARIA",54890606249.0,,unit,COP,unclear,review,0.5,docx_parser,docx_table,"Parsed from table 0, row 0"
Colombia,2018,pdf_13b9ce28bd17__2018_Ley_1873_de_2017.txt,0,section_total,,CIERRE DE BRECHAS PARA EL GOCE EFECTIVO DE DERECHOS FUNDAMENTALES DE LA POBLACI{ON EN CONDICIÓN DE DISCAPACIDAD,CIERRE DE BRECHAS PARA EL GOCE EFECTIVO DE DERECHOS FUNDAMENTALES DE LA POBLACI{ON EN CONDICIÓN DE DISCAPACIDAD,,CIERRE DE BRECHAS PARA EL GOCE EFECTIVO DE DERECHOS FUNDAMENTALES DE LA POBLACI{ON EN CONDICIÓN DE DISCAPACIDAD,CIERRE DE BRECHAS PARA EL GOCE EFECTIVO DE DERECHOS FUNDAMENTALES DE LA POBLACI{ON EN CONDICIÓN DE DISCAPACIDAD,2790109077.0,,unit,COP,unclear,review,0.5,docx_parser,docx_table,"Parsed from table 0, row 0"
Colombia,2018,pdf_13b9ce28bd17__2018_Ley_1873_de_2017.txt,0,section_total,,CONSERVACIÓN DE LA BIODIVERSIDAD y SUS SERVICIOS ECOSISTÉMICOS,CONSERVACIÓN DE LA BIODIVERSIDAD y SUS SERVICIOS ECOSISTÉMICOS,,CONSERVACIÓN DE LA BIODIVERSIDAD y SUS SERVICIOS ECOSISTÉMICOS,CONSERVACIÓN DE LA BIODIVERSIDAD y SUS SERVICIOS ECOSISTÉMICOS,17977530348.0,,unit,COP,unclear,review,0.5,docx_parser,docx_table,"Parsed from table 0, row 0"
Colombia,2018,pdf_13b9ce28bd17__2018_Ley_1873_de_2017.txt,0,section_total,,CONSOLIDACIÓN DE LA LUCHA CONTRA LA CORRUPCIÓN DESDE EL SECTOR PRESIDENCIA,CONSOLIDACIÓN DE LA LUCHA CONTRA LA CORRUPCIÓN DESDE EL SECTOR PRESIDENCIA,,CONSOLIDACIÓN DE LA LUCHA CONTRA LA CORRUPCIÓN DESDE EL SECTOR PRESIDENCIA,CONSOLIDACIÓN DE LA LUCHA CONTRA LA CORRUPCIÓN DESDE EL SECTOR PRESIDENCIA,2500000000.0,,unit,COP,unclear,review,0.5,docx_parser,docx_table,"Parsed from table 0, row 0"
Colombia,2018,pdf_13b9ce28bd17__2018_Ley_1873_de_2017.txt,0,section_total,,CONSOLIDACIÓN DE UNA INSTITUCIONALIDAD HABILITANTE PARA LA CIENCIA TECNOLOGÍA E INNOVACIÓN (CTI),CONSOLIDACIÓN DE UNA INSTITUCIONALIDAD HABILITANTE PARA LA CIENCIA TECNOLOGÍA E INNOVACIÓN (CTI),,CONSOLIDACIÓN DE UNA INSTITUCIONALIDAD HABILITANTE PARA LA CIENCIA TECNOLOGÍA E INNOVACIÓN (CTI),CONSOLIDACIÓN DE UNA INSTITUCIONALIDAD HABILITANTE PARA LA CIENCIA TECNOLOGÍA E INNOVACIÓN (CTI),19307931709.0,,unit,COP,science_agency,include,0.9,docx_parser,docx_table,"Parsed from table 0, row 0"
Colombia,2018,pdf_13b9ce28bd17__2018_Ley_1873_de_2017.txt,0,section_total,,CONSOLIDACIÓN PRODUCTIVA DEL SECTOR DE ENERGÍA,CONSOLIDACIÓN PRODUCTIVA DEL SECTOR DE ENERGÍA,,CONSOLIDACIÓN PRODUCTIVA DEL SECTOR DE ENERGÍA,CONSOLIDACIÓN PRODUCTIVA DEL SECTOR DE ENERGÍA,2246461672000.0,,unit,COP,direct_rd,include,0.9,docx_parser,docx_table,"Parsed from table 0, row 0"
Colombia,2018,pdf_13b9ce28bd17__2018_Ley_1873_de_2017.txt,0,section_total,,CONSOLIDACIÓN PRODUCTIVA DEL SECTOR DE ENERGÍA ELÉCTRICA,CONSOLIDACIÓN PRODUCTIVA DEL SECTOR DE ENERGÍA ELÉCTRICA,,CONSOLIDACIÓN PRODUCTIVA DEL SECTOR DE ENERGÍA ELÉCTRICA,CONSOLIDACIÓN PRODUCTIVA DEL SECTOR DE ENERGÍA ELÉCTRICA,1847900000.0,,unit,COP,unclear,review,0.5,docx_parser,docx_table,"Parsed from table 0, row 0"
Colombia,2018,pdf_13b9ce28bd17__2018_Ley_1873_de_2017.txt,0,section_total,,CONSOLIDACIÓN PRODUCTIVA DEL SECTOR HIDROCARBUROS,CONSOLIDACIÓN PRODUCTIVA DEL SECTOR HIDROCARBUROS,,CONSOLIDACIÓN PRODUCTIVA DEL SECTOR HIDROCARBUROS,CONSOLIDACIÓN PRODUCTIVA DEL SECTOR HIDROCARBUROS,74858000000.0,,unit,COP,unclear,review,0.6,docx_parser,docx_table,"Parsed from table 0, row 0"
Colombia,2018,pdf_13b9ce28bd17__2018_Ley_1873_de_2017.txt,0,section_total,,CONSOLIDACIÓN PRODUCTIVA DEL SECTOR MINERO,CONSOLIDACIÓN PRODUCTIVA DEL SECTOR MINERO,,CONSOLIDACIÓN PRODUCTIVA DEL SECTOR MINERO,CONSOLIDACIÓN PRODUCTIVA DEL SECTOR MINERO,35774316000.0,,unit,COP,direct_rd,include,0.9,docx_parser,docx_table,"Parsed from table 0, row 0"
Colombia,2018,pdf_13b9ce28bd17__2018_Ley_1873_de_2017.txt,0,section_total,,CORPORACIÓN AUTONOMA REGIONAL DEL RISARALDA (CARDER) A. PRESUPUESTO DE FUNCIONAMIENTO,CORPORACIÓN AUTONOMA REGIONAL DEL RISARALDA (CARDER) A. PRESUPUESTO DE FUNCIONAMIENTO,,CORPORACIÓN AUTONOMA REGIONAL DEL RISARALDA (CARDER) A. PRESUPUESTO DE FUNCIONAMIENTO,CORPORACIÓN AUTONOMA REGIONAL DEL RISARALDA (CARDER) A. PRESUPUESTO DE FUNCIONAMIENTO,2351295000.0,,unit,COP,science_agency,include,0.9,docx_parser,docx_table,"Parsed from table 0, row 0"
Colombia,2018,pdf_13b9ce28bd17__2018_Ley_1873_de_2017.txt,0,section_total,,DEFENSA JURÍDICA DEL ESTADO,DEFENSA JURÍDICA DEL ESTADO,,DEFENSA JURÍDICA DEL ESTADO,DEFENSA JURÍDICA DEL ESTADO,5910365208.0,,unit,COP,unclear,review,0.5,docx_parser,docx_table,"Parsed from table 0, row 0"
Colombia,2018,pdf_13b9ce28bd17__2018_Ley_1873_de_2017.txt,0,section_total,,DERECHOS FUNDAMENTALES DEL TRABAJO Y FORTALECIMIENTO DEL DIÁLOGO SOCIAL,DERECHOS FUNDAMENTALES DEL TRABAJO Y FORTALECIMIENTO DEL DIÁLOGO SOCIAL,,DERECHOS FUNDAMENTALES DEL TRABAJO Y FORTALECIMIENTO DEL DIÁLOGO SOCIAL,DERECHOS FUNDAMENTALES DEL TRABAJO Y FORTALECIMIENTO DEL DIÁLOGO SOCIAL,12570000000.0,,unit,COP,unclear,review,0.6,docx_parser,docx_table,"Parsed from table 0, row 0"
Colombia,2018,pdf_13b9ce28bd17__2018_Ley_1873_de_2017.txt,0,section_total,,DESARROLLO AMBIENTAL SOSTENIBLE DEL SECTOR MINERO ENERGÉTICO,DESARROLLO AMBIENTAL SOSTENIBLE DEL SECTOR MINERO ENERGÉTICO,,DESARROLLO AMBIENTAL SOSTENIBLE DEL SECTOR MINERO ENERGÉTICO,DESARROLLO AMBIENTAL SOSTENIBLE DEL SECTOR MINERO ENERGÉTICO,2444000000.0,,unit,COP,science_agency,include,0.9,docx_parser,docx_table,"Parsed from table 0, row 0"
Colombia,2018,pdf_13b9ce28bd17__2018_Ley_1873_de_2017.txt,0,section_total,,DESARROLLO DE INTELIGENCIA ESTRATÉGICA Y CONTRAINTELIGENCIA DE ESTADO,DESARROLLO DE INTELIGENCIA ESTRATÉGICA Y CONTRAINTELIGENCIA DE ESTADO,,DESARROLLO DE INTELIGENCIA ESTRATÉGICA Y CONTRAINTELIGENCIA DE ESTADO,DESARROLLO DE INTELIGENCIA ESTRATÉGICA Y CONTRAINTELIGENCIA DE ESTADO,7038200000.0,,unit,COP,unclear,review,0.5,docx_parser,docx_table,"Parsed from table 0, row 0"
Colombia,2018,pdf_13b9ce28bd17__2018_Ley_1873_de_2017.txt,0,section_total,,"DESARROLLO INTEGRAL DE NIÑAS, NIÑOS, ADOLESCENTES Y SUS FAMILIAS","DESARROLLO INTEGRAL DE NIÑAS, NIÑOS, ADOLESCENTES Y SUS FAMILIAS",,"DESARROLLO INTEGRAL DE NIÑAS, NIÑOS, ADOLESCENTES Y SUS FAMILIAS","DESARROLLO INTEGRAL DE NIÑAS, NIÑOS, ADOLESCENTES Y SUS FAMILIAS",5289462838016.0,,unit,COP,unclear,review,0.5,docx_parser,docx_table,"Parsed from table 0, row 0"
Colombia,2018,pdf_13b9ce28bd17__2018_Ley_1873_de_2017.txt,0,section_total,,"DESARROLLO MARÍTIMO, FLUVIAL Y COSTERO DESDE EL SECTOR DEFENSA","DESARROLLO MARÍTIMO, FLUVIAL Y COSTERO DESDE EL SECTOR DEFENSA",,"DESARROLLO MARÍTIMO, FLUVIAL Y COSTERO DESDE EL SECTOR DEFENSA","DESARROLLO MARÍTIMO, FLUVIAL Y COSTERO DESDE EL SECTOR DEFENSA",74123000000.0,,unit,COP,unclear,review,0.6,docx_parser,docx_table,"Parsed from table 0, row 0"
Colombia,2018,pdf_13b9ce28bd17__2018_Ley_1873_de_2017.txt,0,section_total,,DESARROLLO TECNOLÓGICO E INNOVACIÓN PARA CRECIMIENTO EMPRESAARIAL,DESARROLLO TECNOLÓGICO E INNOVACIÓN PARA CRECIMIENTO EMPRESAARIAL,,DESARROLLO TECNOLÓGICO E INNOVACIÓN PARA CRECIMIENTO EMPRESAARIAL,DESARROLLO TECNOLÓGICO E INNOVACIÓN PARA CRECIMIENTO EMPRESAARIAL,3000000000.0,,unit,COP,unclear,review,0.5,docx_parser,docx_table,"Parsed from table 0, row 0"
Colombia,2018,pdf_13b9ce28bd17__2018_Ley_1873_de_2017.txt,0,section_total,,"DESARROLLO, INNOVACIÓN Y TRANSFERENCIA DE CONOCIMIENTO GEOESPACIAL","DESARROLLO, INNOVACIÓN Y TRANSFERENCIA DE CONOCIMIENTO GEOESPACIAL",,"DESARROLLO, INNOVACIÓN Y TRANSFERENCIA DE CONOCIMIENTO GEOESPACIAL","DESARROLLO, INNOVACIÓN Y TRANSFERENCIA DE CONOCIMIENTO GEOESPACIAL",4712904448.0,,unit,COP,science_agency,include,0.9,docx_parser,docx_table,"Parsed from table 0, row 0"
Colombia,2018,pdf_13b9ce28bd17__2018_Ley_1873_de_2017.txt,0,section_total,,ECOSISTÉMICOS,ECOSISTÉMICOS,,ECOSISTÉMICOS,ECOSISTÉMICOS,33423648404.0,,unit,COP,unclear,review,0.5,docx_parser,docx_table,"Parsed from table 0, row 0"
Colombia,2018,pdf_13b9ce28bd17__2018_Ley_1873_de_2017.txt,0,section_total,,EDUCACIÓN AMBIENTAL,EDUCACIÓN AMBIENTAL,,EDUCACIÓN AMBIENTAL,EDUCACIÓN AMBIENTAL,1046424584.0,,unit,COP,science_agency,include,0.9,docx_parser,docx_table,"Parsed from table 0, row 0"
Colombia,2018,pdf_13b9ce28bd17__2018_Ley_1873_de_2017.txt,0,section_total,,EFECTIVIDAD DE LA INVESTIGACIÓN PENAL Y TECNICO CIENTÍFICA,EFECTIVIDAD DE LA INVESTIGACIÓN PENAL Y TECNICO CIENTÍFICA,,EFECTIVIDAD DE LA INVESTIGACIÓN PENAL Y TECNICO CIENTÍFICA,EFECTIVIDAD DE LA INVESTIGACIÓN PENAL Y TECNICO CIENTÍFICA,21902000000.0,,unit,COP,science_agency,include,0.9,docx_parser,docx_table,"Parsed from table 0, row 0"
Colombia,2018,pdf_13b9ce28bd17__2018_Ley_1873_de_2017.txt,0,section_total,,ENERGÉTICO,ENERGÉTICO,,ENERGÉTICO,ENERGÉTICO,53600000000.0,,unit,COP,unclear,review,0.5,docx_parser,docx_table,"Parsed from table 0, row 0"
Colombia,2018,pdf_13b9ce28bd17__2018_Ley_1873_de_2017.txt,0,section_total,,FACILITAR EL ACCESO Y USO DE LAS TECNOLOGIAS DE LA INFORMACIÓN Y LAS COMUNICACIONES (TIC) EN TODO EL TERRITORIO NACIONAL,FACILITAR EL ACCESO Y USO DE LAS TECNOLOGIAS DE LA INFORMACIÓN Y LAS COMUNICACIONES (TIC) EN TODO EL TERRITORIO NACIONAL,,FACILITAR EL ACCESO Y USO DE LAS TECNOLOGIAS DE LA INFORMACIÓN Y LAS COMUNICACIONES (TIC) EN TODO EL TERRITORIO NACIONAL,FACILITAR EL ACCESO Y USO DE LAS TECNOLOGIAS DE LA INFORMACIÓN Y LAS COMUNICACIONES (TIC) EN TODO EL TERRITORIO NACIONAL,513113492662.0,,unit,COP,direct_rd,include,0.9,docx_parser,docx_table,"Parsed from table 0, row 0"
Colombia,2018,pdf_13b9ce28bd17__2018_Ley_1873_de_2017.txt,0,section_total,,"FOMENTO A LA RECREACIÓN, LA ACTIVIDAD FÍSICA Y EL DEPORTE PARA DESARROLLAR ENTORNOS DE CONVIVENCIA","FOMENTO A LA RECREACIÓN, LA ACTIVIDAD FÍSICA Y EL DEPORTE PARA DESARROLLAR ENTORNOS DE CONVIVENCIA",,"FOMENTO A LA RECREACIÓN, LA ACTIVIDAD FÍSICA Y EL DEPORTE PARA DESARROLLAR ENTORNOS DE CONVIVENCIA","FOMENTO A LA RECREACIÓN, LA ACTIVIDAD FÍSICA Y EL DEPORTE PARA DESARROLLAR ENTORNOS DE CONVIVENCIA",60988000000.0,,unit,COP,unclear,review,0.5,docx_parser,docx_table,"Parsed from table 0, row 0"
Colombia,2018,pdf_13b9ce28bd17__2018_Ley_1873_de_2017.txt,0,section_total,,"FOMENTO DE LA INVESTIGACIÓN, DESARROLLO TECNOLÓGICO E INNOVACIÓN DEL SECTOR TRABAJO","FOMENTO DE LA INVESTIGACIÓN, DESARROLLO TECNOLÓGICO E INNOVACIÓN DEL SECTOR TRABAJO",,"FOMENTO DE LA INVESTIGACIÓN, DESARROLLO TECNOLÓGICO E INNOVACIÓN DEL SECTOR TRABAJO","FOMENTO DE LA INVESTIGACIÓN, DESARROLLO TECNOLÓGICO E INNOVACIÓN DEL SECTOR TRABAJO",203000000000.0,,unit,COP,science_agency,include,0.9,docx_parser,docx_table,"Parsed from table 0, row 0"
Colombia,2018,pdf_13b9ce28bd17__2018_Ley_1873_de_2017.txt,0,section_total,,"FOMENTO DEL DESARROLLO DE APLICACIONES, SOFTWARE Y CONTENIDOS PARA IMPULSAR LA APROPIACIÓN DE LAS TECNOLOGIAS DE LA INFORMACIÓN Y LAS COMUNICACIONES (TIC)","FOMENTO DEL DESARROLLO DE APLICACIONES, SOFTWARE Y CONTENIDOS PARA IMPULSAR LA APROPIACIÓN DE LAS TECNOLOGIAS DE LA INFORMACIÓN Y LAS COMUNICACIONES (TIC)",,"FOMENTO DEL DESARROLLO DE APLICACIONES, SOFTWARE Y CONTENIDOS PARA IMPULSAR LA APROPIACIÓN DE LAS TECNOLOGIAS DE LA INFORMACIÓN Y LAS COMUNICACIONES (TIC)","FOMENTO DEL DESARROLLO DE APLICACIONES, SOFTWARE Y CONTENIDOS PARA IMPULSAR LA APROPIACIÓN DE LAS TECNOLOGIAS DE LA INFORMACIÓN Y LAS COMUNICACIONES (TIC)",174981000000.0,,unit,COP,direct_rd,include,0.9,docx_parser,docx_table,"Parsed from table 0, row 0"
Colombia,2018,pdf_13b9ce28bd17__2018_Ley_1873_de_2017.txt,0,section_total,,FORMACIÓN PARA EL TRABAJO,FORMACIÓN PARA EL TRABAJO,,FORMACIÓN PARA EL TRABAJO,FORMACIÓN PARA EL TRABAJO,2548888918795.0,,unit,COP,direct_rd,include,0.9,docx_parser,docx_table,"Parsed from table 0, row 0"
Colombia,2018,pdf_13b9ce28bd17__2018_Ley_1873_de_2017.txt,0,section_total,,"FORTALECIMIENTO A LA GOBERNABILIDAD TERRITORIAL PARA LA SEGURIDAD, CONVIVENCIA CIUDADANA, PAZ Y POST-CONFLICTO","FORTALECIMIENTO A LA GOBERNABILIDAD TERRITORIAL PARA LA SEGURIDAD, CONVIVENCIA CIUDADANA, PAZ Y POST-CONFLICTO",,"FORTALECIMIENTO A LA GOBERNABILIDAD TERRITORIAL PARA LA SEGURIDAD, CONVIVENCIA CIUDADANA, PAZ Y POST-CONFLICTO","FORTALECIMIENTO A LA GOBERNABILIDAD TERRITORIAL PARA LA SEGURIDAD, CONVIVENCIA CIUDADANA, PAZ Y POST-CONFLICTO",39827750000.0,,unit,COP,unclear,review,0.5,docx_parser,docx_table,"Parsed from table 0, row 0"
Colombia,2018,pdf_13b9ce28bd17__2018_Ley_1873_de_2017.txt,0,section_total,,FORTALECIMIENTO DE LA GESTION Y DIRECCIÓN DEL SECTOR COMUNICACIONES,FORTALECIMIENTO DE LA GESTION Y DIRECCIÓN DEL SECTOR COMUNICACIONES,,FORTALECIMIENTO DE LA GESTION Y DIRECCIÓN DEL SECTOR COMUNICACIONES,FORTALECIMIENTO DE LA GESTION Y DIRECCIÓN DEL SECTOR COMUNICACIONES,57294000000.0,,unit,COP,unclear,review,0.5,docx_parser,docx_table,"Parsed from table 0, row 0"
Colombia,2018,pdf_13b9ce28bd17__2018_Ley_1873_de_2017.txt,0,section_total,,FORTALECIMIENTO DE LA GESTIÓN PÚBLICA EN LAS ENTIDADES NACIONALES Y TERRITORIALES,FORTALECIMIENTO DE LA GESTIÓN PÚBLICA EN LAS ENTIDADES NACIONALES Y TERRITORIALES,,FORTALECIMIENTO DE LA GESTIÓN PÚBLICA EN LAS ENTIDADES NACIONALES Y TERRITORIALES,FORTALECIMIENTO DE LA GESTIÓN PÚBLICA EN LAS ENTIDADES NACIONALES Y TERRITORIALES,41000000000.0,,unit,COP,unclear,review,0.5,docx_parser,docx_table,"Parsed from table 0, row 0"
Colombia,2018,pdf_13b9ce28bd17__2018_Ley_1873_de_2017.txt,0,section_total,,FORTALECIMIENTO DE LA GESTIÓN Y DIRECCIÓN DEL SECTOR AGROPECUARIO,FORTALECIMIENTO DE LA GESTIÓN Y DIRECCIÓN DEL SECTOR AGROPECUARIO,,FORTALECIMIENTO DE LA GESTIÓN Y DIRECCIÓN DEL SECTOR AGROPECUARIO,FORTALECIMIENTO DE LA GESTIÓN Y DIRECCIÓN DEL SECTOR AGROPECUARIO,46000000000.0,,unit,COP,direct_rd,include,0.9,docx_parser,docx_table,"Parsed from table 0, row 0"
Colombia,2018,pdf_13b9ce28bd17__2018_Ley_1873_de_2017.txt,0,section_total,,FORTALECIMIENTO DE LA GESTIÓN Y DIRECCIÓN DEL SECTOR AMBIENTE Y DESARROLLO SOSTENIBLE,FORTALECIMIENTO DE LA GESTIÓN Y DIRECCIÓN DEL SECTOR AMBIENTE Y DESARROLLO SOSTENIBLE,,FORTALECIMIENTO DE LA GESTIÓN Y DIRECCIÓN DEL SECTOR AMBIENTE Y DESARROLLO SOSTENIBLE,FORTALECIMIENTO DE LA GESTIÓN Y DIRECCIÓN DEL SECTOR AMBIENTE Y DESARROLLO SOSTENIBLE,105410515335.0,,unit,COP,direct_rd,include,0.9,docx_parser,docx_table,"Parsed from table 0, row 0"
Colombia,2018,pdf_13b9ce28bd17__2018_Ley_1873_de_2017.txt,0,section_total,,"FORTALECIMIENTO DE LA GESTIÓN Y DIRECCIÓN DEL SECTOR COMERCIO, INDUSTRIA Y","FORTALECIMIENTO DE LA GESTIÓN Y DIRECCIÓN DEL SECTOR COMERCIO, INDUSTRIA Y",,"FORTALECIMIENTO DE LA GESTIÓN Y DIRECCIÓN DEL SECTOR COMERCIO, INDUSTRIA Y","FORTALECIMIENTO DE LA GESTIÓN Y DIRECCIÓN DEL SECTOR COMERCIO, INDUSTRIA Y",57808074686.0,,unit,COP,unclear,review,0.5,docx_parser,docx_table,"Parsed from table 0, row 0"
Colombia,2018,pdf_13b9ce28bd17__2018_Ley_1873_de_2017.txt,0,section_total,,"FORTALECIMIENTO DE LA GESTIÓN Y DIRECCIÓN DEL SECTOR COMERCIO, INDUSTRIA Y TURISMO","FORTALECIMIENTO DE LA GESTIÓN Y DIRECCIÓN DEL SECTOR COMERCIO, INDUSTRIA Y TURISMO",,"FORTALECIMIENTO DE LA GESTIÓN Y DIRECCIÓN DEL SECTOR COMERCIO, INDUSTRIA Y TURISMO","FORTALECIMIENTO DE LA GESTIÓN Y DIRECCIÓN DEL SECTOR COMERCIO, INDUSTRIA Y TURISMO",5327000000.0,,unit,COP,unclear,review,0.6,docx_parser,docx_table,"Parsed from table 0, row 0"
Colombia,2018,pdf_13b9ce28bd17__2018_Ley_1873_de_2017.txt,0,section_total,,FORTALECIMIENTO DE LA GESTIÓN Y DIRECCIÓN DEL SECTOR CULTURA,FORTALECIMIENTO DE LA GESTIÓN Y DIRECCIÓN DEL SECTOR CULTURA,,FORTALECIMIENTO DE LA GESTIÓN Y DIRECCIÓN DEL SECTOR CULTURA,FORTALECIMIENTO DE LA GESTIÓN Y DIRECCIÓN DEL SECTOR CULTURA,9092869318.0,,unit,COP,unclear,review,0.5,docx_parser,docx_table,"Parsed from table 0, row 0"
Colombia,2018,pdf_13b9ce28bd17__2018_Ley_1873_de_2017.txt,0,section_total,,FORTALECIMIENTO DE LA GESTIÓN Y DIRECCIÓN DEL SECTOR DEFENSA Y SEGURIDAD,FORTALECIMIENTO DE LA GESTIÓN Y DIRECCIÓN DEL SECTOR DEFENSA Y SEGURIDAD,,FORTALECIMIENTO DE LA GESTIÓN Y DIRECCIÓN DEL SECTOR DEFENSA Y SEGURIDAD,FORTALECIMIENTO DE LA GESTIÓN Y DIRECCIÓN DEL SECTOR DEFENSA Y SEGURIDAD,39842151157.0,,unit,COP,unclear,review,0.5,docx_parser,docx_table,"Parsed from table 0, row 0"
Colombia,2018,pdf_13b9ce28bd17__2018_Ley_1873_de_2017.txt,0,section_total,,FORTALECIMIENTO DE LA GESTIÓN Y DIRECCIÓN DEL SECTOR DEPORTE Y RECREACIÓN,FORTALECIMIENTO DE LA GESTIÓN Y DIRECCIÓN DEL SECTOR DEPORTE Y RECREACIÓN,,FORTALECIMIENTO DE LA GESTIÓN Y DIRECCIÓN DEL SECTOR DEPORTE Y RECREACIÓN,FORTALECIMIENTO DE LA GESTIÓN Y DIRECCIÓN DEL SECTOR DEPORTE Y RECREACIÓN,7620000000.0,,unit,COP,unclear,review,0.6,docx_parser,docx_table,"Parsed from table 0, row 0"
Colombia,2018,pdf_13b9ce28bd17__2018_Ley_1873_de_2017.txt,0,section_total,,FORTALECIMIENTO DE LA GESTIÓN Y DIRECCIÓN DEL SECTOR EDUCACIÓN,FORTALECIMIENTO DE LA GESTIÓN Y DIRECCIÓN DEL SECTOR EDUCACIÓN,,FORTALECIMIENTO DE LA GESTIÓN Y DIRECCIÓN DEL SECTOR EDUCACIÓN,FORTALECIMIENTO DE LA GESTIÓN Y DIRECCIÓN DEL SECTOR EDUCACIÓN,47212973323.0,,unit,COP,direct_rd,include,0.9,docx_parser,docx_table,"Parsed from table 0, row 0"
Colombia,2018,pdf_13b9ce28bd17__2018_Ley_1873_de_2017.txt,0,section_total,,FORTALECIMIENTO DE LA GESTIÓN Y DIRECCIÓN DEL SECTOR EMPLEO PÚBLICO,FORTALECIMIENTO DE LA GESTIÓN Y DIRECCIÓN DEL SECTOR EMPLEO PÚBLICO,,FORTALECIMIENTO DE LA GESTIÓN Y DIRECCIÓN DEL SECTOR EMPLEO PÚBLICO,FORTALECIMIENTO DE LA GESTIÓN Y DIRECCIÓN DEL SECTOR EMPLEO PÚBLICO,8574918272.0,,unit,COP,unclear,review,0.5,docx_parser,docx_table,"Parsed from table 0, row 0"
Colombia,2018,pdf_13b9ce28bd17__2018_Ley_1873_de_2017.txt,0,section_total,,FORTALECIMIENTO DE LA GESTIÓN Y DIRECCIÓN DEL SECTOR FISCALÍA,FORTALECIMIENTO DE LA GESTIÓN Y DIRECCIÓN DEL SECTOR FISCALÍA,,FORTALECIMIENTO DE LA GESTIÓN Y DIRECCIÓN DEL SECTOR FISCALÍA,FORTALECIMIENTO DE LA GESTIÓN Y DIRECCIÓN DEL SECTOR FISCALÍA,78697587767.0,,unit,COP,unclear,review,0.6,docx_parser,docx_table,"Parsed from table 0, row 0"
Colombia,2018,pdf_13b9ce28bd17__2018_Ley_1873_de_2017.txt,0,section_total,,FORTALECIMIENTO DE LA GESTIÓN Y DIRECCIÓN DEL SECTOR HACIENDA,FORTALECIMIENTO DE LA GESTIÓN Y DIRECCIÓN DEL SECTOR HACIENDA,,FORTALECIMIENTO DE LA GESTIÓN Y DIRECCIÓN DEL SECTOR HACIENDA,FORTALECIMIENTO DE LA GESTIÓN Y DIRECCIÓN DEL SECTOR HACIENDA,16166000000.0,,unit,COP,unclear,review,0.6,docx_parser,docx_table,"Parsed from table 0, row 0"
Colombia,2018,pdf_13b9ce28bd17__2018_Ley_1873_de_2017.txt,0,section_total,,FORTALECIMIENTO DE LA GESTIÓN Y DIRECCIÓN DEL SECTOR INCLUSIÓN SOCIAL Y RECONCILIACIÓN,FORTALECIMIENTO DE LA GESTIÓN Y DIRECCIÓN DEL SECTOR INCLUSIÓN SOCIAL Y RECONCILIACIÓN,,FORTALECIMIENTO DE LA GESTIÓN Y DIRECCIÓN DEL SECTOR INCLUSIÓN SOCIAL Y RECONCILIACIÓN,FORTALECIMIENTO DE LA GESTIÓN Y DIRECCIÓN DEL SECTOR INCLUSIÓN SOCIAL Y RECONCILIACIÓN,345383000000.0,,unit,COP,unclear,review,0.5,docx_parser,docx_table,"Parsed from table 0, row 0"
Colombia,2018,pdf_13b9ce28bd17__2018_Ley_1873_de_2017.txt,0,section_total,,FORTALECIMIENTO DE LA GESTIÓN Y DIRECCIÓN DEL SECTOR INFORMACIÓN ESTADÍSTICA,FORTALECIMIENTO DE LA GESTIÓN Y DIRECCIÓN DEL SECTOR INFORMACIÓN ESTADÍSTICA,,FORTALECIMIENTO DE LA GESTIÓN Y DIRECCIÓN DEL SECTOR INFORMACIÓN ESTADÍSTICA,FORTALECIMIENTO DE LA GESTIÓN Y DIRECCIÓN DEL SECTOR INFORMACIÓN ESTADÍSTICA,23320826948.0,,unit,COP,unclear,review,0.5,docx_parser,docx_table,"Parsed from table 0, row 0"
Colombia,2018,pdf_13b9ce28bd17__2018_Ley_1873_de_2017.txt,0,section_total,,FORTALECIMIENTO DE LA GESTIÓN Y DIRECCIÓN DEL SECTOR INTERIOR,FORTALECIMIENTO DE LA GESTIÓN Y DIRECCIÓN DEL SECTOR INTERIOR,,FORTALECIMIENTO DE LA GESTIÓN Y DIRECCIÓN DEL SECTOR INTERIOR,FORTALECIMIENTO DE LA GESTIÓN Y DIRECCIÓN DEL SECTOR INTERIOR,5002250000.0,,unit,COP,unclear,review,0.6,docx_parser,docx_table,"Parsed from table 0, row 0"
Colombia,2018,pdf_13b9ce28bd17__2018_Ley_1873_de_2017.txt,0,section_total,,FORTALECIMIENTO DE LA GESTIÓN Y DIRECCIÓN DEL SECTOR JUSTICIA Y DEL DERECHO,FORTALECIMIENTO DE LA GESTIÓN Y DIRECCIÓN DEL SECTOR JUSTICIA Y DEL DERECHO,,FORTALECIMIENTO DE LA GESTIÓN Y DIRECCIÓN DEL SECTOR JUSTICIA Y DEL DERECHO,FORTALECIMIENTO DE LA GESTIÓN Y DIRECCIÓN DEL SECTOR JUSTICIA Y DEL DERECHO,6400104866.0,,unit,COP,unclear,review,0.5,docx_parser,docx_table,"Parsed from table 0, row 0"
Colombia,2018,pdf_13b9ce28bd17__2018_Ley_1873_de_2017.txt,0,section_total,,FORTALECIMIENTO DE LA GESTIÓN Y DIRECCIÓN DEL SECTOR JUSTICIA y DEL DERECHO,FORTALECIMIENTO DE LA GESTIÓN Y DIRECCIÓN DEL SECTOR JUSTICIA y DEL DERECHO,,FORTALECIMIENTO DE LA GESTIÓN Y DIRECCIÓN DEL SECTOR JUSTICIA y DEL DERECHO,FORTALECIMIENTO DE LA GESTIÓN Y DIRECCIÓN DEL SECTOR JUSTICIA y DEL DERECHO,16297785692.0,,unit,COP,unclear,review,0.5,docx_parser,docx_table,"Parsed from table 0, row 0"
Colombia,2018,pdf_13b9ce28bd17__2018_Ley_1873_de_2017.txt,0,section_total,,FORTALECIMIENTO DE LA GESTIÓN Y DIRECCIÓN DEL SECTOR MINAS Y ENERGÍA,FORTALECIMIENTO DE LA GESTIÓN Y DIRECCIÓN DEL SECTOR MINAS Y ENERGÍA,,FORTALECIMIENTO DE LA GESTIÓN Y DIRECCIÓN DEL SECTOR MINAS Y ENERGÍA,FORTALECIMIENTO DE LA GESTIÓN Y DIRECCIÓN DEL SECTOR MINAS Y ENERGÍA,49211000000.0,,unit,COP,unclear,review,0.6,docx_parser,docx_table,"Parsed from table 0, row 0"
Colombia,2018,pdf_13b9ce28bd17__2018_Ley_1873_de_2017.txt,0,section_total,,FORTALECIMIENTO DE LA GESTIÓN Y DIRECCIÓN DEL SECTOR ORGANISMOS DE CONTROL,FORTALECIMIENTO DE LA GESTIÓN Y DIRECCIÓN DEL SECTOR ORGANISMOS DE CONTROL,,FORTALECIMIENTO DE LA GESTIÓN Y DIRECCIÓN DEL SECTOR ORGANISMOS DE CONTROL,FORTALECIMIENTO DE LA GESTIÓN Y DIRECCIÓN DEL SECTOR ORGANISMOS DE CONTROL,124068000000.0,,unit,COP,unclear,review,0.5,docx_parser,docx_table,"Parsed from table 0, row 0"
Colombia,2018,pdf_13b9ce28bd17__2018_Ley_1873_de_2017.txt,0,section_total,,FORTALECIMIENTO DE LA GESTIÓN Y DIRECCIÓN DEL SECTOR PLANEACIÓN,FORTALECIMIENTO DE LA GESTIÓN Y DIRECCIÓN DEL SECTOR PLANEACIÓN,,FORTALECIMIENTO DE LA GESTIÓN Y DIRECCIÓN DEL SECTOR PLANEACIÓN,FORTALECIMIENTO DE LA GESTIÓN Y DIRECCIÓN DEL SECTOR PLANEACIÓN,11632326392.0,,unit,COP,unclear,review,0.6,docx_parser,docx_table,"Parsed from table 0, row 0"
Colombia,2018,pdf_13b9ce28bd17__2018_Ley_1873_de_2017.txt,0,section_total,,FORTALECIMIENTO DE LA GESTIÓN Y DIRECCIÓN DEL SECTOR REGISTRADURÍA,FORTALECIMIENTO DE LA GESTIÓN Y DIRECCIÓN DEL SECTOR REGISTRADURÍA,,FORTALECIMIENTO DE LA GESTIÓN Y DIRECCIÓN DEL SECTOR REGISTRADURÍA,FORTALECIMIENTO DE LA GESTIÓN Y DIRECCIÓN DEL SECTOR REGISTRADURÍA,42436928864.0,,unit,COP,direct_rd,include,0.9,docx_parser,docx_table,"Parsed from table 0, row 0"
Colombia,2018,pdf_13b9ce28bd17__2018_Ley_1873_de_2017.txt,0,section_total,,FORTALECIMIENTO DE LA GESTIÓN Y DIRECCIÓN DEL SECTOR RELACIONES EXTERIORES,FORTALECIMIENTO DE LA GESTIÓN Y DIRECCIÓN DEL SECTOR RELACIONES EXTERIORES,,FORTALECIMIENTO DE LA GESTIÓN Y DIRECCIÓN DEL SECTOR RELACIONES EXTERIORES,FORTALECIMIENTO DE LA GESTIÓN Y DIRECCIÓN DEL SECTOR RELACIONES EXTERIORES,39807342242.0,,unit,COP,unclear,review,0.5,docx_parser,docx_table,"Parsed from table 0, row 0"
Colombia,2018,pdf_13b9ce28bd17__2018_Ley_1873_de_2017.txt,0,section_total,,FORTALECIMIENTO DE LA GESTIÓN Y DIRECCIÓN DEL SECTOR SALUD Y PROTECCIÓN,FORTALECIMIENTO DE LA GESTIÓN Y DIRECCIÓN DEL SECTOR SALUD Y PROTECCIÓN,,FORTALECIMIENTO DE LA GESTIÓN Y DIRECCIÓN DEL SECTOR SALUD Y PROTECCIÓN,FORTALECIMIENTO DE LA GESTIÓN Y DIRECCIÓN DEL SECTOR SALUD Y PROTECCIÓN,18787558274.0,,unit,COP,unclear,review,0.5,docx_parser,docx_table,"Parsed from table 0, row 0"
Colombia,2018,pdf_13b9ce28bd17__2018_Ley_1873_de_2017.txt,0,section_total,,FORTALECIMIENTO DE LA GESTIÓN Y DIRECCIÓN DEL SECTOR SALUD Y PROTECCIÓN SOCIAL,FORTALECIMIENTO DE LA GESTIÓN Y DIRECCIÓN DEL SECTOR SALUD Y PROTECCIÓN SOCIAL,,FORTALECIMIENTO DE LA GESTIÓN Y DIRECCIÓN DEL SECTOR SALUD Y PROTECCIÓN SOCIAL,FORTALECIMIENTO DE LA GESTIÓN Y DIRECCIÓN DEL SECTOR SALUD Y PROTECCIÓN SOCIAL,21480000000.0,,unit,COP,unclear,review,0.5,docx_parser,docx_table,"Parsed from table 0, row 0"
Colombia,2018,pdf_13b9ce28bd17__2018_Ley_1873_de_2017.txt,0,section_total,,FORTALECIMIENTO DE LA GESTIÓN Y DIRECCIÓN DEL SECTOR TRABAJO,FORTALECIMIENTO DE LA GESTIÓN Y DIRECCIÓN DEL SECTOR TRABAJO,,FORTALECIMIENTO DE LA GESTIÓN Y DIRECCIÓN DEL SECTOR TRABAJO,FORTALECIMIENTO DE LA GESTIÓN Y DIRECCIÓN DEL SECTOR TRABAJO,267045000000.0,,unit,COP,direct_rd,include,0.9,docx_parser,docx_table,"Parsed from table 0, row 0"
Colombia,2018,pdf_13b9ce28bd17__2018_Ley_1873_de_2017.txt,0,section_total,,FORTALECIMIENTO DE LA GESTIÓN Y DIRECCIÓN DEL SECTOR TRANSPORTE,FORTALECIMIENTO DE LA GESTIÓN Y DIRECCIÓN DEL SECTOR TRANSPORTE,,FORTALECIMIENTO DE LA GESTIÓN Y DIRECCIÓN DEL SECTOR TRANSPORTE,FORTALECIMIENTO DE LA GESTIÓN Y DIRECCIÓN DEL SECTOR TRANSPORTE,76119737734.0,,unit,COP,unclear,review,0.6,docx_parser,docx_table,"Parsed from table 0, row 0"
Colombia,2018,pdf_13b9ce28bd17__2018_Ley_1873_de_2017.txt,0,section_total,,FORTALECIMIENTO DE LA POLÍTICA CRIMINAL DEL ESTADO COLOMBIANO,FORTALECIMIENTO DE LA POLÍTICA CRIMINAL DEL ESTADO COLOMBIANO,,FORTALECIMIENTO DE LA POLÍTICA CRIMINAL DEL ESTADO COLOMBIANO,FORTALECIMIENTO DE LA POLÍTICA CRIMINAL DEL ESTADO COLOMBIANO,5342700000.0,,unit,COP,unclear,review,0.5,docx_parser,docx_table,"Parsed from table 0, row 0"
Colombia,2018,pdf_13b9ce28bd17__2018_Ley_1873_de_2017.txt,0,section_total,,FORTALECIMIENTO DEL CONTROL Y LA VIGILANCIA DE LA GESTIÓN FISCAL Y RESARCIMIENTO AL DAÑO DEL PATRIMONIO PÚBLICO,FORTALECIMIENTO DEL CONTROL Y LA VIGILANCIA DE LA GESTIÓN FISCAL Y RESARCIMIENTO AL DAÑO DEL PATRIMONIO PÚBLICO,,FORTALECIMIENTO DEL CONTROL Y LA VIGILANCIA DE LA GESTIÓN FISCAL Y RESARCIMIENTO AL DAÑO DEL PATRIMONIO PÚBLICO,FORTALECIMIENTO DEL CONTROL Y LA VIGILANCIA DE LA GESTIÓN FISCAL Y RESARCIMIENTO AL DAÑO DEL PATRIMONIO PÚBLICO,28004000000.0,,unit,COP,unclear,review,0.5,docx_parser,docx_table,"Parsed from table 0, row 0"
Colombia,2018,pdf_13b9ce28bd17__2018_Ley_1873_de_2017.txt,0,section_total,,FORTALECIMIENTO DEL DESEMPEÑO AMBIENTAL DE LOS SECTORES PRODUCTIVOS,FORTALECIMIENTO DEL DESEMPEÑO AMBIENTAL DE LOS SECTORES PRODUCTIVOS,,FORTALECIMIENTO DEL DESEMPEÑO AMBIENTAL DE LOS SECTORES PRODUCTIVOS,FORTALECIMIENTO DEL DESEMPEÑO AMBIENTAL DE LOS SECTORES PRODUCTIVOS,66514954317.0,,unit,COP,unclear,review,0.6,docx_parser,docx_table,"Parsed from table 0, row 0"
Colombia,2018,pdf_13b9ce28bd17__2018_Ley_1873_de_2017.txt,0,section_total,,FORTALECIMIENTO DEL SISTEMA DE COMPRA PUBLICA,FORTALECIMIENTO DEL SISTEMA DE COMPRA PUBLICA,,FORTALECIMIENTO DEL SISTEMA DE COMPRA PUBLICA,FORTALECIMIENTO DEL SISTEMA DE COMPRA PUBLICA,9000000000.0,,unit,COP,unclear,review,0.5,docx_parser,docx_table,"Parsed from table 0, row 0"
Colombia,2018,pdf_13b9ce28bd17__2018_Ley_1873_de_2017.txt,0,section_total,,"FORTALECIMIENTO INSTITUCIONAL A LOS PROCESOS ORGANIZATIVOS DE CONCERTACIÓN, GARANTÍA, PREVENCIÓN Y RESPETO DE LOS DERECHOS HUMANOS COMO FUNDAMENTOS PARA LA PAZ","FORTALECIMIENTO INSTITUCIONAL A LOS PROCESOS ORGANIZATIVOS DE CONCERTACIÓN, GARANTÍA, PREVENCIÓN Y RESPETO DE LOS DERECHOS HUMANOS COMO FUNDAMENTOS PARA LA PAZ",,"FORTALECIMIENTO INSTITUCIONAL A LOS PROCESOS ORGANIZATIVOS DE CONCERTACIÓN, GARANTÍA, PREVENCIÓN Y RESPETO DE LOS DERECHOS HUMANOS COMO FUNDAMENTOS PARA LA PAZ","FORTALECIMIENTO INSTITUCIONAL A LOS PROCESOS ORGANIZATIVOS DE CONCERTACIÓN, GARANTÍA, PREVENCIÓN Y RESPETO DE LOS DERECHOS HUMANOS COMO FUNDAMENTOS PARA LA PAZ",15854117888.0,,unit,COP,unclear,review,0.6,docx_parser,docx_table,"Parsed from table 0, row 0"
Colombia,2018,pdf_13b9ce28bd17__2018_Ley_1873_de_2017.txt,0,section_total,,FORTALECIMIENTO INSTITUCIONAL Y OPERATIVO DE LOS BOMBEROS DE COLOMBIA,FORTALECIMIENTO INSTITUCIONAL Y OPERATIVO DE LOS BOMBEROS DE COLOMBIA,,FORTALECIMIENTO INSTITUCIONAL Y OPERATIVO DE LOS BOMBEROS DE COLOMBIA,FORTALECIMIENTO INSTITUCIONAL Y OPERATIVO DE LOS BOMBEROS DE COLOMBIA,38417000000.0,,unit,COP,unclear,review,0.5,docx_parser,docx_table,"Parsed from table 0, row 0"
Colombia,2018,pdf_13b9ce28bd17__2018_Ley_1873_de_2017.txt,0,section_total,,"FORTALECIMJENTO DE LA GESTIÓN Y DIRECCIÓN DEL SECTOR VIVIENDA, CIUDAD Y TERRITORIO","FORTALECIMJENTO DE LA GESTIÓN Y DIRECCIÓN DEL SECTOR VIVIENDA, CIUDAD Y TERRITORIO",,"FORTALECIMJENTO DE LA GESTIÓN Y DIRECCIÓN DEL SECTOR VIVIENDA, CIUDAD Y TERRITORIO","FORTALECIMJENTO DE LA GESTIÓN Y DIRECCIÓN DEL SECTOR VIVIENDA, CIUDAD Y TERRITORIO",17642000.0,,unit,COP,unclear,review,0.6,docx_parser,docx_table,"Parsed from table 0, row 0"
Colombia,2018,pdf_13b9ce28bd17__2018_Ley_1873_de_2017.txt,0,section_total,,FOTALECIMIENTO DE LA GESTIÓN Y DIRECCIÓN DEL SECTOR,FOTALECIMIENTO DE LA GESTIÓN Y DIRECCIÓN DEL SECTOR,,FOTALECIMIENTO DE LA GESTIÓN Y DIRECCIÓN DEL SECTOR,FOTALECIMIENTO DE LA GESTIÓN Y DIRECCIÓN DEL SECTOR,3400000000.0,,unit,COP,unclear,review,0.5,docx_parser,docx_table,"Parsed from table 0, row 0"
Colombia,2018,pdf_13b9ce28bd17__2018_Ley_1873_de_2017.txt,0,section_total,,GENERACIÓN DE BIENESTAR PARA LA FUERZA PÚBLICA Y SUS FAMILIAS,GENERACIÓN DE BIENESTAR PARA LA FUERZA PÚBLICA Y SUS FAMILIAS,,GENERACIÓN DE BIENESTAR PARA LA FUERZA PÚBLICA Y SUS FAMILIAS,GENERACIÓN DE BIENESTAR PARA LA FUERZA PÚBLICA Y SUS FAMILIAS,21802000000.0,,unit,COP,unclear,review,0.5,docx_parser,docx_table,"Parsed from table 0, row 0"
Colombia,2018,pdf_13b9ce28bd17__2018_Ley_1873_de_2017.txt,0,section_total,,GENERACIÓN DE UNA CULTURA QUE VALORA Y GESTIONA EL CONOCIMIENTO Y LA INNOVACIÓN,GENERACIÓN DE UNA CULTURA QUE VALORA Y GESTIONA EL CONOCIMIENTO Y LA INNOVACIÓN,,GENERACIÓN DE UNA CULTURA QUE VALORA Y GESTIONA EL CONOCIMIENTO Y LA INNOVACIÓN,GENERACIÓN DE UNA CULTURA QUE VALORA Y GESTIONA EL CONOCIMIENTO Y LA INNOVACIÓN,10000000000.0,,unit,COP,unclear,review,0.6,docx_parser,docx_table,"Parsed from table 0, row 0"
Colombia,2018,pdf_13b9ce28bd17__2018_Ley_1873_de_2017.txt,0,section_total,,GENERACIÓN Y FORMALIZACIÓN DEL EMPLEO,GENERACIÓN Y FORMALIZACIÓN DEL EMPLEO,,GENERACIÓN Y FORMALIZACIÓN DEL EMPLEO,GENERACIÓN Y FORMALIZACIÓN DEL EMPLEO,285208873000.0,,unit,COP,direct_rd,include,0.9,docx_parser,docx_table,"Parsed from table 0, row 0"
Colombia,2018,pdf_13b9ce28bd17__2018_Ley_1873_de_2017.txt,0,section_total,,"GESTION INTEGRAL DE MARES, COSTAS Y RECURSOS","GESTION INTEGRAL DE MARES, COSTAS Y RECURSOS",,"GESTION INTEGRAL DE MARES, COSTAS Y RECURSOS","GESTION INTEGRAL DE MARES, COSTAS Y RECURSOS",2382024023.0,,unit,COP,science_agency,include,0.9,docx_parser,docx_table,"Parsed from table 0, row 0"
Colombia,2018,pdf_13b9ce28bd17__2018_Ley_1873_de_2017.txt,0,section_total,,GESTIÓN DE LA INFORMACIÓN EN EL SECTOR MINERO ENERGÉTICO,GESTIÓN DE LA INFORMACIÓN EN EL SECTOR MINERO ENERGÉTICO,,GESTIÓN DE LA INFORMACIÓN EN EL SECTOR MINERO ENERGÉTICO,GESTIÓN DE LA INFORMACIÓN EN EL SECTOR MINERO ENERGÉTICO,187000000000.0,,unit,COP,direct_rd,include,0.9,docx_parser,docx_table,"Parsed from table 0, row 0"
Colombia,2018,pdf_13b9ce28bd17__2018_Ley_1873_de_2017.txt,0,section_total,,GESTIÓN DE LA INFORMACIÓN Y EL CONOCIMIENTO,GESTIÓN DE LA INFORMACIÓN Y EL CONOCIMIENTO,,GESTIÓN DE LA INFORMACIÓN Y EL CONOCIMIENTO,GESTIÓN DE LA INFORMACIÓN Y EL CONOCIMIENTO,21265824845.0,,unit,COP,unclear,review,0.5,docx_parser,docx_table,"Parsed from table 0, row 0"
Colombia,2018,pdf_13b9ce28bd17__2018_Ley_1873_de_2017.txt,0,section_total,,GESTIÓN DEL CAMBIO CLIMATICO PARA UN DESARROLLO BAJO EN CARBONO Y RESILIENTE AL CLIMA,GESTIÓN DEL CAMBIO CLIMATICO PARA UN DESARROLLO BAJO EN CARBONO Y RESILIENTE AL CLIMA,,GESTIÓN DEL CAMBIO CLIMATICO PARA UN DESARROLLO BAJO EN CARBONO Y RESILIENTE AL CLIMA,GESTIÓN DEL CAMBIO CLIMATICO PARA UN DESARROLLO BAJO EN CARBONO Y RESILIENTE AL CLIMA,2378221576.0,,unit,COP,science_agency,include,0.9,docx_parser,docx_table,"Parsed from table 0, row 0"
Colombia,2018,pdf_13b9ce28bd17__2018_Ley_1873_de_2017.txt,0,section_total,,GESTIÓN DEL CAMBIO CLIMÁTICO PARA UN DESARROLLO BAJO EN CARBONO Y RESILIENTE AL CLIMA,GESTIÓN DEL CAMBIO CLIMÁTICO PARA UN DESARROLLO BAJO EN CARBONO Y RESILIENTE AL CLIMA,,GESTIÓN DEL CAMBIO CLIMÁTICO PARA UN DESARROLLO BAJO EN CARBONO Y RESILIENTE AL CLIMA,GESTIÓN DEL CAMBIO CLIMÁTICO PARA UN DESARROLLO BAJO EN CARBONO Y RESILIENTE AL CLIMA,1074086189.0,,unit,COP,science_agency,include,0.9,docx_parser,docx_table,"Parsed from table 0, row 0"
Colombia,2018,pdf_13b9ce28bd17__2018_Ley_1873_de_2017.txt,0,section_total,,GESTIÓN DEL RIESGO DE DESASTRES DESDE EL SECTOR DEFENSA Y SEGURIDAD,GESTIÓN DEL RIESGO DE DESASTRES DESDE EL SECTOR DEFENSA Y SEGURIDAD,,GESTIÓN DEL RIESGO DE DESASTRES DESDE EL SECTOR DEFENSA Y SEGURIDAD,GESTIÓN DEL RIESGO DE DESASTRES DESDE EL SECTOR DEFENSA Y SEGURIDAD,1308504084.0,,unit,COP,unclear,review,0.5,docx_parser,docx_table,"Parsed from table 0, row 0"
Colombia,2018,pdf_13b9ce28bd17__2018_Ley_1873_de_2017.txt,0,section_total,,GESTIÓN DEL RIESGO DE DESASTRES NATURALES Y ANTRÓPICOS EN LA ZONA DE INFLUENCIA DEL VOLCÁN NEVADO DEL HUILA,GESTIÓN DEL RIESGO DE DESASTRES NATURALES Y ANTRÓPICOS EN LA ZONA DE INFLUENCIA DEL VOLCÁN NEVADO DEL HUILA,,GESTIÓN DEL RIESGO DE DESASTRES NATURALES Y ANTRÓPICOS EN LA ZONA DE INFLUENCIA DEL VOLCÁN NEVADO DEL HUILA,GESTIÓN DEL RIESGO DE DESASTRES NATURALES Y ANTRÓPICOS EN LA ZONA DE INFLUENCIA DEL VOLCÁN NEVADO DEL HUILA,10400000000.0,,unit,COP,unclear,review,0.6,docx_parser,docx_table,"Parsed from table 0, row 0"
Colombia,2018,pdf_13b9ce28bd17__2018_Ley_1873_de_2017.txt,0,section_total,,GESTIÓN INTEGRAL DEL RECURSO HÍDRICO,GESTIÓN INTEGRAL DEL RECURSO HÍDRICO,,GESTIÓN INTEGRAL DEL RECURSO HÍDRICO,GESTIÓN INTEGRAL DEL RECURSO HÍDRICO,2394640045.0,,unit,COP,science_agency,include,0.9,docx_parser,docx_table,"Parsed from table 0, row 0"
Colombia,2018,pdf_13b9ce28bd17__2018_Ley_1873_de_2017.txt,0,section_total,,"GESTIÓN, PROTECCIÓN Y SALVAGUARDIA DEL PATRIMONIO CULTURAL COLOMBIANO","GESTIÓN, PROTECCIÓN Y SALVAGUARDIA DEL PATRIMONIO CULTURAL COLOMBIANO",,"GESTIÓN, PROTECCIÓN Y SALVAGUARDIA DEL PATRIMONIO CULTURAL COLOMBIANO","GESTIÓN, PROTECCIÓN Y SALVAGUARDIA DEL PATRIMONIO CULTURAL COLOMBIANO",21194564587.0,,unit,COP,unclear,review,0.5,docx_parser,docx_table,"Parsed from table 0, row 0"
Colombia,2018,pdf_13b9ce28bd17__2018_Ley_1873_de_2017.txt,0,section_total,,GRUPO SOCIAL Y EMPRESARIAL DE LA DEFENSA (GSED) COMPETITIVO,GRUPO SOCIAL Y EMPRESARIAL DE LA DEFENSA (GSED) COMPETITIVO,,GRUPO SOCIAL Y EMPRESARIAL DE LA DEFENSA (GSED) COMPETITIVO,GRUPO SOCIAL Y EMPRESARIAL DE LA DEFENSA (GSED) COMPETITIVO,7130000000.0,,unit,COP,unclear,review,0.5,docx_parser,docx_table,"Parsed from table 0, row 0"
Colombia,2018,pdf_13b9ce28bd17__2018_Ley_1873_de_2017.txt,0,section_total,,I - INGRESOS DEL PRESUPUESTO NACIONAL,I - INGRESOS DEL PRESUPUESTO NACIONAL,,I - INGRESOS DEL PRESUPUESTO NACIONAL,I - INGRESOS DEL PRESUPUESTO NACIONAL,301170960282429.0,,unit,COP,unclear,review,0.5,docx_parser,docx_table,"Parsed from table 0, row 0"
Colombia,2018,pdf_13b9ce28bd17__2018_Ley_1873_de_2017.txt,0,section_total,,IDENTIFICACIÓN Y REGISTRO DEL ESTADO CIVIL DE LA,IDENTIFICACIÓN Y REGISTRO DEL ESTADO CIVIL DE LA,,IDENTIFICACIÓN Y REGISTRO DEL ESTADO CIVIL DE LA,IDENTIFICACIÓN Y REGISTRO DEL ESTADO CIVIL DE LA,50000000000.0,,unit,COP,unclear,review,0.5,docx_parser,docx_table,"Parsed from table 0, row 0"
Colombia,2018,pdf_13b9ce28bd17__2018_Ley_1873_de_2017.txt,0,section_total,,II - INGRESOS DE LOS ESTABLECIMIENTOS PÚBLICOS,II - INGRESOS DE LOS ESTABLECIMIENTOS PÚBLICOS,,II - INGRESOS DE LOS ESTABLECIMIENTOS PÚBLICOS,II - INGRESOS DE LOS ESTABLECIMIENTOS PÚBLICOS,14007514748714.0,,unit,COP,unclear,review,0.5,docx_parser,docx_table,"Parsed from table 0, row 0"
Colombia,2018,pdf_13b9ce28bd17__2018_Ley_1873_de_2017.txt,0,section_total,,III - TOTAL INGRESOS,III - TOTAL INGRESOS,,III - TOTAL INGRESOS,III - TOTAL INGRESOS,235553806729861.0,,unit,COP,unclear,review,0.5,docx_parser,docx_table,"Parsed from table 0, row 0"
Colombia,2018,pdf_13b9ce28bd17__2018_Ley_1873_de_2017.txt,0,section_total,,INCLUSIÓN PRODUCTIVA DE PEQUEÑOS PRODUCTORES,INCLUSIÓN PRODUCTIVA DE PEQUEÑOS PRODUCTORES,,INCLUSIÓN PRODUCTIVA DE PEQUEÑOS PRODUCTORES,INCLUSIÓN PRODUCTIVA DE PEQUEÑOS PRODUCTORES,237509285029.0,,unit,COP,direct_rd,include,0.9,docx_parser,docx_table,"Parsed from table 0, row 0"
Colombia,2018,pdf_13b9ce28bd17__2018_Ley_1873_de_2017.txt,0,section_total,,INCLUSIÓN SOCIAL Y PRODUCTIVA PARA LA POBLACIÓN EN SITUACIÓN DE VULNERABILIDAD,INCLUSIÓN SOCIAL Y PRODUCTIVA PARA LA POBLACIÓN EN SITUACIÓN DE VULNERABILIDAD,,INCLUSIÓN SOCIAL Y PRODUCTIVA PARA LA POBLACIÓN EN SITUACIÓN DE VULNERABILIDAD,INCLUSIÓN SOCIAL Y PRODUCTIVA PARA LA POBLACIÓN EN SITUACIÓN DE VULNERABILIDAD,2750690237839.0,,unit,COP,unclear,review,0.6,docx_parser,docx_table,"Parsed from table 0, row 0"
Colombia,2018,pdf_13b9ce28bd17__2018_Ley_1873_de_2017.txt,0,section_total,,INFRAESTRUCTURA DE TRANSPORTE FLUVIAL,INFRAESTRUCTURA DE TRANSPORTE FLUVIAL,,INFRAESTRUCTURA DE TRANSPORTE FLUVIAL,INFRAESTRUCTURA DE TRANSPORTE FLUVIAL,11430400000.0,,unit,COP,unclear,review,0.6,docx_parser,docx_table,"Parsed from table 0, row 0"
Colombia,2018,pdf_13b9ce28bd17__2018_Ley_1873_de_2017.txt,0,section_total,,INFRAESTRUCTURA DE TRANSPORTE FÉRREO,INFRAESTRUCTURA DE TRANSPORTE FÉRREO,,INFRAESTRUCTURA DE TRANSPORTE FÉRREO,INFRAESTRUCTURA DE TRANSPORTE FÉRREO,143833689253.0,,unit,COP,unclear,review,0.6,docx_parser,docx_table,"Parsed from table 0, row 0"
Colombia,2018,pdf_13b9ce28bd17__2018_Ley_1873_de_2017.txt,0,section_total,,INFRAESTRUCTURA DE TRANSPORTE MARÍTIMO,INFRAESTRUCTURA DE TRANSPORTE MARÍTIMO,,INFRAESTRUCTURA DE TRANSPORTE MARÍTIMO,INFRAESTRUCTURA DE TRANSPORTE MARÍTIMO,31414355508.0,,unit,COP,unclear,review,0.6,docx_parser,docx_table,"Parsed from table 0, row 0"
Colombia,2018,pdf_13b9ce28bd17__2018_Ley_1873_de_2017.txt,0,section_total,,INFRAESTRUCTURA PRODUCTIVA Y COMERCIALIZACIÓN,INFRAESTRUCTURA PRODUCTIVA Y COMERCIALIZACIÓN,,INFRAESTRUCTURA PRODUCTIVA Y COMERCIALIZACIÓN,INFRAESTRUCTURA PRODUCTIVA Y COMERCIALIZACIÓN,144500000000.0,,unit,COP,unclear,review,0.5,docx_parser,docx_table,"Parsed from table 0, row 0"
Colombia,2018,pdf_13b9ce28bd17__2018_Ley_1873_de_2017.txt,0,section_total,,INFRAESTRUCTURA RED VIAL PRIMARIA,INFRAESTRUCTURA RED VIAL PRIMARIA,,INFRAESTRUCTURA RED VIAL PRIMARIA,INFRAESTRUCTURA RED VIAL PRIMARIA,1554760244384.0,,unit,COP,direct_rd,include,0.9,docx_parser,docx_table,"Parsed from table 0, row 0"
Colombia,2018,pdf_13b9ce28bd17__2018_Ley_1873_de_2017.txt,0,section_total,,INFRAESTRUCTURA RED VIAL REGIONAL,INFRAESTRUCTURA RED VIAL REGIONAL,,INFRAESTRUCTURA RED VIAL REGIONAL,INFRAESTRUCTURA RED VIAL REGIONAL,586129174694.0,,unit,COP,unclear,review,0.5,docx_parser,docx_table,"Parsed from table 0, row 0"
Colombia,2018,pdf_13b9ce28bd17__2018_Ley_1873_de_2017.txt,0,section_total,,INFRAESTRUCTURA Y SERVICIO DE TRANSPORTE AÉREO,INFRAESTRUCTURA Y SERVICIO DE TRANSPORTE AÉREO,,INFRAESTRUCTURA Y SERVICIO DE TRANSPORTE AÉREO,INFRAESTRUCTURA Y SERVICIO DE TRANSPORTE AÉREO,515321793126.0,,unit,COP,unclear,review,0.5,docx_parser,docx_table,"Parsed from table 0, row 0"
Colombia,2018,pdf_13b9ce28bd17__2018_Ley_1873_de_2017.txt,0,section_total,,INFRAESTRUCTURA Y SERVICIOS DE LOGÍSTICA DE TRANSPORTE,INFRAESTRUCTURA Y SERVICIOS DE LOGÍSTICA DE TRANSPORTE,,INFRAESTRUCTURA Y SERVICIOS DE LOGÍSTICA DE TRANSPORTE,INFRAESTRUCTURA Y SERVICIOS DE LOGÍSTICA DE TRANSPORTE,1000000000.0,,unit,COP,unclear,review,0.5,docx_parser,docx_table,"Parsed from table 0, row 0"
Colombia,2018,pdf_13b9ce28bd17__2018_Ley_1873_de_2017.txt,0,section_total,,"INSPECCION, CONTROL Y VIGILANCIA FINANCIERA SOLIDARIA Y DE RECURSOS PÚBLICOS","INSPECCION, CONTROL Y VIGILANCIA FINANCIERA SOLIDARIA Y DE RECURSOS PÚBLICOS",,"INSPECCION, CONTROL Y VIGILANCIA FINANCIERA SOLIDARIA Y DE RECURSOS PÚBLICOS","INSPECCION, CONTROL Y VIGILANCIA FINANCIERA SOLIDARIA Y DE RECURSOS PÚBLICOS",1124114.9,,unit,COP,unclear,review,0.6,docx_parser,docx_table,"Parsed from table 0, row 0"
Colombia,2018,pdf_13b9ce28bd17__2018_Ley_1873_de_2017.txt,0,section_total,,"INSPECCION, CONTROL Y VIGILANCIA FINANCIERA,SOLIDARIA Y DE RECURSOS PÚBLICOS","INSPECCION, CONTROL Y VIGILANCIA FINANCIERA,SOLIDARIA Y DE RECURSOS PÚBLICOS",,"INSPECCION, CONTROL Y VIGILANCIA FINANCIERA,SOLIDARIA Y DE RECURSOS PÚBLICOS","INSPECCION, CONTROL Y VIGILANCIA FINANCIERA,SOLIDARIA Y DE RECURSOS PÚBLICOS",1379072000.0,,unit,COP,unclear,review,0.5,docx_parser,docx_table,"Parsed from table 0, row 0"
Colombia,2018,pdf_13b9ce28bd17__2018_Ley_1873_de_2017.txt,0,section_total,,"INSPECCIÓN, CONTROL Y VIGILANCIA FINANCIERA, SOLIDARIA Y DE RECURSOS PÚBLICOS","INSPECCIÓN, CONTROL Y VIGILANCIA FINANCIERA, SOLIDARIA Y DE RECURSOS PÚBLICOS",,"INSPECCIÓN, CONTROL Y VIGILANCIA FINANCIERA, SOLIDARIA Y DE RECURSOS PÚBLICOS","INSPECCIÓN, CONTROL Y VIGILANCIA FINANCIERA, SOLIDARIA Y DE RECURSOS PÚBLICOS",5858993280.0,,unit,COP,unclear,review,0.5,docx_parser,docx_table,"Parsed from table 0, row 0"
Colombia,2018,pdf_13b9ce28bd17__2018_Ley_1873_de_2017.txt,0,section_total,,"INSPECCIÓN, VIGILANCIA Y CONTROL","INSPECCIÓN, VIGILANCIA Y CONTROL",,"INSPECCIÓN, VIGILANCIA Y CONTROL","INSPECCIÓN, VIGILANCIA Y CONTROL",36386441726.0,,unit,COP,unclear,review,0.6,docx_parser,docx_table,"Parsed from table 0, row 0"
Colombia,2018,pdf_13b9ce28bd17__2018_Ley_1873_de_2017.txt,0,section_total,,"INSTITUTO DE HIDROLOGÍA, METEOROLOGÍA Y ESTUDIOS AMBIENTALES - IDEAM A. PRESUPUESTO DE FUNCIONAMIENTO","INSTITUTO DE HIDROLOGÍA, METEOROLOGÍA Y ESTUDIOS AMBIENTALES - IDEAM A. PRESUPUESTO DE FUNCIONAMIENTO",,"INSTITUTO DE HIDROLOGÍA, METEOROLOGÍA Y ESTUDIOS AMBIENTALES - IDEAM A. PRESUPUESTO DE FUNCIONAMIENTO","INSTITUTO DE HIDROLOGÍA, METEOROLOGÍA Y ESTUDIOS AMBIENTALES - IDEAM A. PRESUPUESTO DE FUNCIONAMIENTO",44340876000.0,,unit,COP,unclear,review,0.6,docx_parser,docx_table,"Parsed from table 0, row 0"
Colombia,2018,pdf_13b9ce28bd17__2018_Ley_1873_de_2017.txt,0,section_total,,INSTITUTO NACIONAL DE FORMACIÓN TÉCNICA PROFESIONAL DE SAN ANDRES Y PROVIDENCIA A. PRESUPUESTO DE FUNCIONAMIENTO,INSTITUTO NACIONAL DE FORMACIÓN TÉCNICA PROFESIONAL DE SAN ANDRES Y PROVIDENCIA A. PRESUPUESTO DE FUNCIONAMIENTO,,INSTITUTO NACIONAL DE FORMACIÓN TÉCNICA PROFESIONAL DE SAN ANDRES Y PROVIDENCIA A. PRESUPUESTO DE FUNCIONAMIENTO,INSTITUTO NACIONAL DE FORMACIÓN TÉCNICA PROFESIONAL DE SAN ANDRES Y PROVIDENCIA A. PRESUPUESTO DE FUNCIONAMIENTO,3575339374.0,,unit,COP,unclear,review,0.6,docx_parser,docx_table,"Parsed from table 0, row 0"
Colombia,2018,pdf_13b9ce28bd17__2018_Ley_1873_de_2017.txt,0,section_total,,INSTITUTO NACIONAL DE FORMACIÓN TÉCNICA PROFESIONAL DE SAN JUAN DEL CESAR A. PRESUPUESTO DE FUNCIONAMIENTO,INSTITUTO NACIONAL DE FORMACIÓN TÉCNICA PROFESIONAL DE SAN JUAN DEL CESAR A. PRESUPUESTO DE FUNCIONAMIENTO,,INSTITUTO NACIONAL DE FORMACIÓN TÉCNICA PROFESIONAL DE SAN JUAN DEL CESAR A. PRESUPUESTO DE FUNCIONAMIENTO,INSTITUTO NACIONAL DE FORMACIÓN TÉCNICA PROFESIONAL DE SAN JUAN DEL CESAR A. PRESUPUESTO DE FUNCIONAMIENTO,4484841071.0,,unit,COP,unclear,review,0.6,docx_parser,docx_table,"Parsed from table 0, row 0"
Colombia,2018,pdf_13b9ce28bd17__2018_Ley_1873_de_2017.txt,0,section_total,,INSTITUTO NACIONAL DE VIGILANCIA DE MEDICAMENTOS Y ALIMENTOS INVIMA A. PRESUPUESTO DE FUNCIONAMIENTO,INSTITUTO NACIONAL DE VIGILANCIA DE MEDICAMENTOS Y ALIMENTOS INVIMA A. PRESUPUESTO DE FUNCIONAMIENTO,,INSTITUTO NACIONAL DE VIGILANCIA DE MEDICAMENTOS Y ALIMENTOS INVIMA A. PRESUPUESTO DE FUNCIONAMIENTO,INSTITUTO NACIONAL DE VIGILANCIA DE MEDICAMENTOS Y ALIMENTOS INVIMA A. PRESUPUESTO DE FUNCIONAMIENTO,122007350000.0,,unit,COP,science_agency,include,0.9,docx_parser,docx_table,"Parsed from table 0, row 0"
Colombia,2018,pdf_13b9ce28bd17__2018_Ley_1873_de_2017.txt,0,section_total,,INSTITUTO TOLIMENSE DE FORMACIÓN TÉCNICA PROFESIONAL A. PRESUPUESTO DE FUNCIONAMIENTO,INSTITUTO TOLIMENSE DE FORMACIÓN TÉCNICA PROFESIONAL A. PRESUPUESTO DE FUNCIONAMIENTO,,INSTITUTO TOLIMENSE DE FORMACIÓN TÉCNICA PROFESIONAL A. PRESUPUESTO DE FUNCIONAMIENTO,INSTITUTO TOLIMENSE DE FORMACIÓN TÉCNICA PROFESIONAL A. PRESUPUESTO DE FUNCIONAMIENTO,14602798161.0,,unit,COP,unclear,review,0.6,docx_parser,docx_table,"Parsed from table 0, row 0"
Colombia,2018,pdf_13b9ce28bd17__2018_Ley_1873_de_2017.txt,0,section_total,,"INSTITUTO TÉCNICO NACIONAL DE COMERCIO ""SIMON RODRIGUEZ"" DE CALI A. PRESUPUESTO DE FUNCIONAMIENTO","INSTITUTO TÉCNICO NACIONAL DE COMERCIO ""SIMON RODRIGUEZ"" DE CALI A. PRESUPUESTO DE FUNCIONAMIENTO",,"INSTITUTO TÉCNICO NACIONAL DE COMERCIO ""SIMON RODRIGUEZ"" DE CALI A. PRESUPUESTO DE FUNCIONAMIENTO","INSTITUTO TÉCNICO NACIONAL DE COMERCIO ""SIMON RODRIGUEZ"" DE CALI A. PRESUPUESTO DE FUNCIONAMIENTO",6357787320.805,,unit,COP,unclear,review,0.6,docx_parser,docx_table,"Parsed from table 0, row 0"
Colombia,2018,pdf_13b9ce28bd17__2018_Ley_1873_de_2017.txt,0,section_total,,INTERNACIONALIZACIÓN DE LA ECONOMÍA,INTERNACIONALIZACIÓN DE LA ECONOMÍA,,INTERNACIONALIZACIÓN DE LA ECONOMÍA,INTERNACIONALIZACIÓN DE LA ECONOMÍA,8189000000.0,,unit,COP,unclear,review,0.5,docx_parser,docx_table,"Parsed from table 0, row 0"
Colombia,2018,pdf_13b9ce28bd17__2018_Ley_1873_de_2017.txt,0,section_total,,INTERSUBSECTORIAL AGROPECUARIO,INTERSUBSECTORIAL AGROPECUARIO,,INTERSUBSECTORIAL AGROPECUARIO,INTERSUBSECTORIAL AGROPECUARIO,232230089836.0,,unit,COP,unclear,review,0.6,docx_parser,docx_table,"Parsed from table 0, row 0"
Colombia,2018,pdf_13b9ce28bd17__2018_Ley_1873_de_2017.txt,0,section_total,,INTERSUBSECTORIAL AMBIENTE,INTERSUBSECTORIAL AMBIENTE,,INTERSUBSECTORIAL AMBIENTE,INTERSUBSECTORIAL AMBIENTE,105410515335.0,,unit,COP,unclear,review,0.6,docx_parser,docx_table,"Parsed from table 0, row 0"
Colombia,2018,pdf_13b9ce28bd17__2018_Ley_1873_de_2017.txt,0,section_total,,INTERSUBSECTORIAL COMUNICACIONES,INTERSUBSECTORIAL COMUNICACIONES,,INTERSUBSECTORIAL COMUNICACIONES,INTERSUBSECTORIAL COMUNICACIONES,513113492662.0,,unit,COP,unclear,review,0.5,docx_parser,docx_table,"Parsed from table 0, row 0"
Colombia,2018,pdf_13b9ce28bd17__2018_Ley_1873_de_2017.txt,0,section_total,,INTERSUBSECTORIAL COMUNICACIONES PARA IMPULSAR LA APROPIACION DE LAS,INTERSUBSECTORIAL COMUNICACIONES PARA IMPULSAR LA APROPIACION DE LAS,,INTERSUBSECTORIAL COMUNICACIONES PARA IMPULSAR LA APROPIACION DE LAS,INTERSUBSECTORIAL COMUNICACIONES PARA IMPULSAR LA APROPIACION DE LAS,57294000000.0,,unit,COP,unclear,review,0.5,docx_parser,docx_table,"Parsed from table 0, row 0"
Colombia,2018,pdf_13b9ce28bd17__2018_Ley_1873_de_2017.txt,0,section_total,,INTERSUBSECTORIAL DEFENSA Y SEGURIDAD,INTERSUBSECTORIAL DEFENSA Y SEGURIDAD,,INTERSUBSECTORIAL DEFENSA Y SEGURIDAD,INTERSUBSECTORIAL DEFENSA Y SEGURIDAD,559891574482.0,,unit,COP,unclear,review,0.5,docx_parser,docx_table,"Parsed from table 0, row 0"
Colombia,2018,pdf_13b9ce28bd17__2018_Ley_1873_de_2017.txt,0,section_total,,INTERSUBSECTORIAL DESARROLLO SOCIAL,INTERSUBSECTORIAL DESARROLLO SOCIAL,,INTERSUBSECTORIAL DESARROLLO SOCIAL,INTERSUBSECTORIAL DESARROLLO SOCIAL,5289462838016.0,,unit,COP,unclear,review,0.5,docx_parser,docx_table,"Parsed from table 0, row 0"
Colombia,2018,pdf_13b9ce28bd17__2018_Ley_1873_de_2017.txt,0,section_total,,INTERSUBSECTORIAL EDUCACIÓN,INTERSUBSECTORIAL EDUCACIÓN,,INTERSUBSECTORIAL EDUCACIÓN,INTERSUBSECTORIAL EDUCACIÓN,1819393960262.0,,unit,COP,unclear,review,0.6,docx_parser,docx_table,"Parsed from table 0, row 0"
Colombia,2018,pdf_13b9ce28bd17__2018_Ley_1873_de_2017.txt,0,section_total,,INTERSUBSECTORIAL GOBIERNO,INTERSUBSECTORIAL GOBIERNO,,INTERSUBSECTORIAL GOBIERNO,INTERSUBSECTORIAL GOBIERNO,700000000000.0,,unit,COP,unclear,review,0.6,docx_parser,docx_table,"Parsed from table 0, row 0"
Colombia,2018,pdf_13b9ce28bd17__2018_Ley_1873_de_2017.txt,0,section_total,,INTERSUBSECTORIAL INDUSTRIA Y COMERCIO,INTERSUBSECTORIAL INDUSTRIA Y COMERCIO,,INTERSUBSECTORIAL INDUSTRIA Y COMERCIO,INTERSUBSECTORIAL INDUSTRIA Y COMERCIO,109433700000.0,,unit,COP,unclear,review,0.6,docx_parser,docx_table,"Parsed from table 0, row 0"
Colombia,2018,pdf_13b9ce28bd17__2018_Ley_1873_de_2017.txt,0,section_total,,INTERSUBSECTORIAL JUSTICIA,INTERSUBSECTORIAL JUSTICIA,,INTERSUBSECTORIAL JUSTICIA,INTERSUBSECTORIAL JUSTICIA,357689873646.0,,unit,COP,unclear,review,0.5,docx_parser,docx_table,"Parsed from table 0, row 0"
Colombia,2018,pdf_13b9ce28bd17__2018_Ley_1873_de_2017.txt,0,section_total,,INTERSUBSECTORIAL MINAS Y ENERGÍA,INTERSUBSECTORIAL MINAS Y ENERGÍA,,INTERSUBSECTORIAL MINAS Y ENERGÍA,INTERSUBSECTORIAL MINAS Y ENERGÍA,2246461672000.0,,unit,COP,unclear,review,0.6,docx_parser,docx_table,"Parsed from table 0, row 0"
Colombia,2018,pdf_13b9ce28bd17__2018_Ley_1873_de_2017.txt,0,section_total,,INTERSUBSECTORIAL SALUD,INTERSUBSECTORIAL SALUD,,INTERSUBSECTORIAL SALUD,INTERSUBSECTORIAL SALUD,361316353887.0,,unit,COP,unclear,review,0.5,docx_parser,docx_table,"Parsed from table 0, row 0"
Colombia,2018,pdf_13b9ce28bd17__2018_Ley_1873_de_2017.txt,0,section_total,,INTERSUBSECTORIAL TRABAJO Y BIENESTAR SOCIAL,INTERSUBSECTORIAL TRABAJO Y BIENESTAR SOCIAL,,INTERSUBSECTORIAL TRABAJO Y BIENESTAR SOCIAL,INTERSUBSECTORIAL TRABAJO Y BIENESTAR SOCIAL,2548888918795.0,,unit,COP,unclear,review,0.6,docx_parser,docx_table,"Parsed from table 0, row 0"
Colombia,2018,pdf_13b9ce28bd17__2018_Ley_1873_de_2017.txt,0,section_total,,INTERSUBSECTORIAL TRANSPORTE,INTERSUBSECTORIAL TRANSPORTE,,INTERSUBSECTORIAL TRANSPORTE,INTERSUBSECTORIAL TRANSPORTE,1554760244384.0,,unit,COP,unclear,review,0.6,docx_parser,docx_table,"Parsed from table 0, row 0"
Colombia,2018,pdf_13b9ce28bd17__2018_Ley_1873_de_2017.txt,0,section_total,,INTERSUBSECTORIAL VIVIENDA Y DESARROLLO TERRITORIAL,INTERSUBSECTORIAL VIVIENDA Y DESARROLLO TERRITORIAL,,INTERSUBSECTORIAL VIVIENDA Y DESARROLLO TERRITORIAL,INTERSUBSECTORIAL VIVIENDA Y DESARROLLO TERRITORIAL,1410927987994.0,,unit,COP,unclear,review,0.6,docx_parser,docx_table,"Parsed from table 0, row 0"
Colombia,2018,pdf_13b9ce28bd17__2018_Ley_1873_de_2017.txt,0,section_total,,INVESTIGACIÓN CON CALIDAD E IMPACTO,INVESTIGACIÓN CON CALIDAD E IMPACTO,,INVESTIGACIÓN CON CALIDAD E IMPACTO,INVESTIGACIÓN CON CALIDAD E IMPACTO,281770068291.0,,unit,COP,direct_rd,include,0.9,docx_parser,docx_table,"Parsed from table 0, row 0"
Colombia,2018,pdf_13b9ce28bd17__2018_Ley_1873_de_2017.txt,0,section_total,,JUSTICIA TRANSICIONAL,JUSTICIA TRANSICIONAL,,JUSTICIA TRANSICIONAL,JUSTICIA TRANSICIONAL,10154361600.0,,unit,COP,unclear,review,0.6,docx_parser,docx_table,"Parsed from table 0, row 0"
Colombia,2018,pdf_13b9ce28bd17__2018_Ley_1873_de_2017.txt,0,section_total,,LEVANTAMIENTO ACTUALIZACIÓN Y ACCESO A INFORMACIÓN AGROLÓGICA,LEVANTAMIENTO ACTUALIZACIÓN Y ACCESO A INFORMACIÓN AGROLÓGICA,,LEVANTAMIENTO ACTUALIZACIÓN Y ACCESO A INFORMACIÓN AGROLÓGICA,LEVANTAMIENTO ACTUALIZACIÓN Y ACCESO A INFORMACIÓN AGROLÓGICA,6745000000.0,,unit,COP,unclear,review,0.5,docx_parser,docx_table,"Parsed from table 0, row 0"
Colombia,2018,pdf_13b9ce28bd17__2018_Ley_1873_de_2017.txt,0,section_total,,LEVANTAMIENTO ACTUALIZACIÓN Y ADMINISTRACIÓN DE LA INFORMACIÓN CATASTRAL,LEVANTAMIENTO ACTUALIZACIÓN Y ADMINISTRACIÓN DE LA INFORMACIÓN CATASTRAL,,LEVANTAMIENTO ACTUALIZACIÓN Y ADMINISTRACIÓN DE LA INFORMACIÓN CATASTRAL,LEVANTAMIENTO ACTUALIZACIÓN Y ADMINISTRACIÓN DE LA INFORMACIÓN CATASTRAL,17760017855.945065,,unit,COP,unclear,review,0.5,docx_parser,docx_table,"Parsed from table 0, row 0"
Colombia,2018,pdf_13b9ce28bd17__2018_Ley_1873_de_2017.txt,0,section_total,,LEVANTAMIENTO Y ACTUALIZACIÓN DE INFORMACIÓN EST ADÍSTICA DE CALIDAD,LEVANTAMIENTO Y ACTUALIZACIÓN DE INFORMACIÓN EST ADÍSTICA DE CALIDAD,,LEVANTAMIENTO Y ACTUALIZACIÓN DE INFORMACIÓN EST ADÍSTICA DE CALIDAD,LEVANTAMIENTO Y ACTUALIZACIÓN DE INFORMACIÓN EST ADÍSTICA DE CALIDAD,333828113702.0,,unit,COP,unclear,review,0.5,docx_parser,docx_table,"Parsed from table 0, row 0"
Colombia,2018,pdf_13b9ce28bd17__2018_Ley_1873_de_2017.txt,0,section_total,,LEVANTAMIENTO Y ACTUALIZACIÓN DE INFORMACIÓN ESTADÍSTICA DE CALIDAD,LEVANTAMIENTO Y ACTUALIZACIÓN DE INFORMACIÓN ESTADÍSTICA DE CALIDAD,,LEVANTAMIENTO Y ACTUALIZACIÓN DE INFORMACIÓN ESTADÍSTICA DE CALIDAD,LEVANTAMIENTO Y ACTUALIZACIÓN DE INFORMACIÓN ESTADÍSTICA DE CALIDAD,7731000000.0,,unit,COP,unclear,review,0.5,docx_parser,docx_table,"Parsed from table 0, row 0"
Colombia,2018,pdf_13b9ce28bd17__2018_Ley_1873_de_2017.txt,0,section_total,,"LEVANTAMIENTO, ACTUALIZACIÓN, Y ACCESO A INFORMACIÓN GEOGRÁFICA y CARTOGRÁFICA","LEVANTAMIENTO, ACTUALIZACIÓN, Y ACCESO A INFORMACIÓN GEOGRÁFICA y CARTOGRÁFICA",,"LEVANTAMIENTO, ACTUALIZACIÓN, Y ACCESO A INFORMACIÓN GEOGRÁFICA y CARTOGRÁFICA","LEVANTAMIENTO, ACTUALIZACIÓN, Y ACCESO A INFORMACIÓN GEOGRÁFICA y CARTOGRÁFICA",48308435945.0,,unit,COP,unclear,review,0.6,docx_parser,docx_table,"Parsed from table 0, row 0"
Colombia,2018,pdf_13b9ce28bd17__2018_Ley_1873_de_2017.txt,0,section_total,,LUCHA CONTRA LA CORRUPCIÓN,LUCHA CONTRA LA CORRUPCIÓN,,LUCHA CONTRA LA CORRUPCIÓN,LUCHA CONTRA LA CORRUPCIÓN,6950000000.0,,unit,COP,unclear,review,0.5,docx_parser,docx_table,"Parsed from table 0, row 0"
Colombia,2018,pdf_13b9ce28bd17__2018_Ley_1873_de_2017.txt,0,section_total,,MEJORAMIENTO DE LA CALIDAD EDUCATIVA EN GESTIÓN PUBLICA,MEJORAMIENTO DE LA CALIDAD EDUCATIVA EN GESTIÓN PUBLICA,,MEJORAMIENTO DE LA CALIDAD EDUCATIVA EN GESTIÓN PUBLICA,MEJORAMIENTO DE LA CALIDAD EDUCATIVA EN GESTIÓN PUBLICA,344143099460.0,,unit,COP,unclear,review,0.5,docx_parser,docx_table,"Parsed from table 0, row 0"
Colombia,2018,pdf_13b9ce28bd17__2018_Ley_1873_de_2017.txt,0,section_total,,MEJORAMIENTO DE LA EFICIENCIA Y LA TRANSPARENCIA LEGISLATIVA,MEJORAMIENTO DE LA EFICIENCIA Y LA TRANSPARENCIA LEGISLATIVA,,MEJORAMIENTO DE LA EFICIENCIA Y LA TRANSPARENCIA LEGISLATIVA,MEJORAMIENTO DE LA EFICIENCIA Y LA TRANSPARENCIA LEGISLATIVA,3047000000.0,,unit,COP,unclear,review,0.5,docx_parser,docx_table,"Parsed from table 0, row 0"
Colombia,2018,pdf_13b9ce28bd17__2018_Ley_1873_de_2017.txt,0,section_total,,MEJORAMIENTO DE LA HABITABILIDAD RURAL,MEJORAMIENTO DE LA HABITABILIDAD RURAL,,MEJORAMIENTO DE LA HABITABILIDAD RURAL,MEJORAMIENTO DE LA HABITABILIDAD RURAL,203755311746.0,,unit,COP,direct_rd,include,0.9,docx_parser,docx_table,"Parsed from table 0, row 0"
Colombia,2018,pdf_13b9ce28bd17__2018_Ley_1873_de_2017.txt,0,section_total,,"MEJORAMIENTO DE LA PLANEACION TERRITORIAL, SECTORIAL Y DE INVERSIÓN PÚBLICA","MEJORAMIENTO DE LA PLANEACION TERRITORIAL, SECTORIAL Y DE INVERSIÓN PÚBLICA",,"MEJORAMIENTO DE LA PLANEACION TERRITORIAL, SECTORIAL Y DE INVERSIÓN PÚBLICA","MEJORAMIENTO DE LA PLANEACION TERRITORIAL, SECTORIAL Y DE INVERSIÓN PÚBLICA",323859421583.0,,unit,COP,unclear,review,0.5,docx_parser,docx_table,"Parsed from table 0, row 0"
Colombia,2018,pdf_13b9ce28bd17__2018_Ley_1873_de_2017.txt,0,section_total,,MEJORAMIENTO DE LAS COMPETENCIAS DE LA ADMINISTRACION DE JUSTICIA,MEJORAMIENTO DE LAS COMPETENCIAS DE LA ADMINISTRACION DE JUSTICIA,,MEJORAMIENTO DE LAS COMPETENCIAS DE LA ADMINISTRACION DE JUSTICIA,MEJORAMIENTO DE LAS COMPETENCIAS DE LA ADMINISTRACION DE JUSTICIA,282827000000.0,,unit,COP,direct_rd,include,0.9,docx_parser,docx_table,"Parsed from table 0, row 0"
Colombia,2018,pdf_13b9ce28bd17__2018_Ley_1873_de_2017.txt,0,section_total,,MEJORAMIENTO Y FORTALECIMIENTO DEL SISTEMA DE EMPLEO Y LA GERENCIA PÚBLICA,MEJORAMIENTO Y FORTALECIMIENTO DEL SISTEMA DE EMPLEO Y LA GERENCIA PÚBLICA,,MEJORAMIENTO Y FORTALECIMIENTO DEL SISTEMA DE EMPLEO Y LA GERENCIA PÚBLICA,MEJORAMIENTO Y FORTALECIMIENTO DEL SISTEMA DE EMPLEO Y LA GERENCIA PÚBLICA,6900000000.0,,unit,COP,unclear,review,0.5,docx_parser,docx_table,"Parsed from table 0, row 0"
Colombia,2018,pdf_13b9ce28bd17__2018_Ley_1873_de_2017.txt,0,section_total,,MINISTERIO DE HACIENDA Y CRÉDITO PÚBLICO A. PRESUPUESTO DE FUNCIONAMIENTO,MINISTERIO DE HACIENDA Y CRÉDITO PÚBLICO A. PRESUPUESTO DE FUNCIONAMIENTO,,MINISTERIO DE HACIENDA Y CRÉDITO PÚBLICO A. PRESUPUESTO DE FUNCIONAMIENTO,MINISTERIO DE HACIENDA Y CRÉDITO PÚBLICO A. PRESUPUESTO DE FUNCIONAMIENTO,12081225246615.0,,unit,COP,unclear,review,0.6,docx_parser,docx_table,"Parsed from table 0, row 0"
Colombia,2018,pdf_13b9ce28bd17__2018_Ley_1873_de_2017.txt,0,section_total,,MODERNIZACION DE LA INFORMACIÓN INMOBILIARIA,MODERNIZACION DE LA INFORMACIÓN INMOBILIARIA,,MODERNIZACION DE LA INFORMACIÓN INMOBILIARIA,MODERNIZACION DE LA INFORMACIÓN INMOBILIARIA,14975244027.0,,unit,COP,unclear,review,0.5,docx_parser,docx_table,"Parsed from table 0, row 0"
Colombia,2018,pdf_13b9ce28bd17__2018_Ley_1873_de_2017.txt,0,section_total,,ORDENAMIENTO AMBIENTAL TERRITORIAL,ORDENAMIENTO AMBIENTAL TERRITORIAL,,ORDENAMIENTO AMBIENTAL TERRITORIAL,ORDENAMIENTO AMBIENTAL TERRITORIAL,3154015731.0,,unit,COP,unclear,review,0.5,docx_parser,docx_table,"Parsed from table 0, row 0"
Colombia,2018,pdf_13b9ce28bd17__2018_Ley_1873_de_2017.txt,0,section_total,,ORDENAMIENTO SOCIAL Y USO PRODUCTIVO DEL TERRITORIO RURAL,ORDENAMIENTO SOCIAL Y USO PRODUCTIVO DEL TERRITORIO RURAL,,ORDENAMIENTO SOCIAL Y USO PRODUCTIVO DEL TERRITORIO RURAL,ORDENAMIENTO SOCIAL Y USO PRODUCTIVO DEL TERRITORIO RURAL,232230089836.0,,unit,COP,unclear,review,0.5,docx_parser,docx_table,"Parsed from table 0, row 0"
Colombia,2018,pdf_13b9ce28bd17__2018_Ley_1873_de_2017.txt,0,section_total,,ORDENAMIENTO TERRITORIAL Y DESARROLLO URBANO,ORDENAMIENTO TERRITORIAL Y DESARROLLO URBANO,,ORDENAMIENTO TERRITORIAL Y DESARROLLO URBANO,ORDENAMIENTO TERRITORIAL Y DESARROLLO URBANO,4900000000.0,,unit,COP,unclear,review,0.5,docx_parser,docx_table,"Parsed from table 0, row 0"
Colombia,2018,pdf_13b9ce28bd17__2018_Ley_1873_de_2017.txt,0,section_total,,"PARTICIPACIÓN CIUDADANA, POLÍTICA Y DIVERSIDAD DE","PARTICIPACIÓN CIUDADANA, POLÍTICA Y DIVERSIDAD DE",,"PARTICIPACIÓN CIUDADANA, POLÍTICA Y DIVERSIDAD DE","PARTICIPACIÓN CIUDADANA, POLÍTICA Y DIVERSIDAD DE",1500000000.0,,unit,COP,unclear,review,0.5,docx_parser,docx_table,"Parsed from table 0, row 0"
Colombia,2018,pdf_13b9ce28bd17__2018_Ley_1873_de_2017.txt,0,section_total,,PLANIFICACIÓN Y ESTADÍSTICA,PLANIFICACIÓN Y ESTADÍSTICA,,PLANIFICACIÓN Y ESTADÍSTICA,PLANIFICACIÓN Y ESTADÍSTICA,333828113702.0,,unit,COP,unclear,review,0.5,docx_parser,docx_table,"Parsed from table 0, row 0"
Colombia,2018,pdf_13b9ce28bd17__2018_Ley_1873_de_2017.txt,0,section_total,,POLÍTICA MACROECONÓMICA Y FISCAL,POLÍTICA MACROECONÓMICA Y FISCAL,,POLÍTICA MACROECONÓMICA Y FISCAL,POLÍTICA MACROECONÓMICA Y FISCAL,8928.0,,unit,COP,unclear,review,0.6,docx_parser,docx_table,"Parsed from table 0, row 0"
Colombia,2018,pdf_13b9ce28bd17__2018_Ley_1873_de_2017.txt,0,section_total,,POLÍTICA MIGRATORIA Y SERVICIO AL CIUDADANO,POLÍTICA MIGRATORIA Y SERVICIO AL CIUDADANO,,POLÍTICA MIGRATORIA Y SERVICIO AL CIUDADANO,POLÍTICA MIGRATORIA Y SERVICIO AL CIUDADANO,5553657758.0,,unit,COP,unclear,review,0.5,docx_parser,docx_table,"Parsed from table 0, row 0"
Colombia,2018,pdf_13b9ce28bd17__2018_Ley_1873_de_2017.txt,0,section_total,,POLÍTICA PÚBLICA DE VÍCTIMAS DEL CONFLICTO ARMADO Y POSTCONFLICTO,POLÍTICA PÚBLICA DE VÍCTIMAS DEL CONFLICTO ARMADO Y POSTCONFLICTO,,POLÍTICA PÚBLICA DE VÍCTIMAS DEL CONFLICTO ARMADO Y POSTCONFLICTO,POLÍTICA PÚBLICA DE VÍCTIMAS DEL CONFLICTO ARMADO Y POSTCONFLICTO,4000000000.0,,unit,COP,unclear,review,0.5,docx_parser,docx_table,"Parsed from table 0, row 0"
Colombia,2018,pdf_13b9ce28bd17__2018_Ley_1873_de_2017.txt,0,section_total,,"POSICIONAMIENTO EN INSTANCIAS GLOBALES, MULTILATERALES, REGIONALES Y SUBREGIONALES","POSICIONAMIENTO EN INSTANCIAS GLOBALES, MULTILATERALES, REGIONALES Y SUBREGIONALES",,"POSICIONAMIENTO EN INSTANCIAS GLOBALES, MULTILATERALES, REGIONALES Y SUBREGIONALES","POSICIONAMIENTO EN INSTANCIAS GLOBALES, MULTILATERALES, REGIONALES Y SUBREGIONALES",1000000000.0,,unit,COP,unclear,review,0.5,docx_parser,docx_table,"Parsed from table 0, row 0"
Colombia,2018,pdf_13b9ce28bd17__2018_Ley_1873_de_2017.txt,0,section_total,,PREVENCIÓN Y MITIGACIÓN DEL RIESGO DE DESASTRES DESDE EL SECTOR PRESIDENCIA,PREVENCIÓN Y MITIGACIÓN DEL RIESGO DE DESASTRES DESDE EL SECTOR PRESIDENCIA,,PREVENCIÓN Y MITIGACIÓN DEL RIESGO DE DESASTRES DESDE EL SECTOR PRESIDENCIA,PREVENCIÓN Y MITIGACIÓN DEL RIESGO DE DESASTRES DESDE EL SECTOR PRESIDENCIA,896432618.0,,unit,COP,unclear,review,0.5,docx_parser,docx_table,"Parsed from table 0, row 0"
Colombia,2018,pdf_13b9ce28bd17__2018_Ley_1873_de_2017.txt,0,section_total,,PROCESOS DEMOCRÁTICOS Y ASUNTOS ELECTORALES,PROCESOS DEMOCRÁTICOS Y ASUNTOS ELECTORALES,,PROCESOS DEMOCRÁTICOS Y ASUNTOS ELECTORALES,PROCESOS DEMOCRÁTICOS Y ASUNTOS ELECTORALES,2937500000.0,,unit,COP,unclear,review,0.5,docx_parser,docx_table,"Parsed from table 0, row 0"
Colombia,2018,pdf_13b9ce28bd17__2018_Ley_1873_de_2017.txt,0,section_total,,PRODUCTIVIDAD Y COMPETITIVIDAD DE LAS EMPRESAS COLOMBIANAS,PRODUCTIVIDAD Y COMPETITIVIDAD DE LAS EMPRESAS COLOMBIANAS,,PRODUCTIVIDAD Y COMPETITIVIDAD DE LAS EMPRESAS COLOMBIANAS,PRODUCTIVIDAD Y COMPETITIVIDAD DE LAS EMPRESAS COLOMBIANAS,109433700000.0,,unit,COP,science_agency,include,0.9,docx_parser,docx_table,"Parsed from table 0, row 0"
Colombia,2018,pdf_13b9ce28bd17__2018_Ley_1873_de_2017.txt,0,section_total,,PROMOCION DE LA PRESTACIÓN EFICIENTE DE LOS SERVICIOS PÚBLICOS DOMICILIARIOS,PROMOCION DE LA PRESTACIÓN EFICIENTE DE LOS SERVICIOS PÚBLICOS DOMICILIARIOS,,PROMOCION DE LA PRESTACIÓN EFICIENTE DE LOS SERVICIOS PÚBLICOS DOMICILIARIOS,PROMOCION DE LA PRESTACIÓN EFICIENTE DE LOS SERVICIOS PÚBLICOS DOMICILIARIOS,14904236000.0,,unit,COP,unclear,review,0.6,docx_parser,docx_table,"Parsed from table 0, row 0"
Colombia,2018,pdf_13b9ce28bd17__2018_Ley_1873_de_2017.txt,0,section_total,,PROMOCIÓN AL ACCESO A LA JUSTICIA,PROMOCIÓN AL ACCESO A LA JUSTICIA,,PROMOCIÓN AL ACCESO A LA JUSTICIA,PROMOCIÓN AL ACCESO A LA JUSTICIA,6173638976.0,,unit,COP,unclear,review,0.5,docx_parser,docx_table,"Parsed from table 0, row 0"
Colombia,2018,pdf_13b9ce28bd17__2018_Ley_1873_de_2017.txt,0,section_total,,PROMOCIÓN DE LOS MÉTODOS DE RESOLUCIÓN DE CONFLICTOS,PROMOCIÓN DE LOS MÉTODOS DE RESOLUCIÓN DE CONFLICTOS,,PROMOCIÓN DE LOS MÉTODOS DE RESOLUCIÓN DE CONFLICTOS,PROMOCIÓN DE LOS MÉTODOS DE RESOLUCIÓN DE CONFLICTOS,3575514590.0,,unit,COP,unclear,review,0.5,docx_parser,docx_table,"Parsed from table 0, row 0"
Colombia,2018,pdf_13b9ce28bd17__2018_Ley_1873_de_2017.txt,0,section_total,,PROMOCIÓN Y ACCESO EFECTIVO A PROCESOS CULTURALES Y ARTÍSTICOS,PROMOCIÓN Y ACCESO EFECTIVO A PROCESOS CULTURALES Y ARTÍSTICOS,,PROMOCIÓN Y ACCESO EFECTIVO A PROCESOS CULTURALES Y ARTÍSTICOS,PROMOCIÓN Y ACCESO EFECTIVO A PROCESOS CULTURALES Y ARTÍSTICOS,87343720635.0,,unit,COP,unclear,review,0.5,docx_parser,docx_table,"Parsed from table 0, row 0"
Colombia,2018,pdf_13b9ce28bd17__2018_Ley_1873_de_2017.txt,0,section_total,,"PROMOCIÓN, PROTECCIÓN Y DEFENSA DE LOS DERECHOS HUMANOS Y EL DERECHO INTERNACIONAL HUMANITARIO","PROMOCIÓN, PROTECCIÓN Y DEFENSA DE LOS DERECHOS HUMANOS Y EL DERECHO INTERNACIONAL HUMANITARIO",,"PROMOCIÓN, PROTECCIÓN Y DEFENSA DE LOS DERECHOS HUMANOS Y EL DERECHO INTERNACIONAL HUMANITARIO","PROMOCIÓN, PROTECCIÓN Y DEFENSA DE LOS DERECHOS HUMANOS Y EL DERECHO INTERNACIONAL HUMANITARIO",20131914118.0,,unit,COP,unclear,review,0.5,docx_parser,docx_table,"Parsed from table 0, row 0"
Colombia,2018,pdf_13b9ce28bd17__2018_Ley_1873_de_2017.txt,0,section_total,,PROTECCIÓN SOCIAL,PROTECCIÓN SOCIAL,,PROTECCIÓN SOCIAL,PROTECCIÓN SOCIAL,1440238000000.0,,unit,COP,unclear,review,0.6,docx_parser,docx_table,"Parsed from table 0, row 0"
Colombia,2018,pdf_13b9ce28bd17__2018_Ley_1873_de_2017.txt,0,section_total,,"PROTECCIÓN, PROMOCIÓN Y DIFUSIÓN DEL DERECHO DE AUTOR Y LOS DERECHOS CONEXOS","PROTECCIÓN, PROMOCIÓN Y DIFUSIÓN DEL DERECHO DE AUTOR Y LOS DERECHOS CONEXOS",,"PROTECCIÓN, PROMOCIÓN Y DIFUSIÓN DEL DERECHO DE AUTOR Y LOS DERECHOS CONEXOS","PROTECCIÓN, PROMOCIÓN Y DIFUSIÓN DEL DERECHO DE AUTOR Y LOS DERECHOS CONEXOS",475000000.0,,unit,COP,unclear,review,0.6,docx_parser,docx_table,"Parsed from table 0, row 0"
Colombia,2018,pdf_13b9ce28bd17__2018_Ley_1873_de_2017.txt,0,section_total,,REDUCCIÓN DE LA VULNERABILIDAD FISCAL ANTE DESASTRES Y RIESGOS CLIMÁTICOS,REDUCCIÓN DE LA VULNERABILIDAD FISCAL ANTE DESASTRES Y RIESGOS CLIMÁTICOS,,REDUCCIÓN DE LA VULNERABILIDAD FISCAL ANTE DESASTRES Y RIESGOS CLIMÁTICOS,REDUCCIÓN DE LA VULNERABILIDAD FISCAL ANTE DESASTRES Y RIESGOS CLIMÁTICOS,700000000000.0,,unit,COP,direct_rd,include,0.9,docx_parser,docx_table,"Parsed from table 0, row 0"
Colombia,2018,pdf_13b9ce28bd17__2018_Ley_1873_de_2017.txt,0,section_total,,REGULACIÓN Y SUPERVISIÓN DE INFRAESTRUCTURA Y SERVICIOS DE TRANSPORTE,REGULACIÓN Y SUPERVISIÓN DE INFRAESTRUCTURA Y SERVICIOS DE TRANSPORTE,,REGULACIÓN Y SUPERVISIÓN DE INFRAESTRUCTURA Y SERVICIOS DE TRANSPORTE,REGULACIÓN Y SUPERVISIÓN DE INFRAESTRUCTURA Y SERVICIOS DE TRANSPORTE,8781000000.0,,unit,COP,unclear,review,0.5,docx_parser,docx_table,"Parsed from table 0, row 0"
Colombia,2018,pdf_13b9ce28bd17__2018_Ley_1873_de_2017.txt,0,section_total,,RELACIONES EXTERIORES,RELACIONES EXTERIORES,,RELACIONES EXTERIORES,RELACIONES EXTERIORES,39807342242.0,,unit,COP,unclear,review,0.5,docx_parser,docx_table,"Parsed from table 0, row 0"
Colombia,2018,pdf_13b9ce28bd17__2018_Ley_1873_de_2017.txt,0,section_total,,RENOVACION TERRITORIAL PARA EL DESARROLLO INTEGRAL DE LAS ZONAS RURALES AFECTADAS POR EL CONFLICTO ARMADO,RENOVACION TERRITORIAL PARA EL DESARROLLO INTEGRAL DE LAS ZONAS RURALES AFECTADAS POR EL CONFLICTO ARMADO,,RENOVACION TERRITORIAL PARA EL DESARROLLO INTEGRAL DE LAS ZONAS RURALES AFECTADAS POR EL CONFLICTO ARMADO,RENOVACION TERRITORIAL PARA EL DESARROLLO INTEGRAL DE LAS ZONAS RURALES AFECTADAS POR EL CONFLICTO ARMADO,50430000000.0,,unit,COP,unclear,review,0.6,docx_parser,docx_table,"Parsed from table 0, row 0"
Colombia,2018,pdf_13b9ce28bd17__2018_Ley_1873_de_2017.txt,0,section_total,,RESTITUCIÓN DE TIERRAS A VÍCTIMAS DEL CONFLICTO,RESTITUCIÓN DE TIERRAS A VÍCTIMAS DEL CONFLICTO,,RESTITUCIÓN DE TIERRAS A VÍCTIMAS DEL CONFLICTO,RESTITUCIÓN DE TIERRAS A VÍCTIMAS DEL CONFLICTO,171086162911.0,,unit,COP,unclear,review,0.5,docx_parser,docx_table,"Parsed from table 0, row 0"
Colombia,2018,pdf_13b9ce28bd17__2018_Ley_1873_de_2017.txt,0,section_total,,SALUD PÚBLICA Y PRESTACIÓN DE SERVICIOS,SALUD PÚBLICA Y PRESTACIÓN DE SERVICIOS,,SALUD PÚBLICA Y PRESTACIÓN DE SERVICIOS,SALUD PÚBLICA Y PRESTACIÓN DE SERVICIOS,361316353887.0,,unit,COP,unclear,review,0.5,docx_parser,docx_table,"Parsed from table 0, row 0"
Colombia,2018,pdf_13b9ce28bd17__2018_Ley_1873_de_2017.txt,0,section_total,,SANIDAD AGROPECUARIA E INOCUIDAD AGROALIMENTARIA,SANIDAD AGROPECUARIA E INOCUIDAD AGROALIMENTARIA,,SANIDAD AGROPECUARIA E INOCUIDAD AGROALIMENTARIA,SANIDAD AGROPECUARIA E INOCUIDAD AGROALIMENTARIA,38364700000.0,,unit,COP,science_agency,include,0.9,docx_parser,docx_table,"Parsed from table 0, row 0"
Colombia,2018,pdf_13b9ce28bd17__2018_Ley_1873_de_2017.txt,0,section_total,,SECCION: 0101 CONGRESO DE LA REPUBLICA A. PRESUPUESTO DE FUNCIONAMIENTO,SECCION: 0101 CONGRESO DE LA REPUBLICA A. PRESUPUESTO DE FUNCIONAMIENTO,,SECCION: 0101 CONGRESO DE LA REPUBLICA A. PRESUPUESTO DE FUNCIONAMIENTO,SECCION: 0101 CONGRESO DE LA REPUBLICA A. PRESUPUESTO DE FUNCIONAMIENTO,472793488892.0,,unit,COP,unclear,review,0.6,docx_parser,docx_table,"Parsed from table 0, row 0"
Colombia,2018,pdf_13b9ce28bd17__2018_Ley_1873_de_2017.txt,0,section_total,,SECCION: 0201 PRESIDENCIA DE LA REPUBLICA A. PRESUPUESTO DE FUNCIONAMIENTO,SECCION: 0201 PRESIDENCIA DE LA REPUBLICA A. PRESUPUESTO DE FUNCIONAMIENTO,,SECCION: 0201 PRESIDENCIA DE LA REPUBLICA A. PRESUPUESTO DE FUNCIONAMIENTO,SECCION: 0201 PRESIDENCIA DE LA REPUBLICA A. PRESUPUESTO DE FUNCIONAMIENTO,167941000000.0,,unit,COP,unclear,review,0.6,docx_parser,docx_table,"Parsed from table 0, row 0"
Colombia,2018,pdf_13b9ce28bd17__2018_Ley_1873_de_2017.txt,0,section_total,,"SECCION: 0209 AGENCIA PRESIDENCIAL DE COOPERACIÓN INTERNACIONAL DE COLOMBIA, APC -COLOMBIA COLOMBIA, APC - COLOMBIA A. PRESUPUESTO DE FUNCIONAMIENTO","SECCION: 0209 AGENCIA PRESIDENCIAL DE COOPERACIÓN INTERNACIONAL DE COLOMBIA, APC -COLOMBIA COLOMBIA, APC - COLOMBIA A. PRESUPUESTO DE FUNCIONAMIENTO",,"SECCION: 0209 AGENCIA PRESIDENCIAL DE COOPERACIÓN INTERNACIONAL DE COLOMBIA, APC -COLOMBIA COLOMBIA, APC - COLOMBIA A. PRESUPUESTO DE FUNCIONAMIENTO","SECCION: 0209 AGENCIA PRESIDENCIAL DE COOPERACIÓN INTERNACIONAL DE COLOMBIA, APC -COLOMBIA COLOMBIA, APC - COLOMBIA A. PRESUPUESTO DE FUNCIONAMIENTO",27988000000.0,,unit,COP,unclear,review,0.6,docx_parser,docx_table,"Parsed from table 0, row 0"
Colombia,2018,pdf_13b9ce28bd17__2018_Ley_1873_de_2017.txt,0,section_total,,SECCION: 0211 UNIDAD NACIONAL PARA LA GESTIÓN DEL RIESGO DE DESASTRES A. PRESUPUESTO DE FUNCIONAMIENTO,SECCION: 0211 UNIDAD NACIONAL PARA LA GESTIÓN DEL RIESGO DE DESASTRES A. PRESUPUESTO DE FUNCIONAMIENTO,,SECCION: 0211 UNIDAD NACIONAL PARA LA GESTIÓN DEL RIESGO DE DESASTRES A. PRESUPUESTO DE FUNCIONAMIENTO,SECCION: 0211 UNIDAD NACIONAL PARA LA GESTIÓN DEL RIESGO DE DESASTRES A. PRESUPUESTO DE FUNCIONAMIENTO,99229000000.0,,unit,COP,unclear,review,0.6,docx_parser,docx_table,"Parsed from table 0, row 0"
Colombia,2018,pdf_13b9ce28bd17__2018_Ley_1873_de_2017.txt,0,section_total,,SECCION: 0212 AGENCIA PARA LA REINCORPORACIÓN Y LA NORMALIZACIÓN - ARN A. PRESUPUESTO DE FUNCIONAMIENTO,SECCION: 0212 AGENCIA PARA LA REINCORPORACIÓN Y LA NORMALIZACIÓN - ARN A. PRESUPUESTO DE FUNCIONAMIENTO,,SECCION: 0212 AGENCIA PARA LA REINCORPORACIÓN Y LA NORMALIZACIÓN - ARN A. PRESUPUESTO DE FUNCIONAMIENTO,SECCION: 0212 AGENCIA PARA LA REINCORPORACIÓN Y LA NORMALIZACIÓN - ARN A. PRESUPUESTO DE FUNCIONAMIENTO,134269513529.0,,unit,COP,unclear,review,0.6,docx_parser,docx_table,"Parsed from table 0, row 0"
Colombia,2018,pdf_13b9ce28bd17__2018_Ley_1873_de_2017.txt,0,section_total,,SECCION: 0213 AGENCIA NACIONAL INMOBILIARIA VIRGILIO BARCO VARGAS A. PRESUPUESTO DE FUNCIONAMIENTO,SECCION: 0213 AGENCIA NACIONAL INMOBILIARIA VIRGILIO BARCO VARGAS A. PRESUPUESTO DE FUNCIONAMIENTO,,SECCION: 0213 AGENCIA NACIONAL INMOBILIARIA VIRGILIO BARCO VARGAS A. PRESUPUESTO DE FUNCIONAMIENTO,SECCION: 0213 AGENCIA NACIONAL INMOBILIARIA VIRGILIO BARCO VARGAS A. PRESUPUESTO DE FUNCIONAMIENTO,4738473300.0,,unit,COP,unclear,review,0.5,docx_parser,docx_table,"Parsed from table 0, row 0"
Colombia,2018,pdf_13b9ce28bd17__2018_Ley_1873_de_2017.txt,0,section_total,,SECCION: 0301 DEPARTAMENTO ADMINISTRATIVO NACIONAL DE PLANEACIÓN A. PRESUPUESTO DE FUNCIONAMIENTO,SECCION: 0301 DEPARTAMENTO ADMINISTRATIVO NACIONAL DE PLANEACIÓN A. PRESUPUESTO DE FUNCIONAMIENTO,,SECCION: 0301 DEPARTAMENTO ADMINISTRATIVO NACIONAL DE PLANEACIÓN A. PRESUPUESTO DE FUNCIONAMIENTO,SECCION: 0301 DEPARTAMENTO ADMINISTRATIVO NACIONAL DE PLANEACIÓN A. PRESUPUESTO DE FUNCIONAMIENTO,698773606947.0,,unit,COP,unclear,review,0.6,docx_parser,docx_table,"Parsed from table 0, row 0"
Colombia,2018,pdf_13b9ce28bd17__2018_Ley_1873_de_2017.txt,0,section_total,,SECCION: 0303 UNIDAD ADMINISTRATIVA ESPECIAL - AGENCIA NACIONAL DE CONTRATACIÓN PÚBLICA - COLOMBIA COMPRA EFICIENTE A. PRESUPUESTO DE FUNCIONAMIENTO,SECCION: 0303 UNIDAD ADMINISTRATIVA ESPECIAL - AGENCIA NACIONAL DE CONTRATACIÓN PÚBLICA - COLOMBIA COMPRA EFICIENTE A. PRESUPUESTO DE FUNCIONAMIENTO,,SECCION: 0303 UNIDAD ADMINISTRATIVA ESPECIAL - AGENCIA NACIONAL DE CONTRATACIÓN PÚBLICA - COLOMBIA COMPRA EFICIENTE A. PRESUPUESTO DE FUNCIONAMIENTO,SECCION: 0303 UNIDAD ADMINISTRATIVA ESPECIAL - AGENCIA NACIONAL DE CONTRATACIÓN PÚBLICA - COLOMBIA COMPRA EFICIENTE A. PRESUPUESTO DE FUNCIONAMIENTO,9224566040.0,,unit,COP,unclear,review,0.5,docx_parser,docx_table,"Parsed from table 0, row 0"
Colombia,2018,pdf_13b9ce28bd17__2018_Ley_1873_de_2017.txt,0,section_total,,SECCION: 0324 SUPERINTENDENCIA DE SERVICIOS PÚBLICOS DOMICILIARIOS A. PRESUPUESTO DE FUNCIONAMIENTO,SECCION: 0324 SUPERINTENDENCIA DE SERVICIOS PÚBLICOS DOMICILIARIOS A. PRESUPUESTO DE FUNCIONAMIENTO,,SECCION: 0324 SUPERINTENDENCIA DE SERVICIOS PÚBLICOS DOMICILIARIOS A. PRESUPUESTO DE FUNCIONAMIENTO,SECCION: 0324 SUPERINTENDENCIA DE SERVICIOS PÚBLICOS DOMICILIARIOS A. PRESUPUESTO DE FUNCIONAMIENTO,96363065000.0,,unit,COP,unclear,review,0.6,docx_parser,docx_table,"Parsed from table 0, row 0"
Colombia,2018,pdf_13b9ce28bd17__2018_Ley_1873_de_2017.txt,0,section_total,,SECCION: 0401 DEPARTAMENTO ADMINISTRATIVO NACIONAL DE ESTADISTICA (DANE) A. PRESUPUESTO DE FUNCIONAMIENTO,SECCION: 0401 DEPARTAMENTO ADMINISTRATIVO NACIONAL DE ESTADISTICA (DANE) A. PRESUPUESTO DE FUNCIONAMIENTO,,SECCION: 0401 DEPARTAMENTO ADMINISTRATIVO NACIONAL DE ESTADISTICA (DANE) A. PRESUPUESTO DE FUNCIONAMIENTO,SECCION: 0401 DEPARTAMENTO ADMINISTRATIVO NACIONAL DE ESTADISTICA (DANE) A. PRESUPUESTO DE FUNCIONAMIENTO,77844211993.0,,unit,COP,unclear,review,0.6,docx_parser,docx_table,"Parsed from table 0, row 0"
Colombia,2018,pdf_13b9ce28bd17__2018_Ley_1873_de_2017.txt,0,section_total,,SECCION: 0402 FONDO ROTATORIO DEL DANE A. PRESUPUESTO DE FUNCIONAMIENTO,SECCION: 0402 FONDO ROTATORIO DEL DANE A. PRESUPUESTO DE FUNCIONAMIENTO,,SECCION: 0402 FONDO ROTATORIO DEL DANE A. PRESUPUESTO DE FUNCIONAMIENTO,SECCION: 0402 FONDO ROTATORIO DEL DANE A. PRESUPUESTO DE FUNCIONAMIENTO,1372239420.0,,unit,COP,unclear,review,0.5,docx_parser,docx_table,"Parsed from table 0, row 0"
Colombia,2018,pdf_13b9ce28bd17__2018_Ley_1873_de_2017.txt,0,section_total,,SECCION: 0403 INSTITUTO GEOGRAFICO AGUSTIN CODAZZI - IGAC A. PRESUPUESTO DE FUNCIONAMIENTO,SECCION: 0403 INSTITUTO GEOGRAFICO AGUSTIN CODAZZI - IGAC A. PRESUPUESTO DE FUNCIONAMIENTO,,SECCION: 0403 INSTITUTO GEOGRAFICO AGUSTIN CODAZZI - IGAC A. PRESUPUESTO DE FUNCIONAMIENTO,SECCION: 0403 INSTITUTO GEOGRAFICO AGUSTIN CODAZZI - IGAC A. PRESUPUESTO DE FUNCIONAMIENTO,57149991457.0,,unit,COP,unclear,review,0.6,docx_parser,docx_table,"Parsed from table 0, row 0"
Colombia,2018,pdf_13b9ce28bd17__2018_Ley_1873_de_2017.txt,0,section_total,,SECCION: 0501 DEPARTAMENTO ADMINISTRATIVO DE LA FUNCIÓN PÚBLICA A. PRESUPUESTO DE FUNCIONAMIENTO,SECCION: 0501 DEPARTAMENTO ADMINISTRATIVO DE LA FUNCIÓN PÚBLICA A. PRESUPUESTO DE FUNCIONAMIENTO,,SECCION: 0501 DEPARTAMENTO ADMINISTRATIVO DE LA FUNCIÓN PÚBLICA A. PRESUPUESTO DE FUNCIONAMIENTO,SECCION: 0501 DEPARTAMENTO ADMINISTRATIVO DE LA FUNCIÓN PÚBLICA A. PRESUPUESTO DE FUNCIONAMIENTO,18287435459.0,,unit,COP,unclear,review,0.6,docx_parser,docx_table,"Parsed from table 0, row 0"
Colombia,2018,pdf_13b9ce28bd17__2018_Ley_1873_de_2017.txt,0,section_total,,SECCION: 0503 ESCUELA SUPERIOR DE ADMINISTRACIÓN PÚBLICA (ESAP) A. PRESUPUESTO DE FUNCIONAMIENTO,SECCION: 0503 ESCUELA SUPERIOR DE ADMINISTRACIÓN PÚBLICA (ESAP) A. PRESUPUESTO DE FUNCIONAMIENTO,,SECCION: 0503 ESCUELA SUPERIOR DE ADMINISTRACIÓN PÚBLICA (ESAP) A. PRESUPUESTO DE FUNCIONAMIENTO,SECCION: 0503 ESCUELA SUPERIOR DE ADMINISTRACIÓN PÚBLICA (ESAP) A. PRESUPUESTO DE FUNCIONAMIENTO,53844275765.0,,unit,COP,unclear,review,0.6,docx_parser,docx_table,"Parsed from table 0, row 0"
Colombia,2018,pdf_13b9ce28bd17__2018_Ley_1873_de_2017.txt,0,section_total,,SECCION: 1102 FONDO ROTATORIO DEL MINISTERIO DE RELACIONES EXTERIORES A. PRESUPUESTO DE FUNCIONAMIENTO,SECCION: 1102 FONDO ROTATORIO DEL MINISTERIO DE RELACIONES EXTERIORES A. PRESUPUESTO DE FUNCIONAMIENTO,,SECCION: 1102 FONDO ROTATORIO DEL MINISTERIO DE RELACIONES EXTERIORES A. PRESUPUESTO DE FUNCIONAMIENTO,SECCION: 1102 FONDO ROTATORIO DEL MINISTERIO DE RELACIONES EXTERIORES A. PRESUPUESTO DE FUNCIONAMIENTO,320788000000.0,,unit,COP,unclear,review,0.6,docx_parser,docx_table,"Parsed from table 0, row 0"
Colombia,2018,pdf_13b9ce28bd17__2018_Ley_1873_de_2017.txt,0,section_total,,SECCION: 1104 UNIDAD ADMINISTRATIVA ESPECIAL MIGRACIÓN COLOMBIA A. PRESUPUESTO DE FUNCIONAMIENTO,SECCION: 1104 UNIDAD ADMINISTRATIVA ESPECIAL MIGRACIÓN COLOMBIA A. PRESUPUESTO DE FUNCIONAMIENTO,,SECCION: 1104 UNIDAD ADMINISTRATIVA ESPECIAL MIGRACIÓN COLOMBIA A. PRESUPUESTO DE FUNCIONAMIENTO,SECCION: 1104 UNIDAD ADMINISTRATIVA ESPECIAL MIGRACIÓN COLOMBIA A. PRESUPUESTO DE FUNCIONAMIENTO,97859000000.0,,unit,COP,unclear,review,0.6,docx_parser,docx_table,"Parsed from table 0, row 0"
Colombia,2018,pdf_13b9ce28bd17__2018_Ley_1873_de_2017.txt,0,section_total,,SECCION: 1201 MINISTERIO DE JUSTICIA Y DEL DERECHO A. PRESUPUESTO DE FUNCIONAMIENTO,SECCION: 1201 MINISTERIO DE JUSTICIA Y DEL DERECHO A. PRESUPUESTO DE FUNCIONAMIENTO,,SECCION: 1201 MINISTERIO DE JUSTICIA Y DEL DERECHO A. PRESUPUESTO DE FUNCIONAMIENTO,SECCION: 1201 MINISTERIO DE JUSTICIA Y DEL DERECHO A. PRESUPUESTO DE FUNCIONAMIENTO,68020003354.0,,unit,COP,unclear,review,0.6,docx_parser,docx_table,"Parsed from table 0, row 0"
Colombia,2018,pdf_13b9ce28bd17__2018_Ley_1873_de_2017.txt,0,section_total,,SECCION: 1204 SUPERINTENDENCIA DE NOTARIADO Y REGISTRO A. PRESUPUESTO DE FUNCIONAMIENTO,SECCION: 1204 SUPERINTENDENCIA DE NOTARIADO Y REGISTRO A. PRESUPUESTO DE FUNCIONAMIENTO,,SECCION: 1204 SUPERINTENDENCIA DE NOTARIADO Y REGISTRO A. PRESUPUESTO DE FUNCIONAMIENTO,SECCION: 1204 SUPERINTENDENCIA DE NOTARIADO Y REGISTRO A. PRESUPUESTO DE FUNCIONAMIENTO,288390882668.0,,unit,COP,unclear,review,0.6,docx_parser,docx_table,"Parsed from table 0, row 0"
Colombia,2018,pdf_13b9ce28bd17__2018_Ley_1873_de_2017.txt,0,section_total,,SECCION: 1208 INSTITUTO NACIONAL PENITENCIARIO Y CARCELARIO - INPEC A. PRESUPUESTO DE FUNCIONAMIENTO,SECCION: 1208 INSTITUTO NACIONAL PENITENCIARIO Y CARCELARIO - INPEC A. PRESUPUESTO DE FUNCIONAMIENTO,,SECCION: 1208 INSTITUTO NACIONAL PENITENCIARIO Y CARCELARIO - INPEC A. PRESUPUESTO DE FUNCIONAMIENTO,SECCION: 1208 INSTITUTO NACIONAL PENITENCIARIO Y CARCELARIO - INPEC A. PRESUPUESTO DE FUNCIONAMIENTO,1071259990266.0,,unit,COP,unclear,review,0.5,docx_parser,docx_table,"Parsed from table 0, row 0"
Colombia,2018,pdf_13b9ce28bd17__2018_Ley_1873_de_2017.txt,0,section_total,,SECCION: 1211 UNIDAD DE SERVICIOS PENITENCIARIOS Y CARCELARIOS - USPEC A. PRESUPUESTO DE FUNCIONAMIENTO,SECCION: 1211 UNIDAD DE SERVICIOS PENITENCIARIOS Y CARCELARIOS - USPEC A. PRESUPUESTO DE FUNCIONAMIENTO,,SECCION: 1211 UNIDAD DE SERVICIOS PENITENCIARIOS Y CARCELARIOS - USPEC A. PRESUPUESTO DE FUNCIONAMIENTO,SECCION: 1211 UNIDAD DE SERVICIOS PENITENCIARIOS Y CARCELARIOS - USPEC A. PRESUPUESTO DE FUNCIONAMIENTO,670484958860.0,,unit,COP,unclear,review,0.6,docx_parser,docx_table,"Parsed from table 0, row 0"
Colombia,2018,pdf_13b9ce28bd17__2018_Ley_1873_de_2017.txt,0,section_total,,SECCION: 1308 UNIDAD ADMINISTRATIVA ESPECIAL CONTADURIA GENERAL DE LA NACIÓN A. PRESUPUESTO DE FUNCIONAMIENTO,SECCION: 1308 UNIDAD ADMINISTRATIVA ESPECIAL CONTADURIA GENERAL DE LA NACIÓN A. PRESUPUESTO DE FUNCIONAMIENTO,,SECCION: 1308 UNIDAD ADMINISTRATIVA ESPECIAL CONTADURIA GENERAL DE LA NACIÓN A. PRESUPUESTO DE FUNCIONAMIENTO,SECCION: 1308 UNIDAD ADMINISTRATIVA ESPECIAL CONTADURIA GENERAL DE LA NACIÓN A. PRESUPUESTO DE FUNCIONAMIENTO,12823840090.0,,unit,COP,unclear,review,0.6,docx_parser,docx_table,"Parsed from table 0, row 0"
Colombia,2018,pdf_13b9ce28bd17__2018_Ley_1873_de_2017.txt,0,section_total,,SECCION: 1309 SUPERINTENDENCIA DE LA ECONOMÍA SOLIDARIA A. PRESUPUESTO DE FUNCIONAMIENTO,SECCION: 1309 SUPERINTENDENCIA DE LA ECONOMÍA SOLIDARIA A. PRESUPUESTO DE FUNCIONAMIENTO,,SECCION: 1309 SUPERINTENDENCIA DE LA ECONOMÍA SOLIDARIA A. PRESUPUESTO DE FUNCIONAMIENTO,SECCION: 1309 SUPERINTENDENCIA DE LA ECONOMÍA SOLIDARIA A. PRESUPUESTO DE FUNCIONAMIENTO,15322277178.0,,unit,COP,unclear,review,0.6,docx_parser,docx_table,"Parsed from table 0, row 0"
Colombia,2018,pdf_13b9ce28bd17__2018_Ley_1873_de_2017.txt,0,section_total,,SECCION: 1310 UNIDAD ADMINISTRATIVA ESPECIAL DIRECCIÓN DE IMPUESTOS Y ADUANAS NACIONALES A. PRESUPUESTO DE FUNCIONAMIENTO,SECCION: 1310 UNIDAD ADMINISTRATIVA ESPECIAL DIRECCIÓN DE IMPUESTOS Y ADUANAS NACIONALES A. PRESUPUESTO DE FUNCIONAMIENTO,,SECCION: 1310 UNIDAD ADMINISTRATIVA ESPECIAL DIRECCIÓN DE IMPUESTOS Y ADUANAS NACIONALES A. PRESUPUESTO DE FUNCIONAMIENTO,SECCION: 1310 UNIDAD ADMINISTRATIVA ESPECIAL DIRECCIÓN DE IMPUESTOS Y ADUANAS NACIONALES A. PRESUPUESTO DE FUNCIONAMIENTO,1283781439024.0,,unit,COP,unclear,review,0.5,docx_parser,docx_table,"Parsed from table 0, row 0"
Colombia,2018,pdf_13b9ce28bd17__2018_Ley_1873_de_2017.txt,0,section_total,,SECCION: 1314 UNIDAD ADMINISTRATIVA ESPECIAL DE GESTIÓN PENSIONAL Y CONTRIBUCIONES PARAFISCALES DE LA PROTECCIÓN SOCIAL - UGPPP A. PRESUPUESTO DE FUNCIONAMIENTO,SECCION: 1314 UNIDAD ADMINISTRATIVA ESPECIAL DE GESTIÓN PENSIONAL Y CONTRIBUCIONES PARAFISCALES DE LA PROTECCIÓN SOCIAL - UGPPP A. PRESUPUESTO DE FUNCIONAMIENTO,,SECCION: 1314 UNIDAD ADMINISTRATIVA ESPECIAL DE GESTIÓN PENSIONAL Y CONTRIBUCIONES PARAFISCALES DE LA PROTECCIÓN SOCIAL - UGPPP A. PRESUPUESTO DE FUNCIONAMIENTO,SECCION: 1314 UNIDAD ADMINISTRATIVA ESPECIAL DE GESTIÓN PENSIONAL Y CONTRIBUCIONES PARAFISCALES DE LA PROTECCIÓN SOCIAL - UGPPP A. PRESUPUESTO DE FUNCIONAMIENTO,173505750000.0,,unit,COP,unclear,review,0.6,docx_parser,docx_table,"Parsed from table 0, row 0"
Colombia,2018,pdf_13b9ce28bd17__2018_Ley_1873_de_2017.txt,0,section_total,,SECCION: 1315 FONDO ADAPTACIÓN A. PRESUPUESTO DE FUNCIONAMIENTO,SECCION: 1315 FONDO ADAPTACIÓN A. PRESUPUESTO DE FUNCIONAMIENTO,,SECCION: 1315 FONDO ADAPTACIÓN A. PRESUPUESTO DE FUNCIONAMIENTO,SECCION: 1315 FONDO ADAPTACIÓN A. PRESUPUESTO DE FUNCIONAMIENTO,26714983095.0,,unit,COP,direct_rd,include,0.9,docx_parser,docx_table,"Parsed from table 0, row 0"
Colombia,2018,pdf_13b9ce28bd17__2018_Ley_1873_de_2017.txt,0,section_total,,SECCION: 1401 SERVICIO DE LA DEUDA PÚBLICA NACIONAL B.PRESUPUESTO DE SERVICIO DE LA DEUDA PÚBLICA,SECCION: 1401 SERVICIO DE LA DEUDA PÚBLICA NACIONAL B.PRESUPUESTO DE SERVICIO DE LA DEUDA PÚBLICA,,SECCION: 1401 SERVICIO DE LA DEUDA PÚBLICA NACIONAL B.PRESUPUESTO DE SERVICIO DE LA DEUDA PÚBLICA,SECCION: 1401 SERVICIO DE LA DEUDA PÚBLICA NACIONAL B.PRESUPUESTO DE SERVICIO DE LA DEUDA PÚBLICA,47316705869732.0,,unit,COP,unclear,review,0.5,docx_parser,docx_table,"Parsed from table 0, row 0"
Colombia,2018,pdf_13b9ce28bd17__2018_Ley_1873_de_2017.txt,0,section_total,,SECCION: 1501 MINISTERIO DE DEFENSA NACIONAL A. PRESUPUESTO DE FUNCIONAMIENTO,SECCION: 1501 MINISTERIO DE DEFENSA NACIONAL A. PRESUPUESTO DE FUNCIONAMIENTO,,SECCION: 1501 MINISTERIO DE DEFENSA NACIONAL A. PRESUPUESTO DE FUNCIONAMIENTO,SECCION: 1501 MINISTERIO DE DEFENSA NACIONAL A. PRESUPUESTO DE FUNCIONAMIENTO,12935139414000.0,,unit,COP,unclear,review,0.6,docx_parser,docx_table,"Parsed from table 0, row 0"
Colombia,2018,pdf_13b9ce28bd17__2018_Ley_1873_de_2017.txt,0,section_total,,SECCION: 1503 CAJA DE RETIRO DE LAS FUERZAS MILITARES A. PRESUPUESTO DE FUNCIONAMIENTO,SECCION: 1503 CAJA DE RETIRO DE LAS FUERZAS MILITARES A. PRESUPUESTO DE FUNCIONAMIENTO,,SECCION: 1503 CAJA DE RETIRO DE LAS FUERZAS MILITARES A. PRESUPUESTO DE FUNCIONAMIENTO,SECCION: 1503 CAJA DE RETIRO DE LAS FUERZAS MILITARES A. PRESUPUESTO DE FUNCIONAMIENTO,2880321119000.0,,unit,COP,unclear,review,0.5,docx_parser,docx_table,"Parsed from table 0, row 0"
Colombia,2018,pdf_13b9ce28bd17__2018_Ley_1873_de_2017.txt,0,section_total,,SECCION: 1507 INSTITUTO CASAS FISCALES DEL EJERCITO A. PRESUPUESTO DE FUNCIONAMIENTO,SECCION: 1507 INSTITUTO CASAS FISCALES DEL EJERCITO A. PRESUPUESTO DE FUNCIONAMIENTO,,SECCION: 1507 INSTITUTO CASAS FISCALES DEL EJERCITO A. PRESUPUESTO DE FUNCIONAMIENTO,SECCION: 1507 INSTITUTO CASAS FISCALES DEL EJERCITO A. PRESUPUESTO DE FUNCIONAMIENTO,25481000000.0,,unit,COP,unclear,review,0.6,docx_parser,docx_table,"Parsed from table 0, row 0"
Colombia,2018,pdf_13b9ce28bd17__2018_Ley_1873_de_2017.txt,0,section_total,,SECCION: 1508 DEFENSA CIVIL COLOMBIANA GUILLERMO LEÓN VALENCIA A. PRESUPUESTO DE FUNCIONAMIENTO,SECCION: 1508 DEFENSA CIVIL COLOMBIANA GUILLERMO LEÓN VALENCIA A. PRESUPUESTO DE FUNCIONAMIENTO,,SECCION: 1508 DEFENSA CIVIL COLOMBIANA GUILLERMO LEÓN VALENCIA A. PRESUPUESTO DE FUNCIONAMIENTO,SECCION: 1508 DEFENSA CIVIL COLOMBIANA GUILLERMO LEÓN VALENCIA A. PRESUPUESTO DE FUNCIONAMIENTO,28011000000.0,,unit,COP,unclear,review,0.6,docx_parser,docx_table,"Parsed from table 0, row 0"
Colombia,2018,pdf_13b9ce28bd17__2018_Ley_1873_de_2017.txt,0,section_total,,SECCION: 1510 CLUB MILITAR DE OFICIALES A. PRESUPUESTO DE FUNCIONAMIENTO,SECCION: 1510 CLUB MILITAR DE OFICIALES A. PRESUPUESTO DE FUNCIONAMIENTO,,SECCION: 1510 CLUB MILITAR DE OFICIALES A. PRESUPUESTO DE FUNCIONAMIENTO,SECCION: 1510 CLUB MILITAR DE OFICIALES A. PRESUPUESTO DE FUNCIONAMIENTO,45839927122.0,,unit,COP,unclear,review,0.6,docx_parser,docx_table,"Parsed from table 0, row 0"
Colombia,2018,pdf_13b9ce28bd17__2018_Ley_1873_de_2017.txt,0,section_total,,SECCION: 1511 CAJA DE SUELDOS DE RETIRO DE LA POLICIA NACIONAL A. PRESUPUESTO DE FUNCIONAMIENTO,SECCION: 1511 CAJA DE SUELDOS DE RETIRO DE LA POLICIA NACIONAL A. PRESUPUESTO DE FUNCIONAMIENTO,,SECCION: 1511 CAJA DE SUELDOS DE RETIRO DE LA POLICIA NACIONAL A. PRESUPUESTO DE FUNCIONAMIENTO,SECCION: 1511 CAJA DE SUELDOS DE RETIRO DE LA POLICIA NACIONAL A. PRESUPUESTO DE FUNCIONAMIENTO,3013034465000.0,,unit,COP,unclear,review,0.5,docx_parser,docx_table,"Parsed from table 0, row 0"
Colombia,2018,pdf_13b9ce28bd17__2018_Ley_1873_de_2017.txt,0,section_total,,SECCION: 1512 FONDO ROTATORIO DE LA POLICIA A. PRESUPUESTO DE FUNCIONAMIENTO,SECCION: 1512 FONDO ROTATORIO DE LA POLICIA A. PRESUPUESTO DE FUNCIONAMIENTO,,SECCION: 1512 FONDO ROTATORIO DE LA POLICIA A. PRESUPUESTO DE FUNCIONAMIENTO,SECCION: 1512 FONDO ROTATORIO DE LA POLICIA A. PRESUPUESTO DE FUNCIONAMIENTO,233038000000.0,,unit,COP,unclear,review,0.6,docx_parser,docx_table,"Parsed from table 0, row 0"
Colombia,2018,pdf_13b9ce28bd17__2018_Ley_1873_de_2017.txt,0,section_total,,SECCION: 1516 SUPERINTENDENCIA DE VIGILANCIA Y SEGURIDAD PRIVADA A. PRESUPUESTO DE FUNCIONAMIENTO,SECCION: 1516 SUPERINTENDENCIA DE VIGILANCIA Y SEGURIDAD PRIVADA A. PRESUPUESTO DE FUNCIONAMIENTO,,SECCION: 1516 SUPERINTENDENCIA DE VIGILANCIA Y SEGURIDAD PRIVADA A. PRESUPUESTO DE FUNCIONAMIENTO,SECCION: 1516 SUPERINTENDENCIA DE VIGILANCIA Y SEGURIDAD PRIVADA A. PRESUPUESTO DE FUNCIONAMIENTO,20150000000.0,,unit,COP,unclear,review,0.6,docx_parser,docx_table,"Parsed from table 0, row 0"
Colombia,2018,pdf_13b9ce28bd17__2018_Ley_1873_de_2017.txt,0,section_total,,SECCION: 1519 HOSPITAL MILITAR A. PRESUPUESTO DE FUNCIONAMIENTO,SECCION: 1519 HOSPITAL MILITAR A. PRESUPUESTO DE FUNCIONAMIENTO,,SECCION: 1519 HOSPITAL MILITAR A. PRESUPUESTO DE FUNCIONAMIENTO,SECCION: 1519 HOSPITAL MILITAR A. PRESUPUESTO DE FUNCIONAMIENTO,19444839000.0,,unit,COP,unclear,review,0.6,docx_parser,docx_table,"Parsed from table 0, row 0"
Colombia,2018,pdf_13b9ce28bd17__2018_Ley_1873_de_2017.txt,0,section_total,,SECCION: 1520 AGENCIA LOGISTICA DE LAS FUERZAS MILITARES A. PRESUPUESTO DE FUNCIONAMIENTO,SECCION: 1520 AGENCIA LOGISTICA DE LAS FUERZAS MILITARES A. PRESUPUESTO DE FUNCIONAMIENTO,,SECCION: 1520 AGENCIA LOGISTICA DE LAS FUERZAS MILITARES A. PRESUPUESTO DE FUNCIONAMIENTO,SECCION: 1520 AGENCIA LOGISTICA DE LAS FUERZAS MILITARES A. PRESUPUESTO DE FUNCIONAMIENTO,580383000000.0,,unit,COP,unclear,review,0.6,docx_parser,docx_table,"Parsed from table 0, row 0"
Colombia,2018,pdf_13b9ce28bd17__2018_Ley_1873_de_2017.txt,0,section_total,,SECCION: 1601 POLICIA NACIONAL A. PRESUPUESTO DE FUNCIONAMIENTO,SECCION: 1601 POLICIA NACIONAL A. PRESUPUESTO DE FUNCIONAMIENTO,,SECCION: 1601 POLICIA NACIONAL A. PRESUPUESTO DE FUNCIONAMIENTO,SECCION: 1601 POLICIA NACIONAL A. PRESUPUESTO DE FUNCIONAMIENTO,9560960000000.0,,unit,COP,unclear,review,0.6,docx_parser,docx_table,"Parsed from table 0, row 0"
Colombia,2018,pdf_13b9ce28bd17__2018_Ley_1873_de_2017.txt,0,section_total,,SECCION: 1701 MINISTERIO DE AGRICULTURA Y DESARROLLO RURAL A. PRESUPUESTO DE FUNCIONAMIENTO,SECCION: 1701 MINISTERIO DE AGRICULTURA Y DESARROLLO RURAL A. PRESUPUESTO DE FUNCIONAMIENTO,,SECCION: 1701 MINISTERIO DE AGRICULTURA Y DESARROLLO RURAL A. PRESUPUESTO DE FUNCIONAMIENTO,SECCION: 1701 MINISTERIO DE AGRICULTURA Y DESARROLLO RURAL A. PRESUPUESTO DE FUNCIONAMIENTO,296247447730.0,,unit,COP,unclear,review,0.6,docx_parser,docx_table,"Parsed from table 0, row 0"
Colombia,2018,pdf_13b9ce28bd17__2018_Ley_1873_de_2017.txt,0,section_total,,SECCION: 1702 INSTITUTO COLOMBIANO AGROPECUARIO (ICA) A. PRESUPUESTO DE FUNCIONAMIENTO,SECCION: 1702 INSTITUTO COLOMBIANO AGROPECUARIO (ICA) A. PRESUPUESTO DE FUNCIONAMIENTO,,SECCION: 1702 INSTITUTO COLOMBIANO AGROPECUARIO (ICA) A. PRESUPUESTO DE FUNCIONAMIENTO,SECCION: 1702 INSTITUTO COLOMBIANO AGROPECUARIO (ICA) A. PRESUPUESTO DE FUNCIONAMIENTO,104912194555.0,,unit,COP,unclear,review,0.6,docx_parser,docx_table,"Parsed from table 0, row 0"
Colombia,2018,pdf_13b9ce28bd17__2018_Ley_1873_de_2017.txt,0,section_total,,SECCION: 1715 AUTORIDAD NACIONAL DE ACUICULTURA Y PESCA - AUNAP A. PRESUPUESTO DE FUNCIONAMIENTO,SECCION: 1715 AUTORIDAD NACIONAL DE ACUICULTURA Y PESCA - AUNAP A. PRESUPUESTO DE FUNCIONAMIENTO,,SECCION: 1715 AUTORIDAD NACIONAL DE ACUICULTURA Y PESCA - AUNAP A. PRESUPUESTO DE FUNCIONAMIENTO,SECCION: 1715 AUTORIDAD NACIONAL DE ACUICULTURA Y PESCA - AUNAP A. PRESUPUESTO DE FUNCIONAMIENTO,11489053519.0,,unit,COP,unclear,review,0.6,docx_parser,docx_table,"Parsed from table 0, row 0"
Colombia,2018,pdf_13b9ce28bd17__2018_Ley_1873_de_2017.txt,0,section_total,,SECCION: 1716 UNIDAD ADMINISTRATIVA ESPECIAL DE GESTIÓN DE RESTITUCIÓN DE TIERRAS DESPOJADAS A. PRESUPUESTO DE FUNCIONAMIENTO,SECCION: 1716 UNIDAD ADMINISTRATIVA ESPECIAL DE GESTIÓN DE RESTITUCIÓN DE TIERRAS DESPOJADAS A. PRESUPUESTO DE FUNCIONAMIENTO,,SECCION: 1716 UNIDAD ADMINISTRATIVA ESPECIAL DE GESTIÓN DE RESTITUCIÓN DE TIERRAS DESPOJADAS A. PRESUPUESTO DE FUNCIONAMIENTO,SECCION: 1716 UNIDAD ADMINISTRATIVA ESPECIAL DE GESTIÓN DE RESTITUCIÓN DE TIERRAS DESPOJADAS A. PRESUPUESTO DE FUNCIONAMIENTO,51579342998.0,,unit,COP,unclear,review,0.6,docx_parser,docx_table,"Parsed from table 0, row 0"
Colombia,2018,pdf_13b9ce28bd17__2018_Ley_1873_de_2017.txt,0,section_total,,SECCION: 1717 AGENCIA NACIONAL DE TIERRAS - ANT A. PRESUPUESTO DE FUNCIONAMIENTO,SECCION: 1717 AGENCIA NACIONAL DE TIERRAS - ANT A. PRESUPUESTO DE FUNCIONAMIENTO,,SECCION: 1717 AGENCIA NACIONAL DE TIERRAS - ANT A. PRESUPUESTO DE FUNCIONAMIENTO,SECCION: 1717 AGENCIA NACIONAL DE TIERRAS - ANT A. PRESUPUESTO DE FUNCIONAMIENTO,21362067604.0,,unit,COP,unclear,review,0.6,docx_parser,docx_table,"Parsed from table 0, row 0"
Colombia,2018,pdf_13b9ce28bd17__2018_Ley_1873_de_2017.txt,0,section_total,,SECCION: 1718 AGENCIA DE DESARROLLO RURAL - ADR A. PRESUPUESTO DE FUNCIONAMIENTO,SECCION: 1718 AGENCIA DE DESARROLLO RURAL - ADR A. PRESUPUESTO DE FUNCIONAMIENTO,,SECCION: 1718 AGENCIA DE DESARROLLO RURAL - ADR A. PRESUPUESTO DE FUNCIONAMIENTO,SECCION: 1718 AGENCIA DE DESARROLLO RURAL - ADR A. PRESUPUESTO DE FUNCIONAMIENTO,21971645586.0,,unit,COP,unclear,review,0.6,docx_parser,docx_table,"Parsed from table 0, row 0"
Colombia,2018,pdf_13b9ce28bd17__2018_Ley_1873_de_2017.txt,0,section_total,,SECCION: 1901 MINISTERIO DE SALUD Y PROTECCIÓN SOCIAL A. PRESUPUESTO DE FUNCIONAMIENTO,SECCION: 1901 MINISTERIO DE SALUD Y PROTECCIÓN SOCIAL A. PRESUPUESTO DE FUNCIONAMIENTO,,SECCION: 1901 MINISTERIO DE SALUD Y PROTECCIÓN SOCIAL A. PRESUPUESTO DE FUNCIONAMIENTO,SECCION: 1901 MINISTERIO DE SALUD Y PROTECCIÓN SOCIAL A. PRESUPUESTO DE FUNCIONAMIENTO,23052103051803.0,,unit,COP,unclear,review,0.5,docx_parser,docx_table,"Parsed from table 0, row 0"
Colombia,2018,pdf_13b9ce28bd17__2018_Ley_1873_de_2017.txt,0,section_total,,SECCION: 1903 INSTITUTO NACIONAL DE SALUD (INS) A. PRESUPUESTO DE FUNCIONAMIENTO,SECCION: 1903 INSTITUTO NACIONAL DE SALUD (INS) A. PRESUPUESTO DE FUNCIONAMIENTO,,SECCION: 1903 INSTITUTO NACIONAL DE SALUD (INS) A. PRESUPUESTO DE FUNCIONAMIENTO,SECCION: 1903 INSTITUTO NACIONAL DE SALUD (INS) A. PRESUPUESTO DE FUNCIONAMIENTO,33804038000.0,,unit,COP,unclear,review,0.6,docx_parser,docx_table,"Parsed from table 0, row 0"
Colombia,2018,pdf_13b9ce28bd17__2018_Ley_1873_de_2017.txt,0,section_total,,SECCION: 1910 SUPERINTENDENCIA NACIONAL DE SALUD A. PRESUPUESTO DE FUNCIONAMIENTO,SECCION: 1910 SUPERINTENDENCIA NACIONAL DE SALUD A. PRESUPUESTO DE FUNCIONAMIENTO,,SECCION: 1910 SUPERINTENDENCIA NACIONAL DE SALUD A. PRESUPUESTO DE FUNCIONAMIENTO,SECCION: 1910 SUPERINTENDENCIA NACIONAL DE SALUD A. PRESUPUESTO DE FUNCIONAMIENTO,92414087000.0,,unit,COP,unclear,review,0.6,docx_parser,docx_table,"Parsed from table 0, row 0"
Colombia,2018,pdf_13b9ce28bd17__2018_Ley_1873_de_2017.txt,0,section_total,,SECCION: 1913 FONDO DE PREVISIÓN SOCIAL DEL CONGRESO A. PRESUPUESTO DE FUNCIONAMIENTO,SECCION: 1913 FONDO DE PREVISIÓN SOCIAL DEL CONGRESO A. PRESUPUESTO DE FUNCIONAMIENTO,,SECCION: 1913 FONDO DE PREVISIÓN SOCIAL DEL CONGRESO A. PRESUPUESTO DE FUNCIONAMIENTO,SECCION: 1913 FONDO DE PREVISIÓN SOCIAL DEL CONGRESO A. PRESUPUESTO DE FUNCIONAMIENTO,292968569762.0,,unit,COP,unclear,review,0.6,docx_parser,docx_table,"Parsed from table 0, row 0"
Colombia,2018,pdf_13b9ce28bd17__2018_Ley_1873_de_2017.txt,0,section_total,,SECCION: 1914 FONDO PASIVO SOCIAL DE FERROCARRILES NACIONALES DE COLOMBIA A. PRESUPUESTO DE FUNCIONAMIENTO,SECCION: 1914 FONDO PASIVO SOCIAL DE FERROCARRILES NACIONALES DE COLOMBIA A. PRESUPUESTO DE FUNCIONAMIENTO,,SECCION: 1914 FONDO PASIVO SOCIAL DE FERROCARRILES NACIONALES DE COLOMBIA A. PRESUPUESTO DE FUNCIONAMIENTO,SECCION: 1914 FONDO PASIVO SOCIAL DE FERROCARRILES NACIONALES DE COLOMBIA A. PRESUPUESTO DE FUNCIONAMIENTO,516670009000.0,,unit,COP,unclear,review,0.5,docx_parser,docx_table,"Parsed from table 0, row 0"
Colombia,2018,pdf_13b9ce28bd17__2018_Ley_1873_de_2017.txt,0,section_total,,SECCION: 2101 MINISTERIO DE MINAS Y ENERGIA A. PRESUPUESTO DE FUNCIONAMIENTO,SECCION: 2101 MINISTERIO DE MINAS Y ENERGIA A. PRESUPUESTO DE FUNCIONAMIENTO,,SECCION: 2101 MINISTERIO DE MINAS Y ENERGIA A. PRESUPUESTO DE FUNCIONAMIENTO,SECCION: 2101 MINISTERIO DE MINAS Y ENERGIA A. PRESUPUESTO DE FUNCIONAMIENTO,99643820000.0,,unit,COP,unclear,review,0.6,docx_parser,docx_table,"Parsed from table 0, row 0"
Colombia,2018,pdf_13b9ce28bd17__2018_Ley_1873_de_2017.txt,0,section_total,,SECCION: 2103 SERVICIO GEOLÓGICO COLOMBIANO A. PRESUPUESTO DE FUNCIONAMIENTO,SECCION: 2103 SERVICIO GEOLÓGICO COLOMBIANO A. PRESUPUESTO DE FUNCIONAMIENTO,,SECCION: 2103 SERVICIO GEOLÓGICO COLOMBIANO A. PRESUPUESTO DE FUNCIONAMIENTO,SECCION: 2103 SERVICIO GEOLÓGICO COLOMBIANO A. PRESUPUESTO DE FUNCIONAMIENTO,44627479000.0,,unit,COP,unclear,review,0.6,docx_parser,docx_table,"Parsed from table 0, row 0"
Colombia,2018,pdf_13b9ce28bd17__2018_Ley_1873_de_2017.txt,0,section_total,,SECCION: 2109 UNIDAD DE PLANEACIÓN MINERO ENERGETICA -UPME A. PRESUPUESTO DE FUNCIONAMIENTO,SECCION: 2109 UNIDAD DE PLANEACIÓN MINERO ENERGETICA -UPME A. PRESUPUESTO DE FUNCIONAMIENTO,,SECCION: 2109 UNIDAD DE PLANEACIÓN MINERO ENERGETICA -UPME A. PRESUPUESTO DE FUNCIONAMIENTO,SECCION: 2109 UNIDAD DE PLANEACIÓN MINERO ENERGETICA -UPME A. PRESUPUESTO DE FUNCIONAMIENTO,15269583000.0,,unit,COP,unclear,review,0.6,docx_parser,docx_table,"Parsed from table 0, row 0"
Colombia,2018,pdf_13b9ce28bd17__2018_Ley_1873_de_2017.txt,0,section_total,,SECCION: 2110 INSTITUTO DE PLANIFICACIÓN Y PROMOCIÓN DE SOLUCIONES ENERGETICAS PARA LAS ZONAS NO INTERCONECTADAS -IPSE- A. PRESUPUESTO DE FUNCIONAMIENTO,SECCION: 2110 INSTITUTO DE PLANIFICACIÓN Y PROMOCIÓN DE SOLUCIONES ENERGETICAS PARA LAS ZONAS NO INTERCONECTADAS -IPSE- A. PRESUPUESTO DE FUNCIONAMIENTO,,SECCION: 2110 INSTITUTO DE PLANIFICACIÓN Y PROMOCIÓN DE SOLUCIONES ENERGETICAS PARA LAS ZONAS NO INTERCONECTADAS -IPSE- A. PRESUPUESTO DE FUNCIONAMIENTO,SECCION: 2110 INSTITUTO DE PLANIFICACIÓN Y PROMOCIÓN DE SOLUCIONES ENERGETICAS PARA LAS ZONAS NO INTERCONECTADAS -IPSE- A. PRESUPUESTO DE FUNCIONAMIENTO,31130936000.0,,unit,COP,unclear,review,0.6,docx_parser,docx_table,"Parsed from table 0, row 0"
Colombia,2018,pdf_13b9ce28bd17__2018_Ley_1873_de_2017.txt,0,section_total,,SECCION: 2111 AGENCIA NACIONAL DE HIDROCARBUROS - ANH A. PRESUPUESTO DE FUNCIONAMIENTO,SECCION: 2111 AGENCIA NACIONAL DE HIDROCARBUROS - ANH A. PRESUPUESTO DE FUNCIONAMIENTO,,SECCION: 2111 AGENCIA NACIONAL DE HIDROCARBUROS - ANH A. PRESUPUESTO DE FUNCIONAMIENTO,SECCION: 2111 AGENCIA NACIONAL DE HIDROCARBUROS - ANH A. PRESUPUESTO DE FUNCIONAMIENTO,369411897000.0,,unit,COP,unclear,review,0.6,docx_parser,docx_table,"Parsed from table 0, row 0"
Colombia,2018,pdf_13b9ce28bd17__2018_Ley_1873_de_2017.txt,0,section_total,,SECCION: 2112 AGENCIA NACIONAL DE MINERIA -ANM A. PRESUPUESTO DE FUNCIONAMIENTO,SECCION: 2112 AGENCIA NACIONAL DE MINERIA -ANM A. PRESUPUESTO DE FUNCIONAMIENTO,,SECCION: 2112 AGENCIA NACIONAL DE MINERIA -ANM A. PRESUPUESTO DE FUNCIONAMIENTO,SECCION: 2112 AGENCIA NACIONAL DE MINERIA -ANM A. PRESUPUESTO DE FUNCIONAMIENTO,98100175000.0,,unit,COP,unclear,review,0.6,docx_parser,docx_table,"Parsed from table 0, row 0"
Colombia,2018,pdf_13b9ce28bd17__2018_Ley_1873_de_2017.txt,0,section_total,,SECCION: 2201 MINISTERIO DE EDUCACIÓN NACIONAL A. PRESUPUESTO DE FUNCIONAMIENTO,SECCION: 2201 MINISTERIO DE EDUCACIÓN NACIONAL A. PRESUPUESTO DE FUNCIONAMIENTO,,SECCION: 2201 MINISTERIO DE EDUCACIÓN NACIONAL A. PRESUPUESTO DE FUNCIONAMIENTO,SECCION: 2201 MINISTERIO DE EDUCACIÓN NACIONAL A. PRESUPUESTO DE FUNCIONAMIENTO,34051993279424.0,,unit,COP,unclear,review,0.5,docx_parser,docx_table,"Parsed from table 0, row 0"
Colombia,2018,pdf_13b9ce28bd17__2018_Ley_1873_de_2017.txt,0,section_total,,SECCION: 2209 INSTITUTO NACIONAL PARA SORDOS (INSOR) A. PRESUPUESTO DE FUNCIONAMIENTO,SECCION: 2209 INSTITUTO NACIONAL PARA SORDOS (INSOR) A. PRESUPUESTO DE FUNCIONAMIENTO,,SECCION: 2209 INSTITUTO NACIONAL PARA SORDOS (INSOR) A. PRESUPUESTO DE FUNCIONAMIENTO,SECCION: 2209 INSTITUTO NACIONAL PARA SORDOS (INSOR) A. PRESUPUESTO DE FUNCIONAMIENTO,4861595229.0,,unit,COP,unclear,review,0.5,docx_parser,docx_table,"Parsed from table 0, row 0"
Colombia,2018,pdf_13b9ce28bd17__2018_Ley_1873_de_2017.txt,0,section_total,,SECCION: 2210 INSTITUTO NACIONAL PARA CIEGOS (INCI) A. PRESUPUESTO DE FUNCIONAMIENTO,SECCION: 2210 INSTITUTO NACIONAL PARA CIEGOS (INCI) A. PRESUPUESTO DE FUNCIONAMIENTO,,SECCION: 2210 INSTITUTO NACIONAL PARA CIEGOS (INCI) A. PRESUPUESTO DE FUNCIONAMIENTO,SECCION: 2210 INSTITUTO NACIONAL PARA CIEGOS (INCI) A. PRESUPUESTO DE FUNCIONAMIENTO,5230144606.0,,unit,COP,unclear,review,0.5,docx_parser,docx_table,"Parsed from table 0, row 0"
Colombia,2018,pdf_13b9ce28bd17__2018_Ley_1873_de_2017.txt,0,section_total,,SECCION: 2234 ESCUELA TECNOLÓGICA INSTITUTO TECNICO CENTRAL A. PRESUPUESTO DE FUNCIONAMIENTO,SECCION: 2234 ESCUELA TECNOLÓGICA INSTITUTO TECNICO CENTRAL A. PRESUPUESTO DE FUNCIONAMIENTO,,SECCION: 2234 ESCUELA TECNOLÓGICA INSTITUTO TECNICO CENTRAL A. PRESUPUESTO DE FUNCIONAMIENTO,SECCION: 2234 ESCUELA TECNOLÓGICA INSTITUTO TECNICO CENTRAL A. PRESUPUESTO DE FUNCIONAMIENTO,20488420471.0,,unit,COP,unclear,review,0.6,docx_parser,docx_table,"Parsed from table 0, row 0"
Colombia,2018,pdf_13b9ce28bd17__2018_Ley_1873_de_2017.txt,0,section_total,,SECCION: 2301 MINISTERIO DE TECNOLOGÍAS DE LA INFORMACIÓN Y LAS COMUNICACIONES A. PRESUPUESTO DE FUNCIONAMIENTO,SECCION: 2301 MINISTERIO DE TECNOLOGÍAS DE LA INFORMACIÓN Y LAS COMUNICACIONES A. PRESUPUESTO DE FUNCIONAMIENTO,,SECCION: 2301 MINISTERIO DE TECNOLOGÍAS DE LA INFORMACIÓN Y LAS COMUNICACIONES A. PRESUPUESTO DE FUNCIONAMIENTO,SECCION: 2301 MINISTERIO DE TECNOLOGÍAS DE LA INFORMACIÓN Y LAS COMUNICACIONES A. PRESUPUESTO DE FUNCIONAMIENTO,66328488778.0,,unit,COP,unclear,review,0.6,docx_parser,docx_table,"Parsed from table 0, row 0"
Colombia,2018,pdf_13b9ce28bd17__2018_Ley_1873_de_2017.txt,0,section_total,,SECCION: 2306 FONDO DE TECNOLOGÍAS DE LA INFORMACIÓN Y LAS COMUNICACIONES A. PRESUPUESTO DE FUNCIONAMIENTO,SECCION: 2306 FONDO DE TECNOLOGÍAS DE LA INFORMACIÓN Y LAS COMUNICACIONES A. PRESUPUESTO DE FUNCIONAMIENTO,,SECCION: 2306 FONDO DE TECNOLOGÍAS DE LA INFORMACIÓN Y LAS COMUNICACIONES A. PRESUPUESTO DE FUNCIONAMIENTO,SECCION: 2306 FONDO DE TECNOLOGÍAS DE LA INFORMACIÓN Y LAS COMUNICACIONES A. PRESUPUESTO DE FUNCIONAMIENTO,408848907338.0,,unit,COP,direct_rd,include,0.9,docx_parser,docx_table,"Parsed from table 0, row 0"
Colombia,2018,pdf_13b9ce28bd17__2018_Ley_1873_de_2017.txt,0,section_total,,SECCION: 2309 AGENCIA NACIONAL DEL ESPECTRO - ANE A. PRESUPUESTO DE FUNCIONAMIENTO,SECCION: 2309 AGENCIA NACIONAL DEL ESPECTRO - ANE A. PRESUPUESTO DE FUNCIONAMIENTO,,SECCION: 2309 AGENCIA NACIONAL DEL ESPECTRO - ANE A. PRESUPUESTO DE FUNCIONAMIENTO,SECCION: 2309 AGENCIA NACIONAL DEL ESPECTRO - ANE A. PRESUPUESTO DE FUNCIONAMIENTO,13234492593.0,,unit,COP,unclear,review,0.6,docx_parser,docx_table,"Parsed from table 0, row 0"
Colombia,2018,pdf_13b9ce28bd17__2018_Ley_1873_de_2017.txt,0,section_total,,SECCION: 2310 AUTORIDAD NACIONAL DE TELEVISIÓN ANTV A. PRESUPUESTO DE FUNCIONAMIENTO,SECCION: 2310 AUTORIDAD NACIONAL DE TELEVISIÓN ANTV A. PRESUPUESTO DE FUNCIONAMIENTO,,SECCION: 2310 AUTORIDAD NACIONAL DE TELEVISIÓN ANTV A. PRESUPUESTO DE FUNCIONAMIENTO,SECCION: 2310 AUTORIDAD NACIONAL DE TELEVISIÓN ANTV A. PRESUPUESTO DE FUNCIONAMIENTO,20463906608.0,,unit,COP,unclear,review,0.6,docx_parser,docx_table,"Parsed from table 0, row 0"
Colombia,2018,pdf_13b9ce28bd17__2018_Ley_1873_de_2017.txt,0,section_total,,SECCION: 2401 MINISTERIO DE TRANSPORTE A. PRESUPUESTO DE FUNCIONAMIENTO,SECCION: 2401 MINISTERIO DE TRANSPORTE A. PRESUPUESTO DE FUNCIONAMIENTO,,SECCION: 2401 MINISTERIO DE TRANSPORTE A. PRESUPUESTO DE FUNCIONAMIENTO,SECCION: 2401 MINISTERIO DE TRANSPORTE A. PRESUPUESTO DE FUNCIONAMIENTO,71640870212.0,,unit,COP,unclear,review,0.6,docx_parser,docx_table,"Parsed from table 0, row 0"
Colombia,2018,pdf_13b9ce28bd17__2018_Ley_1873_de_2017.txt,0,section_total,,SECCION: 2402 INSTITUTO NACIONAL DE VIAS A. PRESUPUESTO DE FUNCIONAMIENTO,SECCION: 2402 INSTITUTO NACIONAL DE VIAS A. PRESUPUESTO DE FUNCIONAMIENTO,,SECCION: 2402 INSTITUTO NACIONAL DE VIAS A. PRESUPUESTO DE FUNCIONAMIENTO,SECCION: 2402 INSTITUTO NACIONAL DE VIAS A. PRESUPUESTO DE FUNCIONAMIENTO,192813906572.0,,unit,COP,unclear,review,0.6,docx_parser,docx_table,"Parsed from table 0, row 0"
Colombia,2018,pdf_13b9ce28bd17__2018_Ley_1873_de_2017.txt,0,section_total,,SECCION: 2412 UNIDAD ADMINISTRATIVA ESPECIAL DE LA AERONAUTICA CIVIL A. PRESUPUESTO DE FUNCIONAMIENTO,SECCION: 2412 UNIDAD ADMINISTRATIVA ESPECIAL DE LA AERONAUTICA CIVIL A. PRESUPUESTO DE FUNCIONAMIENTO,,SECCION: 2412 UNIDAD ADMINISTRATIVA ESPECIAL DE LA AERONAUTICA CIVIL A. PRESUPUESTO DE FUNCIONAMIENTO,SECCION: 2412 UNIDAD ADMINISTRATIVA ESPECIAL DE LA AERONAUTICA CIVIL A. PRESUPUESTO DE FUNCIONAMIENTO,523394498795.0,,unit,COP,unclear,review,0.6,docx_parser,docx_table,"Parsed from table 0, row 0"
Colombia,2018,pdf_13b9ce28bd17__2018_Ley_1873_de_2017.txt,0,section_total,,SECCION: 2413 AGENCIA NACIONAL DE INFRAESTRUCTURA A. PRESUPUESTO DE FUNCIONAMIENTO,SECCION: 2413 AGENCIA NACIONAL DE INFRAESTRUCTURA A. PRESUPUESTO DE FUNCIONAMIENTO,,SECCION: 2413 AGENCIA NACIONAL DE INFRAESTRUCTURA A. PRESUPUESTO DE FUNCIONAMIENTO,SECCION: 2413 AGENCIA NACIONAL DE INFRAESTRUCTURA A. PRESUPUESTO DE FUNCIONAMIENTO,73583023604.0,,unit,COP,unclear,review,0.6,docx_parser,docx_table,"Parsed from table 0, row 0"
Colombia,2018,pdf_13b9ce28bd17__2018_Ley_1873_de_2017.txt,0,section_total,,SECCION: 2414 UNIDAD DE PLANEACIÓN DEL SECTOR DE INFRAESTRUCTURA DE TRANSPORTE A. PRESUPUESTO DE FUNCIONAMIENTO,SECCION: 2414 UNIDAD DE PLANEACIÓN DEL SECTOR DE INFRAESTRUCTURA DE TRANSPORTE A. PRESUPUESTO DE FUNCIONAMIENTO,,SECCION: 2414 UNIDAD DE PLANEACIÓN DEL SECTOR DE INFRAESTRUCTURA DE TRANSPORTE A. PRESUPUESTO DE FUNCIONAMIENTO,SECCION: 2414 UNIDAD DE PLANEACIÓN DEL SECTOR DE INFRAESTRUCTURA DE TRANSPORTE A. PRESUPUESTO DE FUNCIONAMIENTO,2360992501.0,,unit,COP,unclear,review,0.6,docx_parser,docx_table,"Parsed from table 0, row 0"
Colombia,2018,pdf_13b9ce28bd17__2018_Ley_1873_de_2017.txt,0,section_total,,SECCION: 2415 COMISIÓN DE REGULACIÓN DE INFRAESTRUCTURA Y TRANSPORTE A. PRESUPUESTO DE FUNCIONAMIENTO,SECCION: 2415 COMISIÓN DE REGULACIÓN DE INFRAESTRUCTURA Y TRANSPORTE A. PRESUPUESTO DE FUNCIONAMIENTO,,SECCION: 2415 COMISIÓN DE REGULACIÓN DE INFRAESTRUCTURA Y TRANSPORTE A. PRESUPUESTO DE FUNCIONAMIENTO,SECCION: 2415 COMISIÓN DE REGULACIÓN DE INFRAESTRUCTURA Y TRANSPORTE A. PRESUPUESTO DE FUNCIONAMIENTO,2360992501.0,,unit,COP,unclear,review,0.6,docx_parser,docx_table,"Parsed from table 0, row 0"
Colombia,2018,pdf_13b9ce28bd17__2018_Ley_1873_de_2017.txt,0,section_total,,SECCION: 2416 AGENCIA NACIONAL DE SEGURIDAD VIAL A. PRESUPUESTO DE FUNCIONAMIENTO,SECCION: 2416 AGENCIA NACIONAL DE SEGURIDAD VIAL A. PRESUPUESTO DE FUNCIONAMIENTO,,SECCION: 2416 AGENCIA NACIONAL DE SEGURIDAD VIAL A. PRESUPUESTO DE FUNCIONAMIENTO,SECCION: 2416 AGENCIA NACIONAL DE SEGURIDAD VIAL A. PRESUPUESTO DE FUNCIONAMIENTO,17698562670.0,,unit,COP,unclear,review,0.6,docx_parser,docx_table,"Parsed from table 0, row 0"
Colombia,2018,pdf_13b9ce28bd17__2018_Ley_1873_de_2017.txt,0,section_total,,SECCION: 2417 SUPERINTENDENCIA DE PUERTOS Y TRANSPORTE A. PRESUPUESTO DE FUNCIONAMIENTO,SECCION: 2417 SUPERINTENDENCIA DE PUERTOS Y TRANSPORTE A. PRESUPUESTO DE FUNCIONAMIENTO,,SECCION: 2417 SUPERINTENDENCIA DE PUERTOS Y TRANSPORTE A. PRESUPUESTO DE FUNCIONAMIENTO,SECCION: 2417 SUPERINTENDENCIA DE PUERTOS Y TRANSPORTE A. PRESUPUESTO DE FUNCIONAMIENTO,27458991963.0,,unit,COP,unclear,review,0.6,docx_parser,docx_table,"Parsed from table 0, row 0"
Colombia,2018,pdf_13b9ce28bd17__2018_Ley_1873_de_2017.txt,0,section_total,,SECCION: 2501 PROCURADURIA GENERAL DE LA NACIÓN A. PRESUPUESTO DE FUNCIONAMIENTO,SECCION: 2501 PROCURADURIA GENERAL DE LA NACIÓN A. PRESUPUESTO DE FUNCIONAMIENTO,,SECCION: 2501 PROCURADURIA GENERAL DE LA NACIÓN A. PRESUPUESTO DE FUNCIONAMIENTO,SECCION: 2501 PROCURADURIA GENERAL DE LA NACIÓN A. PRESUPUESTO DE FUNCIONAMIENTO,570838234313.0,,unit,COP,unclear,review,0.6,docx_parser,docx_table,"Parsed from table 0, row 0"
Colombia,2018,pdf_13b9ce28bd17__2018_Ley_1873_de_2017.txt,0,section_total,,SECCION: 2502 DEFENSORIA DEL PUEBLO A. PRESUPUESTO DE FUNCIONAMIENTO,SECCION: 2502 DEFENSORIA DEL PUEBLO A. PRESUPUESTO DE FUNCIONAMIENTO,,SECCION: 2502 DEFENSORIA DEL PUEBLO A. PRESUPUESTO DE FUNCIONAMIENTO,SECCION: 2502 DEFENSORIA DEL PUEBLO A. PRESUPUESTO DE FUNCIONAMIENTO,473593855771.0,,unit,COP,unclear,review,0.6,docx_parser,docx_table,"Parsed from table 0, row 0"
Colombia,2018,pdf_13b9ce28bd17__2018_Ley_1873_de_2017.txt,0,section_total,,SECCION: 2601 CONTRALORIA GENERAL DE LA REPÚBLICA A. PRESUPUESTO DE FUNCIONAMIENTO,SECCION: 2601 CONTRALORIA GENERAL DE LA REPÚBLICA A. PRESUPUESTO DE FUNCIONAMIENTO,,SECCION: 2601 CONTRALORIA GENERAL DE LA REPÚBLICA A. PRESUPUESTO DE FUNCIONAMIENTO,SECCION: 2601 CONTRALORIA GENERAL DE LA REPÚBLICA A. PRESUPUESTO DE FUNCIONAMIENTO,476675921943.0,,unit,COP,unclear,review,0.6,docx_parser,docx_table,"Parsed from table 0, row 0"
Colombia,2018,pdf_13b9ce28bd17__2018_Ley_1873_de_2017.txt,0,section_total,,SECCION: 2602 FONDO DE BIENESTAR SOCIAL DE LA CONTRALORIA GENERAL DDE LA REPÚBLICA A. PRESUPUESTO DE FUNCIONAMIENTO,SECCION: 2602 FONDO DE BIENESTAR SOCIAL DE LA CONTRALORIA GENERAL DDE LA REPÚBLICA A. PRESUPUESTO DE FUNCIONAMIENTO,,SECCION: 2602 FONDO DE BIENESTAR SOCIAL DE LA CONTRALORIA GENERAL DDE LA REPÚBLICA A. PRESUPUESTO DE FUNCIONAMIENTO,SECCION: 2602 FONDO DE BIENESTAR SOCIAL DE LA CONTRALORIA GENERAL DDE LA REPÚBLICA A. PRESUPUESTO DE FUNCIONAMIENTO,60139042396.0,,unit,COP,unclear,review,0.6,docx_parser,docx_table,"Parsed from table 0, row 0"
Colombia,2018,pdf_13b9ce28bd17__2018_Ley_1873_de_2017.txt,0,section_total,,SECCION: 2701 RAMA JUDICIAL A. PRESUPUESTO DE FUNCIONAMIENTO,SECCION: 2701 RAMA JUDICIAL A. PRESUPUESTO DE FUNCIONAMIENTO,,SECCION: 2701 RAMA JUDICIAL A. PRESUPUESTO DE FUNCIONAMIENTO,SECCION: 2701 RAMA JUDICIAL A. PRESUPUESTO DE FUNCIONAMIENTO,3801006688861.0,,unit,COP,unclear,review,0.6,docx_parser,docx_table,"Parsed from table 0, row 0"
Colombia,2018,pdf_13b9ce28bd17__2018_Ley_1873_de_2017.txt,0,section_total,,SECCION: 2801 REGISTRADURÍA NACIONAL DEL ESTADO CIVIL A. PRESUPUESTO DE FUNCIONAMIENTO,SECCION: 2801 REGISTRADURÍA NACIONAL DEL ESTADO CIVIL A. PRESUPUESTO DE FUNCIONAMIENTO,,SECCION: 2801 REGISTRADURÍA NACIONAL DEL ESTADO CIVIL A. PRESUPUESTO DE FUNCIONAMIENTO,SECCION: 2801 REGISTRADURÍA NACIONAL DEL ESTADO CIVIL A. PRESUPUESTO DE FUNCIONAMIENTO,1618479325010.0,,unit,COP,unclear,review,0.5,docx_parser,docx_table,"Parsed from table 0, row 0"
Colombia,2018,pdf_13b9ce28bd17__2018_Ley_1873_de_2017.txt,0,section_total,,SECCION: 2802 FONDO ROTATORIO DE LA REGISTRADURÍA A. PRESUPUESTO DE FUNCIONAMIENTO,SECCION: 2802 FONDO ROTATORIO DE LA REGISTRADURÍA A. PRESUPUESTO DE FUNCIONAMIENTO,,SECCION: 2802 FONDO ROTATORIO DE LA REGISTRADURÍA A. PRESUPUESTO DE FUNCIONAMIENTO,SECCION: 2802 FONDO ROTATORIO DE LA REGISTRADURÍA A. PRESUPUESTO DE FUNCIONAMIENTO,34806511800.0,,unit,COP,unclear,review,0.5,docx_parser,docx_table,"Parsed from table 0, row 0"
Colombia,2018,pdf_13b9ce28bd17__2018_Ley_1873_de_2017.txt,0,section_total,,SECCION: 2803 FONDO SOCIAL DE VIVIENDA DE LA REGISTRADURÍA NACIONAL DEL ESTADO CIVIL A. PRESUPUESTO DE FUNCIONAMIENTO,SECCION: 2803 FONDO SOCIAL DE VIVIENDA DE LA REGISTRADURÍA NACIONAL DEL ESTADO CIVIL A. PRESUPUESTO DE FUNCIONAMIENTO,,SECCION: 2803 FONDO SOCIAL DE VIVIENDA DE LA REGISTRADURÍA NACIONAL DEL ESTADO CIVIL A. PRESUPUESTO DE FUNCIONAMIENTO,SECCION: 2803 FONDO SOCIAL DE VIVIENDA DE LA REGISTRADURÍA NACIONAL DEL ESTADO CIVIL A. PRESUPUESTO DE FUNCIONAMIENTO,13917755000.0,,unit,COP,unclear,review,0.6,docx_parser,docx_table,"Parsed from table 0, row 0"
Colombia,2018,pdf_13b9ce28bd17__2018_Ley_1873_de_2017.txt,0,section_total,,SECCION: 2901 FISCALIA GENERAL DE LA NACIÓN A. PRESUPUESTO DE FUNCIONAMIENTO,SECCION: 2901 FISCALIA GENERAL DE LA NACIÓN A. PRESUPUESTO DE FUNCIONAMIENTO,,SECCION: 2901 FISCALIA GENERAL DE LA NACIÓN A. PRESUPUESTO DE FUNCIONAMIENTO,SECCION: 2901 FISCALIA GENERAL DE LA NACIÓN A. PRESUPUESTO DE FUNCIONAMIENTO,3319786552129.0,,unit,COP,unclear,review,0.6,docx_parser,docx_table,"Parsed from table 0, row 0"
Colombia,2018,pdf_13b9ce28bd17__2018_Ley_1873_de_2017.txt,0,section_total,,SECCION: 2902 INSTITUTO NACIONAL DE MEDICINA LEGAL Y CIENCIAS FORENSES A. PRESUPUESTO DE FUNCIONAMIENTO,SECCION: 2902 INSTITUTO NACIONAL DE MEDICINA LEGAL Y CIENCIAS FORENSES A. PRESUPUESTO DE FUNCIONAMIENTO,,SECCION: 2902 INSTITUTO NACIONAL DE MEDICINA LEGAL Y CIENCIAS FORENSES A. PRESUPUESTO DE FUNCIONAMIENTO,SECCION: 2902 INSTITUTO NACIONAL DE MEDICINA LEGAL Y CIENCIAS FORENSES A. PRESUPUESTO DE FUNCIONAMIENTO,181852397558.0,,unit,COP,unclear,review,0.6,docx_parser,docx_table,"Parsed from table 0, row 0"
Colombia,2018,pdf_13b9ce28bd17__2018_Ley_1873_de_2017.txt,0,section_total,,SECCION: 2904 FONDO ESPECIAL PARA LA ADMINISTRACIÓN DE BIENES DE LA FISCALIA GENERAL DE LA NACIÓN A. PRESUPUESTO DE FUNCIONAMIENTO,SECCION: 2904 FONDO ESPECIAL PARA LA ADMINISTRACIÓN DE BIENES DE LA FISCALIA GENERAL DE LA NACIÓN A. PRESUPUESTO DE FUNCIONAMIENTO,,SECCION: 2904 FONDO ESPECIAL PARA LA ADMINISTRACIÓN DE BIENES DE LA FISCALIA GENERAL DE LA NACIÓN A. PRESUPUESTO DE FUNCIONAMIENTO,SECCION: 2904 FONDO ESPECIAL PARA LA ADMINISTRACIÓN DE BIENES DE LA FISCALIA GENERAL DE LA NACIÓN A. PRESUPUESTO DE FUNCIONAMIENTO,4000000000.0,,unit,COP,unclear,review,0.6,docx_parser,docx_table,"Parsed from table 0, row 0"
Colombia,2018,pdf_13b9ce28bd17__2018_Ley_1873_de_2017.txt,0,section_total,,SECCION: 3201 MINISTERIO DE AMBIENTE Y DESARROLLO SOSTENIBLE A. PRESUPUESTO DE FUNCIONAMIENTO,SECCION: 3201 MINISTERIO DE AMBIENTE Y DESARROLLO SOSTENIBLE A. PRESUPUESTO DE FUNCIONAMIENTO,,SECCION: 3201 MINISTERIO DE AMBIENTE Y DESARROLLO SOSTENIBLE A. PRESUPUESTO DE FUNCIONAMIENTO,SECCION: 3201 MINISTERIO DE AMBIENTE Y DESARROLLO SOSTENIBLE A. PRESUPUESTO DE FUNCIONAMIENTO,169671080000.0,,unit,COP,unclear,review,0.6,docx_parser,docx_table,"Parsed from table 0, row 0"
Colombia,2018,pdf_13b9ce28bd17__2018_Ley_1873_de_2017.txt,0,section_total,,SECCION: 3204 FONDO NACIONAL AMBIENTAL A. PRESUPUESTO DE FUNCIONAMIENTO,SECCION: 3204 FONDO NACIONAL AMBIENTAL A. PRESUPUESTO DE FUNCIONAMIENTO,,SECCION: 3204 FONDO NACIONAL AMBIENTAL A. PRESUPUESTO DE FUNCIONAMIENTO,SECCION: 3204 FONDO NACIONAL AMBIENTAL A. PRESUPUESTO DE FUNCIONAMIENTO,29531285000.0,,unit,COP,direct_rd,include,0.9,docx_parser,docx_table,"Parsed from table 0, row 0"
Colombia,2018,pdf_13b9ce28bd17__2018_Ley_1873_de_2017.txt,0,section_total,,SECCION: 3208 CORPORACIÓN AUTONOMA REGIONAL DE LOS VALLES DEL SINU Y SAN JORGE (CVS) A. PRESUPUESTO DE FUNCIONAMIENTO,SECCION: 3208 CORPORACIÓN AUTONOMA REGIONAL DE LOS VALLES DEL SINU Y SAN JORGE (CVS) A. PRESUPUESTO DE FUNCIONAMIENTO,,SECCION: 3208 CORPORACIÓN AUTONOMA REGIONAL DE LOS VALLES DEL SINU Y SAN JORGE (CVS) A. PRESUPUESTO DE FUNCIONAMIENTO,SECCION: 3208 CORPORACIÓN AUTONOMA REGIONAL DE LOS VALLES DEL SINU Y SAN JORGE (CVS) A. PRESUPUESTO DE FUNCIONAMIENTO,2784889000.0,,unit,COP,unclear,review,0.6,docx_parser,docx_table,"Parsed from table 0, row 0"
Colombia,2018,pdf_13b9ce28bd17__2018_Ley_1873_de_2017.txt,0,section_total,,SECCION: 3209 CORPORACIÓN AUTONOMA REGIONAL DEL QUINDIO (CRQ) A. PRESUPUESTO DE FUNCIONAMIENTO,SECCION: 3209 CORPORACIÓN AUTONOMA REGIONAL DEL QUINDIO (CRQ) A. PRESUPUESTO DE FUNCIONAMIENTO,,SECCION: 3209 CORPORACIÓN AUTONOMA REGIONAL DEL QUINDIO (CRQ) A. PRESUPUESTO DE FUNCIONAMIENTO,SECCION: 3209 CORPORACIÓN AUTONOMA REGIONAL DEL QUINDIO (CRQ) A. PRESUPUESTO DE FUNCIONAMIENTO,4605483000.0,,unit,COP,unclear,review,0.6,docx_parser,docx_table,"Parsed from table 0, row 0"
Colombia,2018,pdf_13b9ce28bd17__2018_Ley_1873_de_2017.txt,0,section_total,,SECCION: 3210 CORPORACIÓN PARA EL DESARROLLO SOSTENIBLE DEL URABA - CORPOURABA A. PRESUPUESTO DE FUNCIONAMIENTO,SECCION: 3210 CORPORACIÓN PARA EL DESARROLLO SOSTENIBLE DEL URABA - CORPOURABA A. PRESUPUESTO DE FUNCIONAMIENTO,,SECCION: 3210 CORPORACIÓN PARA EL DESARROLLO SOSTENIBLE DEL URABA - CORPOURABA A. PRESUPUESTO DE FUNCIONAMIENTO,SECCION: 3210 CORPORACIÓN PARA EL DESARROLLO SOSTENIBLE DEL URABA - CORPOURABA A. PRESUPUESTO DE FUNCIONAMIENTO,3283601000.0,,unit,COP,unclear,review,0.6,docx_parser,docx_table,"Parsed from table 0, row 0"
Colombia,2018,pdf_13b9ce28bd17__2018_Ley_1873_de_2017.txt,0,section_total,,SECCION: 3211 CORPORACIÓN AUTONOMA REGIONAL DE CALDAS (CORPOCALDAS) A. PRESUPUESTO DE FUNCIONAMIENTO,SECCION: 3211 CORPORACIÓN AUTONOMA REGIONAL DE CALDAS (CORPOCALDAS) A. PRESUPUESTO DE FUNCIONAMIENTO,,SECCION: 3211 CORPORACIÓN AUTONOMA REGIONAL DE CALDAS (CORPOCALDAS) A. PRESUPUESTO DE FUNCIONAMIENTO,SECCION: 3211 CORPORACIÓN AUTONOMA REGIONAL DE CALDAS (CORPOCALDAS) A. PRESUPUESTO DE FUNCIONAMIENTO,3339078000.0,,unit,COP,unclear,review,0.6,docx_parser,docx_table,"Parsed from table 0, row 0"
Colombia,2018,pdf_13b9ce28bd17__2018_Ley_1873_de_2017.txt,0,section_total,,SECCION: 3212 CORPORACIÓN AUTONOMA REGIONAL PARA EL DESARROLLO SOSTENIBLE DEL CHOCO - CODECHOCO A. PRESUPUESTO DE FUNCIONAMIENTO,SECCION: 3212 CORPORACIÓN AUTONOMA REGIONAL PARA EL DESARROLLO SOSTENIBLE DEL CHOCO - CODECHOCO A. PRESUPUESTO DE FUNCIONAMIENTO,,SECCION: 3212 CORPORACIÓN AUTONOMA REGIONAL PARA EL DESARROLLO SOSTENIBLE DEL CHOCO - CODECHOCO A. PRESUPUESTO DE FUNCIONAMIENTO,SECCION: 3212 CORPORACIÓN AUTONOMA REGIONAL PARA EL DESARROLLO SOSTENIBLE DEL CHOCO - CODECHOCO A. PRESUPUESTO DE FUNCIONAMIENTO,1839115000.0,,unit,COP,unclear,review,0.6,docx_parser,docx_table,"Parsed from table 0, row 0"
Colombia,2018,pdf_13b9ce28bd17__2018_Ley_1873_de_2017.txt,0,section_total,,SECCION: 3213 CORPORACIÓN AUTONOMA REGIONAL PARA LA DEFENSA DE LA MESETA DE BUCARAMANGA CDMB A. PRESUPUESTO DE FUNCIONAMIENTO,SECCION: 3213 CORPORACIÓN AUTONOMA REGIONAL PARA LA DEFENSA DE LA MESETA DE BUCARAMANGA CDMB A. PRESUPUESTO DE FUNCIONAMIENTO,,SECCION: 3213 CORPORACIÓN AUTONOMA REGIONAL PARA LA DEFENSA DE LA MESETA DE BUCARAMANGA CDMB A. PRESUPUESTO DE FUNCIONAMIENTO,SECCION: 3213 CORPORACIÓN AUTONOMA REGIONAL PARA LA DEFENSA DE LA MESETA DE BUCARAMANGA CDMB A. PRESUPUESTO DE FUNCIONAMIENTO,1056825000.0,,unit,COP,unclear,review,0.6,docx_parser,docx_table,"Parsed from table 0, row 0"
Colombia,2018,pdf_13b9ce28bd17__2018_Ley_1873_de_2017.txt,0,section_total,,SECCION: 3214 CORPORACIÓN AUTONOMA REGIONAL DEL TOLIMA (CORTOLIMA) A. PRESUPUESTO DE FUNCIONAMIENTO,SECCION: 3214 CORPORACIÓN AUTONOMA REGIONAL DEL TOLIMA (CORTOLIMA) A. PRESUPUESTO DE FUNCIONAMIENTO,,SECCION: 3214 CORPORACIÓN AUTONOMA REGIONAL DEL TOLIMA (CORTOLIMA) A. PRESUPUESTO DE FUNCIONAMIENTO,SECCION: 3214 CORPORACIÓN AUTONOMA REGIONAL DEL TOLIMA (CORTOLIMA) A. PRESUPUESTO DE FUNCIONAMIENTO,1892476000.0,,unit,COP,unclear,review,0.6,docx_parser,docx_table,"Parsed from table 0, row 0"
Colombia,2018,pdf_13b9ce28bd17__2018_Ley_1873_de_2017.txt,0,section_total,,SECCION: 3216 CORPORACIÓN AUTONOMA REGIONAL DE NARIÑO (CORPONARIÑO) A. PRESUPUESTO DE FUNCIONAMIENTO,SECCION: 3216 CORPORACIÓN AUTONOMA REGIONAL DE NARIÑO (CORPONARIÑO) A. PRESUPUESTO DE FUNCIONAMIENTO,,SECCION: 3216 CORPORACIÓN AUTONOMA REGIONAL DE NARIÑO (CORPONARIÑO) A. PRESUPUESTO DE FUNCIONAMIENTO,SECCION: 3216 CORPORACIÓN AUTONOMA REGIONAL DE NARIÑO (CORPONARIÑO) A. PRESUPUESTO DE FUNCIONAMIENTO,2284002000.0,,unit,COP,science_agency,include,0.9,docx_parser,docx_table,"Parsed from table 0, row 0"
Colombia,2018,pdf_13b9ce28bd17__2018_Ley_1873_de_2017.txt,0,section_total,,SECCION: 3217 CORPORACIÓN AUTONOMA REGIONAL DE LA FRONTERA NORORIENTAL (CORPONOR) A. PRESUPUESTO DE FUNCIONAMIENTO,SECCION: 3217 CORPORACIÓN AUTONOMA REGIONAL DE LA FRONTERA NORORIENTAL (CORPONOR) A. PRESUPUESTO DE FUNCIONAMIENTO,,SECCION: 3217 CORPORACIÓN AUTONOMA REGIONAL DE LA FRONTERA NORORIENTAL (CORPONOR) A. PRESUPUESTO DE FUNCIONAMIENTO,SECCION: 3217 CORPORACIÓN AUTONOMA REGIONAL DE LA FRONTERA NORORIENTAL (CORPONOR) A. PRESUPUESTO DE FUNCIONAMIENTO,3349551000.0,,unit,COP,unclear,review,0.5,docx_parser,docx_table,"Parsed from table 0, row 0"
Colombia,2018,pdf_13b9ce28bd17__2018_Ley_1873_de_2017.txt,0,section_total,,SECCION: 3218 CORPORACIÓN AUTONOMA REGIONAL DE LA GUAJIRA(CORPOGUAJIRA) A. PRESUPUESTO DE FUNCIONAMIENTO,SECCION: 3218 CORPORACIÓN AUTONOMA REGIONAL DE LA GUAJIRA(CORPOGUAJIRA) A. PRESUPUESTO DE FUNCIONAMIENTO,,SECCION: 3218 CORPORACIÓN AUTONOMA REGIONAL DE LA GUAJIRA(CORPOGUAJIRA) A. PRESUPUESTO DE FUNCIONAMIENTO,SECCION: 3218 CORPORACIÓN AUTONOMA REGIONAL DE LA GUAJIRA(CORPOGUAJIRA) A. PRESUPUESTO DE FUNCIONAMIENTO,3329833000.0,,unit,COP,unclear,review,0.6,docx_parser,docx_table,"Parsed from table 0, row 0"
Colombia,2018,pdf_13b9ce28bd17__2018_Ley_1873_de_2017.txt,0,section_total,,SECCION: 3219 CORPORACIÓN AUTONOMA REGIONAL DEL CESAR (CORPOCESAR) A. PRESUPUESTO DE FUNCIONAMIENTO,SECCION: 3219 CORPORACIÓN AUTONOMA REGIONAL DEL CESAR (CORPOCESAR) A. PRESUPUESTO DE FUNCIONAMIENTO,,SECCION: 3219 CORPORACIÓN AUTONOMA REGIONAL DEL CESAR (CORPOCESAR) A. PRESUPUESTO DE FUNCIONAMIENTO,SECCION: 3219 CORPORACIÓN AUTONOMA REGIONAL DEL CESAR (CORPOCESAR) A. PRESUPUESTO DE FUNCIONAMIENTO,2614111000.0,,unit,COP,science_agency,include,0.9,docx_parser,docx_table,"Parsed from table 0, row 0"
Colombia,2018,pdf_13b9ce28bd17__2018_Ley_1873_de_2017.txt,0,section_total,,SECCION: 3221 CORPORACIÓN AUTONOMA REGIONAL DEL CAUCA (CRC) A. PRESUPUESTO DE FUNCIONAMIENTO,SECCION: 3221 CORPORACIÓN AUTONOMA REGIONAL DEL CAUCA (CRC) A. PRESUPUESTO DE FUNCIONAMIENTO,,SECCION: 3221 CORPORACIÓN AUTONOMA REGIONAL DEL CAUCA (CRC) A. PRESUPUESTO DE FUNCIONAMIENTO,SECCION: 3221 CORPORACIÓN AUTONOMA REGIONAL DEL CAUCA (CRC) A. PRESUPUESTO DE FUNCIONAMIENTO,5168285000.0,,unit,COP,unclear,review,0.5,docx_parser,docx_table,"Parsed from table 0, row 0"
Colombia,2018,pdf_13b9ce28bd17__2018_Ley_1873_de_2017.txt,0,section_total,,SECCION: 3222 CORPORACIÓN AUTONOMA REGIONAL DEL MAGDALENA (CORPAMAG) A. PRESUPUESTO DE FUNCIONAMIENTO,SECCION: 3222 CORPORACIÓN AUTONOMA REGIONAL DEL MAGDALENA (CORPAMAG) A. PRESUPUESTO DE FUNCIONAMIENTO,,SECCION: 3222 CORPORACIÓN AUTONOMA REGIONAL DEL MAGDALENA (CORPAMAG) A. PRESUPUESTO DE FUNCIONAMIENTO,SECCION: 3222 CORPORACIÓN AUTONOMA REGIONAL DEL MAGDALENA (CORPAMAG) A. PRESUPUESTO DE FUNCIONAMIENTO,4202244000.0,,unit,COP,unclear,review,0.6,docx_parser,docx_table,"Parsed from table 0, row 0"
Colombia,2018,pdf_13b9ce28bd17__2018_Ley_1873_de_2017.txt,0,section_total,,SECCION: 3223 CORPORACIÓN PARA EL DESARROLLO SOSTENIBLE DEL SUR DE LA AMAZONIA - CORPOAMAZONIA A. PRESUPUESTO DE FUNCIONAMIENTO,SECCION: 3223 CORPORACIÓN PARA EL DESARROLLO SOSTENIBLE DEL SUR DE LA AMAZONIA - CORPOAMAZONIA A. PRESUPUESTO DE FUNCIONAMIENTO,,SECCION: 3223 CORPORACIÓN PARA EL DESARROLLO SOSTENIBLE DEL SUR DE LA AMAZONIA - CORPOAMAZONIA A. PRESUPUESTO DE FUNCIONAMIENTO,SECCION: 3223 CORPORACIÓN PARA EL DESARROLLO SOSTENIBLE DEL SUR DE LA AMAZONIA - CORPOAMAZONIA A. PRESUPUESTO DE FUNCIONAMIENTO,2063567000.0,,unit,COP,unclear,review,0.6,docx_parser,docx_table,"Parsed from table 0, row 0"
Colombia,2018,pdf_13b9ce28bd17__2018_Ley_1873_de_2017.txt,0,section_total,,SECCION: 3224 CORPORACIÓN PARA EL DESARROLLO SOSTENIBLE DEL NORTE Y ORIENTE DE LA AMAZONIA - CDA A. PRESUPUESTO DE FUNCIONAMIENTO,SECCION: 3224 CORPORACIÓN PARA EL DESARROLLO SOSTENIBLE DEL NORTE Y ORIENTE DE LA AMAZONIA - CDA A. PRESUPUESTO DE FUNCIONAMIENTO,,SECCION: 3224 CORPORACIÓN PARA EL DESARROLLO SOSTENIBLE DEL NORTE Y ORIENTE DE LA AMAZONIA - CDA A. PRESUPUESTO DE FUNCIONAMIENTO,SECCION: 3224 CORPORACIÓN PARA EL DESARROLLO SOSTENIBLE DEL NORTE Y ORIENTE DE LA AMAZONIA - CDA A. PRESUPUESTO DE FUNCIONAMIENTO,2107601000.0,,unit,COP,science_agency,include,0.9,docx_parser,docx_table,"Parsed from table 0, row 0"
Colombia,2018,pdf_13b9ce28bd17__2018_Ley_1873_de_2017.txt,0,section_total,,SECCION: 3227 CORPORACIÓN PARA EL DESARROLLO SOSTENIBLE DEL AREA DE MANEJO ESPECIAL LA MACARENA - CORMACARENA A. PRESUPUESTO DE FUNCIONAMIENTO,SECCION: 3227 CORPORACIÓN PARA EL DESARROLLO SOSTENIBLE DEL AREA DE MANEJO ESPECIAL LA MACARENA - CORMACARENA A. PRESUPUESTO DE FUNCIONAMIENTO,,SECCION: 3227 CORPORACIÓN PARA EL DESARROLLO SOSTENIBLE DEL AREA DE MANEJO ESPECIAL LA MACARENA - CORMACARENA A. PRESUPUESTO DE FUNCIONAMIENTO,SECCION: 3227 CORPORACIÓN PARA EL DESARROLLO SOSTENIBLE DEL AREA DE MANEJO ESPECIAL LA MACARENA - CORMACARENA A. PRESUPUESTO DE FUNCIONAMIENTO,2254979000.0,,unit,COP,science_agency,include,0.9,docx_parser,docx_table,"Parsed from table 0, row 0"
Colombia,2018,pdf_13b9ce28bd17__2018_Ley_1873_de_2017.txt,0,section_total,,SECCION: 3228 CORPORACIÓN PARA EL DESARROLLO SOSTENIBLE DE LA MOJANA Y EL SAN JORGE - CORPOMOJANA A. PRESUPUESTO DE FUNCIONAMIENTO,SECCION: 3228 CORPORACIÓN PARA EL DESARROLLO SOSTENIBLE DE LA MOJANA Y EL SAN JORGE - CORPOMOJANA A. PRESUPUESTO DE FUNCIONAMIENTO,,SECCION: 3228 CORPORACIÓN PARA EL DESARROLLO SOSTENIBLE DE LA MOJANA Y EL SAN JORGE - CORPOMOJANA A. PRESUPUESTO DE FUNCIONAMIENTO,SECCION: 3228 CORPORACIÓN PARA EL DESARROLLO SOSTENIBLE DE LA MOJANA Y EL SAN JORGE - CORPOMOJANA A. PRESUPUESTO DE FUNCIONAMIENTO,2038476000.0,,unit,COP,unclear,review,0.6,docx_parser,docx_table,"Parsed from table 0, row 0"
Colombia,2018,pdf_13b9ce28bd17__2018_Ley_1873_de_2017.txt,0,section_total,,SECCION: 3229 CORPORACIÓN AUTONOMA REGIONAL DE LA ORINOQUIA (CORPORINOQUIA) A. PRESUPUESTO DE FUNCIONAMIENTO,SECCION: 3229 CORPORACIÓN AUTONOMA REGIONAL DE LA ORINOQUIA (CORPORINOQUIA) A. PRESUPUESTO DE FUNCIONAMIENTO,,SECCION: 3229 CORPORACIÓN AUTONOMA REGIONAL DE LA ORINOQUIA (CORPORINOQUIA) A. PRESUPUESTO DE FUNCIONAMIENTO,SECCION: 3229 CORPORACIÓN AUTONOMA REGIONAL DE LA ORINOQUIA (CORPORINOQUIA) A. PRESUPUESTO DE FUNCIONAMIENTO,1872952000.0,,unit,COP,unclear,review,0.6,docx_parser,docx_table,"Parsed from table 0, row 0"
Colombia,2018,pdf_13b9ce28bd17__2018_Ley_1873_de_2017.txt,0,section_total,,SECCION: 3230 CORPORACIÓN AUTONOMA REGIONAL DE SUCRE (CARSUCRE) A. PRESUPUESTO DE FUNCIONAMIENTO,SECCION: 3230 CORPORACIÓN AUTONOMA REGIONAL DE SUCRE (CARSUCRE) A. PRESUPUESTO DE FUNCIONAMIENTO,,SECCION: 3230 CORPORACIÓN AUTONOMA REGIONAL DE SUCRE (CARSUCRE) A. PRESUPUESTO DE FUNCIONAMIENTO,SECCION: 3230 CORPORACIÓN AUTONOMA REGIONAL DE SUCRE (CARSUCRE) A. PRESUPUESTO DE FUNCIONAMIENTO,2258619000.0,,unit,COP,science_agency,include,0.9,docx_parser,docx_table,"Parsed from table 0, row 0"
Colombia,2018,pdf_13b9ce28bd17__2018_Ley_1873_de_2017.txt,0,section_total,,SECCION: 3231 CORPORACIÓN AUTONOMA REGIONAL DEL ALTO MAGDALENA (CAM) A. PRESUPUESTO DE FUNCIONAMIENTO,SECCION: 3231 CORPORACIÓN AUTONOMA REGIONAL DEL ALTO MAGDALENA (CAM) A. PRESUPUESTO DE FUNCIONAMIENTO,,SECCION: 3231 CORPORACIÓN AUTONOMA REGIONAL DEL ALTO MAGDALENA (CAM) A. PRESUPUESTO DE FUNCIONAMIENTO,SECCION: 3231 CORPORACIÓN AUTONOMA REGIONAL DEL ALTO MAGDALENA (CAM) A. PRESUPUESTO DE FUNCIONAMIENTO,2135610000.0,,unit,COP,science_agency,include,0.9,docx_parser,docx_table,"Parsed from table 0, row 0"
Colombia,2018,pdf_13b9ce28bd17__2018_Ley_1873_de_2017.txt,0,section_total,,SECCION: 3232 CORPORACIÓN AUTONOMA REGIONAL DEL CENTRO DE ANTIOQUIA (CORANTIOQUIA) A. PRESUPUESTO DE FUNCIONAMIENTO,SECCION: 3232 CORPORACIÓN AUTONOMA REGIONAL DEL CENTRO DE ANTIOQUIA (CORANTIOQUIA) A. PRESUPUESTO DE FUNCIONAMIENTO,,SECCION: 3232 CORPORACIÓN AUTONOMA REGIONAL DEL CENTRO DE ANTIOQUIA (CORANTIOQUIA) A. PRESUPUESTO DE FUNCIONAMIENTO,SECCION: 3232 CORPORACIÓN AUTONOMA REGIONAL DEL CENTRO DE ANTIOQUIA (CORANTIOQUIA) A. PRESUPUESTO DE FUNCIONAMIENTO,2259894000.0,,unit,COP,science_agency,include,0.9,docx_parser,docx_table,"Parsed from table 0, row 0"
Colombia,2018,pdf_13b9ce28bd17__2018_Ley_1873_de_2017.txt,0,section_total,,SECCION: 3233 CORPORACIÓN AUTONOMA REGIONAL DEL ATLANTICO (CRA) A. PRESUPUESTO DE FUNCIONAMIENTO,SECCION: 3233 CORPORACIÓN AUTONOMA REGIONAL DEL ATLANTICO (CRA) A. PRESUPUESTO DE FUNCIONAMIENTO,,SECCION: 3233 CORPORACIÓN AUTONOMA REGIONAL DEL ATLANTICO (CRA) A. PRESUPUESTO DE FUNCIONAMIENTO,SECCION: 3233 CORPORACIÓN AUTONOMA REGIONAL DEL ATLANTICO (CRA) A. PRESUPUESTO DE FUNCIONAMIENTO,1740381000.0,,unit,COP,unclear,review,0.6,docx_parser,docx_table,"Parsed from table 0, row 0"
Colombia,2018,pdf_13b9ce28bd17__2018_Ley_1873_de_2017.txt,0,section_total,,SECCION: 3235 CORPORACIÓN AUTONOMA REGIONAL DE BOYACA (CORPOBOYACA) A. PRESUPUESTO DE FUNCIONAMIENTO,SECCION: 3235 CORPORACIÓN AUTONOMA REGIONAL DE BOYACA (CORPOBOYACA) A. PRESUPUESTO DE FUNCIONAMIENTO,,SECCION: 3235 CORPORACIÓN AUTONOMA REGIONAL DE BOYACA (CORPOBOYACA) A. PRESUPUESTO DE FUNCIONAMIENTO,SECCION: 3235 CORPORACIÓN AUTONOMA REGIONAL DE BOYACA (CORPOBOYACA) A. PRESUPUESTO DE FUNCIONAMIENTO,2041127000.0,,unit,COP,unclear,review,0.6,docx_parser,docx_table,"Parsed from table 0, row 0"
Colombia,2018,pdf_13b9ce28bd17__2018_Ley_1873_de_2017.txt,0,section_total,,SECCION: 3236 CORPORACIÓN AUTONOMA REGIONAL DE CHIVOR (CORPOCHIVOR) A. PRESUPUESTO DE FUNCIONAMIENTO,SECCION: 3236 CORPORACIÓN AUTONOMA REGIONAL DE CHIVOR (CORPOCHIVOR) A. PRESUPUESTO DE FUNCIONAMIENTO,,SECCION: 3236 CORPORACIÓN AUTONOMA REGIONAL DE CHIVOR (CORPOCHIVOR) A. PRESUPUESTO DE FUNCIONAMIENTO,SECCION: 3236 CORPORACIÓN AUTONOMA REGIONAL DE CHIVOR (CORPOCHIVOR) A. PRESUPUESTO DE FUNCIONAMIENTO,1999555000.0,,unit,COP,unclear,review,0.6,docx_parser,docx_table,"Parsed from table 0, row 0"
Colombia,2018,pdf_13b9ce28bd17__2018_Ley_1873_de_2017.txt,0,section_total,,SECCION: 3237 CORPORACIÓN AUTONOMA REGIONAL DEL GUAVIO CORPOGUAVIO A. PRESUPUESTO DE FUNCIONAMIENTO,SECCION: 3237 CORPORACIÓN AUTONOMA REGIONAL DEL GUAVIO CORPOGUAVIO A. PRESUPUESTO DE FUNCIONAMIENTO,,SECCION: 3237 CORPORACIÓN AUTONOMA REGIONAL DEL GUAVIO CORPOGUAVIO A. PRESUPUESTO DE FUNCIONAMIENTO,SECCION: 3237 CORPORACIÓN AUTONOMA REGIONAL DEL GUAVIO CORPOGUAVIO A. PRESUPUESTO DE FUNCIONAMIENTO,720693000.0,,unit,COP,unclear,review,0.5,docx_parser,docx_table,"Parsed from table 0, row 0"
Colombia,2018,pdf_13b9ce28bd17__2018_Ley_1873_de_2017.txt,0,section_total,,SECCION: 3238 CORPORACIÓN AUTONOMA REGIONAL DEL CANAL DEL DIQUE CARDIQUE A. PRESUPUESTO DE FUNCIONAMIENTO,SECCION: 3238 CORPORACIÓN AUTONOMA REGIONAL DEL CANAL DEL DIQUE CARDIQUE A. PRESUPUESTO DE FUNCIONAMIENTO,,SECCION: 3238 CORPORACIÓN AUTONOMA REGIONAL DEL CANAL DEL DIQUE CARDIQUE A. PRESUPUESTO DE FUNCIONAMIENTO,SECCION: 3238 CORPORACIÓN AUTONOMA REGIONAL DEL CANAL DEL DIQUE CARDIQUE A. PRESUPUESTO DE FUNCIONAMIENTO,2226992000.0,,unit,COP,science_agency,include,0.9,docx_parser,docx_table,"Parsed from table 0, row 0"
Colombia,2018,pdf_13b9ce28bd17__2018_Ley_1873_de_2017.txt,0,section_total,,SECCION: 3239 CORPORACIÓN AUTONOMA REGIONAL DEL SUR DE BOLIVAR (CSB) A. PRESUPUESTO DE FUNCIONAMIENTO,SECCION: 3239 CORPORACIÓN AUTONOMA REGIONAL DEL SUR DE BOLIVAR (CSB) A. PRESUPUESTO DE FUNCIONAMIENTO,,SECCION: 3239 CORPORACIÓN AUTONOMA REGIONAL DEL SUR DE BOLIVAR (CSB) A. PRESUPUESTO DE FUNCIONAMIENTO,SECCION: 3239 CORPORACIÓN AUTONOMA REGIONAL DEL SUR DE BOLIVAR (CSB) A. PRESUPUESTO DE FUNCIONAMIENTO,2406230000.0,,unit,COP,science_agency,include,0.9,docx_parser,docx_table,"Parsed from table 0, row 0"
Colombia,2018,pdf_13b9ce28bd17__2018_Ley_1873_de_2017.txt,0,section_total,,SECCION: 3301 MINISTERIO DE CULTURA A. PRESUPUESTO DE FUNCIONAMIENTO,SECCION: 3301 MINISTERIO DE CULTURA A. PRESUPUESTO DE FUNCIONAMIENTO,,SECCION: 3301 MINISTERIO DE CULTURA A. PRESUPUESTO DE FUNCIONAMIENTO,SECCION: 3301 MINISTERIO DE CULTURA A. PRESUPUESTO DE FUNCIONAMIENTO,223046159464.0,,unit,COP,unclear,review,0.6,docx_parser,docx_table,"Parsed from table 0, row 0"
Colombia,2018,pdf_13b9ce28bd17__2018_Ley_1873_de_2017.txt,0,section_total,,SECCION: 3304 ARCHIVO GENERAL DE LA NACIÓN A. PRESUPUESTO DE FUNCIONAMIENTO,SECCION: 3304 ARCHIVO GENERAL DE LA NACIÓN A. PRESUPUESTO DE FUNCIONAMIENTO,,SECCION: 3304 ARCHIVO GENERAL DE LA NACIÓN A. PRESUPUESTO DE FUNCIONAMIENTO,SECCION: 3304 ARCHIVO GENERAL DE LA NACIÓN A. PRESUPUESTO DE FUNCIONAMIENTO,11496839853.0,,unit,COP,unclear,review,0.5,docx_parser,docx_table,"Parsed from table 0, row 0"
Colombia,2018,pdf_13b9ce28bd17__2018_Ley_1873_de_2017.txt,0,section_total,,SECCION: 3305 INSTITUTO COLOMBIANO DE ANTROPOLOGÍA E HISTORIA A. PRESUPUESTO DE FUNCIONAMIENTO,SECCION: 3305 INSTITUTO COLOMBIANO DE ANTROPOLOGÍA E HISTORIA A. PRESUPUESTO DE FUNCIONAMIENTO,,SECCION: 3305 INSTITUTO COLOMBIANO DE ANTROPOLOGÍA E HISTORIA A. PRESUPUESTO DE FUNCIONAMIENTO,SECCION: 3305 INSTITUTO COLOMBIANO DE ANTROPOLOGÍA E HISTORIA A. PRESUPUESTO DE FUNCIONAMIENTO,6539079135.0,,unit,COP,unclear,review,0.6,docx_parser,docx_table,"Parsed from table 0, row 0"
Colombia,2018,pdf_13b9ce28bd17__2018_Ley_1873_de_2017.txt,0,section_total,,SECCION: 3307 INSTITUTO CARO Y CUERVO A. PRESUPUESTO DE FUNCIONAMIENTO,SECCION: 3307 INSTITUTO CARO Y CUERVO A. PRESUPUESTO DE FUNCIONAMIENTO,,SECCION: 3307 INSTITUTO CARO Y CUERVO A. PRESUPUESTO DE FUNCIONAMIENTO,SECCION: 3307 INSTITUTO CARO Y CUERVO A. PRESUPUESTO DE FUNCIONAMIENTO,7171726575.0,,unit,COP,unclear,review,0.6,docx_parser,docx_table,"Parsed from table 0, row 0"
Colombia,2018,pdf_13b9ce28bd17__2018_Ley_1873_de_2017.txt,0,section_total,,SECCION: 3401 AUDITORIA GENERAL DE LA REÚBLICA A. PRESUPUESTO DE FUNCIONAMIENTO,SECCION: 3401 AUDITORIA GENERAL DE LA REÚBLICA A. PRESUPUESTO DE FUNCIONAMIENTO,,SECCION: 3401 AUDITORIA GENERAL DE LA REÚBLICA A. PRESUPUESTO DE FUNCIONAMIENTO,SECCION: 3401 AUDITORIA GENERAL DE LA REÚBLICA A. PRESUPUESTO DE FUNCIONAMIENTO,27801685529.0,,unit,COP,unclear,review,0.6,docx_parser,docx_table,"Parsed from table 0, row 0"
Colombia,2018,pdf_13b9ce28bd17__2018_Ley_1873_de_2017.txt,0,section_total,,"SECCION: 3501 MINISTERIO DE COMERCIO, INDUSTRIA Y TURISMO A. PRESUPUESTO DE FUNCIONAMIENTO","SECCION: 3501 MINISTERIO DE COMERCIO, INDUSTRIA Y TURISMO A. PRESUPUESTO DE FUNCIONAMIENTO",,"SECCION: 3501 MINISTERIO DE COMERCIO, INDUSTRIA Y TURISMO A. PRESUPUESTO DE FUNCIONAMIENTO","SECCION: 3501 MINISTERIO DE COMERCIO, INDUSTRIA Y TURISMO A. PRESUPUESTO DE FUNCIONAMIENTO",372651291598.0,,unit,COP,unclear,review,0.6,docx_parser,docx_table,"Parsed from table 0, row 0"
Colombia,2018,pdf_13b9ce28bd17__2018_Ley_1873_de_2017.txt,0,section_total,,SECCION: 3502 SUPERINTENDENCIA DE SOCIEDADES A. PRESUPUESTO DE FUNCIONAMIENTO,SECCION: 3502 SUPERINTENDENCIA DE SOCIEDADES A. PRESUPUESTO DE FUNCIONAMIENTO,,SECCION: 3502 SUPERINTENDENCIA DE SOCIEDADES A. PRESUPUESTO DE FUNCIONAMIENTO,SECCION: 3502 SUPERINTENDENCIA DE SOCIEDADES A. PRESUPUESTO DE FUNCIONAMIENTO,122695000000.0,,unit,COP,unclear,review,0.5,docx_parser,docx_table,"Parsed from table 0, row 0"
Colombia,2018,pdf_13b9ce28bd17__2018_Ley_1873_de_2017.txt,0,section_total,,SECCION: 3504 UNIDAD ADMINISTRATIVA ESPECIAL JUNTA CENTRAL CONTADORES A. PRESUPUESTO DE FUNCIONAMIENTO,SECCION: 3504 UNIDAD ADMINISTRATIVA ESPECIAL JUNTA CENTRAL CONTADORES A. PRESUPUESTO DE FUNCIONAMIENTO,,SECCION: 3504 UNIDAD ADMINISTRATIVA ESPECIAL JUNTA CENTRAL CONTADORES A. PRESUPUESTO DE FUNCIONAMIENTO,SECCION: 3504 UNIDAD ADMINISTRATIVA ESPECIAL JUNTA CENTRAL CONTADORES A. PRESUPUESTO DE FUNCIONAMIENTO,5977000000.0,,unit,COP,unclear,review,0.5,docx_parser,docx_table,"Parsed from table 0, row 0"
Colombia,2018,pdf_13b9ce28bd17__2018_Ley_1873_de_2017.txt,0,section_total,,SECCION: 3505 INSTITUTO NACIONAL DE METROLOGÍA - INM A. PRESUPUESTO DE FUNCIONAMIENTO,SECCION: 3505 INSTITUTO NACIONAL DE METROLOGÍA - INM A. PRESUPUESTO DE FUNCIONAMIENTO,,SECCION: 3505 INSTITUTO NACIONAL DE METROLOGÍA - INM A. PRESUPUESTO DE FUNCIONAMIENTO,SECCION: 3505 INSTITUTO NACIONAL DE METROLOGÍA - INM A. PRESUPUESTO DE FUNCIONAMIENTO,12244605034.0,,unit,COP,unclear,review,0.6,docx_parser,docx_table,"Parsed from table 0, row 0"
Colombia,2018,pdf_13b9ce28bd17__2018_Ley_1873_de_2017.txt,0,section_total,,SECCION: 3601 MINISTERIO DEL TRABAJO A. PRESUPUESTO DE FUNCIONAMIENTO,SECCION: 3601 MINISTERIO DEL TRABAJO A. PRESUPUESTO DE FUNCIONAMIENTO,,SECCION: 3601 MINISTERIO DEL TRABAJO A. PRESUPUESTO DE FUNCIONAMIENTO,SECCION: 3601 MINISTERIO DEL TRABAJO A. PRESUPUESTO DE FUNCIONAMIENTO,22485064152000.0,,unit,COP,unclear,review,0.5,docx_parser,docx_table,"Parsed from table 0, row 0"
Colombia,2018,pdf_13b9ce28bd17__2018_Ley_1873_de_2017.txt,0,section_total,,SECCION: 3602 SERVICIO NACIONAL DE APRENDIZAJE (SENA) A. PRESUPUESTO DE FUNCIONAMIENTO,SECCION: 3602 SERVICIO NACIONAL DE APRENDIZAJE (SENA) A. PRESUPUESTO DE FUNCIONAMIENTO,,SECCION: 3602 SERVICIO NACIONAL DE APRENDIZAJE (SENA) A. PRESUPUESTO DE FUNCIONAMIENTO,SECCION: 3602 SERVICIO NACIONAL DE APRENDIZAJE (SENA) A. PRESUPUESTO DE FUNCIONAMIENTO,86535873166.0,,unit,COP,unclear,review,0.6,docx_parser,docx_table,"Parsed from table 0, row 0"
Colombia,2018,pdf_13b9ce28bd17__2018_Ley_1873_de_2017.txt,0,section_total,,SECCION: 3613 UNIDAD ADMINISTRATIVA ESPECIAL DEL SERVICIO PÚBLICO DE EMPLEO A. PRESUPUESTO DE FUNCIONAMIENTO,SECCION: 3613 UNIDAD ADMINISTRATIVA ESPECIAL DEL SERVICIO PÚBLICO DE EMPLEO A. PRESUPUESTO DE FUNCIONAMIENTO,,SECCION: 3613 UNIDAD ADMINISTRATIVA ESPECIAL DEL SERVICIO PÚBLICO DE EMPLEO A. PRESUPUESTO DE FUNCIONAMIENTO,SECCION: 3613 UNIDAD ADMINISTRATIVA ESPECIAL DEL SERVICIO PÚBLICO DE EMPLEO A. PRESUPUESTO DE FUNCIONAMIENTO,10256640000.0,,unit,COP,unclear,review,0.5,docx_parser,docx_table,"Parsed from table 0, row 0"
Colombia,2018,pdf_13b9ce28bd17__2018_Ley_1873_de_2017.txt,0,section_total,,SECCION: 3701 MINISTERIO DEL INTERIOR A. PRESUPUESTO DE FUNCIONAMIENTO,SECCION: 3701 MINISTERIO DEL INTERIOR A. PRESUPUESTO DE FUNCIONAMIENTO,,SECCION: 3701 MINISTERIO DEL INTERIOR A. PRESUPUESTO DE FUNCIONAMIENTO,SECCION: 3701 MINISTERIO DEL INTERIOR A. PRESUPUESTO DE FUNCIONAMIENTO,395617927487.0,,unit,COP,unclear,review,0.6,docx_parser,docx_table,"Parsed from table 0, row 0"
Colombia,2018,pdf_13b9ce28bd17__2018_Ley_1873_de_2017.txt,0,section_total,,SECCION: 3703 DIRECCIÓN NACIONAL DEL DERECHO DE AUTOR A. PRESUPUESTO DE FUNCIONAMIENTO,SECCION: 3703 DIRECCIÓN NACIONAL DEL DERECHO DE AUTOR A. PRESUPUESTO DE FUNCIONAMIENTO,,SECCION: 3703 DIRECCIÓN NACIONAL DEL DERECHO DE AUTOR A. PRESUPUESTO DE FUNCIONAMIENTO,SECCION: 3703 DIRECCIÓN NACIONAL DEL DERECHO DE AUTOR A. PRESUPUESTO DE FUNCIONAMIENTO,3651633550.0,,unit,COP,unclear,review,0.5,docx_parser,docx_table,"Parsed from table 0, row 0"
Colombia,2018,pdf_13b9ce28bd17__2018_Ley_1873_de_2017.txt,0,section_total,,SECCION: 3708 UNIDAD NACIONAL DE PROTECCIÓN - UNP A. PRESUPUESTO DE FUNCIONAMIENTO,SECCION: 3708 UNIDAD NACIONAL DE PROTECCIÓN - UNP A. PRESUPUESTO DE FUNCIONAMIENTO,,SECCION: 3708 UNIDAD NACIONAL DE PROTECCIÓN - UNP A. PRESUPUESTO DE FUNCIONAMIENTO,SECCION: 3708 UNIDAD NACIONAL DE PROTECCIÓN - UNP A. PRESUPUESTO DE FUNCIONAMIENTO,547743000000.0,,unit,COP,unclear,review,0.6,docx_parser,docx_table,"Parsed from table 0, row 0"
Colombia,2018,pdf_13b9ce28bd17__2018_Ley_1873_de_2017.txt,0,section_total,,SECCION: 3801 COMISIÓN NACIONAL DEL SERVICIO CIVIL A. PRESUPUESTO DE FUNCIONAMIENTO,SECCION: 3801 COMISIÓN NACIONAL DEL SERVICIO CIVIL A. PRESUPUESTO DE FUNCIONAMIENTO,,SECCION: 3801 COMISIÓN NACIONAL DEL SERVICIO CIVIL A. PRESUPUESTO DE FUNCIONAMIENTO,SECCION: 3801 COMISIÓN NACIONAL DEL SERVICIO CIVIL A. PRESUPUESTO DE FUNCIONAMIENTO,18687046204.0,,unit,COP,unclear,review,0.6,docx_parser,docx_table,"Parsed from table 0, row 0"
Colombia,2018,pdf_13b9ce28bd17__2018_Ley_1873_de_2017.txt,0,section_total,,"SECCION: 3901 DEPARTAMENTO ADMINISTRATIVO DE LA CIENCIA, TECNOLOGÍA E INNOVACIÓN A. PRESUPUESTO DE FUNCIONAMIENTO","SECCION: 3901 DEPARTAMENTO ADMINISTRATIVO DE LA CIENCIA, TECNOLOGÍA E INNOVACIÓN A. PRESUPUESTO DE FUNCIONAMIENTO",,"SECCION: 3901 DEPARTAMENTO ADMINISTRATIVO DE LA CIENCIA, TECNOLOGÍA E INNOVACIÓN A. PRESUPUESTO DE FUNCIONAMIENTO","SECCION: 3901 DEPARTAMENTO ADMINISTRATIVO DE LA CIENCIA, TECNOLOGÍA E INNOVACIÓN A. PRESUPUESTO DE FUNCIONAMIENTO",23522041800.0,,unit,COP,unclear,review,0.6,docx_parser,docx_table,"Parsed from table 0, row 0"
Colombia,2018,pdf_13b9ce28bd17__2018_Ley_1873_de_2017.txt,0,section_total,,SECCION: 4002 FONDO NACIONAL DE VIVIENDA - FONVIVIENDA A. PRESUPUESTO DE FUNCIONAMIENTO,SECCION: 4002 FONDO NACIONAL DE VIVIENDA - FONVIVIENDA A. PRESUPUESTO DE FUNCIONAMIENTO,,SECCION: 4002 FONDO NACIONAL DE VIVIENDA - FONVIVIENDA A. PRESUPUESTO DE FUNCIONAMIENTO,SECCION: 4002 FONDO NACIONAL DE VIVIENDA - FONVIVIENDA A. PRESUPUESTO DE FUNCIONAMIENTO,2163000000.0,,unit,COP,unclear,review,0.6,docx_parser,docx_table,"Parsed from table 0, row 0"
Colombia,2018,pdf_13b9ce28bd17__2018_Ley_1873_de_2017.txt,0,section_total,,SECCION: 4101 DEPARTAMENTO ADMINISTRATIVO PARA LA PROSPERIDAD SOCIAL A. PRESUPUESTO DE FUNCIONAMIENTO,SECCION: 4101 DEPARTAMENTO ADMINISTRATIVO PARA LA PROSPERIDAD SOCIAL A. PRESUPUESTO DE FUNCIONAMIENTO,,SECCION: 4101 DEPARTAMENTO ADMINISTRATIVO PARA LA PROSPERIDAD SOCIAL A. PRESUPUESTO DE FUNCIONAMIENTO,SECCION: 4101 DEPARTAMENTO ADMINISTRATIVO PARA LA PROSPERIDAD SOCIAL A. PRESUPUESTO DE FUNCIONAMIENTO,141175911342.0,,unit,COP,unclear,review,0.6,docx_parser,docx_table,"Parsed from table 0, row 0"
Colombia,2018,pdf_13b9ce28bd17__2018_Ley_1873_de_2017.txt,0,section_total,,SECCION: 4104 UNIDAD DE ATENCIÓN Y REPARACIÓN INTEGRAL A LAS VICTIMAS A. PRESUPUESTO DE FUNCIONAMIENTO,SECCION: 4104 UNIDAD DE ATENCIÓN Y REPARACIÓN INTEGRAL A LAS VICTIMAS A. PRESUPUESTO DE FUNCIONAMIENTO,,SECCION: 4104 UNIDAD DE ATENCIÓN Y REPARACIÓN INTEGRAL A LAS VICTIMAS A. PRESUPUESTO DE FUNCIONAMIENTO,SECCION: 4104 UNIDAD DE ATENCIÓN Y REPARACIÓN INTEGRAL A LAS VICTIMAS A. PRESUPUESTO DE FUNCIONAMIENTO,696817224705.0,,unit,COP,unclear,review,0.6,docx_parser,docx_table,"Parsed from table 0, row 0"
Colombia,2018,pdf_13b9ce28bd17__2018_Ley_1873_de_2017.txt,0,section_total,,SECCION: 4105 CENTRO DE MEMORIA HISTÓRICA A. PRESUPUESTO DE FUNCIONAMIENTO,SECCION: 4105 CENTRO DE MEMORIA HISTÓRICA A. PRESUPUESTO DE FUNCIONAMIENTO,,SECCION: 4105 CENTRO DE MEMORIA HISTÓRICA A. PRESUPUESTO DE FUNCIONAMIENTO,SECCION: 4105 CENTRO DE MEMORIA HISTÓRICA A. PRESUPUESTO DE FUNCIONAMIENTO,12263689697.0,,unit,COP,unclear,review,0.6,docx_parser,docx_table,"Parsed from table 0, row 0"
Colombia,2018,pdf_13b9ce28bd17__2018_Ley_1873_de_2017.txt,0,section_total,,SECCION: 4106 INSTITUTO COLOMBIANO DE BIENESTAR FAMILIAR (ICBF) A. PRESUPUESTO DE FUNCIONAMIENTO,SECCION: 4106 INSTITUTO COLOMBIANO DE BIENESTAR FAMILIAR (ICBF) A. PRESUPUESTO DE FUNCIONAMIENTO,,SECCION: 4106 INSTITUTO COLOMBIANO DE BIENESTAR FAMILIAR (ICBF) A. PRESUPUESTO DE FUNCIONAMIENTO,SECCION: 4106 INSTITUTO COLOMBIANO DE BIENESTAR FAMILIAR (ICBF) A. PRESUPUESTO DE FUNCIONAMIENTO,594662255312.0,,unit,COP,unclear,review,0.6,docx_parser,docx_table,"Parsed from table 0, row 0"
Colombia,2018,pdf_13b9ce28bd17__2018_Ley_1873_de_2017.txt,0,section_total,,SECCION: 4201 DEPARTAMENTO ADMINISTRATIVO DIRECCIÓN NACIONAL DE INTELIGENCIA A. PRESUPUESTO DE FUNCIONAMIENTO,SECCION: 4201 DEPARTAMENTO ADMINISTRATIVO DIRECCIÓN NACIONAL DE INTELIGENCIA A. PRESUPUESTO DE FUNCIONAMIENTO,,SECCION: 4201 DEPARTAMENTO ADMINISTRATIVO DIRECCIÓN NACIONAL DE INTELIGENCIA A. PRESUPUESTO DE FUNCIONAMIENTO,SECCION: 4201 DEPARTAMENTO ADMINISTRATIVO DIRECCIÓN NACIONAL DE INTELIGENCIA A. PRESUPUESTO DE FUNCIONAMIENTO,86770000000.0,,unit,COP,unclear,review,0.5,docx_parser,docx_table,"Parsed from table 0, row 0"
Colombia,2018,pdf_13b9ce28bd17__2018_Ley_1873_de_2017.txt,0,section_total,,"SECCION: 4301 DEPARTAMENTO ADMINISTRATIVO DEL DEPORTE, LA RECREACIÓN, LA ACTIVIDAD FÍSICA Y EL APROVECHAMIENTO DEL TIEMPO LIBRE - COLDEPORTES A. PRESUPUESTO DE FUNCIONAMIENTO","SECCION: 4301 DEPARTAMENTO ADMINISTRATIVO DEL DEPORTE, LA RECREACIÓN, LA ACTIVIDAD FÍSICA Y EL APROVECHAMIENTO DEL TIEMPO LIBRE - COLDEPORTES A. PRESUPUESTO DE FUNCIONAMIENTO",,"SECCION: 4301 DEPARTAMENTO ADMINISTRATIVO DEL DEPORTE, LA RECREACIÓN, LA ACTIVIDAD FÍSICA Y EL APROVECHAMIENTO DEL TIEMPO LIBRE - COLDEPORTES A. PRESUPUESTO DE FUNCIONAMIENTO","SECCION: 4301 DEPARTAMENTO ADMINISTRATIVO DEL DEPORTE, LA RECREACIÓN, LA ACTIVIDAD FÍSICA Y EL APROVECHAMIENTO DEL TIEMPO LIBRE - COLDEPORTES A. PRESUPUESTO DE FUNCIONAMIENTO",37547814726.0,,unit,COP,unclear,review,0.5,docx_parser,docx_table,"Parsed from table 0, row 0"
Colombia,2018,pdf_13b9ce28bd17__2018_Ley_1873_de_2017.txt,0,section_total,,SEGURIDAD DE TRANSPORTE,SEGURIDAD DE TRANSPORTE,,SEGURIDAD DE TRANSPORTE,SEGURIDAD DE TRANSPORTE,130000000000.0,,unit,COP,unclear,review,0.6,docx_parser,docx_table,"Parsed from table 0, row 0"
Colombia,2018,pdf_13b9ce28bd17__2018_Ley_1873_de_2017.txt,0,section_total,,SERVICIOS FINANCIEROS Y GESTIÓN DEL RIESGO PARA LAS ACTIVIDADES AGROPECUARIAS Y RURALES,SERVICIOS FINANCIEROS Y GESTIÓN DEL RIESGO PARA LAS ACTIVIDADES AGROPECUARIAS Y RURALES,,SERVICIOS FINANCIEROS Y GESTIÓN DEL RIESGO PARA LAS ACTIVIDADES AGROPECUARIAS Y RURALES,SERVICIOS FINANCIEROS Y GESTIÓN DEL RIESGO PARA LAS ACTIVIDADES AGROPECUARIAS Y RURALES,81927486613.0,,unit,COP,unclear,review,0.6,docx_parser,docx_table,"Parsed from table 0, row 0"
Colombia,2018,pdf_13b9ce28bd17__2018_Ley_1873_de_2017.txt,0,section_total,,SISTEMA PENITENCIARIO Y CARCELARIO EN EL MARCO DE LOS DERECHOS HUMANOS,SISTEMA PENITENCIARIO Y CARCELARIO EN EL MARCO DE LOS DERECHOS HUMANOS,,SISTEMA PENITENCIARIO Y CARCELARIO EN EL MARCO DE LOS DERECHOS HUMANOS,SISTEMA PENITENCIARIO Y CARCELARIO EN EL MARCO DE LOS DERECHOS HUMANOS,357689873646.0,,unit,COP,unclear,review,0.5,docx_parser,docx_table,"Parsed from table 0, row 0"
Colombia,2018,pdf_13b9ce28bd17__2018_Ley_1873_de_2017.txt,0,section_total,,SOBERANÍA TERRITORIAL Y DESARROLLO FRONTERIZO,SOBERANÍA TERRITORIAL Y DESARROLLO FRONTERIZO,,SOBERANÍA TERRITORIAL Y DESARROLLO FRONTERIZO,SOBERANÍA TERRITORIAL Y DESARROLLO FRONTERIZO,7000000000.0,,unit,COP,unclear,review,0.5,docx_parser,docx_table,"Parsed from table 0, row 0"
Colombia,2018,pdf_13b9ce28bd17__2018_Ley_1873_de_2017.txt,0,section_total,,TOTAL PRESUPUESTO SECCIÓN,TOTAL PRESUPUESTO SECCIÓN,,TOTAL PRESUPUESTO SECCIÓN,TOTAL PRESUPUESTO SECCIÓN,47316705869732.0,,unit,COP,unclear,review,0.5,docx_parser,docx_table,"Parsed from table 0, row 0"
Colombia,2018,pdf_13b9ce28bd17__2018_Ley_1873_de_2017.txt,0,section_total,,UNIDAD ADMINISTRATIVA ESPECIAL AGENCIA NACIONAL DE DEFENSA JURIDICA DEL ESTADO A. PRESUPUESTO DE FUNCIONAMIENTO,UNIDAD ADMINISTRATIVA ESPECIAL AGENCIA NACIONAL DE DEFENSA JURIDICA DEL ESTADO A. PRESUPUESTO DE FUNCIONAMIENTO,,UNIDAD ADMINISTRATIVA ESPECIAL AGENCIA NACIONAL DE DEFENSA JURIDICA DEL ESTADO A. PRESUPUESTO DE FUNCIONAMIENTO,UNIDAD ADMINISTRATIVA ESPECIAL AGENCIA NACIONAL DE DEFENSA JURIDICA DEL ESTADO A. PRESUPUESTO DE FUNCIONAMIENTO,33114135775.0,,unit,COP,unclear,review,0.6,docx_parser,docx_table,"Parsed from table 0, row 0"
Colombia,2019,pdf_35ed8a7d97b1__2019_Decreto_2467_Anexo.txt,-1,section_total,,3505 INSTITUTO NACIONAL DE METROLOGIA - INM,3505 INSTITUTO NACIONAL DE METROLOGIA - INM,,INSTITUTO NACIONAL DE METROLOGIA - INM,INSTITUTO NACIONAL DE METROLOGIA - INM,26498854982.0,,unit,COP,science_agency,include,0.9,docx_parser,docx_table,"Parsed from table -1, row -1"
Colombia,2019,pdf_35ed8a7d97b1__2019_Decreto_2467_Anexo.txt,-1,section_total,,1903 INSTITUTO NACIONAL DE SALUD (INS),1903 INSTITUTO NACIONAL DE SALUD (INS),,INSTITUTO NACIONAL DE SALUD (INS),INSTITUTO NACIONAL DE SALUD (INS),63433976618.0,,unit,COP,unclear,review,0.6,docx_parser,docx_table,"Parsed from table -1, row -1"
Colombia,2019,pdf_35ed8a7d97b1__2019_Decreto_2467_Anexo.txt,-1,section_total,,"3901 MINISTERIO DE CIENCIA, TECNOLOGIA E INNOVACION","3901 MINISTERIO DE CIENCIA, TECNOLOGIA E INNOVACION",,"MINISTERIO DE CIENCIA, TECNOLOGIA E INNOVACION","MINISTERIO DE CIENCIA, TECNOLOGIA E INNOVACION",356680983876.0,,unit,COP,unclear,review,0.6,docx_parser,docx_table,"Parsed from table -1, row -1"
Colombia,2019,pdf_83675115b2a2__2019_Ley_1940_de_2018.txt,0,section_total,,ARTÍCULO 111. DEL FUNCIONAMIENTO Y DESARROLLO DEL FONDO PARA LA DEFENSA DE LOS DERECHOS E INTERESES COLECTIVOS. Con base,ARTÍCULO 111. DEL FUNCIONAMIENTO Y DESARROLLO DEL FONDO PARA LA DEFENSA DE LOS DERECHOS E INTERESES COLECTIVOS. Con base,,ARTÍCULO 111. DEL FUNCIONAMIENTO Y DESARROLLO DEL FONDO PARA LA DEFENSA DE LOS DERECHOS E INTERESES COLECTIVOS. Con base,ARTÍCULO 111. DEL FUNCIONAMIENTO Y DESARROLLO DEL FONDO PARA LA DEFENSA DE LOS DERECHOS E INTERESES COLECTIVOS. Con base,2019.0,,unit,COP,unclear,review,0.5,docx_parser,docx_table,"Parsed from table 0, row 0"
Colombia,2020,pdf_c66513bffd68__2020_Ley_2008_de_2019_Ministerio_de_Hacienda_y_Crédito_Público.txt,0,section_total,,FORTALECIMIENTO DE LA GESTIÓN Y DIRECCIÓN DEL SECTOR JUSTICIA Y DEL DERECHO,FORTALECIMIENTO DE LA GESTIÓN Y DIRECCIÓN DEL SECTOR JUSTICIA Y DEL DERECHO,,FORTALECIMIENTO DE LA GESTIÓN Y DIRECCIÓN DEL SECTOR JUSTICIA Y DEL DERECHO,FORTALECIMIENTO DE LA GESTIÓN Y DIRECCIÓN DEL SECTOR JUSTICIA Y DEL DERECHO,420.0,,unit,COP,unclear,review,0.5,docx_parser,docx_table,"Parsed from table 0, row 0"
Colombia,2020,pdf_c66513bffd68__2020_Ley_2008_de_2019_Ministerio_de_Hacienda_y_Crédito_Público.txt,0,section_total,,INTERSUBSECTORIAL JUSTICIA,INTERSUBSECTORIAL JUSTICIA,,INTERSUBSECTORIAL JUSTICIA,INTERSUBSECTORIAL JUSTICIA,420.0,,unit,COP,unclear,review,0.5,docx_parser,docx_table,"Parsed from table 0, row 0"
Colombia,2020,pdf_d0ec99f3fab8__2020_Decreto_2411_Anexo.txt,-1,section_total,,3505 INSTITUTO NACIONAL DE METROLOGIA - INM,3505 INSTITUTO NACIONAL DE METROLOGIA - INM,,INSTITUTO NACIONAL DE METROLOGIA - INM,INSTITUTO NACIONAL DE METROLOGIA - INM,31025897915.0,,unit,COP,science_agency,include,0.9,docx_parser,docx_table,"Parsed from table -1, row -1"
Colombia,2020,pdf_d0ec99f3fab8__2020_Decreto_2411_Anexo.txt,-1,section_total,,1903 INSTITUTO NACIONAL DE SALUD (INS),1903 INSTITUTO NACIONAL DE SALUD (INS),,INSTITUTO NACIONAL DE SALUD (INS),INSTITUTO NACIONAL DE SALUD (INS),63162530669.0,,unit,COP,unclear,review,0.6,docx_parser,docx_table,"Parsed from table -1, row -1"
Colombia,2020,pdf_d0ec99f3fab8__2020_Decreto_2411_Anexo.txt,-1,section_total,,"3901 MINISTERIO DE CIENCIA, TECNOLOGIA E INNOVACION","3901 MINISTERIO DE CIENCIA, TECNOLOGIA E INNOVACION",,"MINISTERIO DE CIENCIA, TECNOLOGIA E INNOVACION","MINISTERIO DE CIENCIA, TECNOLOGIA E INNOVACION",392362614395.0,,unit,COP,unclear,review,0.6,docx_parser,docx_table,"Parsed from table -1, row -1"
Colombia,2021,pdf_a8096ec407ac__2021_Decreto_1805.txt,-1,section_total,,3505 INSTITUTO NACIONAL DE METROLOGIA - INM,3505 INSTITUTO NACIONAL DE METROLOGIA - INM,,INSTITUTO NACIONAL DE METROLOGIA - INM,INSTITUTO NACIONAL DE METROLOGIA - INM,17523459000.0,,unit,COP,science_agency,include,0.9,docx_parser,docx_table,"Parsed from table -1, row -1"
Colombia,2021,pdf_a8096ec407ac__2021_Decreto_1805.txt,-1,section_total,,1903 INSTITUTO NACIONAL DE SALUD (INS),1903 INSTITUTO NACIONAL DE SALUD (INS),,INSTITUTO NACIONAL DE SALUD (INS),INSTITUTO NACIONAL DE SALUD (INS),40626242000.0,,unit,COP,unclear,review,0.6,docx_parser,docx_table,"Parsed from table -1, row -1"
Colombia,2021,pdf_a8096ec407ac__2021_Decreto_1805.txt,-1,section_total,,"3901 MINISTERIO DE CIENCIA, TECNOLOGIA E INNOVACION","3901 MINISTERIO DE CIENCIA, TECNOLOGIA E INNOVACION",,"MINISTERIO DE CIENCIA, TECNOLOGIA E INNOVACION","MINISTERIO DE CIENCIA, TECNOLOGIA E INNOVACION",410851071887.0,,unit,COP,unclear,review,0.6,docx_parser,docx_table,"Parsed from table -1, row -1"
Colombia,2022,pdf_7bed68a91292__2022_Decreto_1793.txt,-1,section_total,,3505 INSTITUTO NACIONAL DE METROLOGIA - INM,3505 INSTITUTO NACIONAL DE METROLOGIA - INM,,INSTITUTO NACIONAL DE METROLOGIA - INM,INSTITUTO NACIONAL DE METROLOGIA - INM,36532440712.0,,unit,COP,science_agency,include,0.9,docx_parser,docx_table,"Parsed from table -1, row -1"
Colombia,2022,pdf_7bed68a91292__2022_Decreto_1793.txt,-1,section_total,,"3901 MINISTERIO DE CIENCIA, TECNOLOGIA E INNOVACION","3901 MINISTERIO DE CIENCIA, TECNOLOGIA E INNOVACION",,"MINISTERIO DE CIENCIA, TECNOLOGIA E INNOVACION","MINISTERIO DE CIENCIA, TECNOLOGIA E INNOVACION",330519243272.0,,unit,COP,unclear,review,0.6,docx_parser,docx_table,"Parsed from table -1, row -1"
Colombia,2023,pdf_762d2b56700a__2023_Decreto_2590.txt,-1,section_total,,3505 INSTITUTO NACIONAL DE METROLOGIA - INM,3505 INSTITUTO NACIONAL DE METROLOGIA - INM,,INSTITUTO NACIONAL DE METROLOGIA - INM,INSTITUTO NACIONAL DE METROLOGIA - INM,38891426173.0,,unit,COP,science_agency,include,0.9,docx_parser,docx_table,"Parsed from table -1, row -1"
Colombia,2023,pdf_762d2b56700a__2023_Decreto_2590.txt,-1,section_total,,1903 INSTITUTO NACIONAL DE SALUD (INS),1903 INSTITUTO NACIONAL DE SALUD (INS),,INSTITUTO NACIONAL DE SALUD (INS),INSTITUTO NACIONAL DE SALUD (INS),108135365626.0,,unit,COP,unclear,review,0.6,docx_parser,docx_table,"Parsed from table -1, row -1"
Colombia,2023,pdf_762d2b56700a__2023_Decreto_2590.txt,-1,section_total,,"3901 MINISTERIO DE CIENCIA, TECNOLOGIA E INNOVACION","3901 MINISTERIO DE CIENCIA, TECNOLOGIA E INNOVACION",,"MINISTERIO DE CIENCIA, TECNOLOGIA E INNOVACION","MINISTERIO DE CIENCIA, TECNOLOGIA E INNOVACION",399960584962.0,,unit,COP,unclear,review,0.6,docx_parser,docx_table,"Parsed from table -1, row -1"
Colombia,2024,pdf_2f2a18b50fc2__2024_Decreto_2295.txt,-1,section_total,,3505 INSTITUTO NACIONAL DE METROLOGIA - INM,3505 INSTITUTO NACIONAL DE METROLOGIA - INM,,INSTITUTO NACIONAL DE METROLOGIA - INM,INSTITUTO NACIONAL DE METROLOGIA - INM,41201998865.0,,unit,COP,science_agency,include,0.9,docx_parser,docx_table,"Parsed from table -1, row -1"
Colombia,2024,pdf_2f2a18b50fc2__2024_Decreto_2295.txt,-1,section_total,,1903 INSTITUTO NACIONAL DE SALUD (INS),1903 INSTITUTO NACIONAL DE SALUD (INS),,INSTITUTO NACIONAL DE SALUD (INS),INSTITUTO NACIONAL DE SALUD (INS),119702741897.0,,unit,COP,unclear,review,0.6,docx_parser,docx_table,"Parsed from table -1, row -1"
Colombia,2024,pdf_2f2a18b50fc2__2024_Decreto_2295.txt,-1,section_total,,"3901 MINISTERIO DE CIENCIA, TECNOLOGIA E INNOVACION","3901 MINISTERIO DE CIENCIA, TECNOLOGIA E INNOVACION",,"MINISTERIO DE CIENCIA, TECNOLOGIA E INNOVACION","MINISTERIO DE CIENCIA, TECNOLOGIA E INNOVACION",397675451073.0,,unit,COP,unclear,review,0.6,docx_parser,docx_table,"Parsed from table -1, row -1"
Colombia,2024,pdf_f9f5a6eb3198__2024_Ley_2342_de_2023.txt,0,section_total,,CAPITULO V DISPOSICIONES VARIAS,CAPITULO V DISPOSICIONES VARIAS,,CAPITULO V DISPOSICIONES VARIAS,CAPITULO V DISPOSICIONES VARIAS,2009.0,,unit,COP,unclear,review,0.5,docx_parser,docx_table,"Parsed from table 0, row 0"
Colombia,2025,pdf_126945fcfd50__2025_Decreto_1523_de_2024.txt,0,section_total,,ARTÍCULO 73. PAGO DE OBLIGACIONES DEL FONDO DE ESTABILIZACIÓN DE PRECIOS DE LOS COMBUSTIBLES - FEPC. Para atender las,ARTÍCULO 73. PAGO DE OBLIGACIONES DEL FONDO DE ESTABILIZACIÓN DE PRECIOS DE LOS COMBUSTIBLES - FEPC. Para atender las,,ARTÍCULO 73. PAGO DE OBLIGACIONES DEL FONDO DE ESTABILIZACIÓN DE PRECIOS DE LOS COMBUSTIBLES - FEPC. Para atender las,ARTÍCULO 73. PAGO DE OBLIGACIONES DEL FONDO DE ESTABILIZACIÓN DE PRECIOS DE LOS COMBUSTIBLES - FEPC. Para atender las,2025.0,,unit,COP,unclear,review,0.5,docx_parser,docx_table,"Parsed from table 0, row 0"
Colombia,2025,pdf_722896feb631__2025_Decreto_1523.txt,-1,section_total,,"3901 MINISTERIO DE CIENCIA, TECNOLOGIA E INNOVACION","3901 MINISTERIO DE CIENCIA, TECNOLOGIA E INNOVACION",,"MINISTERIO DE CIENCIA, TECNOLOGIA E INNOVACION","MINISTERIO DE CIENCIA, TECNOLOGIA E INNOVACION",266987639124.0,,unit,COP,unclear,review,0.6,docx_parser,docx_table,"Parsed from table -1, row -1"
