year,canonical_name,category,amount_local,unit,currency,item_type,source_file,page_number,pdf_path,full_text_cache,line_description_en,traceability_status,trace_method,trace_excerpt,series_notes
1975,ANSTO / Atomic Energy Commission,science_agency,14345997.0,dollar,AUD,line_item,1975 No1 C2004A00152.docx,73.0,,,1.—For expenditure under the Atomic Energy Act—Running expenses,covered_by_final_series,,,AAEC renamed ANSTO in 1987.
1975,Australian Institute of Marine Science (AIMS),science_agency,80000.0,dollar,AUD,line_item,1975 No1 C2004A00152.docx,100.0,,,1.—For expenditure under the Australian Institute of Marine Science Act,covered_by_final_series,,,
1975,Bureau of Meteorology (Research),science_agency,1021598.0,dollar,AUD,line_item,1975 No2 C2004A00153.docx,19.0,,,Bureau of Meteorology,covered_by_final_series,,,Include only if extracted as R&D — BoM has a large operational budget.
1975,CSIRO,science_agency,885933.0,dollar,AUD,line_item,1975 No1 C2004A00152.docx,56.0,,,21. Department of Science—Commonwealth Scientific and Industrial Research Organization,covered_by_final_series,,,Core public research agency. Pre-1949: Advisory Council of Science. Continuously tracked since 1975 in these files.
1975,Geoscience Australia / Bureau of Mineral Resources,science_agency,655960.0,dollar,AUD,line_item,1975 No2 C2004A00153.docx,15.0,,,"01. Bureau of Mineral Resources, Geology and Geophysics",covered_by_final_series,,,BMR renamed Geoscience Australia in 2001.
1975,Industrial R&D Grants,innovation_instruments,15000000.0,dollar,AUD,line_item,1975 No1 C2004A00152.docx,64.0,,,01. For expenditure under the Industrial Research and Development Grants Act,covered_by_final_series,,,Pre-AusIndustry era industrial R&D grants scheme.
1975,NHMRC / Medical Research Fund,science_agency,4779509.0,dollar,AUD,line_item,1975 No1 C2004A00152.docx,48.0,,,02. Medical research (for payment to the Medical Research Endowment Fund),covered_by_final_series,,,NHMRC grants and endowment fund payments. Early years appear as line items under Health.
1975,Research Grants (Dept of Science),direct_rd,,,,,,,,,,covered_by_final_series,,,gap: no matching rows in this year
1976,ANSTO / Atomic Energy Commission,science_agency,16997725.0,dollar,AUD,line_item,1976 No1 C2004A01425.docx,69.0,,,Australian Atomic Energy Commission,covered_by_final_series,,,AAEC renamed ANSTO in 1987.
1976,Australian Institute of Marine Science (AIMS),science_agency,527000.0,dollar,AUD,line_item,1976 No1 C2004A01425.docx,95.0,,,Australian Institute of Marine Science,covered_by_final_series,,,
1976,Bureau of Meteorology (Research),science_agency,30291646.0,dollar,AUD,line_item,1976 No1 C2004A01425.docx,95.0,,,Bureau of Meteorology,covered_by_final_series,,,Include only if extracted as R&D — BoM has a large operational budget.
1976,CSIRO,science_agency,89501604.0,dollar,AUD,line_item,1976 No1 C2004A01425.docx,95.0,,,Commonwealth Scientific and Industrial Research Organization,covered_by_final_series,,,Core public research agency. Pre-1949: Advisory Council of Science. Continuously tracked since 1975 in these files.
1976,Geoscience Australia / Bureau of Mineral Resources,science_agency,16570508.999999998,dollar,AUD,line_item,1976 No1 C2004A01425.docx,69.0,,,"Bureau of Mineral Resources, Geology and Geophysics",covered_by_final_series,,,BMR renamed Geoscience Australia in 2001.
1976,Industrial R&D Grants,innovation_instruments,17500000.0,dollar,AUD,line_item,1976 No1 C2004A01425.docx,64.0,,,05. Industrial Research and Development—Grants,covered_by_final_series,,,Pre-AusIndustry era industrial R&D grants scheme.
1976,International Science School for High School Students,unclear,20000.0,dollar,AUD,line_item,1976 No2 C2004A01426.docx,7.0,,,01. Grant-in-Aid—The Science Foundation for Physics—International Science School for High School Students,covered_by_final_series,,,"This entity appears to be a specific R&D programme aimed at high school students, focusing on physics education."
1976,NHMRC / Medical Research Fund,science_agency,8030000.0,dollar,AUD,line_item,1976 No1 C2004A01425.docx,48.0,,,02. Medical research (for payment to the Medical Research Endowment Fund),covered_by_final_series,,,NHMRC grants and endowment fund payments. Early years appear as line items under Health.
1976,Research Grants (Dept of Science),direct_rd,270027.0,dollar,AUD,line_item,1976 No1 C2004A01425.docx,96.0,,,03. Research grants—Support for research projects,covered_by_final_series,,,General competitive research grants before ARC took over.
1977,ANSTO / Atomic Energy Commission,science_agency,18367278.0,dollar,AUD,line_item,1977 No1 C2004A01546.docx,86.0,,,Australian Atomic Energy Commission,covered_by_final_series,,,AAEC renamed ANSTO in 1987.
1977,Australian Institute of Marine Science (AIMS),science_agency,1237360.0,dollar,AUD,line_item,1977 No1 C2004A01546.docx,117.0,,,1.—For expenditure under the Australian Institute of Marine Science Act,covered_by_final_series,,,
1977,Bureau of Meteorology (Research),science_agency,33053908.000000004,dollar,AUD,line_item,1977 No1 C2004A01546.docx,112.0,,,Bureau of Meteorology,covered_by_final_series,,,Include only if extracted as R&D — BoM has a large operational budget.
1977,CSIRO,science_agency,101670000.0,dollar,AUD,line_item,1977 No1 C2004A01546.docx,112.0,,,Commonwealth Scientific and Industrial Research Organization,covered_by_final_series,,,Core public research agency. Pre-1949: Advisory Council of Science. Continuously tracked since 1975 in these files.
1977,Defence Science and Technology Group,science_agency,81329015.0,dollar,AUD,line_item,1977 No1 C2004A01546.docx,45.0,,,DEFENCE SCIENCE AND TECHNOLOGY,covered_by_final_series,,,This agency is focused on R&D in defense technology.
1977,Geoscience Australia / Bureau of Mineral Resources,science_agency,11672041.0,dollar,AUD,line_item,1977 No1 C2004A01546.docx,86.0,,,"Bureau of Mineral Resources, Geology and Geophysics",covered_by_final_series,,,BMR renamed Geoscience Australia in 2001.
1977,Industrial R&D Grants,innovation_instruments,19300000.0,dollar,AUD,line_item,1977 No1 C2004A01546.docx,84.0,,,04. Industrial Research and Development—Grants,covered_by_final_series,,,Pre-AusIndustry era industrial R&D grants scheme.
1977,International Science School for High School Students,unclear,20000.0,dollar,AUD,line_item,1977 No1 C2004A01546.docx,53.0,,,The Science Foundation for Physics—International Science School for High School Students,covered_by_final_series,,,"This entity appears to be a specific R&D programme aimed at high school students, focusing on physics education."
1977,NHMRC / Medical Research Fund,science_agency,5211000.0,dollar,AUD,line_item,1977 No1 C2004A01546.docx,76.0,,,02. Medical research (for payment to the Medical Research Endowment Fund),covered_by_final_series,,,NHMRC grants and endowment fund payments. Early years appear as line items under Health.
1977,Research Grants (Dept of Science),direct_rd,180000.0,dollar,AUD,line_item,1977 No1 C2004A01546.docx,113.0,,,03. Research grants—Support for research projects,covered_by_final_series,,,General competitive research grants before ARC took over.
1978,ANSTO / Atomic Energy Commission,science_agency,19536971.0,dollar,AUD,line_item,1978 No1 C2004A01777.docx,84.0,,,1.—For expenditure under the Atomic Energy Act—Running expenses,covered_by_final_series,,,AAEC renamed ANSTO in 1987.
1978,Australian Institute of Marine Science (AIMS),science_agency,1450000.0,dollar,AUD,line_item,1978 No1 C2004A01777.docx,111.0,,,1.—For expenditure under the Australian Institute of Marine Science Act,covered_by_final_series,,,
1978,Bureau of Meteorology (Research),science_agency,1136083.0,dollar,AUD,line_item,1978 No2 C2004A01778.docx,20.0,,,Bureau of Meteorology,covered_by_final_series,,,Include only if extracted as R&D — BoM has a large operational budget.
1978,CSIRO,science_agency,1979249.0,dollar,AUD,line_item,1978 No1 C2004A01777.docx,38.0,,,25. Department of Science—Commonwealth Scientific and Industrial Research Organization,covered_by_final_series,,,Core public research agency. Pre-1949: Advisory Council of Science. Continuously tracked since 1975 in these files.
1978,Geoscience Australia / Bureau of Mineral Resources,science_agency,533090.0,dollar,AUD,line_item,1978 No2 C2004A01778.docx,15.0,,,"01. Bureau of Mineral Resources, Geology and Geophysics",covered_by_final_series,,,BMR renamed Geoscience Australia in 2001.
1978,Industrial R&D Grants,innovation_instruments,15400000.0,dollar,AUD,line_item,1978 No1 C2004A01777.docx,104.0,,,03. Industrial Research and Development—Grants,covered_by_final_series,,,Pre-AusIndustry era industrial R&D grants scheme.
1978,International Science School for High School Students,unclear,20000.0,dollar,AUD,line_item,1978 No1 C2004A01777.docx,47.0,,,09. The Science Foundation for Physics—International Science School for High School Students,covered_by_final_series,,,"This entity appears to be a specific R&D programme aimed at high school students, focusing on physics education."
1978,NHMRC / Medical Research Fund,science_agency,10295500.0,dollar,AUD,line_item,1978 No1 C2004A01777.docx,72.0,,,02. Medical research (for payment to the Medical Research Endowment Fund),covered_by_final_series,,,NHMRC grants and endowment fund payments. Early years appear as line items under Health.
1978,Research Grants (Dept of Science),direct_rd,475292.0,dollar,AUD,line_item,1978 No1 C2004A01777.docx,107.0,,,03. Research grants—Support for research projects,covered_by_final_series,,,General competitive research grants before ARC took over.
1979,ANSTO / Atomic Energy Commission,science_agency,21523036.0,dollar,AUD,line_item,1979 No1 C2004A01940.docx,89.0,,,1.—For expenditure under the Atomic Energy Act—Running expenses,covered_by_final_series,,,AAEC renamed ANSTO in 1987.
1979,Australian Institute of Marine Science (AIMS),science_agency,1950000.0,dollar,AUD,line_item,1979 No1 C2004A01940.docx,112.0,,,1.—For expenditure under the Australian Institute of Marine Science Act,covered_by_final_series,,,
1979,Bureau of Meteorology (Research),science_agency,1008963.0,dollar,AUD,line_item,1979 No2 C2004A01941.docx,21.0,,,Bureau of Meteorology,covered_by_final_series,,,Include only if extracted as R&D — BoM has a large operational budget.
1979,CSIRO,science_agency,2635181.0,dollar,AUD,line_item,1979 No1 C2004A01940.docx,37.0,,,23. Department of Science—Commonwealth Scientific and Industrial Research Organization,covered_by_final_series,,,Core public research agency. Pre-1949: Advisory Council of Science. Continuously tracked since 1975 in these files.
1979,Geoscience Australia / Bureau of Mineral Resources,science_agency,465761.0,dollar,AUD,line_item,1979 No2 C2004A01941.docx,16.0,,,"01. Bureau of Mineral Resources, Geology and Geophysics",covered_by_final_series,,,BMR renamed Geoscience Australia in 2001.
1979,Industrial R&D Grants,innovation_instruments,13648779.0,dollar,AUD,line_item,1979 No1 C2004A01940.docx,105.0,,,03. Industrial Research and Development—Grants,covered_by_final_series,,,Pre-AusIndustry era industrial R&D grants scheme.
1979,International Science School for High School Students,unclear,20000.0,dollar,AUD,line_item,1979 No1 C2004A01940.docx,46.0,,,The Science Foundation for Physics—International Science School for High School Students,covered_by_final_series,,,"This entity appears to be a specific R&D programme aimed at high school students, focusing on physics education."
1979,NHMRC / Medical Research Fund,science_agency,11714000.0,dollar,AUD,line_item,1979 No1 C2004A01940.docx,72.0,,,02. Medical research (for payment to the Medical Research Endowment Fund),covered_by_final_series,,,NHMRC grants and endowment fund payments. Early years appear as line items under Health.
1979,Research Grants (Dept of Science),direct_rd,278881.0,dollar,AUD,line_item,1979 No1 C2004A01940.docx,108.0,,,03. Research grants—Support for research projects,covered_by_final_series,,,General competitive research grants before ARC took over.
1980,ANSTO / Atomic Energy Commission,science_agency,22900000.0,dollar,AUD,line_item,1980 No3 C2004A02262.docx,38.0,,,1.—For expenditure under the Atomic Energy Act—Running expenses,covered_by_final_series,,,AAEC renamed ANSTO in 1987.
1980,Australian Institute of Marine Science (AIMS),science_agency,2069000.0,dollar,AUD,line_item,1980 No3 C2004A02262.docx,50.0,,,1.—For expenditure under the Australian Institute of Marine Science Act,covered_by_final_series,,,
1980,Bureau of Meteorology (Research),science_agency,,,,,,,,,,covered_by_final_series,,,gap: no matching rows in this year
1980,CSIRO,science_agency,142929000.0,dollar,AUD,line_item,1980 No3 C2004A02262.docx,50.0,,,1.—For expenditure under the Science and Industry Research Act,covered_by_final_series,,,Core public research agency. Pre-1949: Advisory Council of Science. Continuously tracked since 1975 in these files.
1980,Geoscience Australia / Bureau of Mineral Resources,science_agency,,,,,,,,,,covered_by_final_series,,,gap: no matching rows in this year
1980,Industrial R&D Grants,innovation_instruments,,,,,,,,,,covered_by_final_series,,,gap: no matching rows in this year
1980,International Science School for High School Students,unclear,20000.0,dollar,AUD,line_item,1980 No3 C2004A02262.docx,20.0,,,10. The Science Foundation for Physics—International Science School for High School Students—1979,covered_by_final_series,,,"This entity appears to be a specific R&D programme aimed at high school students, focusing on physics education."
1980,NHMRC / Medical Research Fund,science_agency,,,,,,,,,,covered_by_final_series,,,gap: no matching rows in this year
1980,Research Grants (Dept of Science),direct_rd,,,,,,,,,,covered_by_final_series,,,gap: no matching rows in this year
1981,ANSTO / Atomic Energy Commission,science_agency,24768000.0,dollar,AUD,line_item,1981 No1 C2004A02342.docx,83.0,,,1.—For expenditure under the Atomic Energy Act 1953— Running expenses,covered_by_final_series,,,AAEC renamed ANSTO in 1987.
1981,Australian Institute of Marine Science (AIMS),science_agency,3062000.0,dollar,AUD,line_item,1981 No1 C2004A02342.docx,104.0,,,1.—For expenditure under the Australian Institute of Marine Science Act 1972,covered_by_final_series,,,
1981,Australian Tuberculosis and Chest Association Grant-in-aid,direct_rd,1000000.0,dollar,AUD,line_item,1981 No1 C2004A02342.docx,61.0,,,13. Australian Tuberculosis and Chest Association Incorporated—Grant-in-aid,covered_by_final_series,,,This grant supports research and development related to tuberculosis and chest health.
1981,Bureau of Meteorology (Research),science_agency,192000.0,dollar,AUD,line_item,1981 No1 C2004A02342.docx,81.0,,,08. Water resources assessment—Reimbursement to the Bureau of Meteorology,covered_by_final_series,,,Include only if extracted as R&D — BoM has a large operational budget.
1981,CSIRO,science_agency,4220889.0,dollar,AUD,line_item,1981 No1 C2004A02342.docx,70.0,,,23. Department of Science and the Environment— Commonwealth Scientific and Industrial Research Organization,covered_by_final_series,,,Core public research agency. Pre-1949: Advisory Council of Science. Continuously tracked since 1975 in these files.
1981,Geoscience Australia / Bureau of Mineral Resources,science_agency,529206.0,dollar,AUD,line_item,1981 No2 C2004A02343.docx,17.0,,,"01. Bureau of Mineral Resources, Geology and Geophysics",covered_by_final_series,,,BMR renamed Geoscience Australia in 2001.
1981,Grant to Walter and Eliza Hall Institute,higher_education,100000.0,dollar,AUD,line_item,1981 No1 C2004A02342.docx,61.0,,,Grant to Walter and Eliza Hall Institute—New building feasibility study,covered_by_final_series,,,This grant supports research activities at a prominent research institute.
1981,Industrial R&D Grants,innovation_instruments,22950000.0,dollar,AUD,line_item,1981 No1 C2004A02342.docx,97.0,,,09. Industrial Research and Development Incentives Act 1976—Project grants,covered_by_final_series,,,Pre-AusIndustry era industrial R&D grants scheme.
1981,International Science School for High School Students,unclear,20000.0,dollar,AUD,line_item,1981 No1 C2004A02342.docx,41.0,,,The Science Foundation for Physics—International Science School for High School Students—1979,covered_by_final_series,,,"This entity appears to be a specific R&D programme aimed at high school students, focusing on physics education."
1981,NHMRC / Medical Research Fund,science_agency,14000000.0,dollar,AUD,line_item,1981 No1 C2004A02342.docx,60.0,,,02. Medical research (for payment to the Medical Research Endowment Fund),covered_by_final_series,,,NHMRC grants and endowment fund payments. Early years appear as line items under Health.
1981,Research Grants (Dept of Science),direct_rd,,,,,,,,,,covered_by_final_series,,,gap: no matching rows in this year
1981,Water resources assessment,direct_rd,192000.0,dollar,AUD,line_item,1981 No1 C2004A02342.docx,81.0,,,08. Water resources assessment—Reimbursement to the Bureau of Meteorology,covered_by_final_series,,,This assessment is relevant to research on water resources.
1982,ANSTO / Atomic Energy Commission,science_agency,27874000.0,dollar,AUD,line_item,1982 No1 C2004A02541.docx,89.0,,,1.—For Expenditure under the Atomic Energy Act 1953—Running expenses,covered_by_final_series,,,AAEC renamed ANSTO in 1987.
1982,Australian Centre for International Agricultural Research,direct_rd,200000.0,dollar,AUD,line_item,1982 No4 C2004A02595.docx,4.0,,,07. Australian Centre for International Agricultural Research (for payment to the Australian Centre for International Agricultural Research Trust Account),covered_by_final_series,,,Dedicated agricultural R&D agency. Prefer annual No1 entity totals and trust-fund payment lines over supplementary appropriation rows.
1982,Australian Institute of Marine Science (AIMS),science_agency,4662000.0,dollar,AUD,line_item,1982 No1 C2004A02541.docx,99.0,,,Australian Institute of Marine Science,covered_by_final_series,,,
1982,Australian Tuberculosis and Chest Association Grant-in-aid,direct_rd,1000000.0,dollar,AUD,line_item,1982 No1 C2004A02541.docx,63.0,,,Australian Tuberculosis and Chest Association Incorporated—Grant-in-aid,covered_by_final_series,,,This grant supports research and development related to tuberculosis and chest health.
1982,Bureau of Meteorology (Research),science_agency,90000.0,dollar,AUD,line_item,1982 No1 C2004A02541.docx,88.0,,,Water resources assessment—Reimbursement to the Bureau of Meteorology,covered_by_final_series,,,Include only if extracted as R&D — BoM has a large operational budget.
1982,CSIRO,science_agency,174594000.0,dollar,AUD,line_item,1982 No1 C2004A02541.docx,99.0,,,Commonwealth Scientific and Industrial Research Organization,covered_by_final_series,,,Core public research agency. Pre-1949: Advisory Council of Science. Continuously tracked since 1975 in these files.
1982,Geoscience Australia / Bureau of Mineral Resources,science_agency,14590658.0,dollar,AUD,line_item,1982 No1 C2004A02541.docx,86.0,,,"Bureau of Mineral Resources, Geology and Geophysics",covered_by_final_series,,,BMR renamed Geoscience Australia in 2001.
1982,Grant to Walter and Eliza Hall Institute,higher_education,293670.0,dollar,AUD,line_item,1982 No1 C2004A02541.docx,62.0,,,13. Grant to Walter and Eliza Hall Institute towards cost of new building,covered_by_final_series,,,This grant supports research activities at a prominent research institute.
1982,Industrial R&D Grants,innovation_instruments,36056484.0,dollar,AUD,line_item,1982 No1 C2004A02541.docx,101.0,,,16. Industrial Research and Development Incentives Act 1976—Project grants,covered_by_final_series,,,Pre-AusIndustry era industrial R&D grants scheme.
1982,International Science School for High School Students,unclear,25000.0,dollar,AUD,line_item,1982 No1 C2004A02541.docx,43.0,,,12. The Science Foundation for Physics—International Science School for High School Students—1981,covered_by_final_series,,,"This entity appears to be a specific R&D programme aimed at high school students, focusing on physics education."
1982,NHMRC / Medical Research Fund,science_agency,18698000.0,dollar,AUD,line_item,1982 No1 C2004A02541.docx,62.0,,,02. Medical research (for payment to the Medical Research Endowment Fund),covered_by_final_series,,,NHMRC grants and endowment fund payments. Early years appear as line items under Health.
1982,Research Grants (Dept of Science),direct_rd,,,,,,,,,,covered_by_final_series,,,gap: no matching rows in this year
1982,Water resources assessment,direct_rd,90000.0,dollar,AUD,line_item,1982 No1 C2004A02541.docx,88.0,,,Water resources assessment—Reimbursement to the Bureau of Meteorology,covered_by_final_series,,,This assessment is relevant to research on water resources.
1983,ANSTO / Atomic Energy Commission,science_agency,35258500.0,dollar,AUD,line_item,1983 No1 C2004A02675.docx,87.0,,,1.—For expenditure under the Atomic Energy Act. 1953— Running expenses,covered_by_final_series,,,AAEC renamed ANSTO in 1987.
1983,Australian Centre for International Agricultural Research,direct_rd,200000.0,dollar,AUD,line_item,1983 No1 C2004A02675.docx,63.0,,,05. Australian Centre for International Agricultural Research (for payment to the Australian Centre for International Agricultural Research Trust Account),covered_by_final_series,,,Dedicated agricultural R&D agency. Prefer annual No1 entity totals and trust-fund payment lines over supplementary appropriation rows.
1983,Australian Institute of Marine Science (AIMS),science_agency,5220000.0,dollar,AUD,line_item,1983 No1 C2004A02675.docx,101.0,,,1.—For expenditure under the Australian Institute of Marine Science Act 1972,covered_by_final_series,,,
1983,Bureau of Meteorology (Research),science_agency,51368650.0,dollar,AUD,line_item,1983 No1 C2004A02675.docx,96.0,,,Bureau of Meteorology,covered_by_final_series,,,Include only if extracted as R&D — BoM has a large operational budget.
1983,CSIRO,science_agency,223067000.0,dollar,AUD,line_item,1983 No1 C2004A02675.docx,96.0,,,Commonwealth Scientific and Industrial Research Organization,covered_by_final_series,,,Core public research agency. Pre-1949: Advisory Council of Science. Continuously tracked since 1975 in these files.
1983,Geoscience Australia / Bureau of Mineral Resources,science_agency,18018756.0,dollar,AUD,line_item,1983 No1 C2004A02675.docx,84.0,,,"Bureau of Mineral Resources, Geology and Geophysics",covered_by_final_series,,,BMR renamed Geoscience Australia in 2001.
1983,Grant to Walter and Eliza Hall Institute,higher_education,1624613.0,dollar,AUD,line_item,1983 No1 C2004A02675.docx,68.0,,,12. Grant to Walter and Eliza Hall Institute towards cost of new building,covered_by_final_series,,,This grant supports research activities at a prominent research institute.
1983,Industrial R&D Grants,innovation_instruments,12052877.0,dollar,AUD,line_item,1983 No1 C2004A02675.docx,97.0,,,16. Industrial Research and Development Incentives Act 1976—Project grants,covered_by_final_series,,,Pre-AusIndustry era industrial R&D grants scheme.
1983,International Science School for High School Students,unclear,,,,,,,,,,covered_by_final_series,,,gap: no matching rows in this year
1983,NHMRC / Medical Research Fund,science_agency,25648000.0,dollar,AUD,line_item,1983 No1 C2004A02675.docx,67.0,,,02. Medical research (for payment to the Medical Research Endowment Fund),covered_by_final_series,,,NHMRC grants and endowment fund payments. Early years appear as line items under Health.
1983,Research Grants (Dept of Science),direct_rd,,,,,,,,,,covered_by_final_series,,,gap: no matching rows in this year
1984,ANSTO / Atomic Energy Commission,science_agency,33348000.0,dollar,AUD,line_item,1984 No1 C2004A02815.docx,77.0,,,1.—For expenditure under the Atomic Energy Act 1953—Running expenses,covered_by_final_series,,,AAEC renamed ANSTO in 1987.
1984,Australian Centre for International Agricultural Research,direct_rd,3800000.0,dollar,AUD,line_item,1984 No1 C2004A02815.docx,45.0,,,06. Australian Centre for International Agricultural Research (for payment to the Australian Centre for International Agricultural Research Trust Account),covered_by_final_series,,,Dedicated agricultural R&D agency. Prefer annual No1 entity totals and trust-fund payment lines over supplementary appropriation rows.
1984,Australian Institute of Marine Science (AIMS),science_agency,5852000.0,dollar,AUD,line_item,1984 No1 C2004A02815.docx,83.0,,,1.—For expenditure under the Australian Institute of Marine Science Act 1972,covered_by_final_series,,,
1984,Bureau of Meteorology (Research),science_agency,58115451.0,dollar,AUD,line_item,1984 No1 C2004A02815.docx,78.0,,,Bureau of Meteorology,covered_by_final_series,,,Include only if extracted as R&D — BoM has a large operational budget.
1984,CSIRO,science_agency,263206998.00000003,dollar,AUD,line_item,1984 No1 C2004A02815.docx,78.0,,,Commonwealth Scientific and Industrial Research Organization,covered_by_final_series,,,Core public research agency. Pre-1949: Advisory Council of Science. Continuously tracked since 1975 in these files.
1984,Geoscience Australia / Bureau of Mineral Resources,science_agency,19547528.0,dollar,AUD,line_item,1984 No1 C2004A02815.docx,74.0,,,"Bureau of Mineral Resources, Geology and Geophysics",covered_by_final_series,,,BMR renamed Geoscience Australia in 2001.
1984,Grant to Walter and Eliza Hall Institute,higher_education,3210750.0,dollar,AUD,line_item,1984 No1 C2004A02815.docx,48.0,,,11. Grant to Walter and Eliza Hall Institute towards cost of new building,covered_by_final_series,,,This grant supports research activities at a prominent research institute.
1984,Industrial R&D Grants,innovation_instruments,34797106.0,dollar,AUD,line_item,1984 No1 C2004A02815.docx,79.0,,,13. Industrial Research and Development Incentives Act 1976—Project grants,covered_by_final_series,,,Pre-AusIndustry era industrial R&D grants scheme.
1984,International Science School for High School Students,unclear,30000.0,dollar,AUD,line_item,1984 No1 C2004A02815.docx,30.0,,,The Science Foundation for Physics—International Science School for High School Students,covered_by_final_series,,,"This entity appears to be a specific R&D programme aimed at high school students, focusing on physics education."
1984,NHMRC / Medical Research Fund,science_agency,29604000.0,dollar,AUD,line_item,1984 No1 C2004A02815.docx,48.0,,,02. Medical research (for payment to the Medical,covered_by_final_series,,,NHMRC grants and endowment fund payments. Early years appear as line items under Health.
1984,Research Grants (Dept of Science),direct_rd,,,,,,,,,,covered_by_final_series,,,gap: no matching rows in this year
1985,ANSTO / Atomic Energy Commission,science_agency,35151000.0,dollar,AUD,line_item,1985 No1 C2004A03034.docx,62.0,,,1.—For expenditure under the Atomic Energy Act 1953— Running expenses,covered_by_final_series,,,AAEC renamed ANSTO in 1987.
1985,Australian Centre for International Agricultural Research,direct_rd,7000000.0,dollar,AUD,line_item,1985 No1 C2004A03034.docx,36.0,,,06. Australian Centre for International Agricultural Research (for payment to the Australian Centre for International Agricultural Research Trust Account),covered_by_final_series,,,Dedicated agricultural R&D agency. Prefer annual No1 entity totals and trust-fund payment lines over supplementary appropriation rows.
1985,Australian Industry Assistance,innovation_instruments,21431384.0,dollar,AUD,line_item,1985 No1 C2004A03034.docx,20.0,,,4.—Australian Industry Assistance,covered_by_final_series,,,"This entity provides assistance aimed at enhancing industry capabilities, which can include R&D."
1985,Australian Institute of Marine Science (AIMS),science_agency,6300000.0,dollar,AUD,line_item,1985 No1 C2004A03034.docx,66.0,,,1.—For expenditure under the Australian Institute of Marine Science Act 1972,covered_by_final_series,,,
1985,Bureau of Meteorology (Research),science_agency,2499550.0,dollar,AUD,line_item,1985 No2 C2004A03035.docx,21.0,,,Bureau of Meteorology,covered_by_final_series,,,Include only if extracted as R&D — BoM has a large operational budget.
1985,CSIRO,science_agency,208000.0,dollar,AUD,line_item,1985 No1 C2004A03034.docx,55.0,,,02. Payment to Commonwealth Scientific and Industrial Research Organization—Maintenance of Screwworm Fly facility in Papua New Guinea,covered_by_final_series,,,Core public research agency. Pre-1949: Advisory Council of Science. Continuously tracked since 1975 in these files.
1985,Geoscience Australia / Bureau of Mineral Resources,science_agency,20743999.0,dollar,AUD,section_total,1985 No1 C2004A03034.docx,62.0,,,Total: Division 522,covered_by_final_series,,,BMR renamed Geoscience Australia in 2001.
1985,Grant to Walter and Eliza Hall Institute,higher_education,3538168.0,dollar,AUD,line_item,1985 No1 C2004A03034.docx,39.0,,,11. Grant to Walter and Eliza Hall Institute towards cost of new building,covered_by_final_series,,,This grant supports research activities at a prominent research institute.
1985,Industrial R&D Grants,innovation_instruments,43242616.0,dollar,AUD,line_item,1985 No1 C2004A03034.docx,64.0,,,11. Industrial Research and Development Incentives Act 1976—Project grants,covered_by_final_series,,,Pre-AusIndustry era industrial R&D grants scheme.
1985,NHMRC / Medical Research Fund,science_agency,37979000.0,dollar,AUD,line_item,1985 No1 C2004A03034.docx,39.0,,,02. Medical research (for payment to the Medical Research Endowment Fund),covered_by_final_series,,,NHMRC grants and endowment fund payments. Early years appear as line items under Health.
1985,Research Grants (Dept of Science),direct_rd,,,,,,,,,,covered_by_final_series,,,gap: no matching rows in this year
1986,ANSTO / Atomic Energy Commission,science_agency,37527000.0,dollar,AUD,line_item,1986 No1 C2004A03177.docx,67.0,,,1.—For expenditure under the Atomic Energy Act 1953— Running expenses,covered_by_final_series,,,AAEC renamed ANSTO in 1987.
1986,Australian Centre for International Agricultural Research,direct_rd,10500000.0,dollar,AUD,line_item,1986 No1 C2004A03177.docx,38.0,,,06. Australian Centre for International Agricultural Research (for payment to the Australian Centre for International Agricultural Research Trust Account),covered_by_final_series,,,Dedicated agricultural R&D agency. Prefer annual No1 entity totals and trust-fund payment lines over supplementary appropriation rows.
1986,Australian Institute of Marine Science (AIMS),science_agency,6500000.0,dollar,AUD,line_item,1986 No1 C2004A03177.docx,71.0,,,1.—For expenditure under the Australian Institute of Marine Science Act 1972,covered_by_final_series,,,
1986,Bureau of Meteorology (Research),science_agency,68352368.0,dollar,AUD,line_item,1986 No1 C2004A03177.docx,68.0,,,Bureau of Meteorology,covered_by_final_series,,,Include only if extracted as R&D — BoM has a large operational budget.
1986,CSIRO,science_agency,291684000.0,dollar,AUD,line_item,1986 No1 C2004A03177.docx,68.0,,,Commonwealth Scientific and Industrial Research Organization,covered_by_final_series,,,Core public research agency. Pre-1949: Advisory Council of Science. Continuously tracked since 1975 in these files.
1986,Geoscience Australia / Bureau of Mineral Resources,science_agency,25648566.0,dollar,AUD,line_item,1986 No1 C2004A03177.docx,65.0,,,"Bureau of Mineral Resources, Geology and Geophysics",covered_by_final_series,,,BMR renamed Geoscience Australia in 2001.
1986,Grant to Walter and Eliza Hall Institute,higher_education,6257035.0,dollar,AUD,line_item,1986 No1 C2004A03177.docx,42.0,,,11. Grant to Walter and Eliza Hall Institute towards cost of new building,covered_by_final_series,,,This grant supports research activities at a prominent research institute.
1986,Industrial R&D Grants,innovation_instruments,38124099.0,dollar,AUD,line_item,1986 No1 C2004A03177.docx,52.0,,,09. Industrial Research and Development Incentives Act 1976—Project grants,covered_by_final_series,,,Pre-AusIndustry era industrial R&D grants scheme.
1986,NHMRC / Medical Research Fund,science_agency,44182000.0,dollar,AUD,line_item,1986 No1 C2004A03177.docx,42.0,,,02. Medical research (for payment to the Medical Research Endowment Fund),covered_by_final_series,,,NHMRC grants and endowment fund payments. Early years appear as line items under Health.
1986,Research Grants (Dept of Science),direct_rd,,,,,,,,,,covered_by_final_series,,,gap: no matching rows in this year
1987,ANSTO / Atomic Energy Commission,science_agency,40330000.0,dollar,AUD,line_item,1987 No1 C2004A03358.docx,75.0,,,1.—For expenditure under the Atomic Energy Act 1953— Running expenses,covered_by_final_series,,,AAEC renamed ANSTO in 1987.
1987,Australian Centre for International Agricultural Research,direct_rd,11720000.0,dollar,AUD,line_item,1987 No1 C2004A03358.docx,46.0,,,06. Australian Centre for International Agricultural Research (for payment to the Australian Centre for International Agricultural Research Trust Account),covered_by_final_series,,,Dedicated agricultural R&D agency. Prefer annual No1 entity totals and trust-fund payment lines over supplementary appropriation rows.
1987,Australian Institute of Marine Science (AIMS),science_agency,704700.0,dollar,AUD,line_item,1987 No1 C2004A03358.docx,80.0,,,1.—For expenditure under the Australian Institute of Marine Science Act 1972,covered_by_final_series,,,
1987,Bureau of Meteorology (Research),science_agency,265000.0,dollar,AUD,line_item,1987 No1 C2004A03358.docx,78.0,,,03. Bureau of Meteorology Research Centre—Computer services,covered_by_final_series,,,Include only if extracted as R&D — BoM has a large operational budget.
1987,CSIRO,science_agency,312405300.0,dollar,AUD,line_item,1987 No1 C2004A03358.docx,76.0,,,Commonwealth Scientific and Industrial Research Organization,covered_by_final_series,,,Core public research agency. Pre-1949: Advisory Council of Science. Continuously tracked since 1975 in these files.
1987,Geoscience Australia / Bureau of Mineral Resources,science_agency,30590510.0,dollar,AUD,line_item,1987 No1 C2004A03358.docx,73.0,,,"Bureau of Mineral Resources, Geology and Geophysics",covered_by_final_series,,,BMR renamed Geoscience Australia in 2001.
1987,Grant to Walter and Eliza Hall Institute,higher_education,2640318.0,dollar,AUD,line_item,1987 No1 C2004A03358.docx,50.0,,,11. Grant to Walter and Eliza Hall Institute towards cost of new building,covered_by_final_series,,,This grant supports research activities at a prominent research institute.
1987,Industrial R&D Grants,innovation_instruments,37664112.0,dollar,AUD,line_item,1987 No1 C2004A03358.docx,60.0,,,03. Industrial Research and Development Incentives Act 1976—Project grants,covered_by_final_series,,,Pre-AusIndustry era industrial R&D grants scheme.
1987,NHMRC / Medical Research Fund,science_agency,51236000.0,dollar,AUD,line_item,1987 No1 C2004A03358.docx,50.0,,,02. Medical research (for payment to the Medical Research Endowment Fund),covered_by_final_series,,,NHMRC grants and endowment fund payments. Early years appear as line items under Health.
1987,Research Grants (Dept of Science),direct_rd,,,,,,,,,,covered_by_final_series,,,gap: no matching rows in this year
1988,ANSTO / Atomic Energy Commission,science_agency,34999.0,dollar,AUD,line_item,1988 No1 C2004A03521.docx,61.0,,,"Review relating to the Australian Atomic Energy Commission, and the Australian Nuclear Science and Technology Organisation",covered_by_final_series,,,AAEC renamed ANSTO in 1987.
1988,Australian Centre for International Agricultural Research,direct_rd,12913000.0,dollar,AUD,line_item,1988 No1 C2004A03521.docx,53.0,,,Australian Centre for International Agricultural Research,covered_by_final_series,,,Dedicated agricultural R&D agency. Prefer annual No1 entity totals and trust-fund payment lines over supplementary appropriation rows.
1988,Australian Institute of Marine Science (AIMS),science_agency,7602100.0,dollar,AUD,line_item,1988 No1 C2004A03521.docx,62.0,,,1.—For expenditure under the Australian Institute of Marine Science Act 1972,covered_by_final_series,,,
1988,Australian Research Council (ARC),science_agency,39761446.0,dollar,AUD,line_item,1988 No1 C2004A03521.docx,41.0,,,Australian Research Council,covered_by_final_series,,,Created 1988. Before 1988 equivalent grants appear as 'Research grants' under Dept of Science.
1988,Bureau of Meteorology (Research),science_agency,339969.0,dollar,AUD,line_item,1988 No1 C2004A03521.docx,12.0,,,02. Bureau of Meteorology Research Centre—Computer services,covered_by_final_series,,,Include only if extracted as R&D — BoM has a large operational budget.
1988,CSIRO,science_agency,329630100.0,dollar,AUD,line_item,1988 No1 C2004A03521.docx,59.0,,,Commonwealth Scientific and Industrial Research Organisation,covered_by_final_series,,,Core public research agency. Pre-1949: Advisory Council of Science. Continuously tracked since 1975 in these files.
1988,Geoscience Australia / Bureau of Mineral Resources,science_agency,3585278.0,dollar,AUD,line_item,1988 No2 C2004A03522.docx,26.0,,,"04. Bureau of Mineral Resources, Geology and Geophysics",covered_by_final_series,,,BMR renamed Geoscience Australia in 2001.
1988,Grant to Walter and Eliza Hall Institute,higher_education,1556959.0,dollar,AUD,line_item,1988 No1 C2004A03521.docx,30.0,,,Grant to Walter and Eliza Hall Institute towards cost of new building,covered_by_final_series,,,This grant supports research activities at a prominent research institute.
1988,Industrial R&D Grants,innovation_instruments,17946885.0,dollar,AUD,line_item,1988 No1 C2004A03521.docx,60.0,,,02. Industrial Research and Development Incentives Act 1976—Project grants,covered_by_final_series,,,Pre-AusIndustry era industrial R&D grants scheme.
1988,Information Industries Strategy,innovation_instruments,2150000.0,dollar,AUD,line_item,1988 No2 C2004A03522.docx,25.0,,,07. Information Industries Strategy,covered_by_final_series,,,This strategy is aimed at promoting R&D in information industries.
1988,NHMRC / Medical Research Fund,science_agency,58952000.0,dollar,AUD,line_item,1988 No1 C2004A03521.docx,30.0,,,02. Medical research (for payment to the Medical Research Endowment Fund),covered_by_final_series,,,NHMRC grants and endowment fund payments. Early years appear as line items under Health.
1988,Research Grants (Dept of Science),direct_rd,,,,,,,,,,covered_by_final_series,,,gap: no matching rows in this year
1989,ANSTO / Atomic Energy Commission,science_agency,42592700.0,dollar,AUD,line_item,1989 No1 C2004A03695.docx,51.0,,,Australian Nuclear Science and Technology Organisation,covered_by_final_series,,,AAEC renamed ANSTO in 1987.
1989,Australian Centre for International Agricultural Research,direct_rd,14800000.0,dollar,AUD,line_item,1989 No1 C2004A03695.docx,44.0,,,Division 319.—AUSTRALIAN CENTRE FOR INTERNATIONAL AGRICULTURAL RESEARCH (for payment to the Australian Centre for International Agricultural Research Trust Fund),covered_by_final_series,,,Dedicated agricultural R&D agency. Prefer annual No1 entity totals and trust-fund payment lines over supplementary appropriation rows.
1989,Australian Institute of Marine Science (AIMS),science_agency,8588400.0,dollar,AUD,line_item,1989 No1 C2004A03695.docx,54.0,,,1.—For expenditure under the Australian Institute of Marine Science Act 1972—Recurrent expenditure,covered_by_final_series,,,
1989,Australian Research Council (ARC),science_agency,,,,,,,,,,covered_by_final_series,,,gap: no matching rows in this year
1989,Bureau of Meteorology (Research),science_agency,611375.0,dollar,AUD,line_item,1989 No1 C2004A03695.docx,8.0,,,02. Bureau of Meteorology Research Centre—Computer services,covered_by_final_series,,,Include only if extracted as R&D — BoM has a large operational budget.
1989,CSIRO,science_agency,317856500.0,dollar,AUD,line_item,1989 No1 C2004A03695.docx,51.0,,,Commonwealth Scientific and Industrial Research Organization,covered_by_final_series,,,Core public research agency. Pre-1949: Advisory Council of Science. Continuously tracked since 1975 in these files.
1989,Geoscience Australia / Bureau of Mineral Resources,science_agency,3662914.0,dollar,AUD,line_item,1989 No2 C2004A03696.docx,28.0,,,"04. Bureau of Mineral Resources, Geology and Geophys-ics—Plant and equipment",covered_by_final_series,,,BMR renamed Geoscience Australia in 2001.
1989,Industrial R&D Grants,innovation_instruments,25632000.0,dollar,AUD,line_item,1989 No1 C2004A03695.docx,52.0,,,04. Payments under the Industry Research and Development Act 1986,covered_by_final_series,,,Pre-AusIndustry era industrial R&D grants scheme.
1989,Information Industries Strategy,innovation_instruments,2150000.0,dollar,AUD,line_item,1989 No1 C2004A03695.docx,53.0,,,07. Information Industries Strategy,covered_by_final_series,,,This strategy is aimed at promoting R&D in information industries.
1989,NHMRC / Medical Research Fund,science_agency,66722841.0,dollar,AUD,line_item,1989 No1 C2004A03695.docx,22.0,,,04. Health research (including payments to the Medical Research Endowment Fund),covered_by_final_series,,,NHMRC grants and endowment fund payments. Early years appear as line items under Health.
1989,Research Grants (Dept of Science),direct_rd,,,,,,,,,,covered_by_final_series,,,gap: no matching rows in this year
1990,ANSTO / Atomic Energy Commission,science_agency,44510700.0,dollar,AUD,line_item,1990 No1 C2004A03903.docx,55.0,,,1.—For expenditure under the Australian Nuclear Science and Technology Organisation Act 1987—Recurrent expenditure,covered_by_final_series,,,AAEC renamed ANSTO in 1987.
1990,Australian Centre for International Agricultural Research,direct_rd,15600000.0,dollar,AUD,line_item,1990 No1 C2004A03903.docx,41.0,,,Australian Centre for International Agricultural Research,covered_by_final_series,,,Dedicated agricultural R&D agency. Prefer annual No1 entity totals and trust-fund payment lines over supplementary appropriation rows.
1990,Australian Institute of Marine Science (AIMS),science_agency,10230000.0,dollar,AUD,line_item,1990 No1 C2004A03903.docx,55.0,,,1.—For expenditure under the Australian Institute of Marine Science Act 1972—Recurrent expenditure,covered_by_final_series,,,
1990,Australian National University Recurrent Expenditure,higher_education,155520318.0,dollar,AUD,line_item,1990 No1 C2004A03903.docx,33.0,,,1.—For expenditure under the Australian National University Act 1946—Recurrent expenditure,covered_by_final_series,,,This funding supports recurrent expenses for a major research university.
1990,Australian Research Council (ARC),science_agency,,,,,,,,,,covered_by_final_series,,,gap: no matching rows in this year
1990,Bureau of Meteorology (Research),science_agency,1222955.0,dollar,AUD,line_item,1990 No2 C2004A03904.docx,6.0,,,02. Buildings and works,covered_by_final_series,,,Include only if extracted as R&D — BoM has a large operational budget.
1990,CSIRO,science_agency,5241000.0,dollar,AUD,line_item,1990 No1 C2004A03903.docx,60.0,,,02. Payment to Commonwealth Scientific and Industrial Research Organisation—Contribution to the operating costs of the Australian Animal Health Laboratory and Screwworm Fly facility in Papua New Guinea,covered_by_final_series,,,Core public research agency. Pre-1949: Advisory Council of Science. Continuously tracked since 1975 in these files.
1990,Geoscience Australia / Bureau of Mineral Resources,science_agency,2797836.0,dollar,AUD,line_item,1990 No2 C2004A03904.docx,24.0,,,"02. Bureau of Mineral Resources, Geology and Geophysics—Plant and equipment",covered_by_final_series,,,BMR renamed Geoscience Australia in 2001.
1990,Industrial R&D Grants,innovation_instruments,31822845.0,dollar,AUD,line_item,1990 No1 C2004A03903.docx,53.0,,,04. Payments under the Industry Research and Development Act 1986,covered_by_final_series,,,Pre-AusIndustry era industrial R&D grants scheme.
1990,Information Industries Strategy,innovation_instruments,1849953.0,dollar,AUD,line_item,1990 No1 C2004A03903.docx,54.0,,,07. Information Industries Strategy,covered_by_final_series,,,This strategy is aimed at promoting R&D in information industries.
1990,NHMRC / Medical Research Fund,science_agency,73894324.0,dollar,AUD,line_item,1990 No1 C2004A03903.docx,24.0,,,04. Health research (including payments to the Medical Research Endowment Fund),covered_by_final_series,,,NHMRC grants and endowment fund payments. Early years appear as line items under Health.
1990,Research Grants (Dept of Science),direct_rd,,,,,,,,,,covered_by_final_series,,,gap: no matching rows in this year
1991,ANSTO / Atomic Energy Commission,science_agency,46414900.0,dollar,AUD,line_item,1991 No1 C2004A04029.docx,64.0,,,1.—For expenditure under the Australian Nuclear Science and Technology Organisation Act 1987 — Operating expenses,covered_by_final_series,,,AAEC renamed ANSTO in 1987.
1991,Australian Centre for International Agricultural Research,direct_rd,17400000.0,dollar,AUD,line_item,1991 No1 C2004A04029.docx,53.0,,,Division 319.—AUSTRALIAN CENTRE FOR INTERNATIONAL AGRICULTURAL RESEARCH (for payment to the Australian Centre for International Agricultural Research Trust Fund),covered_by_final_series,,,Dedicated agricultural R&D agency. Prefer annual No1 entity totals and trust-fund payment lines over supplementary appropriation rows.
1991,Australian Institute of Marine Science (AIMS),science_agency,46414900.0,dollar,AUD,line_item,1991 No1 C2004A04029.docx,64.0,,,1.—For expenditure under the Australian Nuclear Science and Technology Organisation Act 1987 — Operating expenses,covered_by_final_series,,,
1991,Australian National University Operating Expenses,higher_education,172741525.0,dollar,AUD,line_item,1991 No1 C2004A04029.docx,43.0,,,1.—For expenditure under the Australian National University Act 1946 — Operating expenses,covered_by_final_series,,,The Australian National University is a key institution for R&D.
1991,Australian Research Council (ARC),science_agency,,,,,,,,,,covered_by_final_series,,,gap: no matching rows in this year
1991,Bureau of Meteorology (Research),science_agency,12002664.0,dollar,AUD,line_item,1991 No1 C2004A04029.docx,22.0,,,02.—Property Operating Expenses,covered_by_final_series,,,Include only if extracted as R&D — BoM has a large operational budget.
1991,CSIRO,science_agency,363007500.0,dollar,AUD,line_item,1991 No1 C2004A04029.docx,64.0,,,1.—For expenditure under the Science and Industry Research Act 1949 — Operating expenses,covered_by_final_series,,,Core public research agency. Pre-1949: Advisory Council of Science. Continuously tracked since 1975 in these files.
1991,Geoscience Australia / Bureau of Mineral Resources,science_agency,53628000.0,dollar,AUD,line_item,1991 No1 C2004A04029.docx,66.0,,,"493  Bureau of Mineral Resources, Geology and Geophysics",covered_by_final_series,,,BMR renamed Geoscience Australia in 2001.
1991,Industrial R&D Grants,innovation_instruments,32025593.0,dollar,AUD,line_item,1991 No1 C2004A04029.docx,61.0,,,03. Payments under the Industry Research and Development Act 1986,covered_by_final_series,,,Pre-AusIndustry era industrial R&D grants scheme.
1991,Information Industries Strategy,innovation_instruments,2095848.0,dollar,AUD,line_item,1991 No1 C2004A04029.docx,62.0,,,Information Industries Strategy,covered_by_final_series,,,This strategy is aimed at promoting R&D in information industries.
1991,NHMRC / Medical Research Fund,science_agency,86200205.0,dollar,AUD,line_item,1991 No1 C2004A04029.docx,32.0,,,04. Health research (including payments to the Medical Research Endowment Fund),covered_by_final_series,,,NHMRC grants and endowment fund payments. Early years appear as line items under Health.
1991,Research Grants (Dept of Science),direct_rd,,,,,,,,,,covered_by_final_series,,,gap: no matching rows in this year
1992,ANSTO / Atomic Energy Commission,science_agency,43665700.0,dollar,AUD,line_item,1992 No1 C2004A04239.docx,58.0,,,1.— For expenditure under the Australian Nuclear Science and Technology Organisation Act 1987 — Operating expenses,covered_by_final_series,,,AAEC renamed ANSTO in 1987.
1992,Australian Centre for International Agricultural Research,direct_rd,17000000.0,dollar,AUD,line_item,1992 No1 C2004A04239.docx,42.0,,,Division 319.— AUSTRALIAN CENTRE FOR INTERNATIONAL AGRICULTURAL RESEARCH (for payment to the Australian Centre for International Agricultural Research Trust Fund),covered_by_final_series,,,Dedicated agricultural R&D agency. Prefer annual No1 entity totals and trust-fund payment lines over supplementary appropriation rows.
1992,Australian Institute of Marine Science (AIMS),science_agency,11825300.0,dollar,AUD,line_item,1992 No1 C2004A04239.docx,58.0,,,1.— For expenditure under the Australian Institute of Marine Science Act 1972 — Operating expenses,covered_by_final_series,,,
1992,Australian National University Expenditure,higher_education,3600000.0,dollar,AUD,line_item,1992 No2 C2004A04240.docx,16.0,,,3.— The Australian National University — For expenditure under the Australian National University Act 1946,covered_by_final_series,,,The university is a key institution for R&D in Australia.
1992,Australian National University Operating Expenses,higher_education,189575000.0,dollar,AUD,line_item,1992 No1 C2004A04239.docx,32.0,,,1.— For expenditure under the Australian National University Act 1946 — Operating expenses,covered_by_final_series,,,The Australian National University is a key institution for R&D.
1992,Australian Research Council (ARC),science_agency,,,,,,,,,,covered_by_final_series,,,gap: no matching rows in this year
1992,Bureau of Meteorology (Research),science_agency,11348998.0,dollar,AUD,line_item,1992 No2 C2004A04240.docx,11.0,,,Bureau of Meteorology,covered_by_final_series,,,Include only if extracted as R&D — BoM has a large operational budget.
1992,CSIRO,science_agency,398903400.0,dollar,AUD,line_item,1992 No1 C2004A04239.docx,59.0,,,1.— For expenditure under the Science and Industry Research Act 1949 — Operating expenses,covered_by_final_series,,,Core public research agency. Pre-1949: Advisory Council of Science. Continuously tracked since 1975 in these files.
1992,Geoscience Australia / Bureau of Mineral Resources,science_agency,1359000.0,dollar,AUD,line_item,1992 No2 C2004A04240.docx,28.0,,,"02. Bureau of Mineral Resources, Geology and Geophysics — Plant and equipment",covered_by_final_series,,,BMR renamed Geoscience Australia in 2001.
1992,Industrial R&D Grants,innovation_instruments,29632504.0,dollar,AUD,line_item,1992 No1 C2004A04239.docx,56.0,,,02. Payments under the Industry Research and Development Act 1986,covered_by_final_series,,,Pre-AusIndustry era industrial R&D grants scheme.
1992,NHMRC / Medical Research Fund,science_agency,97990893.0,dollar,AUD,line_item,1992 No1 C2004A04239.docx,44.0,,,04. Health research (including payments to the Medical Research Endowment Fund under the Medical Research Endowment Act 1937),covered_by_final_series,,,NHMRC grants and endowment fund payments. Early years appear as line items under Health.
1992,Research Grants (Dept of Science),direct_rd,,,,,,,,,,covered_by_final_series,,,gap: no matching rows in this year
1993,ANSTO / Atomic Energy Commission,science_agency,47663000.0,dollar,AUD,line_item,1993 No1 C2004A04432.docx,57.0,,,1.— For expenditure under the Australian Nuclear Science and Technology Organisation Act 1987 — Operating expenses,covered_by_final_series,,,AAEC renamed ANSTO in 1987.
1993,Australian Centre for International Agricultural Research,direct_rd,18900000.0,dollar,AUD,line_item,1993 No1 C2004A04432.docx,40.0,,,Division 319.— AUSTRALIAN CENTRE FOR INTERNATIONAL AGRICULTURAL RESEARCH (for payment to the Australian Centre for International Agricultural Research Trust Fund),covered_by_final_series,,,Dedicated agricultural R&D agency. Prefer annual No1 entity totals and trust-fund payment lines over supplementary appropriation rows.
1993,Australian Institute of Marine Science (AIMS),science_agency,13538000.0,dollar,AUD,line_item,1993 No1 C2004A04432.docx,57.0,,,1.— For expenditure under the Australian Institute of Marine Science Act 1972 — Operating expenses,covered_by_final_series,,,
1993,Australian National University Expenditure,higher_education,4840000.0,dollar,AUD,line_item,1993 No2 C2004A04433.docx,14.0,,,3.— The Australian National University — For expenditure under the Australian National University Act 1946,covered_by_final_series,,,The university is a key institution for R&D in Australia.
1993,Australian National University Operating Expenses,higher_education,193277090.0,dollar,AUD,line_item,1993 No1 C2004A04432.docx,29.0,,,1.— For expenditure under the Australian National University Act 1946 — Operating expenses,covered_by_final_series,,,The Australian National University is a key institution for R&D.
1993,Australian Research Council (ARC),science_agency,,,,,,,,,,covered_by_final_series,,,gap: no matching rows in this year
1993,Bureau of Meteorology (Research),science_agency,11120998.0,dollar,AUD,line_item,1993 No2 C2004A04433.docx,9.0,,,Bureau of Meteorology,covered_by_final_series,,,Include only if extracted as R&D — BoM has a large operational budget.
1993,CSIRO,science_agency,417669000.0,dollar,AUD,line_item,1993 No1 C2004A04432.docx,58.0,,,1.— For expenditure under the Science and Industry Research Act 1949 — Operating expenses,covered_by_final_series,,,Core public research agency. Pre-1949: Advisory Council of Science. Continuously tracked since 1975 in these files.
1993,Clean Food Export Strategy,innovation_instruments,1500000.0,dollar,AUD,line_item,1993 No2 C2004A04433.docx,28.0,,,03. Clean food export strategy,covered_by_final_series,,,This strategy likely involves R&D to improve food exports.
1993,Energy Sector Initiatives,direct_rd,100000.0,dollar,AUD,line_item,1993 No6 C2004A04575.docx,15.0,,,06. Energy sector initiatives,covered_by_final_series,,,These initiatives likely include R&D projects aimed at improving energy technologies.
1993,Geoscience Australia / Bureau of Mineral Resources,science_agency,1969970.0,dollar,AUD,line_item,1993 No2 C2004A04433.docx,26.0,,,"01. Bureau of Mineral Resources, Geology and Geophysics — Plant and equipment",covered_by_final_series,,,BMR renamed Geoscience Australia in 2001.
1993,Industrial R&D Grants,innovation_instruments,39879163.0,dollar,AUD,line_item,1993 No1 C2004A04432.docx,55.0,,,02. Industry innovation programs (including payments under the Industry Research and Development Act 1986),covered_by_final_series,,,Pre-AusIndustry era industrial R&D grants scheme.
1993,Information Technology Development Program,innovation_instruments,250000.0,dollar,AUD,line_item,1993 No2 C2004A04433.docx,24.0,,,03. Information technology development program,covered_by_final_series,,,This program is likely to involve R&D in IT development.
1993,NHMRC / Medical Research Fund,science_agency,114841684.0,dollar,AUD,line_item,1993 No1 C2004A04432.docx,43.0,,,04. Health research (including payments to the Medical Research Endowment Fund under the Medical Research Endowment Act 1937),covered_by_final_series,,,NHMRC grants and endowment fund payments. Early years appear as line items under Health.
1993,Research Grants (Dept of Science),direct_rd,,,,,,,,,,covered_by_final_series,,,gap: no matching rows in this year
1994,ANSTO / Atomic Energy Commission,science_agency,53627000.0,dollar,AUD,line_item,1994 No1 C2004A04627.docx,61.0,,,1.— For expenditure under the Australian Nuclear Science and Technology Organisation Act 1987,covered_by_final_series,,,AAEC renamed ANSTO in 1987.
1994,Assistance for Antivenom Provision,direct_rd,2000000.0,dollar,AUD,line_item,1994 No2 C2004A04628.docx,20.0,,,12. Assistance for the provision of antivenoms,covered_by_final_series,,,This program supports research and development of antivenoms.
1994,Australian Centre for International Agricultural Research,direct_rd,21600000.0,dollar,AUD,line_item,1994 No1 C2004A04627.docx,44.0,,,Division 319.— AUSTRALIAN CENTRE FOR INTERNATIONAL AGRICULTURAL RESEARCH (for payment to the Australian Centre for International Agricultural Research Trust Fund),covered_by_final_series,,,Dedicated agricultural R&D agency. Prefer annual No1 entity totals and trust-fund payment lines over supplementary appropriation rows.
1994,Australian Institute of Marine Science (AIMS),science_agency,14193000.0,dollar,AUD,line_item,1994 No1 C2004A04627.docx,61.0,,,1.— For expenditure under the Australian Institute of Marine Science Act 1972,covered_by_final_series,,,
1994,Australian National University Expenditure,higher_education,532706.0,dollar,AUD,line_item,1994 No2 C2004A04628.docx,12.0,,,3.— The Australian National University — For expenditure under the Australian National University Act 1946.,covered_by_final_series,,,The university is a key institution for R&D in Australia.
1994,Australian Research Council (ARC),science_agency,,,,,,,,,,covered_by_final_series,,,gap: no matching rows in this year
1994,Bureau of Meteorology (Research),science_agency,11182766.0,dollar,AUD,line_item,1994 No2 C2004A04628.docx,14.0,,,Bureau of Meteorology,covered_by_final_series,,,Include only if extracted as R&D — BoM has a large operational budget.
1994,CSIRO,science_agency,414992000.0,dollar,AUD,line_item,1994 No1 C2004A04627.docx,62.0,,,1.— For expenditure under the Science and Industry Research Act 1949,covered_by_final_series,,,Core public research agency. Pre-1949: Advisory Council of Science. Continuously tracked since 1975 in these files.
1994,Clean Food Export Strategy,innovation_instruments,29928.0,dollar,AUD,line_item,1994 No1 C2004A04627.docx,65.0,,,10. Clean food export strategy,covered_by_final_series,,,This strategy likely involves R&D to improve food exports.
1994,Energy Sector Initiatives,direct_rd,100000.0,dollar,AUD,line_item,1994 No1 C2004A04627.docx,66.0,,,09. Energy sector initiatives,covered_by_final_series,,,These initiatives likely include R&D projects aimed at improving energy technologies.
1994,Geoscience Australia / Bureau of Mineral Resources,science_agency,,,,,,,,,,covered_by_final_series,,,gap: no matching rows in this year
1994,Industrial R&D Grants,innovation_instruments,51899130.0,dollar,AUD,line_item,1994 No1 C2004A04627.docx,59.0,,,02. Assistance to the pharmaceutical industry,covered_by_final_series,,,Pre-AusIndustry era industrial R&D grants scheme.
1994,Information Technology Development Program,innovation_instruments,1498820.0,dollar,AUD,line_item,1994 No1 C2004A04627.docx,59.0,,,01. Information Technology Development Program,covered_by_final_series,,,This program is likely to involve R&D in IT development.
1994,NHMRC / Medical Research Fund,science_agency,128967483.0,dollar,AUD,line_item,1994 No1 C2004A04627.docx,46.0,,,03. Health research (including payments to the Medical Research Endowment Fund under the Medical Research Endowment Act 1937),covered_by_final_series,,,NHMRC grants and endowment fund payments. Early years appear as line items under Health.
1994,Research Grants (Dept of Science),direct_rd,,,,,,,,,,covered_by_final_series,,,gap: no matching rows in this year
1995,ANSTO / Atomic Energy Commission,science_agency,46628000.0,dollar,AUD,line_item,1995 No1 C1994A00088.docx,56.0,,,Australian Nuclear Science and Technology Organisation,covered_by_final_series,,,AAEC renamed ANSTO in 1987.
1995,Assistance for Antivenom Provision,direct_rd,2000000.0,dollar,AUD,line_item,1995 No2 C1994A00089.docx,25.0,,,Assistance for the provision of antivenoms,covered_by_final_series,,,This program supports research and development of antivenoms.
1995,Australian Centre for International Agricultural Research,direct_rd,36715000.0,dollar,AUD,line_item,1995 No1 C1994A00088.docx,37.0,,,Australian Centre for International Agricultural Research,covered_by_final_series,,,Dedicated agricultural R&D agency. Prefer annual No1 entity totals and trust-fund payment lines over supplementary appropriation rows.
1995,Australian Institute of Marine Science (AIMS),science_agency,15811000.0,dollar,AUD,line_item,1995 No1 C1994A00088.docx,59.0,,,1.— For expenditure under the Australian Institute of Marine Science Act 1972,covered_by_final_series,,,
1995,Australian Research Council (ARC),science_agency,,,,,,,,,,covered_by_final_series,,,gap: no matching rows in this year
1995,Bureau of Meteorology (Research),science_agency,122650000.0,dollar,AUD,line_item,1995 No1 C1994A00088.docx,24.0,,,Bureau of Meteorology,covered_by_final_series,,,Include only if extracted as R&D — BoM has a large operational budget.
1995,CSIRO,science_agency,424034000.0,dollar,AUD,line_item,1995 No1 C1994A00088.docx,56.0,,,Commonwealth Scientific and Industrial Research Organisation,covered_by_final_series,,,Core public research agency. Pre-1949: Advisory Council of Science. Continuously tracked since 1975 in these files.
1995,Clean Food Export Strategy,innovation_instruments,1969000.0,dollar,AUD,line_item,1995 No1 C1994A00088.docx,63.0,,,06. Clean food export strategy,covered_by_final_series,,,This strategy likely involves R&D to improve food exports.
1995,"Department of Industry, Science and Technology",science_agency,1424614000.0,dollar,AUD,line_item,1995 No1 C1994A00088.docx,1.0,,,"Department of Industry, Science and Technology",covered_by_final_series,,,This department is directly involved in R&D activities.
1995,Energy Sector Initiatives,direct_rd,1000000.0,dollar,AUD,line_item,1995 No1 C1994A00088.docx,65.0,,,09. Energy sector initiatives,covered_by_final_series,,,These initiatives likely include R&D projects aimed at improving energy technologies.
1995,Geoscience Australia / Bureau of Mineral Resources,science_agency,,,,,,,,,,covered_by_final_series,,,gap: no matching rows in this year
1995,Industrial R&D Grants,innovation_instruments,91744000.0,dollar,AUD,line_item,1995 No1 C1994A00088.docx,57.0,,,02. Co-operative Research Centres,covered_by_final_series,,,Pre-AusIndustry era industrial R&D grants scheme.
1995,Information Technology Development Program,innovation_instruments,1506000.0,dollar,AUD,line_item,1995 No1 C1994A00088.docx,57.0,,,01. Information Technology Development Program,covered_by_final_series,,,This program is likely to involve R&D in IT development.
1995,NHMRC / Medical Research Fund,science_agency,138020000.0,dollar,AUD,line_item,1995 No1 C1994A00088.docx,46.0,,,03. Health research (including payments to the Medical Research Endowment Fund under the National Health and Medical Research Council Act 1992),covered_by_final_series,,,NHMRC grants and endowment fund payments. Early years appear as line items under Health.
1995,Research Grants (Dept of Science),direct_rd,,,,,,,,,,covered_by_final_series,,,gap: no matching rows in this year
1996,ANSTO / Atomic Energy Commission,science_agency,50339000.0,dollar,AUD,line_item,1996 No1 C1995A00060.docx,59.0,,,1.— For expenditure under the Australian Nuclear Science and Technology Organisation Act 1987,covered_by_final_series,,,AAEC renamed ANSTO in 1987.
1996,Australian Centre for International Agricultural Research,direct_rd,36715000.0,dollar,AUD,line_item,1996 No1 C1995A00060.docx,41.0,,,Division 319.— AUSTRALIAN CENTRE FOR INTERNATIONAL AGRICULTURAL RESEARCH (for payment to the Australian Centre for International Agricultural Research Trust Fund),covered_by_final_series,,,Dedicated agricultural R&D agency. Prefer annual No1 entity totals and trust-fund payment lines over supplementary appropriation rows.
1996,Australian Institute of Marine Science (AIMS),science_agency,16523000.0,dollar,AUD,line_item,1996 No1 C1995A00060.docx,59.0,,,1.— For expenditure under the Australian Institute of Marine Science Act 1972,covered_by_final_series,,,
1996,Australian Research Council (ARC),science_agency,,,,,,,,,,covered_by_final_series,,,gap: no matching rows in this year
1996,Bureau of Meteorology (Research),science_agency,11500636.0,dollar,AUD,line_item,1996  No4C1995A00158.docx,7.0,,,Bureau of Meteorology,covered_by_final_series,,,Include only if extracted as R&D — BoM has a large operational budget.
1996,CSIRO,science_agency,423283000.0,dollar,AUD,line_item,1996 No1 C1995A00060.docx,59.0,,,1.— For expenditure under the Science and Industry Research Act 1949,covered_by_final_series,,,Core public research agency. Pre-1949: Advisory Council of Science. Continuously tracked since 1975 in these files.
1996,Clean Food Export Strategy,innovation_instruments,1200000.0,dollar,AUD,line_item,1996 No1 C1995A00060.docx,62.0,,,05. Clean food export strategy,covered_by_final_series,,,This strategy likely involves R&D to improve food exports.
1996,"Department of Industry, Science and Technology",science_agency,1206000.0,dollar,AUD,section_total,1996  No4C1995A00158.docx,14.0,,,"Total: Department of Industry, Science and Technology",covered_by_final_series,,,This department is directly involved in R&D activities.
1996,Energy Sector Initiatives,direct_rd,2000000.0,dollar,AUD,line_item,1996 No1 C1995A00060.docx,64.0,,,09. Energy sector initiatives,covered_by_final_series,,,These initiatives likely include R&D projects aimed at improving energy technologies.
1996,Geoscience Australia / Bureau of Mineral Resources,science_agency,,,,,,,,,,covered_by_final_series,,,gap: no matching rows in this year
1996,Industrial R&D Grants,innovation_instruments,112685000.0,dollar,AUD,line_item,1996 No1 C1995A00060.docx,57.0,,,02. Co-operative Research Centres,covered_by_final_series,,,Pre-AusIndustry era industrial R&D grants scheme.
1996,Information Technology Development Program,innovation_instruments,1256000.0,dollar,AUD,line_item,1996 No1 C1995A00060.docx,57.0,,,01. Information Technology Development Program,covered_by_final_series,,,This program is likely to involve R&D in IT development.
1996,NHMRC / Medical Research Fund,science_agency,144856000.0,dollar,AUD,line_item,1996 No1 C1995A00060.docx,46.0,,,03. Health research (including payments to the Medical Research Endowment Fund under the National Health and Medical Research Council Act 1992),covered_by_final_series,,,NHMRC grants and endowment fund payments. Early years appear as line items under Health.
1997,ANSTO / Atomic Energy Commission,science_agency,49777000.0,dollar,AUD,line_item,1997 No1 C1996A00065.docx,65.0,,,1.— For expenditure under the Australian Nuclear Science and Technology Organisation Act 1987,covered_by_final_series,,,AAEC renamed ANSTO in 1987.
1997,Australian Centre for International Agricultural Research,direct_rd,40002000.0,dollar,AUD,line_item,1997 No1 C1996A00065.docx,49.0,,,Division 319.—AUSTRALIAN CENTRE FOR INTERNATIONAL AGRICULTURAL RESEARCH (for payment to the Australian Centre for International Agricultural Research Trust Fund),covered_by_final_series,,,Dedicated agricultural R&D agency. Prefer annual No1 entity totals and trust-fund payment lines over supplementary appropriation rows.
1997,Australian Institute of Marine Science (AIMS),science_agency,16604000.0,dollar,AUD,line_item,1997 No1 C1996A00065.docx,65.0,,,1.— For expenditure under the Australian Institute of Marine Science Act 1972,covered_by_final_series,,,
1997,Australian Research Council (ARC),science_agency,,,,,,,,,,covered_by_final_series,,,gap: no matching rows in this year
1997,Bureau of Meteorology (Research),science_agency,13072002.0,dollar,AUD,line_item,1997 No2 C1996A00066.docx,17.0,,,Bureau of Meteorology,covered_by_final_series,,,Include only if extracted as R&D — BoM has a large operational budget.
1997,CSIRO,science_agency,391997000.0,dollar,AUD,line_item,1997 No1 C1996A00065.docx,66.0,,,1.— For expenditure under the Science and Industry Research Act 1949,covered_by_final_series,,,Core public research agency. Pre-1949: Advisory Council of Science. Continuously tracked since 1975 in these files.
1997,Clean Food Export Strategy,innovation_instruments,2416000.0,dollar,AUD,line_item,1997 No1 C1996A00065.docx,70.0,,,Clean food export strategy,covered_by_final_series,,,This strategy likely involves R&D to improve food exports.
1997,Energy Sector Initiatives,direct_rd,1000000.0,dollar,AUD,line_item,1997 No1 C1996A00065.docx,71.0,,,Energy sector initiatives,covered_by_final_series,,,These initiatives likely include R&D projects aimed at improving energy technologies.
1997,Geoscience Australia / Bureau of Mineral Resources,science_agency,,,,,,,,,,covered_by_final_series,,,gap: no matching rows in this year
1997,Industrial R&D Grants,innovation_instruments,132731988.00000001,dollar,AUD,line_item,1997 No1 C1996A00065.docx,63.0,,,02. Co-operative Research Centres,covered_by_final_series,,,Pre-AusIndustry era industrial R&D grants scheme.
1997,Information Technology Development Program,innovation_instruments,2208683.0,dollar,AUD,line_item,1997 No1 C1996A00065.docx,63.0,,,Information Technology Development Program,covered_by_final_series,,,This program is likely to involve R&D in IT development.
1997,NHMRC / Medical Research Fund,science_agency,159251090.0,dollar,AUD,line_item,1997 No1 C1996A00065.docx,52.0,,,02. Health research (including payments to the Medical Research Endowment Fund under the National Health and Medical Research Council Act 1992),covered_by_final_series,,,NHMRC grants and endowment fund payments. Early years appear as line items under Health.
1998,ANSTO / Atomic Energy Commission,science_agency,47431000.0,dollar,AUD,line_item,1998 No1 C1997A00089.docx,60.0,,,1.— For expenditure under the Australian Nuclear Science and Technology Organisation Act 1987,covered_by_final_series,,,AAEC renamed ANSTO in 1987.
1998,Australian Centre for International Agricultural Research,direct_rd,40002000.0,dollar,AUD,line_item,1998 No1 C1997A00089.docx,44.0,,,Division 319.— AUSTRALIAN CENTRE FOR INTERNATIONAL AGRICULTURAL RESEARCH (for payment to the Australian Centre for International Agricultural Research Trust Fund),covered_by_final_series,,,Dedicated agricultural R&D agency. Prefer annual No1 entity totals and trust-fund payment lines over supplementary appropriation rows.
1998,Australian Institute of Marine Science (AIMS),science_agency,16445000.0,dollar,AUD,line_item,1998 No1 C1997A00089.docx,60.0,,,1.— For expenditure under the Australian Institute of Marine Science Act 1972,covered_by_final_series,,,
1998,Australian Research Council (ARC),science_agency,,,,,,,,,,covered_by_final_series,,,gap: no matching rows in this year
1998,Bureau of Meteorology (Research),science_agency,11970000.0,dollar,AUD,line_item,1998 No2 C1997A00090.docx,14.0,,,Bureau of Meteorology,covered_by_final_series,,,Include only if extracted as R&D — BoM has a large operational budget.
1998,CSIRO,science_agency,417102000.0,dollar,AUD,line_item,1998 No1 C1997A00089.docx,61.0,,,1.— For expenditure under the Science and Industry Research Act 1949,covered_by_final_series,,,Core public research agency. Pre-1949: Advisory Council of Science. Continuously tracked since 1975 in these files.
1998,Geoscience Australia / Bureau of Mineral Resources,science_agency,,,,,,,,,,covered_by_final_series,,,gap: no matching rows in this year
1998,Industrial R&D Grants,innovation_instruments,141911000.0,dollar,AUD,line_item,1998 No1 C1997A00089.docx,58.0,,,02. Co operative Research Centres,covered_by_final_series,,,Pre-AusIndustry era industrial R&D grants scheme.
1998,NHMRC / Medical Research Fund,science_agency,168420000.0,dollar,AUD,line_item,1998 No1 C1997A00089.docx,47.0,,,02. Health research (including payments to the Medical Research Endowment Fund under the National Health and Medical Research Council Act 1992),covered_by_final_series,,,NHMRC grants and endowment fund payments. Early years appear as line items under Health.
1999,ANSTO / Atomic Energy Commission,science_agency,60284000.0,dollar,AUD,line_item,1999 No1 C1998A00070.docx,53.0,,,1.— For expenditure under the Australian Nuclear Science and Technology Organisation Act 1987,covered_by_final_series,,,AAEC renamed ANSTO in 1987.
1999,Australian Centre for International Agricultural Research,direct_rd,40130000.0,dollar,AUD,line_item,1999 No1 C1998A00070.docx,39.0,,,Division 319—AUSTRALIAN CENTRE FOR INTERNATIONAL AGRICULTURAL RESEARCH (for payment to the Australian Centre for International Agricultural Research Trust Fund),covered_by_final_series,,,Dedicated agricultural R&D agency. Prefer annual No1 entity totals and trust-fund payment lines over supplementary appropriation rows.
1999,Australian Institute of Marine Science (AIMS),science_agency,16388000.0,dollar,AUD,line_item,1999 No1 C1998A00070.docx,53.0,,,1.— For expenditure under the Australian Institute of Marine Science Act 1972,covered_by_final_series,,,
1999,Australian Research Council (ARC),science_agency,,,,,,,,,,covered_by_final_series,,,gap: no matching rows in this year
1999,Bureau of Meteorology (Research),science_agency,12080000.0,dollar,AUD,line_item,1999 No2 C1998A00071.docx,14.0,,,Bureau of Meteorology,covered_by_final_series,,,Include only if extracted as R&D — BoM has a large operational budget.
1999,CSIRO,science_agency,6090000.0,dollar,AUD,line_item,1999 No1 C1998A00070.docx,58.0,,,01. Payment to Commonwealth Scientific and Industrial Research Organisation — Contribution to the operating costs of the Australian Animal Health Laboratory,covered_by_final_series,,,Core public research agency. Pre-1949: Advisory Council of Science. Continuously tracked since 1975 in these files.
1999,Geoscience Australia / Bureau of Mineral Resources,science_agency,,,,,,,,,,covered_by_final_series,,,gap: no matching rows in this year
1999,Industrial R&D Grants,innovation_instruments,146925000.0,dollar,AUD,line_item,1999 No1 C1998A00070.docx,51.0,,,02. Co-operative Research Centres,covered_by_final_series,,,Pre-AusIndustry era industrial R&D grants scheme.
1999,NHMRC / Medical Research Fund,science_agency,156387000.0,dollar,AUD,line_item,1999 No1 C1998A00070.docx,43.0,,,02. Health research (including payments to the Medical Research Endowment Fund Reserve under the National Health and Medical Research Council Act 1992),covered_by_final_series,,,NHMRC grants and endowment fund payments. Early years appear as line items under Health.
1999,Technology Diffusion Program,innovation_instruments,20970000.0,dollar,AUD,line_item,1999 No1 C1998A00070.docx,52.0,,,02. Technology diffusion program,covered_by_final_series,,,"This program is aimed at promoting the diffusion of technology, which is relevant to R&D."
2000,ANSTO / Atomic Energy Commission,science_agency,,,,,,,,,,covered_by_final_series,,,gap: no matching rows in this year
2000,Australian Centre for International Agricultural Research,direct_rd,,,,,,,,,,covered_by_final_series,,,gap: no matching rows in this year
2000,Australian Institute of Marine Science (AIMS),science_agency,,,,,,,,,,covered_by_final_series,,,gap: no matching rows in this year
2000,Australian Research Council (ARC),science_agency,,,,,,,,,,covered_by_final_series,,,gap: no matching rows in this year
2000,Bureau of Meteorology (Research),science_agency,,,,,,,,,,covered_by_final_series,,,gap: no matching rows in this year
2000,CSIRO,science_agency,,,,,,,,,,covered_by_final_series,,,gap: no matching rows in this year
2000,Geoscience Australia / Bureau of Mineral Resources,science_agency,,,,,,,,,,covered_by_final_series,,,gap: no matching rows in this year
2000,Industrial R&D Grants,innovation_instruments,,,,,,,,,,covered_by_final_series,,,gap: no matching rows in this year
2000,NHMRC / Medical Research Fund,science_agency,,,,,,,,,,covered_by_final_series,,,gap: no matching rows in this year
2001,ANSTO / Atomic Energy Commission,science_agency,,,,,,,,,,covered_by_final_series,,,gap: no matching rows in this year
2001,Australian Centre for International Agricultural Research,direct_rd,,,,,,,,,,covered_by_final_series,,,gap: no matching rows in this year
2001,Australian Institute of Marine Science (AIMS),science_agency,,,,,,,,,,covered_by_final_series,,,gap: no matching rows in this year
2001,Australian Research Council (ARC),science_agency,,,,,,,,,,covered_by_final_series,,,gap: no matching rows in this year
2001,Bureau of Meteorology (Research),science_agency,,,,,,,,,,covered_by_final_series,,,gap: no matching rows in this year
2001,CSIRO,science_agency,,,,,,,,,,covered_by_final_series,,,gap: no matching rows in this year
2001,Geoscience Australia / Bureau of Mineral Resources,science_agency,,,,,,,,,,covered_by_final_series,,,gap: no matching rows in this year
2001,Industrial R&D Grants,innovation_instruments,,,,,,,,,,covered_by_final_series,,,gap: no matching rows in this year
2001,NHMRC / Medical Research Fund,science_agency,,,,,,,,,,covered_by_final_series,,,gap: no matching rows in this year
2002,ANSTO / Atomic Energy Commission,science_agency,21740000.0,dollar,AUD,section_total,2002 No3-2 C2004A00939VOL02.docx,28.0,,,Total: Australian Nuclear Science and Technology Organisation,covered_by_final_series,,,AAEC renamed ANSTO in 1987.
2002,Australian Centre for International Agricultural Research,direct_rd,,,,,,,,,,covered_by_final_series,,,gap: no matching rows in this year
2002,Australian Institute of Marine Science (AIMS),science_agency,,,,,,,,,,covered_by_final_series,,,gap: no matching rows in this year
2002,Australian Research Council (ARC),science_agency,5342000.0,dollar,AUD,section_total,2002 No3-2 C2004A00939VOL02.docx,29.0,,,Total: Australian Research Council,covered_by_final_series,,,Created 1988. Before 1988 equivalent grants appear as 'Research grants' under Dept of Science.
2002,Bureau of Meteorology (Research),science_agency,,,,,,,,,,covered_by_final_series,,,gap: no matching rows in this year
2002,CSIRO,science_agency,,,,,,,,,,covered_by_final_series,,,gap: no matching rows in this year
2002,Geoscience Australia / Bureau of Mineral Resources,science_agency,,,,,,,,,,covered_by_final_series,,,gap: no matching rows in this year
2002,Industrial R&D Grants,innovation_instruments,,,,,,,,,,covered_by_final_series,,,gap: no matching rows in this year
2002,NHMRC / Medical Research Fund,science_agency,,,,,,,,,,covered_by_final_series,,,gap: no matching rows in this year
2002,National System of Science and Innovation,innovation_instruments,13370000.0,dollar,AUD,line_item,2002 No3-2 C2004A00939VOL02.docx,53.0,,,Enhanced economic and social benefits through a strengthened national system of science and innovation,covered_by_final_series,,,This initiative directly supports R&D and innovation efforts.
2003,ANSTO / Atomic Energy Commission,science_agency,182025000.0,dollar,AUD,line_item,2003 No1 C2008C00466.docx,51.0,,,Australian Nuclear Science and Technology Organisation,covered_by_final_series,,,AAEC renamed ANSTO in 1987.
2003,Australian Centre for International Agricultural Research,direct_rd,,,,,,,,,,covered_by_final_series,,,gap: no matching rows in this year
2003,Australian Institute of Marine Science (AIMS),science_agency,,,,,,,,,,covered_by_final_series,,,gap: no matching rows in this year
2003,Australian Research Council (ARC),science_agency,12544000.0,dollar,AUD,section_total,2003 No1 C2008C00466.docx,56.0,,,Total: Australian Research Council,covered_by_final_series,,,Created 1988. Before 1988 equivalent grants appear as 'Research grants' under Dept of Science.
2003,Bureau of Meteorology (Research),science_agency,,,,,,,,,,covered_by_final_series,,,gap: no matching rows in this year
2003,CSIRO,science_agency,639629000.0,dollar,AUD,line_item,2003 No1 C2008C00466.docx,51.0,,,Commonwealth Scientific and Industrial Research Organisation,covered_by_final_series,,,Core public research agency. Pre-1949: Advisory Council of Science. Continuously tracked since 1975 in these files.
2003,Geoscience Australia / Bureau of Mineral Resources,science_agency,89036000.0,dollar,AUD,section_total,2003 No1 C2008C00466.docx,104.0,,,Total: Geoscience Australia,covered_by_final_series,,,BMR renamed Geoscience Australia in 2001.
2003,Industrial R&D Grants,innovation_instruments,,,,,,,,,,covered_by_final_series,,,gap: no matching rows in this year
2003,NHMRC / Medical Research Fund,science_agency,,,,,,,,,,covered_by_final_series,,,gap: no matching rows in this year
2004,ANSTO / Atomic Energy Commission,science_agency,433000.0,dollar,AUD,line_item,2004 No3 C2004A01272.docx,52.0,,,Australian Nuclear Science and Technology Organisation,covered_by_final_series,,,AAEC renamed ANSTO in 1987.
2004,Australian Centre for International Agricultural Research,direct_rd,,,,,,,,,,covered_by_final_series,,,gap: no matching rows in this year
2004,Australian Institute of Marine Science (AIMS),science_agency,22000.0,dollar,AUD,line_item,2004 No3 C2004A01272.docx,52.0,,,Australian Institute of Marine Science,covered_by_final_series,,,
2004,Australian Research Council (ARC),science_agency,12153000.0,dollar,AUD,section_total,2004 No1 C2008C00465.docx,57.0,,,Total: Australian Research Council,covered_by_final_series,,,Created 1988. Before 1988 equivalent grants appear as 'Research grants' under Dept of Science.
2004,Bureau of Meteorology (Research),science_agency,192430000.0,dollar,AUD,section_total,2004 No1 C2008C00465.docx,69.0,,,Total: Bureau of Meteorology,covered_by_final_series,,,Include only if extracted as R&D — BoM has a large operational budget.
2004,CSIRO,science_agency,539000.0,dollar,AUD,line_item,2004 No3 C2004A01272.docx,52.0,,,Commonwealth Scientific and Industrial Research Organisation,covered_by_final_series,,,Core public research agency. Pre-1949: Advisory Council of Science. Continuously tracked since 1975 in these files.
2004,Geoscience Australia / Bureau of Mineral Resources,science_agency,95787000.0,dollar,AUD,section_total,2004 No1 C2008C00465.docx,108.0,,,Total: Geoscience Australia,covered_by_final_series,,,BMR renamed Geoscience Australia in 2001.
2004,Industrial R&D Grants,innovation_instruments,,,,,,,,,,covered_by_final_series,,,gap: no matching rows in this year
2004,NHMRC / Medical Research Fund,science_agency,,,,,,,,,,covered_by_final_series,,,gap: no matching rows in this year
2004,Office of the Renewable Energy,innovation_instruments,57000.0,dollar,AUD,line_item,2004 No3 C2004A01272.docx,62.0,,,Office of the Renewable Energy Regulator,covered_by_final_series,,,The entity is involved in funding and promoting renewable energy research initiatives.
2005,ANSTO / Atomic Energy Commission,science_agency,326000.0,dollar,AUD,line_item,2005 No3 C2005A00035.docx,45.0,,,Australian Nuclear Science and Technology Organisation,covered_by_final_series,,,AAEC renamed ANSTO in 1987.
2005,Australian Centre for International Agricultural Research,direct_rd,,,,,,,,,,covered_by_final_series,,,gap: no matching rows in this year
2005,Australian Institute of Marine Science (AIMS),science_agency,,,,,,,,,,covered_by_final_series,,,gap: no matching rows in this year
2005,Australian Research Council (ARC),science_agency,12910000.0,dollar,AUD,section_total,2005 No1 C2009C00499.docx,61.0,,,Total: Australian Research Council,covered_by_final_series,,,Created 1988. Before 1988 equivalent grants appear as 'Research grants' under Dept of Science.
2005,Bureau of Meteorology (Research),science_agency,190447000.0,dollar,AUD,section_total,2005 No1 C2009C00499.docx,73.0,,,Total: Bureau of Meteorology,covered_by_final_series,,,Include only if extracted as R&D — BoM has a large operational budget.
2005,CSIRO,science_agency,610000.0,dollar,AUD,line_item,2005 No3 C2005A00035.docx,45.0,,,Commonwealth Scientific and Industrial Research Organisation,covered_by_final_series,,,Core public research agency. Pre-1949: Advisory Council of Science. Continuously tracked since 1975 in these files.
2005,Geoscience Australia / Bureau of Mineral Resources,science_agency,101075000.0,dollar,AUD,section_total,2005 No1 C2009C00499.docx,114.0,,,Total: Geoscience Australia,covered_by_final_series,,,BMR renamed Geoscience Australia in 2001.
2005,Industrial R&D Grants,innovation_instruments,,,,,,,,,,covered_by_final_series,,,gap: no matching rows in this year
2005,NHMRC / Medical Research Fund,science_agency,,,,,,,,,,covered_by_final_series,,,gap: no matching rows in this year
2005,Office of the Renewable Energy,innovation_instruments,2646000.0,dollar,AUD,section_total,2005 No1 C2009C00499.docx,76.0,,,Total: Office of the Renewable Energy,covered_by_final_series,,,The entity is involved in funding and promoting renewable energy research initiatives.
2006,ANSTO / Atomic Energy Commission,science_agency,117568000.0,dollar,AUD,line_item,2006 No1 C2012C00814.docx,56.0,,,Australian Nuclear Science and Technology Organisation,covered_by_final_series,,,AAEC renamed ANSTO in 1987.
2006,Australian Centre for International Agricultural Research,direct_rd,,,,,,,,,,covered_by_final_series,,,gap: no matching rows in this year
2006,Australian Institute of Marine Science (AIMS),science_agency,23125000.0,dollar,AUD,line_item,2006 No1 C2012C00814.docx,56.0,,,Australian Institute of Marine Science,covered_by_final_series,,,
2006,Australian Research Council (ARC),science_agency,14996000.0,dollar,AUD,section_total,2006 No1 C2012C00814.docx,62.0,,,Total: Australian Research Council,covered_by_final_series,,,Created 1988. Before 1988 equivalent grants appear as 'Research grants' under Dept of Science.
2006,Bureau of Meteorology (Research),science_agency,206726000.0,dollar,AUD,section_total,2006 No1 C2012C00814.docx,74.0,,,Total: Bureau of Meteorology,covered_by_final_series,,,Include only if extracted as R&D — BoM has a large operational budget.
2006,CSIRO,science_agency,593928000.0,dollar,AUD,line_item,2006 No1 C2012C00814.docx,56.0,,,Commonwealth Scientific and Industrial Research Organisation,covered_by_final_series,,,Core public research agency. Pre-1949: Advisory Council of Science. Continuously tracked since 1975 in these files.
2006,Geoscience Australia / Bureau of Mineral Resources,science_agency,107460000.0,dollar,AUD,section_total,2006 No1 C2012C00814.docx,114.0,,,Total: Geoscience Australia,covered_by_final_series,,,BMR renamed Geoscience Australia in 2001.
2006,Industrial R&D Grants,innovation_instruments,,,,,,,,,,covered_by_final_series,,,gap: no matching rows in this year
2006,NHMRC / Medical Research Fund,science_agency,,,,,,,,,,covered_by_final_series,,,gap: no matching rows in this year
2007,ANSTO / Atomic Energy Commission,science_agency,129653000.0,dollar,AUD,line_item,2007 No1 C2012C00879.docx,52.0,,,Australian Nuclear Science and Technology Organisation,covered_by_final_series,,,AAEC renamed ANSTO in 1987.
2007,Australian Centre for International Agricultural Research,direct_rd,,,,,,,,,,covered_by_final_series,,,gap: no matching rows in this year
2007,Australian Institute of Marine Science (AIMS),science_agency,23631000.0,dollar,AUD,line_item,2007 No1 C2012C00879.docx,52.0,,,Australian Institute of Marine Science,covered_by_final_series,,,
2007,Australian Research Council (ARC),science_agency,14922000.0,dollar,AUD,section_total,2007 No1 C2012C00879.docx,57.0,,,Total: Australian Research Council,covered_by_final_series,,,Created 1988. Before 1988 equivalent grants appear as 'Research grants' under Dept of Science.
2007,Bureau of Meteorology (Research),science_agency,214412000.0,dollar,AUD,section_total,2007 No1 C2012C00879.docx,71.0,,,Total: Bureau of Meteorology,covered_by_final_series,,,Include only if extracted as R&D — BoM has a large operational budget.
2007,CSIRO,science_agency,607167000.0,dollar,AUD,line_item,2007 No1 C2012C00879.docx,52.0,,,Commonwealth Scientific and Industrial Research Organisation,covered_by_final_series,,,Core public research agency. Pre-1949: Advisory Council of Science. Continuously tracked since 1975 in these files.
2007,Geoscience Australia / Bureau of Mineral Resources,science_agency,113015000.0,dollar,AUD,section_total,2007 No1 C2012C00879.docx,111.0,,,Total: Geoscience Australia,covered_by_final_series,,,BMR renamed Geoscience Australia in 2001.
2007,Industrial R&D Grants,innovation_instruments,,,,,,,,,,covered_by_final_series,,,gap: no matching rows in this year
2007,NHMRC / Medical Research Fund,science_agency,23985000.0,dollar,AUD,section_total,2007 No3 C2013C00330.DOCX,62.0,,,Total:	National Health and Medical Research Council,covered_by_final_series,,,NHMRC grants and endowment fund payments. Early years appear as line items under Health.
2008,ANSTO / Atomic Energy Commission,science_agency,151668000.0,dollar,AUD,section_total,2008 No1 C2012C00882.docx,56.0,,,Total:	Australian Nuclear Science and Technology Organisation,covered_by_final_series,,,AAEC renamed ANSTO in 1987.
2008,Australian Centre for International Agricultural Research,direct_rd,51479000.0,dollar,AUD,section_total,2008 No1 C2012C00882.docx,90.0,,,Total:	Australian Centre for International Agricultural Research,covered_by_final_series,,,Dedicated agricultural R&D agency. Prefer annual No1 entity totals and trust-fund payment lines over supplementary appropriation rows.
2008,Australian Institute of Marine Science (AIMS),science_agency,26645000.0,dollar,AUD,section_total,2008 No1 C2012C00882.docx,55.0,,,Total:	Australian Institute of Marine Science,covered_by_final_series,,,
2008,Australian Research Council (ARC),science_agency,15251000.0,dollar,AUD,section_total,2008 No1 C2012C00882.docx,57.0,,,Total:	Australian Research Council,covered_by_final_series,,,Created 1988. Before 1988 equivalent grants appear as 'Research grants' under Dept of Science.
2008,Bureau of Meteorology (Research),science_agency,235661000.0,dollar,AUD,section_total,2008 No1 C2012C00882.docx,70.0,,,Total:	Bureau of Meteorology,covered_by_final_series,,,Include only if extracted as R&D — BoM has a large operational budget.
2008,CSIRO,science_agency,664470000.0,dollar,AUD,section_total,2008 No1 C2012C00882.docx,58.0,,,Total:	Commonwealth Scientific and Industrial Research Organisation,covered_by_final_series,,,Core public research agency. Pre-1949: Advisory Council of Science. Continuously tracked since 1975 in these files.
2008,Geoscience Australia / Bureau of Mineral Resources,science_agency,144616000.0,dollar,AUD,section_total,2008 No1 C2012C00882.docx,113.0,,,Total:	Geoscience Australia,covered_by_final_series,,,BMR renamed Geoscience Australia in 2001.
2008,Industrial R&D Grants,innovation_instruments,,,,,,,,,,covered_by_final_series,,,gap: no matching rows in this year
2008,NHMRC / Medical Research Fund,science_agency,563031000.0,dollar,AUD,section_total,2008 No1 C2012C00882.docx,101.0,,,Total:	National Health and Medical Research Council,covered_by_final_series,,,NHMRC grants and endowment fund payments. Early years appear as line items under Health.
2009,ANSTO / Atomic Energy Commission,science_agency,173115000.0,dollar,AUD,section_total,2009 No1 C2013C00309.DOCX,116.0,,,Total:	Australian Nuclear Science and Technology Organisation,covered_by_final_series,,,AAEC renamed ANSTO in 1987.
2009,Australian Centre for International Agricultural Research,direct_rd,52333000.0,dollar,AUD,section_total,2009 No1 C2013C00309.DOCX,84.0,,,Total:	Australian Centre for International Agricultural Research,covered_by_final_series,,,Dedicated agricultural R&D agency. Prefer annual No1 entity totals and trust-fund payment lines over supplementary appropriation rows.
2009,Australian Institute of Marine Science (AIMS),science_agency,27701000.0,dollar,AUD,section_total,2009 No1 C2013C00309.DOCX,115.0,,,Total:	Australian Institute of Marine Science,covered_by_final_series,,,
2009,Australian Research Council (ARC),science_agency,15896000.0,dollar,AUD,section_total,2009 No1 C2013C00309.DOCX,119.0,,,Total:	Australian Research Council,covered_by_final_series,,,Created 1988. Before 1988 equivalent grants appear as 'Research grants' under Dept of Science.
2009,Bureau of Meteorology (Research),science_agency,244804000.0,dollar,AUD,section_total,2009 No1 C2013C00309.DOCX,67.0,,,Total:	Bureau of Meteorology,covered_by_final_series,,,Include only if extracted as R&D — BoM has a large operational budget.
2009,CSIRO,science_agency,668120000.0,dollar,AUD,section_total,2009 No1 C2013C00309.DOCX,117.0,,,Total:	Commonwealth Scientific and Industrial Research Organisation,covered_by_final_series,,,Core public research agency. Pre-1949: Advisory Council of Science. Continuously tracked since 1975 in these files.
2009,Geoscience Australia / Bureau of Mineral Resources,science_agency,138631000.0,dollar,AUD,section_total,2009 No1 C2013C00309.DOCX,137.0,,,Total:	Geoscience Australia,covered_by_final_series,,,BMR renamed Geoscience Australia in 2001.
2009,Industrial R&D Grants,innovation_instruments,,,,,,,,,,covered_by_final_series,,,gap: no matching rows in this year
2009,NHMRC / Medical Research Fund,science_agency,657296000.0,dollar,AUD,section_total,2009 No1 C2013C00309.DOCX,98.0,,,Total:	National Health and Medical Research Council,covered_by_final_series,,,NHMRC grants and endowment fund payments. Early years appear as line items under Health.
2010,ANSTO / Atomic Energy Commission,science_agency,155240000.0,dollar,AUD,section_total,2010 No1 C2012C00874.docx,113.0,,,Total:	Australian Nuclear Science and Technology Organisation,covered_by_final_series,,,AAEC renamed ANSTO in 1987.
2010,Australian Centre for International Agricultural Research,direct_rd,63639000.0,dollar,AUD,section_total,2010 No1 C2012C00874.docx,81.0,,,Total:	Australian Centre for International Agricultural Research,covered_by_final_series,,,Dedicated agricultural R&D agency. Prefer annual No1 entity totals and trust-fund payment lines over supplementary appropriation rows.
2010,Australian Institute of Marine Science (AIMS),science_agency,27949000.0,dollar,AUD,section_total,2010 No1 C2012C00874.docx,112.0,,,Total:	Australian Institute of Marine Science,covered_by_final_series,,,
2010,Australian Research Council (ARC),science_agency,25683000.0,dollar,AUD,section_total,2010 No1 C2012C00874.docx,115.0,,,Total:	Australian Research Council,covered_by_final_series,,,Created 1988. Before 1988 equivalent grants appear as 'Research grants' under Dept of Science.
2010,Bureau of Meteorology (Research),science_agency,271126000.0,dollar,AUD,section_total,2010 No1 C2012C00874.docx,64.0,,,Total:	Bureau of Meteorology,covered_by_final_series,,,Include only if extracted as R&D — BoM has a large operational budget.
2010,CSIRO,science_agency,711084000.0,dollar,AUD,section_total,2010 No1 C2012C00874.docx,114.0,,,Total:	Commonwealth Scientific and Industrial Research Organisation,covered_by_final_series,,,Core public research agency. Pre-1949: Advisory Council of Science. Continuously tracked since 1975 in these files.
2010,Geoscience Australia / Bureau of Mineral Resources,science_agency,130078000.0,dollar,AUD,section_total,2010 No1 C2012C00874.docx,136.0,,,Total:	Geoscience Australia,covered_by_final_series,,,BMR renamed Geoscience Australia in 2001.
2010,Industrial R&D Grants,innovation_instruments,,,,,,,,,,covered_by_final_series,,,gap: no matching rows in this year
2010,NHMRC / Medical Research Fund,science_agency,743908000.0,dollar,AUD,section_total,2010 No1 C2012C00874.docx,94.0,,,Total:	National Health and Medical Research Council,covered_by_final_series,,,NHMRC grants and endowment fund payments. Early years appear as line items under Health.
2011,ANSTO / Atomic Energy Commission,science_agency,165579000.0,dollar,AUD,line_item,2011 No1 C2012C00506.docx,41.0,,,Australian Nuclear Science and Technology Organisation,covered_by_final_series,,,AAEC renamed ANSTO in 1987.
2011,Australian Centre for International Agricultural Research,direct_rd,70888000.0,dollar,AUD,line_item,2011 No1 C2012C00506.docx,29.0,,,Australian Centre for International Agricultural Research,covered_by_final_series,,,Dedicated agricultural R&D agency. Prefer annual No1 entity totals and trust-fund payment lines over supplementary appropriation rows.
2011,Australian Institute of Marine Science (AIMS),science_agency,30883000.0,dollar,AUD,line_item,2011 No1 C2012C00506.docx,41.0,,,Australian Institute of Marine Science,covered_by_final_series,,,
2011,Australian Renewable Energy Agency,innovation_instruments,,,,,,,,,,covered_by_final_series,,,gap: no matching rows in this year
2011,Australian Research Council (ARC),science_agency,26623000.0,dollar,AUD,line_item,2011 No1 C2012C00506.docx,41.0,,,Australian Research Council,covered_by_final_series,,,Created 1988. Before 1988 equivalent grants appear as 'Research grants' under Dept of Science.
2011,Bureau of Meteorology (Research),science_agency,277551000.0,dollar,AUD,line_item,2011 No1 C2012C00506.docx,49.0,,,Bureau of Meteorology,covered_by_final_series,,,Include only if extracted as R&D — BoM has a large operational budget.
2011,CSIRO,science_agency,720885000.0,dollar,AUD,line_item,2011 No1 C2012C00506.docx,41.0,,,Commonwealth Scientific and Industrial Research Organisation,covered_by_final_series,,,Core public research agency. Pre-1949: Advisory Council of Science. Continuously tracked since 1975 in these files.
2011,Geoscience Australia / Bureau of Mineral Resources,science_agency,2940000.0,dollar,AUD,section_total,2011 No2 C2013C00511.DOCX,99.0,,,Total: Geoscience Australia,covered_by_final_series,,,BMR renamed Geoscience Australia in 2001.
2011,NHMRC / Medical Research Fund,science_agency,754864000.0,dollar,AUD,line_item,2011 No1 C2012C00506.docx,32.0,,,National Health and Medical Research Council,covered_by_final_series,,,NHMRC grants and endowment fund payments. Early years appear as line items under Health.
2012,ANSTO / Atomic Energy Commission,science_agency,165579000.0,dollar,AUD,section_total,2012 No1 C2013C00531.DOCX,100.0,,,Total: Australian Nuclear Science and Technology Organisation,covered_by_final_series,,,AAEC renamed ANSTO in 1987.
2012,Australian Centre for International Agricultural Research,direct_rd,85298000.0,dollar,AUD,section_total,2012 No1 C2013C00531.DOCX,67.0,,,Total: Australian Centre for International Agricultural Research,covered_by_final_series,,,Dedicated agricultural R&D agency. Prefer annual No1 entity totals and trust-fund payment lines over supplementary appropriation rows.
2012,Australian Institute of Marine Science (AIMS),science_agency,31245000.0,dollar,AUD,section_total,2012 No1 C2013C00531.DOCX,99.0,,,Total: Australian Institute of Marine Science,covered_by_final_series,,,
2012,Australian Renewable Energy Agency,innovation_instruments,,,,,,,,,,covered_by_final_series,,,gap: no matching rows in this year
2012,Australian Research Council (ARC),science_agency,25423000.0,dollar,AUD,section_total,2012 No1 C2013C00531.DOCX,102.0,,,Total: Australian Research Council,covered_by_final_series,,,Created 1988. Before 1988 equivalent grants appear as 'Research grants' under Dept of Science.
2012,Bureau of Meteorology (Research),science_agency,277551000.0,dollar,AUD,section_total,2012 No1 C2013C00531.DOCX,147.0,,,Total: Bureau of Meteorology,covered_by_final_series,,,Include only if extracted as R&D — BoM has a large operational budget.
2012,CSIRO,science_agency,724939000.0,dollar,AUD,section_total,2012 No1 C2013C00531.DOCX,101.0,,,Total: Commonwealth Scientific and Industrial Research Organisation,covered_by_final_series,,,Core public research agency. Pre-1949: Advisory Council of Science. Continuously tracked since 1975 in these files.
2012,Geoscience Australia / Bureau of Mineral Resources,science_agency,122778000.0,dollar,AUD,section_total,2012 No1 C2013C00531.DOCX,142.0,,,Total: Geoscience Australia,covered_by_final_series,,,BMR renamed Geoscience Australia in 2001.
2012,NHMRC / Medical Research Fund,science_agency,798521000.0,dollar,AUD,section_total,2012 No1 C2013C00531.DOCX,80.0,,,Total: National Health and Medical Research Council,covered_by_final_series,,,NHMRC grants and endowment fund payments. Early years appear as line items under Health.
2013,ANSTO / Atomic Energy Commission,science_agency,159222000.0,dollar,AUD,section_total,2013 No1 C2014C00172.DOCX,94.0,,,Total: Australian Nuclear Science and Technology Organisation,covered_by_final_series,,,AAEC renamed ANSTO in 1987.
2013,Australian Centre for International Agricultural Research,direct_rd,100663000.0,dollar,AUD,section_total,2013 No1 C2014C00172.DOCX,67.0,,,Total: Australian Centre for International Agricultural Research,covered_by_final_series,,,Dedicated agricultural R&D agency. Prefer annual No1 entity totals and trust-fund payment lines over supplementary appropriation rows.
2013,Australian Institute of Marine Science (AIMS),science_agency,31562000.0,dollar,AUD,section_total,2013 No1 C2014C00172.DOCX,93.0,,,Total: Australian Institute of Marine Science,covered_by_final_series,,,
2013,Australian Renewable Energy Agency,innovation_instruments,,,,,,,,,,covered_by_final_series,,,gap: no matching rows in this year
2013,Australian Research Council (ARC),science_agency,25953000.0,dollar,AUD,section_total,2013 No1 C2014C00172.DOCX,96.0,,,Total: Australian Research Council,covered_by_final_series,,,Created 1988. Before 1988 equivalent grants appear as 'Research grants' under Dept of Science.
2013,Bureau of Meteorology (Research),science_agency,269895000.0,dollar,AUD,section_total,2013 No1 C2014C00172.DOCX,137.0,,,Total: Bureau of Meteorology,covered_by_final_series,,,Include only if extracted as R&D — BoM has a large operational budget.
2013,CSIRO,science_agency,736774000.0,dollar,AUD,section_total,2013 No1 C2014C00172.DOCX,95.0,,,Total: Commonwealth Scientific and Industrial Research Organisation,covered_by_final_series,,,Core public research agency. Pre-1949: Advisory Council of Science. Continuously tracked since 1975 in these files.
2013,Geoscience Australia / Bureau of Mineral Resources,science_agency,117712000.0,dollar,AUD,section_total,2013 No1 C2014C00172.DOCX,133.0,,,Total: Geoscience Australia,covered_by_final_series,,,BMR renamed Geoscience Australia in 2001.
2013,NHMRC / Medical Research Fund,science_agency,811942000.0,dollar,AUD,section_total,2013 No1 C2014C00172.DOCX,79.0,,,Total: National Health and Medical Research Council,covered_by_final_series,,,NHMRC grants and endowment fund payments. Early years appear as line items under Health.
2014,ANSTO / Atomic Energy Commission,science_agency,162751000.0,dollar,AUD,section_total,2014 No1 C2014C00349.DOCX,8.0,,,Total: Australian Nuclear Science and Technology Organisation,covered_by_final_series,,,AAEC renamed ANSTO in 1987.
2014,Australian Centre for International Agricultural Research,direct_rd,94330000.0,dollar,AUD,line_item,2014 No1 C2014C00349.DOCX,5.0,,,Outcome 1 - Agricultural Research,covered_by_final_series,,,Dedicated agricultural R&D agency. Prefer annual No1 entity totals and trust-fund payment lines over supplementary appropriation rows.
2014,Australian Institute of Marine Science (AIMS),science_agency,33280000.0,dollar,AUD,section_total,2014 No1 C2014C00349.DOCX,8.0,,,Total: Australian Institute of Marine Science,covered_by_final_series,,,
2014,Australian Renewable Energy Agency,innovation_instruments,,,,,,,,,,covered_by_final_series,,,gap: no matching rows in this year
2014,Australian Research Council (ARC),science_agency,25953000.0,dollar,AUD,section_total,2014 No1 C2014C00349.DOCX,8.0,,,Total: Australian Research Council,covered_by_final_series,,,Created 1988. Before 1988 equivalent grants appear as 'Research grants' under Dept of Science.
2014,Bureau of Meteorology (Research),science_agency,255119000.0,dollar,AUD,section_total,2014 No1 C2014C00349.DOCX,13.0,,,Total: Bureau of Meteorology,covered_by_final_series,,,Include only if extracted as R&D — BoM has a large operational budget.
2014,CSIRO,science_agency,757077000.0,dollar,AUD,line_item,2014 No1 C2014C00349.DOCX,8.0,,,Outcome 1 - Innovative scientific and technology solutions,covered_by_final_series,,,Core public research agency. Pre-1949: Advisory Council of Science. Continuously tracked since 1975 in these files.
2014,Geoscience Australia / Bureau of Mineral Resources,science_agency,134748000.0,dollar,AUD,section_total,2014 No1 C2014C00349.DOCX,12.0,,,Total: Geoscience Australia,covered_by_final_series,,,BMR renamed Geoscience Australia in 2001.
2014,NHMRC / Medical Research Fund,science_agency,823913000.0,dollar,AUD,section_total,2014 No1 C2014C00349.DOCX,6.0,,,Total: National Health and Medical Research Council,covered_by_final_series,,,NHMRC grants and endowment fund payments. Early years appear as line items under Health.
2015,ANSTO / Atomic Energy Commission,science_agency,162751000.0,dollar,AUD,section_total,2015 No1 C2014A00063.docx,11.0,,,Total: Australian Nuclear Science and Technology Organisation,covered_by_final_series,,,AAEC renamed ANSTO in 1987.
2015,Australian Centre for International Agricultural Research,direct_rd,96340000.0,dollar,AUD,line_item,2015 No1 C2014A00063.docx,7.0,,,Outcome 1 - Agricultural Research,covered_by_final_series,,,Dedicated agricultural R&D agency. Prefer annual No1 entity totals and trust-fund payment lines over supplementary appropriation rows.
2015,Australian Institute of Marine Science (AIMS),science_agency,38796000.0,dollar,AUD,section_total,2015 No1 C2014A00063.docx,11.0,,,Total: Australian Institute of Marine Science,covered_by_final_series,,,
2015,Australian Renewable Energy Agency,innovation_instruments,,,,,,,,,,covered_by_final_series,,,gap: no matching rows in this year
2015,Australian Research Council (ARC),science_agency,26422000.0,dollar,AUD,section_total,2015 No1 C2014A00063.docx,3.0,,,Total: Australian Research Council,covered_by_final_series,,,Created 1988. Before 1988 equivalent grants appear as 'Research grants' under Dept of Science.
2015,Bureau of Meteorology (Research),science_agency,262754000.0,dollar,AUD,section_total,2015 No1 C2014A00063.docx,7.0,,,Total: Bureau of Meteorology,covered_by_final_series,,,Include only if extracted as R&D — BoM has a large operational budget.
2015,CSIRO,science_agency,757077000.0,dollar,AUD,line_item,2015 No1 C2014A00063.docx,11.0,,,Outcome 1 - Innovative scientific and technology solutions,covered_by_final_series,,,Core public research agency. Pre-1949: Advisory Council of Science. Continuously tracked since 1975 in these files.
2015,Geoscience Australia / Bureau of Mineral Resources,science_agency,134748000.0,dollar,AUD,section_total,2015 No1 C2014A00063.docx,11.0,,,Total: Geoscience Australia,covered_by_final_series,,,BMR renamed Geoscience Australia in 2001.
2015,NHMRC / Medical Research Fund,science_agency,947874000.0,dollar,AUD,section_total,2015 No1 C2014A00063.docx,9.0,,,Total: National Health and Medical Research Council,covered_by_final_series,,,NHMRC grants and endowment fund payments. Early years appear as line items under Health.
2016,ANSTO / Atomic Energy Commission,science_agency,157414000.0,dollar,AUD,section_total,2016 No1 C2015A00076.docx,0.0,,,Total: Australian Nuclear Science and Technology Organisation,covered_by_final_series,,,AAEC renamed ANSTO in 1987.
2016,Australian Centre for International Agricultural Research,direct_rd,96340000.0,dollar,AUD,line_item,2016 No1 C2015A00076.docx,0.0,,,Outcome 1 - Agricultural Research,covered_by_final_series,,,Dedicated agricultural R&D agency. Prefer annual No1 entity totals and trust-fund payment lines over supplementary appropriation rows.
2016,Australian Institute of Marine Science (AIMS),science_agency,40483000.0,dollar,AUD,section_total,2016 No1 C2015A00076.docx,0.0,,,Total: Australian Institute of Marine Science,covered_by_final_series,,,
2016,Australian Renewable Energy Agency,innovation_instruments,,,,,,,,,,covered_by_final_series,,,gap: no matching rows in this year
2016,Australian Research Council (ARC),science_agency,26411000.0,dollar,AUD,section_total,2016 No1 C2015A00076.docx,0.0,,,Total: Australian Research Council,covered_by_final_series,,,Created 1988. Before 1988 equivalent grants appear as 'Research grants' under Dept of Science.
2016,Bureau of Meteorology (Research),science_agency,262628000.0,dollar,AUD,section_total,2016 No1 C2015A00076.docx,0.0,,,Total: Bureau of Meteorology,covered_by_final_series,,,Include only if extracted as R&D — BoM has a large operational budget.
2016,CSIRO,science_agency,749681000.0,dollar,AUD,line_item,2016 No1 C2015A00076.docx,0.0,,,Outcome 1 - Innovative scientific and technology solutions,covered_by_final_series,,,Core public research agency. Pre-1949: Advisory Council of Science. Continuously tracked since 1975 in these files.
2016,Geoscience Australia / Bureau of Mineral Resources,science_agency,129598000.0,dollar,AUD,section_total,2016 No1 C2015A00076.docx,0.0,,,Total: Geoscience Australia,covered_by_final_series,,,BMR renamed Geoscience Australia in 2001.
2016,NHMRC / Medical Research Fund,science_agency,948396000.0,dollar,AUD,section_total,2016 No1 C2015A00076.docx,0.0,,,Total: National Health and Medical Research Council,covered_by_final_series,,,NHMRC grants and endowment fund payments. Early years appear as line items under Health.
2017,ANSTO / Atomic Energy Commission,science_agency,156700000.0,dollar,AUD,section_total,2017 No1 C2016A00069.docx,6.0,,,Total: Australian Nuclear Science and Technology Organisation,covered_by_final_series,,,AAEC renamed ANSTO in 1987.
2017,Australian Centre for International Agricultural Research,direct_rd,91534000.0,dollar,AUD,line_item,2017 No1 C2016A00069.docx,5.0,,,Outcome 1 - Agricultural Research,covered_by_final_series,,,Dedicated agricultural R&D agency. Prefer annual No1 entity totals and trust-fund payment lines over supplementary appropriation rows.
2017,Australian Institute of Marine Science (AIMS),science_agency,40483000.0,dollar,AUD,section_total,2017 No1 C2016A00069.docx,6.0,,,Total: Australian Institute of Marine Science,covered_by_final_series,,,
2017,Australian Renewable Energy Agency,innovation_instruments,1221000.0,dollar,AUD,section_total,2017 No1 C2016A00069.docx,5.0,,,Total: Australian Renewable Energy Agency,covered_by_final_series,,,Dedicated renewable-energy innovation agency. Prefer annual No1 totals over supplementary appropriations.
2017,Australian Research Council (ARC),science_agency,27977000.0,dollar,AUD,section_total,2017 No1 C2016A00069.docx,5.0,,,Total: Australian Research Council,covered_by_final_series,,,Created 1988. Before 1988 equivalent grants appear as 'Research grants' under Dept of Science.
2017,Bureau of Meteorology (Research),science_agency,258024000.0,dollar,AUD,section_total,2017 No1 C2016A00069.docx,5.0,,,Total: Bureau of Meteorology,covered_by_final_series,,,Include only if extracted as R&D — BoM has a large operational budget.
2017,CSIRO,science_agency,750281000.0,dollar,AUD,line_item,2017 No1 C2016A00069.docx,6.0,,,Outcome 1 - Innovative scientific and technology solutions,covered_by_final_series,,,Core public research agency. Pre-1949: Advisory Council of Science. Continuously tracked since 1975 in these files.
2017,Geoscience Australia / Bureau of Mineral Resources,science_agency,125834000.0,dollar,AUD,section_total,2017 No1 C2016A00069.docx,6.0,,,Total: Geoscience Australia,covered_by_final_series,,,BMR renamed Geoscience Australia in 2001.
2017,NHMRC / Medical Research Fund,science_agency,885024000.0,dollar,AUD,section_total,2017 No1 C2016A00069.docx,6.0,,,Total: National Health and Medical Research Council,covered_by_final_series,,,NHMRC grants and endowment fund payments. Early years appear as line items under Health.
2018,ANSTO / Atomic Energy Commission,science_agency,198119000.0,dollar,AUD,section_total,2018 No1 C2017A00060.docx,1.0,,,Total: Australian Nuclear Science and Technology Organisation,covered_by_final_series,,,AAEC renamed ANSTO in 1987.
2018,Australian Centre for International Agricultural Research,direct_rd,106491000.0,dollar,AUD,line_item,2018 No1 C2017A00060.docx,1.0,,,Outcome 1 - Agricultural Research,covered_by_final_series,,,Dedicated agricultural R&D agency. Prefer annual No1 entity totals and trust-fund payment lines over supplementary appropriation rows.
2018,Australian Institute of Marine Science (AIMS),science_agency,41916000.0,dollar,AUD,section_total,2018 No1 C2017A00060.docx,1.0,,,Total: Australian Institute of Marine Science,covered_by_final_series,,,
2018,Australian Renewable Energy Agency,innovation_instruments,2073000.0,dollar,AUD,section_total,2018 No1 C2017A00060.docx,1.0,,,Total: Australian Renewable Energy Agency,covered_by_final_series,,,Dedicated renewable-energy innovation agency. Prefer annual No1 totals over supplementary appropriations.
2018,Australian Research Council (ARC),science_agency,30005000.0,dollar,AUD,section_total,2018 No1 C2017A00060.docx,1.0,,,Total: Australian Research Council,covered_by_final_series,,,Created 1988. Before 1988 equivalent grants appear as 'Research grants' under Dept of Science.
2018,Bureau of Meteorology (Research),science_agency,277868000.0,dollar,AUD,section_total,2018 No1 C2017A00060.docx,1.0,,,Total: Bureau of Meteorology,covered_by_final_series,,,Include only if extracted as R&D — BoM has a large operational budget.
2018,CSIRO,science_agency,793549000.0,dollar,AUD,line_item,2018 No1 C2017A00060.docx,1.0,,,Outcome 1 - Innovative scientific and technology solutions,covered_by_final_series,,,Core public research agency. Pre-1949: Advisory Council of Science. Continuously tracked since 1975 in these files.
2018,Geoscience Australia / Bureau of Mineral Resources,science_agency,155790000.0,dollar,AUD,section_total,2018 No1 C2017A00060.docx,1.0,,,Total: Geoscience Australia,covered_by_final_series,,,BMR renamed Geoscience Australia in 2001.
2018,NHMRC / Medical Research Fund,science_agency,911108000.0,dollar,AUD,section_total,2018 No1 C2017A00060.docx,1.0,,,Total: National Health and Medical Research Council,covered_by_final_series,,,NHMRC grants and endowment fund payments. Early years appear as line items under Health.
2019,ANSTO / Atomic Energy Commission,science_agency,214072000.0,dollar,AUD,verified_override,2019 No1 C2018A00050.docx,,,,"Verified 2019 ANSTO entity total from the original No1 appropriation table: Total: Australian Nuclear Science and Technology Organisation = 214,072 ($'000) normalized to full AUD units",verified_against_original_file,,,gap: no matching rows in this year; locked manual curation
2019,Australian Centre for International Agricultural Research,direct_rd,107512000.0,dollar,AUD,verified_override,2019 No1 C2018A00050.docx,,,,"Verified 2019 ACIAR entity total from the original No1 appropriation table: 9,547 departmental + 97,965 administered = 107,512 ($'000) normalized to full AUD units",verified_against_original_file,,,gap: no matching rows in this year; locked manual curation
2019,Australian Institute of Marine Science (AIMS),science_agency,,,,,,,,,,covered_by_final_series,,,gap: no matching rows in this year
2019,Australian Renewable Energy Agency,innovation_instruments,2463000.0,dollar,AUD,verified_override,2019 No1 C2018A00050.docx,,,,"Verified 2019 ARENA entity total from the original No1 appropriation table: 2,463 ($'000) normalized to full AUD units",verified_against_original_file,,,gap: no matching rows in this year; locked manual curation
2019,Australian Research Council (ARC),science_agency,36813000.0,dollar,AUD,verified_override,2019 No1 C2018A00050.docx,,,,"Verified 2019 ARC entity total from the original No1 appropriation table: 22,668 departmental + 14,145 administered = 36,813 ($'000) normalized to full AUD units",verified_against_original_file,,,gap: no matching rows in this year; locked manual curation
2019,Bureau of Meteorology (Research),science_agency,2362000.0,dollar,AUD,section_total,2019 No3 C2019A00021.docx,29.0,,,Total: Bureau of Meteorology,covered_by_final_series,,,Include only if extracted as R&D — BoM has a large operational budget.
2019,CSIRO,science_agency,833661000.0,dollar,AUD,verified_override,2019 No1 C2018A00050.docx,,,,"Verified 2019 CSIRO entity total from the original No1 appropriation table: Total: Commonwealth Scientific and Industrial Research Organisation = 833,661 ($'000) normalized to full AUD units",verified_against_original_file,,,Core public research agency. Pre-1949: Advisory Council of Science. Continuously tracked since 1975 in these files.; locked manual curation
2019,Geoscience Australia / Bureau of Mineral Resources,science_agency,,,,,,,,,,covered_by_final_series,,,gap: no matching rows in this year
2019,NHMRC / Medical Research Fund,science_agency,,,,,,,,,,covered_by_final_series,,,gap: no matching rows in this year
2020,ANSTO / Atomic Energy Commission,science_agency,146687000.0,dollar,AUD,line_item,2020 No1 C2019A00100.docx,101.0,,,Australian Nuclear Science and Technology Organisation,covered_by_final_series,,,AAEC renamed ANSTO in 1987.
2020,Anglo-Australian Telescope Agreement,unclear,,,,,,,,,,covered_by_final_series,,,gap: no matching rows in this year
2020,Australian Centre for International Agricultural Research,direct_rd,59327000.0,dollar,AUD,line_item,2020 No1 C2019A00100.docx,70.0,,,Australian Centre for International Agricultural Research,covered_by_final_series,,,Dedicated agricultural R&D agency. Prefer annual No1 entity totals and trust-fund payment lines over supplementary appropriation rows.
2020,Australian Institute of Marine Science (AIMS),science_agency,26106000.0,dollar,AUD,section_total,2020 No1 C2019A00100.docx,103.0,,,Total: Australian Institute of Marine Science,covered_by_final_series,,,
2020,Australian Renewable Energy Agency,innovation_instruments,1673000.0,dollar,AUD,section_total,2020 No1 C2019A00100.docx,61.0,,,Total: Australian Renewable Energy Agency,covered_by_final_series,,,Dedicated renewable-energy innovation agency. Prefer annual No1 totals over supplementary appropriations.
2020,Australian Research Council (ARC),science_agency,19456000.0,dollar,AUD,section_total,2020 No1 C2019A00100.docx,54.0,,,Total: Australian Research Council,covered_by_final_series,,,Created 1988. Before 1988 equivalent grants appear as 'Research grants' under Dept of Science.
2020,Bureau of Meteorology (Research),science_agency,157919000.0,dollar,AUD,section_total,2020 No1 C2019A00100.docx,63.0,,,Total: Bureau of Meteorology,covered_by_final_series,,,Include only if extracted as R&D — BoM has a large operational budget.
2020,CSIRO,science_agency,488225000.0,dollar,AUD,section_total,2020 No1 C2019A00100.docx,105.0,,,Total: Commonwealth Scientific and Industrial,covered_by_final_series,,,Core public research agency. Pre-1949: Advisory Council of Science. Continuously tracked since 1975 in these files.
2020,Geoscience Australia / Bureau of Mineral Resources,science_agency,113909000.0,dollar,AUD,section_total,2020 No1 C2019A00100.docx,107.0,,,Total: Geoscience Australia,covered_by_final_series,,,BMR renamed Geoscience Australia in 2001.
2020,NHMRC / Medical Research Fund,science_agency,520547000.0,dollar,AUD,line_item,2020 No1 C2019A00100.docx,76.0,,,National Health and Medical Research Council,covered_by_final_series,,,NHMRC grants and endowment fund payments. Early years appear as line items under Health.
2021,ANSTO / Atomic Energy Commission,science_agency,76965000.0,dollar,AUD,line_item,2021 No1 C2020A00109.docx,81.0,,,Australian Nuclear Science and Technology Organisation,covered_by_final_series,,,AAEC renamed ANSTO in 1987.
2021,Anglo-Australian Telescope Agreement,unclear,,,,,,,,,,covered_by_final_series,,,gap: no matching rows in this year
2021,Australian Centre for International Agricultural Research,direct_rd,36987000.0,dollar,AUD,line_item,2021 No1 C2020A00109.docx,50.0,,,Australian Centre for International Agricultural Research,covered_by_final_series,,,Dedicated agricultural R&D agency. Prefer annual No1 entity totals and trust-fund payment lines over supplementary appropriation rows.
2021,Australian Institute of Marine Science (AIMS),science_agency,18840000.0,dollar,AUD,section_total,2021 No1 C2020A00109.docx,83.0,,,Total: Australian Institute of Marine Science,covered_by_final_series,,,
2021,Australian Renewable Energy Agency,innovation_instruments,17625000.0,dollar,AUD,section_total,2021 No1 C2020A00109.docx,85.0,,,Total: Australian Renewable Energy Agency,covered_by_final_series,,,Dedicated renewable-energy innovation agency. Prefer annual No1 totals over supplementary appropriations.
2021,Australian Research Council (ARC),science_agency,12923000.0,dollar,AUD,section_total,2021 No1 C2020A00109.docx,43.0,,,Total: Australian Research Council,covered_by_final_series,,,Created 1988. Before 1988 equivalent grants appear as 'Research grants' under Dept of Science.
2021,Bureau of Meteorology (Research),science_agency,149201000.0,dollar,AUD,section_total,2021 No1 C2020A00109.docx,12.0,,,Total: Bureau of Meteorology,covered_by_final_series,,,Include only if extracted as R&D — BoM has a large operational budget.
2021,CSIRO,science_agency,477300000.0,dollar,AUD,section_total,2021 No1 C2020A00109.docx,87.0,,,Total: Commonwealth Scientific and Industrial,covered_by_final_series,,,Core public research agency. Pre-1949: Advisory Council of Science. Continuously tracked since 1975 in these files.
2021,Geoscience Australia / Bureau of Mineral Resources,science_agency,98714000.0,dollar,AUD,section_total,2021 No1 C2020A00109.docx,91.0,,,Total: Geoscience Australia,covered_by_final_series,,,BMR renamed Geoscience Australia in 2001.
2021,NHMRC / Medical Research Fund,science_agency,378537000.0,dollar,AUD,line_item,2021 No1 C2020A00109.docx,56.0,,,National Health and Medical Research Council,covered_by_final_series,,,NHMRC grants and endowment fund payments. Early years appear as line items under Health.
2022,ANSTO / Atomic Energy Commission,science_agency,277453000.0,dollar,AUD,line_item,2022 No1 C2021A00067.docx,80.0,,,Australian Nuclear Science and Technology Organisation,covered_by_final_series,,,AAEC renamed ANSTO in 1987.
2022,Anglo-Australian Telescope Agreement,unclear,,,,,,,,,,covered_by_final_series,,,gap: no matching rows in this year
2022,Australian Centre for International Agricultural Research,direct_rd,100799000.0,dollar,AUD,line_item,2022 No1 C2021A00067.docx,50.0,,,Australian Centre for International Agricultural Research,covered_by_final_series,,,Dedicated agricultural R&D agency. Prefer annual No1 entity totals and trust-fund payment lines over supplementary appropriation rows.
2022,Australian Institute of Health,unclear,125000.0,dollar,AUD,line_item,2022 No2 C2021A00068.docx,36.0,,,Australian Institute of Health and Welfare,covered_by_final_series,,,The entity is a specific R&D scheme related to health but not primarily dedicated to R&D.
2022,Australian Institute of Marine Science (AIMS),science_agency,45548000.0,dollar,AUD,section_total,2022 No1 C2021A00067.docx,82.0,,,Total: Australian Institute of Marine Science,covered_by_final_series,,,
2022,Australian Radiation Protection and Nuclear Safety Agency,science_agency,15892000.0,dollar,AUD,line_item,2022 No1 C2021A00067.docx,56.0,,,Australian Radiation Protection and Nuclear Safety Agency,covered_by_final_series,,,"ARPANSA is primarily focused on radiation protection and nuclear safety, which involves significant R&D activities."
2022,Australian Renewable Energy Agency,innovation_instruments,54338000.0,dollar,AUD,section_total,2022 No1 C2021A00067.docx,84.0,,,Total: Australian Renewable Energy Agency,covered_by_final_series,,,Dedicated renewable-energy innovation agency. Prefer annual No1 totals over supplementary appropriations.
2022,Australian Research Council (ARC),science_agency,28457000.0,dollar,AUD,section_total,2022 No1 C2021A00067.docx,43.0,,,Total: Australian Research Council,covered_by_final_series,,,Created 1988. Before 1988 equivalent grants appear as 'Research grants' under Dept of Science.
2022,Bureau of Meteorology (Research),science_agency,356400000.0,dollar,AUD,section_total,2022 No1 C2021A00067.docx,12.0,,,Total: Bureau of Meteorology,covered_by_final_series,,,Include only if extracted as R&D — BoM has a large operational budget.
2022,CSIRO,science_agency,946001000.0,dollar,AUD,section_total,2022 No1 C2021A00067.docx,86.0,,,Total: Commonwealth Scientific and Industrial,covered_by_final_series,,,Core public research agency. Pre-1949: Advisory Council of Science. Continuously tracked since 1975 in these files.
2022,Geoscience Australia / Bureau of Mineral Resources,science_agency,264630000.0,dollar,AUD,section_total,2022 No1 C2021A00067.docx,91.0,,,Total: Geoscience Australia,covered_by_final_series,,,BMR renamed Geoscience Australia in 2001.
2022,NHMRC / Medical Research Fund,science_agency,915514000.0,dollar,AUD,line_item,2022 No1 C2021A00067.docx,56.0,,,National Health and Medical Research Council,covered_by_final_series,,,NHMRC grants and endowment fund payments. Early years appear as line items under Health.
2023,ANSTO / Atomic Energy Commission,science_agency,820000.0,dollar,AUD,line_item,2023 No1 C2022A00067.docx,91.0,,,Australian Nuclear Science and Technology Organisation,covered_by_final_series,,,AAEC renamed ANSTO in 1987.
2023,Australian Centre for International Agricultural Research,direct_rd,,,,,,,,,,covered_by_final_series,,,gap: no matching rows in this year
2023,Australian Institute of Marine Science (AIMS),science_agency,16733000.0,dollar,AUD,section_total,2023 No1 C2022A00067.docx,31.0,,,Total: Australian Institute of Marine Science,covered_by_final_series,,,
2023,Australian Renewable Energy Agency,innovation_instruments,23345000.0,dollar,AUD,section_total,2023 No1 C2022A00067.docx,32.0,,,Total: Australian Renewable Energy Agency,covered_by_final_series,,,Dedicated renewable-energy innovation agency. Prefer annual No1 totals over supplementary appropriations.
2023,Australian Research Council (ARC),science_agency,2572000.0,dollar,AUD,section_total,2023 No1 C2022A00067.docx,49.0,,,Total: Australian Research Council,covered_by_final_series,,,Created 1988. Before 1988 equivalent grants appear as 'Research grants' under Dept of Science.
2023,Bureau of Meteorology (Research),science_agency,29531000.0,dollar,AUD,section_total,2023 No1 C2022A00067.docx,37.0,,,Total: Bureau of Meteorology,covered_by_final_series,,,Include only if extracted as R&D — BoM has a large operational budget.
2023,CSIRO,science_agency,31196000.0,dollar,AUD,section_total,2023 No1 C2022A00067.docx,94.0,,,Total: Commonwealth Scientific and Industrial,covered_by_final_series,,,Core public research agency. Pre-1949: Advisory Council of Science. Continuously tracked since 1975 in these files.
2023,Geoscience Australia / Bureau of Mineral Resources,science_agency,,,,,,,,,,covered_by_final_series,,,gap: no matching rows in this year
2023,NHMRC / Medical Research Fund,science_agency,,,,,,,,,,covered_by_final_series,,,gap: no matching rows in this year
2024,ANSTO / Atomic Energy Commission,science_agency,318527000.0,dollar,AUD,line_item,2024 No1 C2023A00031.docx,91.0,,,Australian Nuclear Science and Technology Organisation,covered_by_final_series,,,AAEC renamed ANSTO in 1987.
2024,Australian Centre for International Agricultural Research,direct_rd,113149000.0,dollar,AUD,line_item,2024 No1 C2023A00031.docx,65.0,,,Australian Centre for International Agricultural Research,covered_by_final_series,,,Dedicated agricultural R&D agency. Prefer annual No1 entity totals and trust-fund payment lines over supplementary appropriation rows.
2024,Australian Institute of Marine Science (AIMS),science_agency,99852000.0,dollar,AUD,section_total,2024 No1 C2023A00031.docx,32.0,,,Total: Australian Institute of Marine Science,covered_by_final_series,,,
2024,Australian Renewable Energy Agency,innovation_instruments,319090000.0,dollar,AUD,section_total,2024 No1 C2023A00031.docx,33.0,,,Total: Australian Renewable Energy Agency,covered_by_final_series,,,Dedicated renewable-energy innovation agency. Prefer annual No1 totals over supplementary appropriations.
2024,Australian Research Council (ARC),science_agency,34537000.0,dollar,AUD,section_total,2024 No1 C2023A00031.docx,50.0,,,Total: Australian Research Council,covered_by_final_series,,,Created 1988. Before 1988 equivalent grants appear as 'Research grants' under Dept of Science.
2024,Bureau of Meteorology (Research),science_agency,442726000.0,dollar,AUD,section_total,2024 No1 C2023A00031.docx,38.0,,,Total: Bureau of Meteorology,covered_by_final_series,,,Include only if extracted as R&D — BoM has a large operational budget.
2024,CSIRO,science_agency,1008739000.0,dollar,AUD,section_total,2024 No1 C2023A00031.docx,94.0,,,Total: Commonwealth Scientific and Industrial,covered_by_final_series,,,Core public research agency. Pre-1949: Advisory Council of Science. Continuously tracked since 1975 in these files.
2024,Geoscience Australia / Bureau of Mineral Resources,science_agency,328834000.0,dollar,AUD,section_total,2024 No1 C2023A00031.docx,97.0,,,Total: Geoscience Australia,covered_by_final_series,,,BMR renamed Geoscience Australia in 2001.
2024,NHMRC / Medical Research Fund,science_agency,961379000.0,dollar,AUD,line_item,2024 No1 C2023A00031.docx,71.0,,,National Health and Medical Research Council,covered_by_final_series,,,NHMRC grants and endowment fund payments. Early years appear as line items under Health.
2025,ANSTO / Atomic Energy Commission,science_agency,324464000.0,dollar,AUD,line_item,2025 No1 C2024A00047.docx,93.0,,,Australian Nuclear Science and Technology Organisation,covered_by_final_series,,,AAEC renamed ANSTO in 1987.
2025,Australian Centre for International Agricultural Research,direct_rd,117327000.0,dollar,AUD,line_item,2025 No1 C2024A00047.docx,66.0,,,Australian Centre for International Agricultural Research,covered_by_final_series,,,Dedicated agricultural R&D agency. Prefer annual No1 entity totals and trust-fund payment lines over supplementary appropriation rows.
2025,Australian Institute of Marine Science (AIMS),science_agency,81869000.0,dollar,AUD,section_total,2025 No1 C2024A00047.docx,31.0,,,Total: Australian Institute of Marine Science,covered_by_final_series,,,
2025,Australian Renewable Energy Agency,innovation_instruments,465264000.0,dollar,AUD,section_total,2025 No1 C2024A00047.docx,32.0,,,Total: Australian Renewable Energy Agency,covered_by_final_series,,,Dedicated renewable-energy innovation agency. Prefer annual No1 totals over supplementary appropriations.
2025,Australian Research Council (ARC),science_agency,1055621000.0,dollar,AUD,section_total,2025 No1 C2024A00047.docx,49.0,,,Total: Australian Research Council,covered_by_final_series,,,Created 1988. Before 1988 equivalent grants appear as 'Research grants' under Dept of Science.
2025,Bureau of Meteorology (Research),science_agency,440088000.0,dollar,AUD,section_total,2025 No1 C2024A00047.docx,37.0,,,Total: Bureau of Meteorology,covered_by_final_series,,,Include only if extracted as R&D — BoM has a large operational budget.
2025,CSIRO,science_agency,916459000.0,dollar,AUD,section_total,2025 No1 C2024A00047.docx,96.0,,,Total: Commonwealth Scientific and Industrial,covered_by_final_series,,,Core public research agency. Pre-1949: Advisory Council of Science. Continuously tracked since 1975 in these files.
2025,Geoscience Australia / Bureau of Mineral Resources,science_agency,345291000.0,dollar,AUD,section_total,2025 No1 C2024A00047.docx,99.0,,,Total: Geoscience Australia,covered_by_final_series,,,BMR renamed Geoscience Australia in 2001.
2025,NHMRC / Medical Research Fund,science_agency,992310000.0,dollar,AUD,line_item,2025 No1 C2024A00047.docx,72.0,,,National Health and Medical Research Council,covered_by_final_series,,,NHMRC grants and endowment fund payments. Early years appear as line items under Health.
2026,ANSTO / Atomic Energy Commission,science_agency,225589000.0,dollar,AUD,line_item,2026 No1 C2025A00047.docx,92.0,,,Australian Nuclear Science and Technology Organisation,covered_by_final_series,,,AAEC renamed ANSTO in 1987.
2026,Australian Centre for International Agricultural Research,direct_rd,70049000.0,dollar,AUD,line_item,2026 No1 C2025A00047.docx,62.0,,,Australian Centre for International Agricultural Research,covered_by_final_series,,,Dedicated agricultural R&D agency. Prefer annual No1 entity totals and trust-fund payment lines over supplementary appropriation rows.
2026,Australian Institute of Marine Science (AIMS),science_agency,51803000.0,dollar,AUD,section_total,2026 No1 C2025A00047.docx,25.0,,,Total: Australian Institute of Marine Science,covered_by_final_series,,,
2026,Australian Renewable Energy Agency,innovation_instruments,36231000.0,dollar,AUD,section_total,2026 No1 C2025A00047.docx,26.0,,,Total: Australian Renewable Energy Agency,covered_by_final_series,,,Dedicated renewable-energy innovation agency. Prefer annual No1 totals over supplementary appropriations.
2026,Australian Research Council (ARC),science_agency,620763000.0,dollar,AUD,section_total,2026 No1 C2025A00047.docx,45.0,,,Total: Australian Research Council,covered_by_final_series,,,Created 1988. Before 1988 equivalent grants appear as 'Research grants' under Dept of Science.
2026,Bureau of Meteorology (Research),science_agency,254574000.0,dollar,AUD,section_total,2026 No1 C2025A00047.docx,31.0,,,Total: Bureau of Meteorology,covered_by_final_series,,,Include only if extracted as R&D — BoM has a large operational budget.
2026,CSIRO,science_agency,587072000.0,dollar,AUD,section_total,2026 No1 C2025A00047.docx,95.0,,,Total: Commonwealth Scientific and Industrial,covered_by_final_series,,,Core public research agency. Pre-1949: Advisory Council of Science. Continuously tracked since 1975 in these files.
2026,Geoscience Australia / Bureau of Mineral Resources,science_agency,202899000.0,dollar,AUD,section_total,2026 No1 C2025A00047.docx,98.0,,,Total: Geoscience Australia,covered_by_final_series,,,BMR renamed Geoscience Australia in 2001.
2026,NHMRC / Medical Research Fund,science_agency,596620000.0,dollar,AUD,line_item,2026 No1 C2025A00047.docx,68.0,,,National Health and Medical Research Council,covered_by_final_series,,,NHMRC grants and endowment fund payments. Early years appear as line items under Health.
