year,canonical_name,category,amount_local,unit,currency,item_type,source_file,page_number,pdf_path,full_text_cache,line_description_en,traceability_status,trace_method,trace_excerpt,series_notes
1975,Chalmers tekniska hogskola,higher_education,,,,,,,,,,covered_by_final_series,,,gap: no matching rows in this year
1975,FOI / FOA (Totalforsvaret forskningsinstitut),science_agency,130354000.0,krona,SEK,program_total,1975 prop_1975__1.pdf,15,Data/input/finance_bills/Sweden/1975 prop_1975__1.pdf,,Total for Försvarets forskningsanstalts delfond,covered_by_final_series,,,FOA renamed FOI in 2001.
1975,Goteborgs Universitet,higher_education,,,,,,,,,,covered_by_final_series,,,gap: no matching rows in this year
1975,Karolinska Institutet,higher_education,,,,,,,,,,covered_by_final_series,,,gap: no matching rows in this year
1975,Kungliga Tekniska Hogskolan (KTH),higher_education,,,,,,,,,,covered_by_final_series,,,gap: no matching rows in this year
1975,Linkoepings Universitet,higher_education,,,,,,,,,,covered_by_final_series,,,gap: no matching rows in this year
1975,Lunds Universitet,higher_education,,,,,,,,,,covered_by_final_series,,,gap: no matching rows in this year
1975,Medical Research Reserve Grant,direct_rd,64352000.0,krona,SEK,line_item,1975 prop_1975__1.pdf,2052,Data/input/finance_bills/Sweden/1975 prop_1975__1.pdf,,Medicinsk forskning reservationsanslag,covered_by_final_series,,,This grant is specifically for medical research.
1975,Medicinska forskningsradet (MFR),science_agency,64352000.0,krona,SEK,line_item,1975 prop_1975__1.pdf,2052,Data/input/finance_bills/Sweden/1975 prop_1975__1.pdf,,Medicinsk forskning reservationsanslag,covered_by_final_series,,,Merged into Vetenskapsradet 2001.
1975,Naturvetenskapliga forskningsradet (NFR),science_agency,89375000.0,krona,SEK,line_item,1975 prop_1975__1.pdf,1395,Data/input/finance_bills/Sweden/1975 prop_1975__1.pdf,,Laboratory Assistants,covered_by_final_series,,,Merged into Vetenskapsradet 2001.
1975,Rymdstyrelsen,science_agency,12606000.0,krona,SEK,line_item,1975 prop_1975__1.pdf,2063,Data/input/finance_bills/Sweden/1975 prop_1975__1.pdf,,Förslag,covered_by_final_series,,,
1975,SMHI,science_agency,37552000.0,krona,SEK,line_item,1975 prop_1975__1.pdf,1393,Data/input/finance_bills/Sweden/1975 prop_1975__1.pdf,,Förslag,covered_by_final_series,,,
1975,STU (Styrelsen for Teknisk Utveckling),science_agency,548136000.0,krona,SEK,program_total,1975 prop_1975__1.pdf,50,Data/input/finance_bills/Sweden/1975 prop_1975__1.pdf,,Total for Styrelsen för teknisk utveckling,covered_by_final_series,,,Pre-NUTEK innovation agency. Succeeded by NUTEK 1991.
1975,Stockholms Universitet,higher_education,,,,,,,,,,covered_by_final_series,,,gap: no matching rows in this year
1975,Umea Universitet,higher_education,,,,,,,,,,covered_by_final_series,,,gap: no matching rows in this year
1975,Universiteterna (collective Sweden),higher_education,,,,,,,,,,covered_by_final_series,,,gap: no matching rows in this year
1975,Uppsala Universitet,higher_education,,,,,,,,,,covered_by_final_series,,,gap: no matching rows in this year
1980,Chalmers tekniska hogskola,higher_education,,,,,,,,,,covered_by_final_series,,,gap: no matching rows in this year
1980,Collection and Analysis of Airborne Radioactivity,direct_rd,730000000.0,krona,SEK,line_item,1980 prop_197980__100.pdf,1030,Data/input/finance_bills/Sweden/1980 prop_197980__100.pdf,,Insamling och analys av luftburen radioaktivitet,covered_by_final_series,,,"This program involves research on airborne radioactivity, which is relevant to R&D."
1980,FOI / FOA (Totalforsvaret forskningsinstitut),science_agency,6918000000.0,krona,SEK,line_item,1980 prop_197980__100.pdf,1031,Data/input/finance_bills/Sweden/1980 prop_197980__100.pdf,,FOA budget request,covered_by_final_series,,,FOA renamed FOI in 2001.
1980,Goteborgs Universitet,higher_education,,,,,,,,,,covered_by_final_series,,,gap: no matching rows in this year
1980,Humanistisk-samhallsvetenskapliga forskningsradet (HSFR),science_agency,64622000000.0,krona,SEK,line_item,1980 prop_197980__100.pdf,2593,Data/input/finance_bills/Sweden/1980 prop_197980__100.pdf,,Requested budget for HSFR,covered_by_final_series,,,Merged into Vetenskapsradet 2001.
1980,Karolinska Institutet,higher_education,,,,,,,,,,covered_by_final_series,,,gap: no matching rows in this year
1980,Kungliga Tekniska Hogskolan (KTH),higher_education,,,,,,,,,,covered_by_final_series,,,gap: no matching rows in this year
1980,Linkoepings Universitet,higher_education,,,,,,,,,,covered_by_final_series,,,gap: no matching rows in this year
1980,Lunds Universitet,higher_education,,,,,,,,,,covered_by_final_series,,,gap: no matching rows in this year
1980,Medicinska forskningsradet (MFR),science_agency,110905000000.0,krona,SEK,line_item,1980 prop_197980__100.pdf,2595,Data/input/finance_bills/Sweden/1980 prop_197980__100.pdf,,Förslag 1980/81,covered_by_final_series,,,Merged into Vetenskapsradet 2001.
1980,Naturvetenskapliga forskningsradet (NFR),science_agency,210387000.0,krona,SEK,line_item,1980 prop_197980__100.pdf,2597,Data/input/finance_bills/Sweden/1980 prop_197980__100.pdf,,Naturvetenskaplig forskning,covered_by_final_series,,,Merged into Vetenskapsradet 2001.
1980,Rymdstyrelsen,science_agency,13229000.0,krona,SEK,line_item,1980 prop_197980__100.pdf,2597,Data/input/finance_bills/Sweden/1980 prop_197980__100.pdf,,Rymdforskning,covered_by_final_series,,,
1980,SMHI,science_agency,154060000.0,krona,SEK,program_total,1980 prop_197980__100.pdf,27,Data/input/finance_bills/Sweden/1980 prop_197980__100.pdf,,Total för SMHI,covered_by_final_series,,,
1980,STU (Styrelsen for Teknisk Utveckling),science_agency,300000000.0,krona,SEK,program_total,1980 prop_197980__100.pdf,49,Data/input/finance_bills/Sweden/1980 prop_197980__100.pdf,,Energiteknisk forskning och utveckling vid Studsvik Energiteknik AB,covered_by_final_series,,,Pre-NUTEK innovation agency. Succeeded by NUTEK 1991.
1980,Stockholms Universitet,higher_education,,,,,,,,,,covered_by_final_series,,,gap: no matching rows in this year
1980,Umea Universitet,higher_education,,,,,,,,,,covered_by_final_series,,,gap: no matching rows in this year
1980,Universiteterna (collective Sweden),higher_education,,,,,,,,,,covered_by_final_series,,,gap: no matching rows in this year
1980,Uppsala Universitet,higher_education,,,,,,,,,,covered_by_final_series,,,gap: no matching rows in this year
1981,Chalmers tekniska hogskola,higher_education,,,,,,,,,,covered_by_final_series,,,gap: no matching rows in this year
1981,Collection and Analysis of Airborne Radioactivity,direct_rd,730000000.0,krona,SEK,line_item,1981 prop_197980__100.pdf,1030,Data/input/finance_bills/Sweden/1981 prop_197980__100.pdf,,Insamling och analys av luftburen radioaktivitet,covered_by_final_series,,,"This program involves research on airborne radioactivity, which is relevant to R&D."
1981,FOI / FOA (Totalforsvaret forskningsinstitut),science_agency,3602000000.0,krona,SEK,line_item,1981 prop_197980__100.pdf,1030,Data/input/finance_bills/Sweden/1981 prop_197980__100.pdf,,Scismologisk multipelstation,covered_by_final_series,,,FOA renamed FOI in 2001.
1981,Goteborgs Universitet,higher_education,,,,,,,,,,covered_by_final_series,,,gap: no matching rows in this year
1981,Humanistisk-samhallsvetenskapliga forskningsradet (HSFR),science_agency,64622000000.0,krona,SEK,line_item,1981 prop_197980__100.pdf,2593,Data/input/finance_bills/Sweden/1981 prop_197980__100.pdf,,Requested budget for HSFR,covered_by_final_series,,,Merged into Vetenskapsradet 2001.
1981,Karolinska Institutet,higher_education,,,,,,,,,,covered_by_final_series,,,gap: no matching rows in this year
1981,Kungliga Tekniska Hogskolan (KTH),higher_education,,,,,,,,,,covered_by_final_series,,,gap: no matching rows in this year
1981,Linkoepings Universitet,higher_education,,,,,,,,,,covered_by_final_series,,,gap: no matching rows in this year
1981,Lunds Universitet,higher_education,,,,,,,,,,covered_by_final_series,,,gap: no matching rows in this year
1981,Medicinska forskningsradet (MFR),science_agency,110905000.0,krona,SEK,line_item,1981 prop_197980__100.pdf,2595,Data/input/finance_bills/Sweden/1981 prop_197980__100.pdf,,Proposed funding for MFR,covered_by_final_series,,,Merged into Vetenskapsradet 2001.
1981,Naturvetenskapliga forskningsradet (NFR),science_agency,210387000.0,krona,SEK,line_item,1981 prop_197980__100.pdf,2597,Data/input/finance_bills/Sweden/1981 prop_197980__100.pdf,,Naturvetenskaplig forskning,covered_by_final_series,,,Merged into Vetenskapsradet 2001.
1981,Rymdstyrelsen,science_agency,13229000.0,krona,SEK,line_item,1981 prop_197980__100.pdf,2597,Data/input/finance_bills/Sweden/1981 prop_197980__100.pdf,,Rymdforskning,covered_by_final_series,,,
1981,SMHI,science_agency,154060000000.0,krona,SEK,program_total,1981 prop_197980__100.pdf,27,Data/input/finance_bills/Sweden/1981 prop_197980__100.pdf,,Total for SMHI,covered_by_final_series,,,
1981,STU (Styrelsen for Teknisk Utveckling),science_agency,300000000.0,krona,SEK,program_total,1981 prop_197980__100.pdf,49,Data/input/finance_bills/Sweden/1981 prop_197980__100.pdf,,Total for STU,covered_by_final_series,,,Pre-NUTEK innovation agency. Succeeded by NUTEK 1991.
1981,Stockholms Universitet,higher_education,,,,,,,,,,covered_by_final_series,,,gap: no matching rows in this year
1981,Umea Universitet,higher_education,,,,,,,,,,covered_by_final_series,,,gap: no matching rows in this year
1981,Universiteterna (collective Sweden),higher_education,,,,,,,,,,covered_by_final_series,,,gap: no matching rows in this year
1981,Uppsala Universitet,higher_education,,,,,,,,,,covered_by_final_series,,,gap: no matching rows in this year
1982,Chalmers tekniska hogskola,higher_education,,,,,,,,,,covered_by_final_series,,,gap: no matching rows in this year
1982,Collection and Analysis of Airborne Radioactivity,direct_rd,,,,,,,,,,covered_by_final_series,,,gap: no matching rows in this year
1982,FOI / FOA (Totalforsvaret forskningsinstitut),science_agency,11200000000.0,krona,SEK,line_item,1982 prop_198182__100.pdf,925,Data/input/finance_bills/Sweden/1982 prop_198182__100.pdf,,FOA budget request,covered_by_final_series,,,FOA renamed FOI in 2001.
1982,Goteborgs Universitet,higher_education,,,,,,,,,,covered_by_final_series,,,gap: no matching rows in this year
1982,Humanistisk-samhallsvetenskapliga forskningsradet (HSFR),science_agency,11602000.0,krona,SEK,line_item,1982 prop_198182__100.pdf,35,Data/input/finance_bills/Sweden/1982 prop_198182__100.pdf,,Förvaltningskostnader,covered_by_final_series,,,Merged into Vetenskapsradet 2001.
1982,Karolinska Institutet,higher_education,,,,,,,,,,covered_by_final_series,,,gap: no matching rows in this year
1982,Kungliga Tekniska Hogskolan (KTH),higher_education,,,,,,,,,,covered_by_final_series,,,gap: no matching rows in this year
1982,Linkoepings Universitet,higher_education,,,,,,,,,,covered_by_final_series,,,gap: no matching rows in this year
1982,Lunds Universitet,higher_education,,,,,,,,,,covered_by_final_series,,,gap: no matching rows in this year
1982,Medicinska forskningsradet (MFR),science_agency,135301000.0,krona,SEK,line_item,1982 prop_198182__100.pdf,2341,Data/input/finance_bills/Sweden/1982 prop_198182__100.pdf,,Förslag 1982/83,covered_by_final_series,,,Merged into Vetenskapsradet 2001.
1982,National Space Research Activities,direct_rd,17952000000.0,krona,SEK,line_item,1982 prop_198182__100.pdf,2346,Data/input/finance_bills/Sweden/1982 prop_198182__100.pdf,,National Space Research Activities,covered_by_final_series,,,"This entity is focused on space research, which is a key area of R&D."
1982,National Space Research Funding,direct_rd,16513000000.0,krona,SEK,line_item,1982 prop_198182__100.pdf,2348,Data/input/finance_bills/Sweden/1982 prop_198182__100.pdf,,National Space Research Funding,covered_by_final_series,,,"This fund is specifically for space research, a significant area of R&D."
1982,Naturvetenskapliga forskningsradet (NFR),science_agency,289419000.0,krona,SEK,line_item,1982 prop_198182__100.pdf,35,Data/input/finance_bills/Sweden/1982 prop_198182__100.pdf,,reservationsanslag,covered_by_final_series,,,Merged into Vetenskapsradet 2001.
1982,Rymdstyrelsen,science_agency,255142000000.0,krona,SEK,program_total,1982 prop_198182__100.pdf,2343,Data/input/finance_bills/Sweden/1982 prop_198182__100.pdf,,Total Space Research Budget,covered_by_final_series,,,
1982,SMHI,science_agency,651068000.0,krona,SEK,line_item,1982 prop_198182__100.pdf,26,Data/input/finance_bills/Sweden/1982 prop_198182__100.pdf,,Beräknat belopp,covered_by_final_series,,,
1982,STU (Styrelsen for Teknisk Utveckling),science_agency,1550017500.0,krona,SEK,line_item,1982 prop_198182__100.pdf,506,Data/input/finance_bills/Sweden/1982 prop_198182__100.pdf,,Styrelsen för teknisk utveckling,covered_by_final_series,,,Pre-NUTEK innovation agency. Succeeded by NUTEK 1991.
1982,Stockholms Universitet,higher_education,,,,,,,,,,covered_by_final_series,,,gap: no matching rows in this year
1982,Total Space Research Budget,direct_rd,255142000000.0,krona,SEK,program_total,1982 prop_198182__100.pdf,2343,Data/input/finance_bills/Sweden/1982 prop_198182__100.pdf,,Total Space Research Budget,covered_by_final_series,,,This budget is specifically allocated for space research.
1982,Umea Universitet,higher_education,,,,,,,,,,covered_by_final_series,,,gap: no matching rows in this year
1982,Universiteterna (collective Sweden),higher_education,,,,,,,,,,covered_by_final_series,,,gap: no matching rows in this year
1982,Uppsala Universitet,higher_education,,,,,,,,,,covered_by_final_series,,,gap: no matching rows in this year
1983,Chalmers tekniska hogskola,higher_education,,,,,,,,,,covered_by_final_series,,,gap: no matching rows in this year
1983,Collection and Analysis of Airborne Radioactivity,direct_rd,,,,,,,,,,covered_by_final_series,,,gap: no matching rows in this year
1983,FOI / FOA (Totalforsvaret forskningsinstitut),science_agency,44455000.0,krona,SEK,line_item,1983 prop_198283__100.pdf,21,Data/input/finance_bills/Sweden/1983 prop_198283__100.pdf,,Försvarets forskningsanstalt,covered_by_final_series,,,FOA renamed FOI in 2001.
1983,Goteborgs Universitet,higher_education,,,,,,,,,,covered_by_final_series,,,gap: no matching rows in this year
1983,Humanistisk-samhallsvetenskapliga forskningsradet (HSFR),science_agency,1000000000.0,krona,SEK,line_item,1983 prop_198283__100.pdf,2479,Data/input/finance_bills/Sweden/1983 prop_198283__100.pdf,,Project funding for HSFR,covered_by_final_series,,,Merged into Vetenskapsradet 2001.
1983,Karolinska Institutet,higher_education,,,,,,,,,,covered_by_final_series,,,gap: no matching rows in this year
1983,Kungliga Tekniska Hogskolan (KTH),higher_education,,,,,,,,,,covered_by_final_series,,,gap: no matching rows in this year
1983,Linkoepings Universitet,higher_education,,,,,,,,,,covered_by_final_series,,,gap: no matching rows in this year
1983,Lunds Universitet,higher_education,,,,,,,,,,covered_by_final_series,,,gap: no matching rows in this year
1983,Medicinska forskningsradet (MFR),science_agency,5150000.0,krona,SEK,program_total,1983 prop_198283__100.pdf,2479,Data/input/finance_bills/Sweden/1983 prop_198283__100.pdf,,total cost for research proposals,covered_by_final_series,,,Merged into Vetenskapsradet 2001.
1983,Naturvetenskapliga forskningsradet (NFR),science_agency,28513000000.0,krona,SEK,line_item,1983 prop_198283__100.pdf,2055,Data/input/finance_bills/Sweden/1983 prop_198283__100.pdf,,Budget increase for NFR,covered_by_final_series,,,Merged into Vetenskapsradet 2001.
1983,Rymdstyrelsen,science_agency,18922000.0,krona,SEK,line_item,1983 prop_198283__100.pdf,2501,Data/input/finance_bills/Sweden/1983 prop_198283__100.pdf,,Nationell rymdforskningsverksamhet,covered_by_final_series,,,
1983,SMHI,science_agency,87620000000.0,krona,SEK,program_total,1983 prop_198283__100.pdf,1794,Data/input/finance_bills/Sweden/1983 prop_198283__100.pdf,,Förslag 1983/84,covered_by_final_series,,,
1983,STU (Styrelsen for Teknisk Utveckling),science_agency,17500190000.0,krona,SEK,line_item,1983 prop_198283__100.pdf,508,Data/input/finance_bills/Sweden/1983 prop_198283__100.pdf,,Styrelsen för teknisk utveckling,covered_by_final_series,,,Pre-NUTEK innovation agency. Succeeded by NUTEK 1991.
1983,Stockholms Universitet,higher_education,,,,,,,,,,covered_by_final_series,,,gap: no matching rows in this year
1983,Umea Universitet,higher_education,,,,,,,,,,covered_by_final_series,,,gap: no matching rows in this year
1983,Universiteterna (collective Sweden),higher_education,,,,,,,,,,covered_by_final_series,,,gap: no matching rows in this year
1983,Uppsala Universitet,higher_education,,,,,,,,,,covered_by_final_series,,,gap: no matching rows in this year
1984,Chalmers tekniska hogskola,higher_education,,,,,,,,,,covered_by_final_series,,,gap: no matching rows in this year
1984,Collection and Analysis of Airborne Radioactivity,direct_rd,,,,,,,,,,covered_by_final_series,,,gap: no matching rows in this year
1984,Contribution to Tele-X project,direct_rd,9900000.0,krona,SEK,line_item,1984 prop_198384__100.pdf,45,Data/input/finance_bills/Sweden/1984 prop_198384__100.pdf,,Contribution to Tele-X project,covered_by_final_series,,,Supports a specific project likely related to research and development.
1984,"Equipment, reservation allocation",innovation_instruments,202000000.0,krona,SEK,line_item,1984 prop_198384__100.pdf,27,Data/input/finance_bills/Sweden/1984 prop_198384__100.pdf,,"Utrustning, reservationsanslag",covered_by_final_series,,,"This funding is likely aimed at supporting research equipment, making it relevant for R&D."
1984,European Space Cooperation,direct_rd,108858000.0,krona,SEK,line_item,1984 prop_198384__100.pdf,3015,Data/input/finance_bills/Sweden/1984 prop_198384__100.pdf,,Europeiskt rymdsamarbete,covered_by_final_series,,,Involves collaborative research in space technology.
1984,FOI / FOA (Totalforsvaret forskningsinstitut),science_agency,2600000.0,krona,SEK,line_item,1984 prop_198384__100.pdf,795,Data/input/finance_bills/Sweden/1984 prop_198384__100.pdf,,Voluntary contributions to UN-related activities,covered_by_final_series,,,FOA renamed FOI in 2001.
1984,Funding for OSD Project,direct_rd,710000000.0,krona,SEK,line_item,1984 prop_198384__100.pdf,2202,Data/input/finance_bills/Sweden/1984 prop_198384__100.pdf,,Funding for OSD project,covered_by_final_series,,,This funding is designated for a specific research and development project.
1984,Funding for SMP Project,direct_rd,451000000.0,krona,SEK,line_item,1984 prop_198384__100.pdf,2202,Data/input/finance_bills/Sweden/1984 prop_198384__100.pdf,,Funding for SMP project,covered_by_final_series,,,This funding is directed towards a specific research project.
1984,Goteborgs Universitet,higher_education,,,,,,,,,,covered_by_final_series,,,gap: no matching rows in this year
1984,Humanistisk-samhallsvetenskapliga forskningsradet (HSFR),science_agency,710000000.0,krona,SEK,line_item,1984 prop_198384__100.pdf,2202,Data/input/finance_bills/Sweden/1984 prop_198384__100.pdf,,Funding for OSD project,covered_by_final_series,,,Merged into Vetenskapsradet 2001.
1984,Karolinska Institutet,higher_education,,,,,,,,,,covered_by_final_series,,,gap: no matching rows in this year
1984,Kungliga Tekniska Hogskolan (KTH),higher_education,,,,,,,,,,covered_by_final_series,,,gap: no matching rows in this year
1984,Linkoepings Universitet,higher_education,,,,,,,,,,covered_by_final_series,,,gap: no matching rows in this year
1984,Lunds Universitet,higher_education,,,,,,,,,,covered_by_final_series,,,gap: no matching rows in this year
1984,Medicinska forskningsradet (MFR),science_agency,,,,,,,,,,covered_by_final_series,,,gap: no matching rows in this year
1984,Naturvetenskapliga forskningsradet (NFR),science_agency,10000000.0,krona,SEK,line_item,1984 prop_198384__100.pdf,569,Data/input/finance_bills/Sweden/1984 prop_198384__100.pdf,,Naturvetenskapliga forskningsrådet,covered_by_final_series,,,Merged into Vetenskapsradet 2001.
1984,Rymdstyrelsen,science_agency,108858000.0,krona,SEK,line_item,1984 prop_198384__100.pdf,3015,Data/input/finance_bills/Sweden/1984 prop_198384__100.pdf,,Europeiskt rymdsamarbete,covered_by_final_series,,,
1984,SMHI,science_agency,202000000.0,krona,SEK,line_item,1984 prop_198384__100.pdf,27,Data/input/finance_bills/Sweden/1984 prop_198384__100.pdf,,"Utrustning, reservationsanslag",covered_by_final_series,,,
1984,STU (Styrelsen for Teknisk Utveckling),science_agency,610500000.0,krona,SEK,line_item,1984 prop_198384__100.pdf,45,Data/input/finance_bills/Sweden/1984 prop_198384__100.pdf,,Technical research and development,covered_by_final_series,,,Pre-NUTEK innovation agency. Succeeded by NUTEK 1991.
1984,Stockholms Universitet,higher_education,,,,,,,,,,covered_by_final_series,,,gap: no matching rows in this year
1984,Support for Industrial Development,innovation_instruments,210000000.0,krona,SEK,line_item,1984 prop_198384__100.pdf,45,Data/input/finance_bills/Sweden/1984 prop_198384__100.pdf,,Support for industrial development work,covered_by_final_series,,,"This program supports industrial development, which is relevant to R&D activities."
1984,Technical Development Funding,innovation_instruments,1618451000.0,krona,SEK,program_total,1984 prop_198384__100.pdf,45,Data/input/finance_bills/Sweden/1984 prop_198384__100.pdf,,Technical development funding,covered_by_final_series,,,This funding is aimed at supporting technical development projects.
1984,Umea Universitet,higher_education,,,,,,,,,,covered_by_final_series,,,gap: no matching rows in this year
1984,Universiteterna (collective Sweden),higher_education,,,,,,,,,,covered_by_final_series,,,gap: no matching rows in this year
1984,Uppsala Universitet,higher_education,,,,,,,,,,covered_by_final_series,,,gap: no matching rows in this year
1985,Chalmers tekniska hogskola,higher_education,,,,,,,,,,covered_by_final_series,,,gap: no matching rows in this year
1985,Collection and Analysis of Airborne Radioactivity,direct_rd,,,,,,,,,,covered_by_final_series,,,gap: no matching rows in this year
1985,"Equipment, reservation allocation",innovation_instruments,,,,,,,,,,covered_by_final_series,,,gap: no matching rows in this year
1985,European Space Cooperation,direct_rd,,,,,,,,,,covered_by_final_series,,,gap: no matching rows in this year
1985,Extra Professor in Biochemistry,higher_education,251000000.0,krona,SEK,line_item,1985 prop_198485__100.pdf,2265,Data/input/finance_bills/Sweden/1985 prop_198485__100.pdf,,Extra professor in biochemistry,covered_by_final_series,,,This position supports research in biochemistry.
1985,FOI / FOA (Totalforsvaret forskningsinstitut),science_agency,167186000.0,krona,SEK,line_item,1985 prop_198485__100.pdf,21,Data/input/finance_bills/Sweden/1985 prop_198485__100.pdf,,Försvarets forskningsanstalt,covered_by_final_series,,,FOA renamed FOI in 2001.
1985,Goteborgs Universitet,higher_education,,,,,,,,,,covered_by_final_series,,,gap: no matching rows in this year
1985,Humanistisk-samhallsvetenskapliga forskningsradet (HSFR),science_agency,5000000000.0,krona,SEK,line_item,1985 prop_198485__100.pdf,1968,Data/input/finance_bills/Sweden/1985 prop_198485__100.pdf,,Humanistisk och samhällsvetenskaplig forskning,covered_by_final_series,,,Merged into Vetenskapsradet 2001.
1985,Humanities and Social Science Research,direct_rd,5000000000.0,krona,SEK,line_item,1985 prop_198485__100.pdf,1968,Data/input/finance_bills/Sweden/1985 prop_198485__100.pdf,,Humanistisk och samhällsvetenskaplig forskning,covered_by_final_series,,,This funding supports research in humanities and social sciences.
1985,Karolinska Institutet,higher_education,,,,,,,,,,covered_by_final_series,,,gap: no matching rows in this year
1985,Kungliga Tekniska Hogskolan (KTH),higher_education,,,,,,,,,,covered_by_final_series,,,gap: no matching rows in this year
1985,Linkoepings Universitet,higher_education,,,,,,,,,,covered_by_final_series,,,gap: no matching rows in this year
1985,Longitudinal Research,direct_rd,125000000.0,krona,SEK,line_item,1985 prop_198485__100.pdf,1970,Data/input/finance_bills/Sweden/1985 prop_198485__100.pdf,,Longitudinell forskning,covered_by_final_series,,,This research type is relevant for long-term studies in various fields.
1985,Lunds Universitet,higher_education,,,,,,,,,,covered_by_final_series,,,gap: no matching rows in this year
1985,Medicinska forskningsradet (MFR),science_agency,191376000.0,krona,SEK,line_item,1985 prop_198485__100.pdf,2282,Data/input/finance_bills/Sweden/1985 prop_198485__100.pdf,,Proposed Anslag 1985/86,covered_by_final_series,,,Merged into Vetenskapsradet 2001.
1985,Naturvetenskapliga forskningsradet (NFR),science_agency,600000000.0,krona,SEK,line_item,1985 prop_198485__100.pdf,2264,Data/input/finance_bills/Sweden/1985 prop_198485__100.pdf,,Professor in natural resource management,covered_by_final_series,,,Merged into Vetenskapsradet 2001.
1985,Research Group at Medical Physics and Ecological Chemistry Institute,direct_rd,589000000.0,krona,SEK,line_item,1985 prop_198485__100.pdf,2265,Data/input/finance_bills/Sweden/1985 prop_198485__100.pdf,,Research group at medical physics and ecological chemistry inst.,covered_by_final_series,,,This group is likely involved in research activities relevant to R&D.
1985,Research on the Use of Computer Technology,direct_rd,1545000000.0,krona,SEK,line_item,1985 prop_198485__100.pdf,1968,Data/input/finance_bills/Sweden/1985 prop_198485__100.pdf,,Forskning om datateknikens användning,covered_by_final_series,,,This entity is focused on research in computer technology.
1985,Rymdstyrelsen,science_agency,20355000000.0,krona,SEK,line_item,1985 prop_198485__100.pdf,2283,Data/input/finance_bills/Sweden/1985 prop_198485__100.pdf,,Rymdforskning,covered_by_final_series,,,
1985,SMHI,science_agency,6900000.0,krona,SEK,line_item,1985 prop_198485__100.pdf,27,Data/input/finance_bills/Sweden/1985 prop_198485__100.pdf,,Utrustning,covered_by_final_series,,,
1985,STU (Styrelsen for Teknisk Utveckling),science_agency,19000000.0,krona,SEK,line_item,1985 prop_198485__100.pdf,45,Data/input/finance_bills/Sweden/1985 prop_198485__100.pdf,,Förvaltningskostnader,covered_by_final_series,,,Pre-NUTEK innovation agency. Succeeded by NUTEK 1991.
1985,Stockholms Universitet,higher_education,,,,,,,,,,covered_by_final_series,,,gap: no matching rows in this year
1985,Umea Universitet,higher_education,,,,,,,,,,covered_by_final_series,,,gap: no matching rows in this year
1985,Universiteterna (collective Sweden),higher_education,,,,,,,,,,covered_by_final_series,,,gap: no matching rows in this year
1985,Uppsala Universitet,higher_education,,,,,,,,,,covered_by_final_series,,,gap: no matching rows in this year
1986,Chalmers tekniska hogskola,higher_education,,,,,,,,,,covered_by_final_series,,,gap: no matching rows in this year
1986,Collection and Analysis of Airborne Radioactivity,direct_rd,1315000.0,krona,SEK,line_item,1986 prop_198586__100.pdf,793,Data/input/finance_bills/Sweden/1986 prop_198586__100.pdf,,Insamling och analys av luftburen radioaktivitet,covered_by_final_series,,,"This program involves research on airborne radioactivity, which is relevant to R&D."
1986,"Equipment, reservation allocation",innovation_instruments,,,,,,,,,,covered_by_final_series,,,gap: no matching rows in this year
1986,European Space Cooperation,direct_rd,,,,,,,,,,covered_by_final_series,,,gap: no matching rows in this year
1986,FOI / FOA (Totalforsvaret forskningsinstitut),science_agency,14255000.0,krona,SEK,line_item,1986 prop_198586__100.pdf,794,Data/input/finance_bills/Sweden/1986 prop_198586__100.pdf,,Requested budget for 1986/87,covered_by_final_series,,,FOA renamed FOI in 2001.
1986,Goteborgs Universitet,higher_education,,,,,,,,,,covered_by_final_series,,,gap: no matching rows in this year
1986,Humanistisk-samhallsvetenskapliga forskningsradet (HSFR),science_agency,94800000.0,krona,SEK,program_total,1986 prop_198586__100.pdf,2048,Data/input/finance_bills/Sweden/1986 prop_198586__100.pdf,,Total request for 1986/87,covered_by_final_series,,,Merged into Vetenskapsradet 2001.
1986,Karolinska Institutet,higher_education,,,,,,,,,,covered_by_final_series,,,gap: no matching rows in this year
1986,Kungliga Tekniska Hogskolan (KTH),higher_education,,,,,,,,,,covered_by_final_series,,,gap: no matching rows in this year
1986,Linkoepings Universitet,higher_education,,,,,,,,,,covered_by_final_series,,,gap: no matching rows in this year
1986,Lunds Universitet,higher_education,,,,,,,,,,covered_by_final_series,,,gap: no matching rows in this year
1986,Medicinska forskningsradet (MFR),science_agency,198348000.0,krona,SEK,line_item,1986 prop_198586__100.pdf,2049,Data/input/finance_bills/Sweden/1986 prop_198586__100.pdf,,Förslag 1986/87,covered_by_final_series,,,Merged into Vetenskapsradet 2001.
1986,National Semiconductor Research,direct_rd,747654000.0,krona,SEK,line_item,1986 prop_198586__100.pdf,32,Data/input/finance_bills/Sweden/1986 prop_198586__100.pdf,,Nationell halvledarforskning,covered_by_final_series,,,Focuses on research in the semiconductor field.
1986,Naturvetenskapliga forskningsradet (NFR),science_agency,747654000.0,krona,SEK,line_item,1986 prop_198586__100.pdf,32,Data/input/finance_bills/Sweden/1986 prop_198586__100.pdf,,Nationell halvledarforskning,covered_by_final_series,,,Merged into Vetenskapsradet 2001.
1986,Research in Information Technology,direct_rd,4000000.0,krona,SEK,line_item,1986 prop_198586__100.pdf,2038,Data/input/finance_bills/Sweden/1986 prop_198586__100.pdf,,Forskning inom informationsteknologiomradet,covered_by_final_series,,,This entity supports research in the field of information technology.
1986,Rymdstyrelsen,science_agency,24003000000.0,krona,SEK,line_item,1986 prop_198586__100.pdf,2054,Data/input/finance_bills/Sweden/1986 prop_198586__100.pdf,,Rymdforskning,covered_by_final_series,,,
1986,SMHI,science_agency,101593000.0,krona,SEK,line_item,1986 prop_198586__100.pdf,1568,Data/input/finance_bills/Sweden/1986 prop_198586__100.pdf,,Bidrag till SMHI,covered_by_final_series,,,
1986,STU (Styrelsen for Teknisk Utveckling),science_agency,175000000.0,krona,SEK,line_item,1986 prop_198586__100.pdf,48,Data/input/finance_bills/Sweden/1986 prop_198586__100.pdf,,Teknisk forskning och utveckling,covered_by_final_series,,,Pre-NUTEK innovation agency. Succeeded by NUTEK 1991.
1986,Seismological Multiple Station,direct_rd,5785000.0,krona,SEK,line_item,1986 prop_198586__100.pdf,793,Data/input/finance_bills/Sweden/1986 prop_198586__100.pdf,,Seismologisk multipelstation,covered_by_final_series,,,"This project is focused on seismological research, which is directly relevant to R&D."
1986,Stockholms Universitet,higher_education,,,,,,,,,,covered_by_final_series,,,gap: no matching rows in this year
1986,Swedish-Soviet Space Cooperation,direct_rd,500000000.0,krona,SEK,line_item,1986 prop_198586__100.pdf,2054,Data/input/finance_bills/Sweden/1986 prop_198586__100.pdf,,Svensk-sovjetiskt rymdsamarbete,covered_by_final_series,,,This program involves collaborative space research efforts.
1986,Umea Universitet,higher_education,,,,,,,,,,covered_by_final_series,,,gap: no matching rows in this year
1986,Universiteterna (collective Sweden),higher_education,,,,,,,,,,covered_by_final_series,,,gap: no matching rows in this year
1986,Uppsala Universitet,higher_education,,,,,,,,,,covered_by_final_series,,,gap: no matching rows in this year
1987,Chalmers tekniska hogskola,higher_education,,,,,,,,,,covered_by_final_series,,,gap: no matching rows in this year
1987,Collection and Analysis of Airborne Radioactivity,direct_rd,,,,,,,,,,covered_by_final_series,,,gap: no matching rows in this year
1987,"Equipment, reservation allocation",innovation_instruments,,,,,,,,,,covered_by_final_series,,,gap: no matching rows in this year
1987,European Space Cooperation,direct_rd,5839000.0,krona,SEK,line_item,1987 prop_198687__100.pdf,45,Data/input/finance_bills/Sweden/1987 prop_198687__100.pdf,,Europeiskt rymdsamarbete,covered_by_final_series,,,Involves collaborative research in space technology.
1987,FOI / FOA (Totalforsvaret forskningsinstitut),science_agency,8023000.0,krona,SEK,line_item,1987 prop_198687__100.pdf,616,Data/input/finance_bills/Sweden/1987 prop_198687__100.pdf,,Kärnvapenområdet,covered_by_final_series,,,FOA renamed FOI in 2001.
1987,Funding for the Tele-X project,direct_rd,72374000.0,krona,SEK,line_item,1987 prop_198687__100.pdf,45,Data/input/finance_bills/Sweden/1987 prop_198687__100.pdf,,Bidrag till Tele-X-projektet,covered_by_final_series,,,Funding allocated for a specific research project.
1987,Goteborgs Universitet,higher_education,,,,,,,,,,covered_by_final_series,,,gap: no matching rows in this year
1987,Humanistisk-samhallsvetenskapliga forskningsradet (HSFR),science_agency,2902141000000.0,krona,SEK,line_item,1987 prop_198687__100.pdf,31,Data/input/finance_bills/Sweden/1987 prop_198687__100.pdf,,Total funding for HSFR,covered_by_final_series,,,Merged into Vetenskapsradet 2001.
1987,Karolinska Institutet,higher_education,,,,,,,,,,covered_by_final_series,,,gap: no matching rows in this year
1987,Kungliga Tekniska Hogskolan (KTH),higher_education,,,,,,,,,,covered_by_final_series,,,gap: no matching rows in this year
1987,Linkoepings Universitet,higher_education,,,,,,,,,,covered_by_final_series,,,gap: no matching rows in this year
1987,Lunds Universitet,higher_education,,,,,,,,,,covered_by_final_series,,,gap: no matching rows in this year
1987,Medicinska forskningsradet (MFR),science_agency,2902141000.0,krona,SEK,program_total,1987 prop_198687__100.pdf,1569,Data/input/finance_bills/Sweden/1987 prop_198687__100.pdf,,total budget for Medicinska forskningsrådet,covered_by_final_series,,,Merged into Vetenskapsradet 2001.
1987,National Space Activities,direct_rd,3216000.0,krona,SEK,line_item,1987 prop_198687__100.pdf,45,Data/input/finance_bills/Sweden/1987 prop_198687__100.pdf,,Nationell rymdverksamhet,covered_by_final_series,,,"This funding is for national space activities, which are R&D relevant."
1987,Naturvetenskapliga forskningsradet (NFR),science_agency,7690802000.0,krona,SEK,program_total,1987 prop_198687__100.pdf,31,Data/input/finance_bills/Sweden/1987 prop_198687__100.pdf,,Total for Naturvetenskapliga forskningsrådet,covered_by_final_series,,,Merged into Vetenskapsradet 2001.
1987,Rymdstyrelsen,science_agency,,,,,,,,,,covered_by_final_series,,,gap: no matching rows in this year
1987,SMHI,science_agency,105800000.0,krona,SEK,line_item,1987 prop_198687__100.pdf,26,Data/input/finance_bills/Sweden/1987 prop_198687__100.pdf,,Förslagsanslag,covered_by_final_series,,,
1987,STU (Styrelsen for Teknisk Utveckling),science_agency,72374000.0,krona,SEK,line_item,1987 prop_198687__100.pdf,45,Data/input/finance_bills/Sweden/1987 prop_198687__100.pdf,,Bidrag till Tele-X-projektet,covered_by_final_series,,,Pre-NUTEK innovation agency. Succeeded by NUTEK 1991.
1987,Seismological Multiple Station,direct_rd,,,,,,,,,,covered_by_final_series,,,gap: no matching rows in this year
1987,Stockholms Universitet,higher_education,,,,,,,,,,covered_by_final_series,,,gap: no matching rows in this year
1987,Umea Universitet,higher_education,,,,,,,,,,covered_by_final_series,,,gap: no matching rows in this year
1987,Universiteterna (collective Sweden),higher_education,,,,,,,,,,covered_by_final_series,,,gap: no matching rows in this year
1987,Uppsala Universitet,higher_education,,,,,,,,,,covered_by_final_series,,,gap: no matching rows in this year
1988,Chalmers tekniska hogskola,higher_education,,,,,,,,,,covered_by_final_series,,,gap: no matching rows in this year
1988,Collection and Analysis of Airborne Radioactivity,direct_rd,,,,,,,,,,covered_by_final_series,,,gap: no matching rows in this year
1988,"Equipment, reservation allocation",innovation_instruments,33900000.0,krona,SEK,line_item,1988 prop_198788__100.pdf,26,Data/input/finance_bills/Sweden/1988 prop_198788__100.pdf,,"Utrustning, reservationsanslag",covered_by_final_series,,,"This funding is likely aimed at supporting research equipment, making it relevant for R&D."
1988,European Space Cooperation,direct_rd,,,,,,,,,,covered_by_final_series,,,gap: no matching rows in this year
1988,FOI / FOA (Totalforsvaret forskningsinstitut),science_agency,8000000.0,krona,SEK,line_item,1988 prop_198788__100.pdf,20,Data/input/finance_bills/Sweden/1988 prop_198788__100.pdf,,Operating budget for FOA,covered_by_final_series,,,FOA renamed FOI in 2001.
1988,Funding for the Tele-X project,direct_rd,77000000.0,krona,SEK,program_total,1988 prop_198788__100.pdf,45,Data/input/finance_bills/Sweden/1988 prop_198788__100.pdf,,Bidrag till Tele-X-projektet,covered_by_final_series,,,Funding allocated for a specific research project.
1988,Goteborgs Universitet,higher_education,,,,,,,,,,covered_by_final_series,,,gap: no matching rows in this year
1988,Humanistisk-samhallsvetenskapliga forskningsradet (HSFR),science_agency,100204000000.0,krona,SEK,line_item,1988 prop_198788__100.pdf,1685,Data/input/finance_bills/Sweden/1988 prop_198788__100.pdf,,Humanistisk-samhällsvetenskaplig forskning,covered_by_final_series,,,Merged into Vetenskapsradet 2001.
1988,Karolinska Institutet,higher_education,,,,,,,,,,covered_by_final_series,,,gap: no matching rows in this year
1988,Kungliga Tekniska Hogskolan (KTH),higher_education,,,,,,,,,,covered_by_final_series,,,gap: no matching rows in this year
1988,Linkoepings Universitet,higher_education,,,,,,,,,,covered_by_final_series,,,gap: no matching rows in this year
1988,Lunds Universitet,higher_education,,,,,,,,,,covered_by_final_series,,,gap: no matching rows in this year
1988,Medicinska forskningsradet (MFR),science_agency,234861000.0,krona,SEK,program_total,1988 prop_198788__100.pdf,1687,Data/input/finance_bills/Sweden/1988 prop_198788__100.pdf,,Forslag,covered_by_final_series,,,Merged into Vetenskapsradet 2001.
1988,National Space Activities,direct_rd,3710000.0,krona,SEK,program_total,1988 prop_198788__100.pdf,45,Data/input/finance_bills/Sweden/1988 prop_198788__100.pdf,,Nationell rymdverksamhet,covered_by_final_series,,,"This funding is for national space activities, which are R&D relevant."
1988,Naturvetenskapliga forskningsradet (NFR),science_agency,302089000.0,krona,SEK,line_item,1988 prop_198788__100.pdf,1689,Data/input/finance_bills/Sweden/1988 prop_198788__100.pdf,,Naturvetenskaplig forskning,covered_by_final_series,,,Merged into Vetenskapsradet 2001.
1988,Rymdstyrelsen,science_agency,24219000.0,krona,SEK,line_item,1988 prop_198788__100.pdf,1689,Data/input/finance_bills/Sweden/1988 prop_198788__100.pdf,,Rymdforskning,covered_by_final_series,,,
1988,SMHI,science_agency,11567072000.0,krona,SEK,program_total,1988 prop_198788__100.pdf,26,Data/input/finance_bills/Sweden/1988 prop_198788__100.pdf,,Summa kr.,covered_by_final_series,,,
1988,STU (Styrelsen for Teknisk Utveckling),science_agency,286027000.0,krona,SEK,program_total,1988 prop_198788__100.pdf,45,Data/input/finance_bills/Sweden/1988 prop_198788__100.pdf,,Europeiskt forsknings- och utvecklingssamarbete,covered_by_final_series,,,Pre-NUTEK innovation agency. Succeeded by NUTEK 1991.
1988,Seismological Multiple Station,direct_rd,,,,,,,,,,covered_by_final_series,,,gap: no matching rows in this year
1988,Stockholms Universitet,higher_education,,,,,,,,,,covered_by_final_series,,,gap: no matching rows in this year
1988,Umea Universitet,higher_education,,,,,,,,,,covered_by_final_series,,,gap: no matching rows in this year
1988,Universiteterna (collective Sweden),higher_education,,,,,,,,,,covered_by_final_series,,,gap: no matching rows in this year
1988,Uppsala Universitet,higher_education,,,,,,,,,,covered_by_final_series,,,gap: no matching rows in this year
1989,Chalmers tekniska hogskola,higher_education,,,,,,,,,,covered_by_final_series,,,gap: no matching rows in this year
1989,Collection and Analysis of Airborne Radioactivity,direct_rd,,,,,,,,,,covered_by_final_series,,,gap: no matching rows in this year
1989,"Equipment, reservation allocation",innovation_instruments,97650000.0,krona,SEK,line_item,1989 prop_198889__100.pdf,26,Data/input/finance_bills/Sweden/1989 prop_198889__100.pdf,,"Utrustning, reservationsanslag",covered_by_final_series,,,"This funding is likely aimed at supporting research equipment, making it relevant for R&D."
1989,European Space Cooperation,direct_rd,6070000.0,krona,SEK,line_item,1989 prop_198889__100.pdf,43,Data/input/finance_bills/Sweden/1989 prop_198889__100.pdf,,Europeiskt rymdsamarbete,covered_by_final_series,,,Involves collaborative research in space technology.
1989,FOI / FOA (Totalforsvaret forskningsinstitut),science_agency,30060680000.0,krona,SEK,line_item,1989 prop_198889__100.pdf,20,Data/input/finance_bills/Sweden/1989 prop_198889__100.pdf,,Total for Försvarets forskningsanstalt,covered_by_final_series,,,FOA renamed FOI in 2001.
1989,Funding for the Tele-X project,direct_rd,830300000.0,krona,SEK,line_item,1989 prop_198889__100.pdf,43,Data/input/finance_bills/Sweden/1989 prop_198889__100.pdf,,Bidrag till Tele-X-projektet,covered_by_final_series,,,Funding allocated for a specific research project.
1989,Goteborgs Universitet,higher_education,,,,,,,,,,covered_by_final_series,,,gap: no matching rows in this year
1989,Humanistisk-samhallsvetenskapliga forskningsradet (HSFR),science_agency,109656000.0,krona,SEK,line_item,1989 prop_198889__100.pdf,1628,Data/input/finance_bills/Sweden/1989 prop_198889__100.pdf,,Humanistisk-samhällsvetenskapliga forskningsrådet,covered_by_final_series,,,Merged into Vetenskapsradet 2001.
1989,Karolinska Institutet,higher_education,,,,,,,,,,covered_by_final_series,,,gap: no matching rows in this year
1989,Kungliga Tekniska Hogskolan (KTH),higher_education,,,,,,,,,,covered_by_final_series,,,gap: no matching rows in this year
1989,Linkoepings Universitet,higher_education,,,,,,,,,,covered_by_final_series,,,gap: no matching rows in this year
1989,Lunds Universitet,higher_education,,,,,,,,,,covered_by_final_series,,,gap: no matching rows in this year
1989,Medicinska forskningsradet (MFR),science_agency,249202000000.0,krona,SEK,line_item,1989 prop_198889__100.pdf,1631,Data/input/finance_bills/Sweden/1989 prop_198889__100.pdf,,Förslag,covered_by_final_series,,,Merged into Vetenskapsradet 2001.
1989,National Space Activities,direct_rd,82963000.0,krona,SEK,line_item,1989 prop_198889__100.pdf,43,Data/input/finance_bills/Sweden/1989 prop_198889__100.pdf,,Nationell rymdverksamhet,covered_by_final_series,,,"This funding is for national space activities, which are R&D relevant."
1989,Naturvetenskapliga forskningsradet (NFR),science_agency,624917000000.0,krona,SEK,line_item,1989 prop_198889__100.pdf,31,Data/input/finance_bills/Sweden/1989 prop_198889__100.pdf,,Reservationsanslag,covered_by_final_series,,,Merged into Vetenskapsradet 2001.
1989,Research on the Use of Information Technology,direct_rd,2962000.0,krona,SEK,line_item,1989 prop_198889__100.pdf,1628,Data/input/finance_bills/Sweden/1989 prop_198889__100.pdf,,Forskning om informationsteknologins användning,covered_by_final_series,,,This entity supports research on the application of information technology.
1989,Rymdstyrelsen,science_agency,27300000.0,krona,SEK,line_item,1989 prop_198889__100.pdf,1635,Data/input/finance_bills/Sweden/1989 prop_198889__100.pdf,,Rymdforskning,covered_by_final_series,,,
1989,SMHI,science_agency,583800000.0,krona,SEK,line_item,1989 prop_198889__100.pdf,26,Data/input/finance_bills/Sweden/1989 prop_198889__100.pdf,,Förslagsanslag,covered_by_final_series,,,
1989,STU (Styrelsen for Teknisk Utveckling),science_agency,830300000.0,krona,SEK,line_item,1989 prop_198889__100.pdf,43,Data/input/finance_bills/Sweden/1989 prop_198889__100.pdf,,Bidrag till Tele-X-projektet,covered_by_final_series,,,Pre-NUTEK innovation agency. Succeeded by NUTEK 1991.
1989,Seismological Multiple Station,direct_rd,,,,,,,,,,covered_by_final_series,,,gap: no matching rows in this year
1989,Stockholms Universitet,higher_education,,,,,,,,,,covered_by_final_series,,,gap: no matching rows in this year
1989,Umea Universitet,higher_education,,,,,,,,,,covered_by_final_series,,,gap: no matching rows in this year
1989,Universiteterna (collective Sweden),higher_education,,,,,,,,,,covered_by_final_series,,,gap: no matching rows in this year
1989,Uppsala Universitet,higher_education,,,,,,,,,,covered_by_final_series,,,gap: no matching rows in this year
1990,Chalmers tekniska hogskola,higher_education,,,,,,,,,,covered_by_final_series,,,gap: no matching rows in this year
1990,Collection and Analysis of Airborne Radioactivity,direct_rd,,,,,,,,,,covered_by_final_series,,,gap: no matching rows in this year
1990,Contribution to the Foundation for Sweden's Technical-Scientific Attaché Activities,innovation_instruments,27995000.0,krona,SEK,line_item,1990 prop_198990__100.pdf,44,Data/input/finance_bills/Sweden/1990 prop_198990__100.pdf,,Bidrag till Stiftelsen Sveriges teknisk-vetenskapliga attachéverksamhet,covered_by_final_series,,,Supports technical and scientific initiatives.
1990,"Equipment, reservation allocation",innovation_instruments,32000000.0,krona,SEK,line_item,1990 prop_198990__100.pdf,27,Data/input/finance_bills/Sweden/1990 prop_198990__100.pdf,,"Utrustning, reservationsanslag",covered_by_final_series,,,"This funding is likely aimed at supporting research equipment, making it relevant for R&D."
1990,European Space Cooperation,direct_rd,276323000.0,krona,SEK,line_item,1990 prop_198990__100.pdf,44,Data/input/finance_bills/Sweden/1990 prop_198990__100.pdf,,Europeiskt rymdsamarbete,covered_by_final_series,,,Involves collaborative research in space technology.
1990,FOI / FOA (Totalforsvaret forskningsinstitut),science_agency,,,,,,,,,,covered_by_final_series,,,gap: no matching rows in this year
1990,Funding for the Tele-X project,direct_rd,1000.0,krona,SEK,line_item,1990 prop_198990__100.pdf,44,Data/input/finance_bills/Sweden/1990 prop_198990__100.pdf,,Bidrag till Tele-X-projektet,covered_by_final_series,,,Funding allocated for a specific research project.
1990,Goteborgs Universitet,higher_education,,,,,,,,,,covered_by_final_series,,,gap: no matching rows in this year
1990,Humanistisk-samhallsvetenskapliga forskningsradet (HSFR),science_agency,5018906000000.0,krona,SEK,program_total,1990 prop_198990__100.pdf,1716,Data/input/finance_bills/Sweden/1990 prop_198990__100.pdf,,Total for research and education,covered_by_final_series,,,Merged into Vetenskapsradet 2001.
1990,Karolinska Institutet,higher_education,,,,,,,,,,covered_by_final_series,,,gap: no matching rows in this year
1990,Kungliga Tekniska Hogskolan (KTH),higher_education,,,,,,,,,,covered_by_final_series,,,gap: no matching rows in this year
1990,Linkoepings Universitet,higher_education,,,,,,,,,,covered_by_final_series,,,gap: no matching rows in this year
1990,Lunds Universitet,higher_education,,,,,,,,,,covered_by_final_series,,,gap: no matching rows in this year
1990,Medicinska forskningsradet (MFR),science_agency,5018906000.0,krona,SEK,program_total,1990 prop_198990__100.pdf,1716,Data/input/finance_bills/Sweden/1990 prop_198990__100.pdf,,Total for Medicinska forskningsrådet,covered_by_final_series,,,Merged into Vetenskapsradet 2001.
1990,National Space Activities,direct_rd,37813000.0,krona,SEK,line_item,1990 prop_198990__100.pdf,44,Data/input/finance_bills/Sweden/1990 prop_198990__100.pdf,,Nationell rymdverksamhet,covered_by_final_series,,,"This funding is for national space activities, which are R&D relevant."
1990,Naturvetenskapliga forskningsradet (NFR),science_agency,345655000.0,krona,SEK,line_item,1990 prop_198990__100.pdf,32,Data/input/finance_bills/Sweden/1990 prop_198990__100.pdf,,"Naturvetenskapliga forskningsrådet, reservationsanslag",covered_by_final_series,,,Merged into Vetenskapsradet 2001.
1990,Rymdstyrelsen,science_agency,5018906000.0,krona,SEK,program_total,1990 prop_198990__100.pdf,32,Data/input/finance_bills/Sweden/1990 prop_198990__100.pdf,,Total for Rymdforskning,covered_by_final_series,,,
1990,SMHI,science_agency,128300000.0,krona,SEK,line_item,1990 prop_198990__100.pdf,1323,Data/input/finance_bills/Sweden/1990 prop_198990__100.pdf,,Uppdragsverksamhet,covered_by_final_series,,,
1990,STU (Styrelsen for Teknisk Utveckling),science_agency,913263000.0,krona,SEK,line_item,1990 prop_198990__100.pdf,44,Data/input/finance_bills/Sweden/1990 prop_198990__100.pdf,,Forvaltningskostnader,covered_by_final_series,,,Pre-NUTEK innovation agency. Succeeded by NUTEK 1991.
1990,Seismological Multiple Station,direct_rd,,,,,,,,,,covered_by_final_series,,,gap: no matching rows in this year
1990,Stockholms Universitet,higher_education,,,,,,,,,,covered_by_final_series,,,gap: no matching rows in this year
1990,Umea Universitet,higher_education,,,,,,,,,,covered_by_final_series,,,gap: no matching rows in this year
1990,Universiteterna (collective Sweden),higher_education,,,,,,,,,,covered_by_final_series,,,gap: no matching rows in this year
1990,Uppsala Universitet,higher_education,,,,,,,,,,covered_by_final_series,,,gap: no matching rows in this year
1991,Certain Grants for Research Activities,direct_rd,30100000000.0,krona,SEK,program_total,1991a prop_199091__100.pdf,1618,Data/input/finance_bills/Sweden/1991a prop_199091__100.pdf,,Certain contributions to research activities,covered_by_final_series,,,This funding is allocated for various research activities.
1991,Certain Special Expenses for Research Purposes,direct_rd,103668000000.0,krona,SEK,section_total,1991a prop_199091__100.pdf,1607,Data/input/finance_bills/Sweden/1991a prop_199091__100.pdf,,Certain special expenses for research purposes,covered_by_final_series,,,This funding is designated for specific research expenses.
1991,Chalmers tekniska hogskola,higher_education,208385000000.0,krona,SEK,line_item,1991a prop_199091__100.pdf,1599,Data/input/finance_bills/Sweden/1991a prop_199091__100.pdf,,Chalmers University of Technology,covered_by_final_series,,,
1991,Collection and Analysis of Airborne Radioactivity,direct_rd,1771000.0,krona,SEK,line_item,1991a prop_199091__100.pdf,691,Data/input/finance_bills/Sweden/1991a prop_199091__100.pdf,,Insamling och analys av luftburen radioaktivitet,covered_by_final_series,,,"This program involves research on airborne radioactivity, which is relevant to R&D."
1991,Contribution to the Foundation for Sweden's Technical-Scientific Attaché Activities,innovation_instruments,67200000000.0,krona,SEK,line_item,1991a prop_199091__100.pdf,44,Data/input/finance_bills/Sweden/1991a prop_199091__100.pdf,,"Contribution to the Foundation for Sweden's Technical-Scientific Attaché Activities, reservations appropriation",covered_by_final_series,,,Supports technical and scientific initiatives.
1991,Contribution to the Stockholm International Peace Research Institute (SIPRI),science_agency,20692000000.0,krona,SEK,line_item,1991a prop_199091__100.pdf,691,Data/input/finance_bills/Sweden/1991a prop_199091__100.pdf,,Grant to the Stockholm International Peace Research Institute (SIPRI) for the budget year 1991/92,covered_by_final_series,,,This contribution supports research at a prominent peace research institute.
1991,"Equipment, reservation allocation",innovation_instruments,10000000000.0,krona,SEK,line_item,1991a prop_199091__100.pdf,44,Data/input/finance_bills/Sweden/1991a prop_199091__100.pdf,,"Equipment, reservations appropriation",covered_by_final_series,,,"This funding is likely aimed at supporting research equipment, making it relevant for R&D."
1991,European Space Cooperation,direct_rd,406098000000.0,krona,SEK,program_total,1991a prop_199091__100.pdf,2262,Data/input/finance_bills/Sweden/1991a prop_199091__100.pdf,,European Space Cooperation,covered_by_final_series,,,Involves collaborative research in space technology.
1991,FOI / FOA (Totalforsvaret forskningsinstitut),science_agency,14331000.0,krona,SEK,line_item,1991 prop_199091__100.pdf,691,Data/input/finance_bills/Sweden/1991 prop_199091__100.pdf,,Förvaltningskostnader,covered_by_final_series,,,FOA renamed FOI in 2001.
1991,Faculty of Pharmacy,higher_education,31616000000.0,krona,SEK,line_item,1991a prop_199091__100.pdf,1592,Data/input/finance_bills/Sweden/1991a prop_199091__100.pdf,,Pharmaceutical Faculty,covered_by_final_series,,,Engaged in pharmaceutical research and development.
1991,"Forest and Agricultural Research Council, Reservation Allocation",science_agency,156725000000.0,krona,SEK,line_item,1991a prop_199091__100.pdf,1918,Data/input/finance_bills/Sweden/1991a prop_199091__100.pdf,,"Swedish Research Council for Agriculture and Forestry, reservation appropriation",covered_by_final_series,,,This entity supports specific research projects in forestry and agriculture.
1991,Funding for Research and Development in Sports,direct_rd,10100000000.0,krona,SEK,line_item,1991a prop_199091__100.pdf,2168,Data/input/finance_bills/Sweden/1991a prop_199091__100.pdf,,Grant for research and development in sports,covered_by_final_series,,,This funding is specifically for R&D in the field of sports.
1991,Funds for the Institute's Authority Tasks and Certain Research Activities,direct_rd,32823000000.0,krona,SEK,line_item,1991a prop_199091__100.pdf,2435,Data/input/finance_bills/Sweden/1991a prop_199091__100.pdf,,Funds for the authority's tasks and certain research activities.,covered_by_final_series,,,Directly supports research activities of an institute.
1991,"Geoscientific Research, reservation grants",direct_rd,4000000000.0,krona,SEK,line_item,1991a prop_199091__100.pdf,44,Data/input/finance_bills/Sweden/1991a prop_199091__100.pdf,,"Geoscientific research, reservations appropriation",covered_by_final_series,,,This funding is specifically for geoscientific research.
1991,Goteborgs Universitet,higher_education,20418000000.0,krona,SEK,line_item,1991a prop_199091__100.pdf,1598,Data/input/finance_bills/Sweden/1991a prop_199091__100.pdf,,University of Gothenburg,covered_by_final_series,,,
1991,Grant for Environmental Work,innovation_instruments,167585000000.0,krona,SEK,line_item,1991a prop_199091__100.pdf,2431,Data/input/finance_bills/Sweden/1991a prop_199091__100.pdf,,Grants for environmental work,covered_by_final_series,,,This grant supports research and initiatives in environmental work.
1991,Grant to SAREC for Development Research,direct_rd,390000000.0,krona,SEK,line_item,1991a prop_199091__100.pdf,619,Data/input/finance_bills/Sweden/1991a prop_199091__100.pdf,,Appropriation to SAREC for development research,covered_by_final_series,,,"This funding supports development research, which is relevant to R&D."
1991,Humanistisk-samhallsvetenskapliga forskningsradet (HSFR),science_agency,152181000000.0,krona,SEK,line_item,1991 prop_199091__100.pdf,1608,Data/input/finance_bills/Sweden/1991 prop_199091__100.pdf,,Anslag 1990/91,covered_by_final_series,,,Merged into Vetenskapsradet 2001.
1991,International Research Cooperation,innovation_instruments,32100000.0,krona,SEK,line_item,1991a prop_199091__100.pdf,1573,Data/input/finance_bills/Sweden/1991a prop_199091__100.pdf,,International research cooperation,covered_by_final_series,,,This entity promotes international collaboration in research.
1991,Karolinska Institutet,higher_education,151602000000.0,krona,SEK,line_item,1991a prop_199091__100.pdf,1544,Data/input/finance_bills/Sweden/1991a prop_199091__100.pdf,,Karolinska Institute,covered_by_final_series,,,
1991,Kungliga Tekniska Hogskolan (KTH),higher_education,240203000000.0,krona,SEK,line_item,1991a prop_199091__100.pdf,1599,Data/input/finance_bills/Sweden/1991a prop_199091__100.pdf,,"Royal Institute of Technology, Stockholm",covered_by_final_series,,,
1991,Linkoepings Universitet,higher_education,31029000000.0,krona,SEK,line_item,1991a prop_199091__100.pdf,1601,Data/input/finance_bills/Sweden/1991a prop_199091__100.pdf,,Linköping University,covered_by_final_series,,,
1991,Luleå University of Technology,higher_education,95134000000.0,krona,SEK,line_item,1991a prop_199091__100.pdf,1599,Data/input/finance_bills/Sweden/1991a prop_199091__100.pdf,,Luleå University of Technology,covered_by_final_series,,,Involved in various research and development projects.
1991,Lunds Universitet,higher_education,74783000000.0,krona,SEK,line_item,1991a prop_199091__100.pdf,1540,Data/input/finance_bills/Sweden/1991a prop_199091__100.pdf,,Lund University,covered_by_final_series,,,
1991,Materials Technology Research Allocation,direct_rd,415184000000.0,krona,SEK,line_item,1991a prop_199091__100.pdf,44,Data/input/finance_bills/Sweden/1991a prop_199091__100.pdf,,"Materials technology research, reservations appropriation",covered_by_final_series,,,This allocation is specifically for materials technology research.
1991,Mathematical-Natural Sciences Faculties,higher_education,833398000000.0,krona,SEK,program_total,1991a prop_199091__100.pdf,1620,Data/input/finance_bills/Sweden/1991a prop_199091__100.pdf,,"Mathematical and Natural Sciences Faculties, etc.",covered_by_final_series,,,This entity supports research in mathematical and natural sciences.
1991,Medicinska forskningsradet (MFR),science_agency,329814000000.0,krona,SEK,line_item,1991 prop_199091__100.pdf,1609,Data/input/finance_bills/Sweden/1991 prop_199091__100.pdf,,Förslag 1991/92,covered_by_final_series,,,Merged into Vetenskapsradet 2001.
1991,NUTEK (Narings- och teknikutvecklingsverket),science_agency,800000000.0,krona,SEK,program_total,1991a prop_199091__100.pdf,854,Data/input/finance_bills/Sweden/1991a prop_199091__100.pdf,,National Board for Industrial and Technical Development,covered_by_final_series,,,Succeeded STU 1991. R&D mandate transferred to VINNOVA 2001; remaining functions to Tillväxtverket 2009.
1991,National Space Activities,direct_rd,56742000000.0,krona,SEK,line_item,1991a prop_199091__100.pdf,2263,Data/input/finance_bills/Sweden/1991a prop_199091__100.pdf,,National Space Activities,covered_by_final_series,,,"This funding is for national space activities, which are R&D relevant."
1991,Naturvetenskapliga forskningsradet (NFR),science_agency,454687000000.0,krona,SEK,line_item,1991 prop_199091__100.pdf,1610,Data/input/finance_bills/Sweden/1991 prop_199091__100.pdf,,Naturvetenskapliga forskningsrådet,covered_by_final_series,,,Merged into Vetenskapsradet 2001.
1991,"Nuclear Safety Research, etc.",direct_rd,57683000000.0,krona,SEK,line_item,1991a prop_199091__100.pdf,2439,Data/input/finance_bills/Sweden/1991a prop_199091__100.pdf,,"Nuclear safety research, etc.",covered_by_final_series,,,Focuses on research related to nuclear safety.
1991,Polar Research,science_agency,18996000000.0,krona,SEK,program_total,1991a prop_199091__100.pdf,1618,Data/input/finance_bills/Sweden/1991a prop_199091__100.pdf,,Polar Research,covered_by_final_series,,,This funding is dedicated to research in polar regions.
1991,Research Activities for Arms Control and Disarmament,direct_rd,16016000000.0,krona,SEK,line_item,1991a prop_199091__100.pdf,693,Data/input/finance_bills/Sweden/1991a prop_199091__100.pdf,,Research activities for arms control and disarmament,covered_by_final_series,,,"This research is relevant for arms control, an important area of study."
1991,"Research Council Board, Reservation Allocation",innovation_instruments,79606000000.0,krona,SEK,line_item,1991a prop_199091__100.pdf,1822,Data/input/finance_bills/Sweden/1991a prop_199091__100.pdf,,"Research Council, reservation appropriation",covered_by_final_series,,,This allocation is related to funding for research initiatives.
1991,"Research Council, Reserve Grant",direct_rd,116515000000.0,krona,SEK,line_item,1991a prop_199091__100.pdf,31,Data/input/finance_bills/Sweden/1991a prop_199091__100.pdf,,"Research Council Board, reservations appropriation",covered_by_final_series,,,This is a reserved fund for the research council's activities.
1991,Research and Development Efforts in the Cultural Sector,direct_rd,21654000000.0,krona,SEK,program_total,1991a prop_199091__100.pdf,1719,Data/input/finance_bills/Sweden/1991a prop_199091__100.pdf,,Research and development efforts in the cultural sector,covered_by_final_series,,,"This funding supports R&D in the cultural sector, which is relevant."
1991,Research and Development in Natural Sciences,direct_rd,500000000.0,krona,SEK,line_item,1991a prop_199091__100.pdf,854,Data/input/finance_bills/Sweden/1991a prop_199091__100.pdf,,Research and development in natural sciences,covered_by_final_series,,,This program focuses on R&D in the natural sciences.
1991,Research councils and similar,direct_rd,2865000000.0,krona,SEK,program_total,1991a prop_199091__100.pdf,1578,Data/input/finance_bills/Sweden/1991a prop_199091__100.pdf,,Research councils and similar,covered_by_final_series,,,"This refers to funding for research councils, indicating strong R&D relevance."
1991,Research for a Waste-Smart Society: Environmentally Adapted Product Development,direct_rd,60000000000.0,krona,SEK,line_item,1991a prop_199091__100.pdf,44,Data/input/finance_bills/Sweden/1991a prop_199091__100.pdf,,"Research for a waste-efficient society: Environmentally adapted product development, reservations appropriation",covered_by_final_series,,,Focuses on sustainable product development.
1991,"Research for a Waste-Smart Society: Waste Management, Appropriation",direct_rd,4000000000.0,krona,SEK,line_item,1991a prop_199091__100.pdf,2445,Data/input/finance_bills/Sweden/1991a prop_199091__100.pdf,,"Research for a waste-free society: Waste management, reservation appropriation",covered_by_final_series,,,"This program focuses on waste management research, which is relevant to R&D."
1991,Research in the School System,higher_education,27221000000.0,krona,SEK,line_item,1991a prop_199091__100.pdf,1821,Data/input/finance_bills/Sweden/1991a prop_199091__100.pdf,,"Research within the school system, reservation appropriation",covered_by_final_series,,,This funding supports research activities within the education sector.
1991,Rymdstyrelsen,science_agency,30617000000.0,krona,SEK,line_item,1991 prop_199091__100.pdf,1611,Data/input/finance_bills/Sweden/1991 prop_199091__100.pdf,,Rymdforskning,covered_by_final_series,,,
1991,SMHI,science_agency,33500000.0,krona,SEK,line_item,1991 prop_199091__100.pdf,1221,Data/input/finance_bills/Sweden/1991 prop_199091__100.pdf,,Ökat anslag för reformer,covered_by_final_series,,,
1991,STU (Styrelsen for Teknisk Utveckling),science_agency,818815000.0,krona,SEK,program_total,1991 prop_199091__100.pdf,44,Data/input/finance_bills/Sweden/1991 prop_199091__100.pdf,,Teknisk forskning och utveckling,covered_by_final_series,,,Pre-NUTEK innovation agency. Succeeded by NUTEK 1991.
1991,Seismological Multiple Station,direct_rd,9380000.0,krona,SEK,line_item,1991a prop_199091__100.pdf,691,Data/input/finance_bills/Sweden/1991a prop_199091__100.pdf,,Seismologisk multipelstation,covered_by_final_series,,,"This project is focused on seismological research, which is directly relevant to R&D."
1991,Stockholms Universitet,higher_education,31972000000.0,krona,SEK,line_item,1991a prop_199091__100.pdf,1598,Data/input/finance_bills/Sweden/1991a prop_199091__100.pdf,,Stockholm University,covered_by_final_series,,,
1991,Support for Industrial Research,direct_rd,300000000.0,krona,SEK,line_item,1991a prop_199091__100.pdf,854,Data/input/finance_bills/Sweden/1991a prop_199091__100.pdf,,Support for industrial research,covered_by_final_series,,,This program directly supports industrial research activities.
1991,"Support for Research and Development in Sports, etc.",direct_rd,10100000000.0,krona,SEK,program_total,1991a prop_199091__100.pdf,2168,Data/input/finance_bills/Sweden/1991a prop_199091__100.pdf,,Support for Sports Research and Development etc.,covered_by_final_series,,,"This program supports R&D activities in sports, confirming its relevance."
1991,"Swedish Geological Survey: Geological Research Activities, etc.",direct_rd,105646000000.0,krona,SEK,line_item,1991a prop_199091__100.pdf,2243,Data/input/finance_bills/Sweden/1991a prop_199091__100.pdf,,"Swedish Geological Survey: Geological survey activities, etc.",covered_by_final_series,,,This funding is allocated for geological research activities.
1991,"Swedish Social Science Research Council, Reservation Allocation",direct_rd,72179000000.0,krona,SEK,line_item,1991a prop_199091__100.pdf,915,Data/input/finance_bills/Sweden/1991a prop_199091__100.pdf,,"Social Science Research Council, reservations appropriation",covered_by_final_series,,,This entity provides reserved funding for social science research.
1991,Swedish University of Agricultural Sciences,higher_education,616512000000.0,krona,SEK,program_total,1991a prop_199091__100.pdf,1908,Data/input/finance_bills/Sweden/1991a prop_199091__100.pdf,,Swedish University of Agricultural Sciences,covered_by_final_series,,,This university conducts significant agricultural research.
1991,"Technical Research and Development, Appropriation",direct_rd,818815000000.0,krona,SEK,program_total,1991a prop_199091__100.pdf,44,Data/input/finance_bills/Sweden/1991a prop_199091__100.pdf,,"Technical research and development, reservations appropriation",covered_by_final_series,,,This entity is directly related to funding for technical research and development.
1991,Thematic Research,direct_rd,38136000000.0,krona,SEK,program_total,1991a prop_199091__100.pdf,1601,Data/input/finance_bills/Sweden/1991a prop_199091__100.pdf,,Theme-oriented research,covered_by_final_series,,,Supports research in specific thematic areas.
1991,Umea Universitet,higher_education,14725000000.0,krona,SEK,line_item,1991a prop_199091__100.pdf,1598,Data/input/finance_bills/Sweden/1991a prop_199091__100.pdf,,Umeå University,covered_by_final_series,,,
1991,Universiteterna (collective Sweden),higher_education,,,,,,,,,,covered_by_final_series,,,gap: no matching rows in this year
1991,Uppsala Universitet,higher_education,55630000000.0,krona,SEK,line_item,1991a prop_199091__100.pdf,1540,Data/input/finance_bills/Sweden/1991a prop_199091__100.pdf,,Uppsala University,covered_by_final_series,,,
1992,Additional Funds Requested for Research and Development Projects,direct_rd,3974000000.0,krona,SEK,line_item,1992 prop_199192__100.pdf,448,Data/input/finance_bills/Sweden/1992 prop_199192__100.pdf,,Additional funds requested for research and development projects,covered_by_final_series,,,This funding is specifically for research and development projects.
1992,Bilateral Research Cooperation Swedish Institute,direct_rd,2500000000.0,krona,SEK,line_item,1992 prop_199192__100.pdf,1694,Data/input/finance_bills/Sweden/1992 prop_199192__100.pdf,,Bilateral research cooperation Swedish Institute,covered_by_final_series,,,This program supports bilateral research collaborations.
1992,Building Research,direct_rd,178200000000.0,krona,SEK,program_total,1992 prop_199192__100.pdf,2372,Data/input/finance_bills/Sweden/1992 prop_199192__100.pdf,,Building Research,covered_by_final_series,,,This funding is aimed at research in the field of building and construction.
1992,Certain Grants for Research Activities,direct_rd,25162000000.0,krona,SEK,line_item,1992 prop_199192__100.pdf,1710,Data/input/finance_bills/Sweden/1992 prop_199192__100.pdf,,"Contribution to the Royal Swedish Academy of Sciences 25,162,000",covered_by_final_series,,,This funding is allocated for various research activities.
1992,Certain Special Expenses for Research Purposes,direct_rd,185745000000.0,krona,SEK,section_total,1992 prop_199192__100.pdf,1696,Data/input/finance_bills/Sweden/1992 prop_199192__100.pdf,,Total,covered_by_final_series,,,This funding is designated for specific research expenses.
1992,Chalmers tekniska hogskola,higher_education,231377000000.0,krona,SEK,line_item,1992 prop_199192__100.pdf,1688,Data/input/finance_bills/Sweden/1992 prop_199192__100.pdf,,Chalmers University of Technology,covered_by_final_series,,,
1992,Contribution to the Foundation for Sweden's Technical-Scientific Attaché Activities,innovation_instruments,,,,,,,,,,covered_by_final_series,,,gap: no matching rows in this year
1992,"Environmental Research Allocation 285,168,000 SEK",direct_rd,285168000000.0,krona,SEK,program_total,1992 prop_199192__100.pdf,2486,Data/input/finance_bills/Sweden/1992 prop_199192__100.pdf,,"Environmental Research, reservation appropriation 285,168,000 kr.",covered_by_final_series,,,This allocation is specifically for environmental research.
1992,Environmental Research Grant,direct_rd,151783000000.0,krona,SEK,line_item,1992 prop_199192__100.pdf,2496,Data/input/finance_bills/Sweden/1992 prop_199192__100.pdf,,Appropriation for environmental research,covered_by_final_series,,,This funding is specifically allocated for environmental research.
1992,Environmental Research Reserve Grant,direct_rd,151783000000.0,krona,SEK,line_item,1992 prop_199192__100.pdf,2488,Data/input/finance_bills/Sweden/1992 prop_199192__100.pdf,,"Environmental Research, reservation appropriation 151,783,000 kr.",covered_by_final_series,,,This is a reserved budget for environmental research initiatives.
1992,European Space Cooperation,direct_rd,447439000000.0,krona,SEK,program_total,1992 prop_199192__100.pdf,2292,Data/input/finance_bills/Sweden/1992 prop_199192__100.pdf,,Proposal,covered_by_final_series,,,Involves collaborative research in space technology.
1992,FOI / FOA (Totalforsvaret forskningsinstitut),science_agency,,,,,,,,,,covered_by_final_series,,,gap: no matching rows in this year
1992,Faculty of Pharmacy,higher_education,32606000000.0,krona,SEK,program_total,1992 prop_199192__100.pdf,1682,Data/input/finance_bills/Sweden/1992 prop_199192__100.pdf,,Pharmaceutical faculty,covered_by_final_series,,,Engaged in pharmaceutical research and development.
1992,"Forest and Agricultural Research Council, Reservation Allocation",science_agency,,,,,,,,,,covered_by_final_series,,,gap: no matching rows in this year
1992,Funding for Research for a Waste-Smart Society: Waste Management,direct_rd,17199000000.0,krona,SEK,line_item,1992 prop_199192__100.pdf,2506,Data/input/finance_bills/Sweden/1992 prop_199192__100.pdf,,Appropriation for research for a waste-free society: Waste Management,covered_by_final_series,,,"This funding supports research in waste management, a critical area for sustainability."
1992,Funds for Research Councils etc.,direct_rd,3045000000.0,krona,SEK,program_total,1992 prop_199192__100.pdf,1669,Data/input/finance_bills/Sweden/1992 prop_199192__100.pdf,,"Funds for research councils, etc.",covered_by_final_series,,,"This funding is directly allocated to research councils, indicating its relevance to R&D."
1992,Funds for Research and Doctoral Education under Faculty Allocations Distributed to Higher Education Units,higher_education,3998000000.0,krona,SEK,program_total,1992 prop_199192__100.pdf,1668,Data/input/finance_bills/Sweden/1992 prop_199192__100.pdf,,Funds for research and doctoral education distributed by faculty units,covered_by_final_series,,,This funding is allocated for research and doctoral education.
1992,"Geoscientific Research, reservation grants",direct_rd,,,,,,,,,,covered_by_final_series,,,gap: no matching rows in this year
1992,Goteborgs Universitet,higher_education,129548000000.0,krona,SEK,line_item,1992 prop_199192__100.pdf,1677,Data/input/finance_bills/Sweden/1992 prop_199192__100.pdf,,University of Gothenburg,covered_by_final_series,,,
1992,Grant for New Energy Technology,innovation_instruments,200000000000.0,krona,SEK,line_item,1992 prop_199192__100.pdf,1873,Data/input/finance_bills/Sweden/1992 prop_199192__100.pdf,,"Grants for new energy technology, reservation appropriation",covered_by_final_series,,,This fund supports research in new energy technologies.
1992,Grant for Research and Development in Energy Research,direct_rd,110000000000.0,krona,SEK,line_item,1992 prop_199192__100.pdf,2357,Data/input/finance_bills/Sweden/1992 prop_199192__100.pdf,,Grants for Research and Development in Energy Research,covered_by_final_series,,,This funding is specifically for energy research and development.
1992,Grant to the Royal Swedish Academy of Sciences 25 162 000,science_agency,25162000000.0,krona,SEK,line_item,1992 prop_199192__100.pdf,1710,Data/input/finance_bills/Sweden/1992 prop_199192__100.pdf,,"Contribution to the Royal Swedish Academy of Sciences 25,162,000",covered_by_final_series,,,Funding to a prestigious academy suggests a focus on scientific research.
1992,Grant to the Stockholm International Water Institute,science_agency,25000000000.0,krona,SEK,line_item,1992 prop_199192__100.pdf,2505,Data/input/finance_bills/Sweden/1992 prop_199192__100.pdf,,Contribution to the Stockholm International Environment Institute,covered_by_final_series,,,"This institute focuses on water research, indicating strong R&D relevance."
1992,"Grants for Research Cooperation with the EU, Fusion Research and the SCIENCE Program",direct_rd,65847000000.0,krona,SEK,line_item,1992 prop_199192__100.pdf,1704,Data/input/finance_bills/Sweden/1992 prop_199192__100.pdf,,"Contribution to research cooperation with the EU, fusion research and the SCIENCE program",covered_by_final_series,,,Supports fusion research and EU collaboration.
1992,Grants to Certain International Research Facilities,innovation_instruments,159834000000.0,krona,SEK,line_item,1992 prop_199192__100.pdf,1704,Data/input/finance_bills/Sweden/1992 prop_199192__100.pdf,,"Contribution to certain international research facilities, etc.",covered_by_final_series,,,This grant supports international research facilities.
1992,Grants to Individual Researchers,direct_rd,1200000000.0,krona,SEK,line_item,1992 prop_199192__100.pdf,448,Data/input/finance_bills/Sweden/1992 prop_199192__100.pdf,,Grants to individual researchers,covered_by_final_series,,,"This funding supports individual researchers, directly relevant to R&D."
1992,Grants to the European Space Agency's Scientific Program,direct_rd,61230000000.0,krona,SEK,line_item,1992 prop_199192__100.pdf,1704,Data/input/finance_bills/Sweden/1992 prop_199192__100.pdf,,Contribution to the European Space Agency's (ESA) scientific program,covered_by_final_series,,,Supports scientific research in space exploration.
1992,Humanistisk-samhallsvetenskapliga forskningsradet (HSFR),science_agency,194275000000.0,krona,SEK,line_item,1992 prop_199192__100.pdf,1772,Data/input/finance_bills/Sweden/1992 prop_199192__100.pdf,,"Humanities and Social Sciences Research Council, appropriations",covered_by_final_series,,,Merged into Vetenskapsradet 2001.
1992,International Research Cooperation,innovation_instruments,18000000.0,krona,SEK,line_item,1992 prop_199192__100.pdf,1663,Data/input/finance_bills/Sweden/1992 prop_199192__100.pdf,,International research cooperation,covered_by_final_series,,,This entity promotes international collaboration in research.
1992,Karolinska Institutet,higher_education,276764000000.0,krona,SEK,line_item,1992 prop_199192__100.pdf,1677,Data/input/finance_bills/Sweden/1992 prop_199192__100.pdf,,Karolinska Institute,covered_by_final_series,,,
1992,Kungliga Tekniska Hogskolan (KTH),higher_education,266128000000.0,krona,SEK,line_item,1992 prop_199192__100.pdf,1688,Data/input/finance_bills/Sweden/1992 prop_199192__100.pdf,,"Royal Institute of Technology, Stockholm",covered_by_final_series,,,
1992,Linkoepings Universitet,higher_education,222000000.0,krona,SEK,line_item,1992 prop_199192__100.pdf,1669,Data/input/finance_bills/Sweden/1992 prop_199192__100.pdf,,Linköping University,covered_by_final_series,,,
1992,Luleå University of Technology,higher_education,1000000000.0,krona,SEK,line_item,1992 prop_199192__100.pdf,1694,Data/input/finance_bills/Sweden/1992 prop_199192__100.pdf,,Luleå University of Technology,covered_by_final_series,,,Involved in various research and development projects.
1992,Lunds Universitet,higher_education,670000000.0,krona,SEK,line_item,1992 prop_199192__100.pdf,1669,Data/input/finance_bills/Sweden/1992 prop_199192__100.pdf,,Lund University,covered_by_final_series,,,
1992,Materials Technology Consortia,innovation_instruments,45000000.0,krona,SEK,program_total,1992 prop_199192__100.pdf,2288,Data/input/finance_bills/Sweden/1992 prop_199192__100.pdf,,Materials technology consortia,covered_by_final_series,,,This program supports consortia focused on materials technology research.
1992,Materials Technology Research Allocation,direct_rd,36150000000.0,krona,SEK,line_item,1992 prop_199192__100.pdf,44,Data/input/finance_bills/Sweden/1992 prop_199192__100.pdf,,"Materials technology research, appropriations",covered_by_final_series,,,This allocation is specifically for materials technology research.
1992,Mathematical-Natural Sciences Faculties,higher_education,921034000000.0,krona,SEK,section_total,1992 prop_199192__100.pdf,1686,Data/input/finance_bills/Sweden/1992 prop_199192__100.pdf,,"Appropriation for Mathematical-Natural Science Faculties, etc.",covered_by_final_series,,,This entity supports research in mathematical and natural sciences.
1992,"Medical Faculties, Reserve Appropriation",higher_education,921034000000.0,krona,SEK,line_item,1992 prop_199192__100.pdf,32,Data/input/finance_bills/Sweden/1992 prop_199192__100.pdf,,"Medical faculties, appropriations",covered_by_final_series,,,This entity supports research activities within medical faculties.
1992,Medicinska forskningsradet (MFR),science_agency,340855000000.0,krona,SEK,line_item,1992 prop_199192__100.pdf,1772,Data/input/finance_bills/Sweden/1992 prop_199192__100.pdf,,"Medical Research Council, appropriations",covered_by_final_series,,,Merged into Vetenskapsradet 2001.
1992,NUTEK (Narings- och teknikutvecklingsverket),science_agency,181625000000.0,krona,SEK,program_total,1992 prop_199192__100.pdf,2332,Data/input/finance_bills/Sweden/1992 prop_199192__100.pdf,,NUTEK: Administrative costs,covered_by_final_series,,,Succeeded STU 1991. R&D mandate transferred to VINNOVA 2001; remaining functions to Tillväxtverket 2009.
1992,National Space Activities,direct_rd,58287000000.0,krona,SEK,line_item,1992 prop_199192__100.pdf,2294,Data/input/finance_bills/Sweden/1992 prop_199192__100.pdf,,Proposal,covered_by_final_series,,,"This funding is for national space activities, which are R&D relevant."
1992,Naturvetenskapliga forskningsradet (NFR),science_agency,464176000000.0,krona,SEK,line_item,1992 prop_199192__100.pdf,1772,Data/input/finance_bills/Sweden/1992 prop_199192__100.pdf,,"Natural Science Research Council, appropriations",covered_by_final_series,,,Merged into Vetenskapsradet 2001.
1992,Research Activities for Arms Control and Disarmament,direct_rd,,,,,,,,,,covered_by_final_series,,,gap: no matching rows in this year
1992,Research Information Technical University of Stockholm,higher_education,770000000.0,krona,SEK,line_item,1992 prop_199192__100.pdf,1694,Data/input/finance_bills/Sweden/1992 prop_199192__100.pdf,,Research information Royal Institute of Technology in Stockholm,covered_by_final_series,,,This entity is involved in research activities at a technical university.
1992,Research Information University of Lund,higher_education,1800000000.0,krona,SEK,line_item,1992 prop_199192__100.pdf,1694,Data/input/finance_bills/Sweden/1992 prop_199192__100.pdf,,Research information University of Lund,covered_by_final_series,,,This entity is associated with research activities at a university.
1992,Research and Development Efforts in the Cultural Sector,direct_rd,,,,,,,,,,covered_by_final_series,,,gap: no matching rows in this year
1992,Research and Development in the Cultural Field,direct_rd,30855000000.0,krona,SEK,program_total,1992 prop_199192__100.pdf,2119,Data/input/finance_bills/Sweden/1992 prop_199192__100.pdf,,Research and development in the cultural sector,covered_by_final_series,,,Focuses on R&D within the cultural sector.
1992,Research and Development on Commission,direct_rd,19482000.0,krona,SEK,line_item,1992 prop_199192__100.pdf,2375,Data/input/finance_bills/Sweden/1992 prop_199192__100.pdf,,Research and development on assignment,covered_by_final_series,,,This program supports R&D activities conducted on commission.
1992,Research and Development within EEA Program,direct_rd,360000000.0,krona,SEK,line_item,1992 prop_199192__100.pdf,502,Data/input/finance_bills/Sweden/1992 prop_199192__100.pdf,,Research and development within EEA programs,covered_by_final_series,,,This program supports R&D activities within the EEA framework.
1992,Research for a Waste-Free Society: Environmentally Adapted Product Development,innovation_instruments,24607000000.0,krona,SEK,line_item,1992 prop_199192__100.pdf,44,Data/input/finance_bills/Sweden/1992 prop_199192__100.pdf,,"Research for a waste-efficient society: Environmentally adapted product development, appropriations",covered_by_final_series,,,"This program focuses on environmentally sustainable product development, indicating R&D relevance."
1992,"Research for a Waste-Smart Society: Waste Management, Appropriation",direct_rd,25000000000.0,krona,SEK,line_item,1992 prop_199192__100.pdf,49,Data/input/finance_bills/Sweden/1992 prop_199192__100.pdf,,"Research for a waste-efficient society: Waste management, appropriations",covered_by_final_series,,,"This program focuses on waste management research, which is relevant to R&D."
1992,Research for a waste-efficient society: Environmentally adapted product development,innovation_instruments,24607000000.0,krona,SEK,line_item,1992 prop_199192__100.pdf,44,Data/input/finance_bills/Sweden/1992 prop_199192__100.pdf,,"Research for a waste-efficient society: Environmentally adapted product development, appropriations",covered_by_final_series,,,This supports R&D in sustainable product development.
1992,Research in the School System,higher_education,24812000000.0,krona,SEK,line_item,1992 prop_199192__100.pdf,1559,Data/input/finance_bills/Sweden/1992 prop_199192__100.pdf,,Research within the school system,covered_by_final_series,,,This funding supports research activities within the education sector.
1992,Rymdstyrelsen,science_agency,30252000000.0,krona,SEK,line_item,1992 prop_199192__100.pdf,1702,Data/input/finance_bills/Sweden/1992 prop_199192__100.pdf,,Appropriation 1991/92 Estimated Salary and excluding VAT 1992/93 accounting,covered_by_final_series,,,
1992,SMHI,science_agency,128036000000.0,krona,SEK,line_item,1992 prop_199192__100.pdf,1310,Data/input/finance_bills/Sweden/1992 prop_199192__100.pdf,,Grant to the Swedish Meteorological and Hydrological Institute,covered_by_final_series,,,
1992,Stockholms Universitet,higher_education,480000000.0,krona,SEK,line_item,1992 prop_199192__100.pdf,1669,Data/input/finance_bills/Sweden/1992 prop_199192__100.pdf,,Stockholm University,covered_by_final_series,,,
1992,Support for Experimental Construction,direct_rd,21000000000.0,krona,SEK,line_item,1992 prop_199192__100.pdf,2373,Data/input/finance_bills/Sweden/1992 prop_199192__100.pdf,,Support for Experimental Construction,covered_by_final_series,,,This program supports R&D activities related to experimental construction.
1992,Support for Technical Research and Development,direct_rd,375000000.0,krona,SEK,line_item,1992 prop_199192__100.pdf,2285,Data/input/finance_bills/Sweden/1992 prop_199192__100.pdf,,Support for technical research and development,covered_by_final_series,,,This funding is aimed at supporting technical research and development activities.
1992,Support for doctoral education of university teachers without a doctorate,direct_rd,1887000000.0,krona,SEK,line_item,1992 prop_199192__100.pdf,1694,Data/input/finance_bills/Sweden/1992 prop_199192__100.pdf,,Support for doctoral education of university teachers without a doctorate,covered_by_final_series,,,This funding supports the education of university teachers in research.
1992,Swedish University of Agricultural Sciences,higher_education,627275000000.0,krona,SEK,program_total,1992 prop_199192__100.pdf,1860,Data/input/finance_bills/Sweden/1992 prop_199192__100.pdf,,Swedish University of Agricultural Sciences,covered_by_final_series,,,This university conducts significant agricultural research.
1992,"Technical Faculties, Reserve Appropriation",higher_education,896016000000.0,krona,SEK,line_item,1992 prop_199192__100.pdf,32,Data/input/finance_bills/Sweden/1992 prop_199192__100.pdf,,"Technical faculties, appropriations",covered_by_final_series,,,This entity funds research activities within technical faculties.
1992,"Technical Research and Development, Appropriation",direct_rd,750908000000.0,krona,SEK,program_total,1992 prop_199192__100.pdf,44,Data/input/finance_bills/Sweden/1992 prop_199192__100.pdf,,"Technical research and development, appropriations",covered_by_final_series,,,This entity is directly related to funding for technical research and development.
1992,Thematic Research,direct_rd,39706000000.0,krona,SEK,program_total,1992 prop_199192__100.pdf,1690,Data/input/finance_bills/Sweden/1992 prop_199192__100.pdf,,Theme-oriented research,covered_by_final_series,,,Supports research in specific thematic areas.
1992,Umea Universitet,higher_education,378000000.0,krona,SEK,line_item,1992 prop_199192__100.pdf,1669,Data/input/finance_bills/Sweden/1992 prop_199192__100.pdf,,Umeå University,covered_by_final_series,,,
1992,Universiteterna (collective Sweden),higher_education,,,,,,,,,,covered_by_final_series,,,gap: no matching rows in this year
1992,University of Karlskrona/Ronneby,higher_education,1051000000.0,krona,SEK,line_item,1992 prop_199192__100.pdf,1692,Data/input/finance_bills/Sweden/1992 prop_199192__100.pdf,,University of Karlskrona/Ronneby,covered_by_final_series,,,This institution is involved in higher education and research.
1992,Uppsala Universitet,higher_education,232322000000.0,krona,SEK,line_item,1992 prop_199192__100.pdf,1683,Data/input/finance_bills/Sweden/1992 prop_199192__100.pdf,,University of Uppsala,covered_by_final_series,,,
1992,Work Environment Institute - Grant for Research Activities,science_agency,1710000000.0,krona,SEK,line_item,1992 prop_199192__100.pdf,1972,Data/input/finance_bills/Sweden/1992 prop_199192__100.pdf,,Work Environment Institute - appropriation for research activities,covered_by_final_series,,,This entity is dedicated to research activities in work environment.
1992,Örebro University,higher_education,3764000000.0,krona,SEK,line_item,1992 prop_199192__100.pdf,1692,Data/input/finance_bills/Sweden/1992 prop_199192__100.pdf,,University of Örebro,covered_by_final_series,,,"As a university, it is involved in research and development activities."
1993,Bioenergy Research,science_agency,37102000000.0,krona,SEK,line_item,1993 prop_199293__100.pdf,2505,Data/input/finance_bills/Sweden/1993 prop_199293__100.pdf,,Bioenergy research,covered_by_final_series,,,This funding is specifically for research in bioenergy.
1993,Building Research,direct_rd,178200000000.0,krona,SEK,line_item,1993 prop_199293__100.pdf,2578,Data/input/finance_bills/Sweden/1993 prop_199293__100.pdf,,Building Research,covered_by_final_series,,,This funding is aimed at research in the field of building and construction.
1993,Certain Grants for Research Activities,direct_rd,,,,,,,,,,covered_by_final_series,,,gap: no matching rows in this year
1993,Certain Special Expenses for Research Purposes,direct_rd,,,,,,,,,,covered_by_final_series,,,gap: no matching rows in this year
1993,Chalmers tekniska hogskola,higher_education,,,,,,,,,,covered_by_final_series,,,gap: no matching rows in this year
1993,Contribution to the Foundation for Sweden's Technical-Scientific Attaché Activities,innovation_instruments,30630000.0,krona,SEK,line_item,1993 prop_199293__100.pdf,2613,Data/input/finance_bills/Sweden/1993 prop_199293__100.pdf,,Grants to the Foundation for Sweden's Technical-Scientific Attaché Activities,covered_by_final_series,,,Supports technical and scientific initiatives.
1993,Contribution to the Swedish Geotechnical Institute,science_agency,16376000000.0,krona,SEK,line_item,1993 prop_199293__100.pdf,1524,Data/input/finance_bills/Sweden/1993 prop_199293__100.pdf,,Grant to the Swedish Geotechnical Institute,covered_by_final_series,,,This contribution supports research at a geotechnical institute.
1993,Development Research through the Board for Development Research (SAREC),direct_rd,405000000.0,krona,SEK,line_item,1993 prop_199293__100.pdf,675,Data/input/finance_bills/Sweden/1993 prop_199293__100.pdf,,Research for Developing Countries through the Board for Research in Developing Countries (SAREC),covered_by_final_series,,,"This program focuses on research for developing countries, which is R&D relevant."
1993,European Space Cooperation,direct_rd,447439000.0,krona,SEK,line_item,1993 prop_199293__100.pdf,2613,Data/input/finance_bills/Sweden/1993 prop_199293__100.pdf,,European Space Cooperation,covered_by_final_series,,,Involves collaborative research in space technology.
1993,FOI / FOA (Totalforsvaret forskningsinstitut),science_agency,485713000000.0,krona,SEK,line_item,1993 prop_199293__100 (2).pdf,1115,Data/input/finance_bills/Sweden/1993 prop_199293__100 (2).pdf,,Gemensam försvarsforskning,covered_by_final_series,,,FOA renamed FOI in 2001.
1993,"Forest and Agricultural Research Council, Reservation Allocation",science_agency,172000000.0,krona,SEK,line_item,1993 prop_199293__100.pdf,30,Data/input/finance_bills/Sweden/1993 prop_199293__100.pdf,,"Swedish Research Council for Agriculture and Forestry, reservation appropriation",covered_by_final_series,,,This entity supports specific research projects in forestry and agriculture.
1993,Funding for Geotechnical Research,direct_rd,16376000000.0,krona,SEK,line_item,1993 prop_199293__100.pdf,1524,Data/input/finance_bills/Sweden/1993 prop_199293__100.pdf,,Appropriation for geotechnical research,covered_by_final_series,,,"This funding is dedicated to geotechnical research, which is relevant for scientific development."
1993,"Geoscientific Research, reservation grants",direct_rd,,,,,,,,,,covered_by_final_series,,,gap: no matching rows in this year
1993,Goteborgs Universitet,higher_education,,,,,,,,,,covered_by_final_series,,,gap: no matching rows in this year
1993,Grants for Investments in New Energy Technology,direct_rd,170000000.0,krona,SEK,line_item,1993 prop_199293__100.pdf,2573,Data/input/finance_bills/Sweden/1993 prop_199293__100.pdf,,Grants for investments in new energy technology,covered_by_final_series,,,"This program supports investments in new energy technologies, indicating R&D relevance."
1993,Grants for Research and Development Work,direct_rd,523000000.0,krona,SEK,line_item,1993 prop_199293__100.pdf,1834,Data/input/finance_bills/Sweden/1993 prop_199293__100.pdf,,Grants for research and development work,covered_by_final_series,,,This grant supports various research and development activities.
1993,Grants to the Forestry and Agricultural Research Council,direct_rd,169680000.0,krona,SEK,line_item,1993 prop_199293__100.pdf,1971,Data/input/finance_bills/Sweden/1993 prop_199293__100.pdf,,Grant to the Forestry and Agricultural Research Council,covered_by_final_series,,,"This fund supports research in forestry and agriculture, indicating R&D relevance."
1993,Humanistisk-samhallsvetenskapliga forskningsradet (HSFR),science_agency,7039137000000.0,krona,SEK,program_total,1993 prop_199293__100 (2).pdf,1838,Data/input/finance_bills/Sweden/1993 prop_199293__100 (2).pdf,,Total funding for HSFR,covered_by_final_series,,,Merged into Vetenskapsradet 2001.
1993,Initiatives for New Energy Technology,direct_rd,165000000000.0,krona,SEK,line_item,1993 prop_199293__100.pdf,2505,Data/input/finance_bills/Sweden/1993 prop_199293__100.pdf,,Measures for new energy technology,covered_by_final_series,,,This initiative is focused on research in new energy technologies.
1993,Joint Defense Research,direct_rd,485713000000.0,krona,SEK,line_item,1993 prop_199293__100 (2).pdf,1115,Data/input/finance_bills/Sweden/1993 prop_199293__100 (2).pdf,,Gemensam försvarsforskning,covered_by_final_series,,,"This entity is related to research in defense, which is relevant for R&D."
1993,Karolinska Institutet,higher_education,,,,,,,,,,covered_by_final_series,,,gap: no matching rows in this year
1993,Kungliga Tekniska Hogskolan (KTH),higher_education,,,,,,,,,,covered_by_final_series,,,gap: no matching rows in this year
1993,Linkoepings Universitet,higher_education,,,,,,,,,,covered_by_final_series,,,gap: no matching rows in this year
1993,Lunds Universitet,higher_education,,,,,,,,,,covered_by_final_series,,,gap: no matching rows in this year
1993,Medicinska forskningsradet (MFR),science_agency,1800000000.0,krona,SEK,line_item,1993 prop_199293__100.pdf,1115,Data/input/finance_bills/Sweden/1993 prop_199293__100.pdf,,Medical Research Council,covered_by_final_series,,,Merged into Vetenskapsradet 2001.
1993,NUTEK (Narings- och teknikutvecklingsverket),science_agency,172200000.0,krona,SEK,line_item,1993 prop_199293__100 (2).pdf,37,Data/input/finance_bills/Sweden/1993 prop_199293__100 (2).pdf,,"Förvaltningskostnader, ramanslag",covered_by_final_series,,,Succeeded STU 1991. R&D mandate transferred to VINNOVA 2001; remaining functions to Tillväxtverket 2009.
1993,National Space Activities,direct_rd,58287000.0,krona,SEK,line_item,1993 prop_199293__100.pdf,2613,Data/input/finance_bills/Sweden/1993 prop_199293__100.pdf,,National Space Activities,covered_by_final_series,,,"This funding is for national space activities, which are R&D relevant."
1993,Naturvetenskapliga forskningsradet (NFR),science_agency,7039137000.0,krona,SEK,program_total,1993 prop_199293__100 (2).pdf,1838,Data/input/finance_bills/Sweden/1993 prop_199293__100 (2).pdf,,Total for Naturvetenskapliga forskningsrådet,covered_by_final_series,,,Merged into Vetenskapsradet 2001.
1993,Research Activities for Arms Control and Disarmament,direct_rd,15840000000.0,krona,SEK,line_item,1993 prop_199293__100 (2).pdf,1115,Data/input/finance_bills/Sweden/1993 prop_199293__100 (2).pdf,,Forskningsverksamhet för rustningsbegränsning och nedrustning,covered_by_final_series,,,"This research is relevant for arms control, an important area of study."
1993,Research and Development Efforts in the Cultural Sector,direct_rd,30855000.0,krona,SEK,line_item,1993 prop_199293__100.pdf,2312,Data/input/finance_bills/Sweden/1993 prop_199293__100.pdf,,Appropriation for research and development efforts in the cultural area,covered_by_final_series,,,"This funding supports R&D in the cultural sector, which is relevant."
1993,Research and Doctoral Education in Higher Education and Certain Other Research Purposes,higher_education,7039137000000.0,krona,SEK,section_total,1993 prop_199293__100.pdf,1838,Data/input/finance_bills/Sweden/1993 prop_199293__100.pdf,,Research and doctoral education within higher education and certain other research purposes,covered_by_final_series,,,This entity supports research and doctoral education in higher education.
1993,Research in the School System,higher_education,24812000000.0,krona,SEK,line_item,1993 prop_199293__100.pdf,1798,Data/input/finance_bills/Sweden/1993 prop_199293__100.pdf,,Research within the school system,covered_by_final_series,,,This funding supports research activities within the education sector.
1993,Rymdstyrelsen,science_agency,,,,,,,,,,covered_by_final_series,,,gap: no matching rows in this year
1993,SMHI,science_agency,121636000.0,krona,SEK,line_item,1993 prop_199293__100 (2).pdf,22,Data/input/finance_bills/Sweden/1993 prop_199293__100 (2).pdf,,"Bidrag till Sveriges meteorologiska och hydrologiska institut, ramanslag",covered_by_final_series,,,
1993,"Stockholm International Water Institute, reservation grant",science_agency,25000000.0,krona,SEK,line_item,1993 prop_199293__100.pdf,2863,Data/input/finance_bills/Sweden/1993 prop_199293__100.pdf,,"Stockholm International Environment Institute, reservations appropriation",covered_by_final_series,,,This institute conducts research on water and environmental issues.
1993,Stockholms Universitet,higher_education,,,,,,,,,,covered_by_final_series,,,gap: no matching rows in this year
1993,Support for Experimental Construction,direct_rd,10000000000.0,krona,SEK,line_item,1993 prop_199293__100.pdf,2578,Data/input/finance_bills/Sweden/1993 prop_199293__100.pdf,,Support for Experimental Construction,covered_by_final_series,,,This program supports R&D activities related to experimental construction.
1993,Swedish Chemicals Agency,science_agency,1000000.0,krona,SEK,line_item,1993 prop_199293__100.pdf,2863,Data/input/finance_bills/Sweden/1993 prop_199293__100.pdf,,Chemical Inspectorate,covered_by_final_series,,,This agency is involved in research and regulation related to chemicals.
1993,Swedish Sports Research Centre,direct_rd,5000000.0,krona,SEK,line_item,1993 prop_199293__100.pdf,1725,Data/input/finance_bills/Sweden/1993 prop_199293__100.pdf,,Center for Sports Research,covered_by_final_series,,,This entity focuses on research in sports science.
1993,Swedish University of Agricultural Sciences,higher_education,87398000.0,krona,SEK,line_item,1993 prop_199293__100.pdf,30,Data/input/finance_bills/Sweden/1993 prop_199293__100.pdf,,"Swedish University of Agricultural Sciences, reservation appropriation",covered_by_final_series,,,This university conducts significant agricultural research.
1993,Total Budget for Industrial Research and Innovation,innovation_instruments,250000000.0,krona,SEK,program_total,1993 prop_199293__100.pdf,2555,Data/input/finance_bills/Sweden/1993 prop_199293__100.pdf,,Total budget for industrial research and innovation,covered_by_final_series,,,This budget is directly aimed at supporting industrial R&D and innovation.
1993,Umea Universitet,higher_education,,,,,,,,,,covered_by_final_series,,,gap: no matching rows in this year
1993,Universiteterna (collective Sweden),higher_education,,,,,,,,,,covered_by_final_series,,,gap: no matching rows in this year
1993,University of Karlskrona/Ronneby,higher_education,,,,,,,,,,covered_by_final_series,,,gap: no matching rows in this year
1993,Uppsala Universitet,higher_education,,,,,,,,,,covered_by_final_series,,,gap: no matching rows in this year
1993,Örebro University,higher_education,,,,,,,,,,covered_by_final_series,,,gap: no matching rows in this year
1994,1. Technical Research and Development,direct_rd,580320000000.0,krona,SEK,line_item,1994 prop_199394__100.pdf,2674,Data/input/finance_bills/Sweden/1994 prop_199394__100.pdf,,F 1. Technical research and development,covered_by_final_series,,,This entity is focused on technical research and development funding.
1994,2. Information Technology,direct_rd,352920000000.0,krona,SEK,line_item,1994 prop_199394__100.pdf,2674,Data/input/finance_bills/Sweden/1994 prop_199394__100.pdf,,F 2. Information technology,covered_by_final_series,,,"This entity is focused on information technology research, relevant for R&D."
1994,Aeronautical Research Institute,science_agency,22296000000.0,krona,SEK,line_item,1994 prop_199394__100.pdf,1202,Data/input/finance_bills/Sweden/1994 prop_199394__100.pdf,,Aerospace Technical Research Institute,covered_by_final_series,,,"This institute focuses on aeronautical research, indicating strong R&D relevance."
1994,Allocation for Research in the Environmental Field,direct_rd,157096000000.0,krona,SEK,program_total,1994 prop_199394__100.pdf,2867,Data/input/finance_bills/Sweden/1994 prop_199394__100.pdf,,Appropriation for research in the environmental field,covered_by_final_series,,,This allocation is specifically for environmental research.
1994,Allocation for State Grants for Restoration of Damage Caused by Acidic Air Pollution,direct_rd,198000000000.0,krona,SEK,program_total,1994 prop_199394__100.pdf,2863,Data/input/finance_bills/Sweden/1994 prop_199394__100.pdf,,Appropriation for state grants for the restoration of damage caused by acidifying air pollutants.,covered_by_final_series,,,This allocation is aimed at research related to environmental restoration.
1994,Bioenergy Research,science_agency,74697000000.0,krona,SEK,program_total,1994 prop_199394__100.pdf,2271,Data/input/finance_bills/Sweden/1994 prop_199394__100.pdf,,Bioenergy research,covered_by_final_series,,,This funding is specifically for research in bioenergy.
1994,"Board for Research in Developing Countries (SAREC), Appropriation",direct_rd,425000000000.0,krona,SEK,line_item,1994 prop_199394__100.pdf,799,Data/input/finance_bills/Sweden/1994 prop_199394__100.pdf,,"Board for Development Research (SAREC), reservation appropriation",covered_by_final_series,,,"This entity is focused on research in developing countries, making it relevant for R&D."
1994,Certain Grants for Research Activities,direct_rd,36595000.0,krona,SEK,line_item,1994 prop_199394__100.pdf,2159,Data/input/finance_bills/Sweden/1994 prop_199394__100.pdf,,Certain Grants for Research Activities,covered_by_final_series,,,This funding is allocated for various research activities.
1994,Certain Special Expenses for Research Purposes,direct_rd,110517000.0,krona,SEK,line_item,1994 prop_199394__100.pdf,2159,Data/input/finance_bills/Sweden/1994 prop_199394__100.pdf,,Certain Special Expenses for Research Purposes,covered_by_final_series,,,This funding is designated for specific research expenses.
1994,Chalmers tekniska hogskola,higher_education,332361000000.0,krona,SEK,line_item,1994 prop_199394__100.pdf,2061,Data/input/finance_bills/Sweden/1994 prop_199394__100.pdf,,Chalmers University of Technology - research and doctoral education,covered_by_final_series,,,
1994,Contribution to the Foundation for Sweden's Technical-Scientific Attaché Activities,innovation_instruments,33560000.0,krona,SEK,line_item,1994 prop_199394__100.pdf,2757,Data/input/finance_bills/Sweden/1994 prop_199394__100.pdf,,"Allocates a reservation appropriation of 33,560,000 SEK",covered_by_final_series,,,Supports technical and scientific initiatives.
1994,Contribution to the Swedish Geotechnical Institute,science_agency,,,,,,,,,,covered_by_final_series,,,gap: no matching rows in this year
1994,"Defense Research: Consideration of A-, B-, and C-Class Weapons, etc.",direct_rd,109234000000.0,krona,SEK,line_item,1994 prop_199394__100.pdf,1219,Data/input/finance_bills/Sweden/1994 prop_199394__100.pdf,,"Defense Research: Consideration for A-, B-, and C-weapons, etc.",covered_by_final_series,,,This program focuses on defense-related research.
1994,Enhancement for Legal Research,direct_rd,2100000.0,krona,SEK,line_item,1994 prop_199394__100.pdf,1975,Data/input/finance_bills/Sweden/1994 prop_199394__100.pdf,,"Strengthening for legal research with 2,100,000 SEK.",covered_by_final_series,,,Specifically allocated for legal research funding.
1994,European Research and Development Cooperation,direct_rd,272300000000.0,krona,SEK,program_total,1994 prop_199394__100.pdf,2763,Data/input/finance_bills/Sweden/1994 prop_199394__100.pdf,,"Proposal 272,300,000",covered_by_final_series,,,This program supports European collaborative research and development.
1994,Expert Group for Research on Regional Development,direct_rd,6065000.0,krona,SEK,line_item,1994 prop_199394__100.pdf,2391,Data/input/finance_bills/Sweden/1994 prop_199394__100.pdf,,"Expert Group for Research on Regional Development a reservation appropriation of 6,065,000 SEK.",covered_by_final_series,,,This entity focuses on research related to regional development.
1994,FOI / FOA (Totalforsvaret forskningsinstitut),science_agency,109234000000.0,krona,SEK,line_item,1994 prop_199394__100.pdf,1219,Data/input/finance_bills/Sweden/1994 prop_199394__100.pdf,,"Defense Research: Consideration for A-, B-, and C-weapons, etc.",covered_by_final_series,,,FOA renamed FOI in 2001.
1994,Forte,science_agency,,,,,,,,,,covered_by_final_series,,,gap: no matching rows in this year
1994,Funding for Expensive Scientific Equipment,innovation_instruments,34874000000.0,krona,SEK,line_item,1994 prop_199394__100.pdf,2103,Data/input/finance_bills/Sweden/1994 prop_199394__100.pdf,,Funding for expensive scientific equipment,covered_by_final_series,,,Supports R&D by funding essential scientific equipment.
1994,"Funding for Research, Development, and Demonstration Projects",direct_rd,100000000000.0,krona,SEK,line_item,1994 prop_199394__100.pdf,1607,Data/input/finance_bills/Sweden/1994 prop_199394__100.pdf,,"Grants for research, development, and demonstration projects",covered_by_final_series,,,"This funding supports various R&D projects, indicating high relevance."
1994,Funds Managed by the Swedish Environmental Protection Agency for Research in the Environmental Field,direct_rd,156218000000.0,krona,SEK,line_item,1994 prop_199394__100.pdf,2865,Data/input/finance_bills/Sweden/1994 prop_199394__100.pdf,,Funds are allocated by the Swedish Environmental Protection Agency for research in the environmental field.,covered_by_final_series,,,These funds are allocated for environmental research.
1994,"Geoscientific Research, reservation grants",direct_rd,4880000.0,krona,SEK,line_item,1994 prop_199394__100.pdf,40,Data/input/finance_bills/Sweden/1994 prop_199394__100.pdf,,"Geoscientific research, appropriations",covered_by_final_series,,,This funding is specifically for geoscientific research.
1994,Goteborgs Universitet,higher_education,671353000.0,krona,SEK,line_item,1994 prop_199394__100.pdf,1980,Data/input/finance_bills/Sweden/1994 prop_199394__100.pdf,,"1994/95 Proposal 671,353,000 SEK",covered_by_final_series,,,
1994,Grant for demonstration of new environmental protection technology,innovation_instruments,25000000.0,krona,SEK,line_item,1994 prop_199394__100.pdf,2859,Data/input/finance_bills/Sweden/1994 prop_199394__100.pdf,,Support for demonstration of new environmental protection technology,covered_by_final_series,,,This supports R&D in environmental technology.
1994,Grant to the Energy Technology Fund,innovation_instruments,72000000.0,krona,SEK,line_item,1994 prop_199394__100.pdf,2752,Data/input/finance_bills/Sweden/1994 prop_199394__100.pdf,,Contributions to the Energy Technology Fund,covered_by_final_series,,,This fund supports research in energy technology.
1994,Grant to the Swedish National Road and Transport Research Institute,science_agency,34189000000.0,krona,SEK,line_item,1994 prop_199394__100.pdf,1606,Data/input/finance_bills/Sweden/1994 prop_199394__100.pdf,,Grants to the National Road and Transport Research Institute,covered_by_final_series,,,Funding to a research institute focused on transport indicates strong R&D relevance.
1994,Grants for Research on Electric and Hybrid Vehicles,direct_rd,30000000000.0,krona,SEK,line_item,1994 prop_199394__100.pdf,1608,Data/input/finance_bills/Sweden/1994 prop_199394__100.pdf,,Grants for research on electric and hybrid vehicles,covered_by_final_series,,,Directly supports R&D in electric vehicle technology.
1994,"Grants for Testing and Measurement R&D, etc.",direct_rd,48950000.0,krona,SEK,program_total,1994 prop_199394__100.pdf,2695,Data/input/finance_bills/Sweden/1994 prop_199394__100.pdf,,"Grants for testing and measurement R&D, etc.",covered_by_final_series,,,This grant supports R&D in testing and measurement technologies.
1994,Grants to the National Veterinary Institute,direct_rd,67834000000.0,krona,SEK,line_item,1994 prop_199394__100.pdf,2222,Data/input/finance_bills/Sweden/1994 prop_199394__100.pdf,,Grant to the Swedish National Veterinary Institute,covered_by_final_series,,,Supports veterinary research and development.
1994,Humanistisk-samhallsvetenskapliga forskningsradet (HSFR),science_agency,212816000000.0,krona,SEK,line_item,1994 prop_199394__100.pdf,2095,Data/input/finance_bills/Sweden/1994 prop_199394__100.pdf,,"Research 212,816,000",covered_by_final_series,,,Merged into Vetenskapsradet 2001.
1994,Infectious Disease Institute,science_agency,82764000.0,krona,SEK,line_item,1994 prop_199394__100.pdf,1407,Data/input/finance_bills/Sweden/1994 prop_199394__100.pdf,,Infectious Disease Institute,covered_by_final_series,,,This entity is a dedicated agency for research on infectious diseases.
1994,Initiatives for Research and Development in Development Areas,direct_rd,20000000.0,krona,SEK,line_item,1994 prop_199394__100.pdf,2652,Data/input/finance_bills/Sweden/1994 prop_199394__100.pdf,,Efforts for research and development in development areas,covered_by_final_series,,,This program focuses on R&D initiatives in specific development areas.
1994,International Cooperation on Nuclear Safety,direct_rd,19360000.0,krona,SEK,line_item,1994 prop_199394__100.pdf,2890,Data/input/finance_bills/Sweden/1994 prop_199394__100.pdf,,International Cooperation in Nuclear Safety,covered_by_final_series,,,This initiative involves international R&D collaboration on nuclear safety.
1994,Karolinska Institutet,higher_education,466321000.0,krona,SEK,line_item,1994 prop_199394__100.pdf,1999,Data/input/finance_bills/Sweden/1994 prop_199394__100.pdf,,"1994/95 Proposal 466,321,000",covered_by_final_series,,,
1994,Kungliga Tekniska Hogskolan (KTH),higher_education,465045000.0,krona,SEK,line_item,1994 prop_199394__100.pdf,2004,Data/input/finance_bills/Sweden/1994 prop_199394__100.pdf,,"1994/95 Proposal 465,045,000",covered_by_final_series,,,
1994,Linkoepings Universitet,higher_education,276737000.0,krona,SEK,line_item,1994 prop_199394__100.pdf,1994,Data/input/finance_bills/Sweden/1994 prop_199394__100.pdf,,"1994/95 Proposal 276,737,000",covered_by_final_series,,,
1994,Lunds Universitet,higher_education,895383000000.0,krona,SEK,program_total,1994 prop_199394__100.pdf,1974,Data/input/finance_bills/Sweden/1994 prop_199394__100.pdf,,Lund University: Research and Doctoral Education,covered_by_final_series,,,
1994,Medicinska forskningsradet (MFR),science_agency,378691000000.0,krona,SEK,line_item,1994 prop_199394__100.pdf,2098,Data/input/finance_bills/Sweden/1994 prop_199394__100.pdf,,"Research 378,691,000",covered_by_final_series,,,Merged into Vetenskapsradet 2001.
1994,Mälardalen University,higher_education,3230000000.0,krona,SEK,line_item,1994 prop_199394__100.pdf,2073,Data/input/finance_bills/Sweden/1994 prop_199394__100.pdf,,Mälardalen University,covered_by_final_series,,,"As a university, it is involved in research and development activities."
1994,NUTEK (Narings- och teknikutvecklingsverket),science_agency,580320000.0,krona,SEK,line_item,1994 prop_199394__100.pdf,2753,Data/input/finance_bills/Sweden/1994 prop_199394__100.pdf,,Appropriation to NUTEK for technical research and development,covered_by_final_series,,,Succeeded STU 1991. R&D mandate transferred to VINNOVA 2001; remaining functions to Tillväxtverket 2009.
1994,Naringsdepartementet / UO 24 (total),rd_ministry,1302658000000.0,krona,SEK,section_total,1994 prop_199394__100.pdf,2668,Data/input/finance_bills/Sweden/1994 prop_199394__100.pdf,,Total appropriations for the Ministry of Enterprise and Innovation,covered_by_final_series,,,UO 24 section total. Contains VINNOVA and industrial R&D. Use only if individual lines unavailable.
1994,National and International Research Resources,direct_rd,2609115000.0,krona,SEK,section_total,1994 prop_199394__100.pdf,2159,Data/input/finance_bills/Sweden/1994 prop_199394__100.pdf,,Total for National and International Research Resources,covered_by_final_series,,,"This funding is aimed at enhancing research resources, indicating its relevance."
1994,Naturvetenskapliga forskningsradet (NFR),science_agency,584169000000.0,krona,SEK,line_item,1994 prop_199394__100.pdf,2098,Data/input/finance_bills/Sweden/1994 prop_199394__100.pdf,,"Research 584,169,000",covered_by_final_series,,,Merged into Vetenskapsradet 2001.
1994,Nuclear Safety Research - Grant Savings,science_agency,24600000.0,krona,SEK,line_item,1994 prop_199394__100.pdf,2890,Data/input/finance_bills/Sweden/1994 prop_199394__100.pdf,,Nuclear Safety Research - Budget Savings,covered_by_final_series,,,This supports research in nuclear safety.
1994,Program for the forest industry sector,direct_rd,11000000.0,krona,SEK,line_item,1994 prop_199394__100.pdf,2652,Data/input/finance_bills/Sweden/1994 prop_199394__100.pdf,,Program for the forest industry area,covered_by_final_series,,,This program is focused on R&D in the forest industry.
1994,Research and Development Efforts in the Cultural Sector,direct_rd,36806000000.0,krona,SEK,program_total,1994 prop_199394__100.pdf,2527,Data/input/finance_bills/Sweden/1994 prop_199394__100.pdf,,"Proposal to the Parliament for Research and Development Efforts in the Cultural Sector for the budget year 1994/95 allocates a framework appropriation of 36,806,000 SEK.",covered_by_final_series,,,"This funding supports R&D in the cultural sector, which is relevant."
1994,"Research and Development, Swedish Mapping, Cadastral and Land Registration Authority",direct_rd,90000000000.0,krona,SEK,line_item,1994 prop_199394__100.pdf,2903,Data/input/finance_bills/Sweden/1994 prop_199394__100.pdf,,"Research and Development, Lantmäteriverket",covered_by_final_series,,,This entity is involved in R&D related to land registration and mapping.
1994,Research for a Circular Economy Adapted Community Development,direct_rd,32497000000.0,krona,SEK,line_item,1994 prop_199394__100.pdf,2920,Data/input/finance_bills/Sweden/1994 prop_199394__100.pdf,,"Research for a Circular Economy Adapted Community Development, reservation appropriation",covered_by_final_series,,,Focuses on R&D for sustainable community development.
1994,Research in the School System,higher_education,,,,,,,,,,covered_by_final_series,,,gap: no matching rows in this year
1994,Research to Support Disarmament and International Security,direct_rd,12259000000.0,krona,SEK,line_item,1994 prop_199394__100.pdf,800,Data/input/finance_bills/Sweden/1994 prop_199394__100.pdf,,Research to support disarmament and international security,covered_by_final_series,,,This funding is aimed at research relevant to disarmament and security.
1994,Rymdstyrelsen,science_agency,42815000000.0,krona,SEK,program_total,1994 prop_199394__100.pdf,2105,Data/input/finance_bills/Sweden/1994 prop_199394__100.pdf,,Proposal,covered_by_final_series,,,
1994,SMHI,science_agency,125024000000.0,krona,SEK,program_total,1994 prop_199394__100.pdf,1667,Data/input/finance_bills/Sweden/1994 prop_199394__100.pdf,,Grants to the Swedish Meteorological and Hydrological Institute,covered_by_final_series,,,
1994,SSF (Stiftelsen for Strategisk Forskning),science_agency,,,,,,,,,,covered_by_final_series,,,gap: no matching rows in this year
1994,Social Science Research Council: Administration,science_agency,5651000000.0,krona,SEK,line_item,1994 prop_199394__100.pdf,1440,Data/input/finance_bills/Sweden/1994 prop_199394__100.pdf,,Social Science Research Council: Administration,covered_by_final_series,,,This council is dedicated to funding social science research.
1994,Stockholms Universitet,higher_education,692595000.0,krona,SEK,line_item,1994 prop_199394__100.pdf,1987,Data/input/finance_bills/Sweden/1994 prop_199394__100.pdf,,"1994/95 Proposal 692,595,000 SEK",covered_by_final_series,,,
1994,Strategic Defense Research,direct_rd,30000000000.0,krona,SEK,line_item,1994 prop_199394__100.pdf,1219,Data/input/finance_bills/Sweden/1994 prop_199394__100.pdf,,Strategic Defense Research,covered_by_final_series,,,Involves research in defense technologies and strategies.
1994,Strengthening Research Resources,direct_rd,130000000.0,krona,SEK,line_item,1994 prop_199394__100.pdf,1868,Data/input/finance_bills/Sweden/1994 prop_199394__100.pdf,,Strengthening of Research Resources,covered_by_final_series,,,This funding is aimed at enhancing research capabilities.
1994,Support for Research in Developing Countries,direct_rd,425000000000.0,krona,SEK,line_item,1994 prop_199394__100.pdf,727,Data/input/finance_bills/Sweden/1994 prop_199394__100.pdf,,Support for research in developing countries,covered_by_final_series,,,"This entity supports research in developing countries, relevant for R&D."
1994,Support for Technology Development Regarding Wind Power,innovation_instruments,5000000000.0,krona,SEK,line_item,1994 prop_199394__100.pdf,2736,Data/input/finance_bills/Sweden/1994 prop_199394__100.pdf,,Support for Technology Development Regarding Wind Power,covered_by_final_series,,,This program funds R&D in renewable energy technologies.
1994,Swedish Environmental Protection Agency Proposal for 200 million SEK for liming lakes and watercourses,direct_rd,200000000000.0,krona,SEK,line_item,1994 prop_199394__100.pdf,2863,Data/input/finance_bills/Sweden/1994 prop_199394__100.pdf,,The Swedish Environmental Protection Agency proposes that 200 million kronor be allocated for liming of lakes and watercourses.,covered_by_final_series,,,This proposal is directly related to environmental research.
1994,Swedish Forest and Agricultural Research Council: Administrative Costs,direct_rd,18097000.0,krona,SEK,line_item,1994 prop_199394__100.pdf,2259,Data/input/finance_bills/Sweden/1994 prop_199394__100.pdf,,Swedish Forest and Agricultural Research Council: Administrative Costs,covered_by_final_series,,,This entity is involved in research funding for forestry and agriculture.
1994,Swedish Museum of Natural History Funding,direct_rd,5250000000.0,krona,SEK,line_item,1994 prop_199394__100.pdf,2527,Data/input/finance_bills/Sweden/1994 prop_199394__100.pdf,,"Swedish Museum of Natural History 5,250,000 + 115,000",covered_by_final_series,,,This budget is allocated for research at the museum.
1994,Swedish Radiation Safety Authority,science_agency,80043000.0,krona,SEK,line_item,1994 prop_199394__100.pdf,2886,Data/input/finance_bills/Sweden/1994 prop_199394__100.pdf,,Swedish Radiation Safety Authority,covered_by_final_series,,,This entity is a dedicated agency for research on radiation safety.
1994,Swedish Social Science Research Council: Research Funds,direct_rd,86772000000.0,krona,SEK,program_total,1994 prop_199394__100.pdf,1440,Data/input/finance_bills/Sweden/1994 prop_199394__100.pdf,,Social Science Research Council: Research Funds,covered_by_final_series,,,This entity provides funding specifically for social science research.
1994,Swedish Sports Research Centre,direct_rd,5000000.0,krona,SEK,line_item,1994 prop_199394__100.pdf,1838,Data/input/finance_bills/Sweden/1994 prop_199394__100.pdf,,Center for Sports Research,covered_by_final_series,,,This entity focuses on research in sports science.
1994,Swedish University of Agricultural Sciences,higher_education,1014964000.0,krona,SEK,program_total,1994 prop_199394__100.pdf,2256,Data/input/finance_bills/Sweden/1994 prop_199394__100.pdf,,Swedish University of Agricultural Sciences,covered_by_final_series,,,This university conducts significant agricultural research.
1994,Teknikvetenskapliga forskningsradet (TFR),science_agency,267936000000.0,krona,SEK,program_total,1994 prop_199394__100.pdf,2103,Data/input/finance_bills/Sweden/1994 prop_199394__100.pdf,,Research,covered_by_final_series,,,Merged into Vetenskapsradet 2001.
1994,Total Budget for Environmental Research,direct_rd,0.0,krona,SEK,program_total,1994 prop_199394__100.pdf,1868,Data/input/finance_bills/Sweden/1994 prop_199394__100.pdf,,Total budget for environmental research,covered_by_final_series,,,"This budget is specifically allocated for environmental research, a key area of R&D."
1994,Total Budget for Industrial Research and Development,innovation_instruments,0.0,krona,SEK,program_total,1994 prop_199394__100.pdf,1868,Data/input/finance_bills/Sweden/1994 prop_199394__100.pdf,,Total budget for industrial R&D,covered_by_final_series,,,This budget is allocated for industrial R&D activities.
1994,Total Budget for Industrial Research and Innovation,innovation_instruments,,,,,,,,,,covered_by_final_series,,,gap: no matching rows in this year
1994,Umea Universitet,higher_education,484066000.0,krona,SEK,line_item,1994 prop_199394__100.pdf,1989,Data/input/finance_bills/Sweden/1994 prop_199394__100.pdf,,"1994/95 Proposal 484,066,000 SEK",covered_by_final_series,,,
1994,Universiteterna (collective Sweden),higher_education,,,,,,,,,,covered_by_final_series,,,gap: no matching rows in this year
1994,University of Borås,higher_education,3231000000.0,krona,SEK,line_item,1994 prop_199394__100.pdf,2073,Data/input/finance_bills/Sweden/1994 prop_199394__100.pdf,,University of Boras,covered_by_final_series,,,"As a university, it is involved in research and development activities."
1994,University of Falun/Borlänge,higher_education,3155000000.0,krona,SEK,line_item,1994 prop_199394__100.pdf,2073,Data/input/finance_bills/Sweden/1994 prop_199394__100.pdf,,University of Falun/Borlange,covered_by_final_series,,,"As a university, it is involved in research and development activities."
1994,University of Gävle,higher_education,3197000000.0,krona,SEK,line_item,1994 prop_199394__100.pdf,2073,Data/input/finance_bills/Sweden/1994 prop_199394__100.pdf,,University of Gavle/Sandviken,covered_by_final_series,,,"As a university, it is involved in research and development activities."
1994,University of Karlskrona/Ronneby,higher_education,2065000000.0,krona,SEK,line_item,1994 prop_199394__100.pdf,2073,Data/input/finance_bills/Sweden/1994 prop_199394__100.pdf,,University of Karlskrona/Ronneby,covered_by_final_series,,,This institution is involved in higher education and research.
1994,Uppsala Universitet,higher_education,868152000000.0,krona,SEK,program_total,1994 prop_199394__100.pdf,1970,Data/input/finance_bills/Sweden/1994 prop_199394__100.pdf,,Uppsala University: Research and Doctoral Education,covered_by_final_series,,,
1994,Utbildningsdepartementet / UO 16 (total),rd_ministry,1305853000000.0,krona,SEK,section_total,1994 prop_199394__100.pdf,2271,Data/input/finance_bills/Sweden/1994 prop_199394__100.pdf,,Total budget for UO 16,covered_by_final_series,,,UO 16 section total (post-1994). Use only if individual lines unavailable.
1994,Örebro University,higher_education,7828000000.0,krona,SEK,line_item,1994 prop_199394__100.pdf,2073,Data/input/finance_bills/Sweden/1994 prop_199394__100.pdf,,University of Örebro,covered_by_final_series,,,"As a university, it is involved in research and development activities."
1995,Bioenergy Research,science_agency,88900000.0,krona,SEK,program_total,1995 prop_199495__100.pdf,2424,Data/input/finance_bills/Sweden/1995 prop_199495__100.pdf,,Total budget for Bioenergy Research,covered_by_final_series,,,This funding is specifically for research in bioenergy.
1995,Certain Compensation for Clinical Education and Research,higher_education,2296979000000.0,krona,SEK,section_total,1995 prop_199495__100.pdf,1730,Data/input/finance_bills/Sweden/1995 prop_199495__100.pdf,,Proposal to the Parliament,covered_by_final_series,,,This entity provides funding for clinical education and research activities.
1995,Certain Grants for Research Activities,direct_rd,463978000000.0,krona,SEK,line_item,1995 prop_199495__100.pdf,31,Data/input/finance_bills/Sweden/1995 prop_199495__100.pdf,,Certain contributions to research activities,covered_by_final_series,,,This funding is allocated for various research activities.
1995,Certain Special Expenses for Research Purposes,direct_rd,61554000000.0,krona,SEK,program_total,1995 prop_199495__100.pdf,1763,Data/input/finance_bills/Sweden/1995 prop_199495__100.pdf,,"Framework appropriation 61,554,000 SEK",covered_by_final_series,,,This funding is designated for specific research expenses.
1995,Chalmers tekniska hogskola,higher_education,519575000000.0,krona,SEK,line_item,1995 prop_199495__100.pdf,1713,Data/input/finance_bills/Sweden/1995 prop_199495__100.pdf,,Chalmers University of Technology: Research and Doctoral Education,covered_by_final_series,,,
1995,Compensation for Doctoral Education and Certain Research,higher_education,1394255000000.0,krona,SEK,line_item,1995 prop_199495__100.pdf,1609,Data/input/finance_bills/Sweden/1995 prop_199495__100.pdf,,Compensation for doctoral education and certain research,covered_by_final_series,,,This entity provides funding for doctoral education and specific research activities.
1995,Contribution to the Foundation for Sweden's Technical-Scientific Attaché Activities,innovation_instruments,,,,,,,,,,covered_by_final_series,,,gap: no matching rows in this year
1995,Contribution to the Swedish Geotechnical Institute,science_agency,22897000000.0,krona,SEK,line_item,1995 prop_199495__100.pdf,1357,Data/input/finance_bills/Sweden/1995 prop_199495__100.pdf,,Grants to the Geological Survey of Sweden,covered_by_final_series,,,This contribution supports research at a geotechnical institute.
1995,EISCAT 2,innovation_instruments,2100000000.0,krona,SEK,program_total,1995 prop_199495__100.pdf,1762,Data/input/finance_bills/Sweden/1995 prop_199495__100.pdf,,"6. EISCAT 2,100,000 SEK",covered_by_final_series,,,Supports the EISCAT radar system for atmospheric research.
1995,European R&D Cooperation,innovation_instruments,191316000.0,krona,SEK,program_total,1995 prop_199495__100.pdf,121,Data/input/finance_bills/Sweden/1995 prop_199495__100.pdf,,European R&D Cooperation,covered_by_final_series,,,This entity is focused on European research and development collaboration.
1995,European Research Cooperation,direct_rd,642533000000.0,krona,SEK,section_total,1995 prop_199495__100.pdf,1761,Data/input/finance_bills/Sweden/1995 prop_199495__100.pdf,,"Framework appropriation 642,533,000 SEK",covered_by_final_series,,,This entity is focused on research collaboration in Europe.
1995,European Research and Development Cooperation,direct_rd,271300000.0,krona,SEK,line_item,1995 prop_199495__100.pdf,2297,Data/input/finance_bills/Sweden/1995 prop_199495__100.pdf,,F 7. European research and development cooperation,covered_by_final_series,,,This program supports European collaborative research and development.
1995,FOI / FOA (Totalforsvaret forskningsinstitut),science_agency,357502000.0,krona,SEK,line_item,1995 prop_199495__100.pdf,21,Data/input/finance_bills/Sweden/1995 prop_199495__100.pdf,,Totalförsvarets forskningsinstitut,covered_by_final_series,,,FOA renamed FOI in 2001.
1995,Forte,science_agency,,,,,,,,,,covered_by_final_series,,,gap: no matching rows in this year
1995,Foundation Jönköping University: Research and Doctoral Education,higher_education,22990000000.0,krona,SEK,line_item,1995 prop_199495__100.pdf,1713,Data/input/finance_bills/Sweden/1995 prop_199495__100.pdf,,Foundation Jönköping University: Research and Doctoral Education,covered_by_final_series,,,"This foundation supports research and education, indicating R&D relevance."
1995,"Funding for Education, Research, and Experimental Activities",direct_rd,1420657.0,krona,SEK,line_item,1995 prop_199495__100.pdf,1928,Data/input/finance_bills/Sweden/1995 prop_199495__100.pdf,,"Appropriation for education, research, and experimental activities",covered_by_final_series,,,Direct funding aimed at supporting research and educational initiatives.
1995,Funding for Research and Development from the Work Environment Fund,innovation_instruments,791145000000.0,krona,SEK,line_item,1995 prop_199495__100.pdf,2064,Data/input/finance_bills/Sweden/1995 prop_199495__100.pdf,,Grants for research and development from the Work Environment Fund,covered_by_final_series,,,This funding is directed towards research and development in work environment.
1995,Funds for Research Support Measures at Smaller and Medium-sized Universities,innovation_instruments,155133000000.0,krona,SEK,line_item,1995 prop_199495__100.pdf,1729,Data/input/finance_bills/Sweden/1995 prop_199495__100.pdf,,Funds for research support measures at smaller and medium-sized universities,covered_by_final_series,,,This fund supports research initiatives at smaller universities.
1995,Goteborgs Universitet,higher_education,1078541000000.0,krona,SEK,line_item,1995 prop_199495__100.pdf,1614,Data/input/finance_bills/Sweden/1995 prop_199495__100.pdf,,Compensation for doctoral education and certain research,covered_by_final_series,,,
1995,Grant to the Stockholm International Environment Institute,science_agency,18000000.0,krona,SEK,line_item,1995 prop_199495__100.pdf,2587,Data/input/finance_bills/Sweden/1995 prop_199495__100.pdf,,Appropriation to the Stockholm Environment Institute,covered_by_final_series,,,Supports environmental research initiatives.
1995,Grant to the Swedish National Road and Transport Research Institute,science_agency,49356000000.0,krona,SEK,line_item,1995 prop_199495__100.pdf,1283,Data/input/finance_bills/Sweden/1995 prop_199495__100.pdf,,Grants to the Swedish Road and Transport Research Institute,covered_by_final_series,,,Funding to a research institute focused on transport indicates strong R&D relevance.
1995,Grants for Research on Electric and Hybrid Vehicles,direct_rd,61000000000.0,krona,SEK,line_item,1995 prop_199495__100.pdf,1291,Data/input/finance_bills/Sweden/1995 prop_199495__100.pdf,,Contribution to research on electric and hybrid vehicles,covered_by_final_series,,,Directly supports R&D in electric vehicle technology.
1995,Humanistisk-samhallsvetenskapliga forskningsradet (HSFR),science_agency,341100000000.0,krona,SEK,line_item,1995 prop_199495__100.pdf,1745,Data/input/finance_bills/Sweden/1995 prop_199495__100.pdf,,"Research for the budget year 1995/96 allocates a reservation appropriation of 341,100,000 SEK.",covered_by_final_series,,,Merged into Vetenskapsradet 2001.
1995,"Initiation, Coordination, and Support for Research",direct_rd,118319000000.0,krona,SEK,line_item,1995 prop_199495__100.pdf,1741,Data/input/finance_bills/Sweden/1995 prop_199495__100.pdf,,"Initiation, coordination, and support for research",covered_by_final_series,,,This program supports the initiation and coordination of research efforts.
1995,Karolinska Institutet,higher_education,594515000000.0,krona,SEK,line_item,1995 prop_199495__100.pdf,30,Data/input/finance_bills/Sweden/1995 prop_199495__100.pdf,,Karolinska Institute: Research and doctoral education,covered_by_final_series,,,
1995,Kungliga Tekniska Hogskolan (KTH),higher_education,865903000.0,krona,SEK,line_item,1995 prop_199495__100.pdf,1642,Data/input/finance_bills/Sweden/1995 prop_199495__100.pdf,,"Proposal 865,903,000 SEK",covered_by_final_series,,,
1995,Linkoepings Universitet,higher_education,487320000.0,krona,SEK,line_item,1995 prop_199495__100.pdf,1635,Data/input/finance_bills/Sweden/1995 prop_199495__100.pdf,,Research and doctoral education for the budget year 1995/96 allocates a reservation appropriation,covered_by_final_series,,,
1995,Lunds Universitet,higher_education,1394255000000.0,krona,SEK,line_item,1995 prop_199495__100.pdf,1609,Data/input/finance_bills/Sweden/1995 prop_199495__100.pdf,,Compensation for doctoral education and certain research,covered_by_final_series,,,
1995,Medicinska forskningsradet (MFR),science_agency,552004000000.0,krona,SEK,program_total,1995 prop_199495__100.pdf,1746,Data/input/finance_bills/Sweden/1995 prop_199495__100.pdf,,"Research for the budget year 1995/96 allocates a reservation appropriation of 552,004,000 SEK.",covered_by_final_series,,,Merged into Vetenskapsradet 2001.
1995,NUTEK (Narings- och teknikutvecklingsverket),science_agency,352920000.0,krona,SEK,line_item,1995 prop_199495__100.pdf,2432,Data/input/finance_bills/Sweden/1995 prop_199495__100.pdf,,The appropriation is allocated to NUTEK to promote and support technical research and development in the field of information technology (IT).,covered_by_final_series,,,Succeeded STU 1991. R&D mandate transferred to VINNOVA 2001; remaining functions to Tillväxtverket 2009.
1995,Naringsdepartementet / UO 24 (total),rd_ministry,50575177000.0,krona,SEK,section_total,1995 prop_199495__100.pdf,2518,Data/input/finance_bills/Sweden/1995 prop_199495__100.pdf,,Total for the Ministry of Industry,covered_by_final_series,,,UO 24 section total. Contains VINNOVA and industrial R&D. Use only if individual lines unavailable.
1995,Naturvetenskapliga forskningsradet (NFR),science_agency,900017000000.0,krona,SEK,line_item,1995 prop_199495__100.pdf,1748,Data/input/finance_bills/Sweden/1995 prop_199495__100.pdf,,"Research for the budget year 1995/96 allocates a reservation appropriation of 900,017,000 SEK.",covered_by_final_series,,,Merged into Vetenskapsradet 2001.
1995,Research Activities of Special Foreign and Security Policy Importance,direct_rd,5248000000.0,krona,SEK,line_item,1995 prop_199495__100.pdf,664,Data/input/finance_bills/Sweden/1995 prop_199495__100.pdf,,Research Activities of Special Foreign and Security Policy Significance,covered_by_final_series,,,This program funds research with significant policy implications.
1995,Research Council: Research and Research Information,science_agency,1449053000000.0,krona,SEK,program_total,1995 prop_199495__100.pdf,31,Data/input/finance_bills/Sweden/1995 prop_199495__100.pdf,,Research Council: Research and research information,covered_by_final_series,,,This entity is a dedicated research council focusing on research and information dissemination.
1995,"Research Funds, Reserve Grant",direct_rd,131918000000.0,krona,SEK,program_total,1995 prop_199495__100.pdf,1119,Data/input/finance_bills/Sweden/1995 prop_199495__100.pdf,,"Research funds, reservation appropriation",covered_by_final_series,,,This is a reserved fund specifically for research purposes.
1995,Research and Development Efforts in the Cultural Sector,direct_rd,,,,,,,,,,covered_by_final_series,,,gap: no matching rows in this year
1995,Research and Development in Infectious Disease Control,direct_rd,132118000.0,krona,SEK,line_item,1995 prop_199495__100.pdf,1081,Data/input/finance_bills/Sweden/1995 prop_199495__100.pdf,,Research and development within infectious disease control,covered_by_final_series,,,This entity is directly focused on R&D in a critical health area.
1995,Research and Development in the Cultural Sector,direct_rd,36806000000.0,krona,SEK,line_item,1995 prop_199495__100.pdf,2181,Data/input/finance_bills/Sweden/1995 prop_199495__100.pdf,,Research and development within the cultural sector,covered_by_final_series,,,This entity focuses on R&D specifically within the cultural sector.
1995,Research in the School System,higher_education,40430000000.0,krona,SEK,line_item,1995 prop_199495__100.pdf,1514,Data/input/finance_bills/Sweden/1995 prop_199495__100.pdf,,Research within the school system,covered_by_final_series,,,This funding supports research activities within the education sector.
1995,Research to Support Disarmament and International Security,direct_rd,18711000000.0,krona,SEK,line_item,1995 prop_199495__100.pdf,661,Data/input/finance_bills/Sweden/1995 prop_199495__100.pdf,,Research to Support Disarmament and International Security,covered_by_final_series,,,This funding is aimed at research relevant to disarmament and security.
1995,Reservation for Energy Research,direct_rd,310100000.0,krona,SEK,line_item,1995 prop_199495__100.pdf,2424,Data/input/finance_bills/Sweden/1995 prop_199495__100.pdf,,Reservation for Energy Research,covered_by_final_series,,,"This reservation is specifically for energy research, making it R&D relevant."
1995,Rymdstyrelsen,science_agency,341100000000.0,krona,SEK,line_item,1995 prop_199495__100.pdf,31,Data/input/finance_bills/Sweden/1995 prop_199495__100.pdf,,Space Research,covered_by_final_series,,,
1995,SMHI,science_agency,182802000000.0,krona,SEK,line_item,1995 prop_199495__100.pdf,1357,Data/input/finance_bills/Sweden/1995 prop_199495__100.pdf,,Grants to the Swedish Meteorological and Hydrological Institute,covered_by_final_series,,,
1995,SSF (Stiftelsen for Strategisk Forskning),science_agency,,,,,,,,,,covered_by_final_series,,,gap: no matching rows in this year
1995,State Contribution to the Royal Swedish Academy of Engineering Sciences,higher_education,8200000.0,krona,SEK,line_item,1995 prop_199495__100.pdf,2436,Data/input/finance_bills/Sweden/1995 prop_199495__100.pdf,,The appropriation provides the state contribution to the basic activities of the Royal Swedish Academy of Engineering Sciences.,covered_by_final_series,,,"This funding supports the fundamental activities of an engineering academy, which is relevant to R&D."
1995,Stockholms Universitet,higher_education,734456000000.0,krona,SEK,line_item,1995 prop_199495__100.pdf,1619,Data/input/finance_bills/Sweden/1995 prop_199495__100.pdf,,Appropriation,covered_by_final_series,,,
1995,Support for Energy-Efficient Demonstration and Pilot Facilities,innovation_instruments,200000000.0,krona,SEK,line_item,1995 prop_199495__100.pdf,2388,Data/input/finance_bills/Sweden/1995 prop_199495__100.pdf,,Support for energy-efficient demonstration and pilot plants,covered_by_final_series,,,This funding supports R&D in energy efficiency.
1995,Support for Research and Development of New Environmentally Friendly Energy Technology,direct_rd,189000000.0,krona,SEK,line_item,1995 prop_199495__100.pdf,2396,Data/input/finance_bills/Sweden/1995 prop_199495__100.pdf,,Support for research and development of new environmentally friendly energy technology,covered_by_final_series,,,This program directly supports R&D in environmentally friendly energy technologies.
1995,Support for Research at the Swedish Museum of Natural History,direct_rd,5365000000.0,krona,SEK,line_item,1995 prop_199495__100.pdf,2181,Data/input/finance_bills/Sweden/1995 prop_199495__100.pdf,,Support for research at the Natural History Museum,covered_by_final_series,,,This funding supports research activities at a major museum.
1995,Swedish Institute for Psychosocial Environmental Medicine,science_agency,15099000.0,krona,SEK,line_item,1995 prop_199495__100.pdf,1101,Data/input/finance_bills/Sweden/1995 prop_199495__100.pdf,,Swedish Institute for Psychosocial Medicine,covered_by_final_series,,,Involves research in psychosocial environmental medicine.
1995,"Swedish Nuclear Power Inspectorate: Nuclear Safety Research, Framework Grants",direct_rd,95939000000.0,krona,SEK,line_item,1995 prop_199495__100.pdf,2596,Data/input/finance_bills/Sweden/1995 prop_199495__100.pdf,,"Swedish Nuclear Power Inspectorate: Nuclear Safety Research, appropriation",covered_by_final_series,,,"This entity is involved in nuclear safety research, which is critical for R&D in energy."
1995,Swedish Sports Research Centre,direct_rd,5000000.0,krona,SEK,line_item,1995 prop_199495__100.pdf,2547,Data/input/finance_bills/Sweden/1995 prop_199495__100.pdf,,Center for Sports Research,covered_by_final_series,,,This entity focuses on research in sports science.
1995,Swedish University of Agricultural Sciences,higher_education,1002000000.0,krona,SEK,line_item,1995 prop_199495__100.pdf,1937,Data/input/finance_bills/Sweden/1995 prop_199495__100.pdf,,"Swedish University of Agricultural Sciences, block grant",covered_by_final_series,,,This university conducts significant agricultural research.
1995,Swedish-American Research Exchange Board,direct_rd,3905000000.0,krona,SEK,line_item,1995 prop_199495__100.pdf,1764,Data/input/finance_bills/Sweden/1995 prop_199495__100.pdf,,"5. Board for Swedish-American Research Exchange 3,905,000 SEK",covered_by_final_series,,,"This entity supports research exchanges, indicating a focus on R&D."
1995,Teknikvetenskapliga forskningsradet (TFR),science_agency,463978000000.0,krona,SEK,program_total,1995 prop_199495__100.pdf,1750,Data/input/finance_bills/Sweden/1995 prop_199495__100.pdf,,"Research for the budget year 1995/96 allocates a reservation appropriation of 463,978,000 SEK.",covered_by_final_series,,,Merged into Vetenskapsradet 2001.
1995,Total Budget for Environmental Research,direct_rd,36806000000.0,krona,SEK,program_total,1995 prop_199495__100.pdf,2181,Data/input/finance_bills/Sweden/1995 prop_199495__100.pdf,,Total budget for environmental research,covered_by_final_series,,,"This budget is specifically allocated for environmental research, a key area of R&D."
1995,Total Budget for Industrial Research and Development,innovation_instruments,36806000000.0,krona,SEK,program_total,1995 prop_199495__100.pdf,2181,Data/input/finance_bills/Sweden/1995 prop_199495__100.pdf,,Total budget for industrial R&D,covered_by_final_series,,,This budget is allocated for industrial R&D activities.
1995,Total Budget for Industrial Research and Innovation,innovation_instruments,,,,,,,,,,covered_by_final_series,,,gap: no matching rows in this year
1995,Umea Universitet,higher_education,496110000000.0,krona,SEK,line_item,1995 prop_199495__100.pdf,1628,Data/input/finance_bills/Sweden/1995 prop_199495__100.pdf,,Appropriation,covered_by_final_series,,,
1995,Universiteterna (collective Sweden),higher_education,,,,,,,,,,covered_by_final_series,,,gap: no matching rows in this year
1995,Universities and Colleges,higher_education,27349573000.0,krona,SEK,program_total,1995 prop_199495__100.pdf,1831,Data/input/finance_bills/Sweden/1995 prop_199495__100.pdf,,Total for Universities and Higher Education Institutions,covered_by_final_series,,,Funding for universities and colleges is inherently related to R&D activities.
1995,University of Karlskrona/Ronneby,higher_education,,,,,,,,,,covered_by_final_series,,,gap: no matching rows in this year
1995,Uppsala Universitet,higher_education,4096264000000.0,krona,SEK,program_total,1995 prop_199495__100.pdf,30,Data/input/finance_bills/Sweden/1995 prop_199495__100.pdf,,Uppsala University: Research and doctoral education,covered_by_final_series,,,
1995,Utbildningsdepartementet / UO 16 (total),rd_ministry,58915917000000.0,krona,SEK,section_total,1995 prop_199495__100.pdf,29,Data/input/finance_bills/Sweden/1995 prop_199495__100.pdf,,Total budget for the Ministry of Education,covered_by_final_series,,,UO 16 section total (post-1994). Use only if individual lines unavailable.
1995,Örebro University,higher_education,,,,,,,,,,covered_by_final_series,,,gap: no matching rows in this year
1997,Chalmers tekniska hogskola,higher_education,,,,,,,,,,covered_by_final_series,,,gap: no matching rows in this year
1997,Contribution to the Foundation for Sweden's Technical-Scientific Attaché Activities,innovation_instruments,32533000.0,krona,SEK,line_item,1997_extracted.docx,134,,,Contribution to the Foundation for Sweden's Technical-Scientific Attaché Activities,covered_by_final_series,,,Supports technical and scientific initiatives.
1997,Costs for SGU's Research and Development Activities,direct_rd,13000000.0,krona,SEK,line_item,1997_extracted.docx,106,,,Costs for SGU's research and development activities,covered_by_final_series,,,Covers R&D costs for the Geological Survey of Sweden.
1997,European Research Cooperation,direct_rd,317367000.0,krona,SEK,line_item,1997_extracted.docx,44,,,European Research Cooperation,covered_by_final_series,,,This entity is focused on research collaboration in Europe.
1997,FOI / FOA (Totalforsvaret forskningsinstitut),science_agency,,,,,,,,,,covered_by_final_series,,,gap: no matching rows in this year
1997,"Forest and Agricultural Research Council: Administrative costs, framework grants",direct_rd,10501000.0,krona,SEK,line_item,1997_extracted.docx,29,,,"Forest and Agricultural Research Council: Administrative costs, appropriation",covered_by_final_series,,,This council supports research in forestry and agriculture.
1997,"Forest and Agricultural Research Council: Research and Collective Research, Framework Grant",science_agency,204850000.0,krona,SEK,line_item,1997_extracted.docx,29,,,"Forest and Agricultural Research Council: Research and collective research, appropriation",covered_by_final_series,,,This entity funds research in forestry and agriculture.
1997,Forte,science_agency,,,,,,,,,,covered_by_final_series,,,gap: no matching rows in this year
1997,Funds Allocated for Technical Research and Development,direct_rd,783447000.0,krona,SEK,line_item,1997_extracted.docx,130,,,Funds are allocated for technical research and development,covered_by_final_series,,,Specifically allocated for technical R&D.
1997,Goteborgs Universitet,higher_education,723664000.0,krona,SEK,line_item,1997_extracted.docx,12,,,University of Gothenburg: Research and doctoral education,covered_by_final_series,,,
1997,"Grants for standardization, testing, and measurement R&D",direct_rd,77802000.0,krona,SEK,line_item,1997_extracted.docx,90,,,"Grants for standardization, testing, and measurement technical R&D, etc.",covered_by_final_series,,,This grant supports research and development in standardization and testing.
1997,Humanistisk-samhallsvetenskapliga forskningsradet (HSFR),science_agency,210444000.0,krona,SEK,line_item,1997_extracted.docx,44,,,Humanities and Social Sciences Research Council: Research,covered_by_final_series,,,Merged into Vetenskapsradet 2001.
1997,Karolinska Institutet,higher_education,558025000.0,krona,SEK,line_item,1997_extracted.docx,12,,,Karolinska Institute: Research and doctoral education,covered_by_final_series,,,
1997,Kungliga Tekniska Hogskolan (KTH),higher_education,,,,,,,,,,covered_by_final_series,,,gap: no matching rows in this year
1997,Linkoepings Universitet,higher_education,323203000.0,krona,SEK,line_item,1997_extracted.docx,12,,,Linköping University: Research and doctoral education,covered_by_final_series,,,
1997,Lunds Universitet,higher_education,941950000.0,krona,SEK,line_item,1997_extracted.docx,12,,,Lund University: Research and doctoral education,covered_by_final_series,,,
1997,Medicinska forskningsradet (MFR),science_agency,326533000.0,krona,SEK,line_item,1997_extracted.docx,44,,,Medical Research Council: Research,covered_by_final_series,,,Merged into Vetenskapsradet 2001.
1997,NUTEK (Narings- och teknikutvecklingsverket),science_agency,353268000.0,krona,SEK,line_item,1997_extracted.docx,30,,,"NUTEK: Administrative costs, appropriation",covered_by_final_series,,,Succeeded STU 1991. R&D mandate transferred to VINNOVA 2001; remaining functions to Tillväxtverket 2009.
1997,Naringsdepartementet / UO 24 (total),rd_ministry,,,,,,,,,,covered_by_final_series,,,gap: no matching rows in this year
1997,Naturvetenskapliga forskningsradet (NFR),science_agency,525426000.0,krona,SEK,line_item,1997_extracted.docx,44,,,Natural Science Research Council: Research,covered_by_final_series,,,Merged into Vetenskapsradet 2001.
1997,Research and Development Efforts in the Cultural Sector,direct_rd,,,,,,,,,,covered_by_final_series,,,gap: no matching rows in this year
1997,Research in the School System,higher_education,,,,,,,,,,covered_by_final_series,,,gap: no matching rows in this year
1997,Rymdstyrelsen,science_agency,38837000.0,krona,SEK,line_item,1997_extracted.docx,44,,,Space Research,covered_by_final_series,,,
1997,SMHI,science_agency,120338000.0,krona,SEK,program_total,1997_extracted.docx,16,,,Grants to the Swedish Meteorological and Hydrological Institute,covered_by_final_series,,,
1997,SSF (Stiftelsen for Strategisk Forskning),science_agency,,,,,,,,,,covered_by_final_series,,,gap: no matching rows in this year
1997,Stockholms Universitet,higher_education,743788000.0,krona,SEK,line_item,1997_extracted.docx,12,,,Stockholm University: Research and doctoral education,covered_by_final_series,,,
1997,Swedish Geological Survey: Geoscientific Research,direct_rd,4860000.0,krona,SEK,line_item,1997_extracted.docx,30,,,"Swedish Geological Survey: Geoscientific research, appropriation",covered_by_final_series,,,This entity supports geoscientific research activities.
1997,Swedish University of Agricultural Sciences,higher_education,980773000.0,krona,SEK,line_item,1997_extracted.docx,29,,,"Swedish University of Agricultural Sciences, appropriation",covered_by_final_series,,,This university conducts significant agricultural research.
1997,Teknikvetenskapliga forskningsradet (TFR),science_agency,272237000.0,krona,SEK,line_item,1997_extracted.docx,44,,,Engineering Science Research Council: Research,covered_by_final_series,,,Merged into Vetenskapsradet 2001.
1997,Total Budget for Environmental Research,direct_rd,,,,,,,,,,covered_by_final_series,,,gap: no matching rows in this year
1997,Total Budget for Industrial Research and Innovation,innovation_instruments,,,,,,,,,,covered_by_final_series,,,gap: no matching rows in this year
1997,Umea Universitet,higher_education,500155000.0,krona,SEK,line_item,1997_extracted.docx,12,,,Umeå University: Research and doctoral education,covered_by_final_series,,,
1997,Universiteterna (collective Sweden),higher_education,,,,,,,,,,covered_by_final_series,,,gap: no matching rows in this year
1997,Universities and Colleges,higher_education,18288901000.0,krona,SEK,program_total,1997_extracted.docx,12,,,Universities and colleges,covered_by_final_series,,,Funding for universities and colleges is inherently related to R&D activities.
1997,University of Karlskrona/Ronneby,higher_education,,,,,,,,,,covered_by_final_series,,,gap: no matching rows in this year
1997,Uppsala Universitet,higher_education,906412000.0,krona,SEK,line_item,1997_extracted.docx,12,,,Uppsala University: Research and doctoral education,covered_by_final_series,,,
1997,Utbildningsdepartementet / UO 16 (total),rd_ministry,,,,,,,,,,covered_by_final_series,,,gap: no matching rows in this year
1997,Örebro University,higher_education,,,,,,,,,,covered_by_final_series,,,gap: no matching rows in this year
1998,10 Million SEK for the Technology and Natural Sciences Center Himmel och Hav,direct_rd,10000000000.0,krona,SEK,line_item,1998_extracted.docx,107,,,10 million kronor for the technology and natural sciences center Himmel och Hav,covered_by_final_series,,,This funding is directed towards a center focused on technology and natural sciences.
1998,Chalmers tekniska hogskola,higher_education,344873000000.0,krona,SEK,line_item,1998_extracted.docx,236,,,Chalmers University of Technology - research and doctoral education,covered_by_final_series,,,
1998,Contribution to the Royal Swedish Academy of Sciences,science_agency,29835000.0,krona,SEK,line_item,1998_extracted.docx,276,,,Grants to the Royal Swedish Academy of Sciences,covered_by_final_series,,,This entity supports scientific research and activities of the Academy.
1998,Dalarna University: Research and Doctoral Education,higher_education,186586000.0,krona,SEK,line_item,1998 Budgetpropositionen för 1998 .pdf,322,Data/input/finance_bills/Sweden/1998 Budgetpropositionen för 1998 .pdf,,"Dalarna University: Research and doctoral education, appropriation",covered_by_final_series,,,"This university is involved in research and doctoral education, indicating R&D relevance."
1998,Development of Natural Sciences and Technology,direct_rd,1637000.0,krona,SEK,line_item,1998_extracted.docx,242,,,Development of natural sciences and technology,covered_by_final_series,,,This program supports R&D in natural sciences and technology.
1998,FOI / FOA (Totalforsvaret forskningsinstitut),science_agency,,,,,,,,,,covered_by_final_series,,,gap: no matching rows in this year
1998,Forte,science_agency,,,,,,,,,,covered_by_final_series,,,gap: no matching rows in this year
1998,Goteborgs Universitet,higher_education,9066000.0,krona,SEK,line_item,1998 Budgetpropositionen för 1998 .pdf,322,Data/input/finance_bills/Sweden/1998 Budgetpropositionen för 1998 .pdf,,"University of Gothenburg: Research and doctoral education, appropriation",covered_by_final_series,,,
1998,"Grants for standardization, sampling, and measurement R&D",direct_rd,70589000.0,krona,SEK,line_item,1998_extracted.docx,19,,,"Contributions to standardization, sampling and measurement technical R&D, appropriation",covered_by_final_series,,,This grant supports research in standardization and measurement.
1998,"Halmstad University: Research and Doctoral Education, Block Grant",higher_education,127659000.0,krona,SEK,line_item,1998 Budgetpropositionen för 1998 .pdf,322,Data/input/finance_bills/Sweden/1998 Budgetpropositionen för 1998 .pdf,,"Halmstad University: Research and doctoral education, appropriation",covered_by_final_series,,,"Supports research and doctoral education, relevant to R&D."
1998,Humanistisk-samhallsvetenskapliga forskningsradet (HSFR),science_agency,127406000.0,krona,SEK,line_item,1998 Budgetpropositionen för 1998 .pdf,324,Data/input/finance_bills/Sweden/1998 Budgetpropositionen för 1998 .pdf,,"Humanities and Social Sciences Research Council: Research, appropriation",covered_by_final_series,,,Merged into Vetenskapsradet 2001.
1998,Kalmar University: Research and Doctoral Education,higher_education,186991000.0,krona,SEK,line_item,1998 Budgetpropositionen för 1998 .pdf,322,Data/input/finance_bills/Sweden/1998 Budgetpropositionen för 1998 .pdf,,"Kalmar University: Research and doctoral education, appropriation",covered_by_final_series,,,"This university is involved in research and doctoral education, indicating R&D relevance."
1998,Karolinska Institutet,higher_education,522150000.0,krona,SEK,line_item,1998 Budgetpropositionen för 1998 .pdf,322,Data/input/finance_bills/Sweden/1998 Budgetpropositionen för 1998 .pdf,,"Karolinska Institute: Research and doctoral education, appropriation",covered_by_final_series,,,
1998,Kungliga Tekniska Hogskolan (KTH),higher_education,510501000.0,krona,SEK,line_item,1998_extracted.docx,131,,,Research and Doctoral Education,covered_by_final_series,,,
1998,Linkoepings Universitet,higher_education,343420000.0,krona,SEK,line_item,1998 Budgetpropositionen för 1998 .pdf,322,Data/input/finance_bills/Sweden/1998 Budgetpropositionen för 1998 .pdf,,"Linköping University: Research and doctoral education, appropriation",covered_by_final_series,,,
1998,Lunds Universitet,higher_education,38155000.0,krona,SEK,line_item,1998 Budgetpropositionen för 1998 .pdf,322,Data/input/finance_bills/Sweden/1998 Budgetpropositionen för 1998 .pdf,,"Lund University: Research and doctoral education, appropriation",covered_by_final_series,,,
1998,Medicinska forskningsradet (MFR),science_agency,127406000.0,krona,SEK,line_item,1998 Budgetpropositionen för 1998 .pdf,324,Data/input/finance_bills/Sweden/1998 Budgetpropositionen för 1998 .pdf,,"Medical Research Council: Research, appropriation",covered_by_final_series,,,Merged into Vetenskapsradet 2001.
1998,NUTEK (Narings- och teknikutvecklingsverket),science_agency,331316000.0,krona,SEK,line_item,1998 Budgetpropositionen för 1998 .pdf,332,Data/input/finance_bills/Sweden/1998 Budgetpropositionen för 1998 .pdf,,"Stöd till kooperativ utveckling, ramanslag",covered_by_final_series,,,Succeeded STU 1991. R&D mandate transferred to VINNOVA 2001; remaining functions to Tillväxtverket 2009.
1998,Naringsdepartementet / UO 24 (total),rd_ministry,0.0,krona,SEK,section_total,1998 Budgetpropositionen för 1998 .pdf,574-627,Data/input/finance_bills/Sweden/1998 Budgetpropositionen för 1998 .pdf,,Total budget for UO 24,covered_by_final_series,,,UO 24 section total. Contains VINNOVA and industrial R&D. Use only if individual lines unavailable.
1998,Naturvetenskapliga forskningsradet (NFR),science_agency,127406000.0,krona,SEK,line_item,1998 Budgetpropositionen för 1998 .pdf,324,Data/input/finance_bills/Sweden/1998 Budgetpropositionen för 1998 .pdf,,"Natural Sciences Research Council: Research, appropriation",covered_by_final_series,,,Merged into Vetenskapsradet 2001.
1998,Permanent research funding to Malmö University,higher_education,10200000.0,krona,SEK,line_item,1998_extracted.docx,127,,,Permanent research funds to Malmö University,covered_by_final_series,,,Provides ongoing funding for research activities at the university.
1998,Program for wood raw material-based industry,direct_rd,10000000.0,krona,SEK,program_total,1998_extracted.docx,347,,,Program for wood raw material-based industry,covered_by_final_series,,,This program supports research in the wood-based industry.
1998,Research and Artistic Development Work at Certain Universities,higher_education,52723000000.0,krona,SEK,line_item,1998_extracted.docx,223,,,Research and artistic development work at certain universities,covered_by_final_series,,,Supports artistic research and development in higher education.
1998,Research and Artistic Development at Certain Universities,higher_education,21211000000.0,krona,SEK,line_item,1998_extracted.docx,233,,,"Research and artistic development work at certain universities amounts to 21,211,000 kronor.",covered_by_final_series,,,This funding is directly related to research and artistic development.
1998,Research and Development Efforts in the Cultural Sector,direct_rd,,,,,,,,,,covered_by_final_series,,,gap: no matching rows in this year
1998,Research in the School System,higher_education,7873000.0,krona,SEK,line_item,1998_extracted.docx,10,,,Research within the School System,covered_by_final_series,,,This funding supports research activities within the education sector.
1998,Resources for research at universities,direct_rd,236000000.0,krona,SEK,line_item,1998_extracted.docx,76,,,Resources for research at universities,covered_by_final_series,,,Funding allocated for research activities at higher education institutions.
1998,Rymdstyrelsen,science_agency,310100000.0,krona,SEK,line_item,1998 Budgetpropositionen för 1998 .pdf,333,Data/input/finance_bills/Sweden/1998 Budgetpropositionen för 1998 .pdf,,Rymdverksamhet,covered_by_final_series,,,
1998,SMHI,science_agency,34810000.0,krona,SEK,line_item,1998 Budgetpropositionen för 1998 .pdf,622,Data/input/finance_bills/Sweden/1998 Budgetpropositionen för 1998 .pdf,,Grants to the Swedish Meteorological and Hydrological Institute,covered_by_final_series,,,
1998,SSF (Stiftelsen for Strategisk Forskning),science_agency,500000000.0,krona,SEK,line_item,1998_extracted.docx,248,,,Foundation for Strategic Research (SSF) - research support,covered_by_final_series,,,
1998,"Space Activities, Framework Grant",direct_rd,524013000.0,krona,SEK,line_item,1998_extracted.docx,18,,,"Space activities, framework appropriation",covered_by_final_series,,,This funding is directly related to space research and development.
1998,Stockholms Universitet,higher_education,1165260000.0,krona,SEK,line_item,1998 Budgetpropositionen för 1998 .pdf,322,Data/input/finance_bills/Sweden/1998 Budgetpropositionen för 1998 .pdf,,"Stockholm University: Research and doctoral education, appropriation",covered_by_final_series,,,
1998,Swedish Geological Survey: Environmental safety of oil storage facilities,direct_rd,77000000.0,krona,SEK,line_item,1998_extracted.docx,19,,,"Swedish Geological Survey: Environmental protection of oil storage facilities, appropriation",covered_by_final_series,,,This funding is related to environmental research in geology.
1998,Swedish Geological Survey: Geoscientific Research,direct_rd,4687000.0,krona,SEK,line_item,1998_extracted.docx,19,,,"Swedish Geological Survey: Geoscientific research, appropriation",covered_by_final_series,,,This entity supports geoscientific research activities.
1998,Swedish University of Agricultural Sciences,higher_education,1021979000.0,krona,SEK,line_item,1998_extracted.docx,17,,,"Swedish University of Agricultural Sciences, appropriation",covered_by_final_series,,,This university conducts significant agricultural research.
1998,"Technical Research and Development, Framework Grant",direct_rd,672953000.0,krona,SEK,program_total,1998_extracted.docx,18,,,"Technical research and development, framework appropriation",covered_by_final_series,,,Provides funding for technical research and development.
1998,Teknikvetenskapliga forskningsradet (TFR),science_agency,127406000.0,krona,SEK,line_item,1998 Budgetpropositionen för 1998 .pdf,324,Data/input/finance_bills/Sweden/1998 Budgetpropositionen för 1998 .pdf,,"Technical Sciences Research Council: Research, appropriation",covered_by_final_series,,,Merged into Vetenskapsradet 2001.
1998,The Riksbank Jubilee Fund - Research Support,direct_rd,140000000.0,krona,SEK,line_item,1998_extracted.docx,248,,,Riksbankens Jubileumsfond - research support,covered_by_final_series,,,This fund provides support specifically for research activities.
1998,The Vehicle Technology Program,direct_rd,30000000.0,krona,SEK,program_total,1998_extracted.docx,347,,,The vehicle technology program,covered_by_final_series,,,Focuses on vehicle technology research and development.
1998,Total Budget for Environmental Research,direct_rd,,,,,,,,,,covered_by_final_series,,,gap: no matching rows in this year
1998,Total Budget for Industrial Research and Innovation,innovation_instruments,300000000.0,krona,SEK,section_total,1998_extracted.docx,246,,,Total budget for industrial research and innovation,covered_by_final_series,,,This budget is directly aimed at supporting industrial R&D and innovation.
1998,Total Budget for Technical Research and Development,direct_rd,672953000.0,krona,SEK,program_total,1998_extracted.docx,346,,,Total budget for Technical Research and Development,covered_by_final_series,,,Dedicated to technical research and development activities.
1998,Total Grant for Continuing Education and University Research,higher_education,9267000000.0,krona,SEK,program_total,1998_extracted.docx,68,,,Total appropriation for continuing education and university research,covered_by_final_series,,,"This funding supports university research, which is relevant to R&D."
1998,Umea Universitet,higher_education,677386000.0,krona,SEK,line_item,1998 Budgetpropositionen för 1998 .pdf,322,Data/input/finance_bills/Sweden/1998 Budgetpropositionen för 1998 .pdf,,"Umeå University: Research and doctoral education, appropriation",covered_by_final_series,,,
1998,Universiteterna (collective Sweden),higher_education,,,,,,,,,,covered_by_final_series,,,gap: no matching rows in this year
1998,Universities and Colleges,higher_education,18330000000.0,krona,SEK,section_total,1998_extracted.docx,77,,,Total appropriations to universities and colleges,covered_by_final_series,,,Funding for universities and colleges is inherently related to R&D activities.
1998,University of Karlskrona/Ronneby,higher_education,127406000.0,krona,SEK,line_item,1998 Budgetpropositionen för 1998 .pdf,322,Data/input/finance_bills/Sweden/1998 Budgetpropositionen för 1998 .pdf,,"Karlskrona/Ronneby University: Research and doctoral education, appropriation",covered_by_final_series,,,This institution is involved in higher education and research.
1998,University of Trollhättan/Uddevalla: Research and doctoral education,higher_education,225300000.0,krona,SEK,line_item,1998 Budgetpropositionen för 1998 .pdf,322,Data/input/finance_bills/Sweden/1998 Budgetpropositionen för 1998 .pdf,,"Trollhättan/Uddevalla University: Research and doctoral education, appropriation",covered_by_final_series,,,Supports research and education at the doctoral level.
1998,Uppsala Universitet,higher_education,125916000.0,krona,SEK,line_item,1998 Budgetpropositionen för 1998 .pdf,622,Data/input/finance_bills/Sweden/1998 Budgetpropositionen för 1998 .pdf,,Uppsala University: Research and doctoral education,covered_by_final_series,,,
1998,Utbildningsdepartementet / UO 16 (total),rd_ministry,534155000000.0,krona,SEK,section_total,1998 Budgetpropositionen för 1998 .pdf,192,Data/input/finance_bills/Sweden/1998 Budgetpropositionen för 1998 .pdf,,Total appropriation for expenditure area 16,covered_by_final_series,,,UO 16 section total (post-1994). Use only if individual lines unavailable.
1998,"Växjö University: Research and Doctoral Education, Framework Appropriation",higher_education,273355000.0,krona,SEK,line_item,1998 Budgetpropositionen för 1998 .pdf,322,Data/input/finance_bills/Sweden/1998 Budgetpropositionen för 1998 .pdf,,"Växjö University: Research and doctoral education, appropriation",covered_by_final_series,,,"This entity supports research and doctoral education, relevant to R&D."
1998,Örebro University,higher_education,40725000.0,krona,SEK,line_item,1998 Budgetpropositionen för 1998 .pdf,322,Data/input/finance_bills/Sweden/1998 Budgetpropositionen för 1998 .pdf,,"Örebro University: Research and doctoral education, appropriation",covered_by_final_series,,,"As a university, it is involved in research and development activities."
1999,Chalmers tekniska hogskola,higher_education,,,,,,,,,,covered_by_final_series,,,gap: no matching rows in this year
1999,Development of Natural Sciences and Technology,direct_rd,20000000000.0,krona,SEK,line_item,1999 download.pdf,129,Data/input/finance_bills/Sweden/1999 download.pdf,,Development of Natural Science and Technology,covered_by_final_series,,,This program supports R&D in natural sciences and technology.
1999,FOI / FOA (Totalforsvaret forskningsinstitut),science_agency,,,,,,,,,,covered_by_final_series,,,gap: no matching rows in this year
1999,Forte,science_agency,,,,,,,,,,covered_by_final_series,,,gap: no matching rows in this year
1999,G3 Forestry and Agriculture Research Council,science_agency,195234000000.0,krona,SEK,line_item,1999 download.pdf,133,Data/input/finance_bills/Sweden/1999 download.pdf,,G3 Forestry and Agricultural Research Council: Research and Collective Research,covered_by_final_series,,,This council is dedicated to research in forestry and agriculture.
1999,Goteborgs Universitet,higher_education,,,,,,,,,,covered_by_final_series,,,gap: no matching rows in this year
1999,Humanistisk-samhallsvetenskapliga forskningsradet (HSFR),science_agency,,,,,,,,,,covered_by_final_series,,,gap: no matching rows in this year
1999,Karolinska Institutet,higher_education,,,,,,,,,,covered_by_final_series,,,gap: no matching rows in this year
1999,Kungliga Tekniska Hogskolan (KTH),higher_education,,,,,,,,,,covered_by_final_series,,,gap: no matching rows in this year
1999,Linkoepings Universitet,higher_education,,,,,,,,,,covered_by_final_series,,,gap: no matching rows in this year
1999,Lunds Universitet,higher_education,,,,,,,,,,covered_by_final_series,,,gap: no matching rows in this year
1999,Medicinska forskningsradet (MFR),science_agency,,,,,,,,,,covered_by_final_series,,,gap: no matching rows in this year
1999,NUTEK (Narings- och teknikutvecklingsverket),science_agency,,,,,,,,,,covered_by_final_series,,,gap: no matching rows in this year
1999,Naringsdepartementet / UO 24 (total),rd_ministry,,,,,,,,,,covered_by_final_series,,,gap: no matching rows in this year
1999,Naturvetenskapliga forskningsradet (NFR),science_agency,,,,,,,,,,covered_by_final_series,,,gap: no matching rows in this year
1999,Research and Development Efforts in the Cultural Sector,direct_rd,,,,,,,,,,covered_by_final_series,,,gap: no matching rows in this year
1999,Rymdstyrelsen,science_agency,,,,,,,,,,covered_by_final_series,,,gap: no matching rows in this year
1999,SMHI,science_agency,,,,,,,,,,covered_by_final_series,,,gap: no matching rows in this year
1999,SSF (Stiftelsen for Strategisk Forskning),science_agency,,,,,,,,,,covered_by_final_series,,,gap: no matching rows in this year
1999,Stockholms Universitet,higher_education,,,,,,,,,,covered_by_final_series,,,gap: no matching rows in this year
1999,Swedish University of Agricultural Sciences,higher_education,,,,,,,,,,covered_by_final_series,,,gap: no matching rows in this year
1999,Teknikvetenskapliga forskningsradet (TFR),science_agency,,,,,,,,,,covered_by_final_series,,,gap: no matching rows in this year
1999,Total Budget for Environmental Research,direct_rd,,,,,,,,,,covered_by_final_series,,,gap: no matching rows in this year
1999,Total Budget for Industrial Research and Innovation,innovation_instruments,,,,,,,,,,covered_by_final_series,,,gap: no matching rows in this year
1999,Umea Universitet,higher_education,,,,,,,,,,covered_by_final_series,,,gap: no matching rows in this year
1999,Universiteterna (collective Sweden),higher_education,,,,,,,,,,covered_by_final_series,,,gap: no matching rows in this year
1999,Universities and Colleges,higher_education,107800000000.0,krona,SEK,line_item,1999 download.pdf,129,Data/input/finance_bills/Sweden/1999 download.pdf,,"Appropriation B45 Special Expenses within Universities and Colleges, etc.",covered_by_final_series,,,Funding for universities and colleges is inherently related to R&D activities.
1999,Uppsala Universitet,higher_education,,,,,,,,,,covered_by_final_series,,,gap: no matching rows in this year
1999,Utbildningsdepartementet / UO 16 (total),rd_ministry,350984000000.0,krona,SEK,section_total,1999 download.pdf,129,Data/input/finance_bills/Sweden/1999 download.pdf,,Total appropriation for Expenditure Area 16,covered_by_final_series,,,UO 16 section total (post-1994). Use only if individual lines unavailable.
2000,Chalmers tekniska hogskola,higher_education,,,,,,,,,,covered_by_final_series,,,gap: no matching rows in this year
2000,FOI / FOA (Totalforsvaret forskningsinstitut),science_agency,,,,,,,,,,covered_by_final_series,,,gap: no matching rows in this year
2000,Forte,science_agency,,,,,,,,,,covered_by_final_series,,,gap: no matching rows in this year
2000,Goteborgs Universitet,higher_education,,,,,,,,,,covered_by_final_series,,,gap: no matching rows in this year
2000,Humanistisk-samhallsvetenskapliga forskningsradet (HSFR),science_agency,206546000.0,krona,SEK,line_item,2000 download.pdf,47,Data/input/finance_bills/Sweden/2000 download.pdf,,"Humanities and Social Sciences Research Council: Research, appropriation",covered_by_final_series,,,Merged into Vetenskapsradet 2001.
2000,Karolinska Institutet,higher_education,,,,,,,,,,covered_by_final_series,,,gap: no matching rows in this year
2000,Kungliga Tekniska Hogskolan (KTH),higher_education,,,,,,,,,,covered_by_final_series,,,gap: no matching rows in this year
2000,Linkoepings Universitet,higher_education,,,,,,,,,,covered_by_final_series,,,gap: no matching rows in this year
2000,Lunds Universitet,higher_education,,,,,,,,,,covered_by_final_series,,,gap: no matching rows in this year
2000,Medicinska forskningsradet (MFR),science_agency,,,,,,,,,,covered_by_final_series,,,gap: no matching rows in this year
2000,NUTEK (Narings- och teknikutvecklingsverket),science_agency,,,,,,,,,,covered_by_final_series,,,gap: no matching rows in this year
2000,Naringsdepartementet / UO 24 (total),rd_ministry,,,,,,,,,,covered_by_final_series,,,gap: no matching rows in this year
2000,Naturvetenskapliga forskningsradet (NFR),science_agency,,,,,,,,,,covered_by_final_series,,,gap: no matching rows in this year
2000,Research and Development Efforts in the Cultural Sector,direct_rd,,,,,,,,,,covered_by_final_series,,,gap: no matching rows in this year
2000,Research and Development of Technology for Future Eco-Friendly Vehicles,direct_rd,500000000.0,krona,SEK,line_item,2000 download.pdf,34,Data/input/finance_bills/Sweden/2000 download.pdf,,Research and development of technology for future environmentally friendly vehicles,covered_by_final_series,,,This funding supports R&D for environmentally friendly vehicle technologies.
2000,Rymdstyrelsen,science_agency,,,,,,,,,,covered_by_final_series,,,gap: no matching rows in this year
2000,SMHI,science_agency,,,,,,,,,,covered_by_final_series,,,gap: no matching rows in this year
2000,SSF (Stiftelsen for Strategisk Forskning),science_agency,,,,,,,,,,covered_by_final_series,,,gap: no matching rows in this year
2000,Stockholms Universitet,higher_education,,,,,,,,,,covered_by_final_series,,,gap: no matching rows in this year
2000,Swedish University of Agricultural Sciences,higher_education,,,,,,,,,,covered_by_final_series,,,gap: no matching rows in this year
2000,Teknikvetenskapliga forskningsradet (TFR),science_agency,241402000.0,krona,SEK,line_item,2000 download.pdf,47,Data/input/finance_bills/Sweden/2000 download.pdf,,"Technical Sciences Research Council: Research, appropriation",covered_by_final_series,,,Merged into Vetenskapsradet 2001.
2000,Total Budget for Environmental Research,direct_rd,,,,,,,,,,covered_by_final_series,,,gap: no matching rows in this year
2000,Total Budget for Industrial Research and Innovation,innovation_instruments,,,,,,,,,,covered_by_final_series,,,gap: no matching rows in this year
2000,Umea Universitet,higher_education,,,,,,,,,,covered_by_final_series,,,gap: no matching rows in this year
2000,Universiteterna (collective Sweden),higher_education,,,,,,,,,,covered_by_final_series,,,gap: no matching rows in this year
2000,Universities and Colleges,higher_education,,,,,,,,,,covered_by_final_series,,,gap: no matching rows in this year
2000,Uppsala Universitet,higher_education,,,,,,,,,,covered_by_final_series,,,gap: no matching rows in this year
2000,Utbildningsdepartementet / UO 16 (total),rd_ministry,,,,,,,,,,covered_by_final_series,,,gap: no matching rows in this year
2001,Chalmers tekniska hogskola,higher_education,,,,,,,,,,covered_by_final_series,,,gap: no matching rows in this year
2001,FOI / FOA (Totalforsvaret forskningsinstitut),science_agency,,,,,,,,,,covered_by_final_series,,,gap: no matching rows in this year
2001,Formas,science_agency,,,,,,,,,,covered_by_final_series,,,gap: no matching rows in this year
2001,Forte,science_agency,,,,,,,,,,covered_by_final_series,,,gap: no matching rows in this year
2001,Goteborgs Universitet,higher_education,984972000.0,krona,SEK,line_item,2001 download.pdf,46,Data/input/finance_bills/Sweden/2001 download.pdf,,"University of Gothenburg: Basic education, appropriation",covered_by_final_series,,,
2001,Humanistisk-samhallsvetenskapliga forskningsradet (HSFR),science_agency,,,,,,,,,,covered_by_final_series,,,gap: no matching rows in this year
2001,Karolinska Institutet,higher_education,259942000.0,krona,SEK,line_item,2001 download.pdf,46,Data/input/finance_bills/Sweden/2001 download.pdf,,"Karolinska Institute: Basic education, appropriation",covered_by_final_series,,,
2001,Kungliga Tekniska Hogskolan (KTH),higher_education,22701000.0,krona,SEK,line_item,2001 download.pdf,152,Data/input/finance_bills/Sweden/2001 download.pdf,,Royal Institute of Technology: Basic Education,covered_by_final_series,,,
2001,Linkoepings Universitet,higher_education,729320000.0,krona,SEK,line_item,2001 download.pdf,46,Data/input/finance_bills/Sweden/2001 download.pdf,,"Linköping University: Basic education, appropriation",covered_by_final_series,,,
2001,Lunds Universitet,higher_education,1029776000.0,krona,SEK,line_item,2001 download.pdf,46,Data/input/finance_bills/Sweden/2001 download.pdf,,"Lund University: Basic education, appropriation",covered_by_final_series,,,
2001,Medicinska forskningsradet (MFR),science_agency,,,,,,,,,,covered_by_final_series,,,gap: no matching rows in this year
2001,NUTEK (Narings- och teknikutvecklingsverket),science_agency,,,,,,,,,,covered_by_final_series,,,gap: no matching rows in this year
2001,Naringsdepartementet / UO 24 (total),rd_ministry,,,,,,,,,,covered_by_final_series,,,gap: no matching rows in this year
2001,Naturvetenskapliga forskningsradet (NFR),science_agency,,,,,,,,,,covered_by_final_series,,,gap: no matching rows in this year
2001,Research and Development Efforts in the Cultural Sector,direct_rd,,,,,,,,,,covered_by_final_series,,,gap: no matching rows in this year
2001,Rymdstyrelsen,science_agency,,,,,,,,,,covered_by_final_series,,,gap: no matching rows in this year
2001,SMHI,science_agency,,,,,,,,,,covered_by_final_series,,,gap: no matching rows in this year
2001,SSF (Stiftelsen for Strategisk Forskning),science_agency,,,,,,,,,,covered_by_final_series,,,gap: no matching rows in this year
2001,Stockholms Universitet,higher_education,685183000.0,krona,SEK,line_item,2001 download.pdf,46,Data/input/finance_bills/Sweden/2001 download.pdf,,"Stockholm University: Basic education, appropriation",covered_by_final_series,,,
2001,Swedish University of Agricultural Sciences,higher_education,,,,,,,,,,covered_by_final_series,,,gap: no matching rows in this year
2001,Teknikvetenskapliga forskningsradet (TFR),science_agency,,,,,,,,,,covered_by_final_series,,,gap: no matching rows in this year
2001,Total Budget for Environmental Research,direct_rd,,,,,,,,,,covered_by_final_series,,,gap: no matching rows in this year
2001,Total Budget for Industrial Research and Innovation,innovation_instruments,,,,,,,,,,covered_by_final_series,,,gap: no matching rows in this year
2001,Umea Universitet,higher_education,742064000.0,krona,SEK,line_item,2001 download.pdf,46,Data/input/finance_bills/Sweden/2001 download.pdf,,"Umeå University: Basic education, appropriation",covered_by_final_series,,,
2001,Universiteterna (collective Sweden),higher_education,,,,,,,,,,covered_by_final_series,,,gap: no matching rows in this year
2001,Universities and Colleges,higher_education,391293000.0,krona,SEK,program_total,2001 download.pdf,152,Data/input/finance_bills/Sweden/2001 download.pdf,,"Special Expenses within Universities and Colleges, etc.",covered_by_final_series,,,Funding for universities and colleges is inherently related to R&D activities.
2001,Uppsala Universitet,higher_education,802766000.0,krona,SEK,line_item,2001 download.pdf,46,Data/input/finance_bills/Sweden/2001 download.pdf,,"Uppsala University: Basic education, appropriation",covered_by_final_series,,,
2001,Utbildningsdepartementet / UO 16 (total),rd_ministry,10563104000.0,krona,SEK,section_total,2001 download.pdf,151,Data/input/finance_bills/Sweden/2001 download.pdf,,Total appropriation for Expenditure Area 16,covered_by_final_series,,,UO 16 section total (post-1994). Use only if individual lines unavailable.
2001,VINNOVA,science_agency,10000000.0,krona,SEK,program_total,2001 download.pdf,96,Data/input/finance_bills/Sweden/2001 download.pdf,,Swedish Innovation Agency: Research and Development,covered_by_final_series,,,Swedish innovation agency created 2001. UO 24 Näringsliv.
2001,Vetenskapsradet (VR),science_agency,,,,,,,,,,covered_by_final_series,,,gap: no matching rows in this year
2002,Chalmers tekniska hogskola,higher_education,,,,,,,,,,covered_by_final_series,,,gap: no matching rows in this year
2002,FOI / FOA (Totalforsvaret forskningsinstitut),science_agency,,,,,,,,,,covered_by_final_series,,,gap: no matching rows in this year
2002,Formas,science_agency,361000.0,krona,SEK,line_item,2002 download.pdf,214,Data/input/finance_bills/Sweden/2002 download.pdf,,"26:1 Research Council for Environment, Agricultural Industries and Community Building: Administrative Costs",covered_by_final_series,,,
2002,Forte,science_agency,,,,,,,,,,covered_by_final_series,,,gap: no matching rows in this year
2002,Goteborgs Universitet,higher_education,,,,,,,,,,covered_by_final_series,,,gap: no matching rows in this year
2002,Karolinska Institutet,higher_education,,,,,,,,,,covered_by_final_series,,,gap: no matching rows in this year
2002,Kungliga Tekniska Hogskolan (KTH),higher_education,,,,,,,,,,covered_by_final_series,,,gap: no matching rows in this year
2002,Linkoepings Universitet,higher_education,,,,,,,,,,covered_by_final_series,,,gap: no matching rows in this year
2002,Lunds Universitet,higher_education,,,,,,,,,,covered_by_final_series,,,gap: no matching rows in this year
2002,NUTEK (Narings- och teknikutvecklingsverket),science_agency,203537000000.0,krona,SEK,line_item,2002 download.pdf,237,Data/input/finance_bills/Sweden/2002 download.pdf,,Total appropriation for NUTEK,covered_by_final_series,,,Succeeded STU 1991. R&D mandate transferred to VINNOVA 2001; remaining functions to Tillväxtverket 2009.
2002,Naringsdepartementet / UO 24 (total),rd_ministry,,,,,,,,,,covered_by_final_series,,,gap: no matching rows in this year
2002,Research and Development Efforts in the Cultural Sector,direct_rd,,,,,,,,,,covered_by_final_series,,,gap: no matching rows in this year
2002,Rymdstyrelsen,science_agency,18280.0,krona,SEK,line_item,2002 download.pdf,51,Data/input/finance_bills/Sweden/2002 download.pdf,,"Förvaltningskostnader, ramanslag",covered_by_final_series,,,
2002,SMHI,science_agency,30000000.0,krona,SEK,line_item,2002 download.pdf,160,Data/input/finance_bills/Sweden/2002 download.pdf,,The appropriation is allocated 30 million kronor per year 2002 - 2004.,covered_by_final_series,,,
2002,SSF (Stiftelsen for Strategisk Forskning),science_agency,,,,,,,,,,covered_by_final_series,,,gap: no matching rows in this year
2002,Stockholms Universitet,higher_education,,,,,,,,,,covered_by_final_series,,,gap: no matching rows in this year
2002,Swedish University of Agricultural Sciences,higher_education,1154109000.0,krona,SEK,line_item,2002 download.pdf,51,Data/input/finance_bills/Sweden/2002 download.pdf,,"Swedish University of Agricultural Sciences, appropriation",covered_by_final_series,,,This university conducts significant agricultural research.
2002,Total Budget for Environmental Research,direct_rd,,,,,,,,,,covered_by_final_series,,,gap: no matching rows in this year
2002,Total Budget for Industrial Research and Innovation,innovation_instruments,,,,,,,,,,covered_by_final_series,,,gap: no matching rows in this year
2002,Umea Universitet,higher_education,,,,,,,,,,covered_by_final_series,,,gap: no matching rows in this year
2002,Universiteterna (collective Sweden),higher_education,,,,,,,,,,covered_by_final_series,,,gap: no matching rows in this year
2002,Universities and Colleges,higher_education,,,,,,,,,,covered_by_final_series,,,gap: no matching rows in this year
2002,Uppsala Universitet,higher_education,,,,,,,,,,covered_by_final_series,,,gap: no matching rows in this year
2002,Utbildningsdepartementet / UO 16 (total),rd_ministry,41447000.0,krona,SEK,section_total,2002 download.pdf,158,Data/input/finance_bills/Sweden/2002 download.pdf,,Expenditure Area 16,covered_by_final_series,,,UO 16 section total (post-1994). Use only if individual lines unavailable.
2002,VINNOVA,science_agency,110844000.0,krona,SEK,line_item,2002 download.pdf,51,Data/input/finance_bills/Sweden/2002 download.pdf,,"Swedish Innovation Agency: Administration, appropriation",covered_by_final_series,,,Swedish innovation agency created 2001. UO 24 Näringsliv.
2002,Vetenskapsradet (VR),science_agency,97254000.0,krona,SEK,line_item,2002 download.pdf,49,Data/input/finance_bills/Sweden/2002 download.pdf,,"Swedish Research Council: Administration, appropriation",covered_by_final_series,,,"Created 2001 from merger of NFR, TFR, MFR, HSFR, SJFR."
2003,A More Entrepreneurial Sweden,innovation_instruments,50000000.0,krona,SEK,line_item,2003 prop_200203__1_d1.pdf,91,Data/input/finance_bills/Sweden/2003 prop_200203__1_d1.pdf,,A more entrepreneurial Sweden,covered_by_final_series,,,"This program aims to foster entrepreneurship, which is linked to innovation."
2003,Chalmers tekniska hogskola,higher_education,,,,,,,,,,covered_by_final_series,,,gap: no matching rows in this year
2003,FOI / FOA (Totalforsvaret forskningsinstitut),science_agency,,,,,,,,,,covered_by_final_series,,,gap: no matching rows in this year
2003,Formas,science_agency,10000000.0,krona,SEK,program_total,2003 prop_200203__1_d1.pdf,89,Data/input/finance_bills/Sweden/2003 prop_200203__1_d1.pdf,,"Formas, research",covered_by_final_series,,,
2003,Forte,science_agency,,,,,,,,,,covered_by_final_series,,,gap: no matching rows in this year
2003,Funding for National Metrology,science_agency,24647000000.0,krona,SEK,program_total,2003 prop_200203__1_d1.pdf,218,Data/input/finance_bills/Sweden/2003 prop_200203__1_d1.pdf,,Ramanslag för nationell metrologi,covered_by_final_series,,,Funding for metrology research is directly related to scientific research and development.
2003,Goteborgs Universitet,higher_education,23007000.0,krona,SEK,line_item,2003 prop_200203__1_d1.pdf,211,Data/input/finance_bills/Sweden/2003 prop_200203__1_d1.pdf,,Basic education,covered_by_final_series,,,
2003,Increase for National Metrology,direct_rd,500000000.0,krona,SEK,line_item,2003 prop_200203__1_d1.pdf,218,Data/input/finance_bills/Sweden/2003 prop_200203__1_d1.pdf,,Ökning för nationell metrologi,covered_by_final_series,,,This funding is aimed at enhancing metrology research.
2003,Karolinska Institutet,higher_education,,,,,,,,,,covered_by_final_series,,,gap: no matching rows in this year
2003,Kungliga Tekniska Hogskolan (KTH),higher_education,1700000000.0,krona,SEK,line_item,2003 prop_200203__1_d1.pdf,212,Data/input/finance_bills/Sweden/2003 prop_200203__1_d1.pdf,,Research and doctoral education,covered_by_final_series,,,
2003,Linkoepings Universitet,higher_education,572000.0,krona,SEK,line_item,2003 prop_200203__1_d1.pdf,211,Data/input/finance_bills/Sweden/2003 prop_200203__1_d1.pdf,,Basic education,covered_by_final_series,,,
2003,Lunds Universitet,higher_education,,,,,,,,,,covered_by_final_series,,,gap: no matching rows in this year
2003,NUTEK (Narings- och teknikutvecklingsverket),science_agency,24647000000.0,krona,SEK,program_total,2003 prop_200203__1_d1.pdf,218,Data/input/finance_bills/Sweden/2003 prop_200203__1_d1.pdf,,Ramanslag för nationell metrologi,covered_by_final_series,,,Succeeded STU 1991. R&D mandate transferred to VINNOVA 2001; remaining functions to Tillväxtverket 2009.
2003,Naringsdepartementet / UO 24 (total),rd_ministry,,,,,,,,,,covered_by_final_series,,,gap: no matching rows in this year
2003,Radiation protection research,direct_rd,10000000.0,krona,SEK,line_item,2003 prop_200203__1_d1.pdf,42,Data/input/finance_bills/Sweden/2003 prop_200203__1_d1.pdf,,34:9 Swedish Radiation Safety Authority: Radiation Protection Research,covered_by_final_series,,,"Focuses on research related to radiation protection, a critical area of R&D."
2003,Research and Development Efforts in the Cultural Sector,direct_rd,,,,,,,,,,covered_by_final_series,,,gap: no matching rows in this year
2003,Rymdstyrelsen,science_agency,,,,,,,,,,covered_by_final_series,,,gap: no matching rows in this year
2003,SMHI,science_agency,,,,,,,,,,covered_by_final_series,,,gap: no matching rows in this year
2003,SSF (Stiftelsen for Strategisk Forskning),science_agency,,,,,,,,,,covered_by_final_series,,,gap: no matching rows in this year
2003,Stockholms Universitet,higher_education,1700000000.0,krona,SEK,line_item,2003 prop_200203__1_d1.pdf,212,Data/input/finance_bills/Sweden/2003 prop_200203__1_d1.pdf,,Research and doctoral education,covered_by_final_series,,,
2003,Swedish University of Agricultural Sciences,higher_education,,,,,,,,,,covered_by_final_series,,,gap: no matching rows in this year
2003,Total Budget for Environmental Research,direct_rd,,,,,,,,,,covered_by_final_series,,,gap: no matching rows in this year
2003,Total Budget for Industrial Research and Innovation,innovation_instruments,,,,,,,,,,covered_by_final_series,,,gap: no matching rows in this year
2003,Umea Universitet,higher_education,,,,,,,,,,covered_by_final_series,,,gap: no matching rows in this year
2003,Universiteterna (collective Sweden),higher_education,,,,,,,,,,covered_by_final_series,,,gap: no matching rows in this year
2003,Universities and Colleges,higher_education,,,,,,,,,,covered_by_final_series,,,gap: no matching rows in this year
2003,Uppsala Universitet,higher_education,,,,,,,,,,covered_by_final_series,,,gap: no matching rows in this year
2003,Utbildningsdepartementet / UO 16 (total),rd_ministry,,,,,,,,,,covered_by_final_series,,,gap: no matching rows in this year
2003,VINNOVA,science_agency,,,,,,,,,,covered_by_final_series,,,gap: no matching rows in this year
2003,Vetenskapsradet (VR),science_agency,,,,,,,,,,covered_by_final_series,,,gap: no matching rows in this year
2004,Chalmers tekniska hogskola,higher_education,,,,,,,,,,covered_by_final_series,,,gap: no matching rows in this year
2004,FOI / FOA (Totalforsvaret forskningsinstitut),science_agency,,,,,,,,,,covered_by_final_series,,,gap: no matching rows in this year
2004,Formas,science_agency,100000.0,krona,SEK,program_total,2004 prop_200304__1_d1.pdf,108,Data/input/finance_bills/Sweden/2004 prop_200304__1_d1.pdf,,Formas/Marine Research,covered_by_final_series,,,
2004,Forte,science_agency,,,,,,,,,,covered_by_final_series,,,gap: no matching rows in this year
2004,Goteborgs Universitet,higher_education,,,,,,,,,,covered_by_final_series,,,gap: no matching rows in this year
2004,Karolinska Institutet,higher_education,,,,,,,,,,covered_by_final_series,,,gap: no matching rows in this year
2004,Kungliga Tekniska Hogskolan (KTH),higher_education,,,,,,,,,,covered_by_final_series,,,gap: no matching rows in this year
2004,Linkoepings Universitet,higher_education,,,,,,,,,,covered_by_final_series,,,gap: no matching rows in this year
2004,Lunds Universitet,higher_education,,,,,,,,,,covered_by_final_series,,,gap: no matching rows in this year
2004,NUTEK (Narings- och teknikutvecklingsverket),science_agency,10000000.0,krona,SEK,line_item,2004 prop_200304__1_d1.pdf,181,Data/input/finance_bills/Sweden/2004 prop_200304__1_d1.pdf,,Strengthening of the Swedish Agency for Economic and Regional Growth (Nutek) and Tourism Promotion by 10 million kronor each,covered_by_final_series,,,Succeeded STU 1991. R&D mandate transferred to VINNOVA 2001; remaining functions to Tillväxtverket 2009.
2004,Naringsdepartementet / UO 24 (total),rd_ministry,,,,,,,,,,covered_by_final_series,,,gap: no matching rows in this year
2004,Proposed increased investment in marine environmental research,direct_rd,10000000.0,krona,SEK,line_item,2004 prop_200304__1_d1.pdf,103,Data/input/finance_bills/Sweden/2004 prop_200304__1_d1.pdf,,An increased investment in marine environmental research is proposed with 10 million kronor.,covered_by_final_series,,,Aims to enhance research in marine environmental issues.
2004,Research and Development Efforts in the Cultural Sector,direct_rd,,,,,,,,,,covered_by_final_series,,,gap: no matching rows in this year
2004,Rymdstyrelsen,science_agency,,,,,,,,,,covered_by_final_series,,,gap: no matching rows in this year
2004,SMHI,science_agency,,,,,,,,,,covered_by_final_series,,,gap: no matching rows in this year
2004,SSF (Stiftelsen for Strategisk Forskning),science_agency,,,,,,,,,,covered_by_final_series,,,gap: no matching rows in this year
2004,Stockholms Universitet,higher_education,,,,,,,,,,covered_by_final_series,,,gap: no matching rows in this year
2004,Swedish University of Agricultural Sciences,higher_education,,,,,,,,,,covered_by_final_series,,,gap: no matching rows in this year
2004,Total Budget for Environmental Research,direct_rd,,,,,,,,,,covered_by_final_series,,,gap: no matching rows in this year
2004,Total Budget for Industrial Research and Innovation,innovation_instruments,,,,,,,,,,covered_by_final_series,,,gap: no matching rows in this year
2004,Umea Universitet,higher_education,,,,,,,,,,covered_by_final_series,,,gap: no matching rows in this year
2004,Universiteterna (collective Sweden),higher_education,,,,,,,,,,covered_by_final_series,,,gap: no matching rows in this year
2004,Universities and Colleges,higher_education,,,,,,,,,,covered_by_final_series,,,gap: no matching rows in this year
2004,Uppsala Universitet,higher_education,,,,,,,,,,covered_by_final_series,,,gap: no matching rows in this year
2004,Utbildningsdepartementet / UO 16 (total),rd_ministry,,,,,,,,,,covered_by_final_series,,,gap: no matching rows in this year
2004,VINNOVA,science_agency,100000000.0,krona,SEK,line_item,2004 prop_200304__1_d1.pdf,181,Data/input/finance_bills/Sweden/2004 prop_200304__1_d1.pdf,,Strengthening of the Swedish Innovation Agency by 100 million kronor,covered_by_final_series,,,Swedish innovation agency created 2001. UO 24 Näringsliv.
2004,Vetenskapsradet (VR),science_agency,25000000.0,krona,SEK,line_item,2004 prop_200304__1_d1.pdf,103,Data/input/finance_bills/Sweden/2004 prop_200304__1_d1.pdf,,"For increased basic research, it is proposed that the Swedish Research Council be allocated 25 million kronor.",covered_by_final_series,,,"Created 2001 from merger of NFR, TFR, MFR, HSFR, SJFR."
2005,Chalmers tekniska hogskola,higher_education,,,,,,,,,,covered_by_final_series,,,gap: no matching rows in this year
2005,FOI / FOA (Totalforsvaret forskningsinstitut),science_agency,,,,,,,,,,covered_by_final_series,,,gap: no matching rows in this year
2005,Formas,science_agency,,,,,,,,,,covered_by_final_series,,,gap: no matching rows in this year
2005,Forte,science_agency,,,,,,,,,,covered_by_final_series,,,gap: no matching rows in this year
2005,Goteborgs Universitet,higher_education,,,,,,,,,,covered_by_final_series,,,gap: no matching rows in this year
2005,Karolinska Institutet,higher_education,,,,,,,,,,covered_by_final_series,,,gap: no matching rows in this year
2005,Kungliga Tekniska Hogskolan (KTH),higher_education,,,,,,,,,,covered_by_final_series,,,gap: no matching rows in this year
2005,Linkoepings Universitet,higher_education,,,,,,,,,,covered_by_final_series,,,gap: no matching rows in this year
2005,Lunds Universitet,higher_education,,,,,,,,,,covered_by_final_series,,,gap: no matching rows in this year
2005,Naringsdepartementet / UO 24 (total),rd_ministry,,,,,,,,,,covered_by_final_series,,,gap: no matching rows in this year
2005,RISE (Research Institutes of Sweden),science_agency,,,,,,,,,,covered_by_final_series,,,gap: no matching rows in this year
2005,Research and Development Efforts in the Cultural Sector,direct_rd,,,,,,,,,,covered_by_final_series,,,gap: no matching rows in this year
2005,Rymdstyrelsen,science_agency,,,,,,,,,,covered_by_final_series,,,gap: no matching rows in this year
2005,SMHI,science_agency,259556000.0,krona,SEK,line_item,2005 prop_200405__1_d1.pdf,55,Data/input/finance_bills/Sweden/2005 prop_200405__1_d1.pdf,,"Grants to the Swedish Meteorological and Hydrological Institute, etc.",covered_by_final_series,,,
2005,SSF (Stiftelsen for Strategisk Forskning),science_agency,,,,,,,,,,covered_by_final_series,,,gap: no matching rows in this year
2005,Stockholms Universitet,higher_education,,,,,,,,,,covered_by_final_series,,,gap: no matching rows in this year
2005,Swedish University of Agricultural Sciences,higher_education,,,,,,,,,,covered_by_final_series,,,gap: no matching rows in this year
2005,Total Budget for Environmental Research,direct_rd,,,,,,,,,,covered_by_final_series,,,gap: no matching rows in this year
2005,Total Budget for Industrial Research and Innovation,innovation_instruments,,,,,,,,,,covered_by_final_series,,,gap: no matching rows in this year
2005,Umea Universitet,higher_education,,,,,,,,,,covered_by_final_series,,,gap: no matching rows in this year
2005,Universiteterna (collective Sweden),higher_education,,,,,,,,,,covered_by_final_series,,,gap: no matching rows in this year
2005,Universities and Colleges,higher_education,,,,,,,,,,covered_by_final_series,,,gap: no matching rows in this year
2005,Uppsala Universitet,higher_education,,,,,,,,,,covered_by_final_series,,,gap: no matching rows in this year
2005,Utbildningsdepartementet / UO 16 (total),rd_ministry,1100000.0,krona,SEK,line_item,2005 prop_200405__1_d1.pdf,112,Data/input/finance_bills/Sweden/2005 prop_200405__1_d1.pdf,,UO 16 Research,covered_by_final_series,,,UO 16 section total (post-1994). Use only if individual lines unavailable.
2005,VINNOVA,science_agency,,,,,,,,,,covered_by_final_series,,,gap: no matching rows in this year
2005,Vetenskapsradet (VR),science_agency,,,,,,,,,,covered_by_final_series,,,gap: no matching rows in this year
2007,Chalmers tekniska hogskola,higher_education,,,,,,,,,,covered_by_final_series,,,gap: no matching rows in this year
2007,FOI / FOA (Totalforsvaret forskningsinstitut),science_agency,,,,,,,,,,covered_by_final_series,,,gap: no matching rows in this year
2007,Formas,science_agency,,,,,,,,,,covered_by_final_series,,,gap: no matching rows in this year
2007,Forte,science_agency,,,,,,,,,,covered_by_final_series,,,gap: no matching rows in this year
2007,Goteborgs Universitet,higher_education,,,,,,,,,,covered_by_final_series,,,gap: no matching rows in this year
2007,Increase in Funding for Research and Doctoral Education by 200 Million SEK 2007,science_agency,200000000.0,krona,SEK,line_item,2007 prop_200607__1_d1.pdf,214,Data/input/finance_bills/Sweden/2007 prop_200607__1_d1.pdf,,Increase of the appropriation for research and doctoral education by 200 million kronor in 2007,covered_by_final_series,,,This increase directly supports research and doctoral education.
2007,Karolinska Institutet,higher_education,,,,,,,,,,covered_by_final_series,,,gap: no matching rows in this year
2007,Kungliga Tekniska Hogskolan (KTH),higher_education,,,,,,,,,,covered_by_final_series,,,gap: no matching rows in this year
2007,Linkoepings Universitet,higher_education,,,,,,,,,,covered_by_final_series,,,gap: no matching rows in this year
2007,Lunds Universitet,higher_education,,,,,,,,,,covered_by_final_series,,,gap: no matching rows in this year
2007,Naringsdepartementet / UO 24 (total),rd_ministry,,,,,,,,,,covered_by_final_series,,,gap: no matching rows in this year
2007,RISE (Research Institutes of Sweden),science_agency,,,,,,,,,,covered_by_final_series,,,gap: no matching rows in this year
2007,Research and Development Efforts in the Cultural Sector,direct_rd,,,,,,,,,,covered_by_final_series,,,gap: no matching rows in this year
2007,Rymdstyrelsen,science_agency,,,,,,,,,,covered_by_final_series,,,gap: no matching rows in this year
2007,SMHI,science_agency,,,,,,,,,,covered_by_final_series,,,gap: no matching rows in this year
2007,SSF (Stiftelsen for Strategisk Forskning),science_agency,,,,,,,,,,covered_by_final_series,,,gap: no matching rows in this year
2007,Stockholms Universitet,higher_education,,,,,,,,,,covered_by_final_series,,,gap: no matching rows in this year
2007,Swedish University of Agricultural Sciences,higher_education,,,,,,,,,,covered_by_final_series,,,gap: no matching rows in this year
2007,Total Budget for Environmental Research,direct_rd,,,,,,,,,,covered_by_final_series,,,gap: no matching rows in this year
2007,Total Budget for Industrial Research and Innovation,innovation_instruments,,,,,,,,,,covered_by_final_series,,,gap: no matching rows in this year
2007,Umea Universitet,higher_education,,,,,,,,,,covered_by_final_series,,,gap: no matching rows in this year
2007,Universiteterna (collective Sweden),higher_education,,,,,,,,,,covered_by_final_series,,,gap: no matching rows in this year
2007,Universities and Colleges,higher_education,,,,,,,,,,covered_by_final_series,,,gap: no matching rows in this year
2007,Uppsala Universitet,higher_education,,,,,,,,,,covered_by_final_series,,,gap: no matching rows in this year
2007,Utbildningsdepartementet / UO 16 (total),rd_ministry,,,,,,,,,,covered_by_final_series,,,gap: no matching rows in this year
2007,VINNOVA,science_agency,,,,,,,,,,covered_by_final_series,,,gap: no matching rows in this year
2007,Vetenskapsradet (VR),science_agency,,,,,,,,,,covered_by_final_series,,,gap: no matching rows in this year
2009,Chalmers tekniska hogskola,higher_education,,,,,,,,,,covered_by_final_series,,,gap: no matching rows in this year
2009,FOI / FOA (Totalforsvaret forskningsinstitut),science_agency,,,,,,,,,,covered_by_final_series,,,gap: no matching rows in this year
2009,Formas,science_agency,56000000.0,krona,SEK,line_item,2009 prop_200809__1_d1.pdf,212,Data/input/finance_bills/Sweden/2009 prop_200809__1_d1.pdf,,"Research Council for Environment, Agricultural Sciences and Spatial Planning: Research",covered_by_final_series,,,
2009,Forte,science_agency,,,,,,,,,,covered_by_final_series,,,gap: no matching rows in this year
2009,Goteborgs Universitet,higher_education,,,,,,,,,,covered_by_final_series,,,gap: no matching rows in this year
2009,Grant for Energy Research,direct_rd,145000000.0,krona,SEK,line_item,2009 prop_200809__1_d1.pdf,212,Data/input/finance_bills/Sweden/2009 prop_200809__1_d1.pdf,,The appropriation for energy research,covered_by_final_series,,,"This grant is specifically for energy research, a key area of R&D."
2009,Increase in university research grants,higher_education,10000000.0,krona,SEK,line_item,2009 prop_200809__1_d1.pdf,212,Data/input/finance_bills/Sweden/2009 prop_200809__1_d1.pdf,,Increase of the university's research appropriation,covered_by_final_series,,,Enhances funding for university research activities.
2009,Karolinska Institutet,higher_education,,,,,,,,,,covered_by_final_series,,,gap: no matching rows in this year
2009,Kungliga Tekniska Hogskolan (KTH),higher_education,,,,,,,,,,covered_by_final_series,,,gap: no matching rows in this year
2009,Linkoepings Universitet,higher_education,,,,,,,,,,covered_by_final_series,,,gap: no matching rows in this year
2009,Lunds Universitet,higher_education,,,,,,,,,,covered_by_final_series,,,gap: no matching rows in this year
2009,Naringsdepartementet / UO 24 (total),rd_ministry,,,,,,,,,,covered_by_final_series,,,gap: no matching rows in this year
2009,RISE (Research Institutes of Sweden),science_agency,,,,,,,,,,covered_by_final_series,,,gap: no matching rows in this year
2009,Research Proposition,direct_rd,2039000.0,krona,SEK,program_total,2009 prop_200809__1_d1.pdf,220,Data/input/finance_bills/Sweden/2009 prop_200809__1_d1.pdf,,Research Proposition,covered_by_final_series,,,This is a government proposition related to research funding.
2009,Research and Development Efforts in the Cultural Sector,direct_rd,,,,,,,,,,covered_by_final_series,,,gap: no matching rows in this year
2009,Rymdstyrelsen,science_agency,,,,,,,,,,covered_by_final_series,,,gap: no matching rows in this year
2009,SMHI,science_agency,,,,,,,,,,covered_by_final_series,,,gap: no matching rows in this year
2009,SSF (Stiftelsen for Strategisk Forskning),science_agency,,,,,,,,,,covered_by_final_series,,,gap: no matching rows in this year
2009,Stockholms Universitet,higher_education,,,,,,,,,,covered_by_final_series,,,gap: no matching rows in this year
2009,Swedish University of Agricultural Sciences,higher_education,,,,,,,,,,covered_by_final_series,,,gap: no matching rows in this year
2009,Total Budget for Environmental Research,direct_rd,,,,,,,,,,covered_by_final_series,,,gap: no matching rows in this year
2009,Total Budget for Industrial Research and Innovation,innovation_instruments,,,,,,,,,,covered_by_final_series,,,gap: no matching rows in this year
2009,Umea Universitet,higher_education,,,,,,,,,,covered_by_final_series,,,gap: no matching rows in this year
2009,Universiteterna (collective Sweden),higher_education,,,,,,,,,,covered_by_final_series,,,gap: no matching rows in this year
2009,Universities and Colleges,higher_education,2400000000.0,krona,SEK,line_item,2009 prop_200809__1_d1.pdf,48,Data/input/finance_bills/Sweden/2009 prop_200809__1_d1.pdf,,Direct appropriations to universities and colleges for research,covered_by_final_series,,,Funding for universities and colleges is inherently related to R&D activities.
2009,Uppsala Universitet,higher_education,,,,,,,,,,covered_by_final_series,,,gap: no matching rows in this year
2009,Utbildningsdepartementet / UO 16 (total),rd_ministry,,,,,,,,,,covered_by_final_series,,,gap: no matching rows in this year
2009,VINNOVA,science_agency,307000.0,krona,SEK,program_total,2009 prop_200809__1_d1.pdf,264,Data/input/finance_bills/Sweden/2009 prop_200809__1_d1.pdf,,VINNOVA,covered_by_final_series,,,Swedish innovation agency created 2001. UO 24 Näringsliv.
2009,Vetenskapsradet (VR),science_agency,,,,,,,,,,covered_by_final_series,,,gap: no matching rows in this year
2010,Chalmers tekniska hogskola,higher_education,,,,,,,,,,covered_by_final_series,,,gap: no matching rows in this year
2010,Distribution of funds from 2010 regarding the research and innovation proposition 2008,innovation_instruments,99000000.0,krona,SEK,program_total,2010 prop_200910__1_d1.pdf,251,Data/input/finance_bills/Sweden/2010 prop_200910__1_d1.pdf,,Distribution of funds from 2010 based on the research and innovation proposition 2008,covered_by_final_series,,,This distribution is related to research and innovation funding.
2010,FOI / FOA (Totalforsvaret forskningsinstitut),science_agency,,,,,,,,,,covered_by_final_series,,,gap: no matching rows in this year
2010,Formas,science_agency,400000000.0,krona,SEK,line_item,2010 prop_200910__1_d1.pdf,306,Data/input/finance_bills/Sweden/2010 prop_200910__1_d1.pdf,,"Formas - Swedish Research Council for Environment, Agricultural Sciences and Spatial Planning",covered_by_final_series,,,
2010,Forte,science_agency,500000000.0,krona,SEK,line_item,2010 prop_200910__1_d1.pdf,306,Data/input/finance_bills/Sweden/2010 prop_200910__1_d1.pdf,,"Forte - Swedish Research Council for Health, Working Life and Welfare",covered_by_final_series,,,FAS until 2013 when renamed Forte.
2010,Funding for Research and Doctoral Education to Higher Education Institutions,direct_rd,1066000.0,krona,SEK,program_total,2010 prop_200910__1_d1.pdf,249,Data/input/finance_bills/Sweden/2010 prop_200910__1_d1.pdf,,Funds for research and doctoral education to higher education institutions,covered_by_final_series,,,Specifically aimed at enhancing research and doctoral education.
2010,Goteborgs Universitet,higher_education,,,,,,,,,,covered_by_final_series,,,gap: no matching rows in this year
2010,"Government's Previous Investments in Research, Mainly in the Proposition A Boost for Research and Innovation",direct_rd,1000000000.0,krona,SEK,line_item,2010 prop_200910__1_d1.pdf,221,Data/input/finance_bills/Sweden/2010 prop_200910__1_d1.pdf,,"The government's previous investments in research, mainly in the proposition A boost for research and innovation",covered_by_final_series,,,This entity relates to previous government investments in research and innovation.
2010,Karolinska Institutet,higher_education,,,,,,,,,,covered_by_final_series,,,gap: no matching rows in this year
2010,Kungliga Tekniska Hogskolan (KTH),higher_education,,,,,,,,,,covered_by_final_series,,,gap: no matching rows in this year
2010,Linkoepings Universitet,higher_education,,,,,,,,,,covered_by_final_series,,,gap: no matching rows in this year
2010,Lunds Universitet,higher_education,,,,,,,,,,covered_by_final_series,,,gap: no matching rows in this year
2010,Naringsdepartementet / UO 24 (total),rd_ministry,,,,,,,,,,covered_by_final_series,,,gap: no matching rows in this year
2010,RISE (Research Institutes of Sweden),science_agency,,,,,,,,,,covered_by_final_series,,,gap: no matching rows in this year
2010,Research and Development Efforts in the Cultural Sector,direct_rd,,,,,,,,,,covered_by_final_series,,,gap: no matching rows in this year
2010,Rymdstyrelsen,science_agency,,,,,,,,,,covered_by_final_series,,,gap: no matching rows in this year
2010,SMHI,science_agency,,,,,,,,,,covered_by_final_series,,,gap: no matching rows in this year
2010,SSF (Stiftelsen for Strategisk Forskning),science_agency,,,,,,,,,,covered_by_final_series,,,gap: no matching rows in this year
2010,Stockholms Universitet,higher_education,,,,,,,,,,covered_by_final_series,,,gap: no matching rows in this year
2010,Swedish University of Agricultural Sciences,higher_education,,,,,,,,,,covered_by_final_series,,,gap: no matching rows in this year
2010,Total Budget for Environmental Research,direct_rd,,,,,,,,,,covered_by_final_series,,,gap: no matching rows in this year
2010,Total Budget for Industrial Research and Innovation,innovation_instruments,,,,,,,,,,covered_by_final_series,,,gap: no matching rows in this year
2010,Umea Universitet,higher_education,,,,,,,,,,covered_by_final_series,,,gap: no matching rows in this year
2010,Universiteterna (collective Sweden),higher_education,,,,,,,,,,covered_by_final_series,,,gap: no matching rows in this year
2010,Universities and Colleges,higher_education,-375000.0,krona,SEK,line_item,2010 prop_200910__1_d1.pdf,249,Data/input/finance_bills/Sweden/2010 prop_200910__1_d1.pdf,,Distribution of research funds decided in the budget proposition for 2007 from the special expenses for universities and colleges.,covered_by_final_series,,,Funding for universities and colleges is inherently related to R&D activities.
2010,Uppsala Universitet,higher_education,,,,,,,,,,covered_by_final_series,,,gap: no matching rows in this year
2010,Utbildningsdepartementet / UO 16 (total),rd_ministry,50400000.0,krona,SEK,section_total,2010 prop_200910__1_d1.pdf,261,Data/input/finance_bills/Sweden/2010 prop_200910__1_d1.pdf,,Total budget for UO 16,covered_by_final_series,,,UO 16 section total (post-1994). Use only if individual lines unavailable.
2010,VINNOVA,science_agency,100000000.0,krona,SEK,line_item,2010 prop_200910__1_d1.pdf,72,Data/input/finance_bills/Sweden/2010 prop_200910__1_d1.pdf,,VINNOVA is allocated 100 million kronor annually for research and development in small companies.,covered_by_final_series,,,Swedish innovation agency created 2001. UO 24 Näringsliv.
2010,Vetenskapsradet (VR),science_agency,3000000000.0,krona,SEK,program_total,2010 prop_200910__1_d1.pdf,306,Data/input/finance_bills/Sweden/2010 prop_200910__1_d1.pdf,,Swedish Research Council,covered_by_final_series,,,"Created 2001 from merger of NFR, TFR, MFR, HSFR, SJFR."
2011,Chalmers tekniska hogskola,higher_education,,,,,,,,,,covered_by_final_series,,,gap: no matching rows in this year
2011,Commercialization of Research and Development,innovation_instruments,60000000.0,krona,SEK,program_total,2011 prop_201011__1_d1.pdf,212,Data/input/finance_bills/Sweden/2011 prop_201011__1_d1.pdf,,Commercialization of research and development,covered_by_final_series,,,This program supports the commercialization of research outcomes.
2011,Development of innovations and knowledge-intensive entrepreneurship,innovation_instruments,90000000.0,krona,SEK,line_item,2011 prop_201011__1_d1.pdf,212,Data/input/finance_bills/Sweden/2011 prop_201011__1_d1.pdf,,Development of innovations and knowledge-intensive entrepreneurship,covered_by_final_series,,,This program supports the development of innovations and entrepreneurship.
2011,FOI / FOA (Totalforsvaret forskningsinstitut),science_agency,,,,,,,,,,covered_by_final_series,,,gap: no matching rows in this year
2011,Formas,science_agency,,,,,,,,,,covered_by_final_series,,,gap: no matching rows in this year
2011,Forte,science_agency,5000000000.0,krona,SEK,line_item,2011 prop_201011__1_d1.pdf,186,Data/input/finance_bills/Sweden/2011 prop_201011__1_d1.pdf,,"Swedish Research Council for Health, Working Life and Welfare",covered_by_final_series,,,FAS until 2013 when renamed Forte.
2011,Goteborgs Universitet,higher_education,,,,,,,,,,covered_by_final_series,,,gap: no matching rows in this year
2011,Grants for Commercialization of Knowledge and Innovation,innovation_instruments,6000000000.0,krona,SEK,line_item,2011 prop_201011__1_d1.pdf,196,Data/input/finance_bills/Sweden/2011 prop_201011__1_d1.pdf,,"Grants for commercialization of knowledge and innovation, etc.",covered_by_final_series,,,This program supports the commercialization of research outputs.
2011,Karolinska Institutet,higher_education,,,,,,,,,,covered_by_final_series,,,gap: no matching rows in this year
2011,Kungliga Tekniska Hogskolan (KTH),higher_education,2734000.0,krona,SEK,program_total,2011 prop_201011__1_d1.pdf,255,Data/input/finance_bills/Sweden/2011 prop_201011__1_d1.pdf,,2:18 Royal Institute of Technology: Research and Doctoral Education,covered_by_final_series,,,
2011,Linkoepings Universitet,higher_education,,,,,,,,,,covered_by_final_series,,,gap: no matching rows in this year
2011,Lunds Universitet,higher_education,,,,,,,,,,covered_by_final_series,,,gap: no matching rows in this year
2011,Naringsdepartementet / UO 24 (total),rd_ministry,,,,,,,,,,covered_by_final_series,,,gap: no matching rows in this year
2011,RISE (Research Institutes of Sweden),science_agency,,,,,,,,,,covered_by_final_series,,,gap: no matching rows in this year
2011,Research and Development Efforts in the Cultural Sector,direct_rd,,,,,,,,,,covered_by_final_series,,,gap: no matching rows in this year
2011,Rymdstyrelsen,science_agency,,,,,,,,,,covered_by_final_series,,,gap: no matching rows in this year
2011,SMHI,science_agency,3000000000.0,krona,SEK,program_total,2011 prop_201011__1_d1.pdf,60,Data/input/finance_bills/Sweden/2011 prop_201011__1_d1.pdf,,SMHI - Research,covered_by_final_series,,,
2011,SSF (Stiftelsen for Strategisk Forskning),science_agency,,,,,,,,,,covered_by_final_series,,,gap: no matching rows in this year
2011,Stockholms Universitet,higher_education,2734000.0,krona,SEK,program_total,2011 prop_201011__1_d1.pdf,255,Data/input/finance_bills/Sweden/2011 prop_201011__1_d1.pdf,,2:10 Stockholm University: Research and Doctoral Education,covered_by_final_series,,,
2011,Swedish University of Agricultural Sciences,higher_education,,,,,,,,,,covered_by_final_series,,,gap: no matching rows in this year
2011,Total Budget for Environmental Research,direct_rd,,,,,,,,,,covered_by_final_series,,,gap: no matching rows in this year
2011,Total Budget for Industrial Research and Innovation,innovation_instruments,,,,,,,,,,covered_by_final_series,,,gap: no matching rows in this year
2011,Umea Universitet,higher_education,,,,,,,,,,covered_by_final_series,,,gap: no matching rows in this year
2011,Universiteterna (collective Sweden),higher_education,,,,,,,,,,covered_by_final_series,,,gap: no matching rows in this year
2011,Universities and Colleges,higher_education,20000000000.0,krona,SEK,line_item,2011 prop_201011__1_d1.pdf,60,Data/input/finance_bills/Sweden/2011 prop_201011__1_d1.pdf,,Research at universities and colleges,covered_by_final_series,,,Funding for universities and colleges is inherently related to R&D activities.
2011,Uppsala Universitet,higher_education,,,,,,,,,,covered_by_final_series,,,gap: no matching rows in this year
2011,Utbildningsdepartementet / UO 16 (total),rd_ministry,,,,,,,,,,covered_by_final_series,,,gap: no matching rows in this year
2011,VINNOVA,science_agency,10000000000.0,krona,SEK,program_total,2011 prop_201011__1_d1.pdf,196,Data/input/finance_bills/Sweden/2011 prop_201011__1_d1.pdf,,Swedish Innovation Agency,covered_by_final_series,,,Swedish innovation agency created 2001. UO 24 Näringsliv.
2011,Vetenskapsradet (VR),science_agency,5000000000.0,krona,SEK,line_item,2011 prop_201011__1_d1.pdf,186,Data/input/finance_bills/Sweden/2011 prop_201011__1_d1.pdf,,"Swedish Research Council for Health, Working Life and Welfare",covered_by_final_series,,,"Created 2001 from merger of NFR, TFR, MFR, HSFR, SJFR."
2012,Chalmers tekniska hogskola,higher_education,,,,,,,,,,covered_by_final_series,,,gap: no matching rows in this year
2012,FOI / FOA (Totalforsvaret forskningsinstitut),science_agency,,,,,,,,,,covered_by_final_series,,,gap: no matching rows in this year
2012,Formas,science_agency,,,,,,,,,,covered_by_final_series,,,gap: no matching rows in this year
2012,Forte,science_agency,,,,,,,,,,covered_by_final_series,,,gap: no matching rows in this year
2012,Goteborgs Universitet,higher_education,,,,,,,,,,covered_by_final_series,,,gap: no matching rows in this year
2012,Karolinska Institutet,higher_education,,,,,,,,,,covered_by_final_series,,,gap: no matching rows in this year
2012,Kungliga Tekniska Hogskolan (KTH),higher_education,,,,,,,,,,covered_by_final_series,,,gap: no matching rows in this year
2012,Linkoepings Universitet,higher_education,,,,,,,,,,covered_by_final_series,,,gap: no matching rows in this year
2012,Lunds Universitet,higher_education,,,,,,,,,,covered_by_final_series,,,gap: no matching rows in this year
2012,Naringsdepartementet / UO 24 (total),rd_ministry,,,,,,,,,,covered_by_final_series,,,gap: no matching rows in this year
2012,RISE (Research Institutes of Sweden),science_agency,,,,,,,,,,covered_by_final_series,,,gap: no matching rows in this year
2012,Research and Development Efforts in the Cultural Sector,direct_rd,,,,,,,,,,covered_by_final_series,,,gap: no matching rows in this year
2012,Rymdstyrelsen,science_agency,,,,,,,,,,covered_by_final_series,,,gap: no matching rows in this year
2012,SMHI,science_agency,,,,,,,,,,covered_by_final_series,,,gap: no matching rows in this year
2012,SSF (Stiftelsen for Strategisk Forskning),science_agency,,,,,,,,,,covered_by_final_series,,,gap: no matching rows in this year
2012,Stockholms Universitet,higher_education,,,,,,,,,,covered_by_final_series,,,gap: no matching rows in this year
2012,Swedish University of Agricultural Sciences,higher_education,,,,,,,,,,covered_by_final_series,,,gap: no matching rows in this year
2012,Total Budget for Environmental Research,direct_rd,,,,,,,,,,covered_by_final_series,,,gap: no matching rows in this year
2012,Total Budget for Industrial Research and Innovation,innovation_instruments,,,,,,,,,,covered_by_final_series,,,gap: no matching rows in this year
2012,Umea Universitet,higher_education,,,,,,,,,,covered_by_final_series,,,gap: no matching rows in this year
2012,Universiteterna (collective Sweden),higher_education,,,,,,,,,,covered_by_final_series,,,gap: no matching rows in this year
2012,Universities and Colleges,higher_education,,,,,,,,,,covered_by_final_series,,,gap: no matching rows in this year
2012,Uppsala Universitet,higher_education,,,,,,,,,,covered_by_final_series,,,gap: no matching rows in this year
2012,Utbildningsdepartementet / UO 16 (total),rd_ministry,,,,,,,,,,covered_by_final_series,,,gap: no matching rows in this year
2012,VINNOVA,science_agency,,,,,,,,,,covered_by_final_series,,,gap: no matching rows in this year
2012,Vetenskapsradet (VR),science_agency,,,,,,,,,,covered_by_final_series,,,gap: no matching rows in this year
2013,Chalmers tekniska hogskola,higher_education,,,,,,,,,,covered_by_final_series,,,gap: no matching rows in this year
2013,FOI / FOA (Totalforsvaret forskningsinstitut),science_agency,,,,,,,,,,covered_by_final_series,,,gap: no matching rows in this year
2013,Formas,science_agency,50000000.0,krona,SEK,line_item,2013 prop_201213__1_d1.pdf,386,Data/input/finance_bills/Sweden/2013 prop_201213__1_d1.pdf,,"Research Council for Environment, Agricultural Sciences and Community Building: Research",covered_by_final_series,,,
2013,Forte,science_agency,,,,,,,,,,covered_by_final_series,,,gap: no matching rows in this year
2013,Goteborgs Universitet,higher_education,,,,,,,,,,covered_by_final_series,,,gap: no matching rows in this year
2013,Investments within the Research and Innovation Proposition,direct_rd,1675000.0,krona,SEK,program_total,2013 prop_201213__1_d1.pdf,393,Data/input/finance_bills/Sweden/2013 prop_201213__1_d1.pdf,,Investments within the framework of the research and innovation proposition,covered_by_final_series,,,This funding is aimed at enhancing research and innovation.
2013,Karolinska Institutet,higher_education,,,,,,,,,,covered_by_final_series,,,gap: no matching rows in this year
2013,Kungliga Tekniska Hogskolan (KTH),higher_education,190000000.0,krona,SEK,line_item,2013 prop_201213__1_d1.pdf,385,Data/input/finance_bills/Sweden/2013 prop_201213__1_d1.pdf,,Royal Institute of Technology: Research and Doctoral Education,covered_by_final_series,,,
2013,Linkoepings Universitet,higher_education,,,,,,,,,,covered_by_final_series,,,gap: no matching rows in this year
2013,Lunds Universitet,higher_education,,,,,,,,,,covered_by_final_series,,,gap: no matching rows in this year
2013,Naringsdepartementet / UO 24 (total),rd_ministry,,,,,,,,,,covered_by_final_series,,,gap: no matching rows in this year
2013,RISE (Research Institutes of Sweden),science_agency,25000000.0,krona,SEK,line_item,2013 prop_201213__1_d1.pdf,387,Data/input/finance_bills/Sweden/2013 prop_201213__1_d1.pdf,,"RISE Holding AB: Strategic Competence Funds, etc.",covered_by_final_series,,,"RISE created 2017 from SP, Swerea, Innventia and others. Predecessor SP dates to 1920."
2013,Research and Development Efforts in the Cultural Sector,direct_rd,,,,,,,,,,covered_by_final_series,,,gap: no matching rows in this year
2013,Research and University Research,direct_rd,2240000000.0,krona,SEK,program_total,2013 prop_201213__1_d1.pdf,370,Data/input/finance_bills/Sweden/2013 prop_201213__1_d1.pdf,,Research and University Research,covered_by_final_series,,,Supports research activities at universities.
2013,Rymdstyrelsen,science_agency,100000000.0,krona,SEK,line_item,2013 prop_201213__1_d1.pdf,385,Data/input/finance_bills/Sweden/2013 prop_201213__1_d1.pdf,,Rymdforskning och rymdverksamhet,covered_by_final_series,,,
2013,SMHI,science_agency,,,,,,,,,,covered_by_final_series,,,gap: no matching rows in this year
2013,SSF (Stiftelsen for Strategisk Forskning),science_agency,,,,,,,,,,covered_by_final_series,,,gap: no matching rows in this year
2013,Stockholms Universitet,higher_education,,,,,,,,,,covered_by_final_series,,,gap: no matching rows in this year
2013,Swedish University of Agricultural Sciences,higher_education,,,,,,,,,,covered_by_final_series,,,gap: no matching rows in this year
2013,Total Budget for Environmental Research,direct_rd,,,,,,,,,,covered_by_final_series,,,gap: no matching rows in this year
2013,Total Budget for Industrial Research and Innovation,innovation_instruments,,,,,,,,,,covered_by_final_series,,,gap: no matching rows in this year
2013,Umea Universitet,higher_education,,,,,,,,,,covered_by_final_series,,,gap: no matching rows in this year
2013,Universiteterna (collective Sweden),higher_education,,,,,,,,,,covered_by_final_series,,,gap: no matching rows in this year
2013,Universities and Colleges,higher_education,,,,,,,,,,covered_by_final_series,,,gap: no matching rows in this year
2013,Uppsala Universitet,higher_education,,,,,,,,,,covered_by_final_series,,,gap: no matching rows in this year
2013,Utbildningsdepartementet / UO 16 (total),rd_ministry,2240000000.0,krona,SEK,section_total,2013 prop_201213__1_d1.pdf,370,Data/input/finance_bills/Sweden/2013 prop_201213__1_d1.pdf,,Total expenditures under expenditure area 16,covered_by_final_series,,,UO 16 section total (post-1994). Use only if individual lines unavailable.
2013,VINNOVA,science_agency,336000000.0,krona,SEK,line_item,2013 prop_201213__1_d1.pdf,376,Data/input/finance_bills/Sweden/2013 prop_201213__1_d1.pdf,,Swedish Innovation Agency,covered_by_final_series,,,Swedish innovation agency created 2001. UO 24 Näringsliv.
2013,Vetenskapsradet (VR),science_agency,3000000000.0,krona,SEK,line_item,2013 prop_201213__1_d1.pdf,375,Data/input/finance_bills/Sweden/2013 prop_201213__1_d1.pdf,,Swedish Research Council,covered_by_final_series,,,"Created 2001 from merger of NFR, TFR, MFR, HSFR, SJFR."
2014,Chalmers tekniska hogskola,higher_education,,,,,,,,,,covered_by_final_series,,,gap: no matching rows in this year
2014,FOI / FOA (Totalforsvaret forskningsinstitut),science_agency,,,,,,,,,,covered_by_final_series,,,gap: no matching rows in this year
2014,Formas,science_agency,500000000.0,krona,SEK,line_item,2014 prop_201314__1_d1.pdf,221,Data/input/finance_bills/Sweden/2014 prop_201314__1_d1.pdf,,"Swedish Research Council for Environment, Agricultural Sciences and Spatial Planning",covered_by_final_series,,,
2014,Forte,science_agency,300000000.0,krona,SEK,line_item,2014 prop_201314__1_d1.pdf,221,Data/input/finance_bills/Sweden/2014 prop_201314__1_d1.pdf,,"Swedish Research Council for Health, Working Life and Welfare",covered_by_final_series,,,FAS until 2013 when renamed Forte.
2014,Goteborgs Universitet,higher_education,,,,,,,,,,covered_by_final_series,,,gap: no matching rows in this year
2014,Karolinska Institutet,higher_education,,,,,,,,,,covered_by_final_series,,,gap: no matching rows in this year
2014,Kungliga Tekniska Hogskolan (KTH),higher_education,,,,,,,,,,covered_by_final_series,,,gap: no matching rows in this year
2014,Linkoepings Universitet,higher_education,,,,,,,,,,covered_by_final_series,,,gap: no matching rows in this year
2014,Lunds Universitet,higher_education,,,,,,,,,,covered_by_final_series,,,gap: no matching rows in this year
2014,Naringsdepartementet / UO 24 (total),rd_ministry,,,,,,,,,,covered_by_final_series,,,gap: no matching rows in this year
2014,RISE (Research Institutes of Sweden),science_agency,,,,,,,,,,covered_by_final_series,,,gap: no matching rows in this year
2014,Research and Development Efforts in the Cultural Sector,direct_rd,,,,,,,,,,covered_by_final_series,,,gap: no matching rows in this year
2014,Rymdstyrelsen,science_agency,,,,,,,,,,covered_by_final_series,,,gap: no matching rows in this year
2014,SMHI,science_agency,500000000.0,krona,SEK,line_item,2014 prop_201314__1_d1.pdf,221,Data/input/finance_bills/Sweden/2014 prop_201314__1_d1.pdf,,Swedish Meteorological and Hydrological Institute,covered_by_final_series,,,
2014,SSF (Stiftelsen for Strategisk Forskning),science_agency,,,,,,,,,,covered_by_final_series,,,gap: no matching rows in this year
2014,Stockholms Universitet,higher_education,,,,,,,,,,covered_by_final_series,,,gap: no matching rows in this year
2014,Swedish University of Agricultural Sciences,higher_education,,,,,,,,,,covered_by_final_series,,,gap: no matching rows in this year
2014,Total Budget for Environmental Research,direct_rd,,,,,,,,,,covered_by_final_series,,,gap: no matching rows in this year
2014,Total Budget for Industrial Research and Innovation,innovation_instruments,,,,,,,,,,covered_by_final_series,,,gap: no matching rows in this year
2014,Umea Universitet,higher_education,,,,,,,,,,covered_by_final_series,,,gap: no matching rows in this year
2014,Universiteterna (collective Sweden),higher_education,,,,,,,,,,covered_by_final_series,,,gap: no matching rows in this year
2014,Universities and Colleges,higher_education,,,,,,,,,,covered_by_final_series,,,gap: no matching rows in this year
2014,Uppsala Universitet,higher_education,,,,,,,,,,covered_by_final_series,,,gap: no matching rows in this year
2014,Utbildningsdepartementet / UO 16 (total),rd_ministry,,,,,,,,,,covered_by_final_series,,,gap: no matching rows in this year
2014,VINNOVA,science_agency,1200000000.0,krona,SEK,line_item,2014 prop_201314__1_d1.pdf,221,Data/input/finance_bills/Sweden/2014 prop_201314__1_d1.pdf,,Swedish Innovation Agency,covered_by_final_series,,,Swedish innovation agency created 2001. UO 24 Näringsliv.
2014,Vetenskapsradet (VR),science_agency,1500000000.0,krona,SEK,line_item,2014 prop_201314__1_d1.pdf,221,Data/input/finance_bills/Sweden/2014 prop_201314__1_d1.pdf,,Swedish Research Council,covered_by_final_series,,,"Created 2001 from merger of NFR, TFR, MFR, HSFR, SJFR."
2015,Chalmers tekniska hogskola,higher_education,,,,,,,,,,covered_by_final_series,,,gap: no matching rows in this year
2015,FOI / FOA (Totalforsvaret forskningsinstitut),science_agency,,,,,,,,,,covered_by_final_series,,,gap: no matching rows in this year
2015,Formas,science_agency,,,,,,,,,,covered_by_final_series,,,gap: no matching rows in this year
2015,Forte,science_agency,,,,,,,,,,covered_by_final_series,,,gap: no matching rows in this year
2015,Goteborgs Universitet,higher_education,,,,,,,,,,covered_by_final_series,,,gap: no matching rows in this year
2015,Karolinska Institutet,higher_education,,,,,,,,,,covered_by_final_series,,,gap: no matching rows in this year
2015,Kungliga Tekniska Hogskolan (KTH),higher_education,,,,,,,,,,covered_by_final_series,,,gap: no matching rows in this year
2015,Linkoepings Universitet,higher_education,,,,,,,,,,covered_by_final_series,,,gap: no matching rows in this year
2015,Lunds Universitet,higher_education,,,,,,,,,,covered_by_final_series,,,gap: no matching rows in this year
2015,Naringsdepartementet / UO 24 (total),rd_ministry,,,,,,,,,,covered_by_final_series,,,gap: no matching rows in this year
2015,RISE (Research Institutes of Sweden),science_agency,,,,,,,,,,covered_by_final_series,,,gap: no matching rows in this year
2015,Research and Development Efforts in the Cultural Sector,direct_rd,,,,,,,,,,covered_by_final_series,,,gap: no matching rows in this year
2015,Rymdstyrelsen,science_agency,,,,,,,,,,covered_by_final_series,,,gap: no matching rows in this year
2015,SMHI,science_agency,,,,,,,,,,covered_by_final_series,,,gap: no matching rows in this year
2015,SSF (Stiftelsen for Strategisk Forskning),science_agency,,,,,,,,,,covered_by_final_series,,,gap: no matching rows in this year
2015,Stockholms Universitet,higher_education,,,,,,,,,,covered_by_final_series,,,gap: no matching rows in this year
2015,Swedish University of Agricultural Sciences,higher_education,,,,,,,,,,covered_by_final_series,,,gap: no matching rows in this year
2015,Total Budget for Environmental Research,direct_rd,,,,,,,,,,covered_by_final_series,,,gap: no matching rows in this year
2015,Total Budget for Industrial Research and Innovation,innovation_instruments,,,,,,,,,,covered_by_final_series,,,gap: no matching rows in this year
2015,Umea Universitet,higher_education,,,,,,,,,,covered_by_final_series,,,gap: no matching rows in this year
2015,Universiteterna (collective Sweden),higher_education,,,,,,,,,,covered_by_final_series,,,gap: no matching rows in this year
2015,Universities and Colleges,higher_education,,,,,,,,,,covered_by_final_series,,,gap: no matching rows in this year
2015,Uppsala Universitet,higher_education,,,,,,,,,,covered_by_final_series,,,gap: no matching rows in this year
2015,Utbildningsdepartementet / UO 16 (total),rd_ministry,,,,,,,,,,covered_by_final_series,,,gap: no matching rows in this year
2015,VINNOVA,science_agency,,,,,,,,,,covered_by_final_series,,,gap: no matching rows in this year
2015,Vetenskapsradet (VR),science_agency,,,,,,,,,,covered_by_final_series,,,gap: no matching rows in this year
2016,Chalmers tekniska hogskola,higher_education,,,,,,,,,,covered_by_final_series,,,gap: no matching rows in this year
2016,FOI / FOA (Totalforsvaret forskningsinstitut),science_agency,178796000.0,krona,SEK,line_item,2016 forslag-till-statens-budget-for-2016-finansplan-och-skattefragor-kapitel-1-12-och-bilagor-1-16.pdf,495,Data/input/finance_bills/Sweden/2016 forslag-till-statens-budget-for-2016-finansplan-och-skattefragor-kapitel-1-12-och-bilagor-1-16.pdf,,Totalförsvarets forskningsinstitut,covered_by_final_series,,,FOA renamed FOI in 2001.
2016,Formas,science_agency,5000000000.0,krona,SEK,line_item,2016 forslag-till-statens-budget-for-2016-finansplan-och-skattefragor-kapitel-1-12-och-bilagor-1-16.pdf,384,Data/input/finance_bills/Sweden/2016 forslag-till-statens-budget-for-2016-finansplan-och-skattefragor-kapitel-1-12-och-bilagor-1-16.pdf,,"Swedish Research Council for Environment, Agricultural Sciences and Spatial Planning",covered_by_final_series,,,
2016,Forte,science_agency,3000000000.0,krona,SEK,line_item,2016 forslag-till-statens-budget-for-2016-finansplan-och-skattefragor-kapitel-1-12-och-bilagor-1-16.pdf,384,Data/input/finance_bills/Sweden/2016 forslag-till-statens-budget-for-2016-finansplan-och-skattefragor-kapitel-1-12-och-bilagor-1-16.pdf,,"Swedish Research Council for Health, Working Life and Welfare",covered_by_final_series,,,FAS until 2013 when renamed Forte.
2016,Goteborgs Universitet,higher_education,,,,,,,,,,covered_by_final_series,,,gap: no matching rows in this year
2016,Karolinska Institutet,higher_education,,,,,,,,,,covered_by_final_series,,,gap: no matching rows in this year
2016,Kungliga Tekniska Hogskolan (KTH),higher_education,,,,,,,,,,covered_by_final_series,,,gap: no matching rows in this year
2016,Linkoepings Universitet,higher_education,,,,,,,,,,covered_by_final_series,,,gap: no matching rows in this year
2016,Lunds Universitet,higher_education,,,,,,,,,,covered_by_final_series,,,gap: no matching rows in this year
2016,Naringsdepartementet / UO 24 (total),rd_ministry,,,,,,,,,,covered_by_final_series,,,gap: no matching rows in this year
2016,RISE (Research Institutes of Sweden),science_agency,,,,,,,,,,covered_by_final_series,,,gap: no matching rows in this year
2016,Research and Development Efforts in the Cultural Sector,direct_rd,,,,,,,,,,covered_by_final_series,,,gap: no matching rows in this year
2016,Rymdstyrelsen,science_agency,551309000.0,krona,SEK,line_item,2016 forslag-till-statens-budget-for-2016-finansplan-och-skattefragor-kapitel-1-12-och-bilagor-1-16.pdf,500,Data/input/finance_bills/Sweden/2016 forslag-till-statens-budget-for-2016-finansplan-och-skattefragor-kapitel-1-12-och-bilagor-1-16.pdf,,Avgifter till internationella organisationer,covered_by_final_series,,,
2016,SMHI,science_agency,2000000000.0,krona,SEK,program_total,2016 forslag-till-statens-budget-for-2016-finansplan-och-skattefragor-kapitel-1-12-och-bilagor-1-16.pdf,384,Data/input/finance_bills/Sweden/2016 forslag-till-statens-budget-for-2016-finansplan-och-skattefragor-kapitel-1-12-och-bilagor-1-16.pdf,,Swedish Meteorological and Hydrological Institute,covered_by_final_series,,,
2016,SSF (Stiftelsen for Strategisk Forskning),science_agency,,,,,,,,,,covered_by_final_series,,,gap: no matching rows in this year
2016,Stockholms Universitet,higher_education,,,,,,,,,,covered_by_final_series,,,gap: no matching rows in this year
2016,Swedish University of Agricultural Sciences,higher_education,,,,,,,,,,covered_by_final_series,,,gap: no matching rows in this year
2016,Total Budget for Business-Related Research,direct_rd,5998273000.0,krona,SEK,program_total,2016 forslag-till-statens-budget-for-2016-finansplan-och-skattefragor-kapitel-1-12-och-bilagor-1-16.pdf,505,Data/input/finance_bills/Sweden/2016 forslag-till-statens-budget-for-2016-finansplan-och-skattefragor-kapitel-1-12-och-bilagor-1-16.pdf,,Total budget for business-related research,covered_by_final_series,,,This budget is allocated for research relevant to businesses.
2016,Total Budget for Environmental Research,direct_rd,7661756000.0,krona,SEK,program_total,2016 forslag-till-statens-budget-for-2016-finansplan-och-skattefragor-kapitel-1-12-och-bilagor-1-16.pdf,503,Data/input/finance_bills/Sweden/2016 forslag-till-statens-budget-for-2016-finansplan-och-skattefragor-kapitel-1-12-och-bilagor-1-16.pdf,,Total budget for environmental research,covered_by_final_series,,,"This budget is specifically allocated for environmental research, a key area of R&D."
2016,Total Budget for Industrial Research and Innovation,innovation_instruments,,,,,,,,,,covered_by_final_series,,,gap: no matching rows in this year
2016,Total budget for research and research information,direct_rd,5766449000.0,krona,SEK,program_total,2016 forslag-till-statens-budget-for-2016-finansplan-och-skattefragor-kapitel-1-12-och-bilagor-1-16.pdf,500,Data/input/finance_bills/Sweden/2016 forslag-till-statens-budget-for-2016-finansplan-och-skattefragor-kapitel-1-12-och-bilagor-1-16.pdf,,Total budget for research and research information,covered_by_final_series,,,This budget is directly related to research activities.
2016,Umea Universitet,higher_education,,,,,,,,,,covered_by_final_series,,,gap: no matching rows in this year
2016,Universiteterna (collective Sweden),higher_education,,,,,,,,,,covered_by_final_series,,,gap: no matching rows in this year
2016,Universities and Colleges,higher_education,,,,,,,,,,covered_by_final_series,,,gap: no matching rows in this year
2016,Uppsala Universitet,higher_education,,,,,,,,,,covered_by_final_series,,,gap: no matching rows in this year
2016,Utbildningsdepartementet / UO 16 (total),rd_ministry,,,,,,,,,,covered_by_final_series,,,gap: no matching rows in this year
2016,VINNOVA,science_agency,2628174000.0,krona,SEK,line_item,2016 forslag-till-statens-budget-for-2016-finansplan-och-skattefragor-kapitel-1-12-och-bilagor-1-16.pdf,505,Data/input/finance_bills/Sweden/2016 forslag-till-statens-budget-for-2016-finansplan-och-skattefragor-kapitel-1-12-och-bilagor-1-16.pdf,,Swedish Innovation Agency: Research and Development,covered_by_final_series,,,Swedish innovation agency created 2001. UO 24 Näringsliv.
2016,Vetenskapsradet (VR),science_agency,5766449000.0,krona,SEK,line_item,2016 forslag-till-statens-budget-for-2016-finansplan-och-skattefragor-kapitel-1-12-och-bilagor-1-16.pdf,500,Data/input/finance_bills/Sweden/2016 forslag-till-statens-budget-for-2016-finansplan-och-skattefragor-kapitel-1-12-och-bilagor-1-16.pdf,,Swedish Research Council: Research and Research Information,covered_by_final_series,,,"Created 2001 from merger of NFR, TFR, MFR, HSFR, SJFR."
2017,1:3 Strategic Competence Funds for Institutes,innovation_instruments,629962000.0,krona,SEK,line_item,2017 download.pdf,3403,Data/input/finance_bills/Sweden/2017 download.pdf,,1:3 Strategic competence funds for institutes,covered_by_final_series,,,"This fund supports strategic competence, which can include R&D activities."
2017,1:9 Geoscientific Research,direct_rd,5807000.0,krona,SEK,line_item,2017 download.pdf,3403,Data/input/finance_bills/Sweden/2017 download.pdf,,1:9 Geoscientific research,covered_by_final_series,,,This funding is specifically allocated for geoscientific research.
2017,Almi Företagspartner AB - innovation loans,innovation_instruments,89000000.0,krona,SEK,line_item,2017 download.pdf,3448,Data/input/finance_bills/Sweden/2017 download.pdf,,Almi Företagspartner AB - innovations loans,covered_by_final_series,,,This entity provides loans to support innovation activities.
2017,Appropriation for Research and Doctoral Education at Linnaeus University,higher_education,285800000.0,krona,SEK,line_item,2017 download.pdf,2447,Data/input/finance_bills/Sweden/2017 download.pdf,,Appropriation for research and education at the doctoral level at Linnaeus University,covered_by_final_series,,,This funding is directly related to research and doctoral education.
2017,Artistic Research and Education at Doctoral Level,higher_education,49490000.0,krona,SEK,line_item,2017 download.pdf,2311,Data/input/finance_bills/Sweden/2017 download.pdf,,Artistic Research and Education at Doctoral Level,covered_by_final_series,,,This program supports research and education at the doctoral level in the arts.
2017,Capital contributions linked to universities,higher_education,11000000.0,krona,SEK,line_item,2017 download.pdf,2607,Data/input/finance_bills/Sweden/2017 download.pdf,,Capital contributions linked to universities,covered_by_final_series,,,"Supports university-linked initiatives, likely enhancing research capacity."
2017,Chalmers tekniska hogskola,higher_education,854090000.0,krona,SEK,line_item,2017 download.pdf,2584,Data/input/finance_bills/Sweden/2017 download.pdf,,Chalmers University of Technology - Research and Education at Doctoral Level,covered_by_final_series,,,
2017,Development of Conditions for Innovation,innovation_instruments,66000000.0,krona,SEK,line_item,2017 download.pdf,2920,Data/input/finance_bills/Sweden/2017 download.pdf,,Development of conditions for innovation,covered_by_final_series,,,"Focuses on fostering innovation, which is relevant to R&D."
2017,Development of advanced testing and demonstration environments,innovation_instruments,75000000.0,krona,SEK,line_item,2017 download.pdf,3488,Data/input/finance_bills/Sweden/2017 download.pdf,,Development of prominent test and demonstration environments,covered_by_final_series,,,This program supports the development of testing and demonstration facilities.
2017,Ersta Sköndal University College - Research and Education,higher_education,111146000.0,krona,SEK,line_item,2017 download.pdf,2586,Data/input/finance_bills/Sweden/2017 download.pdf,,Ersta Sköndal University College - Research and Education,covered_by_final_series,,,This entity is involved in research and education at a higher education level.
2017,FOI / FOA (Totalforsvaret forskningsinstitut),science_agency,176045000.0,krona,SEK,line_item,2017 download.pdf,1423,Data/input/finance_bills/Sweden/2017 download.pdf,,Total Defence Research Institute,covered_by_final_series,,,FOA renamed FOI in 2001.
2017,Formas,science_agency,963908000.0,krona,SEK,line_item,2017 download.pdf,3075,Data/input/finance_bills/Sweden/2017 download.pdf,,Estimated for 2020,covered_by_final_series,,,
2017,Forte,science_agency,40000000000.0,krona,SEK,line_item,2017 download.pdf,1829,Data/input/finance_bills/Sweden/2017 download.pdf,,Research,covered_by_final_series,,,FAS until 2013 when renamed Forte.
2017,Funding for Compensation to Universities for Research and Education at Doctoral Level,higher_education,92372000.0,krona,SEK,line_item,2017 download.pdf,2567,Data/input/finance_bills/Sweden/2017 download.pdf,,The appropriation may be used for compensation to the university for research and education at the doctoral level.,covered_by_final_series,,,This funding is designated for research and education at the doctoral level in universities.
2017,Funding for Financial Market Research,direct_rd,29916000.0,krona,SEK,program_total,2017 download.pdf,1118,Data/input/finance_bills/Sweden/2017 download.pdf,,Appropriation for financial market research,covered_by_final_series,,,This funding is specifically for research in financial markets.
2017,Funding for Geoscientific Research,direct_rd,5807000.0,krona,SEK,line_item,2017 download.pdf,3494,Data/input/finance_bills/Sweden/2017 download.pdf,,Funding for geoscientific research,covered_by_final_series,,,This is a direct funding source for geoscientific research.
2017,Funding for Strategic Innovation Areas,innovation_instruments,760000000.0,krona,SEK,line_item,2017 download.pdf,3349,Data/input/finance_bills/Sweden/2017 download.pdf,,Funding for strategic innovation areas,covered_by_final_series,,,Directly supports strategic innovation initiatives.
2017,Funding for the Swedish Environmental Protection Agency,innovation_instruments,442248000.0,krona,SEK,program_total,2017 download.pdf,3044,Data/input/finance_bills/Sweden/2017 download.pdf,,Appropriation 1:1 Swedish Environmental Protection Agency,covered_by_final_series,,,This funding supports environmental research initiatives.
2017,Funding for the Swedish Geological Survey,science_agency,197864000.0,krona,SEK,line_item,2017 download.pdf,3493,Data/input/finance_bills/Sweden/2017 download.pdf,,Funding for the Swedish Geological Survey,covered_by_final_series,,,This funding supports geological research activities.
2017,Goteborgs Universitet,higher_education,1504493000.0,krona,SEK,line_item,2017 download.pdf,2311,Data/input/finance_bills/Sweden/2017 download.pdf,,Research and Education at Doctoral Level,covered_by_final_series,,,
2017,Grant for Compensation to University for Research and Education at Doctoral Level,higher_education,2066943000.0,krona,SEK,line_item,2017 download.pdf,2527,Data/input/finance_bills/Sweden/2017 download.pdf,,The appropriation may be used for compensation to the university for research and education at doctoral level.,covered_by_final_series,,,This grant supports research and education at the doctoral level.
2017,Grant for Research and Education at Kristianstad University,higher_education,47000000.0,krona,SEK,line_item,2017 download.pdf,2447,Data/input/finance_bills/Sweden/2017 download.pdf,,Appropriation for research and education at the doctoral level at Kristianstad University,covered_by_final_series,,,This grant supports research and education at a higher education institution.
2017,Grants for Business Development and Innovation,innovation_instruments,309461000.0,krona,SEK,line_item,2017 download.pdf,3501,Data/input/finance_bills/Sweden/2017 download.pdf,,Proposed/estimated appropriation 2017,covered_by_final_series,,,"This grant supports business development and innovation, relevant to R&D."
2017,Grants for higher education and research,direct_rd,1820493000.0,krona,SEK,program_total,2017 download.pdf,3386,Data/input/finance_bills/Sweden/2017 download.pdf,,Appropriation for higher education and research,covered_by_final_series,,,This funding supports higher education and research activities.
2017,"Increase in Funding for Research on Welfare Quality, Organization, and Processes",direct_rd,10000000000.0,krona,SEK,line_item,2017 download.pdf,1829,Data/input/finance_bills/Sweden/2017 download.pdf,,"Increase of the appropriation for research on the quality, organization, and processes of welfare",covered_by_final_series,,,"This funding is aimed at research on welfare, which is relevant to R&D."
2017,Increase in research funding for 2018 and 2019,direct_rd,40000000.0,krona,SEK,line_item,2017 download.pdf,2497,Data/input/finance_bills/Sweden/2017 download.pdf,,Increase of research grants for 2018 and 2019,covered_by_final_series,,,"This indicates an increase in research funding, relevant to R&D."
2017,Increase of 40 Million SEK in 2017 for Applied Welfare Research,direct_rd,40000000.0,krona,SEK,line_item,2017 download.pdf,1831,Data/input/finance_bills/Sweden/2017 download.pdf,,"Increase of 40,000,000 kronor in 2017 for applied welfare research.",covered_by_final_series,,,This funding is specifically for applied research in welfare.
2017,Increased Investment in Strategic Innovation Areas,innovation_instruments,155000000.0,krona,SEK,line_item,2017 download.pdf,3482,Data/input/finance_bills/Sweden/2017 download.pdf,,Increased investment in strategic innovation areas,covered_by_final_series,,,This program aims to enhance innovation in key strategic areas.
2017,Innovative and Needs-Driven R&D,direct_rd,150000000.0,krona,SEK,line_item,2017 download.pdf,3122,Data/input/finance_bills/Sweden/2017 download.pdf,,Innovative and needs-driven R&D,covered_by_final_series,,,This program supports innovative research driven by societal needs.
2017,Investment in Innovative Business Ideas,innovation_instruments,20000000.0,krona,SEK,line_item,2017 download.pdf,3488,Data/input/finance_bills/Sweden/2017 download.pdf,,Investment in innovative business ideas,covered_by_final_series,,,"This initiative supports innovation, which is closely related to R&D."
2017,Jönköping University - Research and Education at Doctoral Level,higher_education,107060000.0,krona,SEK,line_item,2017 download.pdf,2585,Data/input/finance_bills/Sweden/2017 download.pdf,,Jönköping University Foundation - Research and Education at Doctoral Level,covered_by_final_series,,,This institution is engaged in doctoral level research and education.
2017,Karolinska Institutet,higher_education,1506141000.0,krona,SEK,line_item,2017 download.pdf,2540,Data/input/finance_bills/Sweden/2017 download.pdf,,Research and education at the doctoral level,covered_by_final_series,,,
2017,Kungliga Tekniska Hogskolan (KTH),higher_education,1499593000.0,krona,SEK,line_item,2017 download.pdf,2542,Data/input/finance_bills/Sweden/2017 download.pdf,,Research and education at the doctoral level,covered_by_final_series,,,
2017,Linkoepings Universitet,higher_education,854065000.0,krona,SEK,line_item,2017 download.pdf,2311,Data/input/finance_bills/Sweden/2017 download.pdf,,Research and Education at Doctoral Level,covered_by_final_series,,,
2017,Lunds Universitet,higher_education,2119873000.0,krona,SEK,line_item,2017 download.pdf,2311,Data/input/finance_bills/Sweden/2017 download.pdf,,Research and Education at Doctoral Level,covered_by_final_series,,,
2017,Naringsdepartementet / UO 24 (total),rd_ministry,6456020000.0,krona,SEK,section_total,2017 download.pdf,3428,Data/input/finance_bills/Sweden/2017 download.pdf,,Total for expenditure area 24 Business,covered_by_final_series,,,UO 24 section total. Contains VINNOVA and industrial R&D. Use only if individual lines unavailable.
2017,"Promotion of Collaboration, Knowledge Development, and Knowledge Exchange",innovation_instruments,89000000.0,krona,SEK,line_item,2017 download.pdf,2920,Data/input/finance_bills/Sweden/2017 download.pdf,,"Promotion of cooperation, knowledge development, and knowledge exchange",covered_by_final_series,,,"This initiative promotes collaboration and knowledge exchange, relevant to R&D."
2017,"Promotion of Eco-friendly Services, Products, and Production Processes in SMEs",innovation_instruments,28000000.0,krona,SEK,line_item,2017 download.pdf,2920,Data/input/finance_bills/Sweden/2017 download.pdf,,"Promotion of environmentally friendly services, products, and production processes in small and medium-sized enterprises",covered_by_final_series,,,Supports R&D in sustainable practices for SMEs.
2017,R&D Activities in Research Centers,direct_rd,23000000.0,krona,SEK,line_item,2017 download.pdf,2920,Data/input/finance_bills/Sweden/2017 download.pdf,,R&D activities in research centers,covered_by_final_series,,,Directly related to research and development activities.
2017,RISE (Research Institutes of Sweden),science_agency,616000000.0,krona,SEK,line_item,2017 download.pdf,3446,Data/input/finance_bills/Sweden/2017 download.pdf,,RISE Research Institutes of Sweden AB (RISE AB) - strategic competence funds,covered_by_final_series,,,"RISE created 2017 from SP, Swerea, Innventia and others. Predecessor SP dates to 1920."
2017,Research and Co-Financed Research,direct_rd,565776000.0,krona,SEK,line_item,2017 download.pdf,3388,Data/input/finance_bills/Sweden/2017 download.pdf,,Research and co-financed research,covered_by_final_series,,,Supports both independent and co-financed research projects.
2017,Research and Development Efforts in the Cultural Sector,direct_rd,39481000.0,krona,SEK,program_total,2017 download.pdf,2679,Data/input/finance_bills/Sweden/2017 download.pdf,,Appropriation,covered_by_final_series,,,"This funding supports R&D in the cultural sector, which is relevant."
2017,Research and Innovation in Business,innovation_instruments,30000000.0,krona,SEK,line_item,2017 download.pdf,2223,Data/input/finance_bills/Sweden/2017 download.pdf,,Research and innovation in the business sector,covered_by_final_series,,,Promotes R&D in the business sector.
2017,Research and Innovation on Accessibility Adaptation,innovation_instruments,15000000.0,krona,SEK,line_item,2017 download.pdf,3488,Data/input/finance_bills/Sweden/2017 download.pdf,,Research and innovation regarding accessibility adaptation,covered_by_final_series,,,Focuses on research and innovation for accessibility.
2017,Rymdstyrelsen,science_agency,551309000.0,krona,SEK,line_item,2017 download.pdf,2601,Data/input/finance_bills/Sweden/2017 download.pdf,,Fees to international organizations,covered_by_final_series,,,
2017,SMHI,science_agency,300000000.0,krona,SEK,line_item,2017 download.pdf,43,Data/input/finance_bills/Sweden/2017 download.pdf,,Swedish Meteorological and Hydrological Institute,covered_by_final_series,,,
2017,SSF (Stiftelsen for Strategisk Forskning),science_agency,675000000.0,krona,SEK,line_item,2017 download.pdf,2464,Data/input/finance_bills/Sweden/2017 download.pdf,,SSF,covered_by_final_series,,,
2017,"Sophiahemmet, Non-Profit Association - Research and Education",higher_education,81867000.0,krona,SEK,line_item,2017 download.pdf,2587,Data/input/finance_bills/Sweden/2017 download.pdf,,Sophiahemmet University - Research and Education,covered_by_final_series,,,"This entity supports research and education, indicating R&D relevance."
2017,Stockholm School of Economics - Research and Education,higher_education,78605000.0,krona,SEK,line_item,2017 download.pdf,2585,Data/input/finance_bills/Sweden/2017 download.pdf,,Stockholm School of Economics - Research and Education,covered_by_final_series,,,This entity supports research and education at the Stockholm School of Economics.
2017,Stockholms Universitet,higher_education,1580369000.0,krona,SEK,line_item,2017 download.pdf,2311,Data/input/finance_bills/Sweden/2017 download.pdf,,Research and Education at Doctoral Level,covered_by_final_series,,,
2017,"Strengthening Research, Technical Development and Innovation",direct_rd,4500000000.0,krona,SEK,line_item,2017 download.pdf,2924,Data/input/finance_bills/Sweden/2017 download.pdf,,"Strengthen research, technical development, and innovation",covered_by_final_series,,,This initiative is aimed at enhancing research and innovation.
2017,Support for Transition to a Low-Carbon Economy,innovation_instruments,2900000000.0,krona,SEK,line_item,2017 download.pdf,2924,Data/input/finance_bills/Sweden/2017 download.pdf,,Support the transition to a low-carbon economy,covered_by_final_series,,,This program supports R&D aimed at transitioning to a low-carbon economy.
2017,Support for energy-oriented basic research,direct_rd,52000000.0,krona,SEK,line_item,2017 download.pdf,3121,Data/input/finance_bills/Sweden/2017 download.pdf,,Support for energy-oriented basic research,covered_by_final_series,,,This entity supports basic research in energy.
2017,Swedish Transport Administration Research Institute,science_agency,48174000.0,krona,SEK,program_total,2017 download.pdf,3224,Data/input/finance_bills/Sweden/2017 download.pdf,,Total budget for Swedish Road and Transport Research Institute,covered_by_final_series,,,This entity is dedicated to research in transportation.
2017,Swedish University of Agricultural Sciences,higher_education,1820493000.0,krona,SEK,program_total,2017 download.pdf,3386,Data/input/finance_bills/Sweden/2017 download.pdf,,Appropriation for higher education and research,covered_by_final_series,,,This university conducts significant agricultural research.
2017,Total Budget for Energy Research,direct_rd,1420788000.0,krona,SEK,program_total,2017 download.pdf,3084,Data/input/finance_bills/Sweden/2017 download.pdf,,Total budget for energy research,covered_by_final_series,,,This budget is dedicated to energy research activities.
2017,Total Budget for Industrial Research and Innovation,innovation_instruments,,,,,,,,,,covered_by_final_series,,,gap: no matching rows in this year
2017,Total Budget for Research in Environmental and Societal Development,direct_rd,713003000.0,krona,SEK,program_total,2017 download.pdf,3075,Data/input/finance_bills/Sweden/2017 download.pdf,,Total budget for research in environmental and societal development,covered_by_final_series,,,Focuses on research related to environmental and societal issues.
2017,Total budget for research and research information,direct_rd,5844916000.0,krona,SEK,program_total,2017 download.pdf,2596,Data/input/finance_bills/Sweden/2017 download.pdf,,Total budget for research and research information,covered_by_final_series,,,This budget is directly related to research activities.
2017,Umea Universitet,higher_education,1082429000.0,krona,SEK,line_item,2017 download.pdf,2311,Data/input/finance_bills/Sweden/2017 download.pdf,,Research and Education at Doctoral Level,covered_by_final_series,,,
2017,Universiteterna (collective Sweden),higher_education,,,,,,,,,,covered_by_final_series,,,gap: no matching rows in this year
2017,Universities and Colleges,higher_education,20000000000.0,krona,SEK,program_total,2017 download.pdf,2311,Data/input/finance_bills/Sweden/2017 download.pdf,,Research and Education at Doctoral Level,covered_by_final_series,,,Funding for universities and colleges is inherently related to R&D activities.
2017,Uppsala Universitet,higher_education,2066943000.0,krona,SEK,line_item,2017 download.pdf,2311,Data/input/finance_bills/Sweden/2017 download.pdf,,Research and Education at Doctoral Level,covered_by_final_series,,,
2017,Utbildningsdepartementet / UO 16 (total),rd_ministry,72381263000.0,krona,SEK,section_total,2017 download.pdf,2313,Data/input/finance_bills/Sweden/2017 download.pdf,,Total budget for UO 16,covered_by_final_series,,,UO 16 section total (post-1994). Use only if individual lines unavailable.
2017,VINNOVA,science_agency,2300000000.0,krona,SEK,program_total,2017 download.pdf,3487,Data/input/finance_bills/Sweden/2017 download.pdf,,Research and Development,covered_by_final_series,,,Swedish innovation agency created 2001. UO 24 Näringsliv.
2017,Vetenskapsradet (VR),science_agency,5844916000.0,krona,SEK,line_item,2017 download.pdf,2596,Data/input/finance_bills/Sweden/2017 download.pdf,,Research and Research Information,covered_by_final_series,,,"Created 2001 from merger of NFR, TFR, MFR, HSFR, SJFR."
2018,1:3 Strategic Competence Funds for Institutes,innovation_instruments,,,,,,,,,,covered_by_final_series,,,gap: no matching rows in this year
2018,1:9 Geoscientific Research,direct_rd,,,,,,,,,,covered_by_final_series,,,gap: no matching rows in this year
2018,Allocation for Malmö University: Research and doctoral education,higher_education,236817000.0,krona,SEK,program_total,2018 budgetpropositionen-for-2018-hela-dokumentet-prop.-2017181.pdf,2850,Data/input/finance_bills/Sweden/2018 budgetpropositionen-for-2018-hela-dokumentet-prop.-2017181.pdf,,Allocated under appropriation 2:30 Malmö University: Research and Education at the Doctoral Level for 2018.,covered_by_final_series,,,Supports research and education at the doctoral level.
2018,Allocation for Mid Sweden University: Research and doctoral education,higher_education,244069000.0,krona,SEK,program_total,2018 budgetpropositionen-for-2018-hela-dokumentet-prop.-2017181.pdf,2849,Data/input/finance_bills/Sweden/2018 budgetpropositionen-for-2018-hela-dokumentet-prop.-2017181.pdf,,Allocated under appropriation 2:28 Mid Sweden University: Research and Education at the Doctoral Level for 2018.,covered_by_final_series,,,Supports research and education at the doctoral level.
2018,Appropriation for Expenditures for State Grants for Strategic Competence Funds for Industrial Research Institutes,innovation_instruments,740629000.0,krona,SEK,program_total,2018 budgetpropositionen-for-2018-hela-dokumentet-prop.-2017181.pdf,3787,Data/input/finance_bills/Sweden/2018 budgetpropositionen-for-2018-hela-dokumentet-prop.-2017181.pdf,,Appropriation for expenses for state grants for strategic competence funds for industrial research institutes.,covered_by_final_series,,,Supports strategic competence funding for industrial research.
2018,Artistic Research and Education at Doctoral Level,higher_education,50405000.0,krona,SEK,program_total,2018 budgetpropositionen-for-2018-hela-dokumentet-prop.-2017181.pdf,2856,Data/input/finance_bills/Sweden/2018 budgetpropositionen-for-2018-hela-dokumentet-prop.-2017181.pdf,,"The appropriation is proposed to increase by 50,405,000 kronor in 2018",covered_by_final_series,,,This program supports research and education at the doctoral level in the arts.
2018,Chalmers tekniska hogskola,higher_education,0.0,krona,SEK,line_item,2018 budgetpropositionen-for-2018-hela-dokumentet-prop.-2017181.pdf,3492,Data/input/finance_bills/Sweden/2018 budgetpropositionen-for-2018-hela-dokumentet-prop.-2017181.pdf,,Chalmers University of Technology,covered_by_final_series,,,
2018,Contribution to European Spallation Source ERIC (ESS),innovation_instruments,600000000000.0,krona,SEK,line_item,2018 budgetpropositionen-for-2018-hela-dokumentet-prop.-2017181.pdf,2597,Data/input/finance_bills/Sweden/2018 budgetpropositionen-for-2018-hela-dokumentet-prop.-2017181.pdf,,Contribution to European Spallation Source ERIC (ESS),covered_by_final_series,,,"This entity supports a major European research facility, making it highly relevant for R&D."
2018,Contribution to the Academy for Leadership and Theology for Research and Education at Doctoral Level,higher_education,720000000.0,krona,SEK,line_item,2018 budgetpropositionen-for-2018-hela-dokumentet-prop.-2017181.pdf,2885,Data/input/finance_bills/Sweden/2018 budgetpropositionen-for-2018-hela-dokumentet-prop.-2017181.pdf,,Grant to the Academy for Leadership and Theology for research and doctoral education,covered_by_final_series,,,Supports research and education at the doctoral level.
2018,Contribution to the Foundation Red Cross Home for Research and Education at Doctoral Level,higher_education,4563000000.0,krona,SEK,line_item,2018 budgetpropositionen-for-2018-hela-dokumentet-prop.-2017181.pdf,2886,Data/input/finance_bills/Sweden/2018 budgetpropositionen-for-2018-hela-dokumentet-prop.-2017181.pdf,,Grant to the Red Cross Foundation for research and doctoral education,covered_by_final_series,,,This funding supports research and education at the doctoral level.
2018,Development of Conditions for Innovation,innovation_instruments,72000.0,krona,SEK,line_item,2018 budgetpropositionen-for-2018-hela-dokumentet-prop.-2017181.pdf,3246,Data/input/finance_bills/Sweden/2018 budgetpropositionen-for-2018-hela-dokumentet-prop.-2017181.pdf,,Development of conditions for innovation,covered_by_final_series,,,"Focuses on fostering innovation, which is relevant to R&D."
2018,Energy Research and Innovation,direct_rd,1185000000.0,krona,SEK,program_total,2018 budgetpropositionen-for-2018-hela-dokumentet-prop.-2017181.pdf,3470,Data/input/finance_bills/Sweden/2018 budgetpropositionen-for-2018-hela-dokumentet-prop.-2017181.pdf,,Energy research and innovation,covered_by_final_series,,,This program focuses on energy research and innovation.
2018,Expenditures for Energy and Climate,direct_rd,1185000000.0,krona,SEK,section_total,2018 budgetpropositionen-for-2018-hela-dokumentet-prop.-2017181.pdf,3470,Data/input/finance_bills/Sweden/2018 budgetpropositionen-for-2018-hela-dokumentet-prop.-2017181.pdf,,Total appropriations for energy and climate research,covered_by_final_series,,,This funding is directed towards energy and climate research initiatives.
2018,FOI / FOA (Totalforsvaret forskningsinstitut),science_agency,180479000.0,krona,SEK,line_item,2018 budgetpropositionen-for-2018-hela-dokumentet-prop.-2017181.pdf,1767,Data/input/finance_bills/Sweden/2018 budgetpropositionen-for-2018-hela-dokumentet-prop.-2017181.pdf,,Total Defence Research Institute,covered_by_final_series,,,FOA renamed FOI in 2001.
2018,Formas,science_agency,841000000.0,krona,SEK,line_item,2018 budgetpropositionen-for-2018-hela-dokumentet-prop.-2017181.pdf,3426,Data/input/finance_bills/Sweden/2018 budgetpropositionen-for-2018-hela-dokumentet-prop.-2017181.pdf,,Research,covered_by_final_series,,,
2018,Forte,science_agency,606503000.0,krona,SEK,line_item,2018 budgetpropositionen-for-2018-hela-dokumentet-prop.-2017181.pdf,784,Data/input/finance_bills/Sweden/2018 budgetpropositionen-for-2018-hela-dokumentet-prop.-2017181.pdf,,"Research Council for Health, Working Life and Welfare: Research",covered_by_final_series,,,FAS until 2013 when renamed Forte.
2018,Foundation for Agricultural Research,science_agency,20000000000.0,krona,SEK,line_item,2018 budgetpropositionen-for-2018-hela-dokumentet-prop.-2017181.pdf,3429,Data/input/finance_bills/Sweden/2018 budgetpropositionen-for-2018-hela-dokumentet-prop.-2017181.pdf,,Foundation for Agricultural Research (SLF),covered_by_final_series,,,This foundation is dedicated to agricultural research.
2018,Foundation for Agricultural and Environmental Technology (JTI),science_agency,8500000000.0,krona,SEK,line_item,2018 budgetpropositionen-for-2018-hela-dokumentet-prop.-2017181.pdf,3429,Data/input/finance_bills/Sweden/2018 budgetpropositionen-for-2018-hela-dokumentet-prop.-2017181.pdf,,Foundation for Agricultural and Environmental Technology (JTI),covered_by_final_series,,,Focuses on agricultural and environmental research.
2018,Foundation for Forestry Research (Skogforsk),direct_rd,38000000000.0,krona,SEK,line_item,2018 budgetpropositionen-for-2018-hela-dokumentet-prop.-2017181.pdf,3429,Data/input/finance_bills/Sweden/2018 budgetpropositionen-for-2018-hela-dokumentet-prop.-2017181.pdf,,Foundation for Forestry Research (Skogforsk),covered_by_final_series,,,Supports forestry-related research and development.
2018,Foundation for Water and Air Quality Research,science_agency,25000000000.0,krona,SEK,line_item,2018 budgetpropositionen-for-2018-hela-dokumentet-prop.-2017181.pdf,3429,Data/input/finance_bills/Sweden/2018 budgetpropositionen-for-2018-hela-dokumentet-prop.-2017181.pdf,,Foundation for Water and Air Quality Research,covered_by_final_series,,,"This foundation is dedicated to research in environmental quality, indicating R&D relevance."
2018,Funding for Compensation to Universities for Research and Education at Doctoral Level,higher_education,113742000.0,krona,SEK,line_item,2018 budgetpropositionen-for-2018-hela-dokumentet-prop.-2017181.pdf,2854,Data/input/finance_bills/Sweden/2018 budgetpropositionen-for-2018-hela-dokumentet-prop.-2017181.pdf,,The appropriation may be used for compensation to the university for research and education at doctoral level.,covered_by_final_series,,,This funding is designated for research and education at the doctoral level in universities.
2018,Funding for Financial Market Research,direct_rd,,,,,,,,,,covered_by_final_series,,,gap: no matching rows in this year
2018,Funding for Research and Education at the Swedish Defence University,higher_education,20776000.0,krona,SEK,line_item,2018 budgetpropositionen-for-2018-hela-dokumentet-prop.-2017181.pdf,2882,Data/input/finance_bills/Sweden/2018 budgetpropositionen-for-2018-hela-dokumentet-prop.-2017181.pdf,,The appropriation may be used for compensation to the Swedish Defence University for research and education at the doctoral level.,covered_by_final_series,,,This funding is designated for research and education at the doctoral level in defense studies.
2018,Funding for the Swedish Environmental Protection Agency,innovation_instruments,590938000.0,krona,SEK,program_total,2018 budgetpropositionen-for-2018-hela-dokumentet-prop.-2017181.pdf,3397,Data/input/finance_bills/Sweden/2018 budgetpropositionen-for-2018-hela-dokumentet-prop.-2017181.pdf,,Appropriation 1:1 Swedish Environmental Protection Agency,covered_by_final_series,,,This funding supports environmental research initiatives.
2018,Goteborgs Universitet,higher_education,2123478000.0,krona,SEK,program_total,2018 budgetpropositionen-for-2018-hela-dokumentet-prop.-2017181.pdf,2822,Data/input/finance_bills/Sweden/2018 budgetpropositionen-for-2018-hela-dokumentet-prop.-2017181.pdf,,Proposed budget for education at the undergraduate and advanced level,covered_by_final_series,,,
2018,Grant for Compensation to University for Research and Education at Doctoral Level,higher_education,,,,,,,,,,covered_by_final_series,,,gap: no matching rows in this year
2018,Grant for Research and Education at Doctoral Level,direct_rd,3344601000.0,krona,SEK,line_item,2018 budgetpropositionen-for-2018-hela-dokumentet-prop.-2017181.pdf,2883,Data/input/finance_bills/Sweden/2018 budgetpropositionen-for-2018-hela-dokumentet-prop.-2017181.pdf,,The appropriation may be used for expenses for state grants for research and education at the doctoral level.,covered_by_final_series,,,This grant supports research and education at the doctoral level.
2018,Grant for the Swedish National Road and Transport Research Institute,science_agency,53540000.0,krona,SEK,program_total,2018 budgetpropositionen-for-2018-hela-dokumentet-prop.-2017181.pdf,3587,Data/input/finance_bills/Sweden/2018 budgetpropositionen-for-2018-hela-dokumentet-prop.-2017181.pdf,,Appropriation for the Swedish National Road and Transport Research Institute,covered_by_final_series,,,This funding supports a research institute focused on road and transport research.
2018,Grant to Newman Institute AB for Research and Education at Doctoral Level,higher_education,800000000.0,krona,SEK,line_item,2018 budgetpropositionen-for-2018-hela-dokumentet-prop.-2017181.pdf,2887,Data/input/finance_bills/Sweden/2018 budgetpropositionen-for-2018-hela-dokumentet-prop.-2017181.pdf,,Grant to Newman Institute AB for research and doctoral education,covered_by_final_series,,,This grant supports research and education at a doctoral level.
2018,Grant to Sophiahemmet for Research and Education at Doctoral Level,direct_rd,2234000000.0,krona,SEK,line_item,2018 budgetpropositionen-for-2018-hela-dokumentet-prop.-2017181.pdf,2887,Data/input/finance_bills/Sweden/2018 budgetpropositionen-for-2018-hela-dokumentet-prop.-2017181.pdf,,Grant to Sophiahemmet for research and doctoral education,covered_by_final_series,,,Funding is allocated for research and education at a doctoral level.
2018,Grant to Stockholm School of Economics for Education and Research,higher_education,92916000000.0,krona,SEK,line_item,2018 budgetpropositionen-for-2018-hela-dokumentet-prop.-2017181.pdf,2884,Data/input/finance_bills/Sweden/2018 budgetpropositionen-for-2018-hela-dokumentet-prop.-2017181.pdf,,Grant to the Stockholm School of Economics for education and research,covered_by_final_series,,,"This grant supports education and research at a prominent institution, relevant for R&D."
2018,Grant to Theological University College Stockholm AB for Research and Education at Doctoral Level,higher_education,1592000000.0,krona,SEK,line_item,2018 budgetpropositionen-for-2018-hela-dokumentet-prop.-2017181.pdf,2885,Data/input/finance_bills/Sweden/2018 budgetpropositionen-for-2018-hela-dokumentet-prop.-2017181.pdf,,Grant to the Theological School of Stockholm for research and doctoral education,covered_by_final_series,,,This grant supports research and education at the doctoral level.
2018,Grant to the Foundation of Jönköping University for Research and Education at Doctoral Level,higher_education,115912000000.0,krona,SEK,line_item,2018 budgetpropositionen-for-2018-hela-dokumentet-prop.-2017181.pdf,2884,Data/input/finance_bills/Sweden/2018 budgetpropositionen-for-2018-hela-dokumentet-prop.-2017181.pdf,,Grant to the Jönköping University Foundation for research and doctoral education,covered_by_final_series,,,This grant supports research and education at the doctoral level.
2018,Grants for Business Development and Innovation,innovation_instruments,309472000.0,krona,SEK,program_total,2018 budgetpropositionen-for-2018-hela-dokumentet-prop.-2017181.pdf,3800,Data/input/finance_bills/Sweden/2018 budgetpropositionen-for-2018-hela-dokumentet-prop.-2017181.pdf,,"The appropriation may be used for expenses for state grants to Almi Företagspartner AB, for market-complementary financing and business consulting.",covered_by_final_series,,,"This grant supports business development and innovation, relevant to R&D."
2018,Grants for Expenditures for Needs-Driven Research and Development Activities,direct_rd,2915255000.0,krona,SEK,program_total,2018 budgetpropositionen-for-2018-hela-dokumentet-prop.-2017181.pdf,3786,Data/input/finance_bills/Sweden/2018 budgetpropositionen-for-2018-hela-dokumentet-prop.-2017181.pdf,,Appropriation for expenses for need-driven research and development activities.,covered_by_final_series,,,"This funding supports expenditures related to needs-driven R&D, confirming its relevance."
2018,Investment in Research and Development of Biofuels for Aviation,direct_rd,100000000.0,krona,SEK,line_item,2018 budgetpropositionen-for-2018-hela-dokumentet-prop.-2017181.pdf,3559,Data/input/finance_bills/Sweden/2018 budgetpropositionen-for-2018-hela-dokumentet-prop.-2017181.pdf,,Investment in research and development of biofuels for aviation,covered_by_final_series,,,This is focused on R&D for biofuels in aviation.
2018,Karolinska Institutet,higher_education,1559586000.0,krona,SEK,line_item,2018 budgetpropositionen-for-2018-hela-dokumentet-prop.-2017181.pdf,2834,Data/input/finance_bills/Sweden/2018 budgetpropositionen-for-2018-hela-dokumentet-prop.-2017181.pdf,,Allocated 2018,covered_by_final_series,,,
2018,Kungliga Tekniska Hogskolan (KTH),higher_education,1545942000.0,krona,SEK,program_total,2018 budgetpropositionen-for-2018-hela-dokumentet-prop.-2017181.pdf,2836,Data/input/finance_bills/Sweden/2018 budgetpropositionen-for-2018-hela-dokumentet-prop.-2017181.pdf,,Research and Education at Doctoral Level,covered_by_final_series,,,
2018,Linkoepings Universitet,higher_education,886763000.0,krona,SEK,line_item,2018 budgetpropositionen-for-2018-hela-dokumentet-prop.-2017181.pdf,2832,Data/input/finance_bills/Sweden/2018 budgetpropositionen-for-2018-hela-dokumentet-prop.-2017181.pdf,,Allocated 2018,covered_by_final_series,,,
2018,Lunds Universitet,higher_education,2193198000.0,krona,SEK,line_item,2018 budgetpropositionen-for-2018-hela-dokumentet-prop.-2017181.pdf,2822,Data/input/finance_bills/Sweden/2018 budgetpropositionen-for-2018-hela-dokumentet-prop.-2017181.pdf,,Appropriation for research and education at doctoral level,covered_by_final_series,,,
2018,Naringsdepartementet / UO 24 (total),rd_ministry,800000000.0,krona,SEK,section_total,2018 budgetpropositionen-for-2018-hela-dokumentet-prop.-2017181.pdf,3047,Data/input/finance_bills/Sweden/2018 budgetpropositionen-for-2018-hela-dokumentet-prop.-2017181.pdf,,Total budget for UO 24,covered_by_final_series,,,UO 24 section total. Contains VINNOVA and industrial R&D. Use only if individual lines unavailable.
2018,"Promotion of Collaboration, Knowledge Development, and Knowledge Exchange",innovation_instruments,109000.0,krona,SEK,line_item,2018 budgetpropositionen-for-2018-hela-dokumentet-prop.-2017181.pdf,3246,Data/input/finance_bills/Sweden/2018 budgetpropositionen-for-2018-hela-dokumentet-prop.-2017181.pdf,,"Promotion of collaboration, knowledge development, and knowledge exchange",covered_by_final_series,,,"This initiative promotes collaboration and knowledge exchange, relevant to R&D."
2018,"Promotion of Eco-friendly Services, Products, and Production Processes in SMEs",innovation_instruments,28000.0,krona,SEK,line_item,2018 budgetpropositionen-for-2018-hela-dokumentet-prop.-2017181.pdf,3246,Data/input/finance_bills/Sweden/2018 budgetpropositionen-for-2018-hela-dokumentet-prop.-2017181.pdf,,"Promotion of environmentally friendly services, products, and production processes in small and medium-sized enterprises",covered_by_final_series,,,Supports R&D in sustainable practices for SMEs.
2018,Proposed Budget for Doctoral Level Research and Education,higher_education,2193198000.0,krona,SEK,program_total,2018 budgetpropositionen-for-2018-hela-dokumentet-prop.-2017181.pdf,2822,Data/input/finance_bills/Sweden/2018 budgetpropositionen-for-2018-hela-dokumentet-prop.-2017181.pdf,,Proposed budget for research and education at doctoral level,covered_by_final_series,,,This budget is aimed at doctoral level research and education.
2018,R&D Activities in Research Centers,direct_rd,27000.0,krona,SEK,line_item,2018 budgetpropositionen-for-2018-hela-dokumentet-prop.-2017181.pdf,3246,Data/input/finance_bills/Sweden/2018 budgetpropositionen-for-2018-hela-dokumentet-prop.-2017181.pdf,,R&D activities in research centers,covered_by_final_series,,,Directly related to research and development activities.
2018,RISE (Research Institutes of Sweden),science_agency,100000000.0,krona,SEK,line_item,2018 budgetpropositionen-for-2018-hela-dokumentet-prop.-2017181.pdf,3780,Data/input/finance_bills/Sweden/2018 budgetpropositionen-for-2018-hela-dokumentet-prop.-2017181.pdf,,RISE - State grant,covered_by_final_series,,,"RISE created 2017 from SP, Swerea, Innventia and others. Predecessor SP dates to 1920."
2018,Research Proposal: Distribution of New Research Grants,direct_rd,16904000.0,krona,SEK,line_item,2018 budgetpropositionen-for-2018-hela-dokumentet-prop.-2017181.pdf,3718,Data/input/finance_bills/Sweden/2018 budgetpropositionen-for-2018-hela-dokumentet-prop.-2017181.pdf,,Research proposal: distribution of new research grants,covered_by_final_series,,,Involves the distribution of research funding.
2018,Research and Co-Financed Research,direct_rd,598164000.0,krona,SEK,program_total,2018 budgetpropositionen-for-2018-hela-dokumentet-prop.-2017181.pdf,3719,Data/input/finance_bills/Sweden/2018 budgetpropositionen-for-2018-hela-dokumentet-prop.-2017181.pdf,,Research and Co-financed Research,covered_by_final_series,,,Supports both independent and co-financed research projects.
2018,Research and Development Efforts in the Cultural Sector,direct_rd,45153000.0,krona,SEK,program_total,2018 budgetpropositionen-for-2018-hela-dokumentet-prop.-2017181.pdf,2982,Data/input/finance_bills/Sweden/2018 budgetpropositionen-for-2018-hela-dokumentet-prop.-2017181.pdf,,The appropriation may be used for expenses for research and development initiatives in the cultural sector.,covered_by_final_series,,,"This funding supports R&D in the cultural sector, which is relevant."
2018,Research and Documentation on Media Development,science_agency,3817000.0,krona,SEK,line_item,2018 budgetpropositionen-for-2018-hela-dokumentet-prop.-2017181.pdf,3077,Data/input/finance_bills/Sweden/2018 budgetpropositionen-for-2018-hela-dokumentet-prop.-2017181.pdf,,Research and documentation on media development,covered_by_final_series,,,"Focuses on media development research, indicating R&D relevance."
2018,Research and Research Information for 2018,direct_rd,6007846000.0,krona,SEK,line_item,2018 budgetpropositionen-for-2018-hela-dokumentet-prop.-2017181.pdf,2898,Data/input/finance_bills/Sweden/2018 budgetpropositionen-for-2018-hela-dokumentet-prop.-2017181.pdf,,Research and Research Information for 2018,covered_by_final_series,,,This entity is directly related to research funding.
2018,Research for Geoscientific Basic and Applied Research,direct_rd,5923000.0,krona,SEK,line_item,2018 budgetpropositionen-for-2018-hela-dokumentet-prop.-2017181.pdf,3793,Data/input/finance_bills/Sweden/2018 budgetpropositionen-for-2018-hela-dokumentet-prop.-2017181.pdf,,Research for geoscientific basic and applied research,covered_by_final_series,,,This program supports both basic and applied geoscientific research.
2018,Rymdstyrelsen,science_agency,947356000.0,krona,SEK,line_item,2018 budgetpropositionen-for-2018-hela-dokumentet-prop.-2017181.pdf,2600,Data/input/finance_bills/Sweden/2018 budgetpropositionen-for-2018-hela-dokumentet-prop.-2017181.pdf,,Space research and space activities,covered_by_final_series,,,
2018,SMHI,science_agency,2000000000.0,krona,SEK,line_item,2018 budgetpropositionen-for-2018-hela-dokumentet-prop.-2017181.pdf,22,Data/input/finance_bills/Sweden/2018 budgetpropositionen-for-2018-hela-dokumentet-prop.-2017181.pdf,,Appropriation to SMHI for environmental research,covered_by_final_series,,,
2018,SSF (Stiftelsen for Strategisk Forskning),science_agency,706000000.0,krona,SEK,line_item,2018 budgetpropositionen-for-2018-hela-dokumentet-prop.-2017181.pdf,2748,Data/input/finance_bills/Sweden/2018 budgetpropositionen-for-2018-hela-dokumentet-prop.-2017181.pdf,,SSF,covered_by_final_series,,,
2018,Stockholm Environment Institute,science_agency,30000000000.0,krona,SEK,line_item,2018 budgetpropositionen-for-2018-hela-dokumentet-prop.-2017181.pdf,3429,Data/input/finance_bills/Sweden/2018 budgetpropositionen-for-2018-hela-dokumentet-prop.-2017181.pdf,,Stockholm Environment Institute (SEI),covered_by_final_series,,,A leading research institute focused on environmental issues.
2018,Stockholms Universitet,higher_education,1580369000.0,krona,SEK,line_item,2018 budgetpropositionen-for-2018-hela-dokumentet-prop.-2017181.pdf,2827,Data/input/finance_bills/Sweden/2018 budgetpropositionen-for-2018-hela-dokumentet-prop.-2017181.pdf,,Allocated 2017,covered_by_final_series,,,
2018,Swedish Energy Agency - Research and Innovation in the Energy Sector,science_agency,1185000000.0,krona,SEK,line_item,2018 budgetpropositionen-for-2018-hela-dokumentet-prop.-2017181.pdf,3470,Data/input/finance_bills/Sweden/2018 budgetpropositionen-for-2018-hela-dokumentet-prop.-2017181.pdf,,Swedish Energy Agency - Research and innovation in the energy sector,covered_by_final_series,,,This agency is dedicated to energy research and innovation.
2018,Swedish Transport Administration Research Institute,science_agency,,,,,,,,,,covered_by_final_series,,,gap: no matching rows in this year
2018,Swedish University of Agricultural Sciences,higher_education,16904000.0,krona,SEK,line_item,2018 budgetpropositionen-for-2018-hela-dokumentet-prop.-2017181.pdf,3718,Data/input/finance_bills/Sweden/2018 budgetpropositionen-for-2018-hela-dokumentet-prop.-2017181.pdf,,Research proposal: distribution of new research grants,covered_by_final_series,,,This university conducts significant agricultural research.
2018,Total Budget for Industrial Research and Innovation,innovation_instruments,,,,,,,,,,covered_by_final_series,,,gap: no matching rows in this year
2018,Total budget for research and research information,direct_rd,,,,,,,,,,covered_by_final_series,,,gap: no matching rows in this year
2018,Total budget for the Geological Survey of Sweden,science_agency,239005000.0,krona,SEK,program_total,2018 budgetpropositionen-for-2018-hela-dokumentet-prop.-2017181.pdf,3792,Data/input/finance_bills/Sweden/2018 budgetpropositionen-for-2018-hela-dokumentet-prop.-2017181.pdf,,Total budget for Swedish Geological Survey,covered_by_final_series,,,Supports geological research and surveys.
2018,Umea Universitet,higher_education,1082429000.0,krona,SEK,line_item,2018 budgetpropositionen-for-2018-hela-dokumentet-prop.-2017181.pdf,2830,Data/input/finance_bills/Sweden/2018 budgetpropositionen-for-2018-hela-dokumentet-prop.-2017181.pdf,,Allocated 2017,covered_by_final_series,,,
2018,Universiteterna (collective Sweden),higher_education,,,,,,,,,,covered_by_final_series,,,gap: no matching rows in this year
2018,Universities and Colleges,higher_education,732248000.0,krona,SEK,program_total,2018 budgetpropositionen-for-2018-hela-dokumentet-prop.-2017181.pdf,2890,Data/input/finance_bills/Sweden/2018 budgetpropositionen-for-2018-hela-dokumentet-prop.-2017181.pdf,,Proposal,covered_by_final_series,,,Funding for universities and colleges is inherently related to R&D activities.
2018,Uppsala Universitet,higher_education,2131629000.0,krona,SEK,line_item,2018 budgetpropositionen-for-2018-hela-dokumentet-prop.-2017181.pdf,2820,Data/input/finance_bills/Sweden/2018 budgetpropositionen-for-2018-hela-dokumentet-prop.-2017181.pdf,,Appropriation for research and education at doctoral level,covered_by_final_series,,,
2018,Utbildningsdepartementet / UO 16 (total),rd_ministry,60000000000.0,krona,SEK,section_total,2018 budgetpropositionen-for-2018-hela-dokumentet-prop.-2017181.pdf,2739,Data/input/finance_bills/Sweden/2018 budgetpropositionen-for-2018-hela-dokumentet-prop.-2017181.pdf,,Total appropriation for expenditure area 16,covered_by_final_series,,,UO 16 section total (post-1994). Use only if individual lines unavailable.
2018,Utilization of Research,innovation_instruments,101000000.0,krona,SEK,line_item,2018 budgetpropositionen-for-2018-hela-dokumentet-prop.-2017181.pdf,2756,Data/input/finance_bills/Sweden/2018 budgetpropositionen-for-2018-hela-dokumentet-prop.-2017181.pdf,,Utilization of Research,covered_by_final_series,,,This program focuses on the application of research outcomes.
2018,VINNOVA,science_agency,3000000000.0,krona,SEK,line_item,2018 budgetpropositionen-for-2018-hela-dokumentet-prop.-2017181.pdf,22,Data/input/finance_bills/Sweden/2018 budgetpropositionen-for-2018-hela-dokumentet-prop.-2017181.pdf,,Appropriation to VINNOVA for innovation research,covered_by_final_series,,,Swedish innovation agency created 2001. UO 24 Näringsliv.
2018,Vetenskapsradet (VR),science_agency,600000000000.0,krona,SEK,line_item,2018 budgetpropositionen-for-2018-hela-dokumentet-prop.-2017181.pdf,2597,Data/input/finance_bills/Sweden/2018 budgetpropositionen-for-2018-hela-dokumentet-prop.-2017181.pdf,,Contribution to European Spallation Source ERIC (ESS),covered_by_final_series,,,"Created 2001 from merger of NFR, TFR, MFR, HSFR, SJFR."
2019,1:3 Strategic Competence Funds for Institutes,innovation_instruments,,,,,,,,,,covered_by_final_series,,,gap: no matching rows in this year
2019,1:4 Energy Research,direct_rd,1478000.0,krona,SEK,line_item,2019 budgetpropositionen-for-2019-hela-dokumentet-prop.-2018191.pdf,1995,Data/input/finance_bills/Sweden/2019 budgetpropositionen-for-2019-hela-dokumentet-prop.-2018191.pdf,,Energy Research,covered_by_final_series,,,This program focuses on energy research initiatives.
2019,1:9 Geoscientific Research,direct_rd,,,,,,,,,,covered_by_final_series,,,gap: no matching rows in this year
2019,Allocated Funds for Research and Innovation Projects,innovation_instruments,3200000.0,krona,SEK,line_item,2019 budgetpropositionen-for-2019-hela-dokumentet-prop.-2018191.pdf,2260,Data/input/finance_bills/Sweden/2019 budgetpropositionen-for-2019-hela-dokumentet-prop.-2018191.pdf,,Granted funds for research and innovation projects,covered_by_final_series,,,This funding is directed towards research and innovation projects.
2019,Allocated under appropriation 3:6 Institute of Space Physics for 2019,science_agency,56188000.0,krona,SEK,line_item,2019 budgetpropositionen-for-2019-hela-dokumentet-prop.-2018191.pdf,1525,Data/input/finance_bills/Sweden/2019 budgetpropositionen-for-2019-hela-dokumentet-prop.-2018191.pdf,,Allocated under appropriation 3:6 Institute of Space Physics for 2019,covered_by_final_series,,,This funding is specifically for a research institute.
2019,Appropriation for planning efforts for wind power,direct_rd,85000000.0,krona,SEK,line_item,2019 budgetpropositionen-for-2019-hela-dokumentet-prop.-2018191.pdf,2029,Data/input/finance_bills/Sweden/2019 budgetpropositionen-for-2019-hela-dokumentet-prop.-2018191.pdf,,Appropriation for planning efforts for wind power,covered_by_final_series,,,This entity is related to funding for wind power research and planning.
2019,Artistic Research and Education at Doctoral Level,higher_education,51040000.0,krona,SEK,program_total,2019 budgetpropositionen-for-2019-hela-dokumentet-prop.-2018191.pdf,1489,Data/input/finance_bills/Sweden/2019 budgetpropositionen-for-2019-hela-dokumentet-prop.-2018191.pdf,,Artistic research and education at doctoral level,covered_by_final_series,,,This program supports research and education at the doctoral level in the arts.
2019,Capital contribution to university-linked holding companies,innovation_instruments,11000000.0,krona,SEK,line_item,2019 budgetpropositionen-for-2019-hela-dokumentet-prop.-2018191.pdf,1528,Data/input/finance_bills/Sweden/2019 budgetpropositionen-for-2019-hela-dokumentet-prop.-2018191.pdf,,Capital contribution to holding companies linked to universities for financing idea bank funds,covered_by_final_series,,,Facilitates funding for innovative ideas through university connections.
2019,Chalmers tekniska hogskola,higher_education,854000000.0,krona,SEK,line_item,2019 budgetpropositionen-for-2019-hela-dokumentet-prop.-2018191.pdf,1417,Data/input/finance_bills/Sweden/2019 budgetpropositionen-for-2019-hela-dokumentet-prop.-2018191.pdf,,Chalmers University of Technology - Appropriation for research and education at doctoral level,covered_by_final_series,,,
2019,Contribution to European Spallation Source ERIC (ESS),innovation_instruments,700000000000.0,krona,SEK,line_item,2019 budgetpropositionen-for-2019-hela-dokumentet-prop.-2018191.pdf,1311,Data/input/finance_bills/Sweden/2019 budgetpropositionen-for-2019-hela-dokumentet-prop.-2018191.pdf,,Grants to European Spallation Source ERIC (ESS),covered_by_final_series,,,"This entity supports a major European research facility, making it highly relevant for R&D."
2019,Disbursed Funds from the Wildlife Research Grant,direct_rd,18000000.0,krona,SEK,line_item,2019 budgetpropositionen-for-2019-hela-dokumentet-prop.-2018191.pdf,1954,Data/input/finance_bills/Sweden/2019 budgetpropositionen-for-2019-hela-dokumentet-prop.-2018191.pdf,,Disbursed funds from the wildlife research appropriation (thousand SEK),covered_by_final_series,,,Involves funding for wildlife research.
2019,EU projects at industrial research institutes,direct_rd,247000000.0,krona,SEK,line_item,2019 budgetpropositionen-for-2019-hela-dokumentet-prop.-2018191.pdf,2262,Data/input/finance_bills/Sweden/2019 budgetpropositionen-for-2019-hela-dokumentet-prop.-2018191.pdf,,EU projects at industrial research institutes account for 247 million kronor in revenues.,covered_by_final_series,,,Involves EU-funded projects that support industrial research.
2019,European Spallation Source (ESS),science_agency,5800000000.0,krona,SEK,line_item,2019 budgetpropositionen-for-2019-hela-dokumentet-prop.-2018191.pdf,1434,Data/input/finance_bills/Sweden/2019 budgetpropositionen-for-2019-hela-dokumentet-prop.-2018191.pdf,,The European Spallation Source (ESS) is currently being built in Lund.,covered_by_final_series,,,The ESS is a major research facility for neutron scattering.
2019,FOI / FOA (Totalforsvaret forskningsinstitut),science_agency,180638.0,krona,SEK,line_item,2019 budgetpropositionen-for-2019-hela-dokumentet-prop.-2018191.pdf,184,Data/input/finance_bills/Sweden/2019 budgetpropositionen-for-2019-hela-dokumentet-prop.-2018191.pdf,,Totalförsvarets forskningsinstitut,covered_by_final_series,,,FOA renamed FOI in 2001.
2019,Fees to International Research Organizations,innovation_instruments,360061000.0,krona,SEK,line_item,2019 budgetpropositionen-for-2019-hela-dokumentet-prop.-2018191.pdf,1521,Data/input/finance_bills/Sweden/2019 budgetpropositionen-for-2019-hela-dokumentet-prop.-2018191.pdf,,Fees to international research organizations,covered_by_final_series,,,This funding supports participation in international research initiatives.
2019,Formas,science_agency,841408000.0,krona,SEK,line_item,2019 budgetpropositionen-for-2019-hela-dokumentet-prop.-2018191.pdf,1958,Data/input/finance_bills/Sweden/2019 budgetpropositionen-for-2019-hela-dokumentet-prop.-2018191.pdf,,Appropriation,covered_by_final_series,,,
2019,Forte,science_agency,601503000.0,krona,SEK,line_item,2019 budgetpropositionen-for-2019-hela-dokumentet-prop.-2018191.pdf,971,Data/input/finance_bills/Sweden/2019 budgetpropositionen-for-2019-hela-dokumentet-prop.-2018191.pdf,,Research,covered_by_final_series,,,FAS until 2013 when renamed Forte.
2019,Funding for Compensation to Universities for Research and Education at Doctoral Level,higher_education,,,,,,,,,,covered_by_final_series,,,gap: no matching rows in this year
2019,Funding for Energy Research,direct_rd,1477723000.0,krona,SEK,line_item,2019 budgetpropositionen-for-2019-hela-dokumentet-prop.-2018191.pdf,2028,Data/input/finance_bills/Sweden/2019 budgetpropositionen-for-2019-hela-dokumentet-prop.-2018191.pdf,,Appropriation for energy research,covered_by_final_series,,,This funding is specifically allocated for energy research.
2019,Funding for Financial Market Research,direct_rd,29921000.0,krona,SEK,line_item,2019 budgetpropositionen-for-2019-hela-dokumentet-prop.-2018191.pdf,401,Data/input/finance_bills/Sweden/2019 budgetpropositionen-for-2019-hela-dokumentet-prop.-2018191.pdf,,Appropriation for financial market research,covered_by_final_series,,,This funding is specifically for research in financial markets.
2019,Funding for SGI's Research and Development,direct_rd,19000000.0,krona,SEK,line_item,2019 budgetpropositionen-for-2019-hela-dokumentet-prop.-2018191.pdf,1955,Data/input/finance_bills/Sweden/2019 budgetpropositionen-for-2019-hela-dokumentet-prop.-2018191.pdf,,For SGI's research and development (R&D) allocated (thousand SEK),covered_by_final_series,,,This funding is allocated for research and development at SGI.
2019,Funding for the Swedish Environmental Protection Agency,innovation_instruments,625452000.0,krona,SEK,program_total,2019 budgetpropositionen-for-2019-hela-dokumentet-prop.-2018191.pdf,1924,Data/input/finance_bills/Sweden/2019 budgetpropositionen-for-2019-hela-dokumentet-prop.-2018191.pdf,,Appropriation 1:1 Swedish Environmental Protection Agency,covered_by_final_series,,,This funding supports environmental research initiatives.
2019,Goteborgs Universitet,higher_education,1578532000.0,krona,SEK,program_total,2019 budgetpropositionen-for-2019-hela-dokumentet-prop.-2018191.pdf,1467,Data/input/finance_bills/Sweden/2019 budgetpropositionen-for-2019-hela-dokumentet-prop.-2018191.pdf,,Proposed budget for research and education at doctoral level,covered_by_final_series,,,
2019,Grant for Compensation to University for Research and Education at Doctoral Level,higher_education,,,,,,,,,,covered_by_final_series,,,gap: no matching rows in this year
2019,Grants for Business Development and Innovation,innovation_instruments,309472000.0,krona,SEK,line_item,2019 budgetpropositionen-for-2019-hela-dokumentet-prop.-2018191.pdf,195,Data/input/finance_bills/Sweden/2019 budgetpropositionen-for-2019-hela-dokumentet-prop.-2018191.pdf,,Grants for business development and innovation,covered_by_final_series,,,"This grant supports business development and innovation, relevant to R&D."
2019,Karolinska Institutet,higher_education,1579228000000.0,krona,SEK,line_item,2019 budgetpropositionen-for-2019-hela-dokumentet-prop.-2018191.pdf,1473,Data/input/finance_bills/Sweden/2019 budgetpropositionen-for-2019-hela-dokumentet-prop.-2018191.pdf,,"Proposed appropriation level and estimated appropriation level
The government proposes that 1,579,228,000 kronor be allocated under the appropriation 2:16 Karolinska Institute: Research and Education at Doctoral Level for 2019.",covered_by_final_series,,,
2019,Kungliga Tekniska Hogskolan (KTH),higher_education,1565411000.0,krona,SEK,line_item,2019 budgetpropositionen-for-2019-hela-dokumentet-prop.-2018191.pdf,1476,Data/input/finance_bills/Sweden/2019 budgetpropositionen-for-2019-hela-dokumentet-prop.-2018191.pdf,,Research and education at doctoral level,covered_by_final_series,,,
2019,Linkoepings Universitet,higher_education,897931000000.0,krona,SEK,line_item,2019 budgetpropositionen-for-2019-hela-dokumentet-prop.-2018191.pdf,1472,Data/input/finance_bills/Sweden/2019 budgetpropositionen-for-2019-hela-dokumentet-prop.-2018191.pdf,,"Proposed appropriation level and estimated appropriation level
The government proposes that 897,931,000 kronor be allocated under the appropriation 2:14 Linköping University: Research and Education at Doctoral Level for 2019.",covered_by_final_series,,,
2019,Lunds Universitet,higher_education,2220820000.0,krona,SEK,line_item,2019 budgetpropositionen-for-2019-hela-dokumentet-prop.-2018191.pdf,1465,Data/input/finance_bills/Sweden/2019 budgetpropositionen-for-2019-hela-dokumentet-prop.-2018191.pdf,,Appropriation for research and education at doctoral level at Lund University,covered_by_final_series,,,
2019,Membership Fee to ACTRIS-ERIC,innovation_instruments,2500000000.0,krona,SEK,line_item,2019 budgetpropositionen-for-2019-hela-dokumentet-prop.-2018191.pdf,1311,Data/input/finance_bills/Sweden/2019 budgetpropositionen-for-2019-hela-dokumentet-prop.-2018191.pdf,,Membership fee to ACTRIS-ERIC,covered_by_final_series,,,Contributes to the European research infrastructure for atmospheric composition.
2019,Membership Fee to BBMRI-ERIC,innovation_instruments,2500000000.0,krona,SEK,line_item,2019 budgetpropositionen-for-2019-hela-dokumentet-prop.-2018191.pdf,1311,Data/input/finance_bills/Sweden/2019 budgetpropositionen-for-2019-hela-dokumentet-prop.-2018191.pdf,,Membership fee to BBMRI-ERIC,covered_by_final_series,,,Supports the European biobanking and biomolecular resources infrastructure.
2019,Membership Fee to CESSDA-ERIC,innovation_instruments,2500000000.0,krona,SEK,line_item,2019 budgetpropositionen-for-2019-hela-dokumentet-prop.-2018191.pdf,1311,Data/input/finance_bills/Sweden/2019 budgetpropositionen-for-2019-hela-dokumentet-prop.-2018191.pdf,,Membership fee to CESSDA-ERIC,covered_by_final_series,,,Supports the European infrastructure for social science data.
2019,Naringsdepartementet / UO 24 (total),rd_ministry,0.0,krona,SEK,section_total,2019 budgetpropositionen-for-2019-hela-dokumentet-prop.-2018191.pdf,2287,Data/input/finance_bills/Sweden/2019 budgetpropositionen-for-2019-hela-dokumentet-prop.-2018191.pdf,,Total budget for UO 24,covered_by_final_series,,,UO 24 section total. Contains VINNOVA and industrial R&D. Use only if individual lines unavailable.
2019,Proposed Appropriation for Research and Education at Doctoral Level,higher_education,99249000.0,krona,SEK,program_total,2019 budgetpropositionen-for-2019-hela-dokumentet-prop.-2018191.pdf,1495,Data/input/finance_bills/Sweden/2019 budgetpropositionen-for-2019-hela-dokumentet-prop.-2018191.pdf,,Proposed appropriation for research and education at doctoral level,covered_by_final_series,,,This proposal supports research and education at the doctoral level.
2019,Proposed Budget for Doctoral Level Research and Education,higher_education,1650888000.0,krona,SEK,program_total,2019 budgetpropositionen-for-2019-hela-dokumentet-prop.-2018191.pdf,1468,Data/input/finance_bills/Sweden/2019 budgetpropositionen-for-2019-hela-dokumentet-prop.-2018191.pdf,,Proposed budget for research and education at doctoral level,covered_by_final_series,,,This budget is aimed at doctoral level research and education.
2019,Proposed appropriation for Malmö University,higher_education,239799000.0,krona,SEK,program_total,2019 budgetpropositionen-for-2019-hela-dokumentet-prop.-2018191.pdf,1485,Data/input/finance_bills/Sweden/2019 budgetpropositionen-for-2019-hela-dokumentet-prop.-2018191.pdf,,Proposed appropriation for Malmö University,covered_by_final_series,,,Funding for a university that likely conducts research activities.
2019,Proposed appropriation for Mid Sweden University,higher_education,247142000.0,krona,SEK,program_total,2019 budgetpropositionen-for-2019-hela-dokumentet-prop.-2018191.pdf,1484,Data/input/finance_bills/Sweden/2019 budgetpropositionen-for-2019-hela-dokumentet-prop.-2018191.pdf,,Proposed appropriation for Mid Sweden University,covered_by_final_series,,,Funding for a university that likely conducts research activities.
2019,R&D Activities in Research Centers,direct_rd,,,,,,,,,,covered_by_final_series,,,gap: no matching rows in this year
2019,RISE (Research Institutes of Sweden),science_agency,630000000.0,krona,SEK,line_item,2019 budgetpropositionen-for-2019-hela-dokumentet-prop.-2018191.pdf,2261,Data/input/finance_bills/Sweden/2019 budgetpropositionen-for-2019-hela-dokumentet-prop.-2018191.pdf,,"RISE was allocated a total of 630 million kronor in state grants, so-called strategic competence funds.",covered_by_final_series,,,"RISE created 2017 from SP, Swerea, Innventia and others. Predecessor SP dates to 1920."
2019,Research and Co-Financed Research,direct_rd,598164000.0,krona,SEK,line_item,2019 budgetpropositionen-for-2019-hela-dokumentet-prop.-2018191.pdf,195,Data/input/finance_bills/Sweden/2019 budgetpropositionen-for-2019-hela-dokumentet-prop.-2018191.pdf,,Research and co-financed research,covered_by_final_series,,,Supports both independent and co-financed research projects.
2019,Research and Development Efforts in the Cultural Sector,direct_rd,39500000.0,krona,SEK,line_item,2019 budgetpropositionen-for-2019-hela-dokumentet-prop.-2018191.pdf,1566,Data/input/finance_bills/Sweden/2019 budgetpropositionen-for-2019-hela-dokumentet-prop.-2018191.pdf,,Appropriation 1:4 Research and Development Efforts in the Cultural Sector,covered_by_final_series,,,"This funding supports R&D in the cultural sector, which is relevant."
2019,Research and Documentation on Media Development,science_agency,,,,,,,,,,covered_by_final_series,,,gap: no matching rows in this year
2019,Research in Nuclear Safety and Radiation Protection,direct_rd,397048000.0,krona,SEK,line_item,2019 budgetpropositionen-for-2019-hela-dokumentet-prop.-2018191.pdf,731,Data/input/finance_bills/Sweden/2019 budgetpropositionen-for-2019-hela-dokumentet-prop.-2018191.pdf,,Research in nuclear safety and radiation protection,covered_by_final_series,,,"This funding is specifically for research in nuclear safety, which is R&D relevant."
2019,Rymdstyrelsen,science_agency,947356000.0,krona,SEK,line_item,2019 budgetpropositionen-for-2019-hela-dokumentet-prop.-2018191.pdf,1521,Data/input/finance_bills/Sweden/2019 budgetpropositionen-for-2019-hela-dokumentet-prop.-2018191.pdf,,Expenses for support to research and development including industrial development projects,covered_by_final_series,,,
2019,SMHI,science_agency,245724000.0,krona,SEK,line_item,2019 budgetpropositionen-for-2019-hela-dokumentet-prop.-2018191.pdf,1934,Data/input/finance_bills/Sweden/2019 budgetpropositionen-for-2019-hela-dokumentet-prop.-2018191.pdf,,Allocated 2018,covered_by_final_series,,,
2019,SSF (Stiftelsen for Strategisk Forskning),science_agency,865000000.0,krona,SEK,line_item,2019 budgetpropositionen-for-2019-hela-dokumentet-prop.-2018191.pdf,1430,Data/input/finance_bills/Sweden/2019 budgetpropositionen-for-2019-hela-dokumentet-prop.-2018191.pdf,,SSF,covered_by_final_series,,,
2019,State Investments in Research,innovation_instruments,37945000.0,krona,SEK,line_item,2019 budgetpropositionen-for-2019-hela-dokumentet-prop.-2018191.pdf,161,Data/input/finance_bills/Sweden/2019 budgetpropositionen-for-2019-hela-dokumentet-prop.-2018191.pdf,,State investments in research,covered_by_final_series,,,This fund supports various research initiatives.
2019,Stockholms Universitet,higher_education,1650888000.0,krona,SEK,program_total,2019 budgetpropositionen-for-2019-hela-dokumentet-prop.-2018191.pdf,1468,Data/input/finance_bills/Sweden/2019 budgetpropositionen-for-2019-hela-dokumentet-prop.-2018191.pdf,,Proposed budget for research and education at doctoral level,covered_by_final_series,,,
2019,Swedish Transport Administration Research Institute,science_agency,,,,,,,,,,covered_by_final_series,,,gap: no matching rows in this year
2019,Swedish University of Agricultural Sciences,higher_education,1929745000.0,krona,SEK,line_item,2019 budgetpropositionen-for-2019-hela-dokumentet-prop.-2018191.pdf,195,Data/input/finance_bills/Sweden/2019 budgetpropositionen-for-2019-hela-dokumentet-prop.-2018191.pdf,,Swedish University of Agricultural Sciences,covered_by_final_series,,,This university conducts significant agricultural research.
2019,Total Budget for Competition Research,direct_rd,13804000.0,krona,SEK,program_total,2019 budgetpropositionen-for-2019-hela-dokumentet-prop.-2018191.pdf,2293,Data/input/finance_bills/Sweden/2019 budgetpropositionen-for-2019-hela-dokumentet-prop.-2018191.pdf,,Total budget for competition research.,covered_by_final_series,,,Directly supports competitive research initiatives.
2019,Total Budget for Industrial Research and Innovation,innovation_instruments,,,,,,,,,,covered_by_final_series,,,gap: no matching rows in this year
2019,Total budget for research and research information,direct_rd,6007846000.0,krona,SEK,program_total,2019 budgetpropositionen-for-2019-hela-dokumentet-prop.-2018191.pdf,1519,Data/input/finance_bills/Sweden/2019 budgetpropositionen-for-2019-hela-dokumentet-prop.-2018191.pdf,,Total budget for research and research information,covered_by_final_series,,,This budget is directly related to research activities.
2019,Total budget for research related to security policy,direct_rd,54358000.0,krona,SEK,program_total,2019 budgetpropositionen-for-2019-hela-dokumentet-prop.-2018191.pdf,647,Data/input/finance_bills/Sweden/2019 budgetpropositionen-for-2019-hela-dokumentet-prop.-2018191.pdf,,Total budget for research related to security policy,covered_by_final_series,,,This entity is directly related to funding research in security policy.
2019,Total budget for special research expenses,direct_rd,99995000.0,krona,SEK,program_total,2019 budgetpropositionen-for-2019-hela-dokumentet-prop.-2018191.pdf,1314,Data/input/finance_bills/Sweden/2019 budgetpropositionen-for-2019-hela-dokumentet-prop.-2018191.pdf,,Total budget for special expenses for research purposes,covered_by_final_series,,,This budget is explicitly allocated for research purposes.
2019,Umea Universitet,higher_education,1132502000000.0,krona,SEK,line_item,2019 budgetpropositionen-for-2019-hela-dokumentet-prop.-2018191.pdf,1471,Data/input/finance_bills/Sweden/2019 budgetpropositionen-for-2019-hela-dokumentet-prop.-2018191.pdf,,"Proposed appropriation level and estimated appropriation level
The government proposes that 1,132,502,000 kronor be allocated under the appropriation 2:12 Umeå University: Research and Education at Doctoral Level for 2019.",covered_by_final_series,,,
2019,Universiteterna (collective Sweden),higher_education,,,,,,,,,,covered_by_final_series,,,gap: no matching rows in this year
2019,Universities and Colleges,higher_education,872309000000.0,krona,SEK,program_total,2019 budgetpropositionen-for-2019-hela-dokumentet-prop.-2018191.pdf,1512,Data/input/finance_bills/Sweden/2019 budgetpropositionen-for-2019-hela-dokumentet-prop.-2018191.pdf,,Total for special expenses within universities and colleges,covered_by_final_series,,,Funding for universities and colleges is inherently related to R&D activities.
2019,Uppsala Universitet,higher_education,1778755000.0,krona,SEK,line_item,2019 budgetpropositionen-for-2019-hela-dokumentet-prop.-2018191.pdf,1463,Data/input/finance_bills/Sweden/2019 budgetpropositionen-for-2019-hela-dokumentet-prop.-2018191.pdf,,Appropriation for education at basic and advanced level at Uppsala University,covered_by_final_series,,,
2019,Utbildningsdepartementet / UO 16 (total),rd_ministry,3386695000000.0,krona,SEK,section_total,2019 budgetpropositionen-for-2019-hela-dokumentet-prop.-2018191.pdf,1511,Data/input/finance_bills/Sweden/2019 budgetpropositionen-for-2019-hela-dokumentet-prop.-2018191.pdf,,Total budget for UO 16,covered_by_final_series,,,UO 16 section total (post-1994). Use only if individual lines unavailable.
2019,VINNOVA,science_agency,2910255000.0,krona,SEK,line_item,2019 budgetpropositionen-for-2019-hela-dokumentet-prop.-2018191.pdf,2282,Data/input/finance_bills/Sweden/2019 budgetpropositionen-for-2019-hela-dokumentet-prop.-2018191.pdf,,Proposal,covered_by_final_series,,,Swedish innovation agency created 2001. UO 24 Näringsliv.
2019,Vetenskapsradet (VR),science_agency,700000000000.0,krona,SEK,line_item,2019 budgetpropositionen-for-2019-hela-dokumentet-prop.-2018191.pdf,1311,Data/input/finance_bills/Sweden/2019 budgetpropositionen-for-2019-hela-dokumentet-prop.-2018191.pdf,,Grants to European Spallation Source ERIC (ESS),covered_by_final_series,,,"Created 2001 from merger of NFR, TFR, MFR, HSFR, SJFR."
2020,1:14 Competition Research - Received/Proposed Authorization,direct_rd,12000000000.0,krona,SEK,line_item,2020 budgetpropositionen-for-2020-hela-dokumentet-prop.-2019201.pdf,2846,Data/input/finance_bills/Sweden/2020 budgetpropositionen-for-2020-hela-dokumentet-prop.-2019201.pdf,,Competitive Research - Received/Proposed Authorization,covered_by_final_series,,,"This funding is for competition research, relevant to R&D."
2020,1:3 Strategic Competence Funds for Institutes,innovation_instruments,740000000.0,krona,SEK,line_item,2020 budgetpropositionen-for-2020-hela-dokumentet-prop.-2019201.pdf,2805,Data/input/finance_bills/Sweden/2020 budgetpropositionen-for-2020-hela-dokumentet-prop.-2019201.pdf,,RISE received a total of 740 million kronor in state grants (appropriation 1:3 Strategic Competence Funds for the Institutes),covered_by_final_series,,,"This fund supports strategic competence, which can include R&D activities."
2020,1:4 Energy Research,direct_rd,,,,,,,,,,covered_by_final_series,,,gap: no matching rows in this year
2020,1:9 Geoscientific Research,direct_rd,,,,,,,,,,covered_by_final_series,,,gap: no matching rows in this year
2020,"93,825 SEK for environmental research",direct_rd,93825000.0,krona,SEK,line_item,2020 budgetpropositionen-for-2020-hela-dokumentet-prop.-2019201.pdf,2419,Data/input/finance_bills/Sweden/2020 budgetpropositionen-for-2020-hela-dokumentet-prop.-2019201.pdf,,"93,825 kronor for environmental research.",covered_by_final_series,,,This funding is allocated for environmental research.
2020,Appropriation for State Grants for Strategic Competence Funds for Industrial Research Institutes,innovation_instruments,759268000.0,krona,SEK,line_item,2020 budgetpropositionen-for-2020-hela-dokumentet-prop.-2019201.pdf,2837,Data/input/finance_bills/Sweden/2020 budgetpropositionen-for-2020-hela-dokumentet-prop.-2019201.pdf,,Appropriation for state grants for strategic competence funds for industrial research institutes.,covered_by_final_series,,,Supports strategic competence funding for industrial research.
2020,Artistic Research and Education at Doctoral Level,higher_education,52014000.0,krona,SEK,program_total,2020 budgetpropositionen-for-2020-hela-dokumentet-prop.-2019201.pdf,1917,Data/input/finance_bills/Sweden/2020 budgetpropositionen-for-2020-hela-dokumentet-prop.-2019201.pdf,,Proposal,covered_by_final_series,,,This program supports research and education at the doctoral level in the arts.
2020,Authorization for Financial Commitments for Environmental Research,direct_rd,102000000.0,krona,SEK,line_item,2020 budgetpropositionen-for-2020-hela-dokumentet-prop.-2019201.pdf,2420,Data/input/finance_bills/Sweden/2020 budgetpropositionen-for-2020-hela-dokumentet-prop.-2019201.pdf,,Authorization for financial commitments for the appropriation 1:5 Environmental Research,covered_by_final_series,,,This is related to funding for environmental research.
2020,Authorization for Membership in ERIC Consortium,innovation_instruments,6000000.0,krona,SEK,line_item,2020 budgetpropositionen-for-2020-hela-dokumentet-prop.-2019201.pdf,1963,Data/input/finance_bills/Sweden/2020 budgetpropositionen-for-2020-hela-dokumentet-prop.-2019201.pdf,,Authorization for membership in ERIC consortia,covered_by_final_series,,,Membership in ERIC is related to research collaboration and funding.
2020,Chalmers tekniska hogskola,higher_education,,,,,,,,,,covered_by_final_series,,,gap: no matching rows in this year
2020,Competitive Research - New Commitments,direct_rd,10154000000.0,krona,SEK,line_item,2020 budgetpropositionen-for-2020-hela-dokumentet-prop.-2019201.pdf,2846,Data/input/finance_bills/Sweden/2020 budgetpropositionen-for-2020-hela-dokumentet-prop.-2019201.pdf,,Competitive Research - New Commitments,covered_by_final_series,,,"This program is focused on competitive research, indicating strong R&D relevance."
2020,Contribution to European Spallation Source ERIC (ESS),innovation_instruments,700000000000.0,krona,SEK,line_item,2020 budgetpropositionen-for-2020-hela-dokumentet-prop.-2019201.pdf,1735,Data/input/finance_bills/Sweden/2020 budgetpropositionen-for-2020-hela-dokumentet-prop.-2019201.pdf,,Grants to European Spallation Source ERIC (ESS),covered_by_final_series,,,"This entity supports a major European research facility, making it highly relevant for R&D."
2020,Development Work in Education and Research Areas,higher_education,35143000.0,krona,SEK,program_total,2020 budgetpropositionen-for-2020-hela-dokumentet-prop.-2019201.pdf,1978,Data/input/finance_bills/Sweden/2020 budgetpropositionen-for-2020-hela-dokumentet-prop.-2019201.pdf,,Development Work in Education and Research,covered_by_final_series,,,"This funding supports development work in education and research, relevant to R&D."
2020,FOI / FOA (Totalforsvaret forskningsinstitut),science_agency,233501000.0,krona,SEK,program_total,2020 budgetpropositionen-for-2020-hela-dokumentet-prop.-2019201.pdf,863,Data/input/finance_bills/Sweden/2020 budgetpropositionen-for-2020-hela-dokumentet-prop.-2019201.pdf,,Proposal,covered_by_final_series,,,FOA renamed FOI in 2001.
2020,Fees to International Research Organizations,innovation_instruments,,,,,,,,,,covered_by_final_series,,,gap: no matching rows in this year
2020,Formas,science_agency,956408000.0,krona,SEK,line_item,2020 budgetpropositionen-for-2020-hela-dokumentet-prop.-2019201.pdf,2449,Data/input/finance_bills/Sweden/2020 budgetpropositionen-for-2020-hela-dokumentet-prop.-2019201.pdf,,Proposal,covered_by_final_series,,,
2020,Forte,science_agency,661503000.0,krona,SEK,line_item,2020 budgetpropositionen-for-2020-hela-dokumentet-prop.-2019201.pdf,1194,Data/input/finance_bills/Sweden/2020 budgetpropositionen-for-2020-hela-dokumentet-prop.-2019201.pdf,,Appropriation for 2020,covered_by_final_series,,,FAS until 2013 when renamed Forte.
2020,Funding for Compensation to Universities for Research and Education at Doctoral Level,higher_education,104401000.0,krona,SEK,line_item,2020 budgetpropositionen-for-2020-hela-dokumentet-prop.-2019201.pdf,1914,Data/input/finance_bills/Sweden/2020 budgetpropositionen-for-2020-hela-dokumentet-prop.-2019201.pdf,,The appropriation may be used for compensation to the university for research and education at doctoral level.,covered_by_final_series,,,This funding is designated for research and education at the doctoral level in universities.
2020,Funding for Financial Market Research,direct_rd,29921000.0,krona,SEK,program_total,2020 budgetpropositionen-for-2020-hela-dokumentet-prop.-2019201.pdf,566,Data/input/finance_bills/Sweden/2020 budgetpropositionen-for-2020-hela-dokumentet-prop.-2019201.pdf,,Appropriation for financial market research,covered_by_final_series,,,This funding is specifically for research in financial markets.
2020,Funding for Research and Education at Doctoral Level,higher_education,17441000.0,krona,SEK,line_item,2020 budgetpropositionen-for-2020-hela-dokumentet-prop.-2019201.pdf,1872,Data/input/finance_bills/Sweden/2020 budgetpropositionen-for-2020-hela-dokumentet-prop.-2019201.pdf,,Appropriation for research and education at the doctoral level in million SEK,covered_by_final_series,,,"This funding supports doctoral research, which is highly relevant to R&D."
2020,Funding for research related to the Competition Authority's area of activity,direct_rd,10804000.0,krona,SEK,line_item,2020 budgetpropositionen-for-2020-hela-dokumentet-prop.-2019201.pdf,2845,Data/input/finance_bills/Sweden/2020 budgetpropositionen-for-2020-hela-dokumentet-prop.-2019201.pdf,,Appropriation for research related to the Competition Authority's area of activity,covered_by_final_series,,,Supports research that may enhance competition and market efficiency.
2020,Funding for the Swedish Environmental Protection Agency,innovation_instruments,,,,,,,,,,covered_by_final_series,,,gap: no matching rows in this year
2020,Goteborgs Universitet,higher_education,1664258000.0,krona,SEK,line_item,2020 budgetpropositionen-for-2020-hela-dokumentet-prop.-2019201.pdf,1892,Data/input/finance_bills/Sweden/2020 budgetpropositionen-for-2020-hela-dokumentet-prop.-2019201.pdf,,Appropriation,covered_by_final_series,,,
2020,Grant for Compensation to University for Research and Education at Doctoral Level,higher_education,2322628000.0,krona,SEK,line_item,2020 budgetpropositionen-for-2020-hela-dokumentet-prop.-2019201.pdf,1891,Data/input/finance_bills/Sweden/2020 budgetpropositionen-for-2020-hela-dokumentet-prop.-2019201.pdf,,The appropriation may be used for compensation to the university for research and education at doctoral level.,covered_by_final_series,,,This grant supports research and education at the doctoral level.
2020,Grant for Geoscientific Research,direct_rd,5923000.0,krona,SEK,line_item,2020 budgetpropositionen-for-2020-hela-dokumentet-prop.-2019201.pdf,2843,Data/input/finance_bills/Sweden/2020 budgetpropositionen-for-2020-hela-dokumentet-prop.-2019201.pdf,,Appropriation for geoscientific research,covered_by_final_series,,,This is a direct funding source for geoscientific research.
2020,Grant for Research and Research Information,direct_rd,154035000.0,krona,SEK,line_item,2020 budgetpropositionen-for-2020-hela-dokumentet-prop.-2019201.pdf,1886,Data/input/finance_bills/Sweden/2020 budgetpropositionen-for-2020-hela-dokumentet-prop.-2019201.pdf,,Appropriation for research and research information,covered_by_final_series,,,This fund is specifically for research activities and information dissemination.
2020,Grants for Business Development and Innovation,innovation_instruments,,,,,,,,,,covered_by_final_series,,,gap: no matching rows in this year
2020,Grants for Needs-Driven Research and Development Activities,direct_rd,2953255000.0,krona,SEK,program_total,2020 budgetpropositionen-for-2020-hela-dokumentet-prop.-2019201.pdf,2837,Data/input/finance_bills/Sweden/2020 budgetpropositionen-for-2020-hela-dokumentet-prop.-2019201.pdf,,Appropriation for need-driven research and development activities.,covered_by_final_series,,,"This funding is aimed at needs-driven R&D activities, indicating its relevance."
2020,Investments in companies directly linked to research and innovation,innovation_instruments,11000000.0,krona,SEK,line_item,2020 budgetpropositionen-for-2020-hela-dokumentet-prop.-2019201.pdf,2285-2312,Data/input/finance_bills/Sweden/2020 budgetpropositionen-for-2020-hela-dokumentet-prop.-2019201.pdf,,Investments in companies directly linked to research and innovation,covered_by_final_series,,,This program directly supports companies involved in research and innovation.
2020,Karolinska Institutet,higher_education,1663040000.0,krona,SEK,line_item,2020 budgetpropositionen-for-2020-hela-dokumentet-prop.-2019201.pdf,1901,Data/input/finance_bills/Sweden/2020 budgetpropositionen-for-2020-hela-dokumentet-prop.-2019201.pdf,,The appropriation may be used for compensation to the university for research and education at doctoral level.,covered_by_final_series,,,
2020,Kungliga Tekniska Hogskolan (KTH),higher_education,1712345000.0,krona,SEK,program_total,2020 budgetpropositionen-for-2020-hela-dokumentet-prop.-2019201.pdf,1901,Data/input/finance_bills/Sweden/2020 budgetpropositionen-for-2020-hela-dokumentet-prop.-2019201.pdf,,Research and Education at Doctoral Level,covered_by_final_series,,,
2020,Linkoepings Universitet,higher_education,1022080000.0,krona,SEK,line_item,2020 budgetpropositionen-for-2020-hela-dokumentet-prop.-2019201.pdf,1898,Data/input/finance_bills/Sweden/2020 budgetpropositionen-for-2020-hela-dokumentet-prop.-2019201.pdf,,Proposed appropriation level and estimated appropriation level,covered_by_final_series,,,
2020,Lunds Universitet,higher_education,2322628000.0,krona,SEK,line_item,2020 budgetpropositionen-for-2020-hela-dokumentet-prop.-2019201.pdf,1891,Data/input/finance_bills/Sweden/2020 budgetpropositionen-for-2020-hela-dokumentet-prop.-2019201.pdf,,The appropriation may be used for compensation to the university for research and education at doctoral level.,covered_by_final_series,,,
2020,Membership Fee to ACTRIS-ERIC,innovation_instruments,2500000000.0,krona,SEK,line_item,2020 budgetpropositionen-for-2020-hela-dokumentet-prop.-2019201.pdf,1735,Data/input/finance_bills/Sweden/2020 budgetpropositionen-for-2020-hela-dokumentet-prop.-2019201.pdf,,Membership fee to ACTRIS-ERIC,covered_by_final_series,,,Contributes to the European research infrastructure for atmospheric composition.
2020,Membership Fee to BBMRI-ERIC,innovation_instruments,2500000000.0,krona,SEK,line_item,2020 budgetpropositionen-for-2020-hela-dokumentet-prop.-2019201.pdf,1735,Data/input/finance_bills/Sweden/2020 budgetpropositionen-for-2020-hela-dokumentet-prop.-2019201.pdf,,Membership fee to BBMRI-ERIC,covered_by_final_series,,,Supports the European biobanking and biomolecular resources infrastructure.
2020,Membership Fee to CESSDA-ERIC,innovation_instruments,2500000000.0,krona,SEK,line_item,2020 budgetpropositionen-for-2020-hela-dokumentet-prop.-2019201.pdf,1735,Data/input/finance_bills/Sweden/2020 budgetpropositionen-for-2020-hela-dokumentet-prop.-2019201.pdf,,Membership fee to CESSDA-ERIC,covered_by_final_series,,,Supports the European infrastructure for social science data.
2020,Naringsdepartementet / UO 24 (total),rd_ministry,5000000000.0,krona,SEK,section_total,2020 budgetpropositionen-for-2020-hela-dokumentet-prop.-2019201.pdf,2104,Data/input/finance_bills/Sweden/2020 budgetpropositionen-for-2020-hela-dokumentet-prop.-2019201.pdf,,Total budget for UO 24,covered_by_final_series,,,UO 24 section total. Contains VINNOVA and industrial R&D. Use only if individual lines unavailable.
2020,Proposed Appropriation for Research and Education at Doctoral Level,higher_education,359084000.0,krona,SEK,program_total,2020 budgetpropositionen-for-2020-hela-dokumentet-prop.-2019201.pdf,1907,Data/input/finance_bills/Sweden/2020 budgetpropositionen-for-2020-hela-dokumentet-prop.-2019201.pdf,,Proposed appropriation for research and education at doctoral level,covered_by_final_series,,,This proposal supports research and education at the doctoral level.
2020,Proposed Budget for Doctoral Level Research and Education,higher_education,109671000.0,krona,SEK,program_total,2020 budgetpropositionen-for-2020-hela-dokumentet-prop.-2019201.pdf,1924,Data/input/finance_bills/Sweden/2020 budgetpropositionen-for-2020-hela-dokumentet-prop.-2019201.pdf,,Proposed budget for research and education at doctoral level,covered_by_final_series,,,This budget is aimed at doctoral level research and education.
2020,R&D Activities in Research Centers,direct_rd,23000000.0,krona,SEK,line_item,2020 budgetpropositionen-for-2020-hela-dokumentet-prop.-2019201.pdf,2285-2312,Data/input/finance_bills/Sweden/2020 budgetpropositionen-for-2020-hela-dokumentet-prop.-2019201.pdf,,R&D activities in research centers,covered_by_final_series,,,Directly related to research and development activities.
2020,RISE (Research Institutes of Sweden),science_agency,740000000.0,krona,SEK,line_item,2020 budgetpropositionen-for-2020-hela-dokumentet-prop.-2019201.pdf,2805,Data/input/finance_bills/Sweden/2020 budgetpropositionen-for-2020-hela-dokumentet-prop.-2019201.pdf,,RISE received a total of 740 million kronor in state grants (appropriation 1:3 Strategic Competence Funds for the Institutes),covered_by_final_series,,,"RISE created 2017 from SP, Swerea, Innventia and others. Predecessor SP dates to 1920."
2020,Research and Co-Financed Research,direct_rd,571164000.0,krona,SEK,line_item,2020 budgetpropositionen-for-2020-hela-dokumentet-prop.-2019201.pdf,2776,Data/input/finance_bills/Sweden/2020 budgetpropositionen-for-2020-hela-dokumentet-prop.-2019201.pdf,,Appropriation for research and co-financed research,covered_by_final_series,,,Supports both independent and co-financed research projects.
2020,Research and Development Efforts in the Cultural Sector,direct_rd,45153000.0,krona,SEK,line_item,2020 budgetpropositionen-for-2020-hela-dokumentet-prop.-2019201.pdf,2036,Data/input/finance_bills/Sweden/2020 budgetpropositionen-for-2020-hela-dokumentet-prop.-2019201.pdf,,Research and Development Efforts in the Cultural Sector,covered_by_final_series,,,"This funding supports R&D in the cultural sector, which is relevant."
2020,Research and Documentation on Media Development,science_agency,,,,,,,,,,covered_by_final_series,,,gap: no matching rows in this year
2020,Rymdstyrelsen,science_agency,1112356000.0,krona,SEK,line_item,2020 budgetpropositionen-for-2020-hela-dokumentet-prop.-2019201.pdf,1968,Data/input/finance_bills/Sweden/2020 budgetpropositionen-for-2020-hela-dokumentet-prop.-2019201.pdf,,Space Research and Space Activities for 2020,covered_by_final_series,,,
2020,SMHI,science_agency,3000000000.0,krona,SEK,line_item,2020 budgetpropositionen-for-2020-hela-dokumentet-prop.-2019201.pdf,20,Data/input/finance_bills/Sweden/2020 budgetpropositionen-for-2020-hela-dokumentet-prop.-2019201.pdf,,Research funding for SMHI,covered_by_final_series,,,
2020,SSF (Stiftelsen for Strategisk Forskning),science_agency,,,,,,,,,,covered_by_final_series,,,gap: no matching rows in this year
2020,State Investments in Research,innovation_instruments,119072000.0,krona,SEK,line_item,2020 budgetpropositionen-for-2020-hela-dokumentet-prop.-2019201.pdf,158,Data/input/finance_bills/Sweden/2020 budgetpropositionen-for-2020-hela-dokumentet-prop.-2019201.pdf,,State investments in research,covered_by_final_series,,,This fund supports various research initiatives.
2020,Stockholms Universitet,higher_education,1709980000.0,krona,SEK,line_item,2020 budgetpropositionen-for-2020-hela-dokumentet-prop.-2019201.pdf,1894,Data/input/finance_bills/Sweden/2020 budgetpropositionen-for-2020-hela-dokumentet-prop.-2019201.pdf,,Appropriation,covered_by_final_series,,,
2020,Swedish Defence University: Research and doctoral education,science_agency,21439000.0,krona,SEK,program_total,2020 budgetpropositionen-for-2020-hela-dokumentet-prop.-2019201.pdf,1938,Data/input/finance_bills/Sweden/2020 budgetpropositionen-for-2020-hela-dokumentet-prop.-2019201.pdf,,Swedish Defence University: Research and education at the doctoral level,covered_by_final_series,,,Focuses on advanced research and education in defense-related fields.
2020,Swedish Transport Administration Research Institute,science_agency,,,,,,,,,,covered_by_final_series,,,gap: no matching rows in this year
2020,Swedish University of Agricultural Sciences,higher_education,1985357000.0,krona,SEK,line_item,2020 budgetpropositionen-for-2020-hela-dokumentet-prop.-2019201.pdf,2775,Data/input/finance_bills/Sweden/2020 budgetpropositionen-for-2020-hela-dokumentet-prop.-2019201.pdf,,Appropriation for Swedish University of Agricultural Sciences for 2020,covered_by_final_series,,,This university conducts significant agricultural research.
2020,The Grant Can Be Used for Basic and Applied Research to Develop National Competence,direct_rd,395666000.0,krona,SEK,line_item,2020 budgetpropositionen-for-2020-hela-dokumentet-prop.-2019201.pdf,895,Data/input/finance_bills/Sweden/2020 budgetpropositionen-for-2020-hela-dokumentet-prop.-2019201.pdf,,The appropriation may be used for basic and applied research to develop national competence.,covered_by_final_series,,,This funding explicitly supports both basic and applied research.
2020,Total Budget for Industrial Research and Innovation,innovation_instruments,,,,,,,,,,covered_by_final_series,,,gap: no matching rows in this year
2020,Total Budget for Research Activities,direct_rd,661503000.0,krona,SEK,program_total,2020 budgetpropositionen-for-2020-hela-dokumentet-prop.-2019201.pdf,1194,Data/input/finance_bills/Sweden/2020 budgetpropositionen-for-2020-hela-dokumentet-prop.-2019201.pdf,,Total budget for research activities,covered_by_final_series,,,Covers a broad range of research activities.
2020,Total budget for research and research information,direct_rd,,,,,,,,,,covered_by_final_series,,,gap: no matching rows in this year
2020,Umea Universitet,higher_education,1463101000.0,krona,SEK,line_item,2020 budgetpropositionen-for-2020-hela-dokumentet-prop.-2019201.pdf,1894,Data/input/finance_bills/Sweden/2020 budgetpropositionen-for-2020-hela-dokumentet-prop.-2019201.pdf,,Appropriation,covered_by_final_series,,,
2020,Universiteterna (collective Sweden),higher_education,,,,,,,,,,covered_by_final_series,,,gap: no matching rows in this year
2020,Universities and Colleges,higher_education,73600000000.0,krona,SEK,section_total,2020 budgetpropositionen-for-2020-hela-dokumentet-prop.-2019201.pdf,1870,Data/input/finance_bills/Sweden/2020 budgetpropositionen-for-2020-hela-dokumentet-prop.-2019201.pdf,,Total costs for operations at state universities and colleges as well as private educational providers,covered_by_final_series,,,Funding for universities and colleges is inherently related to R&D activities.
2020,Uppsala Universitet,higher_education,2259049000.0,krona,SEK,line_item,2020 budgetpropositionen-for-2020-hela-dokumentet-prop.-2019201.pdf,1889,Data/input/finance_bills/Sweden/2020 budgetpropositionen-for-2020-hela-dokumentet-prop.-2019201.pdf,,The appropriation may be used for compensation to the university for research and education at doctoral level.,covered_by_final_series,,,
2020,Utbildningsdepartementet / UO 16 (total),rd_ministry,83315865000.0,krona,SEK,section_total,2020 budgetpropositionen-for-2020-hela-dokumentet-prop.-2019201.pdf,1736,Data/input/finance_bills/Sweden/2020 budgetpropositionen-for-2020-hela-dokumentet-prop.-2019201.pdf,,Total budget for UO 16,covered_by_final_series,,,UO 16 section total (post-1994). Use only if individual lines unavailable.
2020,VINNOVA,science_agency,2953255000.0,krona,SEK,line_item,2020 budgetpropositionen-for-2020-hela-dokumentet-prop.-2019201.pdf,2790,Data/input/finance_bills/Sweden/2020 budgetpropositionen-for-2020-hela-dokumentet-prop.-2019201.pdf,,Research and development,covered_by_final_series,,,Swedish innovation agency created 2001. UO 24 Näringsliv.
2020,Vetenskapsradet (VR),science_agency,700000000000.0,krona,SEK,line_item,2020 budgetpropositionen-for-2020-hela-dokumentet-prop.-2019201.pdf,1735,Data/input/finance_bills/Sweden/2020 budgetpropositionen-for-2020-hela-dokumentet-prop.-2019201.pdf,,Grants to European Spallation Source ERIC (ESS),covered_by_final_series,,,"Created 2001 from merger of NFR, TFR, MFR, HSFR, SJFR."
2021,1:3 Strategic Competence Funds for Institutes,innovation_instruments,747000000.0,krona,SEK,line_item,2021 hela-bp21-som-pdf.pdf,3004,Data/input/finance_bills/Sweden/2021 hela-bp21-som-pdf.pdf,,Appropriation 1:3 Strategic competence funding for institutes,covered_by_final_series,,,"This fund supports strategic competence, which can include R&D activities."
2021,1:4 Energy Research,direct_rd,3300000000.0,krona,SEK,line_item,2021 hela-bp21-som-pdf.pdf,2704,Data/input/finance_bills/Sweden/2021 hela-bp21-som-pdf.pdf,,Energy research,covered_by_final_series,,,This program focuses on energy research initiatives.
2021,1:9 Geoscientific Research,direct_rd,,,,,,,,,,covered_by_final_series,,,gap: no matching rows in this year
2021,Appropriation for the Swedish Council for Higher Education,higher_education,243365000.0,krona,SEK,line_item,2021 hela-bp21-som-pdf.pdf,2103,Data/input/finance_bills/Sweden/2021 hela-bp21-som-pdf.pdf,,Appropriation for the Council for Higher Education,covered_by_final_series,,,Funding likely supports higher education and associated research.
2021,Artistic Research and Education at Doctoral Level,higher_education,52549000.0,krona,SEK,program_total,2021 hela-bp21-som-pdf.pdf,2151,Data/input/finance_bills/Sweden/2021 hela-bp21-som-pdf.pdf,,Artistic research and education at doctoral level,covered_by_final_series,,,This program supports research and education at the doctoral level in the arts.
2021,Chalmers tekniska hogskola,higher_education,962570000.0,krona,SEK,line_item,2021 hela-bp21-som-pdf.pdf,2188,Data/input/finance_bills/Sweden/2021 hela-bp21-som-pdf.pdf,,Research and education at doctoral level,covered_by_final_series,,,
2021,Contribution to European Spallation Source ERIC (ESS),innovation_instruments,800000000000.0,krona,SEK,line_item,2021 hela-bp21-som-pdf.pdf,1957,Data/input/finance_bills/Sweden/2021 hela-bp21-som-pdf.pdf,,Grants to European Spallation Source ERIC (ESS),covered_by_final_series,,,"This entity supports a major European research facility, making it highly relevant for R&D."
2021,Development Work in Education and Research Areas,higher_education,52143000.0,krona,SEK,program_total,2021 hela-bp21-som-pdf.pdf,2234,Data/input/finance_bills/Sweden/2021 hela-bp21-som-pdf.pdf,,Development work in the areas of education and research.,covered_by_final_series,,,"This funding supports development work in education and research, relevant to R&D."
2021,Establishment of a Forest Damage Center,direct_rd,30000000000.0,krona,SEK,line_item,2021 hela-bp21-som-pdf.pdf,2935,Data/input/finance_bills/Sweden/2021 hela-bp21-som-pdf.pdf,,For the establishment of a forest damage center including risk assessment for forest pests,covered_by_final_series,,,A program aimed at addressing forest damage through research.
2021,FOI / FOA (Totalforsvaret forskningsinstitut),science_agency,237373000.0,krona,SEK,line_item,2021 hela-bp21-som-pdf.pdf,448,Data/input/finance_bills/Sweden/2021 hela-bp21-som-pdf.pdf,,Total Defense Research Institute,covered_by_final_series,,,FOA renamed FOI in 2001.
2021,Fees to International Research Organizations,innovation_instruments,420061000.0,krona,SEK,line_item,2021 hela-bp21-som-pdf.pdf,2219,Data/input/finance_bills/Sweden/2021 hela-bp21-som-pdf.pdf,,Fees to international research organizations,covered_by_final_series,,,This funding supports participation in international research initiatives.
2021,Formas,science_agency,1088908000.0,krona,SEK,line_item,2021 hela-bp21-som-pdf.pdf,2659,Data/input/finance_bills/Sweden/2021 hela-bp21-som-pdf.pdf,,Proposal,covered_by_final_series,,,
2021,Forte,science_agency,661503000.0,krona,SEK,line_item,2021 hela-bp21-som-pdf.pdf,1478,Data/input/finance_bills/Sweden/2021 hela-bp21-som-pdf.pdf,,Allocated 2021,covered_by_final_series,,,FAS until 2013 when renamed Forte.
2021,Fossil-Free Aviation 2045,direct_rd,50000000.0,krona,SEK,line_item,2021 hela-bp21-som-pdf.pdf,2742,Data/input/finance_bills/Sweden/2021 hela-bp21-som-pdf.pdf,,Fossil-free aviation 2045,covered_by_final_series,,,This program aims at R&D for sustainable aviation technologies.
2021,Funding for Compensation to Universities for Research and Education at Doctoral Level,higher_education,,,,,,,,,,covered_by_final_series,,,gap: no matching rows in this year
2021,Funding for Financial Market Research,direct_rd,,,,,,,,,,covered_by_final_series,,,gap: no matching rows in this year
2021,Funding for Research and Education at Doctoral Level,higher_education,,,,,,,,,,covered_by_final_series,,,gap: no matching rows in this year
2021,Funding for research related to the Competition Authority's area of activity,direct_rd,,,,,,,,,,covered_by_final_series,,,gap: no matching rows in this year
2021,Funding for the Swedish Environmental Protection Agency,innovation_instruments,595611000.0,krona,SEK,program_total,2021 hela-bp21-som-pdf.pdf,2620,Data/input/finance_bills/Sweden/2021 hela-bp21-som-pdf.pdf,,Appropriation 1:1 Swedish Environmental Protection Agency,covered_by_final_series,,,This funding supports environmental research initiatives.
2021,Goteborgs Universitet,higher_education,1683952000.0,krona,SEK,program_total,2021 hela-bp21-som-pdf.pdf,2113,Data/input/finance_bills/Sweden/2021 hela-bp21-som-pdf.pdf,,Research and education at doctoral level,covered_by_final_series,,,
2021,Grant for Compensation to University for Research and Education at Doctoral Level,higher_education,2349033000.0,krona,SEK,line_item,2021 hela-bp21-som-pdf.pdf,2108,Data/input/finance_bills/Sweden/2021 hela-bp21-som-pdf.pdf,,The appropriation may be used for compensation to the university for research and education at doctoral level.,covered_by_final_series,,,This grant supports research and education at the doctoral level.
2021,Grant for Research and Education at the Doctoral Level,higher_education,1684033000.0,krona,SEK,program_total,2021 hela-bp21-som-pdf.pdf,2124,Data/input/finance_bills/Sweden/2021 hela-bp21-som-pdf.pdf,,The appropriation for research and education at doctoral level,covered_by_final_series,,,This program supports research and education at the doctoral level.
2021,Grant for Research and Research Information,direct_rd,,,,,,,,,,covered_by_final_series,,,gap: no matching rows in this year
2021,Grants for Business Development and Innovation,innovation_instruments,,,,,,,,,,covered_by_final_series,,,gap: no matching rows in this year
2021,Industrial Leap,innovation_instruments,749926000.0,krona,SEK,program_total,2021 hela-bp21-som-pdf.pdf,2648,Data/input/finance_bills/Sweden/2021 hela-bp21-som-pdf.pdf,,The Industrial Leap,covered_by_final_series,,,Supports innovation and development in the industrial sector.
2021,Investment in Swedish Participation in IPCEI Projects,innovation_instruments,200000000.0,krona,SEK,line_item,2021 hela-bp21-som-pdf.pdf,3021,Data/input/finance_bills/Sweden/2021 hela-bp21-som-pdf.pdf,,Investment in Swedish participation in IPCEI projects,covered_by_final_series,,,This initiative supports participation in important R&D projects.
2021,Investment in metals and minerals from secondary sources,innovation_instruments,25000000.0,krona,SEK,line_item,2021 hela-bp21-som-pdf.pdf,3021,Data/input/finance_bills/Sweden/2021 hela-bp21-som-pdf.pdf,,Investment in metals and minerals from secondary sources,covered_by_final_series,,,This supports R&D in recycling and resource recovery.
2021,Investment to Accelerate the Transition to a Resource-Efficient and Circular Bioeconomy,innovation_instruments,200000000.0,krona,SEK,line_item,2021 hela-bp21-som-pdf.pdf,3021,Data/input/finance_bills/Sweden/2021 hela-bp21-som-pdf.pdf,,Investment to accelerate the transition to a resource-efficient and circular bioeconomy,covered_by_final_series,,,This initiative supports R&D in bioeconomy.
2021,Karolinska Institutet,higher_education,1684033000.0,krona,SEK,line_item,2021 hela-bp21-som-pdf.pdf,2124,Data/input/finance_bills/Sweden/2021 hela-bp21-som-pdf.pdf,,Proposal,covered_by_final_series,,,
2021,Kungliga Tekniska Hogskolan (KTH),higher_education,1772596000.0,krona,SEK,line_item,2021 hela-bp21-som-pdf.pdf,2127,Data/input/finance_bills/Sweden/2021 hela-bp21-som-pdf.pdf,,Research and education at doctoral level,covered_by_final_series,,,
2021,Linkoepings Universitet,higher_education,1032655000.0,krona,SEK,line_item,2021 hela-bp21-som-pdf.pdf,2121,Data/input/finance_bills/Sweden/2021 hela-bp21-som-pdf.pdf,,Proposal,covered_by_final_series,,,
2021,Lunds Universitet,higher_education,2349033000.0,krona,SEK,line_item,2021 hela-bp21-som-pdf.pdf,2108,Data/input/finance_bills/Sweden/2021 hela-bp21-som-pdf.pdf,,The appropriation may be used for compensation to the university for research and education at doctoral level.,covered_by_final_series,,,
2021,Measures for Marine and Water Environment,innovation_instruments,1399565000000.0,krona,SEK,line_item,2021 hela-bp21-som-pdf.pdf,2637,Data/input/finance_bills/Sweden/2021 hela-bp21-som-pdf.pdf,,Measures for marine and water environment,covered_by_final_series,,,This entity funds research related to marine and water environments.
2021,Membership Fee to ACTRIS-ERIC,innovation_instruments,2500000000.0,krona,SEK,line_item,2021 hela-bp21-som-pdf.pdf,1957,Data/input/finance_bills/Sweden/2021 hela-bp21-som-pdf.pdf,,Membership fee to ACTRIS-ERIC,covered_by_final_series,,,Contributes to the European research infrastructure for atmospheric composition.
2021,Membership Fee to BBMRI-ERIC,innovation_instruments,2500000000.0,krona,SEK,line_item,2021 hela-bp21-som-pdf.pdf,1957,Data/input/finance_bills/Sweden/2021 hela-bp21-som-pdf.pdf,,Membership fee to BBMRI-ERIC,covered_by_final_series,,,Supports the European biobanking and biomolecular resources infrastructure.
2021,Membership Fee to CESSDA-ERIC,innovation_instruments,2500000000.0,krona,SEK,line_item,2021 hela-bp21-som-pdf.pdf,1957,Data/input/finance_bills/Sweden/2021 hela-bp21-som-pdf.pdf,,Membership fee to CESSDA-ERIC,covered_by_final_series,,,Supports the European infrastructure for social science data.
2021,Membership fee to EU-OPENSCREEN-ERIC,innovation_instruments,2000000000.0,krona,SEK,line_item,2021 hela-bp21-som-pdf.pdf,1957,Data/input/finance_bills/Sweden/2021 hela-bp21-som-pdf.pdf,,Membership fee to EU-OPENSCREEN-ERIC,covered_by_final_series,,,This fee supports a European research infrastructure for chemical biology.
2021,Naringsdepartementet / UO 24 (total),rd_ministry,3400000000.0,krona,SEK,section_total,2021 hela-bp21-som-pdf.pdf,3020,Data/input/finance_bills/Sweden/2021 hela-bp21-som-pdf.pdf,,Total for expenditure area 24,covered_by_final_series,,,UO 24 section total. Contains VINNOVA and industrial R&D. Use only if individual lines unavailable.
2021,Practice-Near School Research,higher_education,18543000.0,krona,SEK,line_item,2021 hela-bp21-som-pdf.pdf,2059,Data/input/finance_bills/Sweden/2021 hela-bp21-som-pdf.pdf,,Practice-based school research,covered_by_final_series,,,This program focuses on research related to educational practices.
2021,"Program for Monitoring, Preventing, and Combating Forest Damage",direct_rd,30000000000.0,krona,SEK,line_item,2021 hela-bp21-som-pdf.pdf,2935,Data/input/finance_bills/Sweden/2021 hela-bp21-som-pdf.pdf,,"To monitor, prevent and combat forest damage",covered_by_final_series,,,Focused on environmental research related to forest health.
2021,RISE (Research Institutes of Sweden),science_agency,247000000.0,krona,SEK,line_item,2021 hela-bp21-som-pdf.pdf,3005,Data/input/finance_bills/Sweden/2021 hela-bp21-som-pdf.pdf,,EU funding received by RISE group,covered_by_final_series,,,"RISE created 2017 from SP, Swerea, Innventia and others. Predecessor SP dates to 1920."
2021,Reduction of employer contributions for individuals working in research or development,innovation_instruments,250000000.0,krona,SEK,line_item,2021 hela-bp21-som-pdf.pdf,26,Data/input/finance_bills/Sweden/2021 hela-bp21-som-pdf.pdf,,Reduction of employer contributions for persons working with research or development,covered_by_final_series,,,This program directly supports R&D activities by reducing costs for employers.
2021,Research and Co-Financed Research,direct_rd,695664000.0,krona,SEK,program_total,2021 hela-bp21-som-pdf.pdf,2884,Data/input/finance_bills/Sweden/2021 hela-bp21-som-pdf.pdf,,Research and co-financed research,covered_by_final_series,,,Supports both independent and co-financed research projects.
2021,Research and Documentation on Media Development,science_agency,3434000.0,krona,SEK,line_item,2021 hela-bp21-som-pdf.pdf,2374,Data/input/finance_bills/Sweden/2021 hela-bp21-som-pdf.pdf,,Appropriation for research and documentation,covered_by_final_series,,,"Focuses on media development research, indicating R&D relevance."
2021,Research at basic and advanced levels,higher_education,93612000.0,krona,SEK,line_item,2021 hela-bp21-som-pdf.pdf,2183,Data/input/finance_bills/Sweden/2021 hela-bp21-som-pdf.pdf,,Research at undergraduate and advanced level,covered_by_final_series,,,This entity focuses on research at various educational levels.
2021,Rymdstyrelsen,science_agency,1117356000.0,krona,SEK,line_item,2021 hela-bp21-som-pdf.pdf,2221,Data/input/finance_bills/Sweden/2021 hela-bp21-som-pdf.pdf,,Support for research and development in space activities,covered_by_final_series,,,
2021,SMHI,science_agency,294952000.0,krona,SEK,line_item,2021 hela-bp21-som-pdf.pdf,2634,Data/input/finance_bills/Sweden/2021 hela-bp21-som-pdf.pdf,,Proposal,covered_by_final_series,,,
2021,SSF (Stiftelsen for Strategisk Forskning),science_agency,,,,,,,,,,covered_by_final_series,,,gap: no matching rows in this year
2021,State Investments in Research,innovation_instruments,,,,,,,,,,covered_by_final_series,,,gap: no matching rows in this year
2021,Stockholms Universitet,higher_education,1724084000.0,krona,SEK,program_total,2021 hela-bp21-som-pdf.pdf,2116,Data/input/finance_bills/Sweden/2021 hela-bp21-som-pdf.pdf,,Research and education at doctoral level,covered_by_final_series,,,
2021,Support for Research and Development in Space Activities,direct_rd,1117356000.0,krona,SEK,line_item,2021 hela-bp21-som-pdf.pdf,2221,Data/input/finance_bills/Sweden/2021 hela-bp21-som-pdf.pdf,,Support for research and development in space activities,covered_by_final_series,,,This program directly supports R&D in space activities.
2021,Swedish Defence University: Research and doctoral education,science_agency,,,,,,,,,,covered_by_final_series,,,gap: no matching rows in this year
2021,Swedish Transport Administration Research Institute,science_agency,,,,,,,,,,covered_by_final_series,,,gap: no matching rows in this year
2021,Swedish University of Agricultural Sciences,higher_education,2143772000.0,krona,SEK,program_total,2021 hela-bp21-som-pdf.pdf,2884,Data/input/finance_bills/Sweden/2021 hela-bp21-som-pdf.pdf,,Swedish University of Agricultural Sciences,covered_by_final_series,,,This university conducts significant agricultural research.
2021,The Grant Can Be Used for Expenses to Support Research in Environmental and Community Building Areas,direct_rd,1088908000.0,krona,SEK,program_total,2021 hela-bp21-som-pdf.pdf,2659,Data/input/finance_bills/Sweden/2021 hela-bp21-som-pdf.pdf,,The appropriation may be used for expenses to support research in the areas of environment and community building.,covered_by_final_series,,,This entity also supports research in environmental and community development.
2021,The Grant can also be used for Research and Development Expenses,innovation_instruments,17300000.0,krona,SEK,line_item,2021 hela-bp21-som-pdf.pdf,2278,Data/input/finance_bills/Sweden/2021 hela-bp21-som-pdf.pdf,,The appropriation may also be used for expenses for research and development efforts.,covered_by_final_series,,,Explicitly mentions funding for R&D activities.
2021,Total Budget for Clinical Education and Research,direct_rd,2733676000.0,krona,SEK,program_total,2021 hela-bp21-som-pdf.pdf,2196,Data/input/finance_bills/Sweden/2021 hela-bp21-som-pdf.pdf,,Total budget for clinical education and research,covered_by_final_series,,,"This budget supports clinical education and research, which is crucial for R&D."
2021,Total Budget for Industrial Research and Innovation,innovation_instruments,0.0,krona,SEK,program_total,2021 hela-bp21-som-pdf.pdf,1812,Data/input/finance_bills/Sweden/2021 hela-bp21-som-pdf.pdf,,Total budget for industrial research and innovation.,covered_by_final_series,,,This budget is directly aimed at supporting industrial R&D and innovation.
2021,Total Budget for Research and Education at Doctoral Level,higher_education,2349033000.0,krona,SEK,program_total,2021 hela-bp21-som-pdf.pdf,2108,Data/input/finance_bills/Sweden/2021 hela-bp21-som-pdf.pdf,,Total budget for research and education at doctoral level,covered_by_final_series,,,This budget directly supports doctoral research and education.
2021,Total budget for research and research information,direct_rd,6995846000.0,krona,SEK,section_total,2021 hela-bp21-som-pdf.pdf,2214,Data/input/finance_bills/Sweden/2021 hela-bp21-som-pdf.pdf,,Total budget for research and research information,covered_by_final_series,,,This budget is directly related to research activities.
2021,Umea Universitet,higher_education,1199438000.0,krona,SEK,line_item,2021 hela-bp21-som-pdf.pdf,2119,Data/input/finance_bills/Sweden/2021 hela-bp21-som-pdf.pdf,,Proposal,covered_by_final_series,,,
2021,Universiteterna (collective Sweden),higher_education,,,,,,,,,,covered_by_final_series,,,gap: no matching rows in this year
2021,Universities and Colleges,higher_education,2230797000.0,krona,SEK,program_total,2021 hela-bp21-som-pdf.pdf,2191,Data/input/finance_bills/Sweden/2021 hela-bp21-som-pdf.pdf,,Total for special expenses within universities and colleges,covered_by_final_series,,,Funding for universities and colleges is inherently related to R&D activities.
2021,Uppsala Universitet,higher_education,2286199000.0,krona,SEK,line_item,2021 hela-bp21-som-pdf.pdf,2107,Data/input/finance_bills/Sweden/2021 hela-bp21-som-pdf.pdf,,The appropriation may be used for compensation to the university for research and education at doctoral level.,covered_by_final_series,,,
2021,Utbildningsdepartementet / UO 16 (total),rd_ministry,2733676000.0,krona,SEK,section_total,2021 hela-bp21-som-pdf.pdf,2196,Data/input/finance_bills/Sweden/2021 hela-bp21-som-pdf.pdf,,Total budget for UO 16,covered_by_final_series,,,UO 16 section total (post-1994). Use only if individual lines unavailable.
2021,VINNOVA,science_agency,3548255000.0,krona,SEK,line_item,2021 hela-bp21-som-pdf.pdf,3070,Data/input/finance_bills/Sweden/2021 hela-bp21-som-pdf.pdf,,"The appropriation may be used for expenses for need-driven research and development activities, development of innovation systems and program-related expenses.",covered_by_final_series,,,Swedish innovation agency created 2001. UO 24 Näringsliv.
2021,Vetenskapsradet (VR),science_agency,800000000000.0,krona,SEK,line_item,2021 hela-bp21-som-pdf.pdf,1957,Data/input/finance_bills/Sweden/2021 hela-bp21-som-pdf.pdf,,Grants to European Spallation Source ERIC (ESS),covered_by_final_series,,,"Created 2001 from merger of NFR, TFR, MFR, HSFR, SJFR."
2022,1:3 Strategic Competence Funds for Institutes,innovation_instruments,997268000.0,krona,SEK,line_item,2022 budgetpropositionen-for-2022hela-dokumentet-prop.2021221.pdf,2695,Data/input/finance_bills/Sweden/2022 budgetpropositionen-for-2022hela-dokumentet-prop.2021221.pdf,,Strategic competence funds for institutes,covered_by_final_series,,,"This fund supports strategic competence, which can include R&D activities."
2022,1:9 Geoscientific Research,direct_rd,5923000.0,krona,SEK,line_item,2022 budgetpropositionen-for-2022hela-dokumentet-prop.2021221.pdf,2695,Data/input/finance_bills/Sweden/2022 budgetpropositionen-for-2022hela-dokumentet-prop.2021221.pdf,,Geoscientific research,covered_by_final_series,,,This funding is specifically allocated for geoscientific research.
2022,Artistic Research and Education at Doctoral Level,higher_education,55639000.0,krona,SEK,program_total,2022 budgetpropositionen-for-2022hela-dokumentet-prop.2021221.pdf,1871,Data/input/finance_bills/Sweden/2022 budgetpropositionen-for-2022hela-dokumentet-prop.2021221.pdf,,Total budget for Stockholm University of the Arts,covered_by_final_series,,,This program supports research and education at the doctoral level in the arts.
2022,Blekinge Institute of Technology,higher_education,109825000.0,krona,SEK,program_total,2022 budgetpropositionen-for-2022hela-dokumentet-prop.2021221.pdf,1869,Data/input/finance_bills/Sweden/2022 budgetpropositionen-for-2022hela-dokumentet-prop.2021221.pdf,,Total budget for Blekinge Institute of Technology,covered_by_final_series,,,The budget supports research activities at a higher education institution.
2022,Chalmers tekniska hogskola,higher_education,998661000.0,krona,SEK,line_item,2022 budgetpropositionen-for-2022hela-dokumentet-prop.2021221.pdf,1906,Data/input/finance_bills/Sweden/2022 budgetpropositionen-for-2022hela-dokumentet-prop.2021221.pdf,,Research and education at the doctoral level,covered_by_final_series,,,
2022,Contribution to ESS,innovation_instruments,100000000.0,krona,SEK,line_item,2022 budgetpropositionen-for-2022hela-dokumentet-prop.2021221.pdf,1937,Data/input/finance_bills/Sweden/2022 budgetpropositionen-for-2022hela-dokumentet-prop.2021221.pdf,,Supplement ESS,covered_by_final_series,,,This funding is for the European Spallation Source project.
2022,Contribution to European Spallation Source ERIC (ESS),innovation_instruments,900000000.0,krona,SEK,line_item,2022 budgetpropositionen-for-2022hela-dokumentet-prop.2021221.pdf,1672,Data/input/finance_bills/Sweden/2022 budgetpropositionen-for-2022hela-dokumentet-prop.2021221.pdf,,Grant to European Spallation Source ERIC (ESS),covered_by_final_series,,,"This entity supports a major European research facility, making it highly relevant for R&D."
2022,Dalarna University - Research and Education at Doctoral Level,higher_education,109431000000.0,krona,SEK,program_total,2022 budgetpropositionen-for-2022hela-dokumentet-prop.2021221.pdf,1879,Data/input/finance_bills/Sweden/2022 budgetpropositionen-for-2022hela-dokumentet-prop.2021221.pdf,,Research and Education at Doctoral Level,covered_by_final_series,,,This entity focuses on research and education at the doctoral level.
2022,Development Work in Education and Research Areas,higher_education,58043000.0,krona,SEK,program_total,2022 budgetpropositionen-for-2022hela-dokumentet-prop.2021221.pdf,1955,Data/input/finance_bills/Sweden/2022 budgetpropositionen-for-2022hela-dokumentet-prop.2021221.pdf,,Allocated under appropriation 4:4 Development Work in the Areas of Education and Research for 2022.,covered_by_final_series,,,"This funding supports development work in education and research, relevant to R&D."
2022,Digitalization funding,innovation_instruments,76000000.0,krona,SEK,line_item,2022 budgetpropositionen-for-2022hela-dokumentet-prop.2021221.pdf,1932,Data/input/finance_bills/Sweden/2022 budgetpropositionen-for-2022hela-dokumentet-prop.2021221.pdf,,Digitalization,covered_by_final_series,,,This funding is aimed at research related to digitalization.
2022,Direct State Grants to Higher Education Institutions,higher_education,47300000000.0,krona,SEK,line_item,2022 budgetpropositionen-for-2022hela-dokumentet-prop.2021221.pdf,1800,Data/input/finance_bills/Sweden/2022 budgetpropositionen-for-2022hela-dokumentet-prop.2021221.pdf,,Direct state appropriations to the higher education institutions,covered_by_final_series,,,Provides funding that supports R&D in higher education.
2022,FOI / FOA (Totalforsvaret forskningsinstitut),science_agency,241697000.0,krona,SEK,line_item,2022 budgetpropositionen-for-2022hela-dokumentet-prop.2021221.pdf,707,Data/input/finance_bills/Sweden/2022 budgetpropositionen-for-2022hela-dokumentet-prop.2021221.pdf,,Proposed/estimated appropriation,covered_by_final_series,,,FOA renamed FOI in 2001.
2022,Fees to International Research Organizations,innovation_instruments,,,,,,,,,,covered_by_final_series,,,gap: no matching rows in this year
2022,Formas,science_agency,713664000.0,krona,SEK,line_item,2022 budgetpropositionen-for-2022hela-dokumentet-prop.2021221.pdf,203,Data/input/finance_bills/Sweden/2022 budgetpropositionen-for-2022hela-dokumentet-prop.2021221.pdf,,Research and co-financed research,covered_by_final_series,,,
2022,Forte,science_agency,786503000.0,krona,SEK,line_item,2022 budgetpropositionen-for-2022hela-dokumentet-prop.2021221.pdf,1057,Data/input/finance_bills/Sweden/2022 budgetpropositionen-for-2022hela-dokumentet-prop.2021221.pdf,,Research,covered_by_final_series,,,FAS until 2013 when renamed Forte.
2022,Funding for Compensation to Universities for Research and Education at Doctoral Level,higher_education,93697000.0,krona,SEK,line_item,2022 budgetpropositionen-for-2022hela-dokumentet-prop.2021221.pdf,1892,Data/input/finance_bills/Sweden/2022 budgetpropositionen-for-2022hela-dokumentet-prop.2021221.pdf,,The appropriation may be used for compensation to the university for research and education at doctoral level.,covered_by_final_series,,,This funding is designated for research and education at the doctoral level in universities.
2022,Funding for Financial Market Research,direct_rd,,,,,,,,,,covered_by_final_series,,,gap: no matching rows in this year
2022,Funding for Research and Development Related to Battery Reuse and Recycling,innovation_instruments,88600000000.0,krona,SEK,line_item,2022 budgetpropositionen-for-2022hela-dokumentet-prop.2021221.pdf,2341,Data/input/finance_bills/Sweden/2022 budgetpropositionen-for-2022hela-dokumentet-prop.2021221.pdf,,Grants for research and development related to battery reuse and recycling,covered_by_final_series,,,"This funding is specifically aimed at battery reuse and recycling, a critical R&D area."
2022,Funding for Research and Education at Doctoral Level,higher_education,,,,,,,,,,covered_by_final_series,,,gap: no matching rows in this year
2022,Funding for research related to the Competition Authority's area of activity,direct_rd,,,,,,,,,,covered_by_final_series,,,gap: no matching rows in this year
2022,Goteborgs Universitet,higher_education,1743620000.0,krona,SEK,line_item,2022 budgetpropositionen-for-2022hela-dokumentet-prop.2021221.pdf,1835,Data/input/finance_bills/Sweden/2022 budgetpropositionen-for-2022hela-dokumentet-prop.2021221.pdf,,Research and Education at Doctoral Level,covered_by_final_series,,,
2022,Grant for Basic and Applied Research in the Agricultural Sector,direct_rd,713664000.0,krona,SEK,line_item,2022 budgetpropositionen-for-2022hela-dokumentet-prop.2021221.pdf,2684,Data/input/finance_bills/Sweden/2022 budgetpropositionen-for-2022hela-dokumentet-prop.2021221.pdf,,The appropriation may be used for expenses to support basic research and need-driven research for the agricultural sectors.,covered_by_final_series,,,Provides funding for basic and applied research in agriculture.
2022,Grant for Compensation to University for Research and Education at Doctoral Level,higher_education,,,,,,,,,,covered_by_final_series,,,gap: no matching rows in this year
2022,Grant for Research Support in Environmental and Community Building Areas,direct_rd,1104908000.0,krona,SEK,program_total,2022 budgetpropositionen-for-2022hela-dokumentet-prop.2021221.pdf,2374,Data/input/finance_bills/Sweden/2022 budgetpropositionen-for-2022hela-dokumentet-prop.2021221.pdf,,Appropriation for support to research in the areas of environment and community building.,covered_by_final_series,,,This grant supports research in environmental and community development.
2022,Grant for Research and Research Information,direct_rd,7028846000.0,krona,SEK,line_item,2022 budgetpropositionen-for-2022hela-dokumentet-prop.2021221.pdf,1936,Data/input/finance_bills/Sweden/2022 budgetpropositionen-for-2022hela-dokumentet-prop.2021221.pdf,,Appropriation for Research and Research Information,covered_by_final_series,,,This fund is specifically for research activities and information dissemination.
2022,Grant for Special Initiatives for Higher Education and Research,higher_education,950902000.0,krona,SEK,line_item,2022 budgetpropositionen-for-2022hela-dokumentet-prop.2021221.pdf,1910,Data/input/finance_bills/Sweden/2022 budgetpropositionen-for-2022hela-dokumentet-prop.2021221.pdf,,The appropriation may be used for expenses for special initiatives for higher education and research within the higher education sector.,covered_by_final_series,,,This grant supports special initiatives in higher education and research.
2022,Grants for Business Development and Innovation,innovation_instruments,269472000.0,krona,SEK,line_item,2022 budgetpropositionen-for-2022hela-dokumentet-prop.2021221.pdf,2695,Data/input/finance_bills/Sweden/2022 budgetpropositionen-for-2022hela-dokumentet-prop.2021221.pdf,,Support for business development and innovation,covered_by_final_series,,,"This grant supports business development and innovation, relevant to R&D."
2022,Halmstad University - Research and Education at Doctoral Level,higher_education,103157000.0,krona,SEK,line_item,2022 budgetpropositionen-for-2022hela-dokumentet-prop.2021221.pdf,1673,Data/input/finance_bills/Sweden/2022 budgetpropositionen-for-2022hela-dokumentet-prop.2021221.pdf,,Halmstad University: Research and education at doctoral level,covered_by_final_series,,,This institution focuses on doctoral level research and education.
2022,Higher Education Institutions' Revenues from State Grants for Research and Education at Doctoral Level,higher_education,20100000000.0,krona,SEK,line_item,2022 budgetpropositionen-for-2022hela-dokumentet-prop.2021221.pdf,1804,Data/input/finance_bills/Sweden/2022 budgetpropositionen-for-2022hela-dokumentet-prop.2021221.pdf,,Higher education institutions' revenues from state appropriations for research and doctoral education,covered_by_final_series,,,This funding supports research and education at the doctoral level.
2022,Increased Appropriations for Research and Education at Doctoral Level,higher_education,720000000.0,krona,SEK,line_item,2022 budgetpropositionen-for-2022hela-dokumentet-prop.2021221.pdf,1823,Data/input/finance_bills/Sweden/2022 budgetpropositionen-for-2022hela-dokumentet-prop.2021221.pdf,,Increased appropriations for research and education at doctoral level,covered_by_final_series,,,Increases funding for doctoral level research and education.
2022,Increased Research Grants,direct_rd,870000000.0,krona,SEK,line_item,2022 budgetpropositionen-for-2022hela-dokumentet-prop.2021221.pdf,1911,Data/input/finance_bills/Sweden/2022 budgetpropositionen-for-2022hela-dokumentet-prop.2021221.pdf,,Increased research appropriations,covered_by_final_series,,,This refers to increased funding for research activities.
2022,Karlstad University: Research and Education at Doctoral Level,higher_education,285401000.0,krona,SEK,program_total,2022 budgetpropositionen-for-2022hela-dokumentet-prop.2021221.pdf,1853,Data/input/finance_bills/Sweden/2022 budgetpropositionen-for-2022hela-dokumentet-prop.2021221.pdf,,Total budget for research and education at the doctoral level,covered_by_final_series,,,This funding supports research and education at the doctoral level.
2022,Karolinska Institutet,higher_education,1749545000.0,krona,SEK,program_total,2022 budgetpropositionen-for-2022hela-dokumentet-prop.2021221.pdf,1845,Data/input/finance_bills/Sweden/2022 budgetpropositionen-for-2022hela-dokumentet-prop.2021221.pdf,,Research and Education at Doctoral Level,covered_by_final_series,,,
2022,Kristianstad University: Research and doctoral education,higher_education,99395000.0,krona,SEK,line_item,2022 budgetpropositionen-for-2022hela-dokumentet-prop.2021221.pdf,1674,Data/input/finance_bills/Sweden/2022 budgetpropositionen-for-2022hela-dokumentet-prop.2021221.pdf,,Kristianstad University: Research and education at doctoral level,covered_by_final_series,,,This entity is involved in research and doctoral education.
2022,Kungliga Tekniska Hogskolan (KTH),higher_education,1843660000.0,krona,SEK,line_item,2022 budgetpropositionen-for-2022hela-dokumentet-prop.2021221.pdf,1848,Data/input/finance_bills/Sweden/2022 budgetpropositionen-for-2022hela-dokumentet-prop.2021221.pdf,,Proposed/estimated appropriation,covered_by_final_series,,,
2022,Laboratory support for future pandemics,direct_rd,40000000.0,krona,SEK,line_item,2022 budgetpropositionen-for-2022hela-dokumentet-prop.2021221.pdf,1932,Data/input/finance_bills/Sweden/2022 budgetpropositionen-for-2022hela-dokumentet-prop.2021221.pdf,,Laboratory Support for Future Pandemics,covered_by_final_series,,,This program is directly related to R&D in pandemic preparedness.
2022,Life Science,direct_rd,170000000.0,krona,SEK,line_item,2022 budgetpropositionen-for-2022hela-dokumentet-prop.2021221.pdf,1932,Data/input/finance_bills/Sweden/2022 budgetpropositionen-for-2022hela-dokumentet-prop.2021221.pdf,,Life Science,covered_by_final_series,,,"This entity is focused on research in the life sciences, indicating R&D relevance."
2022,Linkoepings Universitet,higher_education,1067162000.0,krona,SEK,program_total,2022 budgetpropositionen-for-2022hela-dokumentet-prop.2021221.pdf,1843,Data/input/finance_bills/Sweden/2022 budgetpropositionen-for-2022hela-dokumentet-prop.2021221.pdf,,Research and Education at Doctoral Level,covered_by_final_series,,,
2022,Linnaeus University: Research and Doctoral Education,higher_education,390389000.0,krona,SEK,program_total,2022 budgetpropositionen-for-2022hela-dokumentet-prop.2021221.pdf,1856,Data/input/finance_bills/Sweden/2022 budgetpropositionen-for-2022hela-dokumentet-prop.2021221.pdf,,Proposed/estimated appropriation,covered_by_final_series,,,"This entity is involved in research and doctoral education, contributing to R&D."
2022,Lunds Universitet,higher_education,2432733000.0,krona,SEK,line_item,2022 budgetpropositionen-for-2022hela-dokumentet-prop.2021221.pdf,1832,Data/input/finance_bills/Sweden/2022 budgetpropositionen-for-2022hela-dokumentet-prop.2021221.pdf,,Research and Education at Doctoral Level,covered_by_final_series,,,
2022,Naringsdepartementet / UO 24 (total),rd_ministry,3926000.0,krona,SEK,section_total,2022 budgetpropositionen-for-2022hela-dokumentet-prop.2021221.pdf,162,Data/input/finance_bills/Sweden/2022 budgetpropositionen-for-2022hela-dokumentet-prop.2021221.pdf,,Total budget for UO 24,covered_by_final_series,,,UO 24 section total. Contains VINNOVA and industrial R&D. Use only if individual lines unavailable.
2022,Operational support for bio-CCS,direct_rd,10000000.0,krona,SEK,line_item,2022 budgetpropositionen-for-2022hela-dokumentet-prop.2021221.pdf,2365,Data/input/finance_bills/Sweden/2022 budgetpropositionen-for-2022hela-dokumentet-prop.2021221.pdf,,Operational support for bio-CCS,covered_by_final_series,,,Supports research and development in bio-CCS technologies.
2022,Practice-Near School Research,higher_education,,,,,,,,,,covered_by_final_series,,,gap: no matching rows in this year
2022,RISE (Research Institutes of Sweden),science_agency,95000.0,krona,SEK,line_item,2022 budgetpropositionen-for-2022hela-dokumentet-prop.2021221.pdf,1934,Data/input/finance_bills/Sweden/2022 budgetpropositionen-for-2022hela-dokumentet-prop.2021221.pdf,,"Digitalization, Climate, Societal Transition",covered_by_final_series,,,"RISE created 2017 from SP, Swerea, Innventia and others. Predecessor SP dates to 1920."
2022,Research and Co-Financed Research,direct_rd,713664000.0,krona,SEK,line_item,2022 budgetpropositionen-for-2022hela-dokumentet-prop.2021221.pdf,2684,Data/input/finance_bills/Sweden/2022 budgetpropositionen-for-2022hela-dokumentet-prop.2021221.pdf,,The appropriation may be used for expenses to support basic research and need-driven research for the agricultural sectors.,covered_by_final_series,,,Supports both independent and co-financed research projects.
2022,Research and Documentation on Media Development,science_agency,3471000.0,krona,SEK,line_item,2022 budgetpropositionen-for-2022hela-dokumentet-prop.2021221.pdf,1962,Data/input/finance_bills/Sweden/2022 budgetpropositionen-for-2022hela-dokumentet-prop.2021221.pdf,,Allocated under appropriation 11:2 Research and Documentation on Media Development.,covered_by_final_series,,,"Focuses on media development research, indicating R&D relevance."
2022,Research and Education at Doctoral Level for 2022,higher_education,116196000000.0,krona,SEK,line_item,2022 budgetpropositionen-for-2022hela-dokumentet-prop.2021221.pdf,1882,Data/input/finance_bills/Sweden/2022 budgetpropositionen-for-2022hela-dokumentet-prop.2021221.pdf,,Research and education at doctoral level for 2022,covered_by_final_series,,,This program supports research and education at the doctoral level.
2022,Research on building materials,direct_rd,35000000.0,krona,SEK,line_item,2022 budgetpropositionen-for-2022hela-dokumentet-prop.2021221.pdf,2740,Data/input/finance_bills/Sweden/2022 budgetpropositionen-for-2022hela-dokumentet-prop.2021221.pdf,,Research on building materials,covered_by_final_series,,,This program is focused on R&D in building materials.
2022,Rymdstyrelsen,science_agency,1227356000.0,krona,SEK,line_item,2022 budgetpropositionen-for-2022hela-dokumentet-prop.2021221.pdf,1941,Data/input/finance_bills/Sweden/2022 budgetpropositionen-for-2022hela-dokumentet-prop.2021221.pdf,,Allocated 2021,covered_by_final_series,,,
2022,SMHI,science_agency,2000000000.0,krona,SEK,line_item,2022 budgetpropositionen-for-2022hela-dokumentet-prop.2021221.pdf,6,Data/input/finance_bills/Sweden/2022 budgetpropositionen-for-2022hela-dokumentet-prop.2021221.pdf,,Swedish Meteorological and Hydrological Institute,covered_by_final_series,,,
2022,SSF (Stiftelsen for Strategisk Forskning),science_agency,,,,,,,,,,covered_by_final_series,,,gap: no matching rows in this year
2022,State Investments in Research,innovation_instruments,37726000.0,krona,SEK,line_item,2022 budgetpropositionen-for-2022hela-dokumentet-prop.2021221.pdf,155,Data/input/finance_bills/Sweden/2022 budgetpropositionen-for-2022hela-dokumentet-prop.2021221.pdf,,State investments in research,covered_by_final_series,,,This fund supports various research initiatives.
2022,Stockholms Universitet,higher_education,1779111000.0,krona,SEK,program_total,2022 budgetpropositionen-for-2022hela-dokumentet-prop.2021221.pdf,1838,Data/input/finance_bills/Sweden/2022 budgetpropositionen-for-2022hela-dokumentet-prop.2021221.pdf,,Research and Education at Doctoral Level,covered_by_final_series,,,
2022,Support to Northvolt AB for battery cell development and electrification campus,direct_rd,238000000000.0,krona,SEK,line_item,2022 budgetpropositionen-for-2022hela-dokumentet-prop.2021221.pdf,2416,Data/input/finance_bills/Sweden/2022 budgetpropositionen-for-2022hela-dokumentet-prop.2021221.pdf,,Support to Northvolt AB for the development of battery cells and the expansion of an electrification campus for battery research,covered_by_final_series,,,This support is directly aimed at battery research and development.
2022,Swedish Defence University: Research and doctoral education,science_agency,24275000.0,krona,SEK,program_total,2022 budgetpropositionen-for-2022hela-dokumentet-prop.2021221.pdf,1903,Data/input/finance_bills/Sweden/2022 budgetpropositionen-for-2022hela-dokumentet-prop.2021221.pdf,,Total budget for research and education at doctoral level,covered_by_final_series,,,Focuses on advanced research and education in defense-related fields.
2022,Swedish Transport Administration Research Institute,science_agency,,,,,,,,,,covered_by_final_series,,,gap: no matching rows in this year
2022,Swedish University of Agricultural Sciences,higher_education,2134808000.0,krona,SEK,program_total,2022 budgetpropositionen-for-2022hela-dokumentet-prop.2021221.pdf,2682,Data/input/finance_bills/Sweden/2022 budgetpropositionen-for-2022hela-dokumentet-prop.2021221.pdf,,"The appropriation may be used for expenses for higher education at the basic and advanced levels as well as for research and education at the doctoral level in food production, animal husbandry, animal health and animal welfare, forestry, forest management and processing of forest raw materials, rural development, recreation and leisure, as well as landscape planning and land use in urban areas and urban-adjacent environments.",covered_by_final_series,,,This university conducts significant agricultural research.
2022,"Targeted Support for Research, Development, and Market Introduction for Construction Machinery",direct_rd,50000000000.0,krona,SEK,line_item,2022 budgetpropositionen-for-2022hela-dokumentet-prop.2021221.pdf,2402,Data/input/finance_bills/Sweden/2022 budgetpropositionen-for-2022hela-dokumentet-prop.2021221.pdf,,"Targeted support for research, development, and market introduction for work machines",covered_by_final_series,,,Direct support for R&D in construction machinery.
2022,Temporary Research Grants,direct_rd,500000000.0,krona,SEK,line_item,2022 budgetpropositionen-for-2022hela-dokumentet-prop.2021221.pdf,1932,Data/input/finance_bills/Sweden/2022 budgetpropositionen-for-2022hela-dokumentet-prop.2021221.pdf,,Temporary Research Grants,covered_by_final_series,,,These grants are allocated for various research projects.
2022,The Grant can also be used for Research and Development Expenses,innovation_instruments,,,,,,,,,,covered_by_final_series,,,gap: no matching rows in this year
2022,The Grant may be used to Finance Research and Technological Development,innovation_instruments,831905000.0,krona,SEK,line_item,2022 budgetpropositionen-for-2022hela-dokumentet-prop.2021221.pdf,707,Data/input/finance_bills/Sweden/2022 budgetpropositionen-for-2022hela-dokumentet-prop.2021221.pdf,,The appropriation may be used to finance research and technology development.,covered_by_final_series,,,This grant explicitly states its use for financing research and technological development.
2022,Total Budget for Industrial Research and Innovation,innovation_instruments,,,,,,,,,,covered_by_final_series,,,gap: no matching rows in this year
2022,Total Budget for Research and Education at Doctoral Level,higher_education,125467000.0,krona,SEK,program_total,2022 budgetpropositionen-for-2022hela-dokumentet-prop.2021221.pdf,1901,Data/input/finance_bills/Sweden/2022 budgetpropositionen-for-2022hela-dokumentet-prop.2021221.pdf,,Total budget for research and education at doctoral level,covered_by_final_series,,,This budget directly supports doctoral research and education.
2022,Total Budget for Research and Education at the Doctoral Level,higher_education,1843660000.0,krona,SEK,program_total,2022 budgetpropositionen-for-2022hela-dokumentet-prop.2021221.pdf,1848,Data/input/finance_bills/Sweden/2022 budgetpropositionen-for-2022hela-dokumentet-prop.2021221.pdf,,Total budget for research and education at the doctoral level,covered_by_final_series,,,"This budget supports research and education at the doctoral level, indicating R&D relevance."
2022,Total budget for research and research information,direct_rd,7028846000.0,krona,SEK,section_total,2022 budgetpropositionen-for-2022hela-dokumentet-prop.2021221.pdf,1938,Data/input/finance_bills/Sweden/2022 budgetpropositionen-for-2022hela-dokumentet-prop.2021221.pdf,,Total budget for research and research information,covered_by_final_series,,,This budget is directly related to research activities.
2022,Umea Universitet,higher_education,1231968000.0,krona,SEK,program_total,2022 budgetpropositionen-for-2022hela-dokumentet-prop.2021221.pdf,1840,Data/input/finance_bills/Sweden/2022 budgetpropositionen-for-2022hela-dokumentet-prop.2021221.pdf,,Research and Education at Doctoral Level,covered_by_final_series,,,
2022,Universiteterna (collective Sweden),higher_education,,,,,,,,,,covered_by_final_series,,,gap: no matching rows in this year
2022,Universities and Colleges,higher_education,78000000000.0,krona,SEK,section_total,2022 budgetpropositionen-for-2022hela-dokumentet-prop.2021221.pdf,1800,Data/input/finance_bills/Sweden/2022 budgetpropositionen-for-2022hela-dokumentet-prop.2021221.pdf,,Total costs for operations at state universities and colleges as well as private educational providers,covered_by_final_series,,,Funding for universities and colleges is inherently related to R&D activities.
2022,University West: Research and doctoral education,higher_education,93697000.0,krona,SEK,program_total,2022 budgetpropositionen-for-2022hela-dokumentet-prop.2021221.pdf,1892,Data/input/finance_bills/Sweden/2022 budgetpropositionen-for-2022hela-dokumentet-prop.2021221.pdf,,Total budget for research and education at doctoral level,covered_by_final_series,,,This entity is involved in research and doctoral education.
2022,University of Skövde: Research and Doctoral Education,higher_education,66586000.0,krona,SEK,program_total,2022 budgetpropositionen-for-2022hela-dokumentet-prop.2021221.pdf,1889,Data/input/finance_bills/Sweden/2022 budgetpropositionen-for-2022hela-dokumentet-prop.2021221.pdf,,Total budget for research and education at doctoral level,covered_by_final_series,,,This entity is involved in research and doctoral education.
2022,Uppsala Universitet,higher_education,2368441000.0,krona,SEK,line_item,2022 budgetpropositionen-for-2022hela-dokumentet-prop.2021221.pdf,1830,Data/input/finance_bills/Sweden/2022 budgetpropositionen-for-2022hela-dokumentet-prop.2021221.pdf,,Research and Education at Doctoral Level,covered_by_final_series,,,
2022,Utbildningsdepartementet / UO 16 (total),rd_ministry,950902000000.0,krona,SEK,section_total,2022 budgetpropositionen-for-2022hela-dokumentet-prop.2021221.pdf,1912,Data/input/finance_bills/Sweden/2022 budgetpropositionen-for-2022hela-dokumentet-prop.2021221.pdf,,Total budget for UO 16,covered_by_final_series,,,UO 16 section total (post-1994). Use only if individual lines unavailable.
2022,VINNOVA,science_agency,3540255000.0,krona,SEK,line_item,2022 budgetpropositionen-for-2022hela-dokumentet-prop.2021221.pdf,203,Data/input/finance_bills/Sweden/2022 budgetpropositionen-for-2022hela-dokumentet-prop.2021221.pdf,,Research and Development,covered_by_final_series,,,Swedish innovation agency created 2001. UO 24 Näringsliv.
2022,Vetenskapsradet (VR),science_agency,7028846000.0,krona,SEK,line_item,2022 budgetpropositionen-for-2022hela-dokumentet-prop.2021221.pdf,1936,Data/input/finance_bills/Sweden/2022 budgetpropositionen-for-2022hela-dokumentet-prop.2021221.pdf,,Appropriation for Research and Research Information,covered_by_final_series,,,"Created 2001 from merger of NFR, TFR, MFR, HSFR, SJFR."
2023,1:3 Strategic Competence Funds for Institutes,innovation_instruments,834268000.0,krona,SEK,line_item,2023 budgetpropositionen-for-2023-hela-dokumentet-prop.2022231-.pdf,2507,Data/input/finance_bills/Sweden/2023 budgetpropositionen-for-2023-hela-dokumentet-prop.2022231-.pdf,,1:3 Strategic Competence Funds for Institutes,covered_by_final_series,,,"This fund supports strategic competence, which can include R&D activities."
2023,1:9 Geoscientific Research,direct_rd,5923000.0,krona,SEK,line_item,2023 budgetpropositionen-for-2023-hela-dokumentet-prop.2022231-.pdf,2507,Data/input/finance_bills/Sweden/2023 budgetpropositionen-for-2023-hela-dokumentet-prop.2022231-.pdf,,1:9 Geoscientific Research,covered_by_final_series,,,This funding is specifically allocated for geoscientific research.
2023,Allocated under appropriation 1:9 Swedish National Road and Transport Research Institute for 2023,direct_rd,83179000.0,krona,SEK,line_item,2023 budgetpropositionen-for-2023-hela-dokumentet-prop.2022231-.pdf,2357,Data/input/finance_bills/Sweden/2023 budgetpropositionen-for-2023-hela-dokumentet-prop.2022231-.pdf,,Allocated under the appropriation 1:9 Swedish Road and Transport Research Institute for 2023.,covered_by_final_series,,,This entity pertains to funding for road and transport research.
2023,"Appropriation for research, investigations and other efforts regarding security policy, disarmament and non-proliferation",direct_rd,79358000.0,krona,SEK,program_total,2023 budgetpropositionen-for-2023-hela-dokumentet-prop.2022231-.pdf,756,Data/input/finance_bills/Sweden/2023 budgetpropositionen-for-2023-hela-dokumentet-prop.2022231-.pdf,,"Appropriation for research, investigations and other efforts regarding security policy, disarmament and non-proliferation",covered_by_final_series,,,This entity is related to funding for research on security policy and disarmament.
2023,Artistic Research and Education at Doctoral Level,higher_education,56410000.0,krona,SEK,line_item,2023 budgetpropositionen-for-2023-hela-dokumentet-prop.2022231-.pdf,1548,Data/input/finance_bills/Sweden/2023 budgetpropositionen-for-2023-hela-dokumentet-prop.2022231-.pdf,,Stockholm University of the Arts: Artistic Research and Education at the Doctoral Level,covered_by_final_series,,,This program supports research and education at the doctoral level in the arts.
2023,Block Grants to Universities for Research,higher_education,94991971000.0,krona,SEK,line_item,2023 budgetpropositionen-for-2023-hela-dokumentet-prop.2022231-.pdf,7,Data/input/finance_bills/Sweden/2023 budgetpropositionen-for-2023-hela-dokumentet-prop.2022231-.pdf,,Block grants to universities for research,covered_by_final_series,,,"These grants support university research, making them relevant for R&D."
2023,Chalmers tekniska hogskola,higher_education,,,,,,,,,,covered_by_final_series,,,gap: no matching rows in this year
2023,Contribution to European Spallation Source ERIC (ESS),innovation_instruments,1004000000.0,krona,SEK,line_item,2023 budgetpropositionen-for-2023-hela-dokumentet-prop.2022231-.pdf,1761,Data/input/finance_bills/Sweden/2023 budgetpropositionen-for-2023-hela-dokumentet-prop.2022231-.pdf,,Authorization for contributions to European Spallation Source ERIC (ESS),covered_by_final_series,,,"This entity supports a major European research facility, making it highly relevant for R&D."
2023,Development Work in Education and Research Areas,higher_education,32643000000.0,krona,SEK,program_total,2023 budgetpropositionen-for-2023-hela-dokumentet-prop.2022231-.pdf,1777,Data/input/finance_bills/Sweden/2023 budgetpropositionen-for-2023-hela-dokumentet-prop.2022231-.pdf,,"Proposal to allocate 32,643,000 kronor under appropriation 4:4 Development Work in the Areas of Education and Research for 2023",covered_by_final_series,,,"This funding supports development work in education and research, relevant to R&D."
2023,Enhanced Research Grant,innovation_instruments,15000000.0,krona,SEK,line_item,2023 budgetpropositionen-for-2023-hela-dokumentet-prop.2022231-.pdf,1739,Data/input/finance_bills/Sweden/2023 budgetpropositionen-for-2023-hela-dokumentet-prop.2022231-.pdf,,Increased research appropriation,covered_by_final_series,,,Provides additional funding for research initiatives.
2023,Expenditure Area 21 Energy,direct_rd,4944849000.0,krona,SEK,section_total,2023 budgetpropositionen-for-2023-hela-dokumentet-prop.2022231-.pdf,2235,Data/input/finance_bills/Sweden/2023 budgetpropositionen-for-2023-hela-dokumentet-prop.2022231-.pdf,,Total appropriations within the expenditure area,covered_by_final_series,,,This area includes funding for energy-related research.
2023,Extension of the National Aeronautical Research Program,direct_rd,32500000.0,krona,SEK,line_item,2023 budgetpropositionen-for-2023-hela-dokumentet-prop.2022231-.pdf,2551,Data/input/finance_bills/Sweden/2023 budgetpropositionen-for-2023-hela-dokumentet-prop.2022231-.pdf,,Extension of the national aeronautical research program,covered_by_final_series,,,Directly related to aeronautical research and development.
2023,FOI / FOA (Totalforsvaret forskningsinstitut),science_agency,262457000.0,krona,SEK,line_item,2023 budgetpropositionen-for-2023-hela-dokumentet-prop.2022231-.pdf,767,Data/input/finance_bills/Sweden/2023 budgetpropositionen-for-2023-hela-dokumentet-prop.2022231-.pdf,,Grants to the Total Defense Research Institute,covered_by_final_series,,,FOA renamed FOI in 2001.
2023,Fees to International Research Organizations,innovation_instruments,,,,,,,,,,covered_by_final_series,,,gap: no matching rows in this year
2023,Formas,science_agency,1107408000.0,krona,SEK,line_item,2023 budgetpropositionen-for-2023-hela-dokumentet-prop.2022231-.pdf,2183,Data/input/finance_bills/Sweden/2023 budgetpropositionen-for-2023-hela-dokumentet-prop.2022231-.pdf,,Proposal,covered_by_final_series,,,
2023,Forte,science_agency,2200000000.0,krona,SEK,line_item,2023 budgetpropositionen-for-2023-hela-dokumentet-prop.2022231-.pdf,1164,Data/input/finance_bills/Sweden/2023 budgetpropositionen-for-2023-hela-dokumentet-prop.2022231-.pdf,,Outstanding commitments,covered_by_final_series,,,FAS until 2013 when renamed Forte.
2023,Funding Increase for Research and Innovation in Nuclear Power,direct_rd,50000000.0,krona,SEK,line_item,2023 budgetpropositionen-for-2023-hela-dokumentet-prop.2022231-.pdf,2270,Data/input/finance_bills/Sweden/2023 budgetpropositionen-for-2023-hela-dokumentet-prop.2022231-.pdf,,"The appropriation increases by 50,000,000 kronor in 2023 for funding additional research and innovation in nuclear power.",covered_by_final_series,,,This funding is explicitly for research and innovation in a specific field.
2023,Funding for Doctoral Research and Education,higher_education,439523000.0,krona,SEK,program_total,2023 budgetpropositionen-for-2023-hela-dokumentet-prop.2022231-.pdf,1692,Data/input/finance_bills/Sweden/2023 budgetpropositionen-for-2023-hela-dokumentet-prop.2022231-.pdf,,Funding for research and education at the doctoral level,covered_by_final_series,,,This funding directly supports research and education at the doctoral level.
2023,Funding for Financial Market Research,direct_rd,59953000.0,krona,SEK,line_item,2023 budgetpropositionen-for-2023-hela-dokumentet-prop.2022231-.pdf,501,Data/input/finance_bills/Sweden/2023 budgetpropositionen-for-2023-hela-dokumentet-prop.2022231-.pdf,,Appropriation for financial market research,covered_by_final_series,,,This funding is specifically for research in financial markets.
2023,Funding for Research and Education at Doctoral Level,higher_education,19538000000.0,krona,SEK,line_item,2023 budgetpropositionen-for-2023-hela-dokumentet-prop.2022231-.pdf,1658,Data/input/finance_bills/Sweden/2023 budgetpropositionen-for-2023-hela-dokumentet-prop.2022231-.pdf,,Appropriation for research and education at the doctoral level in million SEK,covered_by_final_series,,,"This funding supports doctoral research, which is highly relevant to R&D."
2023,Funding for research related to the Competition Authority's area of activity,direct_rd,,,,,,,,,,covered_by_final_series,,,gap: no matching rows in this year
2023,Funding to European Spallation Source ERIC (ESS),innovation_instruments,1004000000000.0,krona,SEK,line_item,2023 budgetpropositionen-for-2023-hela-dokumentet-prop.2022231-.pdf,1547,Data/input/finance_bills/Sweden/2023 budgetpropositionen-for-2023-hela-dokumentet-prop.2022231-.pdf,,"Grants of up to 1,004,000,000 kronor to the European Spallation Source ERIC (ESS)",covered_by_final_series,,,This funding is directed towards a major European research facility.
2023,Goteborgs Universitet,higher_education,2379997000.0,krona,SEK,line_item,2023 budgetpropositionen-for-2023-hela-dokumentet-prop.2022231-.pdf,1678,Data/input/finance_bills/Sweden/2023 budgetpropositionen-for-2023-hela-dokumentet-prop.2022231-.pdf,,Appropriation for higher education at basic and advanced levels,covered_by_final_series,,,
2023,Grant for Compensation to University for Research and Education at Doctoral Level,higher_education,,,,,,,,,,covered_by_final_series,,,gap: no matching rows in this year
2023,Grants for Business Development and Innovation,innovation_instruments,,,,,,,,,,covered_by_final_series,,,gap: no matching rows in this year
2023,Karlstad University: Research and Education at Doctoral Level,higher_education,289358000.0,krona,SEK,program_total,2023 budgetpropositionen-for-2023-hela-dokumentet-prop.2022231-.pdf,1694,Data/input/finance_bills/Sweden/2023 budgetpropositionen-for-2023-hela-dokumentet-prop.2022231-.pdf,,Funding for research and education at the doctoral level,covered_by_final_series,,,This funding supports research and education at the doctoral level.
2023,Karolinska Institutet,higher_education,1773802000.0,krona,SEK,line_item,2023 budgetpropositionen-for-2023-hela-dokumentet-prop.2022231-.pdf,1548,Data/input/finance_bills/Sweden/2023 budgetpropositionen-for-2023-hela-dokumentet-prop.2022231-.pdf,,Karolinska Institute: Research and Education at the Doctoral Level,covered_by_final_series,,,
2023,Kungliga Tekniska Hogskolan (KTH),higher_education,1869222000.0,krona,SEK,line_item,2023 budgetpropositionen-for-2023-hela-dokumentet-prop.2022231-.pdf,1548,Data/input/finance_bills/Sweden/2023 budgetpropositionen-for-2023-hela-dokumentet-prop.2022231-.pdf,,Royal Institute of Technology: Research and Education at the Doctoral Level,covered_by_final_series,,,
2023,Linkoepings Universitet,higher_education,1081958000.0,krona,SEK,line_item,2023 budgetpropositionen-for-2023-hela-dokumentet-prop.2022231-.pdf,1548,Data/input/finance_bills/Sweden/2023 budgetpropositionen-for-2023-hela-dokumentet-prop.2022231-.pdf,,Linköping University: Research and Education at the Doctoral Level,covered_by_final_series,,,
2023,Linnaeus University: Research and Doctoral Education,higher_education,395801000.0,krona,SEK,program_total,2023 budgetpropositionen-for-2023-hela-dokumentet-prop.2022231-.pdf,1696,Data/input/finance_bills/Sweden/2023 budgetpropositionen-for-2023-hela-dokumentet-prop.2022231-.pdf,,Funding for research and education at the doctoral level,covered_by_final_series,,,"This entity is involved in research and doctoral education, contributing to R&D."
2023,Lunds Universitet,higher_education,2466462000.0,krona,SEK,line_item,2023 budgetpropositionen-for-2023-hela-dokumentet-prop.2022231-.pdf,1548,Data/input/finance_bills/Sweden/2023 budgetpropositionen-for-2023-hela-dokumentet-prop.2022231-.pdf,,Lund University: Research and Education at the Doctoral Level,covered_by_final_series,,,
2023,Membership Fee to the Joint Undertaking for a European High-Performance Computing System (Euro-HPC),innovation_instruments,25000000000.0,krona,SEK,line_item,2023 budgetpropositionen-for-2023-hela-dokumentet-prop.2022231-.pdf,1547,Data/input/finance_bills/Sweden/2023 budgetpropositionen-for-2023-hela-dokumentet-prop.2022231-.pdf,,Membership fee to the joint company for a European high-performance computing system (Euro-HPC),covered_by_final_series,,,Participation in a European initiative for high-performance computing indicates R&D relevance.
2023,Naringsdepartementet / UO 24 (total),rd_ministry,0.0,krona,SEK,section_total,2023 budgetpropositionen-for-2023-hela-dokumentet-prop.2022231-.pdf,2549-2557,Data/input/finance_bills/Sweden/2023 budgetpropositionen-for-2023-hela-dokumentet-prop.2022231-.pdf,,Total budget for UO 24,covered_by_final_series,,,UO 24 section total. Contains VINNOVA and industrial R&D. Use only if individual lines unavailable.
2023,Practice-Near School Research,higher_education,72100000.0,krona,SEK,line_item,2023 budgetpropositionen-for-2023-hela-dokumentet-prop.2022231-.pdf,1624,Data/input/finance_bills/Sweden/2023 budgetpropositionen-for-2023-hela-dokumentet-prop.2022231-.pdf,,Practice-based school research,covered_by_final_series,,,This program focuses on research related to educational practices.
2023,RISE (Research Institutes of Sweden),science_agency,1054000000.0,krona,SEK,line_item,2023 budgetpropositionen-for-2023-hela-dokumentet-prop.2022231-.pdf,2532,Data/input/finance_bills/Sweden/2023 budgetpropositionen-for-2023-hela-dokumentet-prop.2022231-.pdf,,State grants to the RISE group,covered_by_final_series,,,"RISE created 2017 from SP, Swerea, Innventia and others. Predecessor SP dates to 1920."
2023,Research and Co-Financed Research,direct_rd,738664000.0,krona,SEK,program_total,2023 budgetpropositionen-for-2023-hela-dokumentet-prop.2022231-.pdf,2493,Data/input/finance_bills/Sweden/2023 budgetpropositionen-for-2023-hela-dokumentet-prop.2022231-.pdf,,Proposal,covered_by_final_series,,,Supports both independent and co-financed research projects.
2023,Rymdstyrelsen,science_agency,1297356000.0,krona,SEK,program_total,2023 budgetpropositionen-for-2023-hela-dokumentet-prop.2022231-.pdf,1764,Data/input/finance_bills/Sweden/2023 budgetpropositionen-for-2023-hela-dokumentet-prop.2022231-.pdf,,Total budget for Space Research and Space Activities,covered_by_final_series,,,
2023,SMHI,science_agency,283581000.0,krona,SEK,line_item,2023 budgetpropositionen-for-2023-hela-dokumentet-prop.2022231-.pdf,2158,Data/input/finance_bills/Sweden/2023 budgetpropositionen-for-2023-hela-dokumentet-prop.2022231-.pdf,,Allocated under appropriation 1:9 Swedish Meteorological and Hydrological Institute for 2023.,covered_by_final_series,,,
2023,SSF (Stiftelsen for Strategisk Forskning),science_agency,,,,,,,,,,covered_by_final_series,,,gap: no matching rows in this year
2023,Stockholms Universitet,higher_education,1803777000.0,krona,SEK,line_item,2023 budgetpropositionen-for-2023-hela-dokumentet-prop.2022231-.pdf,1548,Data/input/finance_bills/Sweden/2023 budgetpropositionen-for-2023-hela-dokumentet-prop.2022231-.pdf,,Stockholm University: Research and Education at the Doctoral Level,covered_by_final_series,,,
2023,Swedish Defence University: Research and doctoral education,science_agency,,,,,,,,,,covered_by_final_series,,,gap: no matching rows in this year
2023,Swedish Transport Administration Research Institute,science_agency,,,,,,,,,,covered_by_final_series,,,gap: no matching rows in this year
2023,Swedish University of Agricultural Sciences,higher_education,2261000000.0,krona,SEK,line_item,2023 budgetpropositionen-for-2023-hela-dokumentet-prop.2022231-.pdf,2448,Data/input/finance_bills/Sweden/2023 budgetpropositionen-for-2023-hela-dokumentet-prop.2022231-.pdf,,Grants for research,covered_by_final_series,,,This university conducts significant agricultural research.
2023,The Grant can also be used for Research and Development Expenses,innovation_instruments,18659000.0,krona,SEK,line_item,2023 budgetpropositionen-for-2023-hela-dokumentet-prop.2022231-.pdf,1816,Data/input/finance_bills/Sweden/2023 budgetpropositionen-for-2023-hela-dokumentet-prop.2022231-.pdf,,The appropriation may also be used for expenses for research and development efforts.,covered_by_final_series,,,Explicitly mentions funding for R&D activities.
2023,Total Budget for Industrial Research and Innovation,innovation_instruments,,,,,,,,,,covered_by_final_series,,,gap: no matching rows in this year
2023,Total Budget for Research and Development,direct_rd,3439755000.0,krona,SEK,program_total,2023 budgetpropositionen-for-2023-hela-dokumentet-prop.2022231-.pdf,2551,Data/input/finance_bills/Sweden/2023 budgetpropositionen-for-2023-hela-dokumentet-prop.2022231-.pdf,,Total budget for research and development,covered_by_final_series,,,This budget is explicitly for research and development activities.
2023,Total Budget for Research and Education at Doctoral Level,higher_education,,,,,,,,,,covered_by_final_series,,,gap: no matching rows in this year
2023,Umea Universitet,higher_education,1249048000.0,krona,SEK,line_item,2023 budgetpropositionen-for-2023-hela-dokumentet-prop.2022231-.pdf,1548,Data/input/finance_bills/Sweden/2023 budgetpropositionen-for-2023-hela-dokumentet-prop.2022231-.pdf,,Umeå University: Research and Education at the Doctoral Level,covered_by_final_series,,,
2023,Universiteterna (collective Sweden),higher_education,,,,,,,,,,covered_by_final_series,,,gap: no matching rows in this year
2023,Universities and Colleges,higher_education,1003999000.0,krona,SEK,program_total,2023 budgetpropositionen-for-2023-hela-dokumentet-prop.2022231-.pdf,1739,Data/input/finance_bills/Sweden/2023 budgetpropositionen-for-2023-hela-dokumentet-prop.2022231-.pdf,,Total for special expenses within universities and colleges,covered_by_final_series,,,Funding for universities and colleges is inherently related to R&D activities.
2023,Uppsala Universitet,higher_education,2366674000.0,krona,SEK,line_item,2023 budgetpropositionen-for-2023-hela-dokumentet-prop.2022231-.pdf,1548,Data/input/finance_bills/Sweden/2023 budgetpropositionen-for-2023-hela-dokumentet-prop.2022231-.pdf,,Uppsala University: Research and Education at the Doctoral Level,covered_by_final_series,,,
2023,Utbildningsdepartementet / UO 16 (total),rd_ministry,16667948000.0,krona,SEK,section_total,2023 budgetpropositionen-for-2023-hela-dokumentet-prop.2022231-.pdf,1784,Data/input/finance_bills/Sweden/2023 budgetpropositionen-for-2023-hela-dokumentet-prop.2022231-.pdf,,Total budget for UO 16,covered_by_final_series,,,UO 16 section total (post-1994). Use only if individual lines unavailable.
2023,VINNOVA,science_agency,3439755000.0,krona,SEK,line_item,2023 budgetpropositionen-for-2023-hela-dokumentet-prop.2022231-.pdf,2551,Data/input/finance_bills/Sweden/2023 budgetpropositionen-for-2023-hela-dokumentet-prop.2022231-.pdf,,Proposal for 2023,covered_by_final_series,,,Swedish innovation agency created 2001. UO 24 Näringsliv.
2023,Vetenskapsradet (VR),science_agency,1004000000000.0,krona,SEK,line_item,2023 budgetpropositionen-for-2023-hela-dokumentet-prop.2022231-.pdf,1547,Data/input/finance_bills/Sweden/2023 budgetpropositionen-for-2023-hela-dokumentet-prop.2022231-.pdf,,"Grants of up to 1,004,000,000 kronor to the European Spallation Source ERIC (ESS)",covered_by_final_series,,,"Created 2001 from merger of NFR, TFR, MFR, HSFR, SJFR."
2024,1:3 Energy Research,direct_rd,1447723000.0,krona,SEK,line_item,2024 budgetpropositionen-for-2024-hela-dokumentet-prop.2023241.pdf,2286,Data/input/finance_bills/Sweden/2024 budgetpropositionen-for-2024-hela-dokumentet-prop.2023241.pdf,,1:3 Energy Research,covered_by_final_series,,,This program focuses on energy research initiatives.
2024,1:3 Strategic Competence Funds for Institutes,innovation_instruments,834268000.0,krona,SEK,line_item,2024 budgetpropositionen-for-2024-hela-dokumentet-prop.2023241.pdf,2562,Data/input/finance_bills/Sweden/2024 budgetpropositionen-for-2024-hela-dokumentet-prop.2023241.pdf,,1:3 Strategic competence funds for institutes,covered_by_final_series,,,"This fund supports strategic competence, which can include R&D activities."
2024,1:9 Geoscientific Research,direct_rd,5923000.0,krona,SEK,line_item,2024 budgetpropositionen-for-2024-hela-dokumentet-prop.2023241.pdf,2562,Data/input/finance_bills/Sweden/2024 budgetpropositionen-for-2024-hela-dokumentet-prop.2023241.pdf,,1:9 Geoscientific research,covered_by_final_series,,,This funding is specifically allocated for geoscientific research.
2024,Chalmers tekniska hogskola,higher_education,,,,,,,,,,covered_by_final_series,,,gap: no matching rows in this year
2024,"Climate, Environment and Nature",science_agency,19307359000.0,krona,SEK,section_total,2024 budgetpropositionen-for-2024-hela-dokumentet-prop.2023241.pdf,2120,Data/input/finance_bills/Sweden/2024 budgetpropositionen-for-2024-hela-dokumentet-prop.2023241.pdf,,Total appropriations within the expenditure area,covered_by_final_series,,,This funding is related to research in climate and environmental sciences.
2024,"Compensation for Number of HST, Basic Amount for Research, Compensation Quality in Clinical Research",direct_rd,690457000.0,krona,SEK,line_item,2024 budgetpropositionen-for-2024-hela-dokumentet-prop.2023241.pdf,1764,Data/input/finance_bills/Sweden/2024 budgetpropositionen-for-2024-hela-dokumentet-prop.2023241.pdf,,"Compensation for number of full-time students, Basic amount for research, Compensation for quality in clinical research",covered_by_final_series,,,This funding is aimed at supporting clinical research activities.
2024,Contribution to European Spallation Source ERIC (ESS),innovation_instruments,1217000000.0,krona,SEK,line_item,2024 budgetpropositionen-for-2024-hela-dokumentet-prop.2023241.pdf,1569,Data/input/finance_bills/Sweden/2024 budgetpropositionen-for-2024-hela-dokumentet-prop.2023241.pdf,,Grants to European Spallation Source ERIC (ESS),covered_by_final_series,,,"This entity supports a major European research facility, making it highly relevant for R&D."
2024,Development Work in Education and Research Areas,higher_education,23373000.0,krona,SEK,line_item,2024 budgetpropositionen-for-2024-hela-dokumentet-prop.2023241.pdf,1801,Data/input/finance_bills/Sweden/2024 budgetpropositionen-for-2024-hela-dokumentet-prop.2023241.pdf,,"The government proposes that 23,373,000 kronor be allocated under appropriation 4:4 Development Work in Education and Research for 2024.",covered_by_final_series,,,"This funding supports development work in education and research, relevant to R&D."
2024,Expenditure Area 21 Energy,direct_rd,,,,,,,,,,covered_by_final_series,,,gap: no matching rows in this year
2024,FOI / FOA (Totalforsvaret forskningsinstitut),science_agency,262457000.0,krona,SEK,line_item,2024 budgetpropositionen-for-2024-hela-dokumentet-prop.2023241.pdf,886,Data/input/finance_bills/Sweden/2024 budgetpropositionen-for-2024-hela-dokumentet-prop.2023241.pdf,,Appropriation,covered_by_final_series,,,FOA renamed FOI in 2001.
2024,Fees to International Research Organizations,innovation_instruments,420061000.0,krona,SEK,program_total,2024 budgetpropositionen-for-2024-hela-dokumentet-prop.2023241.pdf,1785,Data/input/finance_bills/Sweden/2024 budgetpropositionen-for-2024-hela-dokumentet-prop.2023241.pdf,,Fees to international research organizations,covered_by_final_series,,,This funding supports participation in international research initiatives.
2024,Formas,science_agency,738664000.0,krona,SEK,line_item,2024 budgetpropositionen-for-2024-hela-dokumentet-prop.2023241.pdf,2551,Data/input/finance_bills/Sweden/2024 budgetpropositionen-for-2024-hela-dokumentet-prop.2023241.pdf,,Appropriation,covered_by_final_series,,,
2024,Forte,science_agency,819503000.0,krona,SEK,line_item,2024 budgetpropositionen-for-2024-hela-dokumentet-prop.2023241.pdf,1176,Data/input/finance_bills/Sweden/2024 budgetpropositionen-for-2024-hela-dokumentet-prop.2023241.pdf,,Appropriation,covered_by_final_series,,,FAS until 2013 when renamed Forte.
2024,Funding for Financial Market Research,direct_rd,59353000.0,krona,SEK,program_total,2024 budgetpropositionen-for-2024-hela-dokumentet-prop.2023241.pdf,579,Data/input/finance_bills/Sweden/2024 budgetpropositionen-for-2024-hela-dokumentet-prop.2023241.pdf,,Appropriation for financial market research,covered_by_final_series,,,This funding is specifically for research in financial markets.
2024,Funding for MAX IV,innovation_instruments,40000000.0,krona,SEK,line_item,2024 budgetpropositionen-for-2024-hela-dokumentet-prop.2023241.pdf,1782,Data/input/finance_bills/Sweden/2024 budgetpropositionen-for-2024-hela-dokumentet-prop.2023241.pdf,,Supplement to MAX IV,covered_by_final_series,,,Funding for MAX IV is relevant to research and development in materials science.
2024,Funding for research related to the Competition Authority's area of activity,direct_rd,10804000.0,krona,SEK,line_item,2024 budgetpropositionen-for-2024-hela-dokumentet-prop.2023241.pdf,2619,Data/input/finance_bills/Sweden/2024 budgetpropositionen-for-2024-hela-dokumentet-prop.2023241.pdf,,Funding for research related to the Competition Authority's area of activity,covered_by_final_series,,,Supports research that may enhance competition and market efficiency.
2024,Genetic Engineering Committee,innovation_instruments,4911000.0,krona,SEK,line_item,2024 budgetpropositionen-for-2024-hela-dokumentet-prop.2023241.pdf,1798,Data/input/finance_bills/Sweden/2024 budgetpropositionen-for-2024-hela-dokumentet-prop.2023241.pdf,,"The government proposes that 4,911,000 kronor be allocated under appropriation 3:14 Gene Technology Board for 2024.",covered_by_final_series,,,Funding for genetic engineering indicates strong R&D relevance.
2024,Goteborgs Universitet,higher_education,1819634000.0,krona,SEK,line_item,2024 budgetpropositionen-for-2024-hela-dokumentet-prop.2023241.pdf,1701,Data/input/finance_bills/Sweden/2024 budgetpropositionen-for-2024-hela-dokumentet-prop.2023241.pdf,,The appropriation may be used for compensation to the university for research and education at doctoral level.,covered_by_final_series,,,
2024,Government proposes allocation for special research expenses for 2024,direct_rd,93995000.0,krona,SEK,line_item,2024 budgetpropositionen-for-2024-hela-dokumentet-prop.2023241.pdf,1796,Data/input/finance_bills/Sweden/2024 budgetpropositionen-for-2024-hela-dokumentet-prop.2023241.pdf,,"The government proposes that 93,995,000 kronor be allocated under appropriation 3:13 Special Expenses for Research Purposes for 2024.",covered_by_final_series,,,This allocation is specifically for research purposes.
2024,Grant 1:4 Research and Technology Development,direct_rd,1074905000.0,krona,SEK,program_total,2024 budgetpropositionen-for-2024-hela-dokumentet-prop.2023241.pdf,830,Data/input/finance_bills/Sweden/2024 budgetpropositionen-for-2024-hela-dokumentet-prop.2023241.pdf,,Appropriation 1:4 Research and Technology Development,covered_by_final_series,,,This grant supports research and technology development.
2024,Grant for Compensation to University for Research and Education at Doctoral Level,higher_education,2554257000.0,krona,SEK,line_item,2024 budgetpropositionen-for-2024-hela-dokumentet-prop.2023241.pdf,1699,Data/input/finance_bills/Sweden/2024 budgetpropositionen-for-2024-hela-dokumentet-prop.2023241.pdf,,The appropriation may be used for compensation to the university for research and education at doctoral level.,covered_by_final_series,,,This grant supports research and education at the doctoral level.
2024,Grant for the Geological Survey of Sweden,science_agency,55879000.0,krona,SEK,line_item,2024 budgetpropositionen-for-2024-hela-dokumentet-prop.2023241.pdf,2045,Data/input/finance_bills/Sweden/2024 budgetpropositionen-for-2024-hela-dokumentet-prop.2023241.pdf,,Appropriation for the Swedish Geotechnical Institute,covered_by_final_series,,,This funding supports a geological research institute.
2024,Grants for Business Development and Innovation,innovation_instruments,679472000.0,krona,SEK,line_item,2024 budgetpropositionen-for-2024-hela-dokumentet-prop.2023241.pdf,318,Data/input/finance_bills/Sweden/2024 budgetpropositionen-for-2024-hela-dokumentet-prop.2023241.pdf,,Grants for Business Development and Innovation,covered_by_final_series,,,"This grant supports business development and innovation, relevant to R&D."
2024,Institute of Space Physics Management,science_agency,63553000.0,krona,SEK,program_total,2024 budgetpropositionen-for-2024-hela-dokumentet-prop.2023241.pdf,1788,Data/input/finance_bills/Sweden/2024 budgetpropositionen-for-2024-hela-dokumentet-prop.2023241.pdf,,Administration of the Institute for Space Physics,covered_by_final_series,,,"This institute focuses on space physics research, relevant for R&D."
2024,Karlstad University: Research and Education at Doctoral Level,higher_education,297629000.0,krona,SEK,program_total,2024 budgetpropositionen-for-2024-hela-dokumentet-prop.2023241.pdf,1716,Data/input/finance_bills/Sweden/2024 budgetpropositionen-for-2024-hela-dokumentet-prop.2023241.pdf,,Total budget for research and education at doctoral level,covered_by_final_series,,,This funding supports research and education at the doctoral level.
2024,Karolinska Institutet,higher_education,1825779000.0,krona,SEK,line_item,2024 budgetpropositionen-for-2024-hela-dokumentet-prop.2023241.pdf,1709,Data/input/finance_bills/Sweden/2024 budgetpropositionen-for-2024-hela-dokumentet-prop.2023241.pdf,,Appropriation for Research and Education at the Doctoral Level,covered_by_final_series,,,
2024,Kungliga Tekniska Hogskolan (KTH),higher_education,1944253000.0,krona,SEK,line_item,2024 budgetpropositionen-for-2024-hela-dokumentet-prop.2023241.pdf,1711,Data/input/finance_bills/Sweden/2024 budgetpropositionen-for-2024-hela-dokumentet-prop.2023241.pdf,,Appropriation for Research and Education at the Doctoral Level,covered_by_final_series,,,
2024,Linkoepings Universitet,higher_education,252954000.0,krona,SEK,line_item,2024 budgetpropositionen-for-2024-hela-dokumentet-prop.2023241.pdf,1764,Data/input/finance_bills/Sweden/2024 budgetpropositionen-for-2024-hela-dokumentet-prop.2023241.pdf,,"Compensation for number of full-time students, Basic amount for research, Compensation for quality in clinical research",covered_by_final_series,,,
2024,Linnaeus University: Research and Doctoral Education,higher_education,406967000.0,krona,SEK,program_total,2024 budgetpropositionen-for-2024-hela-dokumentet-prop.2023241.pdf,1718,Data/input/finance_bills/Sweden/2024 budgetpropositionen-for-2024-hela-dokumentet-prop.2023241.pdf,,Research and Education at Doctoral Level,covered_by_final_series,,,"This entity is involved in research and doctoral education, contributing to R&D."
2024,Lunds Universitet,higher_education,2554257000.0,krona,SEK,line_item,2024 budgetpropositionen-for-2024-hela-dokumentet-prop.2023241.pdf,1699,Data/input/finance_bills/Sweden/2024 budgetpropositionen-for-2024-hela-dokumentet-prop.2023241.pdf,,The appropriation may be used for compensation to the university for research and education at doctoral level.,covered_by_final_series,,,
2024,Membership Fee to European Solar Telescope (EST-ERIC),direct_rd,600000000.0,krona,SEK,line_item,2024 budgetpropositionen-for-2024-hela-dokumentet-prop.2023241.pdf,1569,Data/input/finance_bills/Sweden/2024 budgetpropositionen-for-2024-hela-dokumentet-prop.2023241.pdf,,Membership fee to European Solar Telescope (EST-ERIC),covered_by_final_series,,,This membership fee supports collaborative research in solar astronomy.
2024,Membership Fees to ERIC Consortia,innovation_instruments,2500000000.0,krona,SEK,line_item,2024 budgetpropositionen-for-2024-hela-dokumentet-prop.2023241.pdf,1569,Data/input/finance_bills/Sweden/2024 budgetpropositionen-for-2024-hela-dokumentet-prop.2023241.pdf,,Membership fees to ERIC consortia,covered_by_final_series,,,Supports participation in European Research Infrastructure Consortia.
2024,Naringsdepartementet / UO 24 (total),rd_ministry,,,,,,,,,,covered_by_final_series,,,gap: no matching rows in this year
2024,Practice-Near School Research,higher_education,36043000.0,krona,SEK,program_total,2024 budgetpropositionen-for-2024-hela-dokumentet-prop.2023241.pdf,1645,Data/input/finance_bills/Sweden/2024 budgetpropositionen-for-2024-hela-dokumentet-prop.2023241.pdf,,1:12 Practice-based School Research,covered_by_final_series,,,This program focuses on research related to educational practices.
2024,RISE (Research Institutes of Sweden),science_agency,,,,,,,,,,covered_by_final_series,,,gap: no matching rows in this year
2024,Research and Co-Financed Research,direct_rd,738664000.0,krona,SEK,program_total,2024 budgetpropositionen-for-2024-hela-dokumentet-prop.2023241.pdf,2551,Data/input/finance_bills/Sweden/2024 budgetpropositionen-for-2024-hela-dokumentet-prop.2023241.pdf,,Proposal,covered_by_final_series,,,Supports both independent and co-financed research projects.
2024,Research and Education at Doctoral Level for 2024,higher_education,58092000000.0,krona,SEK,line_item,2024 budgetpropositionen-for-2024-hela-dokumentet-prop.2023241.pdf,1730,Data/input/finance_bills/Sweden/2024 budgetpropositionen-for-2024-hela-dokumentet-prop.2023241.pdf,,Research and education at doctoral level for 2024,covered_by_final_series,,,Supports doctoral research and education.
2024,Research and Innovation in 6G,direct_rd,50000000.0,krona,SEK,line_item,2024 budgetpropositionen-for-2024-hela-dokumentet-prop.2023241.pdf,2604,Data/input/finance_bills/Sweden/2024 budgetpropositionen-for-2024-hela-dokumentet-prop.2023241.pdf,,Research and innovation in 6G,covered_by_final_series,,,This entity is focused on R&D in advanced telecommunications technology.
2024,Research initiative for the development of 6G,direct_rd,70000000.0,krona,SEK,program_total,2024 budgetpropositionen-for-2024-hela-dokumentet-prop.2023241.pdf,14,Data/input/finance_bills/Sweden/2024 budgetpropositionen-for-2024-hela-dokumentet-prop.2023241.pdf,,Research investment for the development of 6G,covered_by_final_series,,,This initiative focuses on research for the next generation of mobile technology.
2024,Research on 6G,direct_rd,15000000.0,krona,SEK,line_item,2024 budgetpropositionen-for-2024-hela-dokumentet-prop.2023241.pdf,1782,Data/input/finance_bills/Sweden/2024 budgetpropositionen-for-2024-hela-dokumentet-prop.2023241.pdf,,Research on 6G,covered_by_final_series,,,Involves cutting-edge research on future telecommunications.
2024,Rymdstyrelsen,science_agency,2900000000.0,krona,SEK,line_item,2024 budgetpropositionen-for-2024-hela-dokumentet-prop.2023241.pdf,1577,Data/input/finance_bills/Sweden/2024 budgetpropositionen-for-2024-hela-dokumentet-prop.2023241.pdf,,Space Research and Space Activities,covered_by_final_series,,,
2024,SMHI,science_agency,292107000.0,krona,SEK,line_item,2024 budgetpropositionen-for-2024-hela-dokumentet-prop.2023241.pdf,2218,Data/input/finance_bills/Sweden/2024 budgetpropositionen-for-2024-hela-dokumentet-prop.2023241.pdf,,"The appropriation is proposed to increase by 292,107,000 kronor",covered_by_final_series,,,
2024,SSF (Stiftelsen for Strategisk Forskning),science_agency,,,,,,,,,,covered_by_final_series,,,gap: no matching rows in this year
2024,School Research Institute,science_agency,35699000.0,krona,SEK,line_item,2024 budgetpropositionen-for-2024-hela-dokumentet-prop.2023241.pdf,311,Data/input/finance_bills/Sweden/2024 budgetpropositionen-for-2024-hela-dokumentet-prop.2023241.pdf,,School Research Institute,covered_by_final_series,,,This institute is dedicated to R&D in educational research.
2024,Stockholms Universitet,higher_education,58092000000.0,krona,SEK,line_item,2024 budgetpropositionen-for-2024-hela-dokumentet-prop.2023241.pdf,1730,Data/input/finance_bills/Sweden/2024 budgetpropositionen-for-2024-hela-dokumentet-prop.2023241.pdf,,Research and education at doctoral level for 2024,covered_by_final_series,,,
2024,Strategic Research Initiative on Batteries,direct_rd,15000000.0,krona,SEK,line_item,2024 budgetpropositionen-for-2024-hela-dokumentet-prop.2023241.pdf,1755,Data/input/finance_bills/Sweden/2024 budgetpropositionen-for-2024-hela-dokumentet-prop.2023241.pdf,,Strategic research initiative batteries,covered_by_final_series,,,Targets research on battery technology.
2024,Support for Research and Development including Industrial Development Projects,direct_rd,1297356000.0,krona,SEK,program_total,2024 budgetpropositionen-for-2024-hela-dokumentet-prop.2023241.pdf,1787,Data/input/finance_bills/Sweden/2024 budgetpropositionen-for-2024-hela-dokumentet-prop.2023241.pdf,,Support for research and development including industrial development projects,covered_by_final_series,,,This program directly supports research and development activities.
2024,Swedish Defence University: Research and doctoral education,science_agency,44646000.0,krona,SEK,program_total,2024 budgetpropositionen-for-2024-hela-dokumentet-prop.2023241.pdf,1754,Data/input/finance_bills/Sweden/2024 budgetpropositionen-for-2024-hela-dokumentet-prop.2023241.pdf,,Proposal,covered_by_final_series,,,Focuses on advanced research and education in defense-related fields.
2024,Swedish Transport Administration Research Institute,science_agency,,,,,,,,,,covered_by_final_series,,,gap: no matching rows in this year
2024,Swedish University of Agricultural Sciences,higher_education,2240063000.0,krona,SEK,program_total,2024 budgetpropositionen-for-2024-hela-dokumentet-prop.2023241.pdf,2468,Data/input/finance_bills/Sweden/2024 budgetpropositionen-for-2024-hela-dokumentet-prop.2023241.pdf,,Swedish University of Agricultural Sciences,covered_by_final_series,,,This university conducts significant agricultural research.
2024,Total Budget for Industrial Research and Innovation,innovation_instruments,,,,,,,,,,covered_by_final_series,,,gap: no matching rows in this year
2024,Total Budget for Research and Education at Doctoral Level,higher_education,2451337000.0,krona,SEK,program_total,2024 budgetpropositionen-for-2024-hela-dokumentet-prop.2023241.pdf,1696,Data/input/finance_bills/Sweden/2024 budgetpropositionen-for-2024-hela-dokumentet-prop.2023241.pdf,,Total budget for research and education at doctoral level,covered_by_final_series,,,This budget directly supports doctoral research and education.
2024,Total Funding for Research and Education at Universities,higher_education,21600000000.0,krona,SEK,line_item,2024 budgetpropositionen-for-2024-hela-dokumentet-prop.2023241.pdf,1675,Data/input/finance_bills/Sweden/2024 budgetpropositionen-for-2024-hela-dokumentet-prop.2023241.pdf,,Total funding for research and education at universities,covered_by_final_series,,,"This funding is directly related to research and education at universities, indicating R&D relevance."
2024,Total budget for Gothenburg University: Research and Education at Doctoral Level,direct_rd,1819634000.0,krona,SEK,program_total,2024 budgetpropositionen-for-2024-hela-dokumentet-prop.2023241.pdf,1701,Data/input/finance_bills/Sweden/2024 budgetpropositionen-for-2024-hela-dokumentet-prop.2023241.pdf,,Total budget for Gothenburg University: Research and Education at Doctoral Level,covered_by_final_series,,,This budget is specifically for doctoral level research and education.
2024,Umea Universitet,higher_education,1285682000.0,krona,SEK,line_item,2024 budgetpropositionen-for-2024-hela-dokumentet-prop.2023241.pdf,1705,Data/input/finance_bills/Sweden/2024 budgetpropositionen-for-2024-hela-dokumentet-prop.2023241.pdf,,Appropriation for Research and Education at the Doctoral Level,covered_by_final_series,,,
2024,Universiteterna (collective Sweden),higher_education,,,,,,,,,,covered_by_final_series,,,gap: no matching rows in this year
2024,Universities and Colleges,higher_education,53396412000.0,krona,SEK,program_total,2024 budgetpropositionen-for-2024-hela-dokumentet-prop.2023241.pdf,311,Data/input/finance_bills/Sweden/2024 budgetpropositionen-for-2024-hela-dokumentet-prop.2023241.pdf,,Universities and colleges,covered_by_final_series,,,Funding for universities and colleges is inherently related to R&D activities.
2024,Uppsala Universitet,higher_education,2451337000.0,krona,SEK,program_total,2024 budgetpropositionen-for-2024-hela-dokumentet-prop.2023241.pdf,1696,Data/input/finance_bills/Sweden/2024 budgetpropositionen-for-2024-hela-dokumentet-prop.2023241.pdf,,Total budget for research and education at doctoral level,covered_by_final_series,,,
2024,Utbildningsdepartementet / UO 16 (total),rd_ministry,7893846000.0,krona,SEK,section_total,2024 budgetpropositionen-for-2024-hela-dokumentet-prop.2023241.pdf,1570,Data/input/finance_bills/Sweden/2024 budgetpropositionen-for-2024-hela-dokumentet-prop.2023241.pdf,,Total budget for UO 16,covered_by_final_series,,,UO 16 section total (post-1994). Use only if individual lines unavailable.
2024,VINNOVA,science_agency,3462255000.0,krona,SEK,program_total,2024 budgetpropositionen-for-2024-hela-dokumentet-prop.2023241.pdf,2603,Data/input/finance_bills/Sweden/2024 budgetpropositionen-for-2024-hela-dokumentet-prop.2023241.pdf,,Research and development,covered_by_final_series,,,Swedish innovation agency created 2001. UO 24 Näringsliv.
2024,Vetenskapsradet (VR),science_agency,25000000000.0,krona,SEK,line_item,2024 budgetpropositionen-for-2024-hela-dokumentet-prop.2023241.pdf,1569,Data/input/finance_bills/Sweden/2024 budgetpropositionen-for-2024-hela-dokumentet-prop.2023241.pdf,,Membership fee to Euro-HPC,covered_by_final_series,,,"Created 2001 from merger of NFR, TFR, MFR, HSFR, SJFR."
2025,1:3 Energy Research,direct_rd,1647723000.0,krona,SEK,program_total,2025 budgetpropositionen-for-2025-hela-dokumentet-prop.-2024251.pdf,2585,Data/input/finance_bills/Sweden/2025 budgetpropositionen-for-2025-hela-dokumentet-prop.-2024251.pdf,,1:3 Energy Research,covered_by_final_series,,,This program focuses on energy research initiatives.
2025,Chalmers tekniska hogskola,higher_education,0.0,krona,SEK,line_item,2025 budgetpropositionen-for-2025-hela-dokumentet-prop.-2024251.pdf,2245,Data/input/finance_bills/Sweden/2025 budgetpropositionen-for-2025-hela-dokumentet-prop.-2024251.pdf,,Chalmers University of Technology,covered_by_final_series,,,
2025,Contribution to European Spallation Source ERIC (ESS),innovation_instruments,1176000000000.0,krona,SEK,line_item,2025 budgetpropositionen-for-2025-hela-dokumentet-prop.-2024251.pdf,1913,Data/input/finance_bills/Sweden/2025 budgetpropositionen-for-2025-hela-dokumentet-prop.-2024251.pdf,,Grants to European Spallation Source ERIC (ESS),covered_by_final_series,,,"This entity supports a major European research facility, making it highly relevant for R&D."
2025,Development Work in Education and Research Areas,higher_education,24943000000.0,krona,SEK,line_item,2025 budgetpropositionen-for-2025-hela-dokumentet-prop.-2024251.pdf,2145,Data/input/finance_bills/Sweden/2025 budgetpropositionen-for-2025-hela-dokumentet-prop.-2024251.pdf,,Development Work in Education and Research,covered_by_final_series,,,"This funding supports development work in education and research, relevant to R&D."
2025,Enhanced Energy Research,direct_rd,100000000.0,krona,SEK,line_item,2025 budgetpropositionen-for-2025-hela-dokumentet-prop.-2024251.pdf,14,Data/input/finance_bills/Sweden/2025 budgetpropositionen-for-2025-hela-dokumentet-prop.-2024251.pdf,,Strengthened energy research,covered_by_final_series,,,This is focused on enhancing research in the energy sector.
2025,Expenditure Area 21 Energy,direct_rd,6631297000.0,krona,SEK,section_total,2025 budgetpropositionen-for-2025-hela-dokumentet-prop.-2024251.pdf,2586,Data/input/finance_bills/Sweden/2025 budgetpropositionen-for-2025-hela-dokumentet-prop.-2024251.pdf,,Total appropriations within the expenditure area,covered_by_final_series,,,This area includes funding for energy-related research.
2025,Expenses for State Grants to Individual Educational Providers for Research and Education at Doctoral Level,higher_education,4210776000.0,krona,SEK,program_total,2025 budgetpropositionen-for-2025-hela-dokumentet-prop.-2024251.pdf,2100,Data/input/finance_bills/Sweden/2025 budgetpropositionen-for-2025-hela-dokumentet-prop.-2024251.pdf,,Expenses for state grants to private educational providers for research and education at the doctoral level,covered_by_final_series,,,This funding supports doctoral research and education.
2025,FOI / FOA (Totalforsvaret forskningsinstitut),science_agency,572134000.0,krona,SEK,line_item,2025 budgetpropositionen-for-2025-hela-dokumentet-prop.-2024251.pdf,1130,Data/input/finance_bills/Sweden/2025 budgetpropositionen-for-2025-hela-dokumentet-prop.-2024251.pdf,,Proposal for 2025,covered_by_final_series,,,FOA renamed FOI in 2001.
2025,Formas,science_agency,1127408000.0,krona,SEK,line_item,2025 budgetpropositionen-for-2025-hela-dokumentet-prop.-2024251.pdf,2581,Data/input/finance_bills/Sweden/2025 budgetpropositionen-for-2025-hela-dokumentet-prop.-2024251.pdf,,Proposal for 2025,covered_by_final_series,,,
2025,Forte,science_agency,881503000.0,krona,SEK,line_item,2025 budgetpropositionen-for-2025-hela-dokumentet-prop.-2024251.pdf,1494,Data/input/finance_bills/Sweden/2025 budgetpropositionen-for-2025-hela-dokumentet-prop.-2024251.pdf,,"Appropriation development 6:2 Research Council for Health, Working Life and Welfare: Research",covered_by_final_series,,,FAS until 2013 when renamed Forte.
2025,Funding for Clinical Education and Research,direct_rd,2983963000.0,krona,SEK,line_item,2025 budgetpropositionen-for-2025-hela-dokumentet-prop.-2024251.pdf,2104,Data/input/finance_bills/Sweden/2025 budgetpropositionen-for-2025-hela-dokumentet-prop.-2024251.pdf,,Funding for clinical education and research,covered_by_final_series,,,"This funding supports clinical education and research, which is essential for R&D in healthcare."
2025,Funding for special grants in higher education,higher_education,70980000.0,krona,SEK,line_item,2025 budgetpropositionen-for-2025-hela-dokumentet-prop.-2024251.pdf,2107,Data/input/finance_bills/Sweden/2025 budgetpropositionen-for-2025-hela-dokumentet-prop.-2024251.pdf,,Funding for special grants within higher education,covered_by_final_series,,,This funding supports special grants for higher education institutions.
2025,Goteborgs Universitet,higher_education,1882329000.0,krona,SEK,program_total,2025 budgetpropositionen-for-2025-hela-dokumentet-prop.-2024251.pdf,2052,Data/input/finance_bills/Sweden/2025 budgetpropositionen-for-2025-hela-dokumentet-prop.-2024251.pdf,,Proposed budget for Gothenburg University for research and education at doctoral level,covered_by_final_series,,,
2025,Grant for Compensation to University for Research and Education at Doctoral Level,higher_education,1888686000.0,krona,SEK,line_item,2025 budgetpropositionen-for-2025-hela-dokumentet-prop.-2024251.pdf,2058,Data/input/finance_bills/Sweden/2025 budgetpropositionen-for-2025-hela-dokumentet-prop.-2024251.pdf,,The appropriation may be used for compensation to the university for research and education at doctoral level.,covered_by_final_series,,,This grant supports research and education at the doctoral level.
2025,"Grant for Research, Development, Demonstration, and Commercialization Efforts in the Energy Sector",direct_rd,1647723000.0,krona,SEK,program_total,2025 budgetpropositionen-for-2025-hela-dokumentet-prop.-2024251.pdf,2618,Data/input/finance_bills/Sweden/2025 budgetpropositionen-for-2025-hela-dokumentet-prop.-2024251.pdf,,"Appropriation for research, development, demonstration, and commercialization efforts in the energy sector.",covered_by_final_series,,,This grant supports various R&D efforts in the energy sector.
2025,Grants for Research in Environmental and Community Building Areas,direct_rd,1127408000.0,krona,SEK,program_total,2025 budgetpropositionen-for-2025-hela-dokumentet-prop.-2024251.pdf,2581,Data/input/finance_bills/Sweden/2025 budgetpropositionen-for-2025-hela-dokumentet-prop.-2024251.pdf,,Appropriation for research in the areas of environment and community building,covered_by_final_series,,,This funding supports research in environmental and community building.
2025,Karolinska Institutet,higher_education,1888686000.0,krona,SEK,line_item,2025 budgetpropositionen-for-2025-hela-dokumentet-prop.-2024251.pdf,2059,Data/input/finance_bills/Sweden/2025 budgetpropositionen-for-2025-hela-dokumentet-prop.-2024251.pdf,,Research and education at the doctoral level,covered_by_final_series,,,
2025,Kungliga Tekniska Hogskolan (KTH),higher_education,2011242000.0,krona,SEK,line_item,2025 budgetpropositionen-for-2025-hela-dokumentet-prop.-2024251.pdf,2061,Data/input/finance_bills/Sweden/2025 budgetpropositionen-for-2025-hela-dokumentet-prop.-2024251.pdf,,Research and education at the doctoral level,covered_by_final_series,,,
2025,Linkoepings Universitet,higher_education,1149738000.0,krona,SEK,line_item,2025 budgetpropositionen-for-2025-hela-dokumentet-prop.-2024251.pdf,2057,Data/input/finance_bills/Sweden/2025 budgetpropositionen-for-2025-hela-dokumentet-prop.-2024251.pdf,,The appropriation may be used for compensation to the university for research and education at doctoral level.,covered_by_final_series,,,
2025,Lunds Universitet,higher_education,2533879000.0,krona,SEK,line_item,2025 budgetpropositionen-for-2025-hela-dokumentet-prop.-2024251.pdf,2048,Data/input/finance_bills/Sweden/2025 budgetpropositionen-for-2025-hela-dokumentet-prop.-2024251.pdf,,"Proposal of 2,533,879,000 SEK allocated under the appropriation 2:5 Lund University: Education at the Undergraduate and Graduate Level for 2025.",covered_by_final_series,,,
2025,Membership Fee to European Solar Telescope (EST-ERIC),direct_rd,6000000000.0,krona,SEK,line_item,2025 budgetpropositionen-for-2025-hela-dokumentet-prop.-2024251.pdf,1913,Data/input/finance_bills/Sweden/2025 budgetpropositionen-for-2025-hela-dokumentet-prop.-2024251.pdf,,Membership fee to European Solar Telescope (EST-ERIC),covered_by_final_series,,,This membership fee supports collaborative research in solar astronomy.
2025,Membership fee to European Plate Observing System (EPOS-ERIC),innovation_instruments,2000000000.0,krona,SEK,line_item,2025 budgetpropositionen-for-2025-hela-dokumentet-prop.-2024251.pdf,1913,Data/input/finance_bills/Sweden/2025 budgetpropositionen-for-2025-hela-dokumentet-prop.-2024251.pdf,,Membership fee to European Plate Observing System (EPOS-ERIC),covered_by_final_series,,,This fee supports a European research infrastructure for geosciences.
2025,Naringsdepartementet / UO 24 (total),rd_ministry,0.0,krona,SEK,section_total,2025 budgetpropositionen-for-2025-hela-dokumentet-prop.-2024251.pdf,2245,Data/input/finance_bills/Sweden/2025 budgetpropositionen-for-2025-hela-dokumentet-prop.-2024251.pdf,,Total budget for UO 24,covered_by_final_series,,,UO 24 section total. Contains VINNOVA and industrial R&D. Use only if individual lines unavailable.
2025,Proposed budget for Gothenburg University for research and education at doctoral level,direct_rd,1882329000.0,krona,SEK,program_total,2025 budgetpropositionen-for-2025-hela-dokumentet-prop.-2024251.pdf,2052,Data/input/finance_bills/Sweden/2025 budgetpropositionen-for-2025-hela-dokumentet-prop.-2024251.pdf,,Proposed budget for Gothenburg University for research and education at doctoral level,covered_by_final_series,,,This budget proposal is aimed at supporting doctoral research and education.
2025,RISE (Research Institutes of Sweden),science_agency,834000000.0,krona,SEK,line_item,2025 budgetpropositionen-for-2025-hela-dokumentet-prop.-2024251.pdf,2903,Data/input/finance_bills/Sweden/2025 budgetpropositionen-for-2025-hela-dokumentet-prop.-2024251.pdf,,RISE Research Institutes of Sweden AB - state grant,covered_by_final_series,,,"RISE created 2017 from SP, Swerea, Innventia and others. Predecessor SP dates to 1920."
2025,Research and Co-Financed Research,direct_rd,818664000.0,krona,SEK,program_total,2025 budgetpropositionen-for-2025-hela-dokumentet-prop.-2024251.pdf,2780,Data/input/finance_bills/Sweden/2025 budgetpropositionen-for-2025-hela-dokumentet-prop.-2024251.pdf,,"Research Council for Environment, Agricultural Sciences and Spatial Planning: Research and co-financed research",covered_by_final_series,,,Supports both independent and co-financed research projects.
2025,Research and Innovation Policy Proposition,innovation_instruments,595000000.0,krona,SEK,line_item,2025 budgetpropositionen-for-2025-hela-dokumentet-prop.-2024251.pdf,2125,Data/input/finance_bills/Sweden/2025 budgetpropositionen-for-2025-hela-dokumentet-prop.-2024251.pdf,,Research and innovation policy proposition,covered_by_final_series,,,This proposition outlines policies to enhance research and innovation.
2025,Rymdstyrelsen,science_agency,1345356000.0,krona,SEK,line_item,2025 budgetpropositionen-for-2025-hela-dokumentet-prop.-2024251.pdf,434,Data/input/finance_bills/Sweden/2025 budgetpropositionen-for-2025-hela-dokumentet-prop.-2024251.pdf,,Space research and space activities,covered_by_final_series,,,
2025,SMHI,science_agency,2000000000.0,krona,SEK,line_item,2025 budgetpropositionen-for-2025-hela-dokumentet-prop.-2024251.pdf,826,Data/input/finance_bills/Sweden/2025 budgetpropositionen-for-2025-hela-dokumentet-prop.-2024251.pdf,,Appropriation for SMHI,covered_by_final_series,,,
2025,SSF (Stiftelsen for Strategisk Forskning),science_agency,,,,,,,,,,covered_by_final_series,,,gap: no matching rows in this year
2025,Stockholms Universitet,higher_education,1920621000.0,krona,SEK,program_total,2025 budgetpropositionen-for-2025-hela-dokumentet-prop.-2024251.pdf,2053,Data/input/finance_bills/Sweden/2025 budgetpropositionen-for-2025-hela-dokumentet-prop.-2024251.pdf,,Proposed budget for Stockholm University for research and education at doctoral level,covered_by_final_series,,,
2025,Support for pilot and demonstration projects in nuclear power development,innovation_instruments,100000000.0,krona,SEK,line_item,2025 budgetpropositionen-for-2025-hela-dokumentet-prop.-2024251.pdf,2618,Data/input/finance_bills/Sweden/2025 budgetpropositionen-for-2025-hela-dokumentet-prop.-2024251.pdf,,Support for pilot and demonstration projects in nuclear power development,covered_by_final_series,,,This program supports R&D in nuclear power development.
2025,Swedish Transport Administration Research Institute,science_agency,89741000.0,krona,SEK,program_total,2025 budgetpropositionen-for-2025-hela-dokumentet-prop.-2024251.pdf,2710,Data/input/finance_bills/Sweden/2025 budgetpropositionen-for-2025-hela-dokumentet-prop.-2024251.pdf,,Total budget for Swedish Road and Transport Research Institute,covered_by_final_series,,,This entity is dedicated to research in transportation.
2025,Swedish University of Agricultural Sciences,higher_education,2342374000.0,krona,SEK,line_item,2025 budgetpropositionen-for-2025-hela-dokumentet-prop.-2024251.pdf,2783,Data/input/finance_bills/Sweden/2025 budgetpropositionen-for-2025-hela-dokumentet-prop.-2024251.pdf,,Swedish University of Agricultural Sciences,covered_by_final_series,,,This university conducts significant agricultural research.
2025,Total Budget for Industrial Research and Innovation,innovation_instruments,583000.0,krona,SEK,program_total,2025 budgetpropositionen-for-2025-hela-dokumentet-prop.-2024251.pdf,433,Data/input/finance_bills/Sweden/2025 budgetpropositionen-for-2025-hela-dokumentet-prop.-2024251.pdf,,Total budget for industrial research and innovation,covered_by_final_series,,,This budget is directly aimed at supporting industrial R&D and innovation.
2025,Total Budget for Research and Education at Doctoral Level,higher_education,125498000.0,krona,SEK,program_total,2025 budgetpropositionen-for-2025-hela-dokumentet-prop.-2024251.pdf,2083,Data/input/finance_bills/Sweden/2025 budgetpropositionen-for-2025-hela-dokumentet-prop.-2024251.pdf,,Total budget for research and education at doctoral level,covered_by_final_series,,,This budget directly supports doctoral research and education.
2025,Total Budget for Research and Technology Development,direct_rd,1251905000.0,krona,SEK,section_total,2025 budgetpropositionen-for-2025-hela-dokumentet-prop.-2024251.pdf,1124,Data/input/finance_bills/Sweden/2025 budgetpropositionen-for-2025-hela-dokumentet-prop.-2024251.pdf,,Total budget for research and technology development,covered_by_final_series,,,This budget is specifically allocated for research and technology development.
2025,Total Budget for Space Research and Activities,direct_rd,1345356000.0,krona,SEK,program_total,2025 budgetpropositionen-for-2025-hela-dokumentet-prop.-2024251.pdf,2130,Data/input/finance_bills/Sweden/2025 budgetpropositionen-for-2025-hela-dokumentet-prop.-2024251.pdf,,Total budget for Space Research and Space Activities,covered_by_final_series,,,This budget is dedicated to space research and activities.
2025,Total Defence Research Institute Budget,science_agency,572134000.0,krona,SEK,program_total,2025 budgetpropositionen-for-2025-hela-dokumentet-prop.-2024251.pdf,1130,Data/input/finance_bills/Sweden/2025 budgetpropositionen-for-2025-hela-dokumentet-prop.-2024251.pdf,,Total budget for Total Defence Research Institute,covered_by_final_series,,,This institute is dedicated to defense-related research.
2025,Umea Universitet,higher_education,1329980000.0,krona,SEK,line_item,2025 budgetpropositionen-for-2025-hela-dokumentet-prop.-2024251.pdf,2055,Data/input/finance_bills/Sweden/2025 budgetpropositionen-for-2025-hela-dokumentet-prop.-2024251.pdf,,The appropriation may be used for compensation to the university for research and education at doctoral level.,covered_by_final_series,,,
2025,Universiteterna (collective Sweden),higher_education,,,,,,,,,,covered_by_final_series,,,gap: no matching rows in this year
2025,Universities and Colleges,higher_education,55420312000.0,krona,SEK,program_total,2025 budgetpropositionen-for-2025-hela-dokumentet-prop.-2024251.pdf,433,Data/input/finance_bills/Sweden/2025 budgetpropositionen-for-2025-hela-dokumentet-prop.-2024251.pdf,,Universities and higher education institutions,covered_by_final_series,,,Funding for universities and colleges is inherently related to R&D activities.
2025,Uppsala Universitet,higher_education,2535797000.0,krona,SEK,line_item,2025 budgetpropositionen-for-2025-hela-dokumentet-prop.-2024251.pdf,2048,Data/input/finance_bills/Sweden/2025 budgetpropositionen-for-2025-hela-dokumentet-prop.-2024251.pdf,,"Proposal of 2,535,797,000 SEK allocated under the appropriation 2:4 Uppsala University: Research and Education at the Doctoral Level for 2025.",covered_by_final_series,,,
2025,Utbildningsdepartementet / UO 16 (total),rd_ministry,57418000000.0,krona,SEK,section_total,2025 budgetpropositionen-for-2025-hela-dokumentet-prop.-2024251.pdf,2137,Data/input/finance_bills/Sweden/2025 budgetpropositionen-for-2025-hela-dokumentet-prop.-2024251.pdf,,Total budget for UO 16,covered_by_final_series,,,UO 16 section total (post-1994). Use only if individual lines unavailable.
2025,VINNOVA,science_agency,3410855000.0,krona,SEK,line_item,2025 budgetpropositionen-for-2025-hela-dokumentet-prop.-2024251.pdf,541,Data/input/finance_bills/Sweden/2025 budgetpropositionen-for-2025-hela-dokumentet-prop.-2024251.pdf,,Research and development,covered_by_final_series,,,Swedish innovation agency created 2001. UO 24 Näringsliv.
2025,Vetenskapsradet (VR),science_agency,1176000000000.0,krona,SEK,line_item,2025 budgetpropositionen-for-2025-hela-dokumentet-prop.-2024251.pdf,1913,Data/input/finance_bills/Sweden/2025 budgetpropositionen-for-2025-hela-dokumentet-prop.-2024251.pdf,,Grants to European Spallation Source ERIC (ESS),covered_by_final_series,,,"Created 2001 from merger of NFR, TFR, MFR, HSFR, SJFR."
