country,year,canonical_name,category,gap_type,gap_subtype,diagnosis,raw_row_match,raw_row_amount,raw_row_file,action,series_amount,series_currency,prev_amount,next_amount
Sweden,2001,Vetenskapsradet (VR),science_agency,missing,,"Year absent from raw_rows, but sweden_docx_results.csv already has extracted rows for this year. The missing agency likely reflects coverage/matching limits in the extracted results rather than an unparsed document.",no,,2001 download.pdf,reextract,,,,97254000.0
Sweden,2002,Vetenskapsradet (VR),science_agency,ok,,,,,,none,97254000.0,SEK,,25000000.0
Sweden,2003,Vetenskapsradet (VR),science_agency,missing,,"Year absent from raw_rows, but sweden_docx_results.csv already has extracted rows for this year. The missing agency likely reflects coverage/matching limits in the extracted results rather than an unparsed document.",no,,2003 prop_200203__1_d1.pdf,reextract,,,97254000.0,25000000.0
Sweden,2004,Vetenskapsradet (VR),science_agency,ok,,,,,,none,25000000.0,SEK,97254000.0,3000000000.0
Sweden,2005,Vetenskapsradet (VR),science_agency,missing,,"Year absent from raw_rows, but extracted results contain a matching text row for this agency-year in 2005 prop_200405__1_d1.pdf without a defendable numeric total.",no,,2005 prop_200405__1_d1.pdf,reextract,,,25000000.0,3000000000.0
Sweden,2007,Vetenskapsradet (VR),science_agency,missing,,"Year absent from raw_rows, but sweden_docx_results.csv already has extracted rows for this year. The missing agency likely reflects coverage/matching limits in the extracted results rather than an unparsed document.",no,,2007 prop_200607__1_d1.pdf,reextract,,,25000000.0,3000000000.0
Sweden,2009,Vetenskapsradet (VR),science_agency,missing,,"Year absent from raw_rows, but extracted results contain a matching text row for this agency-year in 2009 prop_200809__1_d1.pdf without a defendable numeric total.",no,,2009 prop_200809__1_d1.pdf,reextract,,,25000000.0,3000000000.0
Sweden,2010,Vetenskapsradet (VR),science_agency,ok,,,,,,none,3000000000.0,SEK,25000000.0,5000000000.0
Sweden,2011,Vetenskapsradet (VR),science_agency,ok,,,,,,none,5000000000.0,SEK,3000000000.0,3000000000.0
Sweden,2012,Vetenskapsradet (VR),science_agency,missing,,"Year absent from raw_rows, but extracted results contain a matching text row for this agency-year in 2012 prop_201112__1_d1.pdf without a defendable numeric total.",no,,2012 prop_201112__1_d1.pdf,reextract,,,5000000000.0,3000000000.0
Sweden,2013,Vetenskapsradet (VR),science_agency,ok,,,,,,none,3000000000.0,SEK,5000000000.0,1500000000.0
Sweden,2014,Vetenskapsradet (VR),science_agency,ok,,,,,,none,1500000000.0,SEK,3000000000.0,5766449000.0
Sweden,2015,Vetenskapsradet (VR),science_agency,missing,,"Year absent from raw_rows, but extracted results contain a matching text row for this agency-year in 2015 download.pdf without a defendable numeric total.",no,,2015 download.pdf,reextract,,,1500000000.0,5766449000.0
Sweden,2016,Vetenskapsradet (VR),science_agency,ok,,,,,,none,5766449000.0,SEK,1500000000.0,5844916000.0
Sweden,2017,Vetenskapsradet (VR),science_agency,ok,,,,,,none,5844916000.0,SEK,5766449000.0,600000000000.0
Sweden,2018,Vetenskapsradet (VR),science_agency,ok,,,,,,none,600000000000.0,SEK,5844916000.0,700000000000.0
Sweden,2019,Vetenskapsradet (VR),science_agency,ok,,,,,,none,700000000000.0,SEK,600000000000.0,700000000000.0
Sweden,2020,Vetenskapsradet (VR),science_agency,ok,,,,,,none,700000000000.0,SEK,700000000000.0,800000000000.0
Sweden,2021,Vetenskapsradet (VR),science_agency,ok,,,,,,none,800000000000.0,SEK,700000000000.0,7028846000.0
Sweden,2022,Vetenskapsradet (VR),science_agency,ok,,,,,,none,7028846000.0,SEK,800000000000.0,1004000000000.0
Sweden,2023,Vetenskapsradet (VR),science_agency,ok,,,,,,none,1004000000000.0,SEK,7028846000.0,25000000000.0
Sweden,2024,Vetenskapsradet (VR),science_agency,ok,,,,,,none,25000000000.0,SEK,1004000000000.0,1176000000000.0
Sweden,2025,Vetenskapsradet (VR),science_agency,ok,,,,,,none,1176000000000.0,SEK,25000000000.0,
Sweden,2001,VINNOVA,science_agency,ok,,,,,,none,10000000.0,SEK,,110844000.0
Sweden,2002,VINNOVA,science_agency,ok,,,,,,none,110844000.0,SEK,10000000.0,100000000.0
Sweden,2003,VINNOVA,science_agency,missing,,"Year absent from raw_rows, but extracted results contain a matching text row for this agency-year in 2003 prop_200203__1_d1.pdf without a defendable numeric total.",no,,2003 prop_200203__1_d1.pdf,reextract,,,110844000.0,100000000.0
Sweden,2004,VINNOVA,science_agency,ok,,,,,,none,100000000.0,SEK,110844000.0,307000.0
Sweden,2005,VINNOVA,science_agency,missing,,"Year absent from raw_rows, but extracted results contain a matching text row for this agency-year in 2005 prop_200405__1_d1.pdf without a defendable numeric total.",no,,2005 prop_200405__1_d1.pdf,reextract,,,100000000.0,307000.0
Sweden,2007,VINNOVA,science_agency,missing,,"Year absent from raw_rows, but sweden_docx_results.csv already has extracted rows for this year. The missing agency likely reflects coverage/matching limits in the extracted results rather than an unparsed document.",no,,2007 prop_200607__1_d1.pdf,reextract,,,100000000.0,307000.0
Sweden,2009,VINNOVA,science_agency,ok,,,,,,none,307000.0,SEK,100000000.0,100000000.0
Sweden,2010,VINNOVA,science_agency,ok,,,,,,none,100000000.0,SEK,307000.0,10000000000.0
Sweden,2011,VINNOVA,science_agency,ok,,,,,,none,10000000000.0,SEK,100000000.0,336000000.0
Sweden,2012,VINNOVA,science_agency,missing,,"Year absent from raw_rows, but extracted results contain a matching text row for this agency-year in 2012 prop_201112__1_d1.pdf without a defendable numeric total.",no,,2012 prop_201112__1_d1.pdf,reextract,,,10000000000.0,336000000.0
Sweden,2013,VINNOVA,science_agency,ok,,,,,,none,336000000.0,SEK,10000000000.0,1200000000.0
Sweden,2014,VINNOVA,science_agency,ok,,,,,,none,1200000000.0,SEK,336000000.0,2628174000.0
Sweden,2015,VINNOVA,science_agency,missing,,"Year absent from raw_rows, but extracted results contain a matching text row for this agency-year in 2015 download.pdf without a defendable numeric total.",no,,2015 download.pdf,reextract,,,1200000000.0,2628174000.0
Sweden,2016,VINNOVA,science_agency,ok,,,,,,none,2628174000.0,SEK,1200000000.0,2300000000.0
Sweden,2017,VINNOVA,science_agency,ok,,,,,,none,2300000000.0,SEK,2628174000.0,3000000000.0
Sweden,2018,VINNOVA,science_agency,ok,,,,,,none,3000000000.0,SEK,2300000000.0,2910255000.0
Sweden,2019,VINNOVA,science_agency,ok,,,,,,none,2910255000.0,SEK,3000000000.0,2953255000.0
Sweden,2020,VINNOVA,science_agency,ok,,,,,,none,2953255000.0,SEK,2910255000.0,3548255000.0
Sweden,2021,VINNOVA,science_agency,ok,,,,,,none,3548255000.0,SEK,2953255000.0,3540255000.0
Sweden,2022,VINNOVA,science_agency,ok,,,,,,none,3540255000.0,SEK,3548255000.0,3439755000.0
Sweden,2023,VINNOVA,science_agency,ok,,,,,,none,3439755000.0,SEK,3540255000.0,3462255000.0
Sweden,2024,VINNOVA,science_agency,ok,,,,,,none,3462255000.0,SEK,3439755000.0,3410855000.0
Sweden,2025,VINNOVA,science_agency,ok,,,,,,none,3410855000.0,SEK,3462255000.0,
Sweden,2001,Formas,science_agency,missing,,"Year absent from raw_rows, but sweden_docx_results.csv already has extracted rows for this year. The missing agency likely reflects coverage/matching limits in the extracted results rather than an unparsed document.",no,,2001 download.pdf,reextract,,,,361000.0
Sweden,2002,Formas,science_agency,ok,,,,,,none,361000.0,SEK,,10000000.0
Sweden,2003,Formas,science_agency,ok,,,,,,none,10000000.0,SEK,361000.0,100000.0
Sweden,2004,Formas,science_agency,ok,,,,,,none,100000.0,SEK,10000000.0,56000000.0
Sweden,2005,Formas,science_agency,missing,,"Year absent from raw_rows, but sweden_docx_results.csv already has extracted rows for this year. The missing agency likely reflects coverage/matching limits in the extracted results rather than an unparsed document.",no,,2005 prop_200405__1_d1.pdf,reextract,,,100000.0,56000000.0
Sweden,2007,Formas,science_agency,missing,,"Year absent from raw_rows, but sweden_docx_results.csv already has extracted rows for this year. The missing agency likely reflects coverage/matching limits in the extracted results rather than an unparsed document.",no,,2007 prop_200607__1_d1.pdf,reextract,,,100000.0,56000000.0
Sweden,2009,Formas,science_agency,ok,,,,,,none,56000000.0,SEK,100000.0,400000000.0
Sweden,2010,Formas,science_agency,ok,,,,,,none,400000000.0,SEK,56000000.0,50000000.0
Sweden,2011,Formas,science_agency,missing,,"Year absent from raw_rows, but sweden_docx_results.csv already has extracted rows for this year. The missing agency likely reflects coverage/matching limits in the extracted results rather than an unparsed document.",no,,2011 prop_201011__1_d1.pdf,reextract,,,400000000.0,50000000.0
Sweden,2012,Formas,science_agency,missing,,"Year absent from raw_rows, but sweden_docx_results.csv already has extracted rows for this year. The missing agency likely reflects coverage/matching limits in the extracted results rather than an unparsed document.",no,,2012 prop_201112__1_d1.pdf,reextract,,,400000000.0,50000000.0
Sweden,2013,Formas,science_agency,ok,,,,,,none,50000000.0,SEK,400000000.0,500000000.0
Sweden,2014,Formas,science_agency,ok,,,,,,none,500000000.0,SEK,50000000.0,5000000000.0
Sweden,2015,Formas,science_agency,missing,,"Year absent from raw_rows, but extracted results contain a matching text row for this agency-year in 2015 download.pdf without a defendable numeric total.",no,,2015 download.pdf,reextract,,,500000000.0,5000000000.0
Sweden,2016,Formas,science_agency,outlier,,"Amount 5,000,000,000 outside expected range [-2,667,724,000 – 3,687,632,000] (IQR × 3.0) within SEK observations. Possible current/prior year confusion or unit error.",,,,verify,5000000000.0,SEK,500000000.0,963908000.0
Sweden,2017,Formas,science_agency,ok,,,,,,none,963908000.0,SEK,5000000000.0,841000000.0
Sweden,2018,Formas,science_agency,ok,,,,,,none,841000000.0,SEK,963908000.0,841408000.0
Sweden,2019,Formas,science_agency,ok,,,,,,none,841408000.0,SEK,841000000.0,956408000.0
Sweden,2020,Formas,science_agency,ok,,,,,,none,956408000.0,SEK,841408000.0,1088908000.0
Sweden,2021,Formas,science_agency,ok,,,,,,none,1088908000.0,SEK,956408000.0,713664000.0
Sweden,2022,Formas,science_agency,ok,,,,,,none,713664000.0,SEK,1088908000.0,1107408000.0
Sweden,2023,Formas,science_agency,ok,,,,,,none,1107408000.0,SEK,713664000.0,738664000.0
Sweden,2024,Formas,science_agency,ok,,,,,,none,738664000.0,SEK,1107408000.0,1127408000.0
Sweden,2025,Formas,science_agency,ok,,,,,,none,1127408000.0,SEK,738664000.0,
Sweden,1994,Forte,science_agency,missing,,"Year absent from raw_rows, but sweden_docx_results.csv already has extracted rows for this year. The missing agency likely reflects coverage/matching limits in the extracted results rather than an unparsed document.",no,,1994 prop_199394__100.pdf,reextract,,,,500000000.0
Sweden,1995,Forte,science_agency,missing,,"Year absent from raw_rows, but sweden_docx_results.csv already has extracted rows for this year. The missing agency likely reflects coverage/matching limits in the extracted results rather than an unparsed document.",no,,1995 prop_199495__100.pdf,reextract,,,,500000000.0
Sweden,1997,Forte,science_agency,missing,,"Year absent from raw_rows, but sweden_docx_results.csv already has extracted rows for this year. The missing agency likely reflects coverage/matching limits in the extracted results rather than an unparsed document.",no,,1997_extracted.docx,reextract,,,,500000000.0
Sweden,1998,Forte,science_agency,missing,,"Year absent from raw_rows, but sweden_docx_results.csv already has extracted rows for this year. The missing agency likely reflects coverage/matching limits in the extracted results rather than an unparsed document.",no,,1998 Budgetpropositionen för 1998 .pdf,reextract,,,,500000000.0
Sweden,1999,Forte,science_agency,missing,,"Year absent from raw_rows, but sweden_docx_results.csv already has extracted rows for this year. The missing agency likely reflects coverage/matching limits in the extracted results rather than an unparsed document.",no,,1999 download.pdf,reextract,,,,500000000.0
Sweden,2000,Forte,science_agency,missing,,"Year absent from raw_rows, but sweden_docx_results.csv already has extracted rows for this year. The missing agency likely reflects coverage/matching limits in the extracted results rather than an unparsed document.",no,,2000 download.pdf,reextract,,,,500000000.0
Sweden,2001,Forte,science_agency,missing,,"Year absent from raw_rows, but sweden_docx_results.csv already has extracted rows for this year. The missing agency likely reflects coverage/matching limits in the extracted results rather than an unparsed document.",no,,2001 download.pdf,reextract,,,,500000000.0
Sweden,2002,Forte,science_agency,missing,,"Year absent from raw_rows, but extracted results contain a matching text row for this agency-year in 2002 download.pdf without a defendable numeric total.",no,,2002 download.pdf,reextract,,,,500000000.0
Sweden,2003,Forte,science_agency,missing,,"Year absent from raw_rows, but sweden_docx_results.csv already has extracted rows for this year. The missing agency likely reflects coverage/matching limits in the extracted results rather than an unparsed document.",no,,2003 prop_200203__1_d1.pdf,reextract,,,,500000000.0
Sweden,2004,Forte,science_agency,missing,,"Year absent from raw_rows, but sweden_docx_results.csv already has extracted rows for this year. The missing agency likely reflects coverage/matching limits in the extracted results rather than an unparsed document.",no,,2004 prop_200304__1_d1.pdf,reextract,,,,500000000.0
Sweden,2005,Forte,science_agency,missing,,"Year absent from raw_rows, but sweden_docx_results.csv already has extracted rows for this year. The missing agency likely reflects coverage/matching limits in the extracted results rather than an unparsed document.",no,,2005 prop_200405__1_d1.pdf,reextract,,,,500000000.0
Sweden,2007,Forte,science_agency,missing,,"Year absent from raw_rows, but sweden_docx_results.csv already has extracted rows for this year. The missing agency likely reflects coverage/matching limits in the extracted results rather than an unparsed document.",no,,2007 prop_200607__1_d1.pdf,reextract,,,,500000000.0
Sweden,2009,Forte,science_agency,missing,,"Year absent from raw_rows, but extracted results contain a matching text row for this agency-year in 2009 prop_200809__1_d1.pdf without a defendable numeric total.",no,,2009 prop_200809__1_d1.pdf,reextract,,,,500000000.0
Sweden,2010,Forte,science_agency,ok,,,,,,none,500000000.0,SEK,,5000000000.0
Sweden,2011,Forte,science_agency,ok,,,,,,none,5000000000.0,SEK,500000000.0,300000000.0
Sweden,2012,Forte,science_agency,missing,,"Year absent from raw_rows, but sweden_docx_results.csv already has extracted rows for this year. The missing agency likely reflects coverage/matching limits in the extracted results rather than an unparsed document.",no,,2012 prop_201112__1_d1.pdf,reextract,,,5000000000.0,300000000.0
Sweden,2013,Forte,science_agency,missing,,"Year absent from raw_rows, but extracted results contain a matching text row for this agency-year in 2013 prop_201213__1_d1.pdf without a defendable numeric total.",no,,2013 prop_201213__1_d1.pdf,reextract,,,5000000000.0,300000000.0
Sweden,2014,Forte,science_agency,ok,,,,,,none,300000000.0,SEK,5000000000.0,3000000000.0
Sweden,2015,Forte,science_agency,missing,,"Year absent from raw_rows, but extracted results contain a matching text row for this agency-year in 2015 download.pdf without a defendable numeric total.",no,,2015 download.pdf,reextract,,,300000000.0,3000000000.0
Sweden,2016,Forte,science_agency,ok,,,,,,none,3000000000.0,SEK,300000000.0,40000000000.0
Sweden,2017,Forte,science_agency,outlier,,"Amount 40,000,000,000 outside expected range [-4,173,988,000 – 6,980,491,000] (IQR × 3.0) within SEK observations. Possible current/prior year confusion or unit error.",,,,verify,40000000000.0,SEK,3000000000.0,606503000.0
Sweden,2018,Forte,science_agency,ok,,,,,,none,606503000.0,SEK,40000000000.0,601503000.0
Sweden,2019,Forte,science_agency,ok,,,,,,none,601503000.0,SEK,606503000.0,661503000.0
Sweden,2020,Forte,science_agency,ok,,,,,,none,661503000.0,SEK,601503000.0,661503000.0
Sweden,2021,Forte,science_agency,ok,,,,,,none,661503000.0,SEK,661503000.0,786503000.0
Sweden,2022,Forte,science_agency,ok,,,,,,none,786503000.0,SEK,661503000.0,2200000000.0
Sweden,2023,Forte,science_agency,ok,,,,,,none,2200000000.0,SEK,786503000.0,819503000.0
Sweden,2024,Forte,science_agency,ok,,,,,,none,819503000.0,SEK,2200000000.0,881503000.0
Sweden,2025,Forte,science_agency,ok,,,,,,none,881503000.0,SEK,819503000.0,
Sweden,1994,SSF (Stiftelsen for Strategisk Forskning),science_agency,missing,,"Year absent from raw_rows, but sweden_docx_results.csv already has extracted rows for this year. The missing agency likely reflects coverage/matching limits in the extracted results rather than an unparsed document.",no,,1994 prop_199394__100.pdf,reextract,,,,500000000.0
Sweden,1995,SSF (Stiftelsen for Strategisk Forskning),science_agency,missing,,"Year absent from raw_rows, but sweden_docx_results.csv already has extracted rows for this year. The missing agency likely reflects coverage/matching limits in the extracted results rather than an unparsed document.",no,,1995 prop_199495__100.pdf,reextract,,,,500000000.0
Sweden,1997,SSF (Stiftelsen for Strategisk Forskning),science_agency,missing,,"Year absent from raw_rows, but sweden_docx_results.csv already has extracted rows for this year. The missing agency likely reflects coverage/matching limits in the extracted results rather than an unparsed document.",no,,1997_extracted.docx,reextract,,,,500000000.0
Sweden,1998,SSF (Stiftelsen for Strategisk Forskning),science_agency,ok,,,,,,none,500000000.0,SEK,,675000000.0
Sweden,1999,SSF (Stiftelsen for Strategisk Forskning),science_agency,missing,,"Year absent from raw_rows, but sweden_docx_results.csv already has extracted rows for this year. The missing agency likely reflects coverage/matching limits in the extracted results rather than an unparsed document.",no,,1999 download.pdf,reextract,,,500000000.0,675000000.0
Sweden,2000,SSF (Stiftelsen for Strategisk Forskning),science_agency,missing,,"Year absent from raw_rows, but sweden_docx_results.csv already has extracted rows for this year. The missing agency likely reflects coverage/matching limits in the extracted results rather than an unparsed document.",no,,2000 download.pdf,reextract,,,500000000.0,675000000.0
Sweden,2001,SSF (Stiftelsen for Strategisk Forskning),science_agency,missing,,"Year absent from raw_rows, but sweden_docx_results.csv already has extracted rows for this year. The missing agency likely reflects coverage/matching limits in the extracted results rather than an unparsed document.",no,,2001 download.pdf,reextract,,,500000000.0,675000000.0
Sweden,2002,SSF (Stiftelsen for Strategisk Forskning),science_agency,missing,,"Year absent from raw_rows, but sweden_docx_results.csv already has extracted rows for this year. The missing agency likely reflects coverage/matching limits in the extracted results rather than an unparsed document.",no,,2002 download.pdf,reextract,,,500000000.0,675000000.0
Sweden,2003,SSF (Stiftelsen for Strategisk Forskning),science_agency,missing,,"Year absent from raw_rows, but sweden_docx_results.csv already has extracted rows for this year. The missing agency likely reflects coverage/matching limits in the extracted results rather than an unparsed document.",no,,2003 prop_200203__1_d1.pdf,reextract,,,500000000.0,675000000.0
Sweden,2004,SSF (Stiftelsen for Strategisk Forskning),science_agency,missing,,"Year absent from raw_rows, but sweden_docx_results.csv already has extracted rows for this year. The missing agency likely reflects coverage/matching limits in the extracted results rather than an unparsed document.",no,,2004 prop_200304__1_d1.pdf,reextract,,,500000000.0,675000000.0
Sweden,2005,SSF (Stiftelsen for Strategisk Forskning),science_agency,missing,,"Year absent from raw_rows, but sweden_docx_results.csv already has extracted rows for this year. The missing agency likely reflects coverage/matching limits in the extracted results rather than an unparsed document.",no,,2005 prop_200405__1_d1.pdf,reextract,,,500000000.0,675000000.0
Sweden,2007,SSF (Stiftelsen for Strategisk Forskning),science_agency,missing,,"Year absent from raw_rows, but sweden_docx_results.csv already has extracted rows for this year. The missing agency likely reflects coverage/matching limits in the extracted results rather than an unparsed document.",no,,2007 prop_200607__1_d1.pdf,reextract,,,500000000.0,675000000.0
Sweden,2009,SSF (Stiftelsen for Strategisk Forskning),science_agency,missing,,"Year absent from raw_rows, but sweden_docx_results.csv already has extracted rows for this year. The missing agency likely reflects coverage/matching limits in the extracted results rather than an unparsed document.",no,,2009 prop_200809__1_d1.pdf,reextract,,,500000000.0,675000000.0
Sweden,2010,SSF (Stiftelsen for Strategisk Forskning),science_agency,missing,,"Year absent from raw_rows, but sweden_docx_results.csv already has extracted rows for this year. The missing agency likely reflects coverage/matching limits in the extracted results rather than an unparsed document.",no,,2010 prop_200910__1_d1.pdf,reextract,,,500000000.0,675000000.0
Sweden,2011,SSF (Stiftelsen for Strategisk Forskning),science_agency,missing,,"Year absent from raw_rows, but sweden_docx_results.csv already has extracted rows for this year. The missing agency likely reflects coverage/matching limits in the extracted results rather than an unparsed document.",no,,2011 prop_201011__1_d1.pdf,reextract,,,500000000.0,675000000.0
Sweden,2012,SSF (Stiftelsen for Strategisk Forskning),science_agency,missing,,"Year absent from raw_rows, but sweden_docx_results.csv already has extracted rows for this year. The missing agency likely reflects coverage/matching limits in the extracted results rather than an unparsed document.",no,,2012 prop_201112__1_d1.pdf,reextract,,,500000000.0,675000000.0
Sweden,2013,SSF (Stiftelsen for Strategisk Forskning),science_agency,missing,,"Year absent from raw_rows, but sweden_docx_results.csv already has extracted rows for this year. The missing agency likely reflects coverage/matching limits in the extracted results rather than an unparsed document.",no,,2013 prop_201213__1_d1.pdf,reextract,,,500000000.0,675000000.0
Sweden,2014,SSF (Stiftelsen for Strategisk Forskning),science_agency,missing,,"Year absent from raw_rows, but sweden_docx_results.csv already has extracted rows for this year. The missing agency likely reflects coverage/matching limits in the extracted results rather than an unparsed document.",no,,2014 prop_201314__1_d1.pdf,reextract,,,500000000.0,675000000.0
Sweden,2015,SSF (Stiftelsen for Strategisk Forskning),science_agency,missing,,"Year absent from raw_rows, but sweden_docx_results.csv already has extracted rows for this year. The missing agency likely reflects coverage/matching limits in the extracted results rather than an unparsed document.",no,,2015 download.pdf,reextract,,,500000000.0,675000000.0
Sweden,2016,SSF (Stiftelsen for Strategisk Forskning),science_agency,missing,,"Year absent from raw_rows, but sweden_docx_results.csv already has extracted rows for this year. The missing agency likely reflects coverage/matching limits in the extracted results rather than an unparsed document.",no,,2016 forslag-till-statens-budget-for-2016-finansplan-och-skattefragor-kapitel-1-12-och-bilagor-1-16.pdf,reextract,,,500000000.0,675000000.0
Sweden,2017,SSF (Stiftelsen for Strategisk Forskning),science_agency,ok,,,,,,none,675000000.0,SEK,500000000.0,706000000.0
Sweden,2018,SSF (Stiftelsen for Strategisk Forskning),science_agency,ok,,,,,,none,706000000.0,SEK,675000000.0,865000000.0
Sweden,2019,SSF (Stiftelsen for Strategisk Forskning),science_agency,ok,,,,,,none,865000000.0,SEK,706000000.0,
Sweden,2020,SSF (Stiftelsen for Strategisk Forskning),science_agency,missing,,"Year absent from raw_rows, but sweden_docx_results.csv already has extracted rows for this year. The missing agency likely reflects coverage/matching limits in the extracted results rather than an unparsed document.",no,,2020 budgetpropositionen-for-2020-hela-dokumentet-prop.-2019201.pdf,reextract,,,865000000.0,
Sweden,2021,SSF (Stiftelsen for Strategisk Forskning),science_agency,missing,,"Year absent from raw_rows, but sweden_docx_results.csv already has extracted rows for this year. The missing agency likely reflects coverage/matching limits in the extracted results rather than an unparsed document.",no,,2021 hela-bp21-som-pdf.pdf,reextract,,,865000000.0,
Sweden,2022,SSF (Stiftelsen for Strategisk Forskning),science_agency,missing,,"Year absent from raw_rows, but sweden_docx_results.csv already has extracted rows for this year. The missing agency likely reflects coverage/matching limits in the extracted results rather than an unparsed document.",no,,2022 budgetpropositionen-for-2022hela-dokumentet-prop.2021221.pdf,reextract,,,865000000.0,
Sweden,2023,SSF (Stiftelsen for Strategisk Forskning),science_agency,missing,,"Year absent from raw_rows, but sweden_docx_results.csv already has extracted rows for this year. The missing agency likely reflects coverage/matching limits in the extracted results rather than an unparsed document.",no,,2023 budgetpropositionen-for-2023-hela-dokumentet-prop.2022231-.pdf,reextract,,,865000000.0,
Sweden,2024,SSF (Stiftelsen for Strategisk Forskning),science_agency,missing,,"Year absent from raw_rows, but sweden_docx_results.csv already has extracted rows for this year. The missing agency likely reflects coverage/matching limits in the extracted results rather than an unparsed document.",no,,2024 budgetpropositionen-for-2024-hela-dokumentet-prop.2023241.pdf,reextract,,,865000000.0,
Sweden,2025,SSF (Stiftelsen for Strategisk Forskning),science_agency,missing,,"Year absent from raw_rows, but sweden_docx_results.csv already has extracted rows for this year. The missing agency likely reflects coverage/matching limits in the extracted results rather than an unparsed document.",no,,2025 budgetpropositionen-for-2025-hela-dokumentet-prop.-2024251.pdf,reextract,,,865000000.0,
Sweden,1975,Naturvetenskapliga forskningsradet (NFR),science_agency,ok,,,,,,none,89375000.0,SEK,,210387000.0
Sweden,1980,Naturvetenskapliga forskningsradet (NFR),science_agency,ok,,,,,,none,210387000.0,SEK,89375000.0,210387000.0
Sweden,1981,Naturvetenskapliga forskningsradet (NFR),science_agency,ok,,,,,,none,210387000.0,SEK,210387000.0,289419000.0
Sweden,1982,Naturvetenskapliga forskningsradet (NFR),science_agency,ok,,,,,,none,289419000.0,SEK,210387000.0,28513000000.0
Sweden,1983,Naturvetenskapliga forskningsradet (NFR),science_agency,ok,,,,,,none,28513000000.0,SEK,289419000.0,10000000.0
Sweden,1984,Naturvetenskapliga forskningsradet (NFR),science_agency,ok,,,,,,none,10000000.0,SEK,28513000000.0,600000000.0
Sweden,1985,Naturvetenskapliga forskningsradet (NFR),science_agency,ok,,,,,,none,600000000.0,SEK,10000000.0,747654000.0
Sweden,1986,Naturvetenskapliga forskningsradet (NFR),science_agency,ok,,,,,,none,747654000.0,SEK,600000000.0,7690802000.0
Sweden,1987,Naturvetenskapliga forskningsradet (NFR),science_agency,ok,,,,,,none,7690802000.0,SEK,747654000.0,302089000.0
Sweden,1988,Naturvetenskapliga forskningsradet (NFR),science_agency,ok,,,,,,none,302089000.0,SEK,7690802000.0,624917000000.0
Sweden,1989,Naturvetenskapliga forskningsradet (NFR),science_agency,ok,,,,,,none,624917000000.0,SEK,302089000.0,345655000.0
Sweden,1990,Naturvetenskapliga forskningsradet (NFR),science_agency,ok,,,,,,none,345655000.0,SEK,624917000000.0,454687000000.0
Sweden,1991,Naturvetenskapliga forskningsradet (NFR),science_agency,ok,,,,,,none,454687000000.0,SEK,345655000.0,464176000000.0
Sweden,1992,Naturvetenskapliga forskningsradet (NFR),science_agency,ok,,,,,,none,464176000000.0,SEK,454687000000.0,7039137000.0
Sweden,1993,Naturvetenskapliga forskningsradet (NFR),science_agency,ok,,,,,,none,7039137000.0,SEK,464176000000.0,584169000000.0
Sweden,1994,Naturvetenskapliga forskningsradet (NFR),science_agency,ok,,,,,,none,584169000000.0,SEK,7039137000.0,900017000000.0
Sweden,1995,Naturvetenskapliga forskningsradet (NFR),science_agency,ok,,,,,,none,900017000000.0,SEK,584169000000.0,525426000.0
Sweden,1997,Naturvetenskapliga forskningsradet (NFR),science_agency,ok,,,,,,none,525426000.0,SEK,900017000000.0,127406000.0
Sweden,1998,Naturvetenskapliga forskningsradet (NFR),science_agency,ok,,,,,,none,127406000.0,SEK,525426000.0,
Sweden,1999,Naturvetenskapliga forskningsradet (NFR),science_agency,missing,,"Year absent from raw_rows, but sweden_docx_results.csv already has extracted rows for this year. The missing agency likely reflects coverage/matching limits in the extracted results rather than an unparsed document.",no,,1999 download.pdf,reextract,,,127406000.0,
Sweden,2000,Naturvetenskapliga forskningsradet (NFR),science_agency,missing,,"Year absent from raw_rows, but sweden_docx_results.csv already has extracted rows for this year. The missing agency likely reflects coverage/matching limits in the extracted results rather than an unparsed document.",no,,2000 download.pdf,reextract,,,127406000.0,
Sweden,2001,Naturvetenskapliga forskningsradet (NFR),science_agency,missing,,"Year absent from raw_rows, but sweden_docx_results.csv already has extracted rows for this year. The missing agency likely reflects coverage/matching limits in the extracted results rather than an unparsed document.",no,,2001 download.pdf,reextract,,,127406000.0,
Sweden,1994,Teknikvetenskapliga forskningsradet (TFR),science_agency,ok,,,,,,none,267936000000.0,SEK,,463978000000.0
Sweden,1995,Teknikvetenskapliga forskningsradet (TFR),science_agency,ok,,,,,,none,463978000000.0,SEK,267936000000.0,272237000.0
Sweden,1997,Teknikvetenskapliga forskningsradet (TFR),science_agency,ok,,,,,,none,272237000.0,SEK,463978000000.0,127406000.0
Sweden,1998,Teknikvetenskapliga forskningsradet (TFR),science_agency,ok,,,,,,none,127406000.0,SEK,272237000.0,241402000.0
Sweden,1999,Teknikvetenskapliga forskningsradet (TFR),science_agency,missing,,"Year absent from raw_rows, but sweden_docx_results.csv already has extracted rows for this year. The missing agency likely reflects coverage/matching limits in the extracted results rather than an unparsed document.",no,,1999 download.pdf,reextract,,,127406000.0,241402000.0
Sweden,2000,Teknikvetenskapliga forskningsradet (TFR),science_agency,ok,,,,,,none,241402000.0,SEK,127406000.0,
Sweden,2001,Teknikvetenskapliga forskningsradet (TFR),science_agency,missing,,"Year absent from raw_rows, but sweden_docx_results.csv already has extracted rows for this year. The missing agency likely reflects coverage/matching limits in the extracted results rather than an unparsed document.",no,,2001 download.pdf,reextract,,,241402000.0,
Sweden,1980,Humanistisk-samhallsvetenskapliga forskningsradet (HSFR),science_agency,ok,,,,,,none,64622000000.0,SEK,,64622000000.0
Sweden,1981,Humanistisk-samhallsvetenskapliga forskningsradet (HSFR),science_agency,ok,,,,,,none,64622000000.0,SEK,64622000000.0,11602000.0
Sweden,1982,Humanistisk-samhallsvetenskapliga forskningsradet (HSFR),science_agency,ok,,,,,,none,11602000.0,SEK,64622000000.0,1000000000.0
Sweden,1983,Humanistisk-samhallsvetenskapliga forskningsradet (HSFR),science_agency,ok,,,,,,none,1000000000.0,SEK,11602000.0,710000000.0
Sweden,1984,Humanistisk-samhallsvetenskapliga forskningsradet (HSFR),science_agency,ok,,,,,,none,710000000.0,SEK,1000000000.0,5000000000.0
Sweden,1985,Humanistisk-samhallsvetenskapliga forskningsradet (HSFR),science_agency,ok,,,,,,none,5000000000.0,SEK,710000000.0,94800000.0
Sweden,1986,Humanistisk-samhallsvetenskapliga forskningsradet (HSFR),science_agency,ok,,,,,,none,94800000.0,SEK,5000000000.0,2902141000000.0
Sweden,1987,Humanistisk-samhallsvetenskapliga forskningsradet (HSFR),science_agency,outlier,,"Amount 2,902,141,000,000 outside expected range [-609,802,520,000 – 813,556,515,000] (IQR × 3.0) within SEK observations. Possible current/prior year confusion or unit error.",,,,verify,2902141000000.0,SEK,94800000.0,100204000000.0
Sweden,1988,Humanistisk-samhallsvetenskapliga forskningsradet (HSFR),science_agency,ok,,,,,,none,100204000000.0,SEK,2902141000000.0,109656000.0
Sweden,1989,Humanistisk-samhallsvetenskapliga forskningsradet (HSFR),science_agency,ok,,,,,,none,109656000.0,SEK,100204000000.0,5018906000000.0
Sweden,1990,Humanistisk-samhallsvetenskapliga forskningsradet (HSFR),science_agency,outlier,,"Amount 5,018,906,000,000 outside expected range [-609,802,520,000 – 813,556,515,000] (IQR × 3.0) within SEK observations. Possible current/prior year confusion or unit error.",,,,verify,5018906000000.0,SEK,109656000.0,152181000000.0
Sweden,1991,Humanistisk-samhallsvetenskapliga forskningsradet (HSFR),science_agency,ok,,,,,,none,152181000000.0,SEK,5018906000000.0,194275000000.0
Sweden,1992,Humanistisk-samhallsvetenskapliga forskningsradet (HSFR),science_agency,ok,,,,,,none,194275000000.0,SEK,152181000000.0,7039137000000.0
Sweden,1993,Humanistisk-samhallsvetenskapliga forskningsradet (HSFR),science_agency,outlier,,"Amount 7,039,137,000,000 outside expected range [-609,802,520,000 – 813,556,515,000] (IQR × 3.0) within SEK observations. Possible current/prior year confusion or unit error.",,,,verify,7039137000000.0,SEK,194275000000.0,212816000000.0
Sweden,1994,Humanistisk-samhallsvetenskapliga forskningsradet (HSFR),science_agency,ok,,,,,,none,212816000000.0,SEK,7039137000000.0,341100000000.0
Sweden,1995,Humanistisk-samhallsvetenskapliga forskningsradet (HSFR),science_agency,ok,,,,,,none,341100000000.0,SEK,212816000000.0,210444000.0
Sweden,1997,Humanistisk-samhallsvetenskapliga forskningsradet (HSFR),science_agency,ok,,,,,,none,210444000.0,SEK,341100000000.0,127406000.0
Sweden,1998,Humanistisk-samhallsvetenskapliga forskningsradet (HSFR),science_agency,ok,,,,,,none,127406000.0,SEK,210444000.0,206546000.0
Sweden,1999,Humanistisk-samhallsvetenskapliga forskningsradet (HSFR),science_agency,missing,,"Year absent from raw_rows, but sweden_docx_results.csv already has extracted rows for this year. The missing agency likely reflects coverage/matching limits in the extracted results rather than an unparsed document.",no,,1999 download.pdf,reextract,,,127406000.0,206546000.0
Sweden,2000,Humanistisk-samhallsvetenskapliga forskningsradet (HSFR),science_agency,ok,,,,,,none,206546000.0,SEK,127406000.0,
Sweden,2001,Humanistisk-samhallsvetenskapliga forskningsradet (HSFR),science_agency,missing,,"Year absent from raw_rows, but sweden_docx_results.csv already has extracted rows for this year. The missing agency likely reflects coverage/matching limits in the extracted results rather than an unparsed document.",no,,2001 download.pdf,reextract,,,206546000.0,
Sweden,1975,Medicinska forskningsradet (MFR),science_agency,ok,,,,,,none,64352000.0,SEK,,110905000000.0
Sweden,1980,Medicinska forskningsradet (MFR),science_agency,ok,,,,,,none,110905000000.0,SEK,64352000.0,110905000.0
Sweden,1981,Medicinska forskningsradet (MFR),science_agency,ok,,,,,,none,110905000.0,SEK,110905000000.0,135301000.0
Sweden,1982,Medicinska forskningsradet (MFR),science_agency,ok,,,,,,none,135301000.0,SEK,110905000.0,5150000.0
Sweden,1983,Medicinska forskningsradet (MFR),science_agency,ok,,,,,,none,5150000.0,SEK,135301000.0,191376000.0
Sweden,1984,Medicinska forskningsradet (MFR),science_agency,missing,,"Year absent from raw_rows, but sweden_docx_results.csv already has extracted rows for this year. The missing agency likely reflects coverage/matching limits in the extracted results rather than an unparsed document.",no,,1984 prop_198384__100.pdf,reextract,,,5150000.0,191376000.0
Sweden,1985,Medicinska forskningsradet (MFR),science_agency,ok,,,,,,none,191376000.0,SEK,5150000.0,198348000.0
Sweden,1986,Medicinska forskningsradet (MFR),science_agency,ok,,,,,,none,198348000.0,SEK,191376000.0,2902141000.0
Sweden,1987,Medicinska forskningsradet (MFR),science_agency,ok,,,,,,none,2902141000.0,SEK,198348000.0,234861000.0
Sweden,1988,Medicinska forskningsradet (MFR),science_agency,ok,,,,,,none,234861000.0,SEK,2902141000.0,249202000000.0
Sweden,1989,Medicinska forskningsradet (MFR),science_agency,ok,,,,,,none,249202000000.0,SEK,234861000.0,5018906000.0
Sweden,1990,Medicinska forskningsradet (MFR),science_agency,ok,,,,,,none,5018906000.0,SEK,249202000000.0,329814000000.0
Sweden,1991,Medicinska forskningsradet (MFR),science_agency,ok,,,,,,none,329814000000.0,SEK,5018906000.0,340855000000.0
Sweden,1992,Medicinska forskningsradet (MFR),science_agency,ok,,,,,,none,340855000000.0,SEK,329814000000.0,1800000000.0
Sweden,1993,Medicinska forskningsradet (MFR),science_agency,ok,,,,,,none,1800000000.0,SEK,340855000000.0,378691000000.0
Sweden,1994,Medicinska forskningsradet (MFR),science_agency,ok,,,,,,none,378691000000.0,SEK,1800000000.0,552004000000.0
Sweden,1995,Medicinska forskningsradet (MFR),science_agency,ok,,,,,,none,552004000000.0,SEK,378691000000.0,326533000.0
Sweden,1997,Medicinska forskningsradet (MFR),science_agency,ok,,,,,,none,326533000.0,SEK,552004000000.0,127406000.0
Sweden,1998,Medicinska forskningsradet (MFR),science_agency,ok,,,,,,none,127406000.0,SEK,326533000.0,
Sweden,1999,Medicinska forskningsradet (MFR),science_agency,missing,,"Year absent from raw_rows, but sweden_docx_results.csv already has extracted rows for this year. The missing agency likely reflects coverage/matching limits in the extracted results rather than an unparsed document.",no,,1999 download.pdf,reextract,,,127406000.0,
Sweden,2000,Medicinska forskningsradet (MFR),science_agency,missing,,"Year absent from raw_rows, but sweden_docx_results.csv already has extracted rows for this year. The missing agency likely reflects coverage/matching limits in the extracted results rather than an unparsed document.",no,,2000 download.pdf,reextract,,,127406000.0,
Sweden,2001,Medicinska forskningsradet (MFR),science_agency,missing,,"Year absent from raw_rows, but sweden_docx_results.csv already has extracted rows for this year. The missing agency likely reflects coverage/matching limits in the extracted results rather than an unparsed document.",no,,2001 download.pdf,reextract,,,127406000.0,
Sweden,1991,NUTEK (Narings- och teknikutvecklingsverket),science_agency,ok,,,,,,none,800000000.0,SEK,,181625000000.0
Sweden,1992,NUTEK (Narings- och teknikutvecklingsverket),science_agency,outlier,,"Amount 181,625,000,000 outside expected range [-54,708,882,000 – 73,730,849,000] (IQR × 3.0) within SEK observations. Possible current/prior year confusion or unit error.",,,,verify,181625000000.0,SEK,800000000.0,172200000.0
Sweden,1993,NUTEK (Narings- och teknikutvecklingsverket),science_agency,ok,,,,,,none,172200000.0,SEK,181625000000.0,580320000.0
Sweden,1994,NUTEK (Narings- och teknikutvecklingsverket),science_agency,ok,,,,,,none,580320000.0,SEK,172200000.0,352920000.0
Sweden,1995,NUTEK (Narings- och teknikutvecklingsverket),science_agency,ok,,,,,,none,352920000.0,SEK,580320000.0,353268000.0
Sweden,1997,NUTEK (Narings- och teknikutvecklingsverket),science_agency,ok,,,,,,none,353268000.0,SEK,352920000.0,331316000.0
Sweden,1998,NUTEK (Narings- och teknikutvecklingsverket),science_agency,ok,,,,,,none,331316000.0,SEK,353268000.0,203537000000.0
Sweden,1999,NUTEK (Narings- och teknikutvecklingsverket),science_agency,missing,,"Year absent from raw_rows, but sweden_docx_results.csv already has extracted rows for this year. The missing agency likely reflects coverage/matching limits in the extracted results rather than an unparsed document.",no,,1999 download.pdf,reextract,,,331316000.0,203537000000.0
Sweden,2000,NUTEK (Narings- och teknikutvecklingsverket),science_agency,missing,,"Year absent from raw_rows, but sweden_docx_results.csv already has extracted rows for this year. The missing agency likely reflects coverage/matching limits in the extracted results rather than an unparsed document.",no,,2000 download.pdf,reextract,,,331316000.0,203537000000.0
Sweden,2001,NUTEK (Narings- och teknikutvecklingsverket),science_agency,missing,,"Year absent from raw_rows, but sweden_docx_results.csv already has extracted rows for this year. The missing agency likely reflects coverage/matching limits in the extracted results rather than an unparsed document.",no,,2001 download.pdf,reextract,,,331316000.0,203537000000.0
Sweden,2002,NUTEK (Narings- och teknikutvecklingsverket),science_agency,outlier,,"Amount 203,537,000,000 outside expected range [-54,708,882,000 – 73,730,849,000] (IQR × 3.0) within SEK observations. Possible current/prior year confusion or unit error.",,,,verify,203537000000.0,SEK,331316000.0,24647000000.0
Sweden,2003,NUTEK (Narings- och teknikutvecklingsverket),science_agency,ok,,,,,,none,24647000000.0,SEK,203537000000.0,10000000.0
Sweden,2004,NUTEK (Narings- och teknikutvecklingsverket),science_agency,ok,,,,,,none,10000000.0,SEK,24647000000.0,
Sweden,1975,STU (Styrelsen for Teknisk Utveckling),science_agency,ok,,,,,,none,548136000.0,SEK,,300000000.0
Sweden,1980,STU (Styrelsen for Teknisk Utveckling),science_agency,ok,,,,,,none,300000000.0,SEK,548136000.0,300000000.0
Sweden,1981,STU (Styrelsen for Teknisk Utveckling),science_agency,ok,,,,,,none,300000000.0,SEK,300000000.0,1550017500.0
Sweden,1982,STU (Styrelsen for Teknisk Utveckling),science_agency,ok,,,,,,none,1550017500.0,SEK,300000000.0,17500190000.0
Sweden,1983,STU (Styrelsen for Teknisk Utveckling),science_agency,outlier,,"Amount 17,500,190,000 outside expected range [-1,346,792,000 – 2,463,119,000] (IQR × 3.0) within SEK observations. Possible current/prior year confusion or unit error.",,,,verify,17500190000.0,SEK,1550017500.0,610500000.0
Sweden,1984,STU (Styrelsen for Teknisk Utveckling),science_agency,ok,,,,,,none,610500000.0,SEK,17500190000.0,19000000.0
Sweden,1985,STU (Styrelsen for Teknisk Utveckling),science_agency,ok,,,,,,none,19000000.0,SEK,610500000.0,175000000.0
Sweden,1986,STU (Styrelsen for Teknisk Utveckling),science_agency,ok,,,,,,none,175000000.0,SEK,19000000.0,72374000.0
Sweden,1987,STU (Styrelsen for Teknisk Utveckling),science_agency,ok,,,,,,none,72374000.0,SEK,175000000.0,286027000.0
Sweden,1988,STU (Styrelsen for Teknisk Utveckling),science_agency,ok,,,,,,none,286027000.0,SEK,72374000.0,830300000.0
Sweden,1989,STU (Styrelsen for Teknisk Utveckling),science_agency,ok,,,,,,none,830300000.0,SEK,286027000.0,913263000.0
Sweden,1990,STU (Styrelsen for Teknisk Utveckling),science_agency,ok,,,,,,none,913263000.0,SEK,830300000.0,818815000.0
Sweden,1991,STU (Styrelsen for Teknisk Utveckling),science_agency,ok,,,,,,none,818815000.0,SEK,913263000.0,
Sweden,2005,RISE (Research Institutes of Sweden),science_agency,missing,,"Year absent from raw_rows, but sweden_docx_results.csv already has extracted rows for this year. The missing agency likely reflects coverage/matching limits in the extracted results rather than an unparsed document.",no,,2005 prop_200405__1_d1.pdf,reextract,,,,25000000.0
Sweden,2007,RISE (Research Institutes of Sweden),science_agency,missing,,"Year absent from raw_rows, but sweden_docx_results.csv already has extracted rows for this year. The missing agency likely reflects coverage/matching limits in the extracted results rather than an unparsed document.",no,,2007 prop_200607__1_d1.pdf,reextract,,,,25000000.0
Sweden,2009,RISE (Research Institutes of Sweden),science_agency,missing,,"Year absent from raw_rows, but sweden_docx_results.csv already has extracted rows for this year. The missing agency likely reflects coverage/matching limits in the extracted results rather than an unparsed document.",no,,2009 prop_200809__1_d1.pdf,reextract,,,,25000000.0
Sweden,2010,RISE (Research Institutes of Sweden),science_agency,missing,,"Year absent from raw_rows, but sweden_docx_results.csv already has extracted rows for this year. The missing agency likely reflects coverage/matching limits in the extracted results rather than an unparsed document.",no,,2010 prop_200910__1_d1.pdf,reextract,,,,25000000.0
Sweden,2011,RISE (Research Institutes of Sweden),science_agency,missing,,"Year absent from raw_rows, but sweden_docx_results.csv already has extracted rows for this year. The missing agency likely reflects coverage/matching limits in the extracted results rather than an unparsed document.",no,,2011 prop_201011__1_d1.pdf,reextract,,,,25000000.0
Sweden,2012,RISE (Research Institutes of Sweden),science_agency,missing,,"Year absent from raw_rows, but sweden_docx_results.csv already has extracted rows for this year. The missing agency likely reflects coverage/matching limits in the extracted results rather than an unparsed document.",no,,2012 prop_201112__1_d1.pdf,reextract,,,,25000000.0
Sweden,2013,RISE (Research Institutes of Sweden),science_agency,ok,,,,,,none,25000000.0,SEK,,616000000.0
Sweden,2014,RISE (Research Institutes of Sweden),science_agency,missing,,"Year absent from raw_rows, but sweden_docx_results.csv already has extracted rows for this year. The missing agency likely reflects coverage/matching limits in the extracted results rather than an unparsed document.",no,,2014 prop_201314__1_d1.pdf,reextract,,,25000000.0,616000000.0
Sweden,2015,RISE (Research Institutes of Sweden),science_agency,missing,,"Year absent from raw_rows, but sweden_docx_results.csv already has extracted rows for this year. The missing agency likely reflects coverage/matching limits in the extracted results rather than an unparsed document.",no,,2015 download.pdf,reextract,,,25000000.0,616000000.0
Sweden,2016,RISE (Research Institutes of Sweden),science_agency,missing,,"Year absent from raw_rows, but sweden_docx_results.csv already has extracted rows for this year. The missing agency likely reflects coverage/matching limits in the extracted results rather than an unparsed document.",no,,2016 forslag-till-statens-budget-for-2016-finansplan-och-skattefragor-kapitel-1-12-och-bilagor-1-16.pdf,reextract,,,25000000.0,616000000.0
Sweden,2017,RISE (Research Institutes of Sweden),science_agency,ok,,,,,,none,616000000.0,SEK,25000000.0,100000000.0
Sweden,2018,RISE (Research Institutes of Sweden),science_agency,ok,,,,,,none,100000000.0,SEK,616000000.0,630000000.0
Sweden,2019,RISE (Research Institutes of Sweden),science_agency,ok,,,,,,none,630000000.0,SEK,100000000.0,740000000.0
Sweden,2020,RISE (Research Institutes of Sweden),science_agency,ok,,,,,,none,740000000.0,SEK,630000000.0,247000000.0
Sweden,2021,RISE (Research Institutes of Sweden),science_agency,ok,,,,,,none,247000000.0,SEK,740000000.0,95000.0
Sweden,2022,RISE (Research Institutes of Sweden),science_agency,ok,,,,,,none,95000.0,SEK,247000000.0,1054000000.0
Sweden,2023,RISE (Research Institutes of Sweden),science_agency,ok,,,,,,none,1054000000.0,SEK,95000.0,834000000.0
Sweden,2024,RISE (Research Institutes of Sweden),science_agency,missing,,"Year absent from raw_rows, but extracted results contain a matching text row for this agency-year in 2024 budgetpropositionen-for-2024-hela-dokumentet-prop.2023241.pdf without a defendable numeric total.",no,,2024 budgetpropositionen-for-2024-hela-dokumentet-prop.2023241.pdf,reextract,,,1054000000.0,834000000.0
Sweden,2025,RISE (Research Institutes of Sweden),science_agency,ok,,,,,,none,834000000.0,SEK,1054000000.0,
Sweden,1975,SMHI,science_agency,ok,,,,,,none,37552000.0,SEK,,154060000.0
Sweden,1980,SMHI,science_agency,ok,,,,,,none,154060000.0,SEK,37552000.0,154060000000.0
Sweden,1981,SMHI,science_agency,outlier,,"Amount 154,060,000,000 outside expected range [-5,513,456,000 – 7,635,092,000] (IQR × 3.0) within SEK observations. Possible current/prior year confusion or unit error.",,,,verify,154060000000.0,SEK,154060000.0,651068000.0
Sweden,1982,SMHI,science_agency,ok,,,,,,none,651068000.0,SEK,154060000000.0,87620000000.0
Sweden,1983,SMHI,science_agency,outlier,,"Amount 87,620,000,000 outside expected range [-5,513,456,000 – 7,635,092,000] (IQR × 3.0) within SEK observations. Possible current/prior year confusion or unit error.",,,,verify,87620000000.0,SEK,651068000.0,202000000.0
Sweden,1984,SMHI,science_agency,ok,,,,,,none,202000000.0,SEK,87620000000.0,6900000.0
Sweden,1985,SMHI,science_agency,ok,,,,,,none,6900000.0,SEK,202000000.0,101593000.0
Sweden,1986,SMHI,science_agency,ok,,,,,,none,101593000.0,SEK,6900000.0,105800000.0
Sweden,1987,SMHI,science_agency,ok,,,,,,none,105800000.0,SEK,101593000.0,11567072000.0
Sweden,1988,SMHI,science_agency,outlier,,"Amount 11,567,072,000 outside expected range [-5,513,456,000 – 7,635,092,000] (IQR × 3.0) within SEK observations. Possible current/prior year confusion or unit error.",,,,verify,11567072000.0,SEK,105800000.0,583800000.0
Sweden,1989,SMHI,science_agency,ok,,,,,,none,583800000.0,SEK,11567072000.0,128300000.0
Sweden,1990,SMHI,science_agency,ok,,,,,,none,128300000.0,SEK,583800000.0,33500000.0
Sweden,1991,SMHI,science_agency,ok,,,,,,none,33500000.0,SEK,128300000.0,128036000000.0
Sweden,1992,SMHI,science_agency,outlier,,"Amount 128,036,000,000 outside expected range [-5,513,456,000 – 7,635,092,000] (IQR × 3.0) within SEK observations. Possible current/prior year confusion or unit error.",,,,verify,128036000000.0,SEK,33500000.0,121636000.0
Sweden,1993,SMHI,science_agency,ok,,,,,,none,121636000.0,SEK,128036000000.0,125024000000.0
Sweden,1994,SMHI,science_agency,outlier,,"Amount 125,024,000,000 outside expected range [-5,513,456,000 – 7,635,092,000] (IQR × 3.0) within SEK observations. Possible current/prior year confusion or unit error.",,,,verify,125024000000.0,SEK,121636000.0,182802000000.0
Sweden,1995,SMHI,science_agency,outlier,,"Amount 182,802,000,000 outside expected range [-5,513,456,000 – 7,635,092,000] (IQR × 3.0) within SEK observations. Possible current/prior year confusion or unit error.",,,,verify,182802000000.0,SEK,125024000000.0,120338000.0
Sweden,1997,SMHI,science_agency,ok,,,,,,none,120338000.0,SEK,182802000000.0,34810000.0
Sweden,1998,SMHI,science_agency,ok,,,,,,none,34810000.0,SEK,120338000.0,30000000.0
Sweden,1999,SMHI,science_agency,missing,,"Year absent from raw_rows, but sweden_docx_results.csv already has extracted rows for this year. The missing agency likely reflects coverage/matching limits in the extracted results rather than an unparsed document.",no,,1999 download.pdf,reextract,,,34810000.0,30000000.0
Sweden,2000,SMHI,science_agency,missing,,"Year absent from raw_rows, but sweden_docx_results.csv already has extracted rows for this year. The missing agency likely reflects coverage/matching limits in the extracted results rather than an unparsed document.",no,,2000 download.pdf,reextract,,,34810000.0,30000000.0
Sweden,2001,SMHI,science_agency,missing,,"Year absent from raw_rows, but sweden_docx_results.csv already has extracted rows for this year. The missing agency likely reflects coverage/matching limits in the extracted results rather than an unparsed document.",no,,2001 download.pdf,reextract,,,34810000.0,30000000.0
Sweden,2002,SMHI,science_agency,ok,,,,,,none,30000000.0,SEK,34810000.0,259556000.0
Sweden,2003,SMHI,science_agency,missing,,"Year absent from raw_rows, but sweden_docx_results.csv already has extracted rows for this year. The missing agency likely reflects coverage/matching limits in the extracted results rather than an unparsed document.",no,,2003 prop_200203__1_d1.pdf,reextract,,,30000000.0,259556000.0
Sweden,2004,SMHI,science_agency,missing,,"Year absent from raw_rows, but sweden_docx_results.csv already has extracted rows for this year. The missing agency likely reflects coverage/matching limits in the extracted results rather than an unparsed document.",no,,2004 prop_200304__1_d1.pdf,reextract,,,30000000.0,259556000.0
Sweden,2005,SMHI,science_agency,ok,,,,,,none,259556000.0,SEK,30000000.0,3000000000.0
Sweden,2007,SMHI,science_agency,missing,,"Year absent from raw_rows, but sweden_docx_results.csv already has extracted rows for this year. The missing agency likely reflects coverage/matching limits in the extracted results rather than an unparsed document.",no,,2007 prop_200607__1_d1.pdf,reextract,,,259556000.0,3000000000.0
Sweden,2009,SMHI,science_agency,missing,,"Year absent from raw_rows, but extracted results contain a matching text row for this agency-year in 2009 prop_200809__1_d1.pdf without a defendable numeric total.",no,,2009 prop_200809__1_d1.pdf,reextract,,,259556000.0,3000000000.0
Sweden,2010,SMHI,science_agency,missing,,"Year absent from raw_rows, but sweden_docx_results.csv already has extracted rows for this year. The missing agency likely reflects coverage/matching limits in the extracted results rather than an unparsed document.",no,,2010 prop_200910__1_d1.pdf,reextract,,,259556000.0,3000000000.0
Sweden,2011,SMHI,science_agency,ok,,,,,,none,3000000000.0,SEK,259556000.0,500000000.0
Sweden,2012,SMHI,science_agency,missing,,"Year absent from raw_rows, but extracted results contain a matching text row for this agency-year in 2012 prop_201112__1_d1.pdf without a defendable numeric total.",no,,2012 prop_201112__1_d1.pdf,reextract,,,3000000000.0,500000000.0
Sweden,2013,SMHI,science_agency,missing,,"Year absent from raw_rows, but sweden_docx_results.csv already has extracted rows for this year. The missing agency likely reflects coverage/matching limits in the extracted results rather than an unparsed document.",no,,2013 prop_201213__1_d1.pdf,reextract,,,3000000000.0,500000000.0
Sweden,2014,SMHI,science_agency,ok,,,,,,none,500000000.0,SEK,3000000000.0,2000000000.0
Sweden,2015,SMHI,science_agency,missing,,"Year absent from raw_rows, but extracted results contain a matching text row for this agency-year in 2015 download.pdf without a defendable numeric total.",no,,2015 download.pdf,reextract,,,500000000.0,2000000000.0
Sweden,2016,SMHI,science_agency,ok,,,,,,none,2000000000.0,SEK,500000000.0,300000000.0
Sweden,2017,SMHI,science_agency,ok,,,,,,none,300000000.0,SEK,2000000000.0,2000000000.0
Sweden,2018,SMHI,science_agency,ok,,,,,,none,2000000000.0,SEK,300000000.0,245724000.0
Sweden,2019,SMHI,science_agency,ok,,,,,,none,245724000.0,SEK,2000000000.0,3000000000.0
Sweden,2020,SMHI,science_agency,ok,,,,,,none,3000000000.0,SEK,245724000.0,294952000.0
Sweden,2021,SMHI,science_agency,ok,,,,,,none,294952000.0,SEK,3000000000.0,2000000000.0
Sweden,2022,SMHI,science_agency,ok,,,,,,none,2000000000.0,SEK,294952000.0,283581000.0
Sweden,2023,SMHI,science_agency,ok,,,,,,none,283581000.0,SEK,2000000000.0,292107000.0
Sweden,2024,SMHI,science_agency,ok,,,,,,none,292107000.0,SEK,283581000.0,2000000000.0
Sweden,2025,SMHI,science_agency,ok,,,,,,none,2000000000.0,SEK,292107000.0,
Sweden,1975,Rymdstyrelsen,science_agency,ok,,,,,,none,12606000.0,SEK,,13229000.0
Sweden,1980,Rymdstyrelsen,science_agency,ok,,,,,,none,13229000.0,SEK,12606000.0,13229000.0
Sweden,1981,Rymdstyrelsen,science_agency,ok,,,,,,none,13229000.0,SEK,13229000.0,255142000000.0
Sweden,1982,Rymdstyrelsen,science_agency,outlier,,"Amount 255,142,000,000 outside expected range [-14,901,370,000 – 19,959,113,000] (IQR × 3.0) within SEK observations. Possible current/prior year confusion or unit error.",,,,verify,255142000000.0,SEK,13229000.0,18922000.0
Sweden,1983,Rymdstyrelsen,science_agency,ok,,,,,,none,18922000.0,SEK,255142000000.0,108858000.0
Sweden,1984,Rymdstyrelsen,science_agency,ok,,,,,,none,108858000.0,SEK,18922000.0,20355000000.0
Sweden,1985,Rymdstyrelsen,science_agency,outlier,,"Amount 20,355,000,000 outside expected range [-14,901,370,000 – 19,959,113,000] (IQR × 3.0) within SEK observations. Possible current/prior year confusion or unit error.",,,,verify,20355000000.0,SEK,108858000.0,24003000000.0
Sweden,1986,Rymdstyrelsen,science_agency,outlier,,"Amount 24,003,000,000 outside expected range [-14,901,370,000 – 19,959,113,000] (IQR × 3.0) within SEK observations. Possible current/prior year confusion or unit error.",,,,verify,24003000000.0,SEK,20355000000.0,24219000.0
Sweden,1987,Rymdstyrelsen,science_agency,missing,,"Year absent from raw_rows, but sweden_docx_results.csv already has extracted rows for this year. The missing agency likely reflects coverage/matching limits in the extracted results rather than an unparsed document.",no,,1987 prop_198687__100.pdf,reextract,,,24003000000.0,24219000.0
Sweden,1988,Rymdstyrelsen,science_agency,ok,,,,,,none,24219000.0,SEK,24003000000.0,27300000.0
Sweden,1989,Rymdstyrelsen,science_agency,ok,,,,,,none,27300000.0,SEK,24219000.0,5018906000.0
Sweden,1990,Rymdstyrelsen,science_agency,ok,,,,,,none,5018906000.0,SEK,27300000.0,30617000000.0
Sweden,1991,Rymdstyrelsen,science_agency,outlier,,"Amount 30,617,000,000 outside expected range [-14,901,370,000 – 19,959,113,000] (IQR × 3.0) within SEK observations. Possible current/prior year confusion or unit error.",,,,verify,30617000000.0,SEK,5018906000.0,30252000000.0
Sweden,1992,Rymdstyrelsen,science_agency,outlier,,"Amount 30,252,000,000 outside expected range [-14,901,370,000 – 19,959,113,000] (IQR × 3.0) within SEK observations. Possible current/prior year confusion or unit error.",,,,verify,30252000000.0,SEK,30617000000.0,42815000000.0
Sweden,1993,Rymdstyrelsen,science_agency,missing,,"Year absent from raw_rows, but sweden_docx_results.csv already has extracted rows for this year. The missing agency likely reflects coverage/matching limits in the extracted results rather than an unparsed document.",no,,1993 prop_199293__100 (2).pdf,reextract,,,30252000000.0,42815000000.0
Sweden,1994,Rymdstyrelsen,science_agency,outlier,,"Amount 42,815,000,000 outside expected range [-14,901,370,000 – 19,959,113,000] (IQR × 3.0) within SEK observations. Possible current/prior year confusion or unit error.",,,,verify,42815000000.0,SEK,30252000000.0,341100000000.0
Sweden,1995,Rymdstyrelsen,science_agency,outlier,,"Amount 341,100,000,000 outside expected range [-14,901,370,000 – 19,959,113,000] (IQR × 3.0) within SEK observations. Possible current/prior year confusion or unit error.",,,,verify,341100000000.0,SEK,42815000000.0,38837000.0
Sweden,1997,Rymdstyrelsen,science_agency,ok,,,,,,none,38837000.0,SEK,341100000000.0,310100000.0
Sweden,1998,Rymdstyrelsen,science_agency,ok,,,,,,none,310100000.0,SEK,38837000.0,18280.0
Sweden,1999,Rymdstyrelsen,science_agency,missing,,"Year absent from raw_rows, but sweden_docx_results.csv already has extracted rows for this year. The missing agency likely reflects coverage/matching limits in the extracted results rather than an unparsed document.",no,,1999 download.pdf,reextract,,,310100000.0,18280.0
Sweden,2000,Rymdstyrelsen,science_agency,missing,,"Year absent from raw_rows, but sweden_docx_results.csv already has extracted rows for this year. The missing agency likely reflects coverage/matching limits in the extracted results rather than an unparsed document.",no,,2000 download.pdf,reextract,,,310100000.0,18280.0
Sweden,2001,Rymdstyrelsen,science_agency,missing,,"Year absent from raw_rows, but sweden_docx_results.csv already has extracted rows for this year. The missing agency likely reflects coverage/matching limits in the extracted results rather than an unparsed document.",no,,2001 download.pdf,reextract,,,310100000.0,18280.0
Sweden,2002,Rymdstyrelsen,science_agency,ok,,,,,,none,18280.0,SEK,310100000.0,100000000.0
Sweden,2003,Rymdstyrelsen,science_agency,missing,,"Year absent from raw_rows, but sweden_docx_results.csv already has extracted rows for this year. The missing agency likely reflects coverage/matching limits in the extracted results rather than an unparsed document.",no,,2003 prop_200203__1_d1.pdf,reextract,,,18280.0,100000000.0
Sweden,2004,Rymdstyrelsen,science_agency,missing,,"Year absent from raw_rows, but sweden_docx_results.csv already has extracted rows for this year. The missing agency likely reflects coverage/matching limits in the extracted results rather than an unparsed document.",no,,2004 prop_200304__1_d1.pdf,reextract,,,18280.0,100000000.0
Sweden,2005,Rymdstyrelsen,science_agency,missing,,"Year absent from raw_rows, but sweden_docx_results.csv already has extracted rows for this year. The missing agency likely reflects coverage/matching limits in the extracted results rather than an unparsed document.",no,,2005 prop_200405__1_d1.pdf,reextract,,,18280.0,100000000.0
Sweden,2007,Rymdstyrelsen,science_agency,missing,,"Year absent from raw_rows, but sweden_docx_results.csv already has extracted rows for this year. The missing agency likely reflects coverage/matching limits in the extracted results rather than an unparsed document.",no,,2007 prop_200607__1_d1.pdf,reextract,,,18280.0,100000000.0
Sweden,2009,Rymdstyrelsen,science_agency,missing,,"Year absent from raw_rows, but sweden_docx_results.csv already has extracted rows for this year. The missing agency likely reflects coverage/matching limits in the extracted results rather than an unparsed document.",no,,2009 prop_200809__1_d1.pdf,reextract,,,18280.0,100000000.0
Sweden,2010,Rymdstyrelsen,science_agency,missing,,"Year absent from raw_rows, but sweden_docx_results.csv already has extracted rows for this year. The missing agency likely reflects coverage/matching limits in the extracted results rather than an unparsed document.",no,,2010 prop_200910__1_d1.pdf,reextract,,,18280.0,100000000.0
Sweden,2011,Rymdstyrelsen,science_agency,missing,,"Year absent from raw_rows, but sweden_docx_results.csv already has extracted rows for this year. The missing agency likely reflects coverage/matching limits in the extracted results rather than an unparsed document.",no,,2011 prop_201011__1_d1.pdf,reextract,,,18280.0,100000000.0
Sweden,2012,Rymdstyrelsen,science_agency,missing,,"Year absent from raw_rows, but sweden_docx_results.csv already has extracted rows for this year. The missing agency likely reflects coverage/matching limits in the extracted results rather than an unparsed document.",no,,2012 prop_201112__1_d1.pdf,reextract,,,18280.0,100000000.0
Sweden,2013,Rymdstyrelsen,science_agency,ok,,,,,,none,100000000.0,SEK,18280.0,551309000.0
Sweden,2014,Rymdstyrelsen,science_agency,missing,,"Year absent from raw_rows, but sweden_docx_results.csv already has extracted rows for this year. The missing agency likely reflects coverage/matching limits in the extracted results rather than an unparsed document.",no,,2014 prop_201314__1_d1.pdf,reextract,,,100000000.0,551309000.0
Sweden,2015,Rymdstyrelsen,science_agency,missing,,"Year absent from raw_rows, but sweden_docx_results.csv already has extracted rows for this year. The missing agency likely reflects coverage/matching limits in the extracted results rather than an unparsed document.",no,,2015 download.pdf,reextract,,,100000000.0,551309000.0
Sweden,2016,Rymdstyrelsen,science_agency,ok,,,,,,none,551309000.0,SEK,100000000.0,551309000.0
Sweden,2017,Rymdstyrelsen,science_agency,ok,,,,,,none,551309000.0,SEK,551309000.0,947356000.0
Sweden,2018,Rymdstyrelsen,science_agency,ok,,,,,,none,947356000.0,SEK,551309000.0,947356000.0
Sweden,2019,Rymdstyrelsen,science_agency,ok,,,,,,none,947356000.0,SEK,947356000.0,1112356000.0
Sweden,2020,Rymdstyrelsen,science_agency,ok,,,,,,none,1112356000.0,SEK,947356000.0,1117356000.0
Sweden,2021,Rymdstyrelsen,science_agency,ok,,,,,,none,1117356000.0,SEK,1112356000.0,1227356000.0
Sweden,2022,Rymdstyrelsen,science_agency,ok,,,,,,none,1227356000.0,SEK,1117356000.0,1297356000.0
Sweden,2023,Rymdstyrelsen,science_agency,ok,,,,,,none,1297356000.0,SEK,1227356000.0,2900000000.0
Sweden,2024,Rymdstyrelsen,science_agency,ok,,,,,,none,2900000000.0,SEK,1297356000.0,1345356000.0
Sweden,2025,Rymdstyrelsen,science_agency,ok,,,,,,none,1345356000.0,SEK,2900000000.0,
Sweden,1975,FOI / FOA (Totalforsvaret forskningsinstitut),science_agency,ok,,,,,,none,130354000.0,SEK,,6918000000.0
Sweden,1980,FOI / FOA (Totalforsvaret forskningsinstitut),science_agency,outlier,,"Amount 6,918,000,000 outside expected range [-1,538,582,000 – 2,155,171,000] (IQR × 3.0) within SEK observations. Possible current/prior year confusion or unit error.",,,,verify,6918000000.0,SEK,130354000.0,3602000000.0
Sweden,1981,FOI / FOA (Totalforsvaret forskningsinstitut),science_agency,outlier,,"Amount 3,602,000,000 outside expected range [-1,538,582,000 – 2,155,171,000] (IQR × 3.0) within SEK observations. Possible current/prior year confusion or unit error.",,,,verify,3602000000.0,SEK,6918000000.0,11200000000.0
Sweden,1982,FOI / FOA (Totalforsvaret forskningsinstitut),science_agency,outlier,,"Amount 11,200,000,000 outside expected range [-1,538,582,000 – 2,155,171,000] (IQR × 3.0) within SEK observations. Possible current/prior year confusion or unit error.",,,,verify,11200000000.0,SEK,3602000000.0,44455000.0
Sweden,1983,FOI / FOA (Totalforsvaret forskningsinstitut),science_agency,ok,,,,,,none,44455000.0,SEK,11200000000.0,2600000.0
Sweden,1984,FOI / FOA (Totalforsvaret forskningsinstitut),science_agency,ok,,,,,,none,2600000.0,SEK,44455000.0,167186000.0
Sweden,1985,FOI / FOA (Totalforsvaret forskningsinstitut),science_agency,ok,,,,,,none,167186000.0,SEK,2600000.0,14255000.0
Sweden,1986,FOI / FOA (Totalforsvaret forskningsinstitut),science_agency,ok,,,,,,none,14255000.0,SEK,167186000.0,8023000.0
Sweden,1987,FOI / FOA (Totalforsvaret forskningsinstitut),science_agency,ok,,,,,,none,8023000.0,SEK,14255000.0,8000000.0
Sweden,1988,FOI / FOA (Totalforsvaret forskningsinstitut),science_agency,ok,,,,,,none,8000000.0,SEK,8023000.0,30060680000.0
Sweden,1989,FOI / FOA (Totalforsvaret forskningsinstitut),science_agency,outlier,,"Amount 30,060,680,000 outside expected range [-1,538,582,000 – 2,155,171,000] (IQR × 3.0) within SEK observations. Possible current/prior year confusion or unit error.",,,,verify,30060680000.0,SEK,8000000.0,14331000.0
Sweden,1990,FOI / FOA (Totalforsvaret forskningsinstitut),science_agency,missing,,"Year absent from raw_rows, but sweden_docx_results.csv already has extracted rows for this year. The missing agency likely reflects coverage/matching limits in the extracted results rather than an unparsed document.",no,,1990 prop_198990__100.pdf,reextract,,,30060680000.0,14331000.0
Sweden,1991,FOI / FOA (Totalforsvaret forskningsinstitut),science_agency,ok,,,,,,none,14331000.0,SEK,30060680000.0,485713000000.0
Sweden,1992,FOI / FOA (Totalforsvaret forskningsinstitut),science_agency,missing,,"Year absent from raw_rows, but sweden_docx_results.csv already has extracted rows for this year. The missing agency likely reflects coverage/matching limits in the extracted results rather than an unparsed document.",no,,1992 prop_199192__100.pdf,reextract,,,14331000.0,485713000000.0
Sweden,1993,FOI / FOA (Totalforsvaret forskningsinstitut),science_agency,outlier,,"Amount 485,713,000,000 outside expected range [-1,538,582,000 – 2,155,171,000] (IQR × 3.0) within SEK observations. Possible current/prior year confusion or unit error.",,,,verify,485713000000.0,SEK,14331000.0,109234000000.0
Sweden,1994,FOI / FOA (Totalforsvaret forskningsinstitut),science_agency,outlier,,"Amount 109,234,000,000 outside expected range [-1,538,582,000 – 2,155,171,000] (IQR × 3.0) within SEK observations. Possible current/prior year confusion or unit error.",,,,verify,109234000000.0,SEK,485713000000.0,357502000.0
Sweden,1995,FOI / FOA (Totalforsvaret forskningsinstitut),science_agency,ok,,,,,,none,357502000.0,SEK,109234000000.0,178796000.0
Sweden,1997,FOI / FOA (Totalforsvaret forskningsinstitut),science_agency,missing,,"Year absent from raw_rows, but sweden_docx_results.csv already has extracted rows for this year. The missing agency likely reflects coverage/matching limits in the extracted results rather than an unparsed document.",no,,1997_extracted.docx,reextract,,,357502000.0,178796000.0
Sweden,1998,FOI / FOA (Totalforsvaret forskningsinstitut),science_agency,missing,,"Year absent from raw_rows, but sweden_docx_results.csv already has extracted rows for this year. The missing agency likely reflects coverage/matching limits in the extracted results rather than an unparsed document.",no,,1998 Budgetpropositionen för 1998 .pdf,reextract,,,357502000.0,178796000.0
Sweden,1999,FOI / FOA (Totalforsvaret forskningsinstitut),science_agency,missing,,"Year absent from raw_rows, but sweden_docx_results.csv already has extracted rows for this year. The missing agency likely reflects coverage/matching limits in the extracted results rather than an unparsed document.",no,,1999 download.pdf,reextract,,,357502000.0,178796000.0
Sweden,2000,FOI / FOA (Totalforsvaret forskningsinstitut),science_agency,missing,,"Year absent from raw_rows, but sweden_docx_results.csv already has extracted rows for this year. The missing agency likely reflects coverage/matching limits in the extracted results rather than an unparsed document.",no,,2000 download.pdf,reextract,,,357502000.0,178796000.0
Sweden,2001,FOI / FOA (Totalforsvaret forskningsinstitut),science_agency,missing,,"Year absent from raw_rows, but sweden_docx_results.csv already has extracted rows for this year. The missing agency likely reflects coverage/matching limits in the extracted results rather than an unparsed document.",no,,2001 download.pdf,reextract,,,357502000.0,178796000.0
Sweden,2002,FOI / FOA (Totalforsvaret forskningsinstitut),science_agency,missing,,"Year absent from raw_rows, but sweden_docx_results.csv already has extracted rows for this year. The missing agency likely reflects coverage/matching limits in the extracted results rather than an unparsed document.",no,,2002 download.pdf,reextract,,,357502000.0,178796000.0
Sweden,2003,FOI / FOA (Totalforsvaret forskningsinstitut),science_agency,missing,,"Year absent from raw_rows, but sweden_docx_results.csv already has extracted rows for this year. The missing agency likely reflects coverage/matching limits in the extracted results rather than an unparsed document.",no,,2003 prop_200203__1_d1.pdf,reextract,,,357502000.0,178796000.0
Sweden,2004,FOI / FOA (Totalforsvaret forskningsinstitut),science_agency,missing,,"Year absent from raw_rows, but sweden_docx_results.csv already has extracted rows for this year. The missing agency likely reflects coverage/matching limits in the extracted results rather than an unparsed document.",no,,2004 prop_200304__1_d1.pdf,reextract,,,357502000.0,178796000.0
Sweden,2005,FOI / FOA (Totalforsvaret forskningsinstitut),science_agency,missing,,"Year absent from raw_rows, but sweden_docx_results.csv already has extracted rows for this year. The missing agency likely reflects coverage/matching limits in the extracted results rather than an unparsed document.",no,,2005 prop_200405__1_d1.pdf,reextract,,,357502000.0,178796000.0
Sweden,2007,FOI / FOA (Totalforsvaret forskningsinstitut),science_agency,missing,,"Year absent from raw_rows, but sweden_docx_results.csv already has extracted rows for this year. The missing agency likely reflects coverage/matching limits in the extracted results rather than an unparsed document.",no,,2007 prop_200607__1_d1.pdf,reextract,,,357502000.0,178796000.0
Sweden,2009,FOI / FOA (Totalforsvaret forskningsinstitut),science_agency,missing,,"Year absent from raw_rows, but sweden_docx_results.csv already has extracted rows for this year. The missing agency likely reflects coverage/matching limits in the extracted results rather than an unparsed document.",no,,2009 prop_200809__1_d1.pdf,reextract,,,357502000.0,178796000.0
Sweden,2010,FOI / FOA (Totalforsvaret forskningsinstitut),science_agency,missing,,"Year absent from raw_rows, but sweden_docx_results.csv already has extracted rows for this year. The missing agency likely reflects coverage/matching limits in the extracted results rather than an unparsed document.",no,,2010 prop_200910__1_d1.pdf,reextract,,,357502000.0,178796000.0
Sweden,2011,FOI / FOA (Totalforsvaret forskningsinstitut),science_agency,missing,,"Year absent from raw_rows, but sweden_docx_results.csv already has extracted rows for this year. The missing agency likely reflects coverage/matching limits in the extracted results rather than an unparsed document.",no,,2011 prop_201011__1_d1.pdf,reextract,,,357502000.0,178796000.0
Sweden,2012,FOI / FOA (Totalforsvaret forskningsinstitut),science_agency,missing,,"Year absent from raw_rows, but sweden_docx_results.csv already has extracted rows for this year. The missing agency likely reflects coverage/matching limits in the extracted results rather than an unparsed document.",no,,2012 prop_201112__1_d1.pdf,reextract,,,357502000.0,178796000.0
Sweden,2013,FOI / FOA (Totalforsvaret forskningsinstitut),science_agency,missing,,"Year absent from raw_rows, but sweden_docx_results.csv already has extracted rows for this year. The missing agency likely reflects coverage/matching limits in the extracted results rather than an unparsed document.",no,,2013 prop_201213__1_d1.pdf,reextract,,,357502000.0,178796000.0
Sweden,2014,FOI / FOA (Totalforsvaret forskningsinstitut),science_agency,missing,,"Year absent from raw_rows, but sweden_docx_results.csv already has extracted rows for this year. The missing agency likely reflects coverage/matching limits in the extracted results rather than an unparsed document.",no,,2014 prop_201314__1_d1.pdf,reextract,,,357502000.0,178796000.0
Sweden,2015,FOI / FOA (Totalforsvaret forskningsinstitut),science_agency,missing,,"Year absent from raw_rows, but sweden_docx_results.csv already has extracted rows for this year. The missing agency likely reflects coverage/matching limits in the extracted results rather than an unparsed document.",no,,2015 download.pdf,reextract,,,357502000.0,178796000.0
Sweden,2016,FOI / FOA (Totalforsvaret forskningsinstitut),science_agency,ok,,,,,,none,178796000.0,SEK,357502000.0,176045000.0
Sweden,2017,FOI / FOA (Totalforsvaret forskningsinstitut),science_agency,ok,,,,,,none,176045000.0,SEK,178796000.0,180479000.0
Sweden,2018,FOI / FOA (Totalforsvaret forskningsinstitut),science_agency,ok,,,,,,none,180479000.0,SEK,176045000.0,180638.0
Sweden,2019,FOI / FOA (Totalforsvaret forskningsinstitut),science_agency,ok,,,,,,none,180638.0,SEK,180479000.0,233501000.0
Sweden,2020,FOI / FOA (Totalforsvaret forskningsinstitut),science_agency,ok,,,,,,none,233501000.0,SEK,180638.0,237373000.0
Sweden,2021,FOI / FOA (Totalforsvaret forskningsinstitut),science_agency,ok,,,,,,none,237373000.0,SEK,233501000.0,241697000.0
Sweden,2022,FOI / FOA (Totalforsvaret forskningsinstitut),science_agency,ok,,,,,,none,241697000.0,SEK,237373000.0,262457000.0
Sweden,2023,FOI / FOA (Totalforsvaret forskningsinstitut),science_agency,ok,,,,,,none,262457000.0,SEK,241697000.0,262457000.0
Sweden,2024,FOI / FOA (Totalforsvaret forskningsinstitut),science_agency,ok,,,,,,none,262457000.0,SEK,262457000.0,572134000.0
Sweden,2025,FOI / FOA (Totalforsvaret forskningsinstitut),science_agency,ok,,,,,,none,572134000.0,SEK,262457000.0,
Sweden,1975,Kungliga Tekniska Hogskolan (KTH),higher_education,missing,,"Year absent from raw_rows, but sweden_docx_results.csv already has extracted rows for this year. The missing agency likely reflects coverage/matching limits in the extracted results rather than an unparsed document.",no,,1975 prop_1975__1.pdf,reextract,,,,240203000000.0
Sweden,1980,Kungliga Tekniska Hogskolan (KTH),higher_education,missing,,"Year absent from raw_rows, but sweden_docx_results.csv already has extracted rows for this year. The missing agency likely reflects coverage/matching limits in the extracted results rather than an unparsed document.",no,,1980 prop_197980__100.pdf,reextract,,,,240203000000.0
Sweden,1981,Kungliga Tekniska Hogskolan (KTH),higher_education,missing,,"Year absent from raw_rows, but sweden_docx_results.csv already has extracted rows for this year. The missing agency likely reflects coverage/matching limits in the extracted results rather than an unparsed document.",no,,1981 prop_197980__100.pdf,reextract,,,,240203000000.0
Sweden,1982,Kungliga Tekniska Hogskolan (KTH),higher_education,missing,,"Year absent from raw_rows, but sweden_docx_results.csv already has extracted rows for this year. The missing agency likely reflects coverage/matching limits in the extracted results rather than an unparsed document.",no,,1982 prop_198182__100.pdf,reextract,,,,240203000000.0
Sweden,1983,Kungliga Tekniska Hogskolan (KTH),higher_education,missing,,"Year absent from raw_rows, but sweden_docx_results.csv already has extracted rows for this year. The missing agency likely reflects coverage/matching limits in the extracted results rather than an unparsed document.",no,,1983 prop_198283__100.pdf,reextract,,,,240203000000.0
Sweden,1984,Kungliga Tekniska Hogskolan (KTH),higher_education,missing,,"Year absent from raw_rows, but sweden_docx_results.csv already has extracted rows for this year. The missing agency likely reflects coverage/matching limits in the extracted results rather than an unparsed document.",no,,1984 prop_198384__100.pdf,reextract,,,,240203000000.0
Sweden,1985,Kungliga Tekniska Hogskolan (KTH),higher_education,missing,,"Year absent from raw_rows, but sweden_docx_results.csv already has extracted rows for this year. The missing agency likely reflects coverage/matching limits in the extracted results rather than an unparsed document.",no,,1985 prop_198485__100.pdf,reextract,,,,240203000000.0
Sweden,1986,Kungliga Tekniska Hogskolan (KTH),higher_education,missing,,"Year absent from raw_rows, but sweden_docx_results.csv already has extracted rows for this year. The missing agency likely reflects coverage/matching limits in the extracted results rather than an unparsed document.",no,,1986 prop_198586__100.pdf,reextract,,,,240203000000.0
Sweden,1987,Kungliga Tekniska Hogskolan (KTH),higher_education,missing,,"Year absent from raw_rows, but sweden_docx_results.csv already has extracted rows for this year. The missing agency likely reflects coverage/matching limits in the extracted results rather than an unparsed document.",no,,1987 prop_198687__100.pdf,reextract,,,,240203000000.0
Sweden,1988,Kungliga Tekniska Hogskolan (KTH),higher_education,missing,,"Year absent from raw_rows, but sweden_docx_results.csv already has extracted rows for this year. The missing agency likely reflects coverage/matching limits in the extracted results rather than an unparsed document.",no,,1988 prop_198788__100.pdf,reextract,,,,240203000000.0
Sweden,1989,Kungliga Tekniska Hogskolan (KTH),higher_education,missing,,"Year absent from raw_rows, but sweden_docx_results.csv already has extracted rows for this year. The missing agency likely reflects coverage/matching limits in the extracted results rather than an unparsed document.",no,,1989 prop_198889__100.pdf,reextract,,,,240203000000.0
Sweden,1990,Kungliga Tekniska Hogskolan (KTH),higher_education,missing,,"Year absent from raw_rows, but sweden_docx_results.csv already has extracted rows for this year. The missing agency likely reflects coverage/matching limits in the extracted results rather than an unparsed document.",no,,1990 prop_198990__100.pdf,reextract,,,,240203000000.0
Sweden,1991,Kungliga Tekniska Hogskolan (KTH),higher_education,outlier,,"Amount 240,203,000,000 outside expected range [-3,191,088,500 – 5,653,271,500] (IQR × 3.0) within SEK observations. Possible current/prior year confusion or unit error.",,,,verify,240203000000.0,SEK,,266128000000.0
Sweden,1992,Kungliga Tekniska Hogskolan (KTH),higher_education,outlier,,"Amount 266,128,000,000 outside expected range [-3,191,088,500 – 5,653,271,500] (IQR × 3.0) within SEK observations. Possible current/prior year confusion or unit error.",,,,verify,266128000000.0,SEK,240203000000.0,465045000.0
Sweden,1993,Kungliga Tekniska Hogskolan (KTH),higher_education,missing,,"Year absent from raw_rows, but sweden_docx_results.csv already has extracted rows for this year. The missing agency likely reflects coverage/matching limits in the extracted results rather than an unparsed document.",no,,1993 prop_199293__100 (2).pdf,reextract,,,266128000000.0,465045000.0
Sweden,1994,Kungliga Tekniska Hogskolan (KTH),higher_education,ok,,,,,,none,465045000.0,SEK,266128000000.0,865903000.0
Sweden,1995,Kungliga Tekniska Hogskolan (KTH),higher_education,ok,,,,,,none,865903000.0,SEK,465045000.0,510501000.0
Sweden,1997,Kungliga Tekniska Hogskolan (KTH),higher_education,missing,,"Year absent from raw_rows, but sweden_docx_results.csv already has extracted rows for this year. The missing agency likely reflects coverage/matching limits in the extracted results rather than an unparsed document.",no,,1997_extracted.docx,reextract,,,865903000.0,510501000.0
Sweden,1998,Kungliga Tekniska Hogskolan (KTH),higher_education,ok,,,,,,none,510501000.0,SEK,865903000.0,22701000.0
Sweden,1999,Kungliga Tekniska Hogskolan (KTH),higher_education,missing,,"Year absent from raw_rows, but sweden_docx_results.csv already has extracted rows for this year. The missing agency likely reflects coverage/matching limits in the extracted results rather than an unparsed document.",no,,1999 download.pdf,reextract,,,510501000.0,22701000.0
Sweden,2000,Kungliga Tekniska Hogskolan (KTH),higher_education,missing,,"Year absent from raw_rows, but sweden_docx_results.csv already has extracted rows for this year. The missing agency likely reflects coverage/matching limits in the extracted results rather than an unparsed document.",no,,2000 download.pdf,reextract,,,510501000.0,22701000.0
Sweden,2001,Kungliga Tekniska Hogskolan (KTH),higher_education,ok,,,,,,none,22701000.0,SEK,510501000.0,1700000000.0
Sweden,2002,Kungliga Tekniska Hogskolan (KTH),higher_education,missing,,"Year absent from raw_rows, but extracted results contain a matching text row for this agency-year in 2002 download.pdf without a defendable numeric total.",no,,2002 download.pdf,reextract,,,22701000.0,1700000000.0
Sweden,2003,Kungliga Tekniska Hogskolan (KTH),higher_education,ok,,,,,,none,1700000000.0,SEK,22701000.0,2734000.0
Sweden,2004,Kungliga Tekniska Hogskolan (KTH),higher_education,missing,,"Year absent from raw_rows, but extracted results contain a matching text row for this agency-year in 2004 prop_200304__1_d1.pdf without a defendable numeric total.",no,,2004 prop_200304__1_d1.pdf,reextract,,,1700000000.0,2734000.0
Sweden,2005,Kungliga Tekniska Hogskolan (KTH),higher_education,missing,,"Year absent from raw_rows, but extracted results contain a matching text row for this agency-year in 2005 prop_200405__1_d1.pdf without a defendable numeric total.",no,,2005 prop_200405__1_d1.pdf,reextract,,,1700000000.0,2734000.0
Sweden,2007,Kungliga Tekniska Hogskolan (KTH),higher_education,missing,,"Year absent from raw_rows, but sweden_docx_results.csv already has extracted rows for this year. The missing agency likely reflects coverage/matching limits in the extracted results rather than an unparsed document.",no,,2007 prop_200607__1_d1.pdf,reextract,,,1700000000.0,2734000.0
Sweden,2009,Kungliga Tekniska Hogskolan (KTH),higher_education,missing,,"Year absent from raw_rows, but sweden_docx_results.csv already has extracted rows for this year. The missing agency likely reflects coverage/matching limits in the extracted results rather than an unparsed document.",no,,2009 prop_200809__1_d1.pdf,reextract,,,1700000000.0,2734000.0
Sweden,2010,Kungliga Tekniska Hogskolan (KTH),higher_education,missing,,"Year absent from raw_rows, but sweden_docx_results.csv already has extracted rows for this year. The missing agency likely reflects coverage/matching limits in the extracted results rather than an unparsed document.",no,,2010 prop_200910__1_d1.pdf,reextract,,,1700000000.0,2734000.0
Sweden,2011,Kungliga Tekniska Hogskolan (KTH),higher_education,ok,,,,,,none,2734000.0,SEK,1700000000.0,190000000.0
Sweden,2012,Kungliga Tekniska Hogskolan (KTH),higher_education,missing,,"Year absent from raw_rows, but sweden_docx_results.csv already has extracted rows for this year. The missing agency likely reflects coverage/matching limits in the extracted results rather than an unparsed document.",no,,2012 prop_201112__1_d1.pdf,reextract,,,2734000.0,190000000.0
Sweden,2013,Kungliga Tekniska Hogskolan (KTH),higher_education,ok,,,,,,none,190000000.0,SEK,2734000.0,1499593000.0
Sweden,2014,Kungliga Tekniska Hogskolan (KTH),higher_education,missing,,"Year absent from raw_rows, but sweden_docx_results.csv already has extracted rows for this year. The missing agency likely reflects coverage/matching limits in the extracted results rather than an unparsed document.",no,,2014 prop_201314__1_d1.pdf,reextract,,,190000000.0,1499593000.0
Sweden,2015,Kungliga Tekniska Hogskolan (KTH),higher_education,missing,,"Year absent from raw_rows, but sweden_docx_results.csv already has extracted rows for this year. The missing agency likely reflects coverage/matching limits in the extracted results rather than an unparsed document.",no,,2015 download.pdf,reextract,,,190000000.0,1499593000.0
Sweden,2016,Kungliga Tekniska Hogskolan (KTH),higher_education,missing,,"Year absent from raw_rows, but sweden_docx_results.csv already has extracted rows for this year. The missing agency likely reflects coverage/matching limits in the extracted results rather than an unparsed document.",no,,2016 forslag-till-statens-budget-for-2016-finansplan-och-skattefragor-kapitel-1-12-och-bilagor-1-16.pdf,reextract,,,190000000.0,1499593000.0
Sweden,2017,Kungliga Tekniska Hogskolan (KTH),higher_education,ok,,,,,,none,1499593000.0,SEK,190000000.0,1545942000.0
Sweden,2018,Kungliga Tekniska Hogskolan (KTH),higher_education,ok,,,,,,none,1545942000.0,SEK,1499593000.0,1565411000.0
Sweden,2019,Kungliga Tekniska Hogskolan (KTH),higher_education,ok,,,,,,none,1565411000.0,SEK,1545942000.0,1712345000.0
Sweden,2020,Kungliga Tekniska Hogskolan (KTH),higher_education,ok,,,,,,none,1712345000.0,SEK,1565411000.0,1772596000.0
Sweden,2021,Kungliga Tekniska Hogskolan (KTH),higher_education,ok,,,,,,none,1772596000.0,SEK,1712345000.0,1843660000.0
Sweden,2022,Kungliga Tekniska Hogskolan (KTH),higher_education,ok,,,,,,none,1843660000.0,SEK,1772596000.0,1869222000.0
Sweden,2023,Kungliga Tekniska Hogskolan (KTH),higher_education,ok,,,,,,none,1869222000.0,SEK,1843660000.0,1944253000.0
Sweden,2024,Kungliga Tekniska Hogskolan (KTH),higher_education,ok,,,,,,none,1944253000.0,SEK,1869222000.0,2011242000.0
Sweden,2025,Kungliga Tekniska Hogskolan (KTH),higher_education,ok,,,,,,none,2011242000.0,SEK,1944253000.0,
Sweden,1975,Uppsala Universitet,higher_education,missing,,"Year absent from raw_rows, but sweden_docx_results.csv already has extracted rows for this year. The missing agency likely reflects coverage/matching limits in the extracted results rather than an unparsed document.",no,,1975 prop_1975__1.pdf,reextract,,,,55630000000.0
Sweden,1980,Uppsala Universitet,higher_education,missing,,"Year absent from raw_rows, but sweden_docx_results.csv already has extracted rows for this year. The missing agency likely reflects coverage/matching limits in the extracted results rather than an unparsed document.",no,,1980 prop_197980__100.pdf,reextract,,,,55630000000.0
Sweden,1981,Uppsala Universitet,higher_education,missing,,"Year absent from raw_rows, but sweden_docx_results.csv already has extracted rows for this year. The missing agency likely reflects coverage/matching limits in the extracted results rather than an unparsed document.",no,,1981 prop_197980__100.pdf,reextract,,,,55630000000.0
Sweden,1982,Uppsala Universitet,higher_education,missing,,"Year absent from raw_rows, but sweden_docx_results.csv already has extracted rows for this year. The missing agency likely reflects coverage/matching limits in the extracted results rather than an unparsed document.",no,,1982 prop_198182__100.pdf,reextract,,,,55630000000.0
Sweden,1983,Uppsala Universitet,higher_education,missing,,"Year absent from raw_rows, but sweden_docx_results.csv already has extracted rows for this year. The missing agency likely reflects coverage/matching limits in the extracted results rather than an unparsed document.",no,,1983 prop_198283__100.pdf,reextract,,,,55630000000.0
Sweden,1984,Uppsala Universitet,higher_education,missing,,"Year absent from raw_rows, but sweden_docx_results.csv already has extracted rows for this year. The missing agency likely reflects coverage/matching limits in the extracted results rather than an unparsed document.",no,,1984 prop_198384__100.pdf,reextract,,,,55630000000.0
Sweden,1985,Uppsala Universitet,higher_education,missing,,"Year absent from raw_rows, but sweden_docx_results.csv already has extracted rows for this year. The missing agency likely reflects coverage/matching limits in the extracted results rather than an unparsed document.",no,,1985 prop_198485__100.pdf,reextract,,,,55630000000.0
Sweden,1986,Uppsala Universitet,higher_education,missing,,"Year absent from raw_rows, but sweden_docx_results.csv already has extracted rows for this year. The missing agency likely reflects coverage/matching limits in the extracted results rather than an unparsed document.",no,,1986 prop_198586__100.pdf,reextract,,,,55630000000.0
Sweden,1987,Uppsala Universitet,higher_education,missing,,"Year absent from raw_rows, but sweden_docx_results.csv already has extracted rows for this year. The missing agency likely reflects coverage/matching limits in the extracted results rather than an unparsed document.",no,,1987 prop_198687__100.pdf,reextract,,,,55630000000.0
Sweden,1988,Uppsala Universitet,higher_education,missing,,"Year absent from raw_rows, but sweden_docx_results.csv already has extracted rows for this year. The missing agency likely reflects coverage/matching limits in the extracted results rather than an unparsed document.",no,,1988 prop_198788__100.pdf,reextract,,,,55630000000.0
Sweden,1989,Uppsala Universitet,higher_education,missing,,"Year absent from raw_rows, but sweden_docx_results.csv already has extracted rows for this year. The missing agency likely reflects coverage/matching limits in the extracted results rather than an unparsed document.",no,,1989 prop_198889__100.pdf,reextract,,,,55630000000.0
Sweden,1990,Uppsala Universitet,higher_education,missing,,"Year absent from raw_rows, but sweden_docx_results.csv already has extracted rows for this year. The missing agency likely reflects coverage/matching limits in the extracted results rather than an unparsed document.",no,,1990 prop_198990__100.pdf,reextract,,,,55630000000.0
Sweden,1991,Uppsala Universitet,higher_education,ok,,,,,,none,55630000000.0,SEK,,232322000000.0
Sweden,1992,Uppsala Universitet,higher_education,outlier,,"Amount 232,322,000,000 outside expected range [-39,448,459,250 – 57,252,703,000] (IQR × 3.0) within SEK observations. Possible current/prior year confusion or unit error.",,,,verify,232322000000.0,SEK,55630000000.0,868152000000.0
Sweden,1993,Uppsala Universitet,higher_education,missing,,"Year absent from raw_rows, but sweden_docx_results.csv already has extracted rows for this year. The missing agency likely reflects coverage/matching limits in the extracted results rather than an unparsed document.",no,,1993 prop_199293__100 (2).pdf,reextract,,,232322000000.0,868152000000.0
Sweden,1994,Uppsala Universitet,higher_education,outlier,,"Amount 868,152,000,000 outside expected range [-39,448,459,250 – 57,252,703,000] (IQR × 3.0) within SEK observations. Possible current/prior year confusion or unit error.",,,,verify,868152000000.0,SEK,232322000000.0,4096264000000.0
Sweden,1995,Uppsala Universitet,higher_education,outlier,,"Amount 4,096,264,000,000 outside expected range [-39,448,459,250 – 57,252,703,000] (IQR × 3.0) within SEK observations. Possible current/prior year confusion or unit error.",,,,verify,4096264000000.0,SEK,868152000000.0,906412000.0
Sweden,1997,Uppsala Universitet,higher_education,ok,,,,,,none,906412000.0,SEK,4096264000000.0,125916000.0
Sweden,1998,Uppsala Universitet,higher_education,ok,,,,,,none,125916000.0,SEK,906412000.0,802766000.0
Sweden,1999,Uppsala Universitet,higher_education,missing,,"Year absent from raw_rows, but sweden_docx_results.csv already has extracted rows for this year. The missing agency likely reflects coverage/matching limits in the extracted results rather than an unparsed document.",no,,1999 download.pdf,reextract,,,125916000.0,802766000.0
Sweden,2000,Uppsala Universitet,higher_education,missing,,"Year absent from raw_rows, but sweden_docx_results.csv already has extracted rows for this year. The missing agency likely reflects coverage/matching limits in the extracted results rather than an unparsed document.",no,,2000 download.pdf,reextract,,,125916000.0,802766000.0
Sweden,2001,Uppsala Universitet,higher_education,ok,,,,,,none,802766000.0,SEK,125916000.0,2066943000.0
Sweden,2002,Uppsala Universitet,higher_education,missing,,"Year absent from raw_rows, but sweden_docx_results.csv already has extracted rows for this year. The missing agency likely reflects coverage/matching limits in the extracted results rather than an unparsed document.",no,,2002 download.pdf,reextract,,,802766000.0,2066943000.0
Sweden,2003,Uppsala Universitet,higher_education,missing,,"Year absent from raw_rows, but sweden_docx_results.csv already has extracted rows for this year. The missing agency likely reflects coverage/matching limits in the extracted results rather than an unparsed document.",no,,2003 prop_200203__1_d1.pdf,reextract,,,802766000.0,2066943000.0
Sweden,2004,Uppsala Universitet,higher_education,missing,,"Year absent from raw_rows, but sweden_docx_results.csv already has extracted rows for this year. The missing agency likely reflects coverage/matching limits in the extracted results rather than an unparsed document.",no,,2004 prop_200304__1_d1.pdf,reextract,,,802766000.0,2066943000.0
Sweden,2005,Uppsala Universitet,higher_education,missing,,"Year absent from raw_rows, but sweden_docx_results.csv already has extracted rows for this year. The missing agency likely reflects coverage/matching limits in the extracted results rather than an unparsed document.",no,,2005 prop_200405__1_d1.pdf,reextract,,,802766000.0,2066943000.0
Sweden,2007,Uppsala Universitet,higher_education,missing,,"Year absent from raw_rows, but sweden_docx_results.csv already has extracted rows for this year. The missing agency likely reflects coverage/matching limits in the extracted results rather than an unparsed document.",no,,2007 prop_200607__1_d1.pdf,reextract,,,802766000.0,2066943000.0
Sweden,2009,Uppsala Universitet,higher_education,missing,,"Year absent from raw_rows, but sweden_docx_results.csv already has extracted rows for this year. The missing agency likely reflects coverage/matching limits in the extracted results rather than an unparsed document.",no,,2009 prop_200809__1_d1.pdf,reextract,,,802766000.0,2066943000.0
Sweden,2010,Uppsala Universitet,higher_education,missing,,"Year absent from raw_rows, but sweden_docx_results.csv already has extracted rows for this year. The missing agency likely reflects coverage/matching limits in the extracted results rather than an unparsed document.",no,,2010 prop_200910__1_d1.pdf,reextract,,,802766000.0,2066943000.0
Sweden,2011,Uppsala Universitet,higher_education,missing,,"Year absent from raw_rows, but sweden_docx_results.csv already has extracted rows for this year. The missing agency likely reflects coverage/matching limits in the extracted results rather than an unparsed document.",no,,2011 prop_201011__1_d1.pdf,reextract,,,802766000.0,2066943000.0
Sweden,2012,Uppsala Universitet,higher_education,missing,,"Year absent from raw_rows, but sweden_docx_results.csv already has extracted rows for this year. The missing agency likely reflects coverage/matching limits in the extracted results rather than an unparsed document.",no,,2012 prop_201112__1_d1.pdf,reextract,,,802766000.0,2066943000.0
Sweden,2013,Uppsala Universitet,higher_education,missing,,"Year absent from raw_rows, but sweden_docx_results.csv already has extracted rows for this year. The missing agency likely reflects coverage/matching limits in the extracted results rather than an unparsed document.",no,,2013 prop_201213__1_d1.pdf,reextract,,,802766000.0,2066943000.0
Sweden,2014,Uppsala Universitet,higher_education,missing,,"Year absent from raw_rows, but sweden_docx_results.csv already has extracted rows for this year. The missing agency likely reflects coverage/matching limits in the extracted results rather than an unparsed document.",no,,2014 prop_201314__1_d1.pdf,reextract,,,802766000.0,2066943000.0
Sweden,2015,Uppsala Universitet,higher_education,missing,,"Year absent from raw_rows, but sweden_docx_results.csv already has extracted rows for this year. The missing agency likely reflects coverage/matching limits in the extracted results rather than an unparsed document.",no,,2015 download.pdf,reextract,,,802766000.0,2066943000.0
Sweden,2016,Uppsala Universitet,higher_education,missing,,"Year absent from raw_rows, but sweden_docx_results.csv already has extracted rows for this year. The missing agency likely reflects coverage/matching limits in the extracted results rather than an unparsed document.",no,,2016 forslag-till-statens-budget-for-2016-finansplan-och-skattefragor-kapitel-1-12-och-bilagor-1-16.pdf,reextract,,,802766000.0,2066943000.0
Sweden,2017,Uppsala Universitet,higher_education,ok,,,,,,none,2066943000.0,SEK,802766000.0,2131629000.0
Sweden,2018,Uppsala Universitet,higher_education,ok,,,,,,none,2131629000.0,SEK,2066943000.0,1778755000.0
Sweden,2019,Uppsala Universitet,higher_education,ok,,,,,,none,1778755000.0,SEK,2131629000.0,2259049000.0
Sweden,2020,Uppsala Universitet,higher_education,ok,,,,,,none,2259049000.0,SEK,1778755000.0,2286199000.0
Sweden,2021,Uppsala Universitet,higher_education,ok,,,,,,none,2286199000.0,SEK,2259049000.0,2368441000.0
Sweden,2022,Uppsala Universitet,higher_education,ok,,,,,,none,2368441000.0,SEK,2286199000.0,2366674000.0
Sweden,2023,Uppsala Universitet,higher_education,ok,,,,,,none,2366674000.0,SEK,2368441000.0,2451337000.0
Sweden,2024,Uppsala Universitet,higher_education,ok,,,,,,none,2451337000.0,SEK,2366674000.0,2535797000.0
Sweden,2025,Uppsala Universitet,higher_education,ok,,,,,,none,2535797000.0,SEK,2451337000.0,
Sweden,1975,Lunds Universitet,higher_education,missing,,"Year absent from raw_rows, but sweden_docx_results.csv already has extracted rows for this year. The missing agency likely reflects coverage/matching limits in the extracted results rather than an unparsed document.",no,,1975 prop_1975__1.pdf,reextract,,,,74783000000.0
Sweden,1980,Lunds Universitet,higher_education,missing,,"Year absent from raw_rows, but sweden_docx_results.csv already has extracted rows for this year. The missing agency likely reflects coverage/matching limits in the extracted results rather than an unparsed document.",no,,1980 prop_197980__100.pdf,reextract,,,,74783000000.0
Sweden,1981,Lunds Universitet,higher_education,missing,,"Year absent from raw_rows, but sweden_docx_results.csv already has extracted rows for this year. The missing agency likely reflects coverage/matching limits in the extracted results rather than an unparsed document.",no,,1981 prop_197980__100.pdf,reextract,,,,74783000000.0
Sweden,1982,Lunds Universitet,higher_education,missing,,"Year absent from raw_rows, but sweden_docx_results.csv already has extracted rows for this year. The missing agency likely reflects coverage/matching limits in the extracted results rather than an unparsed document.",no,,1982 prop_198182__100.pdf,reextract,,,,74783000000.0
Sweden,1983,Lunds Universitet,higher_education,missing,,"Year absent from raw_rows, but sweden_docx_results.csv already has extracted rows for this year. The missing agency likely reflects coverage/matching limits in the extracted results rather than an unparsed document.",no,,1983 prop_198283__100.pdf,reextract,,,,74783000000.0
Sweden,1984,Lunds Universitet,higher_education,missing,,"Year absent from raw_rows, but sweden_docx_results.csv already has extracted rows for this year. The missing agency likely reflects coverage/matching limits in the extracted results rather than an unparsed document.",no,,1984 prop_198384__100.pdf,reextract,,,,74783000000.0
Sweden,1985,Lunds Universitet,higher_education,missing,,"Year absent from raw_rows, but sweden_docx_results.csv already has extracted rows for this year. The missing agency likely reflects coverage/matching limits in the extracted results rather than an unparsed document.",no,,1985 prop_198485__100.pdf,reextract,,,,74783000000.0
Sweden,1986,Lunds Universitet,higher_education,missing,,"Year absent from raw_rows, but sweden_docx_results.csv already has extracted rows for this year. The missing agency likely reflects coverage/matching limits in the extracted results rather than an unparsed document.",no,,1986 prop_198586__100.pdf,reextract,,,,74783000000.0
Sweden,1987,Lunds Universitet,higher_education,missing,,"Year absent from raw_rows, but sweden_docx_results.csv already has extracted rows for this year. The missing agency likely reflects coverage/matching limits in the extracted results rather than an unparsed document.",no,,1987 prop_198687__100.pdf,reextract,,,,74783000000.0
Sweden,1988,Lunds Universitet,higher_education,missing,,"Year absent from raw_rows, but sweden_docx_results.csv already has extracted rows for this year. The missing agency likely reflects coverage/matching limits in the extracted results rather than an unparsed document.",no,,1988 prop_198788__100.pdf,reextract,,,,74783000000.0
Sweden,1989,Lunds Universitet,higher_education,missing,,"Year absent from raw_rows, but sweden_docx_results.csv already has extracted rows for this year. The missing agency likely reflects coverage/matching limits in the extracted results rather than an unparsed document.",no,,1989 prop_198889__100.pdf,reextract,,,,74783000000.0
Sweden,1990,Lunds Universitet,higher_education,missing,,"Year absent from raw_rows, but sweden_docx_results.csv already has extracted rows for this year. The missing agency likely reflects coverage/matching limits in the extracted results rather than an unparsed document.",no,,1990 prop_198990__100.pdf,reextract,,,,74783000000.0
Sweden,1991,Lunds Universitet,higher_education,outlier,,"Amount 74,783,000,000 outside expected range [-227,525,500 – 4,613,847,750] (IQR × 3.0) within SEK observations. Possible current/prior year confusion or unit error.",,,,verify,74783000000.0,SEK,,670000000.0
Sweden,1992,Lunds Universitet,higher_education,ok,,,,,,none,670000000.0,SEK,74783000000.0,895383000000.0
Sweden,1993,Lunds Universitet,higher_education,missing,,"Year absent from raw_rows, but sweden_docx_results.csv already has extracted rows for this year. The missing agency likely reflects coverage/matching limits in the extracted results rather than an unparsed document.",no,,1993 prop_199293__100 (2).pdf,reextract,,,670000000.0,895383000000.0
Sweden,1994,Lunds Universitet,higher_education,outlier,,"Amount 895,383,000,000 outside expected range [-227,525,500 – 4,613,847,750] (IQR × 3.0) within SEK observations. Possible current/prior year confusion or unit error.",,,,verify,895383000000.0,SEK,670000000.0,1394255000000.0
Sweden,1995,Lunds Universitet,higher_education,outlier,,"Amount 1,394,255,000,000 outside expected range [-227,525,500 – 4,613,847,750] (IQR × 3.0) within SEK observations. Possible current/prior year confusion or unit error.",,,,verify,1394255000000.0,SEK,895383000000.0,941950000.0
Sweden,1997,Lunds Universitet,higher_education,ok,,,,,,none,941950000.0,SEK,1394255000000.0,38155000.0
Sweden,1998,Lunds Universitet,higher_education,ok,,,,,,none,38155000.0,SEK,941950000.0,1029776000.0
Sweden,1999,Lunds Universitet,higher_education,missing,,"Year absent from raw_rows, but sweden_docx_results.csv already has extracted rows for this year. The missing agency likely reflects coverage/matching limits in the extracted results rather than an unparsed document.",no,,1999 download.pdf,reextract,,,38155000.0,1029776000.0
Sweden,2000,Lunds Universitet,higher_education,missing,,"Year absent from raw_rows, but sweden_docx_results.csv already has extracted rows for this year. The missing agency likely reflects coverage/matching limits in the extracted results rather than an unparsed document.",no,,2000 download.pdf,reextract,,,38155000.0,1029776000.0
Sweden,2001,Lunds Universitet,higher_education,ok,,,,,,none,1029776000.0,SEK,38155000.0,2119873000.0
Sweden,2002,Lunds Universitet,higher_education,missing,,"Year absent from raw_rows, but sweden_docx_results.csv already has extracted rows for this year. The missing agency likely reflects coverage/matching limits in the extracted results rather than an unparsed document.",no,,2002 download.pdf,reextract,,,1029776000.0,2119873000.0
Sweden,2003,Lunds Universitet,higher_education,missing,,"Year absent from raw_rows, but sweden_docx_results.csv already has extracted rows for this year. The missing agency likely reflects coverage/matching limits in the extracted results rather than an unparsed document.",no,,2003 prop_200203__1_d1.pdf,reextract,,,1029776000.0,2119873000.0
Sweden,2004,Lunds Universitet,higher_education,missing,,"Year absent from raw_rows, but sweden_docx_results.csv already has extracted rows for this year. The missing agency likely reflects coverage/matching limits in the extracted results rather than an unparsed document.",no,,2004 prop_200304__1_d1.pdf,reextract,,,1029776000.0,2119873000.0
Sweden,2005,Lunds Universitet,higher_education,missing,,"Year absent from raw_rows, but sweden_docx_results.csv already has extracted rows for this year. The missing agency likely reflects coverage/matching limits in the extracted results rather than an unparsed document.",no,,2005 prop_200405__1_d1.pdf,reextract,,,1029776000.0,2119873000.0
Sweden,2007,Lunds Universitet,higher_education,missing,,"Year absent from raw_rows, but sweden_docx_results.csv already has extracted rows for this year. The missing agency likely reflects coverage/matching limits in the extracted results rather than an unparsed document.",no,,2007 prop_200607__1_d1.pdf,reextract,,,1029776000.0,2119873000.0
Sweden,2009,Lunds Universitet,higher_education,missing,,"Year absent from raw_rows, but sweden_docx_results.csv already has extracted rows for this year. The missing agency likely reflects coverage/matching limits in the extracted results rather than an unparsed document.",no,,2009 prop_200809__1_d1.pdf,reextract,,,1029776000.0,2119873000.0
Sweden,2010,Lunds Universitet,higher_education,missing,,"Year absent from raw_rows, but sweden_docx_results.csv already has extracted rows for this year. The missing agency likely reflects coverage/matching limits in the extracted results rather than an unparsed document.",no,,2010 prop_200910__1_d1.pdf,reextract,,,1029776000.0,2119873000.0
Sweden,2011,Lunds Universitet,higher_education,missing,,"Year absent from raw_rows, but sweden_docx_results.csv already has extracted rows for this year. The missing agency likely reflects coverage/matching limits in the extracted results rather than an unparsed document.",no,,2011 prop_201011__1_d1.pdf,reextract,,,1029776000.0,2119873000.0
Sweden,2012,Lunds Universitet,higher_education,missing,,"Year absent from raw_rows, but sweden_docx_results.csv already has extracted rows for this year. The missing agency likely reflects coverage/matching limits in the extracted results rather than an unparsed document.",no,,2012 prop_201112__1_d1.pdf,reextract,,,1029776000.0,2119873000.0
Sweden,2013,Lunds Universitet,higher_education,missing,,"Year absent from raw_rows, but sweden_docx_results.csv already has extracted rows for this year. The missing agency likely reflects coverage/matching limits in the extracted results rather than an unparsed document.",no,,2013 prop_201213__1_d1.pdf,reextract,,,1029776000.0,2119873000.0
Sweden,2014,Lunds Universitet,higher_education,missing,,"Year absent from raw_rows, but sweden_docx_results.csv already has extracted rows for this year. The missing agency likely reflects coverage/matching limits in the extracted results rather than an unparsed document.",no,,2014 prop_201314__1_d1.pdf,reextract,,,1029776000.0,2119873000.0
Sweden,2015,Lunds Universitet,higher_education,missing,,"Year absent from raw_rows, but sweden_docx_results.csv already has extracted rows for this year. The missing agency likely reflects coverage/matching limits in the extracted results rather than an unparsed document.",no,,2015 download.pdf,reextract,,,1029776000.0,2119873000.0
Sweden,2016,Lunds Universitet,higher_education,missing,,"Year absent from raw_rows, but sweden_docx_results.csv already has extracted rows for this year. The missing agency likely reflects coverage/matching limits in the extracted results rather than an unparsed document.",no,,2016 forslag-till-statens-budget-for-2016-finansplan-och-skattefragor-kapitel-1-12-och-bilagor-1-16.pdf,reextract,,,1029776000.0,2119873000.0
Sweden,2017,Lunds Universitet,higher_education,ok,,,,,,none,2119873000.0,SEK,1029776000.0,2193198000.0
Sweden,2018,Lunds Universitet,higher_education,ok,,,,,,none,2193198000.0,SEK,2119873000.0,2220820000.0
Sweden,2019,Lunds Universitet,higher_education,ok,,,,,,none,2220820000.0,SEK,2193198000.0,2322628000.0
Sweden,2020,Lunds Universitet,higher_education,ok,,,,,,none,2322628000.0,SEK,2220820000.0,2349033000.0
Sweden,2021,Lunds Universitet,higher_education,ok,,,,,,none,2349033000.0,SEK,2322628000.0,2432733000.0
Sweden,2022,Lunds Universitet,higher_education,ok,,,,,,none,2432733000.0,SEK,2349033000.0,2466462000.0
Sweden,2023,Lunds Universitet,higher_education,ok,,,,,,none,2466462000.0,SEK,2432733000.0,2554257000.0
Sweden,2024,Lunds Universitet,higher_education,ok,,,,,,none,2554257000.0,SEK,2466462000.0,2533879000.0
Sweden,2025,Lunds Universitet,higher_education,ok,,,,,,none,2533879000.0,SEK,2554257000.0,
Sweden,1975,Stockholms Universitet,higher_education,missing,,"Year absent from raw_rows, but sweden_docx_results.csv already has extracted rows for this year. The missing agency likely reflects coverage/matching limits in the extracted results rather than an unparsed document.",no,,1975 prop_1975__1.pdf,reextract,,,,31972000000.0
Sweden,1980,Stockholms Universitet,higher_education,missing,,"Year absent from raw_rows, but sweden_docx_results.csv already has extracted rows for this year. The missing agency likely reflects coverage/matching limits in the extracted results rather than an unparsed document.",no,,1980 prop_197980__100.pdf,reextract,,,,31972000000.0
Sweden,1981,Stockholms Universitet,higher_education,missing,,"Year absent from raw_rows, but sweden_docx_results.csv already has extracted rows for this year. The missing agency likely reflects coverage/matching limits in the extracted results rather than an unparsed document.",no,,1981 prop_197980__100.pdf,reextract,,,,31972000000.0
Sweden,1982,Stockholms Universitet,higher_education,missing,,"Year absent from raw_rows, but sweden_docx_results.csv already has extracted rows for this year. The missing agency likely reflects coverage/matching limits in the extracted results rather than an unparsed document.",no,,1982 prop_198182__100.pdf,reextract,,,,31972000000.0
Sweden,1983,Stockholms Universitet,higher_education,missing,,"Year absent from raw_rows, but sweden_docx_results.csv already has extracted rows for this year. The missing agency likely reflects coverage/matching limits in the extracted results rather than an unparsed document.",no,,1983 prop_198283__100.pdf,reextract,,,,31972000000.0
Sweden,1984,Stockholms Universitet,higher_education,missing,,"Year absent from raw_rows, but sweden_docx_results.csv already has extracted rows for this year. The missing agency likely reflects coverage/matching limits in the extracted results rather than an unparsed document.",no,,1984 prop_198384__100.pdf,reextract,,,,31972000000.0
Sweden,1985,Stockholms Universitet,higher_education,missing,,"Year absent from raw_rows, but sweden_docx_results.csv already has extracted rows for this year. The missing agency likely reflects coverage/matching limits in the extracted results rather than an unparsed document.",no,,1985 prop_198485__100.pdf,reextract,,,,31972000000.0
Sweden,1986,Stockholms Universitet,higher_education,missing,,"Year absent from raw_rows, but sweden_docx_results.csv already has extracted rows for this year. The missing agency likely reflects coverage/matching limits in the extracted results rather than an unparsed document.",no,,1986 prop_198586__100.pdf,reextract,,,,31972000000.0
Sweden,1987,Stockholms Universitet,higher_education,missing,,"Year absent from raw_rows, but sweden_docx_results.csv already has extracted rows for this year. The missing agency likely reflects coverage/matching limits in the extracted results rather than an unparsed document.",no,,1987 prop_198687__100.pdf,reextract,,,,31972000000.0
Sweden,1988,Stockholms Universitet,higher_education,missing,,"Year absent from raw_rows, but sweden_docx_results.csv already has extracted rows for this year. The missing agency likely reflects coverage/matching limits in the extracted results rather than an unparsed document.",no,,1988 prop_198788__100.pdf,reextract,,,,31972000000.0
Sweden,1989,Stockholms Universitet,higher_education,missing,,"Year absent from raw_rows, but sweden_docx_results.csv already has extracted rows for this year. The missing agency likely reflects coverage/matching limits in the extracted results rather than an unparsed document.",no,,1989 prop_198889__100.pdf,reextract,,,,31972000000.0
Sweden,1990,Stockholms Universitet,higher_education,missing,,"Year absent from raw_rows, but sweden_docx_results.csv already has extracted rows for this year. The missing agency likely reflects coverage/matching limits in the extracted results rather than an unparsed document.",no,,1990 prop_198990__100.pdf,reextract,,,,31972000000.0
Sweden,1991,Stockholms Universitet,higher_education,outlier,,"Amount 31,972,000,000 outside expected range [-1,996,207,500 – 4,642,974,000] (IQR × 3.0) within SEK observations. Possible current/prior year confusion or unit error.",,,,verify,31972000000.0,SEK,,480000000.0
Sweden,1992,Stockholms Universitet,higher_education,ok,,,,,,none,480000000.0,SEK,31972000000.0,692595000.0
Sweden,1993,Stockholms Universitet,higher_education,missing,,"Year absent from raw_rows, but sweden_docx_results.csv already has extracted rows for this year. The missing agency likely reflects coverage/matching limits in the extracted results rather than an unparsed document.",no,,1993 prop_199293__100 (2).pdf,reextract,,,480000000.0,692595000.0
Sweden,1994,Stockholms Universitet,higher_education,ok,,,,,,none,692595000.0,SEK,480000000.0,734456000000.0
Sweden,1995,Stockholms Universitet,higher_education,outlier,,"Amount 734,456,000,000 outside expected range [-1,996,207,500 – 4,642,974,000] (IQR × 3.0) within SEK observations. Possible current/prior year confusion or unit error.",,,,verify,734456000000.0,SEK,692595000.0,743788000.0
Sweden,1997,Stockholms Universitet,higher_education,ok,,,,,,none,743788000.0,SEK,734456000000.0,1165260000.0
Sweden,1998,Stockholms Universitet,higher_education,ok,,,,,,none,1165260000.0,SEK,743788000.0,685183000.0
Sweden,1999,Stockholms Universitet,higher_education,missing,,"Year absent from raw_rows, but sweden_docx_results.csv already has extracted rows for this year. The missing agency likely reflects coverage/matching limits in the extracted results rather than an unparsed document.",no,,1999 download.pdf,reextract,,,1165260000.0,685183000.0
Sweden,2000,Stockholms Universitet,higher_education,missing,,"Year absent from raw_rows, but sweden_docx_results.csv already has extracted rows for this year. The missing agency likely reflects coverage/matching limits in the extracted results rather than an unparsed document.",no,,2000 download.pdf,reextract,,,1165260000.0,685183000.0
Sweden,2001,Stockholms Universitet,higher_education,ok,,,,,,none,685183000.0,SEK,1165260000.0,1700000000.0
Sweden,2002,Stockholms Universitet,higher_education,missing,,"Year absent from raw_rows, but sweden_docx_results.csv already has extracted rows for this year. The missing agency likely reflects coverage/matching limits in the extracted results rather than an unparsed document.",no,,2002 download.pdf,reextract,,,685183000.0,1700000000.0
Sweden,2003,Stockholms Universitet,higher_education,ok,,,,,,none,1700000000.0,SEK,685183000.0,2734000.0
Sweden,2004,Stockholms Universitet,higher_education,missing,,"Year absent from raw_rows, but extracted results contain a matching text row for this agency-year in 2004 prop_200304__1_d1.pdf without a defendable numeric total.",no,,2004 prop_200304__1_d1.pdf,reextract,,,1700000000.0,2734000.0
Sweden,2005,Stockholms Universitet,higher_education,missing,,"Year absent from raw_rows, but extracted results contain a matching text row for this agency-year in 2005 prop_200405__1_d1.pdf without a defendable numeric total.",no,,2005 prop_200405__1_d1.pdf,reextract,,,1700000000.0,2734000.0
Sweden,2007,Stockholms Universitet,higher_education,missing,,"Year absent from raw_rows, but sweden_docx_results.csv already has extracted rows for this year. The missing agency likely reflects coverage/matching limits in the extracted results rather than an unparsed document.",no,,2007 prop_200607__1_d1.pdf,reextract,,,1700000000.0,2734000.0
Sweden,2009,Stockholms Universitet,higher_education,missing,,"Year absent from raw_rows, but sweden_docx_results.csv already has extracted rows for this year. The missing agency likely reflects coverage/matching limits in the extracted results rather than an unparsed document.",no,,2009 prop_200809__1_d1.pdf,reextract,,,1700000000.0,2734000.0
Sweden,2010,Stockholms Universitet,higher_education,missing,,"Year absent from raw_rows, but sweden_docx_results.csv already has extracted rows for this year. The missing agency likely reflects coverage/matching limits in the extracted results rather than an unparsed document.",no,,2010 prop_200910__1_d1.pdf,reextract,,,1700000000.0,2734000.0
Sweden,2011,Stockholms Universitet,higher_education,ok,,,,,,none,2734000.0,SEK,1700000000.0,1580369000.0
Sweden,2012,Stockholms Universitet,higher_education,missing,,"Year absent from raw_rows, but sweden_docx_results.csv already has extracted rows for this year. The missing agency likely reflects coverage/matching limits in the extracted results rather than an unparsed document.",no,,2012 prop_201112__1_d1.pdf,reextract,,,2734000.0,1580369000.0
Sweden,2013,Stockholms Universitet,higher_education,missing,,"Year absent from raw_rows, but extracted results contain a matching text row for this agency-year in 2013 prop_201213__1_d1.pdf without a defendable numeric total.",no,,2013 prop_201213__1_d1.pdf,reextract,,,2734000.0,1580369000.0
Sweden,2014,Stockholms Universitet,higher_education,missing,,"Year absent from raw_rows, but sweden_docx_results.csv already has extracted rows for this year. The missing agency likely reflects coverage/matching limits in the extracted results rather than an unparsed document.",no,,2014 prop_201314__1_d1.pdf,reextract,,,2734000.0,1580369000.0
Sweden,2015,Stockholms Universitet,higher_education,missing,,"Year absent from raw_rows, but sweden_docx_results.csv already has extracted rows for this year. The missing agency likely reflects coverage/matching limits in the extracted results rather than an unparsed document.",no,,2015 download.pdf,reextract,,,2734000.0,1580369000.0
Sweden,2016,Stockholms Universitet,higher_education,missing,,"Year absent from raw_rows, but sweden_docx_results.csv already has extracted rows for this year. The missing agency likely reflects coverage/matching limits in the extracted results rather than an unparsed document.",no,,2016 forslag-till-statens-budget-for-2016-finansplan-och-skattefragor-kapitel-1-12-och-bilagor-1-16.pdf,reextract,,,2734000.0,1580369000.0
Sweden,2017,Stockholms Universitet,higher_education,ok,,,,,,none,1580369000.0,SEK,2734000.0,1580369000.0
Sweden,2018,Stockholms Universitet,higher_education,ok,,,,,,none,1580369000.0,SEK,1580369000.0,1650888000.0
Sweden,2019,Stockholms Universitet,higher_education,ok,,,,,,none,1650888000.0,SEK,1580369000.0,1709980000.0
Sweden,2020,Stockholms Universitet,higher_education,ok,,,,,,none,1709980000.0,SEK,1650888000.0,1724084000.0
Sweden,2021,Stockholms Universitet,higher_education,ok,,,,,,none,1724084000.0,SEK,1709980000.0,1779111000.0
Sweden,2022,Stockholms Universitet,higher_education,ok,,,,,,none,1779111000.0,SEK,1724084000.0,1803777000.0
Sweden,2023,Stockholms Universitet,higher_education,ok,,,,,,none,1803777000.0,SEK,1779111000.0,58092000000.0
Sweden,2024,Stockholms Universitet,higher_education,outlier,,"Amount 58,092,000,000 outside expected range [-1,996,207,500 – 4,642,974,000] (IQR × 3.0) within SEK observations. Possible current/prior year confusion or unit error.",,,,verify,58092000000.0,SEK,1803777000.0,1920621000.0
Sweden,2025,Stockholms Universitet,higher_education,ok,,,,,,none,1920621000.0,SEK,58092000000.0,
Sweden,1975,Goteborgs Universitet,higher_education,missing,,"Year absent from raw_rows, but sweden_docx_results.csv already has extracted rows for this year. The missing agency likely reflects coverage/matching limits in the extracted results rather than an unparsed document.",no,,1975 prop_1975__1.pdf,reextract,,,,20418000000.0
Sweden,1980,Goteborgs Universitet,higher_education,missing,,"Year absent from raw_rows, but sweden_docx_results.csv already has extracted rows for this year. The missing agency likely reflects coverage/matching limits in the extracted results rather than an unparsed document.",no,,1980 prop_197980__100.pdf,reextract,,,,20418000000.0
Sweden,1981,Goteborgs Universitet,higher_education,missing,,"Year absent from raw_rows, but sweden_docx_results.csv already has extracted rows for this year. The missing agency likely reflects coverage/matching limits in the extracted results rather than an unparsed document.",no,,1981 prop_197980__100.pdf,reextract,,,,20418000000.0
Sweden,1982,Goteborgs Universitet,higher_education,missing,,"Year absent from raw_rows, but sweden_docx_results.csv already has extracted rows for this year. The missing agency likely reflects coverage/matching limits in the extracted results rather than an unparsed document.",no,,1982 prop_198182__100.pdf,reextract,,,,20418000000.0
Sweden,1983,Goteborgs Universitet,higher_education,missing,,"Year absent from raw_rows, but sweden_docx_results.csv already has extracted rows for this year. The missing agency likely reflects coverage/matching limits in the extracted results rather than an unparsed document.",no,,1983 prop_198283__100.pdf,reextract,,,,20418000000.0
Sweden,1984,Goteborgs Universitet,higher_education,missing,,"Year absent from raw_rows, but sweden_docx_results.csv already has extracted rows for this year. The missing agency likely reflects coverage/matching limits in the extracted results rather than an unparsed document.",no,,1984 prop_198384__100.pdf,reextract,,,,20418000000.0
Sweden,1985,Goteborgs Universitet,higher_education,missing,,"Year absent from raw_rows, but sweden_docx_results.csv already has extracted rows for this year. The missing agency likely reflects coverage/matching limits in the extracted results rather than an unparsed document.",no,,1985 prop_198485__100.pdf,reextract,,,,20418000000.0
Sweden,1986,Goteborgs Universitet,higher_education,missing,,"Year absent from raw_rows, but sweden_docx_results.csv already has extracted rows for this year. The missing agency likely reflects coverage/matching limits in the extracted results rather than an unparsed document.",no,,1986 prop_198586__100.pdf,reextract,,,,20418000000.0
Sweden,1987,Goteborgs Universitet,higher_education,missing,,"Year absent from raw_rows, but sweden_docx_results.csv already has extracted rows for this year. The missing agency likely reflects coverage/matching limits in the extracted results rather than an unparsed document.",no,,1987 prop_198687__100.pdf,reextract,,,,20418000000.0
Sweden,1988,Goteborgs Universitet,higher_education,missing,,"Year absent from raw_rows, but sweden_docx_results.csv already has extracted rows for this year. The missing agency likely reflects coverage/matching limits in the extracted results rather than an unparsed document.",no,,1988 prop_198788__100.pdf,reextract,,,,20418000000.0
Sweden,1989,Goteborgs Universitet,higher_education,missing,,"Year absent from raw_rows, but sweden_docx_results.csv already has extracted rows for this year. The missing agency likely reflects coverage/matching limits in the extracted results rather than an unparsed document.",no,,1989 prop_198889__100.pdf,reextract,,,,20418000000.0
Sweden,1990,Goteborgs Universitet,higher_education,missing,,"Year absent from raw_rows, but sweden_docx_results.csv already has extracted rows for this year. The missing agency likely reflects coverage/matching limits in the extracted results rather than an unparsed document.",no,,1990 prop_198990__100.pdf,reextract,,,,20418000000.0
Sweden,1991,Goteborgs Universitet,higher_education,outlier,,"Amount 20,418,000,000 outside expected range [-2,430,546,000 – 5,538,996,000] (IQR × 3.0) within SEK observations. Possible current/prior year confusion or unit error.",,,,verify,20418000000.0,SEK,,129548000000.0
Sweden,1992,Goteborgs Universitet,higher_education,outlier,,"Amount 129,548,000,000 outside expected range [-2,430,546,000 – 5,538,996,000] (IQR × 3.0) within SEK observations. Possible current/prior year confusion or unit error.",,,,verify,129548000000.0,SEK,20418000000.0,671353000.0
Sweden,1993,Goteborgs Universitet,higher_education,missing,,"Year absent from raw_rows, but sweden_docx_results.csv already has extracted rows for this year. The missing agency likely reflects coverage/matching limits in the extracted results rather than an unparsed document.",no,,1993 prop_199293__100 (2).pdf,reextract,,,129548000000.0,671353000.0
Sweden,1994,Goteborgs Universitet,higher_education,ok,,,,,,none,671353000.0,SEK,129548000000.0,1078541000000.0
Sweden,1995,Goteborgs Universitet,higher_education,outlier,,"Amount 1,078,541,000,000 outside expected range [-2,430,546,000 – 5,538,996,000] (IQR × 3.0) within SEK observations. Possible current/prior year confusion or unit error.",,,,verify,1078541000000.0,SEK,671353000.0,723664000.0
Sweden,1997,Goteborgs Universitet,higher_education,ok,,,,,,none,723664000.0,SEK,1078541000000.0,9066000.0
Sweden,1998,Goteborgs Universitet,higher_education,ok,,,,,,none,9066000.0,SEK,723664000.0,984972000.0
Sweden,1999,Goteborgs Universitet,higher_education,missing,,"Year absent from raw_rows, but sweden_docx_results.csv already has extracted rows for this year. The missing agency likely reflects coverage/matching limits in the extracted results rather than an unparsed document.",no,,1999 download.pdf,reextract,,,9066000.0,984972000.0
Sweden,2000,Goteborgs Universitet,higher_education,missing,,"Year absent from raw_rows, but sweden_docx_results.csv already has extracted rows for this year. The missing agency likely reflects coverage/matching limits in the extracted results rather than an unparsed document.",no,,2000 download.pdf,reextract,,,9066000.0,984972000.0
Sweden,2001,Goteborgs Universitet,higher_education,ok,,,,,,none,984972000.0,SEK,9066000.0,23007000.0
Sweden,2002,Goteborgs Universitet,higher_education,missing,,"Year absent from raw_rows, but sweden_docx_results.csv already has extracted rows for this year. The missing agency likely reflects coverage/matching limits in the extracted results rather than an unparsed document.",no,,2002 download.pdf,reextract,,,984972000.0,23007000.0
Sweden,2003,Goteborgs Universitet,higher_education,ok,,,,,,none,23007000.0,SEK,984972000.0,1504493000.0
Sweden,2004,Goteborgs Universitet,higher_education,missing,,"Year absent from raw_rows, but sweden_docx_results.csv already has extracted rows for this year. The missing agency likely reflects coverage/matching limits in the extracted results rather than an unparsed document.",no,,2004 prop_200304__1_d1.pdf,reextract,,,23007000.0,1504493000.0
Sweden,2005,Goteborgs Universitet,higher_education,missing,,"Year absent from raw_rows, but sweden_docx_results.csv already has extracted rows for this year. The missing agency likely reflects coverage/matching limits in the extracted results rather than an unparsed document.",no,,2005 prop_200405__1_d1.pdf,reextract,,,23007000.0,1504493000.0
Sweden,2007,Goteborgs Universitet,higher_education,missing,,"Year absent from raw_rows, but sweden_docx_results.csv already has extracted rows for this year. The missing agency likely reflects coverage/matching limits in the extracted results rather than an unparsed document.",no,,2007 prop_200607__1_d1.pdf,reextract,,,23007000.0,1504493000.0
Sweden,2009,Goteborgs Universitet,higher_education,missing,,"Year absent from raw_rows, but sweden_docx_results.csv already has extracted rows for this year. The missing agency likely reflects coverage/matching limits in the extracted results rather than an unparsed document.",no,,2009 prop_200809__1_d1.pdf,reextract,,,23007000.0,1504493000.0
Sweden,2010,Goteborgs Universitet,higher_education,missing,,"Year absent from raw_rows, but sweden_docx_results.csv already has extracted rows for this year. The missing agency likely reflects coverage/matching limits in the extracted results rather than an unparsed document.",no,,2010 prop_200910__1_d1.pdf,reextract,,,23007000.0,1504493000.0
Sweden,2011,Goteborgs Universitet,higher_education,missing,,"Year absent from raw_rows, but sweden_docx_results.csv already has extracted rows for this year. The missing agency likely reflects coverage/matching limits in the extracted results rather than an unparsed document.",no,,2011 prop_201011__1_d1.pdf,reextract,,,23007000.0,1504493000.0
Sweden,2012,Goteborgs Universitet,higher_education,missing,,"Year absent from raw_rows, but sweden_docx_results.csv already has extracted rows for this year. The missing agency likely reflects coverage/matching limits in the extracted results rather than an unparsed document.",no,,2012 prop_201112__1_d1.pdf,reextract,,,23007000.0,1504493000.0
Sweden,2013,Goteborgs Universitet,higher_education,missing,,"Year absent from raw_rows, but sweden_docx_results.csv already has extracted rows for this year. The missing agency likely reflects coverage/matching limits in the extracted results rather than an unparsed document.",no,,2013 prop_201213__1_d1.pdf,reextract,,,23007000.0,1504493000.0
Sweden,2014,Goteborgs Universitet,higher_education,missing,,"Year absent from raw_rows, but sweden_docx_results.csv already has extracted rows for this year. The missing agency likely reflects coverage/matching limits in the extracted results rather than an unparsed document.",no,,2014 prop_201314__1_d1.pdf,reextract,,,23007000.0,1504493000.0
Sweden,2015,Goteborgs Universitet,higher_education,missing,,"Year absent from raw_rows, but sweden_docx_results.csv already has extracted rows for this year. The missing agency likely reflects coverage/matching limits in the extracted results rather than an unparsed document.",no,,2015 download.pdf,reextract,,,23007000.0,1504493000.0
Sweden,2016,Goteborgs Universitet,higher_education,missing,,"Year absent from raw_rows, but sweden_docx_results.csv already has extracted rows for this year. The missing agency likely reflects coverage/matching limits in the extracted results rather than an unparsed document.",no,,2016 forslag-till-statens-budget-for-2016-finansplan-och-skattefragor-kapitel-1-12-och-bilagor-1-16.pdf,reextract,,,23007000.0,1504493000.0
Sweden,2017,Goteborgs Universitet,higher_education,ok,,,,,,none,1504493000.0,SEK,23007000.0,2123478000.0
Sweden,2018,Goteborgs Universitet,higher_education,ok,,,,,,none,2123478000.0,SEK,1504493000.0,1578532000.0
Sweden,2019,Goteborgs Universitet,higher_education,ok,,,,,,none,1578532000.0,SEK,2123478000.0,1664258000.0
Sweden,2020,Goteborgs Universitet,higher_education,ok,,,,,,none,1664258000.0,SEK,1578532000.0,1683952000.0
Sweden,2021,Goteborgs Universitet,higher_education,ok,,,,,,none,1683952000.0,SEK,1664258000.0,1743620000.0
Sweden,2022,Goteborgs Universitet,higher_education,ok,,,,,,none,1743620000.0,SEK,1683952000.0,2379997000.0
Sweden,2023,Goteborgs Universitet,higher_education,ok,,,,,,none,2379997000.0,SEK,1743620000.0,1819634000.0
Sweden,2024,Goteborgs Universitet,higher_education,ok,,,,,,none,1819634000.0,SEK,2379997000.0,1882329000.0
Sweden,2025,Goteborgs Universitet,higher_education,ok,,,,,,none,1882329000.0,SEK,1819634000.0,
Sweden,1975,Umea Universitet,higher_education,missing,,"Year absent from raw_rows, but sweden_docx_results.csv already has extracted rows for this year. The missing agency likely reflects coverage/matching limits in the extracted results rather than an unparsed document.",no,,1975 prop_1975__1.pdf,reextract,,,,14725000000.0
Sweden,1980,Umea Universitet,higher_education,missing,,"Year absent from raw_rows, but sweden_docx_results.csv already has extracted rows for this year. The missing agency likely reflects coverage/matching limits in the extracted results rather than an unparsed document.",no,,1980 prop_197980__100.pdf,reextract,,,,14725000000.0
Sweden,1981,Umea Universitet,higher_education,missing,,"Year absent from raw_rows, but sweden_docx_results.csv already has extracted rows for this year. The missing agency likely reflects coverage/matching limits in the extracted results rather than an unparsed document.",no,,1981 prop_197980__100.pdf,reextract,,,,14725000000.0
Sweden,1982,Umea Universitet,higher_education,missing,,"Year absent from raw_rows, but sweden_docx_results.csv already has extracted rows for this year. The missing agency likely reflects coverage/matching limits in the extracted results rather than an unparsed document.",no,,1982 prop_198182__100.pdf,reextract,,,,14725000000.0
Sweden,1983,Umea Universitet,higher_education,missing,,"Year absent from raw_rows, but sweden_docx_results.csv already has extracted rows for this year. The missing agency likely reflects coverage/matching limits in the extracted results rather than an unparsed document.",no,,1983 prop_198283__100.pdf,reextract,,,,14725000000.0
Sweden,1984,Umea Universitet,higher_education,missing,,"Year absent from raw_rows, but sweden_docx_results.csv already has extracted rows for this year. The missing agency likely reflects coverage/matching limits in the extracted results rather than an unparsed document.",no,,1984 prop_198384__100.pdf,reextract,,,,14725000000.0
Sweden,1985,Umea Universitet,higher_education,missing,,"Year absent from raw_rows, but sweden_docx_results.csv already has extracted rows for this year. The missing agency likely reflects coverage/matching limits in the extracted results rather than an unparsed document.",no,,1985 prop_198485__100.pdf,reextract,,,,14725000000.0
Sweden,1986,Umea Universitet,higher_education,missing,,"Year absent from raw_rows, but sweden_docx_results.csv already has extracted rows for this year. The missing agency likely reflects coverage/matching limits in the extracted results rather than an unparsed document.",no,,1986 prop_198586__100.pdf,reextract,,,,14725000000.0
Sweden,1987,Umea Universitet,higher_education,missing,,"Year absent from raw_rows, but sweden_docx_results.csv already has extracted rows for this year. The missing agency likely reflects coverage/matching limits in the extracted results rather than an unparsed document.",no,,1987 prop_198687__100.pdf,reextract,,,,14725000000.0
Sweden,1988,Umea Universitet,higher_education,missing,,"Year absent from raw_rows, but sweden_docx_results.csv already has extracted rows for this year. The missing agency likely reflects coverage/matching limits in the extracted results rather than an unparsed document.",no,,1988 prop_198788__100.pdf,reextract,,,,14725000000.0
Sweden,1989,Umea Universitet,higher_education,missing,,"Year absent from raw_rows, but sweden_docx_results.csv already has extracted rows for this year. The missing agency likely reflects coverage/matching limits in the extracted results rather than an unparsed document.",no,,1989 prop_198889__100.pdf,reextract,,,,14725000000.0
Sweden,1990,Umea Universitet,higher_education,missing,,"Year absent from raw_rows, but sweden_docx_results.csv already has extracted rows for this year. The missing agency likely reflects coverage/matching limits in the extracted results rather than an unparsed document.",no,,1990 prop_198990__100.pdf,reextract,,,,14725000000.0
Sweden,1991,Umea Universitet,higher_education,outlier,,"Amount 14,725,000,000 outside expected range [-1,186,202,750 – 3,275,357,500] (IQR × 3.0) within SEK observations. Possible current/prior year confusion or unit error.",,,,verify,14725000000.0,SEK,,378000000.0
Sweden,1992,Umea Universitet,higher_education,ok,,,,,,none,378000000.0,SEK,14725000000.0,484066000.0
Sweden,1993,Umea Universitet,higher_education,missing,,"Year absent from raw_rows, but sweden_docx_results.csv already has extracted rows for this year. The missing agency likely reflects coverage/matching limits in the extracted results rather than an unparsed document.",no,,1993 prop_199293__100 (2).pdf,reextract,,,378000000.0,484066000.0
Sweden,1994,Umea Universitet,higher_education,ok,,,,,,none,484066000.0,SEK,378000000.0,496110000000.0
Sweden,1995,Umea Universitet,higher_education,outlier,,"Amount 496,110,000,000 outside expected range [-1,186,202,750 – 3,275,357,500] (IQR × 3.0) within SEK observations. Possible current/prior year confusion or unit error.",,,,verify,496110000000.0,SEK,484066000.0,500155000.0
Sweden,1997,Umea Universitet,higher_education,ok,,,,,,none,500155000.0,SEK,496110000000.0,677386000.0
Sweden,1998,Umea Universitet,higher_education,ok,,,,,,none,677386000.0,SEK,500155000.0,742064000.0
Sweden,1999,Umea Universitet,higher_education,missing,,"Year absent from raw_rows, but sweden_docx_results.csv already has extracted rows for this year. The missing agency likely reflects coverage/matching limits in the extracted results rather than an unparsed document.",no,,1999 download.pdf,reextract,,,677386000.0,742064000.0
Sweden,2000,Umea Universitet,higher_education,missing,,"Year absent from raw_rows, but sweden_docx_results.csv already has extracted rows for this year. The missing agency likely reflects coverage/matching limits in the extracted results rather than an unparsed document.",no,,2000 download.pdf,reextract,,,677386000.0,742064000.0
Sweden,2001,Umea Universitet,higher_education,ok,,,,,,none,742064000.0,SEK,677386000.0,1082429000.0
Sweden,2002,Umea Universitet,higher_education,missing,,"Year absent from raw_rows, but sweden_docx_results.csv already has extracted rows for this year. The missing agency likely reflects coverage/matching limits in the extracted results rather than an unparsed document.",no,,2002 download.pdf,reextract,,,742064000.0,1082429000.0
Sweden,2003,Umea Universitet,higher_education,missing,,"Year absent from raw_rows, but sweden_docx_results.csv already has extracted rows for this year. The missing agency likely reflects coverage/matching limits in the extracted results rather than an unparsed document.",no,,2003 prop_200203__1_d1.pdf,reextract,,,742064000.0,1082429000.0
Sweden,2004,Umea Universitet,higher_education,missing,,"Year absent from raw_rows, but sweden_docx_results.csv already has extracted rows for this year. The missing agency likely reflects coverage/matching limits in the extracted results rather than an unparsed document.",no,,2004 prop_200304__1_d1.pdf,reextract,,,742064000.0,1082429000.0
Sweden,2005,Umea Universitet,higher_education,missing,,"Year absent from raw_rows, but sweden_docx_results.csv already has extracted rows for this year. The missing agency likely reflects coverage/matching limits in the extracted results rather than an unparsed document.",no,,2005 prop_200405__1_d1.pdf,reextract,,,742064000.0,1082429000.0
Sweden,2007,Umea Universitet,higher_education,missing,,"Year absent from raw_rows, but sweden_docx_results.csv already has extracted rows for this year. The missing agency likely reflects coverage/matching limits in the extracted results rather than an unparsed document.",no,,2007 prop_200607__1_d1.pdf,reextract,,,742064000.0,1082429000.0
Sweden,2009,Umea Universitet,higher_education,missing,,"Year absent from raw_rows, but sweden_docx_results.csv already has extracted rows for this year. The missing agency likely reflects coverage/matching limits in the extracted results rather than an unparsed document.",no,,2009 prop_200809__1_d1.pdf,reextract,,,742064000.0,1082429000.0
Sweden,2010,Umea Universitet,higher_education,missing,,"Year absent from raw_rows, but sweden_docx_results.csv already has extracted rows for this year. The missing agency likely reflects coverage/matching limits in the extracted results rather than an unparsed document.",no,,2010 prop_200910__1_d1.pdf,reextract,,,742064000.0,1082429000.0
Sweden,2011,Umea Universitet,higher_education,missing,,"Year absent from raw_rows, but sweden_docx_results.csv already has extracted rows for this year. The missing agency likely reflects coverage/matching limits in the extracted results rather than an unparsed document.",no,,2011 prop_201011__1_d1.pdf,reextract,,,742064000.0,1082429000.0
Sweden,2012,Umea Universitet,higher_education,missing,,"Year absent from raw_rows, but sweden_docx_results.csv already has extracted rows for this year. The missing agency likely reflects coverage/matching limits in the extracted results rather than an unparsed document.",no,,2012 prop_201112__1_d1.pdf,reextract,,,742064000.0,1082429000.0
Sweden,2013,Umea Universitet,higher_education,missing,,"Year absent from raw_rows, but sweden_docx_results.csv already has extracted rows for this year. The missing agency likely reflects coverage/matching limits in the extracted results rather than an unparsed document.",no,,2013 prop_201213__1_d1.pdf,reextract,,,742064000.0,1082429000.0
Sweden,2014,Umea Universitet,higher_education,missing,,"Year absent from raw_rows, but sweden_docx_results.csv already has extracted rows for this year. The missing agency likely reflects coverage/matching limits in the extracted results rather than an unparsed document.",no,,2014 prop_201314__1_d1.pdf,reextract,,,742064000.0,1082429000.0
Sweden,2015,Umea Universitet,higher_education,missing,,"Year absent from raw_rows, but sweden_docx_results.csv already has extracted rows for this year. The missing agency likely reflects coverage/matching limits in the extracted results rather than an unparsed document.",no,,2015 download.pdf,reextract,,,742064000.0,1082429000.0
Sweden,2016,Umea Universitet,higher_education,missing,,"Year absent from raw_rows, but sweden_docx_results.csv already has extracted rows for this year. The missing agency likely reflects coverage/matching limits in the extracted results rather than an unparsed document.",no,,2016 forslag-till-statens-budget-for-2016-finansplan-och-skattefragor-kapitel-1-12-och-bilagor-1-16.pdf,reextract,,,742064000.0,1082429000.0
Sweden,2017,Umea Universitet,higher_education,ok,,,,,,none,1082429000.0,SEK,742064000.0,1082429000.0
Sweden,2018,Umea Universitet,higher_education,ok,,,,,,none,1082429000.0,SEK,1082429000.0,1132502000000.0
Sweden,2019,Umea Universitet,higher_education,outlier,,"Amount 1,132,502,000,000 outside expected range [-1,186,202,750 – 3,275,357,500] (IQR × 3.0) within SEK observations. Possible current/prior year confusion or unit error.",,,,verify,1132502000000.0,SEK,1082429000.0,1463101000.0
Sweden,2020,Umea Universitet,higher_education,ok,,,,,,none,1463101000.0,SEK,1132502000000.0,1199438000.0
Sweden,2021,Umea Universitet,higher_education,ok,,,,,,none,1199438000.0,SEK,1463101000.0,1231968000.0
Sweden,2022,Umea Universitet,higher_education,ok,,,,,,none,1231968000.0,SEK,1199438000.0,1249048000.0
Sweden,2023,Umea Universitet,higher_education,ok,,,,,,none,1249048000.0,SEK,1231968000.0,1285682000.0
Sweden,2024,Umea Universitet,higher_education,ok,,,,,,none,1285682000.0,SEK,1249048000.0,1329980000.0
Sweden,2025,Umea Universitet,higher_education,ok,,,,,,none,1329980000.0,SEK,1285682000.0,
Sweden,1975,Linkoepings Universitet,higher_education,missing,,"Year absent from raw_rows, but sweden_docx_results.csv already has extracted rows for this year. The missing agency likely reflects coverage/matching limits in the extracted results rather than an unparsed document.",no,,1975 prop_1975__1.pdf,reextract,,,,31029000000.0
Sweden,1980,Linkoepings Universitet,higher_education,missing,,"Year absent from raw_rows, but sweden_docx_results.csv already has extracted rows for this year. The missing agency likely reflects coverage/matching limits in the extracted results rather than an unparsed document.",no,,1980 prop_197980__100.pdf,reextract,,,,31029000000.0
Sweden,1981,Linkoepings Universitet,higher_education,missing,,"Year absent from raw_rows, but sweden_docx_results.csv already has extracted rows for this year. The missing agency likely reflects coverage/matching limits in the extracted results rather than an unparsed document.",no,,1981 prop_197980__100.pdf,reextract,,,,31029000000.0
Sweden,1982,Linkoepings Universitet,higher_education,missing,,"Year absent from raw_rows, but sweden_docx_results.csv already has extracted rows for this year. The missing agency likely reflects coverage/matching limits in the extracted results rather than an unparsed document.",no,,1982 prop_198182__100.pdf,reextract,,,,31029000000.0
Sweden,1983,Linkoepings Universitet,higher_education,missing,,"Year absent from raw_rows, but sweden_docx_results.csv already has extracted rows for this year. The missing agency likely reflects coverage/matching limits in the extracted results rather than an unparsed document.",no,,1983 prop_198283__100.pdf,reextract,,,,31029000000.0
Sweden,1984,Linkoepings Universitet,higher_education,missing,,"Year absent from raw_rows, but sweden_docx_results.csv already has extracted rows for this year. The missing agency likely reflects coverage/matching limits in the extracted results rather than an unparsed document.",no,,1984 prop_198384__100.pdf,reextract,,,,31029000000.0
Sweden,1985,Linkoepings Universitet,higher_education,missing,,"Year absent from raw_rows, but sweden_docx_results.csv already has extracted rows for this year. The missing agency likely reflects coverage/matching limits in the extracted results rather than an unparsed document.",no,,1985 prop_198485__100.pdf,reextract,,,,31029000000.0
Sweden,1986,Linkoepings Universitet,higher_education,missing,,"Year absent from raw_rows, but sweden_docx_results.csv already has extracted rows for this year. The missing agency likely reflects coverage/matching limits in the extracted results rather than an unparsed document.",no,,1986 prop_198586__100.pdf,reextract,,,,31029000000.0
Sweden,1987,Linkoepings Universitet,higher_education,missing,,"Year absent from raw_rows, but sweden_docx_results.csv already has extracted rows for this year. The missing agency likely reflects coverage/matching limits in the extracted results rather than an unparsed document.",no,,1987 prop_198687__100.pdf,reextract,,,,31029000000.0
Sweden,1988,Linkoepings Universitet,higher_education,missing,,"Year absent from raw_rows, but sweden_docx_results.csv already has extracted rows for this year. The missing agency likely reflects coverage/matching limits in the extracted results rather than an unparsed document.",no,,1988 prop_198788__100.pdf,reextract,,,,31029000000.0
Sweden,1989,Linkoepings Universitet,higher_education,missing,,"Year absent from raw_rows, but sweden_docx_results.csv already has extracted rows for this year. The missing agency likely reflects coverage/matching limits in the extracted results rather than an unparsed document.",no,,1989 prop_198889__100.pdf,reextract,,,,31029000000.0
Sweden,1990,Linkoepings Universitet,higher_education,missing,,"Year absent from raw_rows, but sweden_docx_results.csv already has extracted rows for this year. The missing agency likely reflects coverage/matching limits in the extracted results rather than an unparsed document.",no,,1990 prop_198990__100.pdf,reextract,,,,31029000000.0
Sweden,1991,Linkoepings Universitet,higher_education,outlier,,"Amount 31,029,000,000 outside expected range [-1,908,674,000 – 3,299,039,000] (IQR × 3.0) within SEK observations. Possible current/prior year confusion or unit error.",,,,verify,31029000000.0,SEK,,222000000.0
Sweden,1992,Linkoepings Universitet,higher_education,ok,,,,,,none,222000000.0,SEK,31029000000.0,276737000.0
Sweden,1993,Linkoepings Universitet,higher_education,missing,,"Year absent from raw_rows, but sweden_docx_results.csv already has extracted rows for this year. The missing agency likely reflects coverage/matching limits in the extracted results rather than an unparsed document.",no,,1993 prop_199293__100 (2).pdf,reextract,,,222000000.0,276737000.0
Sweden,1994,Linkoepings Universitet,higher_education,ok,,,,,,none,276737000.0,SEK,222000000.0,487320000.0
Sweden,1995,Linkoepings Universitet,higher_education,ok,,,,,,none,487320000.0,SEK,276737000.0,323203000.0
Sweden,1997,Linkoepings Universitet,higher_education,ok,,,,,,none,323203000.0,SEK,487320000.0,343420000.0
Sweden,1998,Linkoepings Universitet,higher_education,ok,,,,,,none,343420000.0,SEK,323203000.0,729320000.0
Sweden,1999,Linkoepings Universitet,higher_education,missing,,"Year absent from raw_rows, but sweden_docx_results.csv already has extracted rows for this year. The missing agency likely reflects coverage/matching limits in the extracted results rather than an unparsed document.",no,,1999 download.pdf,reextract,,,343420000.0,729320000.0
Sweden,2000,Linkoepings Universitet,higher_education,missing,,"Year absent from raw_rows, but sweden_docx_results.csv already has extracted rows for this year. The missing agency likely reflects coverage/matching limits in the extracted results rather than an unparsed document.",no,,2000 download.pdf,reextract,,,343420000.0,729320000.0
Sweden,2001,Linkoepings Universitet,higher_education,ok,,,,,,none,729320000.0,SEK,343420000.0,572000.0
Sweden,2002,Linkoepings Universitet,higher_education,missing,,"Year absent from raw_rows, but sweden_docx_results.csv already has extracted rows for this year. The missing agency likely reflects coverage/matching limits in the extracted results rather than an unparsed document.",no,,2002 download.pdf,reextract,,,729320000.0,572000.0
Sweden,2003,Linkoepings Universitet,higher_education,ok,,,,,,none,572000.0,SEK,729320000.0,854065000.0
Sweden,2004,Linkoepings Universitet,higher_education,missing,,"Year absent from raw_rows, but sweden_docx_results.csv already has extracted rows for this year. The missing agency likely reflects coverage/matching limits in the extracted results rather than an unparsed document.",no,,2004 prop_200304__1_d1.pdf,reextract,,,572000.0,854065000.0
Sweden,2005,Linkoepings Universitet,higher_education,missing,,"Year absent from raw_rows, but sweden_docx_results.csv already has extracted rows for this year. The missing agency likely reflects coverage/matching limits in the extracted results rather than an unparsed document.",no,,2005 prop_200405__1_d1.pdf,reextract,,,572000.0,854065000.0
Sweden,2007,Linkoepings Universitet,higher_education,missing,,"Year absent from raw_rows, but sweden_docx_results.csv already has extracted rows for this year. The missing agency likely reflects coverage/matching limits in the extracted results rather than an unparsed document.",no,,2007 prop_200607__1_d1.pdf,reextract,,,572000.0,854065000.0
Sweden,2009,Linkoepings Universitet,higher_education,missing,,"Year absent from raw_rows, but sweden_docx_results.csv already has extracted rows for this year. The missing agency likely reflects coverage/matching limits in the extracted results rather than an unparsed document.",no,,2009 prop_200809__1_d1.pdf,reextract,,,572000.0,854065000.0
Sweden,2010,Linkoepings Universitet,higher_education,missing,,"Year absent from raw_rows, but sweden_docx_results.csv already has extracted rows for this year. The missing agency likely reflects coverage/matching limits in the extracted results rather than an unparsed document.",no,,2010 prop_200910__1_d1.pdf,reextract,,,572000.0,854065000.0
Sweden,2011,Linkoepings Universitet,higher_education,missing,,"Year absent from raw_rows, but sweden_docx_results.csv already has extracted rows for this year. The missing agency likely reflects coverage/matching limits in the extracted results rather than an unparsed document.",no,,2011 prop_201011__1_d1.pdf,reextract,,,572000.0,854065000.0
Sweden,2012,Linkoepings Universitet,higher_education,missing,,"Year absent from raw_rows, but sweden_docx_results.csv already has extracted rows for this year. The missing agency likely reflects coverage/matching limits in the extracted results rather than an unparsed document.",no,,2012 prop_201112__1_d1.pdf,reextract,,,572000.0,854065000.0
Sweden,2013,Linkoepings Universitet,higher_education,missing,,"Year absent from raw_rows, but sweden_docx_results.csv already has extracted rows for this year. The missing agency likely reflects coverage/matching limits in the extracted results rather than an unparsed document.",no,,2013 prop_201213__1_d1.pdf,reextract,,,572000.0,854065000.0
Sweden,2014,Linkoepings Universitet,higher_education,missing,,"Year absent from raw_rows, but sweden_docx_results.csv already has extracted rows for this year. The missing agency likely reflects coverage/matching limits in the extracted results rather than an unparsed document.",no,,2014 prop_201314__1_d1.pdf,reextract,,,572000.0,854065000.0
Sweden,2015,Linkoepings Universitet,higher_education,missing,,"Year absent from raw_rows, but sweden_docx_results.csv already has extracted rows for this year. The missing agency likely reflects coverage/matching limits in the extracted results rather than an unparsed document.",no,,2015 download.pdf,reextract,,,572000.0,854065000.0
Sweden,2016,Linkoepings Universitet,higher_education,missing,,"Year absent from raw_rows, but sweden_docx_results.csv already has extracted rows for this year. The missing agency likely reflects coverage/matching limits in the extracted results rather than an unparsed document.",no,,2016 forslag-till-statens-budget-for-2016-finansplan-och-skattefragor-kapitel-1-12-och-bilagor-1-16.pdf,reextract,,,572000.0,854065000.0
Sweden,2017,Linkoepings Universitet,higher_education,ok,,,,,,none,854065000.0,SEK,572000.0,886763000.0
Sweden,2018,Linkoepings Universitet,higher_education,ok,,,,,,none,886763000.0,SEK,854065000.0,897931000000.0
Sweden,2019,Linkoepings Universitet,higher_education,outlier,,"Amount 897,931,000,000 outside expected range [-1,908,674,000 – 3,299,039,000] (IQR × 3.0) within SEK observations. Possible current/prior year confusion or unit error.",,,,verify,897931000000.0,SEK,886763000.0,1022080000.0
Sweden,2020,Linkoepings Universitet,higher_education,ok,,,,,,none,1022080000.0,SEK,897931000000.0,1032655000.0
Sweden,2021,Linkoepings Universitet,higher_education,ok,,,,,,none,1032655000.0,SEK,1022080000.0,1067162000.0
Sweden,2022,Linkoepings Universitet,higher_education,ok,,,,,,none,1067162000.0,SEK,1032655000.0,1081958000.0
Sweden,2023,Linkoepings Universitet,higher_education,ok,,,,,,none,1081958000.0,SEK,1067162000.0,252954000.0
Sweden,2024,Linkoepings Universitet,higher_education,ok,,,,,,none,252954000.0,SEK,1081958000.0,1149738000.0
Sweden,2025,Linkoepings Universitet,higher_education,ok,,,,,,none,1149738000.0,SEK,252954000.0,
Sweden,1975,Chalmers tekniska hogskola,higher_education,missing,,"Year absent from raw_rows, but sweden_docx_results.csv already has extracted rows for this year. The missing agency likely reflects coverage/matching limits in the extracted results rather than an unparsed document.",no,,1975 prop_1975__1.pdf,reextract,,,,208385000000.0
Sweden,1980,Chalmers tekniska hogskola,higher_education,missing,,"Year absent from raw_rows, but sweden_docx_results.csv already has extracted rows for this year. The missing agency likely reflects coverage/matching limits in the extracted results rather than an unparsed document.",no,,1980 prop_197980__100.pdf,reextract,,,,208385000000.0
Sweden,1981,Chalmers tekniska hogskola,higher_education,missing,,"Year absent from raw_rows, but sweden_docx_results.csv already has extracted rows for this year. The missing agency likely reflects coverage/matching limits in the extracted results rather than an unparsed document.",no,,1981 prop_197980__100.pdf,reextract,,,,208385000000.0
Sweden,1982,Chalmers tekniska hogskola,higher_education,missing,,"Year absent from raw_rows, but sweden_docx_results.csv already has extracted rows for this year. The missing agency likely reflects coverage/matching limits in the extracted results rather than an unparsed document.",no,,1982 prop_198182__100.pdf,reextract,,,,208385000000.0
Sweden,1983,Chalmers tekniska hogskola,higher_education,missing,,"Year absent from raw_rows, but sweden_docx_results.csv already has extracted rows for this year. The missing agency likely reflects coverage/matching limits in the extracted results rather than an unparsed document.",no,,1983 prop_198283__100.pdf,reextract,,,,208385000000.0
Sweden,1984,Chalmers tekniska hogskola,higher_education,missing,,"Year absent from raw_rows, but sweden_docx_results.csv already has extracted rows for this year. The missing agency likely reflects coverage/matching limits in the extracted results rather than an unparsed document.",no,,1984 prop_198384__100.pdf,reextract,,,,208385000000.0
Sweden,1985,Chalmers tekniska hogskola,higher_education,missing,,"Year absent from raw_rows, but sweden_docx_results.csv already has extracted rows for this year. The missing agency likely reflects coverage/matching limits in the extracted results rather than an unparsed document.",no,,1985 prop_198485__100.pdf,reextract,,,,208385000000.0
Sweden,1986,Chalmers tekniska hogskola,higher_education,missing,,"Year absent from raw_rows, but sweden_docx_results.csv already has extracted rows for this year. The missing agency likely reflects coverage/matching limits in the extracted results rather than an unparsed document.",no,,1986 prop_198586__100.pdf,reextract,,,,208385000000.0
Sweden,1987,Chalmers tekniska hogskola,higher_education,missing,,"Year absent from raw_rows, but sweden_docx_results.csv already has extracted rows for this year. The missing agency likely reflects coverage/matching limits in the extracted results rather than an unparsed document.",no,,1987 prop_198687__100.pdf,reextract,,,,208385000000.0
Sweden,1988,Chalmers tekniska hogskola,higher_education,missing,,"Year absent from raw_rows, but sweden_docx_results.csv already has extracted rows for this year. The missing agency likely reflects coverage/matching limits in the extracted results rather than an unparsed document.",no,,1988 prop_198788__100.pdf,reextract,,,,208385000000.0
Sweden,1989,Chalmers tekniska hogskola,higher_education,missing,,"Year absent from raw_rows, but sweden_docx_results.csv already has extracted rows for this year. The missing agency likely reflects coverage/matching limits in the extracted results rather than an unparsed document.",no,,1989 prop_198889__100.pdf,reextract,,,,208385000000.0
Sweden,1990,Chalmers tekniska hogskola,higher_education,missing,,"Year absent from raw_rows, but sweden_docx_results.csv already has extracted rows for this year. The missing agency likely reflects coverage/matching limits in the extracted results rather than an unparsed document.",no,,1990 prop_198990__100.pdf,reextract,,,,208385000000.0
Sweden,1991,Chalmers tekniska hogskola,higher_education,ok,,,,,,none,208385000000.0,SEK,,231377000000.0
Sweden,1992,Chalmers tekniska hogskola,higher_education,ok,,,,,,none,231377000000.0,SEK,208385000000.0,332361000000.0
Sweden,1993,Chalmers tekniska hogskola,higher_education,missing,,"Year absent from raw_rows, but sweden_docx_results.csv already has extracted rows for this year. The missing agency likely reflects coverage/matching limits in the extracted results rather than an unparsed document.",no,,1993 prop_199293__100 (2).pdf,reextract,,,231377000000.0,332361000000.0
Sweden,1994,Chalmers tekniska hogskola,higher_education,ok,,,,,,none,332361000000.0,SEK,231377000000.0,519575000000.0
Sweden,1995,Chalmers tekniska hogskola,higher_education,ok,,,,,,none,519575000000.0,SEK,332361000000.0,344873000000.0
Sweden,1997,Chalmers tekniska hogskola,higher_education,missing,,"Year absent from raw_rows, but sweden_docx_results.csv already has extracted rows for this year. The missing agency likely reflects coverage/matching limits in the extracted results rather than an unparsed document.",no,,1997_extracted.docx,reextract,,,519575000000.0,344873000000.0
Sweden,1998,Chalmers tekniska hogskola,higher_education,ok,,,,,,none,344873000000.0,SEK,519575000000.0,854090000.0
Sweden,1999,Chalmers tekniska hogskola,higher_education,missing,,"Year absent from raw_rows, but sweden_docx_results.csv already has extracted rows for this year. The missing agency likely reflects coverage/matching limits in the extracted results rather than an unparsed document.",no,,1999 download.pdf,reextract,,,344873000000.0,854090000.0
Sweden,2000,Chalmers tekniska hogskola,higher_education,missing,,"Year absent from raw_rows, but sweden_docx_results.csv already has extracted rows for this year. The missing agency likely reflects coverage/matching limits in the extracted results rather than an unparsed document.",no,,2000 download.pdf,reextract,,,344873000000.0,854090000.0
Sweden,2001,Chalmers tekniska hogskola,higher_education,missing,,"Year absent from raw_rows, but sweden_docx_results.csv already has extracted rows for this year. The missing agency likely reflects coverage/matching limits in the extracted results rather than an unparsed document.",no,,2001 download.pdf,reextract,,,344873000000.0,854090000.0
Sweden,2002,Chalmers tekniska hogskola,higher_education,missing,,"Year absent from raw_rows, but extracted results contain a matching text row for this agency-year in 2002 download.pdf without a defendable numeric total.",no,,2002 download.pdf,reextract,,,344873000000.0,854090000.0
Sweden,2003,Chalmers tekniska hogskola,higher_education,missing,,"Year absent from raw_rows, but sweden_docx_results.csv already has extracted rows for this year. The missing agency likely reflects coverage/matching limits in the extracted results rather than an unparsed document.",no,,2003 prop_200203__1_d1.pdf,reextract,,,344873000000.0,854090000.0
Sweden,2004,Chalmers tekniska hogskola,higher_education,missing,,"Year absent from raw_rows, but sweden_docx_results.csv already has extracted rows for this year. The missing agency likely reflects coverage/matching limits in the extracted results rather than an unparsed document.",no,,2004 prop_200304__1_d1.pdf,reextract,,,344873000000.0,854090000.0
Sweden,2005,Chalmers tekniska hogskola,higher_education,missing,,"Year absent from raw_rows, but sweden_docx_results.csv already has extracted rows for this year. The missing agency likely reflects coverage/matching limits in the extracted results rather than an unparsed document.",no,,2005 prop_200405__1_d1.pdf,reextract,,,344873000000.0,854090000.0
Sweden,2007,Chalmers tekniska hogskola,higher_education,missing,,"Year absent from raw_rows, but sweden_docx_results.csv already has extracted rows for this year. The missing agency likely reflects coverage/matching limits in the extracted results rather than an unparsed document.",no,,2007 prop_200607__1_d1.pdf,reextract,,,344873000000.0,854090000.0
Sweden,2009,Chalmers tekniska hogskola,higher_education,missing,,"Year absent from raw_rows, but sweden_docx_results.csv already has extracted rows for this year. The missing agency likely reflects coverage/matching limits in the extracted results rather than an unparsed document.",no,,2009 prop_200809__1_d1.pdf,reextract,,,344873000000.0,854090000.0
Sweden,2010,Chalmers tekniska hogskola,higher_education,missing,,"Year absent from raw_rows, but sweden_docx_results.csv already has extracted rows for this year. The missing agency likely reflects coverage/matching limits in the extracted results rather than an unparsed document.",no,,2010 prop_200910__1_d1.pdf,reextract,,,344873000000.0,854090000.0
Sweden,2011,Chalmers tekniska hogskola,higher_education,missing,,"Year absent from raw_rows, but sweden_docx_results.csv already has extracted rows for this year. The missing agency likely reflects coverage/matching limits in the extracted results rather than an unparsed document.",no,,2011 prop_201011__1_d1.pdf,reextract,,,344873000000.0,854090000.0
Sweden,2012,Chalmers tekniska hogskola,higher_education,missing,,"Year absent from raw_rows, but sweden_docx_results.csv already has extracted rows for this year. The missing agency likely reflects coverage/matching limits in the extracted results rather than an unparsed document.",no,,2012 prop_201112__1_d1.pdf,reextract,,,344873000000.0,854090000.0
Sweden,2013,Chalmers tekniska hogskola,higher_education,missing,,"Year absent from raw_rows, but sweden_docx_results.csv already has extracted rows for this year. The missing agency likely reflects coverage/matching limits in the extracted results rather than an unparsed document.",no,,2013 prop_201213__1_d1.pdf,reextract,,,344873000000.0,854090000.0
Sweden,2014,Chalmers tekniska hogskola,higher_education,missing,,"Year absent from raw_rows, but sweden_docx_results.csv already has extracted rows for this year. The missing agency likely reflects coverage/matching limits in the extracted results rather than an unparsed document.",no,,2014 prop_201314__1_d1.pdf,reextract,,,344873000000.0,854090000.0
Sweden,2015,Chalmers tekniska hogskola,higher_education,missing,,"Year absent from raw_rows, but sweden_docx_results.csv already has extracted rows for this year. The missing agency likely reflects coverage/matching limits in the extracted results rather than an unparsed document.",no,,2015 download.pdf,reextract,,,344873000000.0,854090000.0
Sweden,2016,Chalmers tekniska hogskola,higher_education,missing,,"Year absent from raw_rows, but sweden_docx_results.csv already has extracted rows for this year. The missing agency likely reflects coverage/matching limits in the extracted results rather than an unparsed document.",no,,2016 forslag-till-statens-budget-for-2016-finansplan-och-skattefragor-kapitel-1-12-och-bilagor-1-16.pdf,reextract,,,344873000000.0,854090000.0
Sweden,2017,Chalmers tekniska hogskola,higher_education,ok,,,,,,none,854090000.0,SEK,344873000000.0,0.0
Sweden,2018,Chalmers tekniska hogskola,higher_education,ok,,,,,,none,0.0,SEK,854090000.0,854000000.0
Sweden,2019,Chalmers tekniska hogskola,higher_education,ok,,,,,,none,854000000.0,SEK,0.0,962570000.0
Sweden,2020,Chalmers tekniska hogskola,higher_education,missing,,"Year absent from raw_rows, but sweden_docx_results.csv already has extracted rows for this year. The missing agency likely reflects coverage/matching limits in the extracted results rather than an unparsed document.",no,,2020 budgetpropositionen-for-2020-hela-dokumentet-prop.-2019201.pdf,reextract,,,854000000.0,962570000.0
Sweden,2021,Chalmers tekniska hogskola,higher_education,ok,,,,,,none,962570000.0,SEK,854000000.0,998661000.0
Sweden,2022,Chalmers tekniska hogskola,higher_education,ok,,,,,,none,998661000.0,SEK,962570000.0,0.0
Sweden,2023,Chalmers tekniska hogskola,higher_education,missing,,"Year absent from raw_rows, but sweden_docx_results.csv already has extracted rows for this year. The missing agency likely reflects coverage/matching limits in the extracted results rather than an unparsed document.",no,,2023 budgetpropositionen-for-2023-hela-dokumentet-prop.2022231-.pdf,reextract,,,998661000.0,0.0
Sweden,2024,Chalmers tekniska hogskola,higher_education,missing,,"Year absent from raw_rows, but sweden_docx_results.csv already has extracted rows for this year. The missing agency likely reflects coverage/matching limits in the extracted results rather than an unparsed document.",no,,2024 budgetpropositionen-for-2024-hela-dokumentet-prop.2023241.pdf,reextract,,,998661000.0,0.0
Sweden,2025,Chalmers tekniska hogskola,higher_education,ok,,,,,,none,0.0,SEK,998661000.0,
Sweden,1975,Karolinska Institutet,higher_education,missing,,"Year absent from raw_rows, but sweden_docx_results.csv already has extracted rows for this year. The missing agency likely reflects coverage/matching limits in the extracted results rather than an unparsed document.",no,,1975 prop_1975__1.pdf,reextract,,,,151602000000.0
Sweden,1980,Karolinska Institutet,higher_education,missing,,"Year absent from raw_rows, but sweden_docx_results.csv already has extracted rows for this year. The missing agency likely reflects coverage/matching limits in the extracted results rather than an unparsed document.",no,,1980 prop_197980__100.pdf,reextract,,,,151602000000.0
Sweden,1981,Karolinska Institutet,higher_education,missing,,"Year absent from raw_rows, but sweden_docx_results.csv already has extracted rows for this year. The missing agency likely reflects coverage/matching limits in the extracted results rather than an unparsed document.",no,,1981 prop_197980__100.pdf,reextract,,,,151602000000.0
Sweden,1982,Karolinska Institutet,higher_education,missing,,"Year absent from raw_rows, but sweden_docx_results.csv already has extracted rows for this year. The missing agency likely reflects coverage/matching limits in the extracted results rather than an unparsed document.",no,,1982 prop_198182__100.pdf,reextract,,,,151602000000.0
Sweden,1983,Karolinska Institutet,higher_education,missing,,"Year absent from raw_rows, but sweden_docx_results.csv already has extracted rows for this year. The missing agency likely reflects coverage/matching limits in the extracted results rather than an unparsed document.",no,,1983 prop_198283__100.pdf,reextract,,,,151602000000.0
Sweden,1984,Karolinska Institutet,higher_education,missing,,"Year absent from raw_rows, but sweden_docx_results.csv already has extracted rows for this year. The missing agency likely reflects coverage/matching limits in the extracted results rather than an unparsed document.",no,,1984 prop_198384__100.pdf,reextract,,,,151602000000.0
Sweden,1985,Karolinska Institutet,higher_education,missing,,"Year absent from raw_rows, but sweden_docx_results.csv already has extracted rows for this year. The missing agency likely reflects coverage/matching limits in the extracted results rather than an unparsed document.",no,,1985 prop_198485__100.pdf,reextract,,,,151602000000.0
Sweden,1986,Karolinska Institutet,higher_education,missing,,"Year absent from raw_rows, but sweden_docx_results.csv already has extracted rows for this year. The missing agency likely reflects coverage/matching limits in the extracted results rather than an unparsed document.",no,,1986 prop_198586__100.pdf,reextract,,,,151602000000.0
Sweden,1987,Karolinska Institutet,higher_education,missing,,"Year absent from raw_rows, but sweden_docx_results.csv already has extracted rows for this year. The missing agency likely reflects coverage/matching limits in the extracted results rather than an unparsed document.",no,,1987 prop_198687__100.pdf,reextract,,,,151602000000.0
Sweden,1988,Karolinska Institutet,higher_education,missing,,"Year absent from raw_rows, but sweden_docx_results.csv already has extracted rows for this year. The missing agency likely reflects coverage/matching limits in the extracted results rather than an unparsed document.",no,,1988 prop_198788__100.pdf,reextract,,,,151602000000.0
Sweden,1989,Karolinska Institutet,higher_education,missing,,"Year absent from raw_rows, but sweden_docx_results.csv already has extracted rows for this year. The missing agency likely reflects coverage/matching limits in the extracted results rather than an unparsed document.",no,,1989 prop_198889__100.pdf,reextract,,,,151602000000.0
Sweden,1990,Karolinska Institutet,higher_education,missing,,"Year absent from raw_rows, but sweden_docx_results.csv already has extracted rows for this year. The missing agency likely reflects coverage/matching limits in the extracted results rather than an unparsed document.",no,,1990 prop_198990__100.pdf,reextract,,,,151602000000.0
Sweden,1991,Karolinska Institutet,higher_education,ok,,,,,,none,151602000000.0,SEK,,276764000000.0
Sweden,1992,Karolinska Institutet,higher_education,outlier,,"Amount 276,764,000,000 outside expected range [-112,874,595,500 – 153,460,722,000] (IQR × 3.0) within SEK observations. Possible current/prior year confusion or unit error.",,,,verify,276764000000.0,SEK,151602000000.0,466321000.0
Sweden,1993,Karolinska Institutet,higher_education,missing,,"Year absent from raw_rows, but sweden_docx_results.csv already has extracted rows for this year. The missing agency likely reflects coverage/matching limits in the extracted results rather than an unparsed document.",no,,1993 prop_199293__100 (2).pdf,reextract,,,276764000000.0,466321000.0
Sweden,1994,Karolinska Institutet,higher_education,ok,,,,,,none,466321000.0,SEK,276764000000.0,594515000000.0
Sweden,1995,Karolinska Institutet,higher_education,outlier,,"Amount 594,515,000,000 outside expected range [-112,874,595,500 – 153,460,722,000] (IQR × 3.0) within SEK observations. Possible current/prior year confusion or unit error.",,,,verify,594515000000.0,SEK,466321000.0,558025000.0
Sweden,1997,Karolinska Institutet,higher_education,ok,,,,,,none,558025000.0,SEK,594515000000.0,522150000.0
Sweden,1998,Karolinska Institutet,higher_education,ok,,,,,,none,522150000.0,SEK,558025000.0,259942000.0
Sweden,1999,Karolinska Institutet,higher_education,missing,,"Year absent from raw_rows, but sweden_docx_results.csv already has extracted rows for this year. The missing agency likely reflects coverage/matching limits in the extracted results rather than an unparsed document.",no,,1999 download.pdf,reextract,,,522150000.0,259942000.0
Sweden,2000,Karolinska Institutet,higher_education,missing,,"Year absent from raw_rows, but sweden_docx_results.csv already has extracted rows for this year. The missing agency likely reflects coverage/matching limits in the extracted results rather than an unparsed document.",no,,2000 download.pdf,reextract,,,522150000.0,259942000.0
Sweden,2001,Karolinska Institutet,higher_education,ok,,,,,,none,259942000.0,SEK,522150000.0,1506141000.0
Sweden,2002,Karolinska Institutet,higher_education,missing,,"Year absent from raw_rows, but sweden_docx_results.csv already has extracted rows for this year. The missing agency likely reflects coverage/matching limits in the extracted results rather than an unparsed document.",no,,2002 download.pdf,reextract,,,259942000.0,1506141000.0
Sweden,2003,Karolinska Institutet,higher_education,missing,,"Year absent from raw_rows, but sweden_docx_results.csv already has extracted rows for this year. The missing agency likely reflects coverage/matching limits in the extracted results rather than an unparsed document.",no,,2003 prop_200203__1_d1.pdf,reextract,,,259942000.0,1506141000.0
Sweden,2004,Karolinska Institutet,higher_education,missing,,"Year absent from raw_rows, but sweden_docx_results.csv already has extracted rows for this year. The missing agency likely reflects coverage/matching limits in the extracted results rather than an unparsed document.",no,,2004 prop_200304__1_d1.pdf,reextract,,,259942000.0,1506141000.0
Sweden,2005,Karolinska Institutet,higher_education,missing,,"Year absent from raw_rows, but sweden_docx_results.csv already has extracted rows for this year. The missing agency likely reflects coverage/matching limits in the extracted results rather than an unparsed document.",no,,2005 prop_200405__1_d1.pdf,reextract,,,259942000.0,1506141000.0
Sweden,2007,Karolinska Institutet,higher_education,missing,,"Year absent from raw_rows, but sweden_docx_results.csv already has extracted rows for this year. The missing agency likely reflects coverage/matching limits in the extracted results rather than an unparsed document.",no,,2007 prop_200607__1_d1.pdf,reextract,,,259942000.0,1506141000.0
Sweden,2009,Karolinska Institutet,higher_education,missing,,"Year absent from raw_rows, but sweden_docx_results.csv already has extracted rows for this year. The missing agency likely reflects coverage/matching limits in the extracted results rather than an unparsed document.",no,,2009 prop_200809__1_d1.pdf,reextract,,,259942000.0,1506141000.0
Sweden,2010,Karolinska Institutet,higher_education,missing,,"Year absent from raw_rows, but sweden_docx_results.csv already has extracted rows for this year. The missing agency likely reflects coverage/matching limits in the extracted results rather than an unparsed document.",no,,2010 prop_200910__1_d1.pdf,reextract,,,259942000.0,1506141000.0
Sweden,2011,Karolinska Institutet,higher_education,missing,,"Year absent from raw_rows, but sweden_docx_results.csv already has extracted rows for this year. The missing agency likely reflects coverage/matching limits in the extracted results rather than an unparsed document.",no,,2011 prop_201011__1_d1.pdf,reextract,,,259942000.0,1506141000.0
Sweden,2012,Karolinska Institutet,higher_education,missing,,"Year absent from raw_rows, but sweden_docx_results.csv already has extracted rows for this year. The missing agency likely reflects coverage/matching limits in the extracted results rather than an unparsed document.",no,,2012 prop_201112__1_d1.pdf,reextract,,,259942000.0,1506141000.0
Sweden,2013,Karolinska Institutet,higher_education,missing,,"Year absent from raw_rows, but sweden_docx_results.csv already has extracted rows for this year. The missing agency likely reflects coverage/matching limits in the extracted results rather than an unparsed document.",no,,2013 prop_201213__1_d1.pdf,reextract,,,259942000.0,1506141000.0
Sweden,2014,Karolinska Institutet,higher_education,missing,,"Year absent from raw_rows, but sweden_docx_results.csv already has extracted rows for this year. The missing agency likely reflects coverage/matching limits in the extracted results rather than an unparsed document.",no,,2014 prop_201314__1_d1.pdf,reextract,,,259942000.0,1506141000.0
Sweden,2015,Karolinska Institutet,higher_education,missing,,"Year absent from raw_rows, but sweden_docx_results.csv already has extracted rows for this year. The missing agency likely reflects coverage/matching limits in the extracted results rather than an unparsed document.",no,,2015 download.pdf,reextract,,,259942000.0,1506141000.0
Sweden,2016,Karolinska Institutet,higher_education,missing,,"Year absent from raw_rows, but sweden_docx_results.csv already has extracted rows for this year. The missing agency likely reflects coverage/matching limits in the extracted results rather than an unparsed document.",no,,2016 forslag-till-statens-budget-for-2016-finansplan-och-skattefragor-kapitel-1-12-och-bilagor-1-16.pdf,reextract,,,259942000.0,1506141000.0
Sweden,2017,Karolinska Institutet,higher_education,ok,,,,,,none,1506141000.0,SEK,259942000.0,1559586000.0
Sweden,2018,Karolinska Institutet,higher_education,ok,,,,,,none,1559586000.0,SEK,1506141000.0,1579228000000.0
Sweden,2019,Karolinska Institutet,higher_education,outlier,,"Amount 1,579,228,000,000 outside expected range [-112,874,595,500 – 153,460,722,000] (IQR × 3.0) within SEK observations. Possible current/prior year confusion or unit error.",,,,verify,1579228000000.0,SEK,1559586000.0,1663040000.0
Sweden,2020,Karolinska Institutet,higher_education,ok,,,,,,none,1663040000.0,SEK,1579228000000.0,1684033000.0
Sweden,2021,Karolinska Institutet,higher_education,ok,,,,,,none,1684033000.0,SEK,1663040000.0,1749545000.0
Sweden,2022,Karolinska Institutet,higher_education,ok,,,,,,none,1749545000.0,SEK,1684033000.0,1773802000.0
Sweden,2023,Karolinska Institutet,higher_education,ok,,,,,,none,1773802000.0,SEK,1749545000.0,1825779000.0
Sweden,2024,Karolinska Institutet,higher_education,ok,,,,,,none,1825779000.0,SEK,1773802000.0,1888686000.0
Sweden,2025,Karolinska Institutet,higher_education,ok,,,,,,none,1888686000.0,SEK,1825779000.0,
Sweden,1975,Universiteterna (collective Sweden),higher_education,missing,,"Year absent from raw_rows, but sweden_docx_results.csv already has extracted rows for this year. The missing agency likely reflects coverage/matching limits in the extracted results rather than an unparsed document.",no,,1975 prop_1975__1.pdf,reextract,,,,
Sweden,1980,Universiteterna (collective Sweden),higher_education,missing,,"Year absent from raw_rows, but sweden_docx_results.csv already has extracted rows for this year. The missing agency likely reflects coverage/matching limits in the extracted results rather than an unparsed document.",no,,1980 prop_197980__100.pdf,reextract,,,,
Sweden,1981,Universiteterna (collective Sweden),higher_education,missing,,"Year absent from raw_rows, but sweden_docx_results.csv already has extracted rows for this year. The missing agency likely reflects coverage/matching limits in the extracted results rather than an unparsed document.",no,,1981 prop_197980__100.pdf,reextract,,,,
Sweden,1982,Universiteterna (collective Sweden),higher_education,missing,,"Year absent from raw_rows, but sweden_docx_results.csv already has extracted rows for this year. The missing agency likely reflects coverage/matching limits in the extracted results rather than an unparsed document.",no,,1982 prop_198182__100.pdf,reextract,,,,
Sweden,1983,Universiteterna (collective Sweden),higher_education,missing,,"Year absent from raw_rows, but sweden_docx_results.csv already has extracted rows for this year. The missing agency likely reflects coverage/matching limits in the extracted results rather than an unparsed document.",no,,1983 prop_198283__100.pdf,reextract,,,,
Sweden,1984,Universiteterna (collective Sweden),higher_education,missing,,"Year absent from raw_rows, but sweden_docx_results.csv already has extracted rows for this year. The missing agency likely reflects coverage/matching limits in the extracted results rather than an unparsed document.",no,,1984 prop_198384__100.pdf,reextract,,,,
Sweden,1985,Universiteterna (collective Sweden),higher_education,missing,,"Year absent from raw_rows, but sweden_docx_results.csv already has extracted rows for this year. The missing agency likely reflects coverage/matching limits in the extracted results rather than an unparsed document.",no,,1985 prop_198485__100.pdf,reextract,,,,
Sweden,1986,Universiteterna (collective Sweden),higher_education,missing,,"Year absent from raw_rows, but sweden_docx_results.csv already has extracted rows for this year. The missing agency likely reflects coverage/matching limits in the extracted results rather than an unparsed document.",no,,1986 prop_198586__100.pdf,reextract,,,,
Sweden,1987,Universiteterna (collective Sweden),higher_education,missing,,"Year absent from raw_rows, but sweden_docx_results.csv already has extracted rows for this year. The missing agency likely reflects coverage/matching limits in the extracted results rather than an unparsed document.",no,,1987 prop_198687__100.pdf,reextract,,,,
Sweden,1988,Universiteterna (collective Sweden),higher_education,missing,,"Year absent from raw_rows, but sweden_docx_results.csv already has extracted rows for this year. The missing agency likely reflects coverage/matching limits in the extracted results rather than an unparsed document.",no,,1988 prop_198788__100.pdf,reextract,,,,
Sweden,1989,Universiteterna (collective Sweden),higher_education,missing,,"Year absent from raw_rows, but sweden_docx_results.csv already has extracted rows for this year. The missing agency likely reflects coverage/matching limits in the extracted results rather than an unparsed document.",no,,1989 prop_198889__100.pdf,reextract,,,,
Sweden,1990,Universiteterna (collective Sweden),higher_education,missing,,"Year absent from raw_rows, but sweden_docx_results.csv already has extracted rows for this year. The missing agency likely reflects coverage/matching limits in the extracted results rather than an unparsed document.",no,,1990 prop_198990__100.pdf,reextract,,,,
Sweden,1991,Universiteterna (collective Sweden),higher_education,missing,,"Year absent from raw_rows, but sweden_docx_results.csv already has extracted rows for this year. The missing agency likely reflects coverage/matching limits in the extracted results rather than an unparsed document.",no,,1991 prop_199091__100.pdf,reextract,,,,
Sweden,1992,Universiteterna (collective Sweden),higher_education,missing,,"Year absent from raw_rows, but sweden_docx_results.csv already has extracted rows for this year. The missing agency likely reflects coverage/matching limits in the extracted results rather than an unparsed document.",no,,1992 prop_199192__100.pdf,reextract,,,,
Sweden,1993,Universiteterna (collective Sweden),higher_education,missing,,"Year absent from raw_rows, but sweden_docx_results.csv already has extracted rows for this year. The missing agency likely reflects coverage/matching limits in the extracted results rather than an unparsed document.",no,,1993 prop_199293__100 (2).pdf,reextract,,,,
Sweden,1994,Universiteterna (collective Sweden),higher_education,missing,,"Year absent from raw_rows, but sweden_docx_results.csv already has extracted rows for this year. The missing agency likely reflects coverage/matching limits in the extracted results rather than an unparsed document.",no,,1994 prop_199394__100.pdf,reextract,,,,
Sweden,1995,Universiteterna (collective Sweden),higher_education,missing,,"Year absent from raw_rows, but sweden_docx_results.csv already has extracted rows for this year. The missing agency likely reflects coverage/matching limits in the extracted results rather than an unparsed document.",no,,1995 prop_199495__100.pdf,reextract,,,,
Sweden,1997,Universiteterna (collective Sweden),higher_education,missing,,"Year absent from raw_rows, but sweden_docx_results.csv already has extracted rows for this year. The missing agency likely reflects coverage/matching limits in the extracted results rather than an unparsed document.",no,,1997_extracted.docx,reextract,,,,
Sweden,1998,Universiteterna (collective Sweden),higher_education,missing,,"Year absent from raw_rows, but sweden_docx_results.csv already has extracted rows for this year. The missing agency likely reflects coverage/matching limits in the extracted results rather than an unparsed document.",no,,1998 Budgetpropositionen för 1998 .pdf,reextract,,,,
Sweden,1999,Universiteterna (collective Sweden),higher_education,missing,,"Year absent from raw_rows, but sweden_docx_results.csv already has extracted rows for this year. The missing agency likely reflects coverage/matching limits in the extracted results rather than an unparsed document.",no,,1999 download.pdf,reextract,,,,
Sweden,2000,Universiteterna (collective Sweden),higher_education,missing,,"Year absent from raw_rows, but sweden_docx_results.csv already has extracted rows for this year. The missing agency likely reflects coverage/matching limits in the extracted results rather than an unparsed document.",no,,2000 download.pdf,reextract,,,,
Sweden,2001,Universiteterna (collective Sweden),higher_education,missing,,"Year absent from raw_rows, but sweden_docx_results.csv already has extracted rows for this year. The missing agency likely reflects coverage/matching limits in the extracted results rather than an unparsed document.",no,,2001 download.pdf,reextract,,,,
Sweden,2002,Universiteterna (collective Sweden),higher_education,missing,,"Year absent from raw_rows, but sweden_docx_results.csv already has extracted rows for this year. The missing agency likely reflects coverage/matching limits in the extracted results rather than an unparsed document.",no,,2002 download.pdf,reextract,,,,
Sweden,2003,Universiteterna (collective Sweden),higher_education,missing,,"Year absent from raw_rows, but sweden_docx_results.csv already has extracted rows for this year. The missing agency likely reflects coverage/matching limits in the extracted results rather than an unparsed document.",no,,2003 prop_200203__1_d1.pdf,reextract,,,,
Sweden,2004,Universiteterna (collective Sweden),higher_education,missing,,"Year absent from raw_rows, but sweden_docx_results.csv already has extracted rows for this year. The missing agency likely reflects coverage/matching limits in the extracted results rather than an unparsed document.",no,,2004 prop_200304__1_d1.pdf,reextract,,,,
Sweden,2005,Universiteterna (collective Sweden),higher_education,missing,,"Year absent from raw_rows, but sweden_docx_results.csv already has extracted rows for this year. The missing agency likely reflects coverage/matching limits in the extracted results rather than an unparsed document.",no,,2005 prop_200405__1_d1.pdf,reextract,,,,
Sweden,2007,Universiteterna (collective Sweden),higher_education,missing,,"Year absent from raw_rows, but sweden_docx_results.csv already has extracted rows for this year. The missing agency likely reflects coverage/matching limits in the extracted results rather than an unparsed document.",no,,2007 prop_200607__1_d1.pdf,reextract,,,,
Sweden,2009,Universiteterna (collective Sweden),higher_education,missing,,"Year absent from raw_rows, but sweden_docx_results.csv already has extracted rows for this year. The missing agency likely reflects coverage/matching limits in the extracted results rather than an unparsed document.",no,,2009 prop_200809__1_d1.pdf,reextract,,,,
Sweden,2010,Universiteterna (collective Sweden),higher_education,missing,,"Year absent from raw_rows, but sweden_docx_results.csv already has extracted rows for this year. The missing agency likely reflects coverage/matching limits in the extracted results rather than an unparsed document.",no,,2010 prop_200910__1_d1.pdf,reextract,,,,
Sweden,2011,Universiteterna (collective Sweden),higher_education,missing,,"Year absent from raw_rows, but sweden_docx_results.csv already has extracted rows for this year. The missing agency likely reflects coverage/matching limits in the extracted results rather than an unparsed document.",no,,2011 prop_201011__1_d1.pdf,reextract,,,,
Sweden,2012,Universiteterna (collective Sweden),higher_education,missing,,"Year absent from raw_rows, but sweden_docx_results.csv already has extracted rows for this year. The missing agency likely reflects coverage/matching limits in the extracted results rather than an unparsed document.",no,,2012 prop_201112__1_d1.pdf,reextract,,,,
Sweden,2013,Universiteterna (collective Sweden),higher_education,missing,,"Year absent from raw_rows, but sweden_docx_results.csv already has extracted rows for this year. The missing agency likely reflects coverage/matching limits in the extracted results rather than an unparsed document.",no,,2013 prop_201213__1_d1.pdf,reextract,,,,
Sweden,2014,Universiteterna (collective Sweden),higher_education,missing,,"Year absent from raw_rows, but sweden_docx_results.csv already has extracted rows for this year. The missing agency likely reflects coverage/matching limits in the extracted results rather than an unparsed document.",no,,2014 prop_201314__1_d1.pdf,reextract,,,,
Sweden,2015,Universiteterna (collective Sweden),higher_education,missing,,"Year absent from raw_rows, but sweden_docx_results.csv already has extracted rows for this year. The missing agency likely reflects coverage/matching limits in the extracted results rather than an unparsed document.",no,,2015 download.pdf,reextract,,,,
Sweden,2016,Universiteterna (collective Sweden),higher_education,missing,,"Year absent from raw_rows, but sweden_docx_results.csv already has extracted rows for this year. The missing agency likely reflects coverage/matching limits in the extracted results rather than an unparsed document.",no,,2016 forslag-till-statens-budget-for-2016-finansplan-och-skattefragor-kapitel-1-12-och-bilagor-1-16.pdf,reextract,,,,
Sweden,2017,Universiteterna (collective Sweden),higher_education,missing,,"Year absent from raw_rows, but sweden_docx_results.csv already has extracted rows for this year. The missing agency likely reflects coverage/matching limits in the extracted results rather than an unparsed document.",no,,2017 download.pdf,reextract,,,,
Sweden,2018,Universiteterna (collective Sweden),higher_education,missing,,"Year absent from raw_rows, but sweden_docx_results.csv already has extracted rows for this year. The missing agency likely reflects coverage/matching limits in the extracted results rather than an unparsed document.",no,,2018 budgetpropositionen-for-2018-hela-dokumentet-prop.-2017181.pdf,reextract,,,,
Sweden,2019,Universiteterna (collective Sweden),higher_education,missing,,"Year absent from raw_rows, but sweden_docx_results.csv already has extracted rows for this year. The missing agency likely reflects coverage/matching limits in the extracted results rather than an unparsed document.",no,,2019 budgetpropositionen-for-2019-hela-dokumentet-prop.-2018191.pdf,reextract,,,,
Sweden,2020,Universiteterna (collective Sweden),higher_education,missing,,"Year absent from raw_rows, but sweden_docx_results.csv already has extracted rows for this year. The missing agency likely reflects coverage/matching limits in the extracted results rather than an unparsed document.",no,,2020 budgetpropositionen-for-2020-hela-dokumentet-prop.-2019201.pdf,reextract,,,,
Sweden,2021,Universiteterna (collective Sweden),higher_education,missing,,"Year absent from raw_rows, but sweden_docx_results.csv already has extracted rows for this year. The missing agency likely reflects coverage/matching limits in the extracted results rather than an unparsed document.",no,,2021 hela-bp21-som-pdf.pdf,reextract,,,,
Sweden,2022,Universiteterna (collective Sweden),higher_education,missing,,"Year absent from raw_rows, but sweden_docx_results.csv already has extracted rows for this year. The missing agency likely reflects coverage/matching limits in the extracted results rather than an unparsed document.",no,,2022 budgetpropositionen-for-2022hela-dokumentet-prop.2021221.pdf,reextract,,,,
Sweden,2023,Universiteterna (collective Sweden),higher_education,missing,,"Year absent from raw_rows, but sweden_docx_results.csv already has extracted rows for this year. The missing agency likely reflects coverage/matching limits in the extracted results rather than an unparsed document.",no,,2023 budgetpropositionen-for-2023-hela-dokumentet-prop.2022231-.pdf,reextract,,,,
Sweden,2024,Universiteterna (collective Sweden),higher_education,missing,,"Year absent from raw_rows, but sweden_docx_results.csv already has extracted rows for this year. The missing agency likely reflects coverage/matching limits in the extracted results rather than an unparsed document.",no,,2024 budgetpropositionen-for-2024-hela-dokumentet-prop.2023241.pdf,reextract,,,,
Sweden,2025,Universiteterna (collective Sweden),higher_education,missing,,"Year absent from raw_rows, but sweden_docx_results.csv already has extracted rows for this year. The missing agency likely reflects coverage/matching limits in the extracted results rather than an unparsed document.",no,,2025 budgetpropositionen-for-2025-hela-dokumentet-prop.-2024251.pdf,reextract,,,,
Sweden,1994,Utbildningsdepartementet / UO 16 (total),rd_ministry,ok,,,,,,none,1305853000000.0,SEK,,58915917000000.0
Sweden,1995,Utbildningsdepartementet / UO 16 (total),rd_ministry,outlier,,"Amount 58,915,917,000,000 outside expected range [-1,448,991,876,000 – 1,941,377,844,500] (IQR × 3.0) within SEK observations. Possible current/prior year confusion or unit error.",,,,verify,58915917000000.0,SEK,1305853000000.0,534155000000.0
Sweden,1997,Utbildningsdepartementet / UO 16 (total),rd_ministry,missing,,"Year absent from raw_rows, but sweden_docx_results.csv already has extracted rows for this year. The missing agency likely reflects coverage/matching limits in the extracted results rather than an unparsed document.",no,,1997_extracted.docx,reextract,,,58915917000000.0,534155000000.0
Sweden,1998,Utbildningsdepartementet / UO 16 (total),rd_ministry,ok,,,,,,none,534155000000.0,SEK,58915917000000.0,350984000000.0
Sweden,1999,Utbildningsdepartementet / UO 16 (total),rd_ministry,ok,,,,,,none,350984000000.0,SEK,534155000000.0,10563104000.0
Sweden,2000,Utbildningsdepartementet / UO 16 (total),rd_ministry,missing,,"Year absent from raw_rows, but sweden_docx_results.csv already has extracted rows for this year. The missing agency likely reflects coverage/matching limits in the extracted results rather than an unparsed document.",no,,2000 download.pdf,reextract,,,350984000000.0,10563104000.0
Sweden,2001,Utbildningsdepartementet / UO 16 (total),rd_ministry,ok,,,,,,none,10563104000.0,SEK,350984000000.0,41447000.0
Sweden,2002,Utbildningsdepartementet / UO 16 (total),rd_ministry,ok,,,,,,none,41447000.0,SEK,10563104000.0,1100000.0
Sweden,2003,Utbildningsdepartementet / UO 16 (total),rd_ministry,missing,,"Year absent from raw_rows, but sweden_docx_results.csv already has extracted rows for this year. The missing agency likely reflects coverage/matching limits in the extracted results rather than an unparsed document.",no,,2003 prop_200203__1_d1.pdf,reextract,,,41447000.0,1100000.0
Sweden,2004,Utbildningsdepartementet / UO 16 (total),rd_ministry,missing,,"Year absent from raw_rows, but sweden_docx_results.csv already has extracted rows for this year. The missing agency likely reflects coverage/matching limits in the extracted results rather than an unparsed document.",no,,2004 prop_200304__1_d1.pdf,reextract,,,41447000.0,1100000.0
Sweden,2005,Utbildningsdepartementet / UO 16 (total),rd_ministry,ok,,,,,,none,1100000.0,SEK,41447000.0,50400000.0
Sweden,2007,Utbildningsdepartementet / UO 16 (total),rd_ministry,missing,,"Year absent from raw_rows, but sweden_docx_results.csv already has extracted rows for this year. The missing agency likely reflects coverage/matching limits in the extracted results rather than an unparsed document.",no,,2007 prop_200607__1_d1.pdf,reextract,,,1100000.0,50400000.0
Sweden,2009,Utbildningsdepartementet / UO 16 (total),rd_ministry,missing,,"Year absent from raw_rows, but sweden_docx_results.csv already has extracted rows for this year. The missing agency likely reflects coverage/matching limits in the extracted results rather than an unparsed document.",no,,2009 prop_200809__1_d1.pdf,reextract,,,1100000.0,50400000.0
Sweden,2010,Utbildningsdepartementet / UO 16 (total),rd_ministry,ok,,,,,,none,50400000.0,SEK,1100000.0,2240000000.0
Sweden,2011,Utbildningsdepartementet / UO 16 (total),rd_ministry,missing,,"Year absent from raw_rows, but sweden_docx_results.csv already has extracted rows for this year. The missing agency likely reflects coverage/matching limits in the extracted results rather than an unparsed document.",no,,2011 prop_201011__1_d1.pdf,reextract,,,50400000.0,2240000000.0
Sweden,2012,Utbildningsdepartementet / UO 16 (total),rd_ministry,missing,,"Year absent from raw_rows, but sweden_docx_results.csv already has extracted rows for this year. The missing agency likely reflects coverage/matching limits in the extracted results rather than an unparsed document.",no,,2012 prop_201112__1_d1.pdf,reextract,,,50400000.0,2240000000.0
Sweden,2013,Utbildningsdepartementet / UO 16 (total),rd_ministry,ok,,,,,,none,2240000000.0,SEK,50400000.0,72381263000.0
Sweden,2014,Utbildningsdepartementet / UO 16 (total),rd_ministry,missing,,"Year absent from raw_rows, but sweden_docx_results.csv already has extracted rows for this year. The missing agency likely reflects coverage/matching limits in the extracted results rather than an unparsed document.",no,,2014 prop_201314__1_d1.pdf,reextract,,,2240000000.0,72381263000.0
Sweden,2015,Utbildningsdepartementet / UO 16 (total),rd_ministry,missing,,"Year absent from raw_rows, but sweden_docx_results.csv already has extracted rows for this year. The missing agency likely reflects coverage/matching limits in the extracted results rather than an unparsed document.",no,,2015 download.pdf,reextract,,,2240000000.0,72381263000.0
Sweden,2016,Utbildningsdepartementet / UO 16 (total),rd_ministry,missing,,"Year absent from raw_rows, but sweden_docx_results.csv already has extracted rows for this year. The missing agency likely reflects coverage/matching limits in the extracted results rather than an unparsed document.",no,,2016 forslag-till-statens-budget-for-2016-finansplan-och-skattefragor-kapitel-1-12-och-bilagor-1-16.pdf,reextract,,,2240000000.0,72381263000.0
Sweden,2017,Utbildningsdepartementet / UO 16 (total),rd_ministry,ok,,,,,,none,72381263000.0,SEK,2240000000.0,60000000000.0
Sweden,2018,Utbildningsdepartementet / UO 16 (total),rd_ministry,ok,,,,,,none,60000000000.0,SEK,72381263000.0,3386695000000.0
Sweden,2019,Utbildningsdepartementet / UO 16 (total),rd_ministry,outlier,,"Amount 3,386,695,000,000 outside expected range [-1,448,991,876,000 – 1,941,377,844,500] (IQR × 3.0) within SEK observations. Possible current/prior year confusion or unit error.",,,,verify,3386695000000.0,SEK,60000000000.0,83315865000.0
Sweden,2020,Utbildningsdepartementet / UO 16 (total),rd_ministry,ok,,,,,,none,83315865000.0,SEK,3386695000000.0,2733676000.0
Sweden,2021,Utbildningsdepartementet / UO 16 (total),rd_ministry,ok,,,,,,none,2733676000.0,SEK,83315865000.0,950902000000.0
Sweden,2022,Utbildningsdepartementet / UO 16 (total),rd_ministry,ok,,,,,,none,950902000000.0,SEK,2733676000.0,16667948000.0
Sweden,2023,Utbildningsdepartementet / UO 16 (total),rd_ministry,ok,,,,,,none,16667948000.0,SEK,950902000000.0,7893846000.0
Sweden,2024,Utbildningsdepartementet / UO 16 (total),rd_ministry,ok,,,,,,none,7893846000.0,SEK,16667948000.0,57418000000.0
Sweden,2025,Utbildningsdepartementet / UO 16 (total),rd_ministry,ok,,,,,,none,57418000000.0,SEK,7893846000.0,
Sweden,1994,Naringsdepartementet / UO 24 (total),rd_ministry,outlier,,"Amount 1,302,658,000,000 outside expected range [-17,184,030,000 – 22,912,040,000] (IQR × 3.0) within SEK observations. Possible current/prior year confusion or unit error.",,,,verify,1302658000000.0,SEK,,50575177000.0
Sweden,1995,Naringsdepartementet / UO 24 (total),rd_ministry,outlier,,"Amount 50,575,177,000 outside expected range [-17,184,030,000 – 22,912,040,000] (IQR × 3.0) within SEK observations. Possible current/prior year confusion or unit error.",,,,verify,50575177000.0,SEK,1302658000000.0,0.0
Sweden,1997,Naringsdepartementet / UO 24 (total),rd_ministry,missing,,"Year absent from raw_rows, but sweden_docx_results.csv already has extracted rows for this year. The missing agency likely reflects coverage/matching limits in the extracted results rather than an unparsed document.",no,,1997_extracted.docx,reextract,,,50575177000.0,0.0
Sweden,1998,Naringsdepartementet / UO 24 (total),rd_ministry,ok,,,,,,none,0.0,SEK,50575177000.0,6456020000.0
Sweden,1999,Naringsdepartementet / UO 24 (total),rd_ministry,missing,,"Year absent from raw_rows, but sweden_docx_results.csv already has extracted rows for this year. The missing agency likely reflects coverage/matching limits in the extracted results rather than an unparsed document.",no,,1999 download.pdf,reextract,,,0.0,6456020000.0
Sweden,2000,Naringsdepartementet / UO 24 (total),rd_ministry,missing,,"Year absent from raw_rows, but sweden_docx_results.csv already has extracted rows for this year. The missing agency likely reflects coverage/matching limits in the extracted results rather than an unparsed document.",no,,2000 download.pdf,reextract,,,0.0,6456020000.0
Sweden,2001,Naringsdepartementet / UO 24 (total),rd_ministry,missing,,"Year absent from raw_rows, but sweden_docx_results.csv already has extracted rows for this year. The missing agency likely reflects coverage/matching limits in the extracted results rather than an unparsed document.",no,,2001 download.pdf,reextract,,,0.0,6456020000.0
Sweden,2002,Naringsdepartementet / UO 24 (total),rd_ministry,missing,,"Year absent from raw_rows, but extracted results contain a matching text row for this agency-year in 2002 download.pdf without a defendable numeric total.",no,,2002 download.pdf,reextract,,,0.0,6456020000.0
Sweden,2003,Naringsdepartementet / UO 24 (total),rd_ministry,missing,,"Year absent from raw_rows, but sweden_docx_results.csv already has extracted rows for this year. The missing agency likely reflects coverage/matching limits in the extracted results rather than an unparsed document.",no,,2003 prop_200203__1_d1.pdf,reextract,,,0.0,6456020000.0
Sweden,2004,Naringsdepartementet / UO 24 (total),rd_ministry,missing,,"Year absent from raw_rows, but sweden_docx_results.csv already has extracted rows for this year. The missing agency likely reflects coverage/matching limits in the extracted results rather than an unparsed document.",no,,2004 prop_200304__1_d1.pdf,reextract,,,0.0,6456020000.0
Sweden,2005,Naringsdepartementet / UO 24 (total),rd_ministry,missing,,"Year absent from raw_rows, but sweden_docx_results.csv already has extracted rows for this year. The missing agency likely reflects coverage/matching limits in the extracted results rather than an unparsed document.",no,,2005 prop_200405__1_d1.pdf,reextract,,,0.0,6456020000.0
Sweden,2007,Naringsdepartementet / UO 24 (total),rd_ministry,missing,,"Year absent from raw_rows, but sweden_docx_results.csv already has extracted rows for this year. The missing agency likely reflects coverage/matching limits in the extracted results rather than an unparsed document.",no,,2007 prop_200607__1_d1.pdf,reextract,,,0.0,6456020000.0
Sweden,2009,Naringsdepartementet / UO 24 (total),rd_ministry,missing,,"Year absent from raw_rows, but sweden_docx_results.csv already has extracted rows for this year. The missing agency likely reflects coverage/matching limits in the extracted results rather than an unparsed document.",no,,2009 prop_200809__1_d1.pdf,reextract,,,0.0,6456020000.0
Sweden,2010,Naringsdepartementet / UO 24 (total),rd_ministry,missing,,"Year absent from raw_rows, but sweden_docx_results.csv already has extracted rows for this year. The missing agency likely reflects coverage/matching limits in the extracted results rather than an unparsed document.",no,,2010 prop_200910__1_d1.pdf,reextract,,,0.0,6456020000.0
Sweden,2011,Naringsdepartementet / UO 24 (total),rd_ministry,missing,,"Year absent from raw_rows, but sweden_docx_results.csv already has extracted rows for this year. The missing agency likely reflects coverage/matching limits in the extracted results rather than an unparsed document.",no,,2011 prop_201011__1_d1.pdf,reextract,,,0.0,6456020000.0
Sweden,2012,Naringsdepartementet / UO 24 (total),rd_ministry,missing,,"Year absent from raw_rows, but sweden_docx_results.csv already has extracted rows for this year. The missing agency likely reflects coverage/matching limits in the extracted results rather than an unparsed document.",no,,2012 prop_201112__1_d1.pdf,reextract,,,0.0,6456020000.0
Sweden,2013,Naringsdepartementet / UO 24 (total),rd_ministry,missing,,"Year absent from raw_rows, but sweden_docx_results.csv already has extracted rows for this year. The missing agency likely reflects coverage/matching limits in the extracted results rather than an unparsed document.",no,,2013 prop_201213__1_d1.pdf,reextract,,,0.0,6456020000.0
Sweden,2014,Naringsdepartementet / UO 24 (total),rd_ministry,missing,,"Year absent from raw_rows, but sweden_docx_results.csv already has extracted rows for this year. The missing agency likely reflects coverage/matching limits in the extracted results rather than an unparsed document.",no,,2014 prop_201314__1_d1.pdf,reextract,,,0.0,6456020000.0
Sweden,2015,Naringsdepartementet / UO 24 (total),rd_ministry,missing,,"Year absent from raw_rows, but sweden_docx_results.csv already has extracted rows for this year. The missing agency likely reflects coverage/matching limits in the extracted results rather than an unparsed document.",no,,2015 download.pdf,reextract,,,0.0,6456020000.0
Sweden,2016,Naringsdepartementet / UO 24 (total),rd_ministry,missing,,"Year absent from raw_rows, but sweden_docx_results.csv already has extracted rows for this year. The missing agency likely reflects coverage/matching limits in the extracted results rather than an unparsed document.",no,,2016 forslag-till-statens-budget-for-2016-finansplan-och-skattefragor-kapitel-1-12-och-bilagor-1-16.pdf,reextract,,,0.0,6456020000.0
Sweden,2017,Naringsdepartementet / UO 24 (total),rd_ministry,ok,,,,,,none,6456020000.0,SEK,0.0,800000000.0
Sweden,2018,Naringsdepartementet / UO 24 (total),rd_ministry,ok,,,,,,none,800000000.0,SEK,6456020000.0,0.0
Sweden,2019,Naringsdepartementet / UO 24 (total),rd_ministry,ok,,,,,,none,0.0,SEK,800000000.0,5000000000.0
Sweden,2020,Naringsdepartementet / UO 24 (total),rd_ministry,ok,,,,,,none,5000000000.0,SEK,0.0,3400000000.0
Sweden,2021,Naringsdepartementet / UO 24 (total),rd_ministry,ok,,,,,,none,3400000000.0,SEK,5000000000.0,3926000.0
Sweden,2022,Naringsdepartementet / UO 24 (total),rd_ministry,ok,,,,,,none,3926000.0,SEK,3400000000.0,0.0
Sweden,2023,Naringsdepartementet / UO 24 (total),rd_ministry,ok,,,,,,none,0.0,SEK,3926000.0,0.0
Sweden,2024,Naringsdepartementet / UO 24 (total),rd_ministry,missing,,"Year absent from raw_rows, but sweden_docx_results.csv already has extracted rows for this year. The missing agency likely reflects coverage/matching limits in the extracted results rather than an unparsed document.",no,,2024 budgetpropositionen-for-2024-hela-dokumentet-prop.2023241.pdf,reextract,,,0.0,0.0
Sweden,2025,Naringsdepartementet / UO 24 (total),rd_ministry,ok,,,,,,none,0.0,SEK,0.0,
Sweden,1993,Research and Doctoral Education in Higher Education and Certain Other Research Purposes,higher_education,ok,,,,,,none,7039137000000.0,SEK,,
Sweden,1995,Certain Compensation for Clinical Education and Research,higher_education,ok,,,,,,none,2296979000000.0,SEK,,
Sweden,1995,Research Council: Research and Research Information,science_agency,ok,,,,,,none,1449053000000.0,SEK,,
Sweden,2021,Measures for Marine and Water Environment,innovation_instruments,ok,,,,,,none,1399565000000.0,SEK,,
Sweden,1995,Compensation for Doctoral Education and Certain Research,higher_education,ok,,,,,,none,1394255000000.0,SEK,,
Sweden,2023,Funding to European Spallation Source ERIC (ESS),innovation_instruments,ok,,,,,,none,1004000000000.0,SEK,,
Sweden,1992,"Medical Faculties, Reserve Appropriation",higher_education,ok,,,,,,none,921034000000.0,SEK,,
Sweden,1992,"Technical Faculties, Reserve Appropriation",higher_education,ok,,,,,,none,896016000000.0,SEK,,
Sweden,1991,Mathematical-Natural Sciences Faculties,higher_education,ok,,,,,,none,833398000000.0,SEK,,921034000000.0
Sweden,1992,Mathematical-Natural Sciences Faculties,higher_education,ok,,,,,,none,921034000000.0,SEK,833398000000.0,
Sweden,1995,Funding for Research and Development from the Work Environment Fund,innovation_instruments,ok,,,,,,none,791145000000.0,SEK,,
Sweden,1991,"Technical Research and Development, Appropriation",direct_rd,ok,,,,,,none,818815000000.0,SEK,,750908000000.0
Sweden,1992,"Technical Research and Development, Appropriation",direct_rd,ok,,,,,,none,750908000000.0,SEK,818815000000.0,
Sweden,1994,1. Technical Research and Development,direct_rd,ok,,,,,,none,580320000000.0,SEK,,
Sweden,1993,Joint Defense Research,direct_rd,ok,,,,,,none,485713000000.0,SEK,,
Sweden,2018,Contribution to European Spallation Source ERIC (ESS),innovation_instruments,ok,,,,,,none,600000000000.0,SEK,,700000000000.0
Sweden,2019,Contribution to European Spallation Source ERIC (ESS),innovation_instruments,ok,,,,,,none,700000000000.0,SEK,600000000000.0,700000000000.0
Sweden,2020,Contribution to European Spallation Source ERIC (ESS),innovation_instruments,ok,,,,,,none,700000000000.0,SEK,700000000000.0,800000000000.0
Sweden,2021,Contribution to European Spallation Source ERIC (ESS),innovation_instruments,ok,,,,,,none,800000000000.0,SEK,700000000000.0,900000000.0
Sweden,2022,Contribution to European Spallation Source ERIC (ESS),innovation_instruments,ok,,,,,,none,900000000.0,SEK,800000000000.0,1004000000.0
Sweden,2023,Contribution to European Spallation Source ERIC (ESS),innovation_instruments,ok,,,,,,none,1004000000.0,SEK,900000000.0,1217000000.0
Sweden,2024,Contribution to European Spallation Source ERIC (ESS),innovation_instruments,ok,,,,,,none,1217000000.0,SEK,1004000000.0,1176000000000.0
Sweden,2025,Contribution to European Spallation Source ERIC (ESS),innovation_instruments,ok,,,,,,none,1176000000000.0,SEK,1217000000.0,
Sweden,1994,Support for Research in Developing Countries,direct_rd,ok,,,,,,none,425000000000.0,SEK,,
Sweden,1994,"Board for Research in Developing Countries (SAREC), Appropriation",direct_rd,ok,,,,,,none,425000000000.0,SEK,,
Sweden,1994,2. Information Technology,direct_rd,ok,,,,,,none,352920000000.0,SEK,,
Sweden,1995,European Research Cooperation,direct_rd,ok,,,,,,none,642533000000.0,SEK,,317367000.0
Sweden,1997,European Research Cooperation,direct_rd,ok,,,,,,none,317367000.0,SEK,642533000000.0,
Sweden,1992,"Environmental Research Allocation 285,168,000 SEK",direct_rd,ok,,,,,,none,285168000000.0,SEK,,
Sweden,1982,Total Space Research Budget,direct_rd,ok,,,,,,none,255142000000.0,SEK,,
Sweden,2022,Support to Northvolt AB for battery cell development and electrification campus,direct_rd,ok,,,,,,none,238000000000.0,SEK,,
Sweden,1991,Materials Technology Research Allocation,direct_rd,ok,,,,,,none,415184000000.0,SEK,,36150000000.0
Sweden,1992,Materials Technology Research Allocation,direct_rd,ok,,,,,,none,36150000000.0,SEK,415184000000.0,
Sweden,1994,Swedish Environmental Protection Agency Proposal for 200 million SEK for liming lakes and watercourses,direct_rd,ok,,,,,,none,200000000000.0,SEK,,
Sweden,1992,Grant for New Energy Technology,innovation_instruments,ok,,,,,,none,200000000000.0,SEK,,
Sweden,1994,Allocation for State Grants for Restoration of Damage Caused by Acidic Air Pollution,direct_rd,ok,,,,,,none,198000000000.0,SEK,,
Sweden,1999,G3 Forestry and Agriculture Research Council,science_agency,ok,,,,,,none,195234000000.0,SEK,,
Sweden,1991,Grant for Environmental Work,innovation_instruments,ok,,,,,,none,167585000000.0,SEK,,
Sweden,1993,Initiatives for New Energy Technology,direct_rd,ok,,,,,,none,165000000000.0,SEK,,
Sweden,1992,Grants to Certain International Research Facilities,innovation_instruments,ok,,,,,,none,159834000000.0,SEK,,
Sweden,1994,Allocation for Research in the Environmental Field,direct_rd,ok,,,,,,none,157096000000.0,SEK,,
Sweden,1994,Funds Managed by the Swedish Environmental Protection Agency for Research in the Environmental Field,direct_rd,ok,,,,,,none,156218000000.0,SEK,,
Sweden,1995,Funds for Research Support Measures at Smaller and Medium-sized Universities,innovation_instruments,ok,,,,,,none,155133000000.0,SEK,,
Sweden,1992,Environmental Research Grant,direct_rd,ok,,,,,,none,151783000000.0,SEK,,
Sweden,1992,Environmental Research Reserve Grant,direct_rd,ok,,,,,,none,151783000000.0,SEK,,
Sweden,1991,Certain Special Expenses for Research Purposes,direct_rd,ok,,,,,,none,103668000000.0,SEK,,185745000000.0
Sweden,1992,Certain Special Expenses for Research Purposes,direct_rd,ok,,,,,,none,185745000000.0,SEK,103668000000.0,110517000.0
Sweden,1993,Certain Special Expenses for Research Purposes,direct_rd,missing,,"Year absent from raw_rows, but sweden_docx_results.csv already has extracted rows for this year. The missing agency likely reflects coverage/matching limits in the extracted results rather than an unparsed document.",no,,1993 prop_199293__100 (2).pdf,reextract,,,185745000000.0,110517000.0
Sweden,1994,Certain Special Expenses for Research Purposes,direct_rd,ok,,,,,,none,110517000.0,SEK,185745000000.0,61554000000.0
Sweden,1995,Certain Special Expenses for Research Purposes,direct_rd,ok,,,,,,none,61554000000.0,SEK,110517000.0,
Sweden,1994,European Research and Development Cooperation,direct_rd,ok,,,,,,none,272300000000.0,SEK,,271300000.0
Sweden,1995,European Research and Development Cooperation,direct_rd,ok,,,,,,none,271300000.0,SEK,272300000000.0,
Sweden,1992,Building Research,direct_rd,ok,,,,,,none,178200000000.0,SEK,,178200000000.0
Sweden,1993,Building Research,direct_rd,ok,,,,,,none,178200000000.0,SEK,178200000000.0,
Sweden,1995,"Research Funds, Reserve Grant",direct_rd,ok,,,,,,none,131918000000.0,SEK,,
Sweden,1991,Certain Grants for Research Activities,direct_rd,ok,,,,,,none,30100000000.0,SEK,,25162000000.0
Sweden,1992,Certain Grants for Research Activities,direct_rd,ok,,,,,,none,25162000000.0,SEK,30100000000.0,36595000.0
Sweden,1993,Certain Grants for Research Activities,direct_rd,missing,,"Year absent from raw_rows, but sweden_docx_results.csv already has extracted rows for this year. The missing agency likely reflects coverage/matching limits in the extracted results rather than an unparsed document.",no,,1993 prop_199293__100 (2).pdf,reextract,,,25162000000.0,36595000.0
Sweden,1994,Certain Grants for Research Activities,direct_rd,ok,,,,,,none,36595000.0,SEK,25162000000.0,463978000000.0
Sweden,1995,Certain Grants for Research Activities,direct_rd,ok,,,,,,none,463978000000.0,SEK,36595000.0,
Sweden,1995,"Initiation, Coordination, and Support for Research",direct_rd,ok,,,,,,none,118319000000.0,SEK,,
Sweden,1991,"Research Council, Reserve Grant",direct_rd,ok,,,,,,none,116515000000.0,SEK,,
Sweden,2018,Grant to the Foundation of Jönköping University for Research and Education at Doctoral Level,higher_education,ok,,,,,,none,115912000000.0,SEK,,
Sweden,1992,Grant for Research and Development in Energy Research,direct_rd,ok,,,,,,none,110000000000.0,SEK,,
Sweden,1991,"Swedish Geological Survey: Geological Research Activities, etc.",direct_rd,ok,,,,,,none,105646000000.0,SEK,,
Sweden,1994,"Funding for Research, Development, and Demonstration Projects",direct_rd,ok,,,,,,none,100000000000.0,SEK,,
Sweden,1995,"Swedish Nuclear Power Inspectorate: Nuclear Safety Research, Framework Grants",direct_rd,ok,,,,,,none,95939000000.0,SEK,,
Sweden,2023,Block Grants to Universities for Research,higher_education,ok,,,,,,none,94991971000.0,SEK,,
Sweden,2018,Grant to Stockholm School of Economics for Education and Research,higher_education,ok,,,,,,none,92916000000.0,SEK,,
Sweden,1994,"Research and Development, Swedish Mapping, Cadastral and Land Registration Authority",direct_rd,ok,,,,,,none,90000000000.0,SEK,,
Sweden,2022,Funding for Research and Development Related to Battery Reuse and Recycling,innovation_instruments,ok,,,,,,none,88600000000.0,SEK,,
Sweden,1994,Swedish Social Science Research Council: Research Funds,direct_rd,ok,,,,,,none,86772000000.0,SEK,,
Sweden,2022,Research and Education at Doctoral Level for 2022,higher_education,ok,,,,,,none,116196000000.0,SEK,,
Sweden,1991,Swedish University of Agricultural Sciences,higher_education,outlier,,"Amount 616,512,000,000 outside expected range [-2,660,333,000 – 5,915,360,000] (IQR × 3.0) within SEK observations. Possible current/prior year confusion or unit error.",,,,verify,616512000000.0,SEK,,627275000000.0
Sweden,1992,Swedish University of Agricultural Sciences,higher_education,outlier,,"Amount 627,275,000,000 outside expected range [-2,660,333,000 – 5,915,360,000] (IQR × 3.0) within SEK observations. Possible current/prior year confusion or unit error.",,,,verify,627275000000.0,SEK,616512000000.0,87398000.0
Sweden,1993,Swedish University of Agricultural Sciences,higher_education,ok,,,,,,none,87398000.0,SEK,627275000000.0,1014964000.0
Sweden,1994,Swedish University of Agricultural Sciences,higher_education,ok,,,,,,none,1014964000.0,SEK,87398000.0,1002000000.0
Sweden,1995,Swedish University of Agricultural Sciences,higher_education,ok,,,,,,none,1002000000.0,SEK,1014964000.0,980773000.0
Sweden,1997,Swedish University of Agricultural Sciences,higher_education,ok,,,,,,none,980773000.0,SEK,1002000000.0,1021979000.0
Sweden,1998,Swedish University of Agricultural Sciences,higher_education,ok,,,,,,none,1021979000.0,SEK,980773000.0,1154109000.0
Sweden,1999,Swedish University of Agricultural Sciences,higher_education,missing,,"Year absent from raw_rows, but sweden_docx_results.csv already has extracted rows for this year. The missing agency likely reflects coverage/matching limits in the extracted results rather than an unparsed document.",no,,1999 download.pdf,reextract,,,1021979000.0,1154109000.0
Sweden,2000,Swedish University of Agricultural Sciences,higher_education,missing,,"Year absent from raw_rows, but sweden_docx_results.csv already has extracted rows for this year. The missing agency likely reflects coverage/matching limits in the extracted results rather than an unparsed document.",no,,2000 download.pdf,reextract,,,1021979000.0,1154109000.0
Sweden,2001,Swedish University of Agricultural Sciences,higher_education,missing,,"Year absent from raw_rows, but sweden_docx_results.csv already has extracted rows for this year. The missing agency likely reflects coverage/matching limits in the extracted results rather than an unparsed document.",no,,2001 download.pdf,reextract,,,1021979000.0,1154109000.0
Sweden,2002,Swedish University of Agricultural Sciences,higher_education,ok,,,,,,none,1154109000.0,SEK,1021979000.0,1820493000.0
Sweden,2003,Swedish University of Agricultural Sciences,higher_education,missing,,"Year absent from raw_rows, but sweden_docx_results.csv already has extracted rows for this year. The missing agency likely reflects coverage/matching limits in the extracted results rather than an unparsed document.",no,,2003 prop_200203__1_d1.pdf,reextract,,,1154109000.0,1820493000.0
Sweden,2004,Swedish University of Agricultural Sciences,higher_education,missing,,"Year absent from raw_rows, but sweden_docx_results.csv already has extracted rows for this year. The missing agency likely reflects coverage/matching limits in the extracted results rather than an unparsed document.",no,,2004 prop_200304__1_d1.pdf,reextract,,,1154109000.0,1820493000.0
Sweden,2005,Swedish University of Agricultural Sciences,higher_education,missing,,"Year absent from raw_rows, but sweden_docx_results.csv already has extracted rows for this year. The missing agency likely reflects coverage/matching limits in the extracted results rather than an unparsed document.",no,,2005 prop_200405__1_d1.pdf,reextract,,,1154109000.0,1820493000.0
Sweden,2007,Swedish University of Agricultural Sciences,higher_education,missing,,"Year absent from raw_rows, but sweden_docx_results.csv already has extracted rows for this year. The missing agency likely reflects coverage/matching limits in the extracted results rather than an unparsed document.",no,,2007 prop_200607__1_d1.pdf,reextract,,,1154109000.0,1820493000.0
Sweden,2009,Swedish University of Agricultural Sciences,higher_education,missing,,"Year absent from raw_rows, but sweden_docx_results.csv already has extracted rows for this year. The missing agency likely reflects coverage/matching limits in the extracted results rather than an unparsed document.",no,,2009 prop_200809__1_d1.pdf,reextract,,,1154109000.0,1820493000.0
Sweden,2010,Swedish University of Agricultural Sciences,higher_education,missing,,"Year absent from raw_rows, but sweden_docx_results.csv already has extracted rows for this year. The missing agency likely reflects coverage/matching limits in the extracted results rather than an unparsed document.",no,,2010 prop_200910__1_d1.pdf,reextract,,,1154109000.0,1820493000.0
Sweden,2011,Swedish University of Agricultural Sciences,higher_education,missing,,"Year absent from raw_rows, but sweden_docx_results.csv already has extracted rows for this year. The missing agency likely reflects coverage/matching limits in the extracted results rather than an unparsed document.",no,,2011 prop_201011__1_d1.pdf,reextract,,,1154109000.0,1820493000.0
Sweden,2012,Swedish University of Agricultural Sciences,higher_education,missing,,"Year absent from raw_rows, but sweden_docx_results.csv already has extracted rows for this year. The missing agency likely reflects coverage/matching limits in the extracted results rather than an unparsed document.",no,,2012 prop_201112__1_d1.pdf,reextract,,,1154109000.0,1820493000.0
Sweden,2013,Swedish University of Agricultural Sciences,higher_education,missing,,"Year absent from raw_rows, but sweden_docx_results.csv already has extracted rows for this year. The missing agency likely reflects coverage/matching limits in the extracted results rather than an unparsed document.",no,,2013 prop_201213__1_d1.pdf,reextract,,,1154109000.0,1820493000.0
Sweden,2014,Swedish University of Agricultural Sciences,higher_education,missing,,"Year absent from raw_rows, but sweden_docx_results.csv already has extracted rows for this year. The missing agency likely reflects coverage/matching limits in the extracted results rather than an unparsed document.",no,,2014 prop_201314__1_d1.pdf,reextract,,,1154109000.0,1820493000.0
Sweden,2015,Swedish University of Agricultural Sciences,higher_education,missing,,"Year absent from raw_rows, but sweden_docx_results.csv already has extracted rows for this year. The missing agency likely reflects coverage/matching limits in the extracted results rather than an unparsed document.",no,,2015 download.pdf,reextract,,,1154109000.0,1820493000.0
Sweden,2016,Swedish University of Agricultural Sciences,higher_education,missing,,"Year absent from raw_rows, but sweden_docx_results.csv already has extracted rows for this year. The missing agency likely reflects coverage/matching limits in the extracted results rather than an unparsed document.",no,,2016 forslag-till-statens-budget-for-2016-finansplan-och-skattefragor-kapitel-1-12-och-bilagor-1-16.pdf,reextract,,,1154109000.0,1820493000.0
Sweden,2017,Swedish University of Agricultural Sciences,higher_education,ok,,,,,,none,1820493000.0,SEK,1154109000.0,16904000.0
Sweden,2018,Swedish University of Agricultural Sciences,higher_education,ok,,,,,,none,16904000.0,SEK,1820493000.0,1929745000.0
Sweden,2019,Swedish University of Agricultural Sciences,higher_education,ok,,,,,,none,1929745000.0,SEK,16904000.0,1985357000.0
Sweden,2020,Swedish University of Agricultural Sciences,higher_education,ok,,,,,,none,1985357000.0,SEK,1929745000.0,2143772000.0
Sweden,2021,Swedish University of Agricultural Sciences,higher_education,ok,,,,,,none,2143772000.0,SEK,1985357000.0,2134808000.0
Sweden,2022,Swedish University of Agricultural Sciences,higher_education,ok,,,,,,none,2134808000.0,SEK,2143772000.0,2261000000.0
Sweden,2023,Swedish University of Agricultural Sciences,higher_education,ok,,,,,,none,2261000000.0,SEK,2134808000.0,2240063000.0
Sweden,2024,Swedish University of Agricultural Sciences,higher_education,ok,,,,,,none,2240063000.0,SEK,2261000000.0,2342374000.0
Sweden,2025,Swedish University of Agricultural Sciences,higher_education,ok,,,,,,none,2342374000.0,SEK,2240063000.0,
Sweden,1991,"Forest and Agricultural Research Council, Reservation Allocation",science_agency,ok,,,,,,none,156725000000.0,SEK,,172000000.0
Sweden,1992,"Forest and Agricultural Research Council, Reservation Allocation",science_agency,missing,,"Year absent from raw_rows, but sweden_docx_results.csv already has extracted rows for this year. The missing agency likely reflects coverage/matching limits in the extracted results rather than an unparsed document.",no,,1992 prop_199192__100.pdf,reextract,,,156725000000.0,172000000.0
Sweden,1993,"Forest and Agricultural Research Council, Reservation Allocation",science_agency,ok,,,,,,none,172000000.0,SEK,156725000000.0,
Sweden,1991,"Swedish Social Science Research Council, Reservation Allocation",direct_rd,ok,,,,,,none,72179000000.0,SEK,,
Sweden,1994,Grants to the National Veterinary Institute,direct_rd,ok,,,,,,none,67834000000.0,SEK,,
Sweden,1984,European Space Cooperation,direct_rd,ok,,,,,,none,108858000.0,SEK,,5839000.0
Sweden,1985,European Space Cooperation,direct_rd,missing,,"Year absent from raw_rows, but sweden_docx_results.csv already has extracted rows for this year. The missing agency likely reflects coverage/matching limits in the extracted results rather than an unparsed document.",no,,1985 prop_198485__100.pdf,reextract,,,108858000.0,5839000.0
Sweden,1986,European Space Cooperation,direct_rd,missing,,"Year absent from raw_rows, but sweden_docx_results.csv already has extracted rows for this year. The missing agency likely reflects coverage/matching limits in the extracted results rather than an unparsed document.",no,,1986 prop_198586__100.pdf,reextract,,,108858000.0,5839000.0
Sweden,1987,European Space Cooperation,direct_rd,ok,,,,,,none,5839000.0,SEK,108858000.0,6070000.0
Sweden,1988,European Space Cooperation,direct_rd,missing,,"Year absent from raw_rows, but sweden_docx_results.csv already has extracted rows for this year. The missing agency likely reflects coverage/matching limits in the extracted results rather than an unparsed document.",no,,1988 prop_198788__100.pdf,reextract,,,5839000.0,6070000.0
Sweden,1989,European Space Cooperation,direct_rd,ok,,,,,,none,6070000.0,SEK,5839000.0,276323000.0
Sweden,1990,European Space Cooperation,direct_rd,ok,,,,,,none,276323000.0,SEK,6070000.0,406098000000.0
Sweden,1991,European Space Cooperation,direct_rd,ok,,,,,,none,406098000000.0,SEK,276323000.0,447439000000.0
Sweden,1992,European Space Cooperation,direct_rd,ok,,,,,,none,447439000000.0,SEK,406098000000.0,447439000.0
Sweden,1993,European Space Cooperation,direct_rd,ok,,,,,,none,447439000.0,SEK,447439000000.0,
Sweden,1992,"Grants for Research Cooperation with the EU, Fusion Research and the SCIENCE Program",direct_rd,ok,,,,,,none,65847000000.0,SEK,,
Sweden,1992,Grants to the European Space Agency's Scientific Program,direct_rd,ok,,,,,,none,61230000000.0,SEK,,
Sweden,1991,Research for a Waste-Smart Society: Environmentally Adapted Product Development,direct_rd,ok,,,,,,none,60000000000.0,SEK,,
Sweden,2024,Research and Education at Doctoral Level for 2024,higher_education,ok,,,,,,none,58092000000.0,SEK,,
Sweden,1991,"Nuclear Safety Research, etc.",direct_rd,ok,,,,,,none,57683000000.0,SEK,,
Sweden,1998,Research and Artistic Development Work at Certain Universities,higher_education,ok,,,,,,none,52723000000.0,SEK,,
Sweden,2022,"Targeted Support for Research, Development, and Market Introduction for Construction Machinery",direct_rd,ok,,,,,,none,50000000000.0,SEK,,
Sweden,2022,Direct State Grants to Higher Education Institutions,higher_education,ok,,,,,,none,47300000000.0,SEK,,
Sweden,1994,Grants for Research on Electric and Hybrid Vehicles,direct_rd,ok,,,,,,none,30000000000.0,SEK,,61000000000.0
Sweden,1995,Grants for Research on Electric and Hybrid Vehicles,direct_rd,ok,,,,,,none,61000000000.0,SEK,30000000000.0,
Sweden,1991,Thematic Research,direct_rd,ok,,,,,,none,38136000000.0,SEK,,39706000000.0
Sweden,1992,Thematic Research,direct_rd,ok,,,,,,none,39706000000.0,SEK,38136000000.0,
Sweden,2018,Foundation for Forestry Research (Skogforsk),direct_rd,ok,,,,,,none,38000000000.0,SEK,,
Sweden,1995,Research and Development in the Cultural Sector,direct_rd,ok,,,,,,none,36806000000.0,SEK,,
Sweden,1994,Funding for Expensive Scientific Equipment,innovation_instruments,ok,,,,,,none,34874000000.0,SEK,,
Sweden,1994,Research for a Circular Economy Adapted Community Development,direct_rd,ok,,,,,,none,32497000000.0,SEK,,
Sweden,1991,Luleå University of Technology,higher_education,ok,,,,,,none,95134000000.0,SEK,,1000000000.0
Sweden,1992,Luleå University of Technology,higher_education,ok,,,,,,none,1000000000.0,SEK,95134000000.0,
Sweden,1991,Faculty of Pharmacy,higher_education,ok,,,,,,none,31616000000.0,SEK,,32606000000.0
Sweden,1992,Faculty of Pharmacy,higher_education,ok,,,,,,none,32606000000.0,SEK,31616000000.0,
Sweden,1992,Research and Development in the Cultural Field,direct_rd,ok,,,,,,none,30855000000.0,SEK,,
Sweden,2021,"Program for Monitoring, Preventing, and Combating Forest Damage",direct_rd,ok,,,,,,none,30000000000.0,SEK,,
Sweden,1994,Strategic Defense Research,direct_rd,ok,,,,,,none,30000000000.0,SEK,,
Sweden,2018,Stockholm Environment Institute,science_agency,ok,,,,,,none,30000000000.0,SEK,,
Sweden,2021,Establishment of a Forest Damage Center,direct_rd,ok,,,,,,none,30000000000.0,SEK,,
Sweden,1992,Grant to the Royal Swedish Academy of Sciences 25 162 000,science_agency,ok,,,,,,none,25162000000.0,SEK,,
Sweden,1992,Grant to the Stockholm International Water Institute,science_agency,ok,,,,,,none,25000000000.0,SEK,,
Sweden,2018,Foundation for Water and Air Quality Research,science_agency,ok,,,,,,none,25000000000.0,SEK,,
Sweden,2023,Membership Fee to the Joint Undertaking for a European High-Performance Computing System (Euro-HPC),innovation_instruments,ok,,,,,,none,25000000000.0,SEK,,
Sweden,2003,Funding for National Metrology,science_agency,ok,,,,,,none,24647000000.0,SEK,,
Sweden,1992,Research for a Waste-Free Society: Environmentally Adapted Product Development,innovation_instruments,ok,,,,,,none,24607000000.0,SEK,,
Sweden,1994,Grant to the Swedish National Road and Transport Research Institute,science_agency,ok,,,,,,none,34189000000.0,SEK,,49356000000.0
Sweden,1995,Grant to the Swedish National Road and Transport Research Institute,science_agency,ok,,,,,,none,49356000000.0,SEK,34189000000.0,
Sweden,1995,Foundation Jönköping University: Research and Doctoral Education,higher_education,ok,,,,,,none,22990000000.0,SEK,,
Sweden,1994,Aeronautical Research Institute,science_agency,ok,,,,,,none,22296000000.0,SEK,,
Sweden,2024,Total Funding for Research and Education at Universities,higher_education,ok,,,,,,none,21600000000.0,SEK,,
Sweden,1995,Universities and Colleges,higher_education,ok,,,,,,none,27349573000.0,SEK,,18288901000.0
Sweden,1997,Universities and Colleges,higher_education,ok,,,,,,none,18288901000.0,SEK,27349573000.0,18330000000.0
Sweden,1998,Universities and Colleges,higher_education,ok,,,,,,none,18330000000.0,SEK,18288901000.0,107800000000.0
Sweden,1999,Universities and Colleges,higher_education,ok,,,,,,none,107800000000.0,SEK,18330000000.0,391293000.0
Sweden,2000,Universities and Colleges,higher_education,missing,,"Year absent from raw_rows, but sweden_docx_results.csv already has extracted rows for this year. The missing agency likely reflects coverage/matching limits in the extracted results rather than an unparsed document.",no,,2000 download.pdf,reextract,,,107800000000.0,391293000.0
Sweden,2001,Universities and Colleges,higher_education,ok,,,,,,none,391293000.0,SEK,107800000000.0,2400000000.0
Sweden,2002,Universities and Colleges,higher_education,missing,,"Year absent from raw_rows, but sweden_docx_results.csv already has extracted rows for this year. The missing agency likely reflects coverage/matching limits in the extracted results rather than an unparsed document.",no,,2002 download.pdf,reextract,,,391293000.0,2400000000.0
Sweden,2003,Universities and Colleges,higher_education,missing,,"Year absent from raw_rows, but sweden_docx_results.csv already has extracted rows for this year. The missing agency likely reflects coverage/matching limits in the extracted results rather than an unparsed document.",no,,2003 prop_200203__1_d1.pdf,reextract,,,391293000.0,2400000000.0
Sweden,2004,Universities and Colleges,higher_education,missing,,"Year absent from raw_rows, but sweden_docx_results.csv already has extracted rows for this year. The missing agency likely reflects coverage/matching limits in the extracted results rather than an unparsed document.",no,,2004 prop_200304__1_d1.pdf,reextract,,,391293000.0,2400000000.0
Sweden,2005,Universities and Colleges,higher_education,missing,,"Year absent from raw_rows, but sweden_docx_results.csv already has extracted rows for this year. The missing agency likely reflects coverage/matching limits in the extracted results rather than an unparsed document.",no,,2005 prop_200405__1_d1.pdf,reextract,,,391293000.0,2400000000.0
Sweden,2007,Universities and Colleges,higher_education,missing,,"Year absent from raw_rows, but sweden_docx_results.csv already has extracted rows for this year. The missing agency likely reflects coverage/matching limits in the extracted results rather than an unparsed document.",no,,2007 prop_200607__1_d1.pdf,reextract,,,391293000.0,2400000000.0
Sweden,2009,Universities and Colleges,higher_education,ok,,,,,,none,2400000000.0,SEK,391293000.0,-375000.0
Sweden,2010,Universities and Colleges,higher_education,ok,,,,,,none,-375000.0,SEK,2400000000.0,20000000000.0
Sweden,2011,Universities and Colleges,higher_education,ok,,,,,,none,20000000000.0,SEK,-375000.0,20000000000.0
Sweden,2012,Universities and Colleges,higher_education,missing,,"Year absent from raw_rows, but sweden_docx_results.csv already has extracted rows for this year. The missing agency likely reflects coverage/matching limits in the extracted results rather than an unparsed document.",no,,2012 prop_201112__1_d1.pdf,reextract,,,20000000000.0,20000000000.0
Sweden,2013,Universities and Colleges,higher_education,missing,,"Year absent from raw_rows, but sweden_docx_results.csv already has extracted rows for this year. The missing agency likely reflects coverage/matching limits in the extracted results rather than an unparsed document.",no,,2013 prop_201213__1_d1.pdf,reextract,,,20000000000.0,20000000000.0
Sweden,2014,Universities and Colleges,higher_education,missing,,"Year absent from raw_rows, but sweden_docx_results.csv already has extracted rows for this year. The missing agency likely reflects coverage/matching limits in the extracted results rather than an unparsed document.",no,,2014 prop_201314__1_d1.pdf,reextract,,,20000000000.0,20000000000.0
Sweden,2015,Universities and Colleges,higher_education,missing,,"Year absent from raw_rows, but sweden_docx_results.csv already has extracted rows for this year. The missing agency likely reflects coverage/matching limits in the extracted results rather than an unparsed document.",no,,2015 download.pdf,reextract,,,20000000000.0,20000000000.0
Sweden,2016,Universities and Colleges,higher_education,missing,,"Year absent from raw_rows, but sweden_docx_results.csv already has extracted rows for this year. The missing agency likely reflects coverage/matching limits in the extracted results rather than an unparsed document.",no,,2016 forslag-till-statens-budget-for-2016-finansplan-och-skattefragor-kapitel-1-12-och-bilagor-1-16.pdf,reextract,,,20000000000.0,20000000000.0
Sweden,2017,Universities and Colleges,higher_education,ok,,,,,,none,20000000000.0,SEK,20000000000.0,732248000.0
Sweden,2018,Universities and Colleges,higher_education,ok,,,,,,none,732248000.0,SEK,20000000000.0,872309000000.0
Sweden,2019,Universities and Colleges,higher_education,outlier,,"Amount 872,309,000,000 outside expected range [-157,337,748,000 – 214,988,857,000] (IQR × 3.0) within SEK observations. Possible current/prior year confusion or unit error.",,,,verify,872309000000.0,SEK,732248000.0,73600000000.0
Sweden,2020,Universities and Colleges,higher_education,ok,,,,,,none,73600000000.0,SEK,872309000000.0,2230797000.0
Sweden,2021,Universities and Colleges,higher_education,ok,,,,,,none,2230797000.0,SEK,73600000000.0,78000000000.0
Sweden,2022,Universities and Colleges,higher_education,ok,,,,,,none,78000000000.0,SEK,2230797000.0,1003999000.0
Sweden,2023,Universities and Colleges,higher_education,ok,,,,,,none,1003999000.0,SEK,78000000000.0,53396412000.0
Sweden,2024,Universities and Colleges,higher_education,ok,,,,,,none,53396412000.0,SEK,1003999000.0,55420312000.0
Sweden,2025,Universities and Colleges,higher_education,ok,,,,,,none,55420312000.0,SEK,53396412000.0,
Sweden,1991,Contribution to the Stockholm International Peace Research Institute (SIPRI),science_agency,ok,,,,,,none,20692000000.0,SEK,,
Sweden,2022,Higher Education Institutions' Revenues from State Grants for Research and Education at Doctoral Level,higher_education,ok,,,,,,none,20100000000.0,SEK,,
Sweden,2018,Foundation for Agricultural Research,science_agency,ok,,,,,,none,20000000000.0,SEK,,
Sweden,1993,Contribution to the Swedish Geotechnical Institute,science_agency,ok,,,,,,none,16376000000.0,SEK,,22897000000.0
Sweden,1994,Contribution to the Swedish Geotechnical Institute,science_agency,missing,,"Year absent from raw_rows, but sweden_docx_results.csv already has extracted rows for this year. The missing agency likely reflects coverage/matching limits in the extracted results rather than an unparsed document.",no,,1994 prop_199394__100.pdf,reextract,,,16376000000.0,22897000000.0
Sweden,1995,Contribution to the Swedish Geotechnical Institute,science_agency,ok,,,,,,none,22897000000.0,SEK,16376000000.0,
Sweden,2024,"Climate, Environment and Nature",science_agency,ok,,,,,,none,19307359000.0,SEK,,
Sweden,1991,Polar Research,science_agency,ok,,,,,,none,18996000000.0,SEK,,
Sweden,1993,Bioenergy Research,science_agency,ok,,,,,,none,37102000000.0,SEK,,74697000000.0
Sweden,1994,Bioenergy Research,science_agency,ok,,,,,,none,74697000000.0,SEK,37102000000.0,88900000.0
Sweden,1995,Bioenergy Research,science_agency,ok,,,,,,none,88900000.0,SEK,74697000000.0,
Sweden,1994,Total Budget for Industrial Research and Development,innovation_instruments,ok,,,,,,none,0.0,SEK,,36806000000.0
Sweden,1995,Total Budget for Industrial Research and Development,innovation_instruments,ok,,,,,,none,36806000000.0,SEK,0.0,
Sweden,1991,Research in the School System,higher_education,ok,,,,,,none,27221000000.0,SEK,,24812000000.0
Sweden,1992,Research in the School System,higher_education,ok,,,,,,none,24812000000.0,SEK,27221000000.0,24812000000.0
Sweden,1993,Research in the School System,higher_education,ok,,,,,,none,24812000000.0,SEK,24812000000.0,40430000000.0
Sweden,1994,Research in the School System,higher_education,missing,,"Year absent from raw_rows, but sweden_docx_results.csv already has extracted rows for this year. The missing agency likely reflects coverage/matching limits in the extracted results rather than an unparsed document.",no,,1994 prop_199394__100.pdf,reextract,,,24812000000.0,40430000000.0
Sweden,1995,Research in the School System,higher_education,outlier,,"Amount 40,430,000,000 outside expected range [17,585,000,000 – 34,448,000,000] (IQR × 3.0) within SEK observations. Possible current/prior year confusion or unit error.",,,,verify,40430000000.0,SEK,24812000000.0,7873000.0
Sweden,1997,Research in the School System,higher_education,missing,,"Year absent from raw_rows, but sweden_docx_results.csv already has extracted rows for this year. The missing agency likely reflects coverage/matching limits in the extracted results rather than an unparsed document.",no,,1997_extracted.docx,reextract,,,40430000000.0,7873000.0
Sweden,1998,Research in the School System,higher_education,outlier,,"Amount 7,873,000 outside expected range [17,585,000,000 – 34,448,000,000] (IQR × 3.0) within SEK observations. Possible current/prior year confusion or unit error.",,,,verify,7873000.0,SEK,40430000000.0,
Sweden,1982,National Space Research Activities,direct_rd,ok,,,,,,none,17952000000.0,SEK,,
Sweden,1992,Funding for Research for a Waste-Smart Society: Waste Management,direct_rd,ok,,,,,,none,17199000000.0,SEK,,
Sweden,1982,National Space Research Funding,direct_rd,ok,,,,,,none,16513000000.0,SEK,,
Sweden,1993,Funding for Geotechnical Research,direct_rd,ok,,,,,,none,16376000000.0,SEK,,
Sweden,1991,Research Activities for Arms Control and Disarmament,direct_rd,ok,,,,,,none,16016000000.0,SEK,,15840000000.0
Sweden,1992,Research Activities for Arms Control and Disarmament,direct_rd,missing,,"Year absent from raw_rows, but sweden_docx_results.csv already has extracted rows for this year. The missing agency likely reflects coverage/matching limits in the extracted results rather than an unparsed document.",no,,1992 prop_199192__100.pdf,reextract,,,16016000000.0,15840000000.0
Sweden,1993,Research Activities for Arms Control and Disarmament,direct_rd,ok,,,,,,none,15840000000.0,SEK,16016000000.0,
Sweden,1994,Total Budget for Environmental Research,direct_rd,ok,,,,,,none,0.0,SEK,,36806000000.0
Sweden,1995,Total Budget for Environmental Research,direct_rd,ok,,,,,,none,36806000000.0,SEK,0.0,7661756000.0
Sweden,1997,Total Budget for Environmental Research,direct_rd,missing,,"Year absent from raw_rows, but sweden_docx_results.csv already has extracted rows for this year. The missing agency likely reflects coverage/matching limits in the extracted results rather than an unparsed document.",no,,1997_extracted.docx,reextract,,,36806000000.0,7661756000.0
Sweden,1998,Total Budget for Environmental Research,direct_rd,missing,,"Year absent from raw_rows, but sweden_docx_results.csv already has extracted rows for this year. The missing agency likely reflects coverage/matching limits in the extracted results rather than an unparsed document.",no,,1998 Budgetpropositionen för 1998 .pdf,reextract,,,36806000000.0,7661756000.0
Sweden,1999,Total Budget for Environmental Research,direct_rd,missing,,"Year absent from raw_rows, but sweden_docx_results.csv already has extracted rows for this year. The missing agency likely reflects coverage/matching limits in the extracted results rather than an unparsed document.",no,,1999 download.pdf,reextract,,,36806000000.0,7661756000.0
Sweden,2000,Total Budget for Environmental Research,direct_rd,missing,,"Year absent from raw_rows, but sweden_docx_results.csv already has extracted rows for this year. The missing agency likely reflects coverage/matching limits in the extracted results rather than an unparsed document.",no,,2000 download.pdf,reextract,,,36806000000.0,7661756000.0
Sweden,2001,Total Budget for Environmental Research,direct_rd,missing,,"Year absent from raw_rows, but sweden_docx_results.csv already has extracted rows for this year. The missing agency likely reflects coverage/matching limits in the extracted results rather than an unparsed document.",no,,2001 download.pdf,reextract,,,36806000000.0,7661756000.0
Sweden,2002,Total Budget for Environmental Research,direct_rd,missing,,"Year absent from raw_rows, but sweden_docx_results.csv already has extracted rows for this year. The missing agency likely reflects coverage/matching limits in the extracted results rather than an unparsed document.",no,,2002 download.pdf,reextract,,,36806000000.0,7661756000.0
Sweden,2003,Total Budget for Environmental Research,direct_rd,missing,,"Year absent from raw_rows, but sweden_docx_results.csv already has extracted rows for this year. The missing agency likely reflects coverage/matching limits in the extracted results rather than an unparsed document.",no,,2003 prop_200203__1_d1.pdf,reextract,,,36806000000.0,7661756000.0
Sweden,2004,Total Budget for Environmental Research,direct_rd,missing,,"Year absent from raw_rows, but sweden_docx_results.csv already has extracted rows for this year. The missing agency likely reflects coverage/matching limits in the extracted results rather than an unparsed document.",no,,2004 prop_200304__1_d1.pdf,reextract,,,36806000000.0,7661756000.0
Sweden,2005,Total Budget for Environmental Research,direct_rd,missing,,"Year absent from raw_rows, but sweden_docx_results.csv already has extracted rows for this year. The missing agency likely reflects coverage/matching limits in the extracted results rather than an unparsed document.",no,,2005 prop_200405__1_d1.pdf,reextract,,,36806000000.0,7661756000.0
Sweden,2007,Total Budget for Environmental Research,direct_rd,missing,,"Year absent from raw_rows, but sweden_docx_results.csv already has extracted rows for this year. The missing agency likely reflects coverage/matching limits in the extracted results rather than an unparsed document.",no,,2007 prop_200607__1_d1.pdf,reextract,,,36806000000.0,7661756000.0
Sweden,2009,Total Budget for Environmental Research,direct_rd,missing,,"Year absent from raw_rows, but sweden_docx_results.csv already has extracted rows for this year. The missing agency likely reflects coverage/matching limits in the extracted results rather than an unparsed document.",no,,2009 prop_200809__1_d1.pdf,reextract,,,36806000000.0,7661756000.0
Sweden,2010,Total Budget for Environmental Research,direct_rd,missing,,"Year absent from raw_rows, but sweden_docx_results.csv already has extracted rows for this year. The missing agency likely reflects coverage/matching limits in the extracted results rather than an unparsed document.",no,,2010 prop_200910__1_d1.pdf,reextract,,,36806000000.0,7661756000.0
Sweden,2011,Total Budget for Environmental Research,direct_rd,missing,,"Year absent from raw_rows, but sweden_docx_results.csv already has extracted rows for this year. The missing agency likely reflects coverage/matching limits in the extracted results rather than an unparsed document.",no,,2011 prop_201011__1_d1.pdf,reextract,,,36806000000.0,7661756000.0
Sweden,2012,Total Budget for Environmental Research,direct_rd,missing,,"Year absent from raw_rows, but sweden_docx_results.csv already has extracted rows for this year. The missing agency likely reflects coverage/matching limits in the extracted results rather than an unparsed document.",no,,2012 prop_201112__1_d1.pdf,reextract,,,36806000000.0,7661756000.0
Sweden,2013,Total Budget for Environmental Research,direct_rd,missing,,"Year absent from raw_rows, but sweden_docx_results.csv already has extracted rows for this year. The missing agency likely reflects coverage/matching limits in the extracted results rather than an unparsed document.",no,,2013 prop_201213__1_d1.pdf,reextract,,,36806000000.0,7661756000.0
Sweden,2014,Total Budget for Environmental Research,direct_rd,missing,,"Year absent from raw_rows, but sweden_docx_results.csv already has extracted rows for this year. The missing agency likely reflects coverage/matching limits in the extracted results rather than an unparsed document.",no,,2014 prop_201314__1_d1.pdf,reextract,,,36806000000.0,7661756000.0
Sweden,2015,Total Budget for Environmental Research,direct_rd,missing,,"Year absent from raw_rows, but sweden_docx_results.csv already has extracted rows for this year. The missing agency likely reflects coverage/matching limits in the extracted results rather than an unparsed document.",no,,2015 download.pdf,reextract,,,36806000000.0,7661756000.0
Sweden,2016,Total Budget for Environmental Research,direct_rd,ok,,,,,,none,7661756000.0,SEK,36806000000.0,
Sweden,1991,"Research for a Waste-Smart Society: Waste Management, Appropriation",direct_rd,ok,,,,,,none,4000000000.0,SEK,,25000000000.0
Sweden,1992,"Research for a Waste-Smart Society: Waste Management, Appropriation",direct_rd,ok,,,,,,none,25000000000.0,SEK,4000000000.0,
Sweden,2020,Development Work in Education and Research Areas,higher_education,ok,,,,,,none,35143000.0,SEK,,52143000.0
Sweden,2021,Development Work in Education and Research Areas,higher_education,ok,,,,,,none,52143000.0,SEK,35143000.0,58043000.0
Sweden,2022,Development Work in Education and Research Areas,higher_education,ok,,,,,,none,58043000.0,SEK,52143000.0,32643000000.0
Sweden,2023,Development Work in Education and Research Areas,higher_education,ok,,,,,,none,32643000000.0,SEK,58043000.0,23373000.0
Sweden,2024,Development Work in Education and Research Areas,higher_education,ok,,,,,,none,23373000.0,SEK,32643000000.0,24943000000.0
Sweden,2025,Development Work in Education and Research Areas,higher_education,ok,,,,,,none,24943000000.0,SEK,23373000.0,
Sweden,2020,1:14 Competition Research - Received/Proposed Authorization,direct_rd,ok,,,,,,none,12000000000.0,SEK,,
Sweden,1991,Research and Development Efforts in the Cultural Sector,direct_rd,ok,,,,,,none,21654000000.0,SEK,,30855000.0
Sweden,1992,Research and Development Efforts in the Cultural Sector,direct_rd,missing,,"Year absent from raw_rows, but sweden_docx_results.csv already has extracted rows for this year. The missing agency likely reflects coverage/matching limits in the extracted results rather than an unparsed document.",no,,1992 prop_199192__100.pdf,reextract,,,21654000000.0,30855000.0
Sweden,1993,Research and Development Efforts in the Cultural Sector,direct_rd,ok,,,,,,none,30855000.0,SEK,21654000000.0,36806000000.0
Sweden,1994,Research and Development Efforts in the Cultural Sector,direct_rd,ok,,,,,,none,36806000000.0,SEK,30855000.0,39481000.0
Sweden,1995,Research and Development Efforts in the Cultural Sector,direct_rd,missing,,"Year absent from raw_rows, but sweden_docx_results.csv already has extracted rows for this year. The missing agency likely reflects coverage/matching limits in the extracted results rather than an unparsed document.",no,,1995 prop_199495__100.pdf,reextract,,,36806000000.0,39481000.0
Sweden,1997,Research and Development Efforts in the Cultural Sector,direct_rd,missing,,"Year absent from raw_rows, but sweden_docx_results.csv already has extracted rows for this year. The missing agency likely reflects coverage/matching limits in the extracted results rather than an unparsed document.",no,,1997_extracted.docx,reextract,,,36806000000.0,39481000.0
Sweden,1998,Research and Development Efforts in the Cultural Sector,direct_rd,missing,,"Year absent from raw_rows, but sweden_docx_results.csv already has extracted rows for this year. The missing agency likely reflects coverage/matching limits in the extracted results rather than an unparsed document.",no,,1998 Budgetpropositionen för 1998 .pdf,reextract,,,36806000000.0,39481000.0
Sweden,1999,Research and Development Efforts in the Cultural Sector,direct_rd,missing,,"Year absent from raw_rows, but sweden_docx_results.csv already has extracted rows for this year. The missing agency likely reflects coverage/matching limits in the extracted results rather than an unparsed document.",no,,1999 download.pdf,reextract,,,36806000000.0,39481000.0
Sweden,2000,Research and Development Efforts in the Cultural Sector,direct_rd,missing,,"Year absent from raw_rows, but sweden_docx_results.csv already has extracted rows for this year. The missing agency likely reflects coverage/matching limits in the extracted results rather than an unparsed document.",no,,2000 download.pdf,reextract,,,36806000000.0,39481000.0
Sweden,2001,Research and Development Efforts in the Cultural Sector,direct_rd,missing,,"Year absent from raw_rows, but sweden_docx_results.csv already has extracted rows for this year. The missing agency likely reflects coverage/matching limits in the extracted results rather than an unparsed document.",no,,2001 download.pdf,reextract,,,36806000000.0,39481000.0
Sweden,2002,Research and Development Efforts in the Cultural Sector,direct_rd,missing,,"Year absent from raw_rows, but sweden_docx_results.csv already has extracted rows for this year. The missing agency likely reflects coverage/matching limits in the extracted results rather than an unparsed document.",no,,2002 download.pdf,reextract,,,36806000000.0,39481000.0
Sweden,2003,Research and Development Efforts in the Cultural Sector,direct_rd,missing,,"Year absent from raw_rows, but sweden_docx_results.csv already has extracted rows for this year. The missing agency likely reflects coverage/matching limits in the extracted results rather than an unparsed document.",no,,2003 prop_200203__1_d1.pdf,reextract,,,36806000000.0,39481000.0
Sweden,2004,Research and Development Efforts in the Cultural Sector,direct_rd,missing,,"Year absent from raw_rows, but sweden_docx_results.csv already has extracted rows for this year. The missing agency likely reflects coverage/matching limits in the extracted results rather than an unparsed document.",no,,2004 prop_200304__1_d1.pdf,reextract,,,36806000000.0,39481000.0
Sweden,2005,Research and Development Efforts in the Cultural Sector,direct_rd,missing,,"Year absent from raw_rows, but sweden_docx_results.csv already has extracted rows for this year. The missing agency likely reflects coverage/matching limits in the extracted results rather than an unparsed document.",no,,2005 prop_200405__1_d1.pdf,reextract,,,36806000000.0,39481000.0
Sweden,2007,Research and Development Efforts in the Cultural Sector,direct_rd,missing,,"Year absent from raw_rows, but sweden_docx_results.csv already has extracted rows for this year. The missing agency likely reflects coverage/matching limits in the extracted results rather than an unparsed document.",no,,2007 prop_200607__1_d1.pdf,reextract,,,36806000000.0,39481000.0
Sweden,2009,Research and Development Efforts in the Cultural Sector,direct_rd,missing,,"Year absent from raw_rows, but sweden_docx_results.csv already has extracted rows for this year. The missing agency likely reflects coverage/matching limits in the extracted results rather than an unparsed document.",no,,2009 prop_200809__1_d1.pdf,reextract,,,36806000000.0,39481000.0
Sweden,2010,Research and Development Efforts in the Cultural Sector,direct_rd,missing,,"Year absent from raw_rows, but sweden_docx_results.csv already has extracted rows for this year. The missing agency likely reflects coverage/matching limits in the extracted results rather than an unparsed document.",no,,2010 prop_200910__1_d1.pdf,reextract,,,36806000000.0,39481000.0
Sweden,2011,Research and Development Efforts in the Cultural Sector,direct_rd,missing,,"Year absent from raw_rows, but sweden_docx_results.csv already has extracted rows for this year. The missing agency likely reflects coverage/matching limits in the extracted results rather than an unparsed document.",no,,2011 prop_201011__1_d1.pdf,reextract,,,36806000000.0,39481000.0
Sweden,2012,Research and Development Efforts in the Cultural Sector,direct_rd,missing,,"Year absent from raw_rows, but sweden_docx_results.csv already has extracted rows for this year. The missing agency likely reflects coverage/matching limits in the extracted results rather than an unparsed document.",no,,2012 prop_201112__1_d1.pdf,reextract,,,36806000000.0,39481000.0
Sweden,2013,Research and Development Efforts in the Cultural Sector,direct_rd,missing,,"Year absent from raw_rows, but sweden_docx_results.csv already has extracted rows for this year. The missing agency likely reflects coverage/matching limits in the extracted results rather than an unparsed document.",no,,2013 prop_201213__1_d1.pdf,reextract,,,36806000000.0,39481000.0
Sweden,2014,Research and Development Efforts in the Cultural Sector,direct_rd,missing,,"Year absent from raw_rows, but sweden_docx_results.csv already has extracted rows for this year. The missing agency likely reflects coverage/matching limits in the extracted results rather than an unparsed document.",no,,2014 prop_201314__1_d1.pdf,reextract,,,36806000000.0,39481000.0
Sweden,2015,Research and Development Efforts in the Cultural Sector,direct_rd,missing,,"Year absent from raw_rows, but sweden_docx_results.csv already has extracted rows for this year. The missing agency likely reflects coverage/matching limits in the extracted results rather than an unparsed document.",no,,2015 download.pdf,reextract,,,36806000000.0,39481000.0
Sweden,2016,Research and Development Efforts in the Cultural Sector,direct_rd,missing,,"Year absent from raw_rows, but sweden_docx_results.csv already has extracted rows for this year. The missing agency likely reflects coverage/matching limits in the extracted results rather than an unparsed document.",no,,2016 forslag-till-statens-budget-for-2016-finansplan-och-skattefragor-kapitel-1-12-och-bilagor-1-16.pdf,reextract,,,36806000000.0,39481000.0
Sweden,2017,Research and Development Efforts in the Cultural Sector,direct_rd,ok,,,,,,none,39481000.0,SEK,36806000000.0,45153000.0
Sweden,2018,Research and Development Efforts in the Cultural Sector,direct_rd,ok,,,,,,none,45153000.0,SEK,39481000.0,39500000.0
Sweden,2019,Research and Development Efforts in the Cultural Sector,direct_rd,ok,,,,,,none,39500000.0,SEK,45153000.0,45153000.0
Sweden,2020,Research and Development Efforts in the Cultural Sector,direct_rd,ok,,,,,,none,45153000.0,SEK,39500000.0,
Sweden,1992,Support for Experimental Construction,direct_rd,ok,,,,,,none,21000000000.0,SEK,,10000000000.0
Sweden,1993,Support for Experimental Construction,direct_rd,ok,,,,,,none,10000000000.0,SEK,21000000000.0,
Sweden,2020,Competitive Research - New Commitments,direct_rd,ok,,,,,,none,10154000000.0,SEK,,
Sweden,1991,Funding for Research and Development in Sports,direct_rd,ok,,,,,,none,10100000000.0,SEK,,
Sweden,1991,"Support for Research and Development in Sports, etc.",direct_rd,ok,,,,,,none,10100000000.0,SEK,,
Sweden,1998,Development of Natural Sciences and Technology,direct_rd,ok,,,,,,none,1637000.0,SEK,,20000000000.0
Sweden,1999,Development of Natural Sciences and Technology,direct_rd,ok,,,,,,none,20000000000.0,SEK,1637000.0,
Sweden,2017,"Increase in Funding for Research on Welfare Quality, Organization, and Processes",direct_rd,ok,,,,,,none,10000000000.0,SEK,,
Sweden,2020,Funding for Research and Education at Doctoral Level,higher_education,ok,,,,,,none,17441000.0,SEK,,19538000000.0
Sweden,2021,Funding for Research and Education at Doctoral Level,higher_education,missing,,"Year absent from raw_rows, but sweden_docx_results.csv already has extracted rows for this year. The missing agency likely reflects coverage/matching limits in the extracted results rather than an unparsed document.",no,,2021 hela-bp21-som-pdf.pdf,reextract,,,17441000.0,19538000000.0
Sweden,2022,Funding for Research and Education at Doctoral Level,higher_education,missing,,"Year absent from raw_rows, but sweden_docx_results.csv already has extracted rows for this year. The missing agency likely reflects coverage/matching limits in the extracted results rather than an unparsed document.",no,,2022 budgetpropositionen-for-2022hela-dokumentet-prop.2021221.pdf,reextract,,,17441000.0,19538000000.0
Sweden,2023,Funding for Research and Education at Doctoral Level,higher_education,ok,,,,,,none,19538000000.0,SEK,17441000.0,
Sweden,1987,National Space Activities,direct_rd,ok,,,,,,none,3216000.0,SEK,,3710000.0
Sweden,1988,National Space Activities,direct_rd,ok,,,,,,none,3710000.0,SEK,3216000.0,82963000.0
Sweden,1989,National Space Activities,direct_rd,ok,,,,,,none,82963000.0,SEK,3710000.0,37813000.0
Sweden,1990,National Space Activities,direct_rd,ok,,,,,,none,37813000.0,SEK,82963000.0,56742000000.0
Sweden,1991,National Space Activities,direct_rd,ok,,,,,,none,56742000000.0,SEK,37813000.0,58287000000.0
Sweden,1992,National Space Activities,direct_rd,ok,,,,,,none,58287000000.0,SEK,56742000000.0,58287000.0
Sweden,1993,National Space Activities,direct_rd,ok,,,,,,none,58287000.0,SEK,58287000000.0,
Sweden,1998,Total Grant for Continuing Education and University Research,higher_education,ok,,,,,,none,9267000000.0,SEK,,
Sweden,1990,Contribution to the Foundation for Sweden's Technical-Scientific Attaché Activities,innovation_instruments,ok,,,,,,none,27995000.0,SEK,,67200000000.0
Sweden,1991,Contribution to the Foundation for Sweden's Technical-Scientific Attaché Activities,innovation_instruments,outlier,,"Amount 67,200,000,000 outside expected range [21,840,000 – 42,350,000] (IQR × 3.0) within SEK observations. Possible current/prior year confusion or unit error.",,,,verify,67200000000.0,SEK,27995000.0,30630000.0
Sweden,1992,Contribution to the Foundation for Sweden's Technical-Scientific Attaché Activities,innovation_instruments,missing,,"Year absent from raw_rows, but sweden_docx_results.csv already has extracted rows for this year. The missing agency likely reflects coverage/matching limits in the extracted results rather than an unparsed document.",no,,1992 prop_199192__100.pdf,reextract,,,67200000000.0,30630000.0
Sweden,1993,Contribution to the Foundation for Sweden's Technical-Scientific Attaché Activities,innovation_instruments,ok,,,,,,none,30630000.0,SEK,67200000000.0,33560000.0
Sweden,1994,Contribution to the Foundation for Sweden's Technical-Scientific Attaché Activities,innovation_instruments,ok,,,,,,none,33560000.0,SEK,30630000.0,32533000.0
Sweden,1995,Contribution to the Foundation for Sweden's Technical-Scientific Attaché Activities,innovation_instruments,missing,,"Year absent from raw_rows, but sweden_docx_results.csv already has extracted rows for this year. The missing agency likely reflects coverage/matching limits in the extracted results rather than an unparsed document.",no,,1995 prop_199495__100.pdf,reextract,,,33560000.0,32533000.0
Sweden,1997,Contribution to the Foundation for Sweden's Technical-Scientific Attaché Activities,innovation_instruments,ok,,,,,,none,32533000.0,SEK,33560000.0,
Sweden,2018,Foundation for Agricultural and Environmental Technology (JTI),science_agency,ok,,,,,,none,8500000000.0,SEK,,
Sweden,2018,Research and Research Information for 2018,direct_rd,ok,,,,,,none,6007846000.0,SEK,,
Sweden,2011,Grants for Commercialization of Knowledge and Innovation,innovation_instruments,ok,,,,,,none,6000000000.0,SEK,,
Sweden,2016,Total Budget for Business-Related Research,direct_rd,ok,,,,,,none,5998273000.0,SEK,,
Sweden,2019,European Spallation Source (ESS),science_agency,ok,,,,,,none,5800000000.0,SEK,,
Sweden,1994,Social Science Research Council: Administration,science_agency,ok,,,,,,none,5651000000.0,SEK,,
Sweden,1995,Support for Research at the Swedish Museum of Natural History,direct_rd,ok,,,,,,none,5365000000.0,SEK,,
Sweden,1994,Swedish Museum of Natural History Funding,direct_rd,ok,,,,,,none,5250000000.0,SEK,,
Sweden,1994,Support for Technology Development Regarding Wind Power,innovation_instruments,ok,,,,,,none,5000000000.0,SEK,,
Sweden,1985,Humanities and Social Science Research,direct_rd,ok,,,,,,none,5000000000.0,SEK,,
Sweden,2016,Total budget for research and research information,direct_rd,ok,,,,,,none,5766449000.0,SEK,,5844916000.0
Sweden,2017,Total budget for research and research information,direct_rd,ok,,,,,,none,5844916000.0,SEK,5766449000.0,6007846000.0
Sweden,2018,Total budget for research and research information,direct_rd,missing,,"Year absent from raw_rows, but sweden_docx_results.csv already has extracted rows for this year. The missing agency likely reflects coverage/matching limits in the extracted results rather than an unparsed document.",no,,2018 budgetpropositionen-for-2018-hela-dokumentet-prop.-2017181.pdf,reextract,,,5844916000.0,6007846000.0
Sweden,2019,Total budget for research and research information,direct_rd,ok,,,,,,none,6007846000.0,SEK,5844916000.0,6995846000.0
Sweden,2020,Total budget for research and research information,direct_rd,missing,,"Year absent from raw_rows, but sweden_docx_results.csv already has extracted rows for this year. The missing agency likely reflects coverage/matching limits in the extracted results rather than an unparsed document.",no,,2020 budgetpropositionen-for-2020-hela-dokumentet-prop.-2019201.pdf,reextract,,,6007846000.0,6995846000.0
Sweden,2021,Total budget for research and research information,direct_rd,ok,,,,,,none,6995846000.0,SEK,6007846000.0,7028846000.0
Sweden,2022,Total budget for research and research information,direct_rd,ok,,,,,,none,7028846000.0,SEK,6995846000.0,
Sweden,2018,Contribution to the Foundation Red Cross Home for Research and Education at Doctoral Level,higher_education,ok,,,,,,none,4563000000.0,SEK,,
Sweden,2017,"Strengthening Research, Technical Development and Innovation",direct_rd,ok,,,,,,none,4500000000.0,SEK,,
Sweden,2025,Expenses for State Grants to Individual Educational Providers for Research and Education at Doctoral Level,higher_education,ok,,,,,,none,4210776000.0,SEK,,
Sweden,1992,Funds for Research and Doctoral Education under Faculty Allocations Distributed to Higher Education Units,higher_education,ok,,,,,,none,3998000000.0,SEK,,
Sweden,1992,Additional Funds Requested for Research and Development Projects,direct_rd,ok,,,,,,none,3974000000.0,SEK,,
Sweden,1992,Örebro University,higher_education,ok,,,,,,none,3764000000.0,SEK,,7828000000.0
Sweden,1993,Örebro University,higher_education,missing,,"Year absent from raw_rows, but sweden_docx_results.csv already has extracted rows for this year. The missing agency likely reflects coverage/matching limits in the extracted results rather than an unparsed document.",no,,1993 prop_199293__100 (2).pdf,reextract,,,3764000000.0,7828000000.0
Sweden,1994,Örebro University,higher_education,ok,,,,,,none,7828000000.0,SEK,3764000000.0,40725000.0
Sweden,1995,Örebro University,higher_education,missing,,"Year absent from raw_rows, but sweden_docx_results.csv already has extracted rows for this year. The missing agency likely reflects coverage/matching limits in the extracted results rather than an unparsed document.",no,,1995 prop_199495__100.pdf,reextract,,,7828000000.0,40725000.0
Sweden,1997,Örebro University,higher_education,missing,,"Year absent from raw_rows, but sweden_docx_results.csv already has extracted rows for this year. The missing agency likely reflects coverage/matching limits in the extracted results rather than an unparsed document.",no,,1997_extracted.docx,reextract,,,7828000000.0,40725000.0
Sweden,1998,Örebro University,higher_education,ok,,,,,,none,40725000.0,SEK,7828000000.0,
Sweden,2020,Grant for Research and Research Information,direct_rd,ok,,,,,,none,154035000.0,SEK,,7028846000.0
Sweden,2021,Grant for Research and Research Information,direct_rd,missing,,"Year absent from raw_rows, but sweden_docx_results.csv already has extracted rows for this year. The missing agency likely reflects coverage/matching limits in the extracted results rather than an unparsed document.",no,,2021 hela-bp21-som-pdf.pdf,reextract,,,154035000.0,7028846000.0
Sweden,2022,Grant for Research and Research Information,direct_rd,ok,,,,,,none,7028846000.0,SEK,154035000.0,
Sweden,2023,Total Budget for Research and Development,direct_rd,ok,,,,,,none,3439755000.0,SEK,,
Sweden,2018,Grant for Research and Education at Doctoral Level,direct_rd,ok,,,,,,none,3344601000.0,SEK,,
Sweden,2024,Membership Fee to European Solar Telescope (EST-ERIC),direct_rd,ok,,,,,,none,600000000.0,SEK,,6000000000.0
Sweden,2025,Membership Fee to European Solar Telescope (EST-ERIC),direct_rd,ok,,,,,,none,6000000000.0,SEK,600000000.0,
Sweden,1994,University of Borås,higher_education,ok,,,,,,none,3231000000.0,SEK,,
Sweden,1994,Mälardalen University,higher_education,ok,,,,,,none,3230000000.0,SEK,,
Sweden,1994,University of Gävle,higher_education,ok,,,,,,none,3197000000.0,SEK,,
Sweden,1994,University of Falun/Borlänge,higher_education,ok,,,,,,none,3155000000.0,SEK,,
Sweden,1992,Funds for Research Councils etc.,direct_rd,ok,,,,,,none,3045000000.0,SEK,,
Sweden,2025,Funding for Clinical Education and Research,direct_rd,ok,,,,,,none,2983963000.0,SEK,,
Sweden,2020,Grants for Needs-Driven Research and Development Activities,direct_rd,ok,,,,,,none,2953255000.0,SEK,,
Sweden,2018,Grants for Expenditures for Needs-Driven Research and Development Activities,direct_rd,ok,,,,,,none,2915255000.0,SEK,,
Sweden,2017,Support for Transition to a Low-Carbon Economy,innovation_instruments,ok,,,,,,none,2900000000.0,SEK,,
Sweden,2021,Total Budget for Clinical Education and Research,direct_rd,ok,,,,,,none,2733676000.0,SEK,,
Sweden,1994,National and International Research Resources,direct_rd,ok,,,,,,none,2609115000.0,SEK,,
Sweden,1992,Bilateral Research Cooperation Swedish Institute,direct_rd,ok,,,,,,none,2500000000.0,SEK,,
Sweden,2024,1:3 Energy Research,direct_rd,ok,,,,,,none,1447723000.0,SEK,,1647723000.0
Sweden,2025,1:3 Energy Research,direct_rd,ok,,,,,,none,1647723000.0,SEK,1447723000.0,
Sweden,2013,Research and University Research,direct_rd,ok,,,,,,none,2240000000.0,SEK,,
Sweden,2018,Grant to Sophiahemmet for Research and Education at Doctoral Level,direct_rd,ok,,,,,,none,2234000000.0,SEK,,
Sweden,1991,"Geoscientific Research, reservation grants",direct_rd,ok,,,,,,none,4000000000.0,SEK,,4880000.0
Sweden,1992,"Geoscientific Research, reservation grants",direct_rd,missing,,"Year absent from raw_rows, but sweden_docx_results.csv already has extracted rows for this year. The missing agency likely reflects coverage/matching limits in the extracted results rather than an unparsed document.",no,,1992 prop_199192__100.pdf,reextract,,,4000000000.0,4880000.0
Sweden,1993,"Geoscientific Research, reservation grants",direct_rd,missing,,"Year absent from raw_rows, but sweden_docx_results.csv already has extracted rows for this year. The missing agency likely reflects coverage/matching limits in the extracted results rather than an unparsed document.",no,,1993 prop_199293__100 (2).pdf,reextract,,,4000000000.0,4880000.0
Sweden,1994,"Geoscientific Research, reservation grants",direct_rd,ok,,,,,,none,4880000.0,SEK,4000000000.0,
Sweden,2025,Membership fee to European Plate Observing System (EPOS-ERIC),innovation_instruments,ok,,,,,,none,2000000000.0,SEK,,
Sweden,2021,Membership fee to EU-OPENSCREEN-ERIC,innovation_instruments,ok,,,,,,none,2000000000.0,SEK,,
Sweden,1992,Support for doctoral education of university teachers without a doctorate,direct_rd,ok,,,,,,none,1887000000.0,SEK,,
Sweden,2025,Proposed budget for Gothenburg University for research and education at doctoral level,direct_rd,ok,,,,,,none,1882329000.0,SEK,,
Sweden,2017,Grants for higher education and research,direct_rd,ok,,,,,,none,1820493000.0,SEK,,
Sweden,2024,Total budget for Gothenburg University: Research and Education at Doctoral Level,direct_rd,ok,,,,,,none,1819634000.0,SEK,,
Sweden,1992,Research Information University of Lund,higher_education,ok,,,,,,none,1800000000.0,SEK,,
Sweden,2017,Grant for Compensation to University for Research and Education at Doctoral Level,higher_education,ok,,,,,,none,2066943000.0,SEK,,2322628000.0
Sweden,2018,Grant for Compensation to University for Research and Education at Doctoral Level,higher_education,missing,,"Year absent from raw_rows, but sweden_docx_results.csv already has extracted rows for this year. The missing agency likely reflects coverage/matching limits in the extracted results rather than an unparsed document.",no,,2018 budgetpropositionen-for-2018-hela-dokumentet-prop.-2017181.pdf,reextract,,,2066943000.0,2322628000.0
Sweden,2019,Grant for Compensation to University for Research and Education at Doctoral Level,higher_education,missing,,"Year absent from raw_rows, but sweden_docx_results.csv already has extracted rows for this year. The missing agency likely reflects coverage/matching limits in the extracted results rather than an unparsed document.",no,,2019 budgetpropositionen-for-2019-hela-dokumentet-prop.-2018191.pdf,reextract,,,2066943000.0,2322628000.0
Sweden,2020,Grant for Compensation to University for Research and Education at Doctoral Level,higher_education,ok,,,,,,none,2322628000.0,SEK,2066943000.0,2349033000.0
Sweden,2021,Grant for Compensation to University for Research and Education at Doctoral Level,higher_education,ok,,,,,,none,2349033000.0,SEK,2322628000.0,2554257000.0
Sweden,2022,Grant for Compensation to University for Research and Education at Doctoral Level,higher_education,missing,,"Year absent from raw_rows, but sweden_docx_results.csv already has extracted rows for this year. The missing agency likely reflects coverage/matching limits in the extracted results rather than an unparsed document.",no,,2022 budgetpropositionen-for-2022hela-dokumentet-prop.2021221.pdf,reextract,,,2349033000.0,2554257000.0
Sweden,2023,Grant for Compensation to University for Research and Education at Doctoral Level,higher_education,missing,,"Year absent from raw_rows, but sweden_docx_results.csv already has extracted rows for this year. The missing agency likely reflects coverage/matching limits in the extracted results rather than an unparsed document.",no,,2023 budgetpropositionen-for-2023-hela-dokumentet-prop.2022231-.pdf,reextract,,,2349033000.0,2554257000.0
Sweden,2024,Grant for Compensation to University for Research and Education at Doctoral Level,higher_education,ok,,,,,,none,2554257000.0,SEK,2349033000.0,1888686000.0
Sweden,2025,Grant for Compensation to University for Research and Education at Doctoral Level,higher_education,ok,,,,,,none,1888686000.0,SEK,2554257000.0,
Sweden,1992,Work Environment Institute - Grant for Research Activities,science_agency,ok,,,,,,none,1710000000.0,SEK,,
Sweden,2025,"Grant for Research, Development, Demonstration, and Commercialization Efforts in the Energy Sector",direct_rd,ok,,,,,,none,1647723000.0,SEK,,
Sweden,1984,Technical Development Funding,innovation_instruments,ok,,,,,,none,1618451000.0,SEK,,
Sweden,2019,1:4 Energy Research,direct_rd,ok,,,,,,none,1478000.0,SEK,,3300000000.0
Sweden,2020,1:4 Energy Research,direct_rd,missing,,"Year absent from raw_rows, but sweden_docx_results.csv already has extracted rows for this year. The missing agency likely reflects coverage/matching limits in the extracted results rather than an unparsed document.",no,,2020 budgetpropositionen-for-2020-hela-dokumentet-prop.-2019201.pdf,reextract,,,1478000.0,3300000000.0
Sweden,2021,1:4 Energy Research,direct_rd,ok,,,,,,none,3300000000.0,SEK,1478000.0,
Sweden,2018,Grant to Theological University College Stockholm AB for Research and Education at Doctoral Level,higher_education,ok,,,,,,none,1592000000.0,SEK,,
Sweden,1985,Research on the Use of Computer Technology,direct_rd,ok,,,,,,none,1545000000.0,SEK,,
Sweden,2019,Funding for Energy Research,direct_rd,ok,,,,,,none,1477723000.0,SEK,,
Sweden,2017,Total Budget for Energy Research,direct_rd,ok,,,,,,none,1420788000.0,SEK,,
Sweden,2018,Proposed Budget for Doctoral Level Research and Education,higher_education,ok,,,,,,none,2193198000.0,SEK,,1650888000.0
Sweden,2019,Proposed Budget for Doctoral Level Research and Education,higher_education,ok,,,,,,none,1650888000.0,SEK,2193198000.0,109671000.0
Sweden,2020,Proposed Budget for Doctoral Level Research and Education,higher_education,ok,,,,,,none,109671000.0,SEK,1650888000.0,
Sweden,2025,Total Budget for Space Research and Activities,direct_rd,ok,,,,,,none,1345356000.0,SEK,,
Sweden,2024,Support for Research and Development including Industrial Development Projects,direct_rd,ok,,,,,,none,1297356000.0,SEK,,
Sweden,2025,Total Budget for Research and Technology Development,direct_rd,ok,,,,,,none,1251905000.0,SEK,,
Sweden,1992,Grants to Individual Researchers,direct_rd,ok,,,,,,none,1200000000.0,SEK,,
Sweden,2018,Energy Research and Innovation,direct_rd,ok,,,,,,none,1185000000.0,SEK,,
Sweden,2018,Swedish Energy Agency - Research and Innovation in the Energy Sector,science_agency,ok,,,,,,none,1185000000.0,SEK,,
Sweden,2025,Grants for Research in Environmental and Community Building Areas,direct_rd,ok,,,,,,none,1127408000.0,SEK,,
Sweden,2021,Support for Research and Development in Space Activities,direct_rd,ok,,,,,,none,1117356000.0,SEK,,
Sweden,2022,Grant for Research Support in Environmental and Community Building Areas,direct_rd,ok,,,,,,none,1104908000.0,SEK,,
Sweden,2024,Grant 1:4 Research and Technology Development,direct_rd,ok,,,,,,none,1074905000.0,SEK,,
Sweden,1992,University of Karlskrona/Ronneby,higher_education,ok,,,,,,none,1051000000.0,SEK,,2065000000.0
Sweden,1993,University of Karlskrona/Ronneby,higher_education,missing,,"Year absent from raw_rows, but sweden_docx_results.csv already has extracted rows for this year. The missing agency likely reflects coverage/matching limits in the extracted results rather than an unparsed document.",no,,1993 prop_199293__100 (2).pdf,reextract,,,1051000000.0,2065000000.0
Sweden,1994,University of Karlskrona/Ronneby,higher_education,ok,,,,,,none,2065000000.0,SEK,1051000000.0,127406000.0
Sweden,1995,University of Karlskrona/Ronneby,higher_education,missing,,"Year absent from raw_rows, but sweden_docx_results.csv already has extracted rows for this year. The missing agency likely reflects coverage/matching limits in the extracted results rather than an unparsed document.",no,,1995 prop_199495__100.pdf,reextract,,,2065000000.0,127406000.0
Sweden,1997,University of Karlskrona/Ronneby,higher_education,missing,,"Year absent from raw_rows, but sweden_docx_results.csv already has extracted rows for this year. The missing agency likely reflects coverage/matching limits in the extracted results rather than an unparsed document.",no,,1997_extracted.docx,reextract,,,2065000000.0,127406000.0
Sweden,1998,University of Karlskrona/Ronneby,higher_education,ok,,,,,,none,127406000.0,SEK,2065000000.0,
Sweden,2022,Grant for Special Initiatives for Higher Education and Research,higher_education,ok,,,,,,none,950902000.0,SEK,,
Sweden,2022,Total Budget for Research and Education at the Doctoral Level,higher_education,ok,,,,,,none,1843660000.0,SEK,,
Sweden,2022,The Grant may be used to Finance Research and Technological Development,innovation_instruments,ok,,,,,,none,831905000.0,SEK,,
Sweden,2017,1:3 Strategic Competence Funds for Institutes,innovation_instruments,ok,,,,,,none,629962000.0,SEK,,740000000.0
Sweden,2018,1:3 Strategic Competence Funds for Institutes,innovation_instruments,missing,,"Year absent from raw_rows, but sweden_docx_results.csv already has extracted rows for this year. The missing agency likely reflects coverage/matching limits in the extracted results rather than an unparsed document.",no,,2018 budgetpropositionen-for-2018-hela-dokumentet-prop.-2017181.pdf,reextract,,,629962000.0,740000000.0
Sweden,2019,1:3 Strategic Competence Funds for Institutes,innovation_instruments,missing,,"Year absent from raw_rows, but sweden_docx_results.csv already has extracted rows for this year. The missing agency likely reflects coverage/matching limits in the extracted results rather than an unparsed document.",no,,2019 budgetpropositionen-for-2019-hela-dokumentet-prop.-2018191.pdf,reextract,,,629962000.0,740000000.0
Sweden,2020,1:3 Strategic Competence Funds for Institutes,innovation_instruments,ok,,,,,,none,740000000.0,SEK,629962000.0,747000000.0
Sweden,2021,1:3 Strategic Competence Funds for Institutes,innovation_instruments,ok,,,,,,none,747000000.0,SEK,740000000.0,997268000.0
Sweden,2022,1:3 Strategic Competence Funds for Institutes,innovation_instruments,ok,,,,,,none,997268000.0,SEK,747000000.0,834268000.0
Sweden,2023,1:3 Strategic Competence Funds for Institutes,innovation_instruments,ok,,,,,,none,834268000.0,SEK,997268000.0,834268000.0
Sweden,2024,1:3 Strategic Competence Funds for Institutes,innovation_instruments,ok,,,,,,none,834268000.0,SEK,834268000.0,
Sweden,2018,Grant to Newman Institute AB for Research and Education at Doctoral Level,higher_education,ok,,,,,,none,800000000.0,SEK,,
Sweden,1997,Funds Allocated for Technical Research and Development,direct_rd,ok,,,,,,none,783447000.0,SEK,,
Sweden,2017,Funding for Strategic Innovation Areas,innovation_instruments,ok,,,,,,none,760000000.0,SEK,,
Sweden,2020,Appropriation for State Grants for Strategic Competence Funds for Industrial Research Institutes,innovation_instruments,ok,,,,,,none,759268000.0,SEK,,
Sweden,2021,Industrial Leap,innovation_instruments,ok,,,,,,none,749926000.0,SEK,,
Sweden,1986,National Semiconductor Research,direct_rd,ok,,,,,,none,747654000.0,SEK,,
Sweden,2018,Appropriation for Expenditures for State Grants for Strategic Competence Funds for Industrial Research Institutes,innovation_instruments,ok,,,,,,none,740629000.0,SEK,,
Sweden,2022,Increased Appropriations for Research and Education at Doctoral Level,higher_education,ok,,,,,,none,720000000.0,SEK,,
Sweden,2018,Contribution to the Academy for Leadership and Theology for Research and Education at Doctoral Level,higher_education,ok,,,,,,none,720000000.0,SEK,,
Sweden,2022,Grant for Basic and Applied Research in the Agricultural Sector,direct_rd,ok,,,,,,none,713664000.0,SEK,,
Sweden,2017,Total Budget for Research in Environmental and Societal Development,direct_rd,ok,,,,,,none,713003000.0,SEK,,
Sweden,1998,Total Budget for Technical Research and Development,direct_rd,ok,,,,,,none,672953000.0,SEK,,
Sweden,1998,"Technical Research and Development, Framework Grant",direct_rd,ok,,,,,,none,672953000.0,SEK,,
Sweden,2020,Total Budget for Research Activities,direct_rd,ok,,,,,,none,661503000.0,SEK,,
Sweden,2017,Research and Co-Financed Research,direct_rd,ok,,,,,,none,565776000.0,SEK,,598164000.0
Sweden,2018,Research and Co-Financed Research,direct_rd,ok,,,,,,none,598164000.0,SEK,565776000.0,598164000.0
Sweden,2019,Research and Co-Financed Research,direct_rd,ok,,,,,,none,598164000.0,SEK,598164000.0,571164000.0
Sweden,2020,Research and Co-Financed Research,direct_rd,ok,,,,,,none,571164000.0,SEK,598164000.0,695664000.0
Sweden,2021,Research and Co-Financed Research,direct_rd,ok,,,,,,none,695664000.0,SEK,571164000.0,713664000.0
Sweden,2022,Research and Co-Financed Research,direct_rd,ok,,,,,,none,713664000.0,SEK,695664000.0,738664000.0
Sweden,2023,Research and Co-Financed Research,direct_rd,ok,,,,,,none,738664000.0,SEK,713664000.0,738664000.0
Sweden,2024,Research and Co-Financed Research,direct_rd,ok,,,,,,none,738664000.0,SEK,738664000.0,818664000.0
Sweden,2025,Research and Co-Financed Research,direct_rd,ok,,,,,,none,818664000.0,SEK,738664000.0,
Sweden,1985,Research Group at Medical Physics and Ecological Chemistry Institute,direct_rd,ok,,,,,,none,589000000.0,SEK,,
Sweden,2021,Total Budget for Research and Education at Doctoral Level,higher_education,ok,,,,,,none,2349033000.0,SEK,,125467000.0
Sweden,2022,Total Budget for Research and Education at Doctoral Level,higher_education,ok,,,,,,none,125467000.0,SEK,2349033000.0,2451337000.0
Sweden,2023,Total Budget for Research and Education at Doctoral Level,higher_education,missing,,"Year absent from raw_rows, but sweden_docx_results.csv already has extracted rows for this year. The missing agency likely reflects coverage/matching limits in the extracted results rather than an unparsed document.",no,,2023 budgetpropositionen-for-2023-hela-dokumentet-prop.2022231-.pdf,reextract,,,125467000.0,2451337000.0
Sweden,2024,Total Budget for Research and Education at Doctoral Level,higher_education,ok,,,,,,none,2451337000.0,SEK,125467000.0,125498000.0
Sweden,2025,Total Budget for Research and Education at Doctoral Level,higher_education,ok,,,,,,none,125498000.0,SEK,2451337000.0,
Sweden,2025,Total Defence Research Institute Budget,science_agency,ok,,,,,,none,572134000.0,SEK,,
Sweden,2017,Funding for the Swedish Environmental Protection Agency,innovation_instruments,ok,,,,,,none,442248000.0,SEK,,590938000.0
Sweden,2018,Funding for the Swedish Environmental Protection Agency,innovation_instruments,ok,,,,,,none,590938000.0,SEK,442248000.0,625452000.0
Sweden,2019,Funding for the Swedish Environmental Protection Agency,innovation_instruments,ok,,,,,,none,625452000.0,SEK,590938000.0,595611000.0
Sweden,2020,Funding for the Swedish Environmental Protection Agency,innovation_instruments,missing,,"Year absent from raw_rows, but sweden_docx_results.csv already has extracted rows for this year. The missing agency likely reflects coverage/matching limits in the extracted results rather than an unparsed document.",no,,2020 budgetpropositionen-for-2020-hela-dokumentet-prop.-2019201.pdf,reextract,,,625452000.0,595611000.0
Sweden,2021,Funding for the Swedish Environmental Protection Agency,innovation_instruments,ok,,,,,,none,595611000.0,SEK,625452000.0,
Sweden,1998,"Space Activities, Framework Grant",direct_rd,ok,,,,,,none,524013000.0,SEK,,
Sweden,1993,Grants for Research and Development Work,direct_rd,ok,,,,,,none,523000000.0,SEK,,
Sweden,1986,Swedish-Soviet Space Cooperation,direct_rd,ok,,,,,,none,500000000.0,SEK,,
Sweden,2003,Increase for National Metrology,direct_rd,ok,,,,,,none,500000000.0,SEK,,
Sweden,2022,Temporary Research Grants,direct_rd,ok,,,,,,none,500000000.0,SEK,,
Sweden,1991,Research and Development in Natural Sciences,direct_rd,ok,,,,,,none,500000000.0,SEK,,
Sweden,2000,Research and Development of Technology for Future Eco-Friendly Vehicles,direct_rd,ok,,,,,,none,500000000.0,SEK,,
Sweden,1984,Funding for SMP Project,direct_rd,ok,,,,,,none,451000000.0,SEK,,
Sweden,2024,"Compensation for Number of HST, Basic Amount for Research, Compensation Quality in Clinical Research",direct_rd,ok,,,,,,none,690457000.0,SEK,,
Sweden,1993,Development Research through the Board for Development Research (SAREC),direct_rd,ok,,,,,,none,405000000.0,SEK,,
Sweden,2019,Fees to International Research Organizations,innovation_instruments,ok,,,,,,none,360061000.0,SEK,,420061000.0
Sweden,2020,Fees to International Research Organizations,innovation_instruments,missing,,"Year absent from raw_rows, but sweden_docx_results.csv already has extracted rows for this year. The missing agency likely reflects coverage/matching limits in the extracted results rather than an unparsed document.",no,,2020 budgetpropositionen-for-2020-hela-dokumentet-prop.-2019201.pdf,reextract,,,360061000.0,420061000.0
Sweden,2021,Fees to International Research Organizations,innovation_instruments,ok,,,,,,none,420061000.0,SEK,360061000.0,420061000.0
Sweden,2022,Fees to International Research Organizations,innovation_instruments,missing,,"Year absent from raw_rows, but sweden_docx_results.csv already has extracted rows for this year. The missing agency likely reflects coverage/matching limits in the extracted results rather than an unparsed document.",no,,2022 budgetpropositionen-for-2022hela-dokumentet-prop.2021221.pdf,reextract,,,420061000.0,420061000.0
Sweden,2023,Fees to International Research Organizations,innovation_instruments,missing,,"Year absent from raw_rows, but sweden_docx_results.csv already has extracted rows for this year. The missing agency likely reflects coverage/matching limits in the extracted results rather than an unparsed document.",no,,2023 budgetpropositionen-for-2023-hela-dokumentet-prop.2022231-.pdf,reextract,,,420061000.0,420061000.0
Sweden,2024,Fees to International Research Organizations,innovation_instruments,ok,,,,,,none,420061000.0,SEK,420061000.0,
Sweden,2019,Research in Nuclear Safety and Radiation Protection,direct_rd,ok,,,,,,none,397048000.0,SEK,,
Sweden,2020,The Grant Can Be Used for Basic and Applied Research to Develop National Competence,direct_rd,ok,,,,,,none,395666000.0,SEK,,
Sweden,1991,Grant to SAREC for Development Research,direct_rd,ok,,,,,,none,390000000.0,SEK,,
Sweden,1992,Support for Technical Research and Development,direct_rd,ok,,,,,,none,375000000.0,SEK,,
Sweden,2023,Funding for Doctoral Research and Education,higher_education,ok,,,,,,none,439523000.0,SEK,,
Sweden,1980,Collection and Analysis of Airborne Radioactivity,direct_rd,ok,,,,,,none,730000000.0,SEK,,730000000.0
Sweden,1981,Collection and Analysis of Airborne Radioactivity,direct_rd,ok,,,,,,none,730000000.0,SEK,730000000.0,1315000.0
Sweden,1982,Collection and Analysis of Airborne Radioactivity,direct_rd,missing,,"Year absent from raw_rows, but sweden_docx_results.csv already has extracted rows for this year. The missing agency likely reflects coverage/matching limits in the extracted results rather than an unparsed document.",no,,1982 prop_198182__100.pdf,reextract,,,730000000.0,1315000.0
Sweden,1983,Collection and Analysis of Airborne Radioactivity,direct_rd,missing,,"Year absent from raw_rows, but sweden_docx_results.csv already has extracted rows for this year. The missing agency likely reflects coverage/matching limits in the extracted results rather than an unparsed document.",no,,1983 prop_198283__100.pdf,reextract,,,730000000.0,1315000.0
Sweden,1984,Collection and Analysis of Airborne Radioactivity,direct_rd,missing,,"Year absent from raw_rows, but sweden_docx_results.csv already has extracted rows for this year. The missing agency likely reflects coverage/matching limits in the extracted results rather than an unparsed document.",no,,1984 prop_198384__100.pdf,reextract,,,730000000.0,1315000.0
Sweden,1985,Collection and Analysis of Airborne Radioactivity,direct_rd,missing,,"Year absent from raw_rows, but sweden_docx_results.csv already has extracted rows for this year. The missing agency likely reflects coverage/matching limits in the extracted results rather than an unparsed document.",no,,1985 prop_198485__100.pdf,reextract,,,730000000.0,1315000.0
Sweden,1986,Collection and Analysis of Airborne Radioactivity,direct_rd,ok,,,,,,none,1315000.0,SEK,730000000.0,1771000.0
Sweden,1987,Collection and Analysis of Airborne Radioactivity,direct_rd,missing,,"Year absent from raw_rows, but sweden_docx_results.csv already has extracted rows for this year. The missing agency likely reflects coverage/matching limits in the extracted results rather than an unparsed document.",no,,1987 prop_198687__100.pdf,reextract,,,1315000.0,1771000.0
Sweden,1988,Collection and Analysis of Airborne Radioactivity,direct_rd,missing,,"Year absent from raw_rows, but sweden_docx_results.csv already has extracted rows for this year. The missing agency likely reflects coverage/matching limits in the extracted results rather than an unparsed document.",no,,1988 prop_198788__100.pdf,reextract,,,1315000.0,1771000.0
Sweden,1989,Collection and Analysis of Airborne Radioactivity,direct_rd,missing,,"Year absent from raw_rows, but sweden_docx_results.csv already has extracted rows for this year. The missing agency likely reflects coverage/matching limits in the extracted results rather than an unparsed document.",no,,1989 prop_198889__100.pdf,reextract,,,1315000.0,1771000.0
Sweden,1990,Collection and Analysis of Airborne Radioactivity,direct_rd,missing,,"Year absent from raw_rows, but sweden_docx_results.csv already has extracted rows for this year. The missing agency likely reflects coverage/matching limits in the extracted results rather than an unparsed document.",no,,1990 prop_198990__100.pdf,reextract,,,1315000.0,1771000.0
Sweden,1991,Collection and Analysis of Airborne Radioactivity,direct_rd,ok,,,,,,none,1771000.0,SEK,1315000.0,
Sweden,1992,Research and Development within EEA Program,direct_rd,ok,,,,,,none,360000000.0,SEK,,
Sweden,2017,Grants for Business Development and Innovation,innovation_instruments,ok,,,,,,none,309461000.0,SEK,,309472000.0
Sweden,2018,Grants for Business Development and Innovation,innovation_instruments,ok,,,,,,none,309472000.0,SEK,309461000.0,309472000.0
Sweden,2019,Grants for Business Development and Innovation,innovation_instruments,ok,,,,,,none,309472000.0,SEK,309472000.0,269472000.0
Sweden,2020,Grants for Business Development and Innovation,innovation_instruments,missing,,"Year absent from raw_rows, but sweden_docx_results.csv already has extracted rows for this year. The missing agency likely reflects coverage/matching limits in the extracted results rather than an unparsed document.",no,,2020 budgetpropositionen-for-2020-hela-dokumentet-prop.-2019201.pdf,reextract,,,309472000.0,269472000.0
Sweden,2021,Grants for Business Development and Innovation,innovation_instruments,missing,,"Year absent from raw_rows, but sweden_docx_results.csv already has extracted rows for this year. The missing agency likely reflects coverage/matching limits in the extracted results rather than an unparsed document.",no,,2021 hela-bp21-som-pdf.pdf,reextract,,,309472000.0,269472000.0
Sweden,2022,Grants for Business Development and Innovation,innovation_instruments,outlier,,"Amount 269,472,000 outside expected range [309,428,000 – 309,505,000] (IQR × 3.0) within SEK observations. Possible current/prior year confusion or unit error.",,,,verify,269472000.0,SEK,309472000.0,679472000.0
Sweden,2023,Grants for Business Development and Innovation,innovation_instruments,missing,,"Year absent from raw_rows, but sweden_docx_results.csv already has extracted rows for this year. The missing agency likely reflects coverage/matching limits in the extracted results rather than an unparsed document.",no,,2023 budgetpropositionen-for-2023-hela-dokumentet-prop.2022231-.pdf,reextract,,,269472000.0,679472000.0
Sweden,2024,Grants for Business Development and Innovation,innovation_instruments,outlier,,"Amount 679,472,000 outside expected range [309,428,000 – 309,505,000] (IQR × 3.0) within SEK observations. Possible current/prior year confusion or unit error.",,,,verify,679472000.0,SEK,269472000.0,
Sweden,1995,Reservation for Energy Research,direct_rd,ok,,,,,,none,310100000.0,SEK,,
Sweden,1991,Support for Industrial Research,direct_rd,ok,,,,,,none,300000000.0,SEK,,
Sweden,2017,Appropriation for Research and Doctoral Education at Linnaeus University,higher_education,ok,,,,,,none,285800000.0,SEK,,
Sweden,1998,"Växjö University: Research and Doctoral Education, Framework Appropriation",higher_education,ok,,,,,,none,273355000.0,SEK,,
Sweden,2022,Linnaeus University: Research and Doctoral Education,higher_education,ok,,,,,,none,390389000.0,SEK,,395801000.0
Sweden,2023,Linnaeus University: Research and Doctoral Education,higher_education,ok,,,,,,none,395801000.0,SEK,390389000.0,406967000.0
Sweden,2024,Linnaeus University: Research and Doctoral Education,higher_education,ok,,,,,,none,406967000.0,SEK,395801000.0,
Sweden,2021,Reduction of employer contributions for individuals working in research or development,innovation_instruments,ok,,,,,,none,250000000.0,SEK,,
Sweden,2019,Proposed appropriation for Mid Sweden University,higher_education,ok,,,,,,none,247142000.0,SEK,,
Sweden,2019,EU projects at industrial research institutes,direct_rd,ok,,,,,,none,247000000.0,SEK,,
Sweden,1987,Funding for the Tele-X project,direct_rd,ok,,,,,,none,72374000.0,SEK,,77000000.0
Sweden,1988,Funding for the Tele-X project,direct_rd,ok,,,,,,none,77000000.0,SEK,72374000.0,830300000.0
Sweden,1989,Funding for the Tele-X project,direct_rd,ok,,,,,,none,830300000.0,SEK,77000000.0,1000.0
Sweden,1990,Funding for the Tele-X project,direct_rd,ok,,,,,,none,1000.0,SEK,830300000.0,
Sweden,2018,Allocation for Mid Sweden University: Research and doctoral education,higher_education,ok,,,,,,none,244069000.0,SEK,,
Sweden,2019,Proposed appropriation for Malmö University,higher_education,ok,,,,,,none,239799000.0,SEK,,
Sweden,2018,Total budget for the Geological Survey of Sweden,science_agency,ok,,,,,,none,239005000.0,SEK,,
Sweden,2018,Allocation for Malmö University: Research and doctoral education,higher_education,ok,,,,,,none,236817000.0,SEK,,
Sweden,1998,Resources for research at universities,direct_rd,ok,,,,,,none,236000000.0,SEK,,
Sweden,1998,University of Trollhättan/Uddevalla: Research and doctoral education,higher_education,ok,,,,,,none,225300000.0,SEK,,
Sweden,1997,"Forest and Agricultural Research Council: Research and Collective Research, Framework Grant",science_agency,ok,,,,,,none,204850000.0,SEK,,
Sweden,2021,Investment in Swedish Participation in IPCEI Projects,innovation_instruments,ok,,,,,,none,200000000.0,SEK,,
Sweden,1995,Support for Energy-Efficient Demonstration and Pilot Facilities,innovation_instruments,ok,,,,,,none,200000000.0,SEK,,
Sweden,2007,Increase in Funding for Research and Doctoral Education by 200 Million SEK 2007,science_agency,ok,,,,,,none,200000000.0,SEK,,
Sweden,2021,Investment to Accelerate the Transition to a Resource-Efficient and Circular Bioeconomy,innovation_instruments,ok,,,,,,none,200000000.0,SEK,,
Sweden,2017,Funding for the Swedish Geological Survey,science_agency,ok,,,,,,none,197864000.0,SEK,,
Sweden,2019,Proposed Appropriation for Research and Education at Doctoral Level,higher_education,ok,,,,,,none,99249000.0,SEK,,359084000.0
Sweden,2020,Proposed Appropriation for Research and Education at Doctoral Level,higher_education,ok,,,,,,none,359084000.0,SEK,99249000.0,
Sweden,2022,Karlstad University: Research and Education at Doctoral Level,higher_education,ok,,,,,,none,285401000.0,SEK,,289358000.0
Sweden,2023,Karlstad University: Research and Education at Doctoral Level,higher_education,ok,,,,,,none,289358000.0,SEK,285401000.0,297629000.0
Sweden,2024,Karlstad University: Research and Education at Doctoral Level,higher_education,ok,,,,,,none,297629000.0,SEK,289358000.0,
Sweden,1995,European R&D Cooperation,innovation_instruments,ok,,,,,,none,191316000.0,SEK,,
Sweden,1995,Support for Research and Development of New Environmentally Friendly Energy Technology,direct_rd,ok,,,,,,none,189000000.0,SEK,,
Sweden,1998,Kalmar University: Research and Doctoral Education,higher_education,ok,,,,,,none,186991000.0,SEK,,
Sweden,1998,Dalarna University: Research and Doctoral Education,higher_education,ok,,,,,,none,186586000.0,SEK,,
Sweden,1993,Grants for Investments in New Energy Technology,direct_rd,ok,,,,,,none,170000000.0,SEK,,
Sweden,2022,Life Science,direct_rd,ok,,,,,,none,170000000.0,SEK,,
Sweden,1993,Grants to the Forestry and Agricultural Research Council,direct_rd,ok,,,,,,none,169680000.0,SEK,,
Sweden,2017,Increased Investment in Strategic Innovation Areas,innovation_instruments,ok,,,,,,none,155000000.0,SEK,,
Sweden,2017,Innovative and Needs-Driven R&D,direct_rd,ok,,,,,,none,150000000.0,SEK,,
Sweden,2025,Research and Innovation Policy Proposition,innovation_instruments,ok,,,,,,none,595000000.0,SEK,,
Sweden,1998,The Riksbank Jubilee Fund - Research Support,direct_rd,ok,,,,,,none,140000000.0,SEK,,
Sweden,1995,Research and Development in Infectious Disease Control,direct_rd,ok,,,,,,none,132118000.0,SEK,,
Sweden,1994,Strengthening Research Resources,direct_rd,ok,,,,,,none,130000000.0,SEK,,
Sweden,2009,Grant for Energy Research,direct_rd,ok,,,,,,none,145000000.0,SEK,,
Sweden,1993,Total Budget for Industrial Research and Innovation,innovation_instruments,ok,,,,,,none,250000000.0,SEK,,300000000.0
Sweden,1994,Total Budget for Industrial Research and Innovation,innovation_instruments,missing,,"Year absent from raw_rows, but sweden_docx_results.csv already has extracted rows for this year. The missing agency likely reflects coverage/matching limits in the extracted results rather than an unparsed document.",no,,1994 prop_199394__100.pdf,reextract,,,250000000.0,300000000.0
Sweden,1995,Total Budget for Industrial Research and Innovation,innovation_instruments,missing,,"Year absent from raw_rows, but extracted results contain a matching text row for this agency-year in 1995 prop_199495__100.pdf without a defendable numeric total.",no,,1995 prop_199495__100.pdf,reextract,,,250000000.0,300000000.0
Sweden,1997,Total Budget for Industrial Research and Innovation,innovation_instruments,missing,,"Year absent from raw_rows, but sweden_docx_results.csv already has extracted rows for this year. The missing agency likely reflects coverage/matching limits in the extracted results rather than an unparsed document.",no,,1997_extracted.docx,reextract,,,250000000.0,300000000.0
Sweden,1998,Total Budget for Industrial Research and Innovation,innovation_instruments,ok,,,,,,none,300000000.0,SEK,250000000.0,0.0
Sweden,1999,Total Budget for Industrial Research and Innovation,innovation_instruments,missing,,"Year absent from raw_rows, but sweden_docx_results.csv already has extracted rows for this year. The missing agency likely reflects coverage/matching limits in the extracted results rather than an unparsed document.",no,,1999 download.pdf,reextract,,,300000000.0,0.0
Sweden,2000,Total Budget for Industrial Research and Innovation,innovation_instruments,missing,,"Year absent from raw_rows, but sweden_docx_results.csv already has extracted rows for this year. The missing agency likely reflects coverage/matching limits in the extracted results rather than an unparsed document.",no,,2000 download.pdf,reextract,,,300000000.0,0.0
Sweden,2001,Total Budget for Industrial Research and Innovation,innovation_instruments,missing,,"Year absent from raw_rows, but sweden_docx_results.csv already has extracted rows for this year. The missing agency likely reflects coverage/matching limits in the extracted results rather than an unparsed document.",no,,2001 download.pdf,reextract,,,300000000.0,0.0
Sweden,2002,Total Budget for Industrial Research and Innovation,innovation_instruments,missing,,"Year absent from raw_rows, but sweden_docx_results.csv already has extracted rows for this year. The missing agency likely reflects coverage/matching limits in the extracted results rather than an unparsed document.",no,,2002 download.pdf,reextract,,,300000000.0,0.0
Sweden,2003,Total Budget for Industrial Research and Innovation,innovation_instruments,missing,,"Year absent from raw_rows, but sweden_docx_results.csv already has extracted rows for this year. The missing agency likely reflects coverage/matching limits in the extracted results rather than an unparsed document.",no,,2003 prop_200203__1_d1.pdf,reextract,,,300000000.0,0.0
Sweden,2004,Total Budget for Industrial Research and Innovation,innovation_instruments,missing,,"Year absent from raw_rows, but sweden_docx_results.csv already has extracted rows for this year. The missing agency likely reflects coverage/matching limits in the extracted results rather than an unparsed document.",no,,2004 prop_200304__1_d1.pdf,reextract,,,300000000.0,0.0
Sweden,2005,Total Budget for Industrial Research and Innovation,innovation_instruments,missing,,"Year absent from raw_rows, but sweden_docx_results.csv already has extracted rows for this year. The missing agency likely reflects coverage/matching limits in the extracted results rather than an unparsed document.",no,,2005 prop_200405__1_d1.pdf,reextract,,,300000000.0,0.0
Sweden,2007,Total Budget for Industrial Research and Innovation,innovation_instruments,missing,,"Year absent from raw_rows, but sweden_docx_results.csv already has extracted rows for this year. The missing agency likely reflects coverage/matching limits in the extracted results rather than an unparsed document.",no,,2007 prop_200607__1_d1.pdf,reextract,,,300000000.0,0.0
Sweden,2009,Total Budget for Industrial Research and Innovation,innovation_instruments,missing,,"Year absent from raw_rows, but sweden_docx_results.csv already has extracted rows for this year. The missing agency likely reflects coverage/matching limits in the extracted results rather than an unparsed document.",no,,2009 prop_200809__1_d1.pdf,reextract,,,300000000.0,0.0
Sweden,2010,Total Budget for Industrial Research and Innovation,innovation_instruments,missing,,"Year absent from raw_rows, but sweden_docx_results.csv already has extracted rows for this year. The missing agency likely reflects coverage/matching limits in the extracted results rather than an unparsed document.",no,,2010 prop_200910__1_d1.pdf,reextract,,,300000000.0,0.0
Sweden,2011,Total Budget for Industrial Research and Innovation,innovation_instruments,missing,,"Year absent from raw_rows, but sweden_docx_results.csv already has extracted rows for this year. The missing agency likely reflects coverage/matching limits in the extracted results rather than an unparsed document.",no,,2011 prop_201011__1_d1.pdf,reextract,,,300000000.0,0.0
Sweden,2012,Total Budget for Industrial Research and Innovation,innovation_instruments,missing,,"Year absent from raw_rows, but sweden_docx_results.csv already has extracted rows for this year. The missing agency likely reflects coverage/matching limits in the extracted results rather than an unparsed document.",no,,2012 prop_201112__1_d1.pdf,reextract,,,300000000.0,0.0
Sweden,2013,Total Budget for Industrial Research and Innovation,innovation_instruments,missing,,"Year absent from raw_rows, but sweden_docx_results.csv already has extracted rows for this year. The missing agency likely reflects coverage/matching limits in the extracted results rather than an unparsed document.",no,,2013 prop_201213__1_d1.pdf,reextract,,,300000000.0,0.0
Sweden,2014,Total Budget for Industrial Research and Innovation,innovation_instruments,missing,,"Year absent from raw_rows, but sweden_docx_results.csv already has extracted rows for this year. The missing agency likely reflects coverage/matching limits in the extracted results rather than an unparsed document.",no,,2014 prop_201314__1_d1.pdf,reextract,,,300000000.0,0.0
Sweden,2015,Total Budget for Industrial Research and Innovation,innovation_instruments,missing,,"Year absent from raw_rows, but sweden_docx_results.csv already has extracted rows for this year. The missing agency likely reflects coverage/matching limits in the extracted results rather than an unparsed document.",no,,2015 download.pdf,reextract,,,300000000.0,0.0
Sweden,2016,Total Budget for Industrial Research and Innovation,innovation_instruments,missing,,"Year absent from raw_rows, but sweden_docx_results.csv already has extracted rows for this year. The missing agency likely reflects coverage/matching limits in the extracted results rather than an unparsed document.",no,,2016 forslag-till-statens-budget-for-2016-finansplan-och-skattefragor-kapitel-1-12-och-bilagor-1-16.pdf,reextract,,,300000000.0,0.0
Sweden,2017,Total Budget for Industrial Research and Innovation,innovation_instruments,missing,,"Year absent from raw_rows, but sweden_docx_results.csv already has extracted rows for this year. The missing agency likely reflects coverage/matching limits in the extracted results rather than an unparsed document.",no,,2017 download.pdf,reextract,,,300000000.0,0.0
Sweden,2018,Total Budget for Industrial Research and Innovation,innovation_instruments,missing,,"Year absent from raw_rows, but extracted results contain a matching text row for this agency-year in 2018 budgetpropositionen-for-2018-hela-dokumentet-prop.-2017181.pdf without a defendable numeric total.",no,,2018 budgetpropositionen-for-2018-hela-dokumentet-prop.-2017181.pdf,reextract,,,300000000.0,0.0
Sweden,2019,Total Budget for Industrial Research and Innovation,innovation_instruments,missing,,"Year absent from raw_rows, but sweden_docx_results.csv already has extracted rows for this year. The missing agency likely reflects coverage/matching limits in the extracted results rather than an unparsed document.",no,,2019 budgetpropositionen-for-2019-hela-dokumentet-prop.-2018191.pdf,reextract,,,300000000.0,0.0
Sweden,2020,Total Budget for Industrial Research and Innovation,innovation_instruments,missing,,"Year absent from raw_rows, but sweden_docx_results.csv already has extracted rows for this year. The missing agency likely reflects coverage/matching limits in the extracted results rather than an unparsed document.",no,,2020 budgetpropositionen-for-2020-hela-dokumentet-prop.-2019201.pdf,reextract,,,300000000.0,0.0
Sweden,2021,Total Budget for Industrial Research and Innovation,innovation_instruments,ok,,,,,,none,0.0,SEK,300000000.0,583000.0
Sweden,2022,Total Budget for Industrial Research and Innovation,innovation_instruments,missing,,"Year absent from raw_rows, but sweden_docx_results.csv already has extracted rows for this year. The missing agency likely reflects coverage/matching limits in the extracted results rather than an unparsed document.",no,,2022 budgetpropositionen-for-2022hela-dokumentet-prop.2021221.pdf,reextract,,,0.0,583000.0
Sweden,2023,Total Budget for Industrial Research and Innovation,innovation_instruments,missing,,"Year absent from raw_rows, but sweden_docx_results.csv already has extracted rows for this year. The missing agency likely reflects coverage/matching limits in the extracted results rather than an unparsed document.",no,,2023 budgetpropositionen-for-2023-hela-dokumentet-prop.2022231-.pdf,reextract,,,0.0,583000.0
Sweden,2024,Total Budget for Industrial Research and Innovation,innovation_instruments,missing,,"Year absent from raw_rows, but sweden_docx_results.csv already has extracted rows for this year. The missing agency likely reflects coverage/matching limits in the extracted results rather than an unparsed document.",no,,2024 budgetpropositionen-for-2024-hela-dokumentet-prop.2023241.pdf,reextract,,,0.0,583000.0
Sweden,2025,Total Budget for Industrial Research and Innovation,innovation_instruments,ok,,,,,,none,583000.0,SEK,0.0,
Sweden,1985,Longitudinal Research,direct_rd,ok,,,,,,none,125000000.0,SEK,,
Sweden,2017,Ersta Sköndal University College - Research and Education,higher_education,ok,,,,,,none,111146000.0,SEK,,
Sweden,2022,Blekinge Institute of Technology,higher_education,ok,,,,,,none,109825000.0,SEK,,
Sweden,2022,Dalarna University - Research and Education at Doctoral Level,higher_education,ok,,,,,,none,109431000000.0,SEK,,
Sweden,2017,Jönköping University - Research and Education at Doctoral Level,higher_education,ok,,,,,,none,107060000.0,SEK,,
Sweden,2022,Halmstad University - Research and Education at Doctoral Level,higher_education,ok,,,,,,none,103157000.0,SEK,,
Sweden,2020,Authorization for Financial Commitments for Environmental Research,direct_rd,ok,,,,,,none,102000000.0,SEK,,
Sweden,2022,Increased Research Grants,direct_rd,ok,,,,,,none,870000000.0,SEK,,
Sweden,2018,Investment in Research and Development of Biofuels for Aviation,direct_rd,ok,,,,,,none,100000000.0,SEK,,
Sweden,2025,Enhanced Energy Research,direct_rd,ok,,,,,,none,100000000.0,SEK,,
Sweden,2025,Support for pilot and demonstration projects in nuclear power development,innovation_instruments,ok,,,,,,none,100000000.0,SEK,,
Sweden,2019,Total budget for special research expenses,direct_rd,ok,,,,,,none,99995000.0,SEK,,
Sweden,2022,Kristianstad University: Research and doctoral education,higher_education,ok,,,,,,none,99395000.0,SEK,,
Sweden,2010,Distribution of funds from 2010 regarding the research and innovation proposition 2008,innovation_instruments,ok,,,,,,none,99000000.0,SEK,,
Sweden,2024,Government proposes allocation for special research expenses for 2024,direct_rd,ok,,,,,,none,93995000.0,SEK,,
Sweden,2020,"93,825 SEK for environmental research",direct_rd,ok,,,,,,none,93825000.0,SEK,,
Sweden,2022,University West: Research and doctoral education,higher_education,ok,,,,,,none,93697000.0,SEK,,
Sweden,2021,Research at basic and advanced levels,higher_education,ok,,,,,,none,93612000.0,SEK,,
Sweden,2011,Development of innovations and knowledge-intensive entrepreneurship,innovation_instruments,ok,,,,,,none,90000000.0,SEK,,
Sweden,2017,Almi Företagspartner AB - innovation loans,innovation_instruments,ok,,,,,,none,89000000.0,SEK,,
Sweden,2019,Appropriation for planning efforts for wind power,direct_rd,ok,,,,,,none,85000000.0,SEK,,
Sweden,2023,Allocated under appropriation 1:9 Swedish National Road and Transport Research Institute for 2023,direct_rd,ok,,,,,,none,83179000.0,SEK,,
Sweden,1994,Infectious Disease Institute,science_agency,ok,,,,,,none,82764000.0,SEK,,
Sweden,1994,Swedish Radiation Safety Authority,science_agency,ok,,,,,,none,80043000.0,SEK,,
Sweden,2023,"Appropriation for research, investigations and other efforts regarding security policy, disarmament and non-proliferation",direct_rd,ok,,,,,,none,79358000.0,SEK,,
Sweden,2017,Stockholm School of Economics - Research and Education,higher_education,ok,,,,,,none,78605000.0,SEK,,
Sweden,1997,"Grants for standardization, testing, and measurement R&D",direct_rd,ok,,,,,,none,77802000.0,SEK,,
Sweden,1998,Swedish Geological Survey: Environmental safety of oil storage facilities,direct_rd,ok,,,,,,none,77000000.0,SEK,,
Sweden,2022,Digitalization funding,innovation_instruments,ok,,,,,,none,76000000.0,SEK,,
Sweden,2017,Development of advanced testing and demonstration environments,innovation_instruments,ok,,,,,,none,75000000.0,SEK,,
Sweden,1994,Grant to the Energy Technology Fund,innovation_instruments,ok,,,,,,none,72000000.0,SEK,,
Sweden,2025,Funding for special grants in higher education,higher_education,ok,,,,,,none,70980000.0,SEK,,
Sweden,1998,"Grants for standardization, sampling, and measurement R&D",direct_rd,ok,,,,,,none,70589000.0,SEK,,
Sweden,2024,Research initiative for the development of 6G,direct_rd,ok,,,,,,none,70000000.0,SEK,,
Sweden,2017,Swedish Transport Administration Research Institute,science_agency,ok,,,,,,none,48174000.0,SEK,,89741000.0
Sweden,2018,Swedish Transport Administration Research Institute,science_agency,missing,,"Year absent from raw_rows, but sweden_docx_results.csv already has extracted rows for this year. The missing agency likely reflects coverage/matching limits in the extracted results rather than an unparsed document.",no,,2018 budgetpropositionen-for-2018-hela-dokumentet-prop.-2017181.pdf,reextract,,,48174000.0,89741000.0
Sweden,2019,Swedish Transport Administration Research Institute,science_agency,missing,,"Year absent from raw_rows, but sweden_docx_results.csv already has extracted rows for this year. The missing agency likely reflects coverage/matching limits in the extracted results rather than an unparsed document.",no,,2019 budgetpropositionen-for-2019-hela-dokumentet-prop.-2018191.pdf,reextract,,,48174000.0,89741000.0
Sweden,2020,Swedish Transport Administration Research Institute,science_agency,missing,,"Year absent from raw_rows, but sweden_docx_results.csv already has extracted rows for this year. The missing agency likely reflects coverage/matching limits in the extracted results rather than an unparsed document.",no,,2020 budgetpropositionen-for-2020-hela-dokumentet-prop.-2019201.pdf,reextract,,,48174000.0,89741000.0
Sweden,2021,Swedish Transport Administration Research Institute,science_agency,missing,,"Year absent from raw_rows, but sweden_docx_results.csv already has extracted rows for this year. The missing agency likely reflects coverage/matching limits in the extracted results rather than an unparsed document.",no,,2021 hela-bp21-som-pdf.pdf,reextract,,,48174000.0,89741000.0
Sweden,2022,Swedish Transport Administration Research Institute,science_agency,missing,,"Year absent from raw_rows, but sweden_docx_results.csv already has extracted rows for this year. The missing agency likely reflects coverage/matching limits in the extracted results rather than an unparsed document.",no,,2022 budgetpropositionen-for-2022hela-dokumentet-prop.2021221.pdf,reextract,,,48174000.0,89741000.0
Sweden,2023,Swedish Transport Administration Research Institute,science_agency,missing,,"Year absent from raw_rows, but sweden_docx_results.csv already has extracted rows for this year. The missing agency likely reflects coverage/matching limits in the extracted results rather than an unparsed document.",no,,2023 budgetpropositionen-for-2023-hela-dokumentet-prop.2022231-.pdf,reextract,,,48174000.0,89741000.0
Sweden,2024,Swedish Transport Administration Research Institute,science_agency,missing,,"Year absent from raw_rows, but sweden_docx_results.csv already has extracted rows for this year. The missing agency likely reflects coverage/matching limits in the extracted results rather than an unparsed document.",no,,2024 budgetpropositionen-for-2024-hela-dokumentet-prop.2023241.pdf,reextract,,,48174000.0,89741000.0
Sweden,2025,Swedish Transport Administration Research Institute,science_agency,ok,,,,,,none,89741000.0,SEK,48174000.0,
Sweden,2022,University of Skövde: Research and Doctoral Education,higher_education,ok,,,,,,none,66586000.0,SEK,,
Sweden,2019,State Investments in Research,innovation_instruments,ok,,,,,,none,37945000.0,SEK,,119072000.0
Sweden,2020,State Investments in Research,innovation_instruments,ok,,,,,,none,119072000.0,SEK,37945000.0,37726000.0
Sweden,2021,State Investments in Research,innovation_instruments,missing,,"Year absent from raw_rows, but sweden_docx_results.csv already has extracted rows for this year. The missing agency likely reflects coverage/matching limits in the extracted results rather than an unparsed document.",no,,2021 hela-bp21-som-pdf.pdf,reextract,,,119072000.0,37726000.0
Sweden,2022,State Investments in Research,innovation_instruments,ok,,,,,,none,37726000.0,SEK,119072000.0,
Sweden,1975,Medical Research Reserve Grant,direct_rd,ok,,,,,,none,64352000.0,SEK,,
Sweden,2022,Contribution to ESS,innovation_instruments,ok,,,,,,none,100000000.0,SEK,,
Sweden,2011,Commercialization of Research and Development,innovation_instruments,ok,,,,,,none,60000000.0,SEK,,
Sweden,2019,Allocated under appropriation 3:6 Institute of Space Physics for 2019,science_agency,ok,,,,,,none,56188000.0,SEK,,
Sweden,2024,Grant for the Geological Survey of Sweden,science_agency,ok,,,,,,none,55879000.0,SEK,,
Sweden,2019,Total budget for research related to security policy,direct_rd,ok,,,,,,none,54358000.0,SEK,,
Sweden,2018,Grant for the Swedish National Road and Transport Research Institute,science_agency,ok,,,,,,none,53540000.0,SEK,,
Sweden,2017,Support for energy-oriented basic research,direct_rd,ok,,,,,,none,52000000.0,SEK,,
Sweden,2023,Funding Increase for Research and Innovation in Nuclear Power,direct_rd,ok,,,,,,none,50000000.0,SEK,,
Sweden,2024,Research and Innovation in 6G,direct_rd,ok,,,,,,none,50000000.0,SEK,,
Sweden,2021,Fossil-Free Aviation 2045,direct_rd,ok,,,,,,none,50000000.0,SEK,,
Sweden,1994,"Grants for Testing and Measurement R&D, etc.",direct_rd,ok,,,,,,none,48950000.0,SEK,,
Sweden,2017,Grant for Research and Education at Kristianstad University,higher_education,ok,,,,,,none,47000000.0,SEK,,
Sweden,1992,Materials Technology Consortia,innovation_instruments,ok,,,,,,none,45000000.0,SEK,,
Sweden,2017,"Promotion of Collaboration, Knowledge Development, and Knowledge Exchange",innovation_instruments,ok,,,,,,none,89000000.0,SEK,,109000.0
Sweden,2018,"Promotion of Collaboration, Knowledge Development, and Knowledge Exchange",innovation_instruments,ok,,,,,,none,109000.0,SEK,89000000.0,
Sweden,2021,Practice-Near School Research,higher_education,ok,,,,,,none,18543000.0,SEK,,72100000.0
Sweden,2022,Practice-Near School Research,higher_education,missing,,"Year absent from raw_rows, but sweden_docx_results.csv already has extracted rows for this year. The missing agency likely reflects coverage/matching limits in the extracted results rather than an unparsed document.",no,,2022 budgetpropositionen-for-2022hela-dokumentet-prop.2021221.pdf,reextract,,,18543000.0,72100000.0
Sweden,2023,Practice-Near School Research,higher_education,ok,,,,,,none,72100000.0,SEK,18543000.0,36043000.0
Sweden,2024,Practice-Near School Research,higher_education,ok,,,,,,none,36043000.0,SEK,72100000.0,
Sweden,2017,Funding for Financial Market Research,direct_rd,ok,,,,,,none,29916000.0,SEK,,29921000.0
Sweden,2018,Funding for Financial Market Research,direct_rd,missing,,"Year absent from raw_rows, but sweden_docx_results.csv already has extracted rows for this year. The missing agency likely reflects coverage/matching limits in the extracted results rather than an unparsed document.",no,,2018 budgetpropositionen-for-2018-hela-dokumentet-prop.-2017181.pdf,reextract,,,29916000.0,29921000.0
Sweden,2019,Funding for Financial Market Research,direct_rd,ok,,,,,,none,29921000.0,SEK,29916000.0,29921000.0
Sweden,2020,Funding for Financial Market Research,direct_rd,ok,,,,,,none,29921000.0,SEK,29921000.0,59953000.0
Sweden,2021,Funding for Financial Market Research,direct_rd,missing,,"Year absent from raw_rows, but sweden_docx_results.csv already has extracted rows for this year. The missing agency likely reflects coverage/matching limits in the extracted results rather than an unparsed document.",no,,2021 hela-bp21-som-pdf.pdf,reextract,,,29921000.0,59953000.0
Sweden,2022,Funding for Financial Market Research,direct_rd,missing,,"Year absent from raw_rows, but sweden_docx_results.csv already has extracted rows for this year. The missing agency likely reflects coverage/matching limits in the extracted results rather than an unparsed document.",no,,2022 budgetpropositionen-for-2022hela-dokumentet-prop.2021221.pdf,reextract,,,29921000.0,59953000.0
Sweden,2023,Funding for Financial Market Research,direct_rd,ok,,,,,,none,59953000.0,SEK,29921000.0,59353000.0
Sweden,2024,Funding for Financial Market Research,direct_rd,ok,,,,,,none,59353000.0,SEK,59953000.0,
Sweden,2017,Increase of 40 Million SEK in 2017 for Applied Welfare Research,direct_rd,ok,,,,,,none,40000000.0,SEK,,
Sweden,2017,Increase in research funding for 2018 and 2019,direct_rd,ok,,,,,,none,40000000.0,SEK,,
Sweden,2022,Laboratory support for future pandemics,direct_rd,ok,,,,,,none,40000000.0,SEK,,
Sweden,2024,Funding for MAX IV,innovation_instruments,ok,,,,,,none,40000000.0,SEK,,
Sweden,2024,School Research Institute,science_agency,ok,,,,,,none,35699000.0,SEK,,
Sweden,2022,Research on building materials,direct_rd,ok,,,,,,none,35000000.0,SEK,,
Sweden,2017,Development of Conditions for Innovation,innovation_instruments,ok,,,,,,none,66000000.0,SEK,,72000.0
Sweden,2018,Development of Conditions for Innovation,innovation_instruments,ok,,,,,,none,72000.0,SEK,66000000.0,
Sweden,2023,Extension of the National Aeronautical Research Program,direct_rd,ok,,,,,,none,32500000.0,SEK,,
Sweden,2017,Research and Innovation in Business,innovation_instruments,ok,,,,,,none,30000000.0,SEK,,
Sweden,1998,The Vehicle Technology Program,direct_rd,ok,,,,,,none,30000000.0,SEK,,
Sweden,1991,International Research Cooperation,innovation_instruments,ok,,,,,,none,32100000.0,SEK,,18000000.0
Sweden,1992,International Research Cooperation,innovation_instruments,ok,,,,,,none,18000000.0,SEK,32100000.0,
Sweden,1994,Grant for demonstration of new environmental protection technology,innovation_instruments,ok,,,,,,none,25000000.0,SEK,,
Sweden,1993,"Stockholm International Water Institute, reservation grant",science_agency,ok,,,,,,none,25000000.0,SEK,,
Sweden,2021,Investment in metals and minerals from secondary sources,innovation_instruments,ok,,,,,,none,25000000.0,SEK,,
Sweden,1992,Research for a waste-efficient society: Environmentally adapted product development,innovation_instruments,ok,,,,,,none,24607000000.0,SEK,,
Sweden,1994,Nuclear Safety Research - Grant Savings,science_agency,ok,,,,,,none,24600000.0,SEK,,
Sweden,2017,Artistic Research and Education at Doctoral Level,higher_education,ok,,,,,,none,49490000.0,SEK,,50405000.0
Sweden,2018,Artistic Research and Education at Doctoral Level,higher_education,ok,,,,,,none,50405000.0,SEK,49490000.0,51040000.0
Sweden,2019,Artistic Research and Education at Doctoral Level,higher_education,ok,,,,,,none,51040000.0,SEK,50405000.0,52014000.0
Sweden,2020,Artistic Research and Education at Doctoral Level,higher_education,ok,,,,,,none,52014000.0,SEK,51040000.0,52549000.0
Sweden,2021,Artistic Research and Education at Doctoral Level,higher_education,ok,,,,,,none,52549000.0,SEK,52014000.0,55639000.0
Sweden,2022,Artistic Research and Education at Doctoral Level,higher_education,ok,,,,,,none,55639000.0,SEK,52549000.0,56410000.0
Sweden,2023,Artistic Research and Education at Doctoral Level,higher_education,ok,,,,,,none,56410000.0,SEK,55639000.0,
Sweden,2018,Funding for Research and Education at the Swedish Defence University,higher_education,ok,,,,,,none,20776000.0,SEK,,
Sweden,1994,Initiatives for Research and Development in Development Areas,direct_rd,ok,,,,,,none,20000000.0,SEK,,
Sweden,1992,Research and Development on Commission,direct_rd,ok,,,,,,none,19482000.0,SEK,,
Sweden,2019,Funding for SGI's Research and Development,direct_rd,ok,,,,,,none,19000000.0,SEK,,
Sweden,1994,Swedish Forest and Agricultural Research Council: Administrative Costs,direct_rd,ok,,,,,,none,18097000.0,SEK,,
Sweden,1995,Grant to the Stockholm International Environment Institute,science_agency,ok,,,,,,none,18000000.0,SEK,,
Sweden,2019,Disbursed Funds from the Wildlife Research Grant,direct_rd,ok,,,,,,none,18000000.0,SEK,,
Sweden,2021,The Grant can also be used for Research and Development Expenses,innovation_instruments,ok,,,,,,none,17300000.0,SEK,,18659000.0
Sweden,2022,The Grant can also be used for Research and Development Expenses,innovation_instruments,missing,,"Year absent from raw_rows, but sweden_docx_results.csv already has extracted rows for this year. The missing agency likely reflects coverage/matching limits in the extracted results rather than an unparsed document.",no,,2022 budgetpropositionen-for-2022hela-dokumentet-prop.2021221.pdf,reextract,,,17300000.0,18659000.0
Sweden,2023,The Grant can also be used for Research and Development Expenses,innovation_instruments,ok,,,,,,none,18659000.0,SEK,17300000.0,
Sweden,2018,Research Proposal: Distribution of New Research Grants,direct_rd,ok,,,,,,none,16904000.0,SEK,,
Sweden,2017,R&D Activities in Research Centers,direct_rd,ok,,,,,,none,23000000.0,SEK,,27000.0
Sweden,2018,R&D Activities in Research Centers,direct_rd,ok,,,,,,none,27000.0,SEK,23000000.0,23000000.0
Sweden,2019,R&D Activities in Research Centers,direct_rd,missing,,"Year absent from raw_rows, but sweden_docx_results.csv already has extracted rows for this year. The missing agency likely reflects coverage/matching limits in the extracted results rather than an unparsed document.",no,,2019 budgetpropositionen-for-2019-hela-dokumentet-prop.-2018191.pdf,reextract,,,27000.0,23000000.0
Sweden,2020,R&D Activities in Research Centers,direct_rd,ok,,,,,,none,23000000.0,SEK,27000.0,
Sweden,1995,Swedish Institute for Psychosocial Environmental Medicine,science_agency,ok,,,,,,none,15099000.0,SEK,,
Sweden,2017,Research and Innovation on Accessibility Adaptation,innovation_instruments,ok,,,,,,none,15000000.0,SEK,,
Sweden,2024,Strategic Research Initiative on Batteries,direct_rd,ok,,,,,,none,15000000.0,SEK,,
Sweden,2024,Research on 6G,direct_rd,ok,,,,,,none,15000000.0,SEK,,
Sweden,2023,Enhanced Research Grant,innovation_instruments,ok,,,,,,none,15000000.0,SEK,,
Sweden,2017,"Promotion of Eco-friendly Services, Products, and Production Processes in SMEs",innovation_instruments,ok,,,,,,none,28000000.0,SEK,,28000.0
Sweden,2018,"Promotion of Eco-friendly Services, Products, and Production Processes in SMEs",innovation_instruments,ok,,,,,,none,28000.0,SEK,28000000.0,
Sweden,1997,Costs for SGU's Research and Development Activities,direct_rd,ok,,,,,,none,13000000.0,SEK,,
Sweden,2020,Investments in companies directly linked to research and innovation,innovation_instruments,ok,,,,,,none,11000000.0,SEK,,
Sweden,2017,Capital contributions linked to universities,higher_education,ok,,,,,,none,11000000.0,SEK,,
Sweden,2019,Capital contribution to university-linked holding companies,innovation_instruments,ok,,,,,,none,11000000.0,SEK,,
Sweden,2020,Funding for research related to the Competition Authority's area of activity,direct_rd,ok,,,,,,none,10804000.0,SEK,,10804000.0
Sweden,2021,Funding for research related to the Competition Authority's area of activity,direct_rd,missing,,"Year absent from raw_rows, but sweden_docx_results.csv already has extracted rows for this year. The missing agency likely reflects coverage/matching limits in the extracted results rather than an unparsed document.",no,,2021 hela-bp21-som-pdf.pdf,reextract,,,10804000.0,10804000.0
Sweden,2022,Funding for research related to the Competition Authority's area of activity,direct_rd,missing,,"Year absent from raw_rows, but sweden_docx_results.csv already has extracted rows for this year. The missing agency likely reflects coverage/matching limits in the extracted results rather than an unparsed document.",no,,2022 budgetpropositionen-for-2022hela-dokumentet-prop.2021221.pdf,reextract,,,10804000.0,10804000.0
Sweden,2023,Funding for research related to the Competition Authority's area of activity,direct_rd,missing,,"Year absent from raw_rows, but sweden_docx_results.csv already has extracted rows for this year. The missing agency likely reflects coverage/matching limits in the extracted results rather than an unparsed document.",no,,2023 budgetpropositionen-for-2023-hela-dokumentet-prop.2022231-.pdf,reextract,,,10804000.0,10804000.0
Sweden,2024,Funding for research related to the Competition Authority's area of activity,direct_rd,ok,,,,,,none,10804000.0,SEK,10804000.0,
Sweden,2020,Swedish Defence University: Research and doctoral education,science_agency,ok,,,,,,none,21439000.0,SEK,,24275000.0
Sweden,2021,Swedish Defence University: Research and doctoral education,science_agency,missing,,"Year absent from raw_rows, but sweden_docx_results.csv already has extracted rows for this year. The missing agency likely reflects coverage/matching limits in the extracted results rather than an unparsed document.",no,,2021 hela-bp21-som-pdf.pdf,reextract,,,21439000.0,24275000.0
Sweden,2022,Swedish Defence University: Research and doctoral education,science_agency,ok,,,,,,none,24275000.0,SEK,21439000.0,44646000.0
Sweden,2023,Swedish Defence University: Research and doctoral education,science_agency,missing,,"Year absent from raw_rows, but sweden_docx_results.csv already has extracted rows for this year. The missing agency likely reflects coverage/matching limits in the extracted results rather than an unparsed document.",no,,2023 budgetpropositionen-for-2023-hela-dokumentet-prop.2022231-.pdf,reextract,,,24275000.0,44646000.0
Sweden,2024,Swedish Defence University: Research and doctoral education,science_agency,ok,,,,,,none,44646000.0,SEK,24275000.0,
Sweden,1998,Permanent research funding to Malmö University,higher_education,ok,,,,,,none,10200000.0,SEK,,
Sweden,2003,Radiation protection research,direct_rd,ok,,,,,,none,10000000.0,SEK,,
Sweden,2004,Proposed increased investment in marine environmental research,direct_rd,ok,,,,,,none,10000000.0,SEK,,
Sweden,2009,Increase in university research grants,higher_education,ok,,,,,,none,10000000.0,SEK,,
Sweden,2022,Operational support for bio-CCS,direct_rd,ok,,,,,,none,10000000.0,SEK,,
Sweden,1984,Contribution to Tele-X project,direct_rd,ok,,,,,,none,9900000.0,SEK,,
Sweden,1995,State Contribution to the Royal Swedish Academy of Engineering Sciences,higher_education,ok,,,,,,none,8200000.0,SEK,,
Sweden,1986,Seismological Multiple Station,direct_rd,ok,,,,,,none,5785000.0,SEK,,9380000.0
Sweden,1987,Seismological Multiple Station,direct_rd,missing,,"Year absent from raw_rows, but sweden_docx_results.csv already has extracted rows for this year. The missing agency likely reflects coverage/matching limits in the extracted results rather than an unparsed document.",no,,1987 prop_198687__100.pdf,reextract,,,5785000.0,9380000.0
Sweden,1988,Seismological Multiple Station,direct_rd,missing,,"Year absent from raw_rows, but sweden_docx_results.csv already has extracted rows for this year. The missing agency likely reflects coverage/matching limits in the extracted results rather than an unparsed document.",no,,1988 prop_198788__100.pdf,reextract,,,5785000.0,9380000.0
Sweden,1989,Seismological Multiple Station,direct_rd,missing,,"Year absent from raw_rows, but sweden_docx_results.csv already has extracted rows for this year. The missing agency likely reflects coverage/matching limits in the extracted results rather than an unparsed document.",no,,1989 prop_198889__100.pdf,reextract,,,5785000.0,9380000.0
Sweden,1990,Seismological Multiple Station,direct_rd,missing,,"Year absent from raw_rows, but sweden_docx_results.csv already has extracted rows for this year. The missing agency likely reflects coverage/matching limits in the extracted results rather than an unparsed document.",no,,1990 prop_198990__100.pdf,reextract,,,5785000.0,9380000.0
Sweden,1991,Seismological Multiple Station,direct_rd,ok,,,,,,none,9380000.0,SEK,5785000.0,
Sweden,2020,Grant for Geoscientific Research,direct_rd,ok,,,,,,none,5923000.0,SEK,,
Sweden,2018,Research for Geoscientific Basic and Applied Research,direct_rd,ok,,,,,,none,5923000.0,SEK,,
Sweden,2017,1:9 Geoscientific Research,direct_rd,ok,,,,,,none,5807000.0,SEK,,5923000.0
Sweden,2018,1:9 Geoscientific Research,direct_rd,missing,,"Year absent from raw_rows, but sweden_docx_results.csv already has extracted rows for this year. The missing agency likely reflects coverage/matching limits in the extracted results rather than an unparsed document.",no,,2018 budgetpropositionen-for-2018-hela-dokumentet-prop.-2017181.pdf,reextract,,,5807000.0,5923000.0
Sweden,2019,1:9 Geoscientific Research,direct_rd,missing,,"Year absent from raw_rows, but sweden_docx_results.csv already has extracted rows for this year. The missing agency likely reflects coverage/matching limits in the extracted results rather than an unparsed document.",no,,2019 budgetpropositionen-for-2019-hela-dokumentet-prop.-2018191.pdf,reextract,,,5807000.0,5923000.0
Sweden,2020,1:9 Geoscientific Research,direct_rd,missing,,"Year absent from raw_rows, but sweden_docx_results.csv already has extracted rows for this year. The missing agency likely reflects coverage/matching limits in the extracted results rather than an unparsed document.",no,,2020 budgetpropositionen-for-2020-hela-dokumentet-prop.-2019201.pdf,reextract,,,5807000.0,5923000.0
Sweden,2021,1:9 Geoscientific Research,direct_rd,missing,,"Year absent from raw_rows, but sweden_docx_results.csv already has extracted rows for this year. The missing agency likely reflects coverage/matching limits in the extracted results rather than an unparsed document.",no,,2021 hela-bp21-som-pdf.pdf,reextract,,,5807000.0,5923000.0
Sweden,2022,1:9 Geoscientific Research,direct_rd,ok,,,,,,none,5923000.0,SEK,5807000.0,5923000.0
Sweden,2023,1:9 Geoscientific Research,direct_rd,ok,,,,,,none,5923000.0,SEK,5923000.0,5923000.0
Sweden,2024,1:9 Geoscientific Research,direct_rd,ok,,,,,,none,5923000.0,SEK,5923000.0,
Sweden,2017,Funding for Geoscientific Research,direct_rd,ok,,,,,,none,5807000.0,SEK,,
Sweden,1993,Swedish Sports Research Centre,direct_rd,ok,,,,,,none,5000000.0,SEK,,5000000.0
Sweden,1994,Swedish Sports Research Centre,direct_rd,ok,,,,,,none,5000000.0,SEK,5000000.0,5000000.0
Sweden,1995,Swedish Sports Research Centre,direct_rd,ok,,,,,,none,5000000.0,SEK,5000000.0,
Sweden,1997,Swedish Geological Survey: Geoscientific Research,direct_rd,ok,,,,,,none,4860000.0,SEK,,4687000.0
Sweden,1998,Swedish Geological Survey: Geoscientific Research,direct_rd,ok,,,,,,none,4687000.0,SEK,4860000.0,
Sweden,1986,Research in Information Technology,direct_rd,ok,,,,,,none,4000000.0,SEK,,
Sweden,2019,Allocated Funds for Research and Innovation Projects,innovation_instruments,ok,,,,,,none,3200000.0,SEK,,
Sweden,1989,Research on the Use of Information Technology,direct_rd,ok,,,,,,none,2962000.0,SEK,,
Sweden,2009,Research Proposition,direct_rd,ok,,,,,,none,2039000.0,SEK,,
Sweden,2013,Investments within the Research and Innovation Proposition,direct_rd,ok,,,,,,none,1675000.0,SEK,,
Sweden,1995,"Funding for Education, Research, and Experimental Activities",direct_rd,ok,,,,,,none,1420657.0,SEK,,
Sweden,2010,Funding for Research and Doctoral Education to Higher Education Institutions,direct_rd,ok,,,,,,none,1066000.0,SEK,,
Sweden,1994,"Defense Research: Consideration of A-, B-, and C-Class Weapons, etc.",direct_rd,ok,,,,,,none,109234000000.0,SEK,,
Sweden,1991,"Research Council Board, Reservation Allocation",innovation_instruments,ok,,,,,,none,79606000000.0,SEK,,
Sweden,1991,Funds for the Institute's Authority Tasks and Certain Research Activities,direct_rd,ok,,,,,,none,32823000000.0,SEK,,
Sweden,1998,Research and Artistic Development at Certain Universities,higher_education,ok,,,,,,none,21211000000.0,SEK,,
Sweden,1994,Research to Support Disarmament and International Security,direct_rd,ok,,,,,,none,12259000000.0,SEK,,18711000000.0
Sweden,1995,Research to Support Disarmament and International Security,direct_rd,ok,,,,,,none,18711000000.0,SEK,12259000000.0,
Sweden,1998,10 Million SEK for the Technology and Natural Sciences Center Himmel och Hav,direct_rd,ok,,,,,,none,10000000000.0,SEK,,
Sweden,2023,Expenditure Area 21 Energy,direct_rd,ok,,,,,,none,4944849000.0,SEK,,6631297000.0
Sweden,2024,Expenditure Area 21 Energy,direct_rd,missing,,"Year absent from raw_rows, but sweden_docx_results.csv already has extracted rows for this year. The missing agency likely reflects coverage/matching limits in the extracted results rather than an unparsed document.",no,,2024 budgetpropositionen-for-2024-hela-dokumentet-prop.2023241.pdf,reextract,,,4944849000.0,6631297000.0
Sweden,2025,Expenditure Area 21 Energy,direct_rd,ok,,,,,,none,6631297000.0,SEK,4944849000.0,
Sweden,1995,Research Activities of Special Foreign and Security Policy Importance,direct_rd,ok,,,,,,none,5248000000.0,SEK,,
Sweden,1995,Swedish-American Research Exchange Board,direct_rd,ok,,,,,,none,3905000000.0,SEK,,
Sweden,1991,Research councils and similar,direct_rd,ok,,,,,,none,2865000000.0,SEK,,
Sweden,2024,Membership Fees to ERIC Consortia,innovation_instruments,ok,,,,,,none,2500000000.0,SEK,,
Sweden,2019,Membership Fee to ACTRIS-ERIC,innovation_instruments,ok,,,,,,none,2500000000.0,SEK,,2500000000.0
Sweden,2020,Membership Fee to ACTRIS-ERIC,innovation_instruments,ok,,,,,,none,2500000000.0,SEK,2500000000.0,2500000000.0
Sweden,2021,Membership Fee to ACTRIS-ERIC,innovation_instruments,ok,,,,,,none,2500000000.0,SEK,2500000000.0,
Sweden,2019,Membership Fee to CESSDA-ERIC,innovation_instruments,ok,,,,,,none,2500000000.0,SEK,,2500000000.0
Sweden,2020,Membership Fee to CESSDA-ERIC,innovation_instruments,ok,,,,,,none,2500000000.0,SEK,2500000000.0,2500000000.0
Sweden,2021,Membership Fee to CESSDA-ERIC,innovation_instruments,ok,,,,,,none,2500000000.0,SEK,2500000000.0,
Sweden,2019,Membership Fee to BBMRI-ERIC,innovation_instruments,ok,,,,,,none,2500000000.0,SEK,,2500000000.0
Sweden,2020,Membership Fee to BBMRI-ERIC,innovation_instruments,ok,,,,,,none,2500000000.0,SEK,2500000000.0,2500000000.0
Sweden,2021,Membership Fee to BBMRI-ERIC,innovation_instruments,ok,,,,,,none,2500000000.0,SEK,2500000000.0,
Sweden,1995,EISCAT 2,innovation_instruments,ok,,,,,,none,2100000000.0,SEK,,
Sweden,1984,"Equipment, reservation allocation",innovation_instruments,ok,,,,,,none,202000000.0,SEK,,33900000.0
Sweden,1985,"Equipment, reservation allocation",innovation_instruments,missing,,"Year absent from raw_rows, but sweden_docx_results.csv already has extracted rows for this year. The missing agency likely reflects coverage/matching limits in the extracted results rather than an unparsed document.",no,,1985 prop_198485__100.pdf,reextract,,,202000000.0,33900000.0
Sweden,1986,"Equipment, reservation allocation",innovation_instruments,missing,,"Year absent from raw_rows, but sweden_docx_results.csv already has extracted rows for this year. The missing agency likely reflects coverage/matching limits in the extracted results rather than an unparsed document.",no,,1986 prop_198586__100.pdf,reextract,,,202000000.0,33900000.0
Sweden,1987,"Equipment, reservation allocation",innovation_instruments,missing,,"Year absent from raw_rows, but sweden_docx_results.csv already has extracted rows for this year. The missing agency likely reflects coverage/matching limits in the extracted results rather than an unparsed document.",no,,1987 prop_198687__100.pdf,reextract,,,202000000.0,33900000.0
Sweden,1988,"Equipment, reservation allocation",innovation_instruments,ok,,,,,,none,33900000.0,SEK,202000000.0,97650000.0
Sweden,1989,"Equipment, reservation allocation",innovation_instruments,ok,,,,,,none,97650000.0,SEK,33900000.0,32000000.0
Sweden,1990,"Equipment, reservation allocation",innovation_instruments,ok,,,,,,none,32000000.0,SEK,97650000.0,10000000000.0
Sweden,1991,"Equipment, reservation allocation",innovation_instruments,outlier,,"Amount 10,000,000,000 outside expected range [-470,400,000 – 706,300,000] (IQR × 3.0) within SEK observations. Possible current/prior year confusion or unit error.",,,,verify,10000000000.0,SEK,32000000.0,
Sweden,2021,Grant for Research and Education at the Doctoral Level,higher_education,ok,,,,,,none,1684033000.0,SEK,,
Sweden,2018,Expenditures for Energy and Climate,direct_rd,ok,,,,,,none,1185000000.0,SEK,,
Sweden,2021,The Grant Can Be Used for Expenses to Support Research in Environmental and Community Building Areas,direct_rd,ok,,,,,,none,1088908000.0,SEK,,
Sweden,2010,"Government's Previous Investments in Research, Mainly in the Proposition A Boost for Research and Innovation",direct_rd,ok,,,,,,none,1000000000.0,SEK,,
Sweden,1992,Research Information Technical University of Stockholm,higher_education,ok,,,,,,none,770000000.0,SEK,,
Sweden,1984,Funding for OSD Project,direct_rd,ok,,,,,,none,710000000.0,SEK,,
Sweden,1985,Extra Professor in Biochemistry,higher_education,ok,,,,,,none,251000000.0,SEK,,
Sweden,2021,Appropriation for the Swedish Council for Higher Education,higher_education,ok,,,,,,none,243365000.0,SEK,,
Sweden,1984,Support for Industrial Development,innovation_instruments,ok,,,,,,none,210000000.0,SEK,,
Sweden,1998,"Halmstad University: Research and Doctoral Education, Block Grant",higher_education,ok,,,,,,none,127659000.0,SEK,,
Sweden,2018,Utilization of Research,innovation_instruments,ok,,,,,,none,101000000.0,SEK,,
Sweden,2017,"Sophiahemmet, Non-Profit Association - Research and Education",higher_education,ok,,,,,,none,81867000.0,SEK,,
Sweden,2017,Funding for Compensation to Universities for Research and Education at Doctoral Level,higher_education,ok,,,,,,none,92372000.0,SEK,,113742000.0
Sweden,2018,Funding for Compensation to Universities for Research and Education at Doctoral Level,higher_education,ok,,,,,,none,113742000.0,SEK,92372000.0,104401000.0
Sweden,2019,Funding for Compensation to Universities for Research and Education at Doctoral Level,higher_education,missing,,"Year absent from raw_rows, but sweden_docx_results.csv already has extracted rows for this year. The missing agency likely reflects coverage/matching limits in the extracted results rather than an unparsed document.",no,,2019 budgetpropositionen-for-2019-hela-dokumentet-prop.-2018191.pdf,reextract,,,113742000.0,104401000.0
Sweden,2020,Funding for Compensation to Universities for Research and Education at Doctoral Level,higher_education,ok,,,,,,none,104401000.0,SEK,113742000.0,93697000.0
Sweden,2021,Funding for Compensation to Universities for Research and Education at Doctoral Level,higher_education,missing,,"Year absent from raw_rows, but sweden_docx_results.csv already has extracted rows for this year. The missing agency likely reflects coverage/matching limits in the extracted results rather than an unparsed document.",no,,2021 hela-bp21-som-pdf.pdf,reextract,,,104401000.0,93697000.0
Sweden,2022,Funding for Compensation to Universities for Research and Education at Doctoral Level,higher_education,ok,,,,,,none,93697000.0,SEK,104401000.0,
Sweden,2024,Institute of Space Physics Management,science_agency,ok,,,,,,none,63553000.0,SEK,,
Sweden,2003,A More Entrepreneurial Sweden,innovation_instruments,ok,,,,,,none,50000000.0,SEK,,
Sweden,1998,Contribution to the Royal Swedish Academy of Sciences,science_agency,ok,,,,,,none,29835000.0,SEK,,
Sweden,2017,Investment in Innovative Business Ideas,innovation_instruments,ok,,,,,,none,20000000.0,SEK,,
Sweden,1994,International Cooperation on Nuclear Safety,direct_rd,ok,,,,,,none,19360000.0,SEK,,
Sweden,2019,Total Budget for Competition Research,direct_rd,ok,,,,,,none,13804000.0,SEK,,
Sweden,1994,Program for the forest industry sector,direct_rd,ok,,,,,,none,11000000.0,SEK,,
Sweden,1997,"Forest and Agricultural Research Council: Administrative costs, framework grants",direct_rd,ok,,,,,,none,10501000.0,SEK,,
Sweden,1998,Program for wood raw material-based industry,direct_rd,ok,,,,,,none,10000000.0,SEK,,
Sweden,1994,Expert Group for Research on Regional Development,direct_rd,ok,,,,,,none,6065000.0,SEK,,
Sweden,2024,Genetic Engineering Committee,innovation_instruments,ok,,,,,,none,4911000.0,SEK,,
Sweden,2018,Research and Documentation on Media Development,science_agency,ok,,,,,,none,3817000.0,SEK,,3434000.0
Sweden,2019,Research and Documentation on Media Development,science_agency,missing,,"Year absent from raw_rows, but sweden_docx_results.csv already has extracted rows for this year. The missing agency likely reflects coverage/matching limits in the extracted results rather than an unparsed document.",no,,2019 budgetpropositionen-for-2019-hela-dokumentet-prop.-2018191.pdf,reextract,,,3817000.0,3434000.0
Sweden,2020,Research and Documentation on Media Development,science_agency,missing,,"Year absent from raw_rows, but sweden_docx_results.csv already has extracted rows for this year. The missing agency likely reflects coverage/matching limits in the extracted results rather than an unparsed document.",no,,2020 budgetpropositionen-for-2020-hela-dokumentet-prop.-2019201.pdf,reextract,,,3817000.0,3434000.0
Sweden,2021,Research and Documentation on Media Development,science_agency,ok,,,,,,none,3434000.0,SEK,3817000.0,3471000.0
Sweden,2022,Research and Documentation on Media Development,science_agency,ok,,,,,,none,3471000.0,SEK,3434000.0,
Sweden,2020,Authorization for Membership in ERIC Consortium,innovation_instruments,ok,,,,,,none,6000000.0,SEK,,
Sweden,1994,Enhancement for Legal Research,direct_rd,ok,,,,,,none,2100000.0,SEK,,
Sweden,1993,Swedish Chemicals Agency,science_agency,ok,,,,,,none,1000000.0,SEK,,
